0,1,2,3,4,5,6,7,8,9,10,11,12,13,14,15,16,17,18,19,20,21,22,23,24,25,26,27,28,29,30,31,32,33,34,35,36,37,38,39,40,41,42,43,44,45,46,47,48,49,50,51,52,53,54,55,56,57,58,59,60,61,62,label
0.11665168404579163,0.40642350912094116,5.86089413445734e-07,0.19707420468330383,0.41717401146888733,-0.023872703313827515,0.2938423156738281,0.3817896842956543,-0.04008438065648079,0.3677213191986084,0.383105993270874,-0.05850919708609581,0.4276124835014343,0.39628541469573975,-0.07750452309846878,0.3211021423339844,0.18330006301403046,-0.009824160486459732,0.37379780411720276,0.08440646529197693,-0.03959907963871956,0.41582122445106506,0.05256494879722595,-0.06716643273830414,0.4581431746482849,0.04263894259929657,-0.08578098565340042,0.2876051962375641,0.15725943446159363,-0.020039532333612442,0.34217870235443115,0.05292932689189911,-0.04684489965438843,0.38891926407814026,0.02510935068130493,-0.07118622213602066,0.4352472424507141,0.025851920247077942,-0.08726425468921661,0.24781671166419983,0.14948150515556335,-0.03575420007109642,0.302383691072464,0.05034789443016052,-0.06122291088104248,0.3532440662384033,0.02619612216949463,-0.07547914236783981,0.4020596146583557,0.031250759959220886,-0.08309414982795715,0.2008964717388153,0.15794196724891663,-0.05507969483733177,0.24602098762989044,0.07924370467662811,-0.07561764121055603,0.2868902385234833,0.04768986999988556,-0.08234208822250366,0.32819968461990356,0.03820464015007019,-0.0851975753903389,C
0.2049361765384674,0.44366949796676636,4.798736767952505e-07,0.28683558106422424,0.4419936537742615,-0.015948917716741562,0.3771601915359497,0.395862340927124,-0.027780577540397644,0.45100414752960205,0.3892022371292114,-0.04335826262831688,0.5103640556335449,0.39085811376571655,-0.05914686992764473,0.3684065341949463,0.20200905203819275,0.0018911903025582433,0.4027918577194214,0.09612348675727844,-0.024973371997475624,0.4430646598339081,0.0605689138174057,-0.05032728239893913,0.4839918315410614,0.0497279018163681,-0.06753798574209213,0.3428035080432892,0.18345078825950623,-0.011069465428590775,0.3826068937778473,0.06783337891101837,-0.03678962215781212,0.43008682131767273,0.03962801396846771,-0.06102142482995987,0.47260674834251404,0.04460535943508148,-0.07667466998100281,0.31326669454574585,0.18118885159492493,-0.02927178516983986,0.3533939719200134,0.0663335770368576,-0.05330398678779602,0.40357354283332825,0.03733791410923004,-0.06888244301080704,0.44970762729644775,0.039143189787864685,-0.07742553949356079,0.28048714995384216,0.19569671154022217,-0.05046559497714043,0.31467196345329285,0.10974855720996857,-0.06950610876083374,0.3529692590236664,0.06715872883796692,-0.07816141098737717,0.39261847734451294,0.047780632972717285,-0.08303488790988922,C
0.24599264562129974,0.49115628004074097,4.315959358791588e-07,0.31973186135292053,0.4809097647666931,-0.010175035335123539,0.3989177346229553,0.4182124137878418,-0.015968352556228638,0.4654664993286133,0.3979555070400238,-0.026066672056913376,0.5186597108840942,0.3959457278251648,-0.036257848143577576,0.386432945728302,0.25797924399375916,0.008659876883029938,0.4271639585494995,0.17229850590229034,-0.012651867233216763,0.46663418412208557,0.14661423861980438,-0.032926611602306366,0.5041391253471375,0.13941800594329834,-0.0472603440284729,0.36192137002944946,0.2421530783176422,-0.004092241637408733,0.4071100950241089,0.1423020213842392,-0.02663426101207733,0.4535145163536072,0.12482127547264099,-0.04632112383842468,0.49462810158729553,0.1338861733675003,-0.058485180139541626,0.3331886827945709,0.24178007245063782,-0.02171972393989563,0.3757259249687195,0.13910895586013794,-0.04495809227228165,0.42615818977355957,0.11706344783306122,-0.05891294777393341,0.4721504747867584,0.12126852571964264,-0.0660431757569313,0.30241960287094116,0.2542639672756195,-0.04159451648592949,0.3414538502693176,0.1787268966436386,-0.06224798411130905,0.3823510408401489,0.14548999071121216,-0.07242898643016815,0.4233221709728241,0.132792130112648,-0.07820147275924683,C
0.22905701398849487,0.492453396320343,4.704091907115071e-07,0.2981211543083191,0.46203428506851196,-0.006522688083350658,0.3642086088657379,0.3883854150772095,-0.016109397634863853,0.42265015840530396,0.3529354929924011,-0.03117464855313301,0.47597038745880127,0.33738043904304504,-0.04605858027935028,0.3258665204048157,0.23416823148727417,0.004232608713209629,0.3454521894454956,0.13186535239219666,-0.02268792688846588,0.387211412191391,0.09868603944778442,-0.045853614807128906,0.4279383420944214,0.09277701377868652,-0.06060458719730377,0.3038790822029114,0.22847093641757965,-0.011715971864759922,0.32825514674186707,0.10650841891765594,-0.03872166946530342,0.3800165057182312,0.08177848160266876,-0.060564253479242325,0.42581379413604736,0.09426125884056091,-0.07304491102695465,0.28069961071014404,0.23795798420906067,-0.03188541904091835,0.30832916498184204,0.1172892302274704,-0.05810621380805969,0.36242419481277466,0.08919335901737213,-0.07383246719837189,0.4116007089614868,0.09071452915668488,-0.08140962570905685,0.2582355737686157,0.26274222135543823,-0.05348874628543854,0.2886695861816406,0.18237701058387756,-0.07539545744657516,0.3280443549156189,0.1436828076839447,-0.08615891635417938,0.3676978647708893,0.12529978156089783,-0.09161271899938583,C
0.18950708210468292,0.4936579465866089,3.5420620747572684e-07,0.25934720039367676,0.47998562455177307,-0.006857162807136774,0.33338043093681335,0.41226494312286377,-0.011169683188199997,0.39326155185699463,0.37961912155151367,-0.02015826851129532,0.4443661570549011,0.36813366413116455,-0.028163211420178413,0.31368550658226013,0.2506324350833893,0.014113937504589558,0.3396739065647125,0.15226197242736816,-0.004991019610315561,0.376687228679657,0.12226969003677368,-0.02421504631638527,0.4117067754268646,0.11901238560676575,-0.03668249770998955,0.2896583080291748,0.23818303644657135,0.0011327003594487906,0.31832003593444824,0.12443175911903381,-0.017824852839112282,0.36198046803474426,0.09923365712165833,-0.03588118776679039,0.40070822834968567,0.10965268313884735,-0.0464598648250103,0.26470714807510376,0.23955148458480835,-0.016380323097109795,0.2964576780796051,0.12770792841911316,-0.03560055419802666,0.34465357661247253,0.10047583281993866,-0.04813028872013092,0.38932543992996216,0.1044224202632904,-0.05426546186208725,0.24033518135547638,0.2547674775123596,-0.03586989641189575,0.2757300138473511,0.17769035696983337,-0.05284404382109642,0.3120175302028656,0.13971109688282013,-0.060649193823337555,0.34784820675849915,0.12411637604236603,-0.06427188962697983,C
0.1599188596010208,0.5032626390457153,3.9094177850529377e-07,0.2336428314447403,0.490600049495697,-0.0107304397970438,0.3142998218536377,0.42879006266593933,-0.017041686922311783,0.379431813955307,0.40838623046875,-0.027591019868850708,0.43262872099876404,0.40420717000961304,-0.03760739415884018,0.30365312099456787,0.2746906280517578,0.010621371679008007,0.3348861336708069,0.18438923358917236,-0.012569393962621689,0.372856467962265,0.15822862088680267,-0.03523176163434982,0.40975627303123474,0.15408273041248322,-0.05036597326397896,0.28059613704681396,0.2608131170272827,-0.0015807797899469733,0.32082244753837585,0.15903696417808533,-0.02588125504553318,0.36380937695503235,0.14235684275627136,-0.04708487540483475,0.4024388790130615,0.1538017839193344,-0.059036873281002045,0.25315994024276733,0.2598201334476471,-0.01881883293390274,0.29616841673851013,0.1593589335680008,-0.04232814162969589,0.3426114320755005,0.13996778428554535,-0.05557423084974289,0.3855586647987366,0.1467275321483612,-0.06134181469678879,0.22202706336975098,0.2721240222454071,-0.03846459835767746,0.26085972785949707,0.20239128172397614,-0.058144573122262955,0.2972678244113922,0.16927719116210938,-0.06675676256418228,0.3335472643375397,0.1549951583147049,-0.07067032903432846,C
0.15395595133304596,0.5173048973083496,4.384688736536191e-07,0.23136645555496216,0.5026769042015076,-0.010448730550706387,0.31053152680397034,0.45163774490356445,-0.019684674218297005,0.37674680352211,0.4418761432170868,-0.034567736089229584,0.43187424540519714,0.44555479288101196,-0.049294061958789825,0.3119312524795532,0.3036712408065796,0.015106813982129097,0.3496643006801605,0.2197859287261963,-0.008167526684701443,0.388643354177475,0.2019539624452591,-0.03222228214144707,0.42366403341293335,0.20779667794704437,-0.048127371817827225,0.2894395887851715,0.2863837778568268,0.0015728831058368087,0.33205446600914,0.18863718211650848,-0.02220102958381176,0.37743815779685974,0.17553500831127167,-0.04505199193954468,0.4147758185863495,0.1977255642414093,-0.058437153697013855,0.26108187437057495,0.28284117579460144,-0.01738041639328003,0.3040565550327301,0.1804867386817932,-0.039376240223646164,0.3514241874217987,0.1662314236164093,-0.05431187152862549,0.3940630257129669,0.18446016311645508,-0.06173214316368103,0.22958248853683472,0.2922664284706116,-0.03895021975040436,0.2678208351135254,0.2219088226556778,-0.05707446485757828,0.30698391795158386,0.19276079535484314,-0.06586826592683792,0.3452876806259155,0.187912717461586,-0.07014355808496475,C
0.06725545227527618,0.4453204572200775,4.5261845116328914e-07,0.1484682261943817,0.4402206242084503,-0.00834102276712656,0.2302597463130951,0.39452236890792847,-0.016147717833518982,0.29158028960227966,0.38768717646598816,-0.029910806566476822,0.34196949005126953,0.3844872713088989,-0.04359384998679161,0.24217873811721802,0.23787759244441986,0.014221389777958393,0.281396746635437,0.1501055359840393,-0.009020085446536541,0.31986624002456665,0.1261303573846817,-0.032051943242549896,0.35763388872146606,0.12344199419021606,-0.04784433916211128,0.21985659003257751,0.22302012145519257,-0.0009204622474499047,0.2639806270599365,0.12037873268127441,-0.024486545473337173,0.30940937995910645,0.10302616655826569,-0.04626898840069771,0.35009539127349854,0.11773990094661713,-0.0599549375474453,0.19078056514263153,0.22395168244838715,-0.021444229409098625,0.23857875168323517,0.1226101815700531,-0.04497479274868965,0.2862429618835449,0.10658319294452667,-0.05925097316503525,0.32902050018310547,0.12047094106674194,-0.06640289723873138,0.15573365986347198,0.23860876262187958,-0.044238485395908356,0.19700707495212555,0.1692514568567276,-0.06417553126811981,0.23535695672035217,0.1323469579219818,-0.0741216167807579,0.27119654417037964,0.11751635372638702,-0.07953748106956482,C
0.1041090339422226,0.4556536078453064,5.368929691940139e-07,0.18463349342346191,0.45471060276031494,-0.018628116697072983,0.2685900926589966,0.421566367149353,-0.03246563673019409,0.33257222175598145,0.4244454801082611,-0.0505186952650547,0.3884885609149933,0.4319455325603485,-0.06808411329984665,0.2766385078430176,0.24208402633666992,0.0098849106580019,0.3134826719760895,0.15601901710033417,-0.014105046167969704,0.35024744272232056,0.12880000472068787,-0.03904256597161293,0.3876463770866394,0.1254776418209076,-0.05582546815276146,0.2511841654777527,0.22224782407283783,-0.0008898703381419182,0.2965924143791199,0.12604431807994843,-0.024540850892663002,0.3380447030067444,0.10710605978965759,-0.04830192029476166,0.37588566541671753,0.12554627656936646,-0.06266196817159653,0.22017398476600647,0.21719521284103394,-0.017703711986541748,0.26595866680145264,0.12010149657726288,-0.040196869522333145,0.312503844499588,0.10143356025218964,-0.055708836764097214,0.35630321502685547,0.11839519441127777,-0.06332793086767197,0.1833793818950653,0.22677110135555267,-0.037868596613407135,0.2235240787267685,0.15493470430374146,-0.05593603476881981,0.2616530656814575,0.12320473790168762,-0.06415769457817078,0.299213707447052,0.11829203367233276,-0.06781303137540817,C
0.10254782438278198,0.4899841547012329,4.637038557575579e-07,0.1807771772146225,0.47795265913009644,-0.016318010166287422,0.2616976201534271,0.4311414659023285,-0.029516054317355156,0.32901614904403687,0.42609596252441406,-0.04676968604326248,0.38770291209220886,0.42865797877311707,-0.06390408426523209,0.2616565525531769,0.260770708322525,0.0033972500823438168,0.2952127754688263,0.16674946248531342,-0.023668646812438965,0.3323163688182831,0.13372310996055603,-0.048870544880628586,0.3711271286010742,0.12310799956321716,-0.06582111865282059,0.23700591921806335,0.24407818913459778,-0.008782542310655117,0.2766633927822113,0.13809967041015625,-0.03476604446768761,0.3211877942085266,0.1153557151556015,-0.057481031864881516,0.36272332072257996,0.12743276357650757,-0.07144644111394882,0.20586301386356354,0.24364160001277924,-0.026557108387351036,0.24709253013134003,0.13773491978645325,-0.05114554986357689,0.2959236204624176,0.11183127760887146,-0.0659586563706398,0.3426986038684845,0.11754943430423737,-0.07340099662542343,0.17003148794174194,0.2578808665275574,-0.047253381460905075,0.20468202233314514,0.18047378957271576,-0.06751111894845963,0.2429414689540863,0.1427789181470871,-0.07655657082796097,0.2820676267147064,0.12846194207668304,-0.08108372986316681,C
0.12128229439258575,0.5244805812835693,3.7502658756238816e-07,0.19810740649700165,0.5150944590568542,-0.014312682673335075,0.2834877073764801,0.46783146262168884,-0.02278846502304077,0.3500170409679413,0.46026504039764404,-0.03473368659615517,0.40239426493644714,0.46312636137008667,-0.04656865447759628,0.28501635789871216,0.29798561334609985,0.005703052971512079,0.31816959381103516,0.20493344962596893,-0.01866189017891884,0.3526631295681,0.17283038794994354,-0.042230453342199326,0.38911202549934387,0.16116087138652802,-0.058038756251335144,0.25880166888237,0.28336480259895325,-0.005519183352589607,0.2987504303455353,0.18335457146167755,-0.02925388514995575,0.3397403061389923,0.15943844616413116,-0.050056785345077515,0.38055482506752014,0.1623423993587494,-0.06264757364988327,0.22701923549175262,0.28298383951187134,-0.02205568738281727,0.2697645127773285,0.18505701422691345,-0.04563711956143379,0.3150806128978729,0.15890149772167206,-0.05914480984210968,0.3598555028438568,0.15970095992088318,-0.06543608754873276,0.19065773487091064,0.2955627739429474,-0.04137583076953888,0.2289910614490509,0.2218034416437149,-0.06105835363268852,0.2652871608734131,0.18575847148895264,-0.06902926415205002,0.3029141426086426,0.1704569309949875,-0.0725574791431427,C
0.1379610300064087,0.5179407596588135,4.4845728552900255e-07,0.21091505885124207,0.5193824172019958,-0.016361624002456665,0.29412132501602173,0.4839068353176117,-0.02750280871987343,0.35667815804481506,0.48363497853279114,-0.0413721464574337,0.4065724313259125,0.49212121963500977,-0.05570191890001297,0.3062056303024292,0.31096577644348145,-0.0019131640437990427,0.3446930944919586,0.22188620269298553,-0.026028424501419067,0.379492849111557,0.19044870138168335,-0.04910797253251076,0.4152814745903015,0.1787412315607071,-0.0648646429181099,0.27946752309799194,0.2943149209022522,-0.012325473129749298,0.3242753744125366,0.19972221553325653,-0.03510782867670059,0.36448124051094055,0.17779353260993958,-0.05559351667761803,0.40378695726394653,0.18308879435062408,-0.06851587444543839,0.2468436062335968,0.29246756434440613,-0.02743685245513916,0.2929164171218872,0.20043297111988068,-0.049905430525541306,0.33709749579429626,0.17652158439159393,-0.06335950642824173,0.3804750144481659,0.17851166427135468,-0.07036658376455307,0.20940439403057098,0.30441734194755554,-0.045277927070856094,0.25022852420806885,0.23679980635643005,-0.0647173672914505,0.2858361303806305,0.20614787936210632,-0.0724034309387207,0.32165780663490295,0.1951349377632141,-0.0759245827794075,C
0.15211141109466553,0.4698895215988159,3.860772039843141e-07,0.22447872161865234,0.4708597660064697,-0.013321549631655216,0.3071163594722748,0.4348386526107788,-0.0231271144002676,0.37022092938423157,0.4373713433742523,-0.036217015236616135,0.41881728172302246,0.4536304175853729,-0.04959568381309509,0.31734225153923035,0.27210602164268494,-0.0022108550183475018,0.3543408513069153,0.18165773153305054,-0.027160461992025375,0.39004164934158325,0.15391317009925842,-0.04963292181491852,0.4257991313934326,0.1483353078365326,-0.06460048258304596,0.2912345230579376,0.2572556734085083,-0.013702360913157463,0.3327174186706543,0.15828758478164673,-0.03770753741264343,0.3734545111656189,0.1396607607603073,-0.056693967431783676,0.41143739223480225,0.14964503049850464,-0.06803851574659348,0.26043078303337097,0.25730064511299133,-0.029787816107273102,0.303673654794693,0.16202908754348755,-0.0524434857070446,0.3477837145328522,0.13851529359817505,-0.06510421633720398,0.3894035220146179,0.1427762508392334,-0.0712539330124855,0.22576452791690826,0.2712826132774353,-0.04845016449689865,0.2626533806324005,0.20317471027374268,-0.0679006576538086,0.2971493601799011,0.1686767339706421,-0.0767122134566307,0.3306775391101837,0.15444044768810272,-0.08111311495304108,C
0.1618172973394394,0.43982043862342834,3.394615646357124e-07,0.2319183051586151,0.434339314699173,-0.009695855900645256,0.30514463782310486,0.38741201162338257,-0.019719358533620834,0.3646167516708374,0.37333017587661743,-0.03355119749903679,0.4149191081523895,0.3724026083946228,-0.04726969078183174,0.30267012119293213,0.23076042532920837,-0.0035611093044281006,0.3262750804424286,0.13004933297634125,-0.0293891541659832,0.3615424931049347,0.10303589701652527,-0.051375992596149445,0.3953119218349457,0.10107861459255219,-0.06540266424417496,0.2781468629837036,0.220495343208313,-0.017350587993860245,0.3050987720489502,0.10772806406021118,-0.043706264346838,0.347673237323761,0.08873194456100464,-0.06403239816427231,0.3831580877304077,0.10032258927822113,-0.07550595700740814,0.2515745460987091,0.2267380654811859,-0.03494977205991745,0.27997952699661255,0.119299978017807,-0.05866287648677826,0.32470521330833435,0.09782445430755615,-0.0713338553905487,0.36366987228393555,0.10416334867477417,-0.07694711536169052,0.22385789453983307,0.2500259578227997,-0.05450741946697235,0.24716201424598694,0.17301076650619507,-0.0738762766122818,0.2793128490447998,0.13567112386226654,-0.08250188082456589,0.31063276529312134,0.11874504387378693,-0.08658892661333084,C
0.20555901527404785,0.4167928695678711,3.391779443973064e-07,0.280840665102005,0.3997604250907898,-0.004032257478684187,0.34442785382270813,0.3510090708732605,-0.017053404822945595,0.4022345244884491,0.3354862928390503,-0.0354384183883667,0.4549691677093506,0.33611053228378296,-0.05466291680932045,0.332387775182724,0.21154579520225525,-0.011990467086434364,0.3387552797794342,0.1046442985534668,-0.04213416948914528,0.3746315836906433,0.07717397809028625,-0.06533357501029968,0.41235649585723877,0.07445870339870453,-0.07984516024589539,0.3116089105606079,0.20822857320308685,-0.03001401014626026,0.3214552700519562,0.08760830760002136,-0.05926988273859024,0.3679005801677704,0.0708112120628357,-0.07944147288799286,0.40638241171836853,0.08539046347141266,-0.09153852611780167,0.2885970175266266,0.220542311668396,-0.05079009383916855,0.29691392183303833,0.11100432276725769,-0.07644375413656235,0.3401317298412323,0.09375512599945068,-0.08919838070869446,0.37690579891204834,0.10159297287464142,-0.0957142636179924,0.26634088158607483,0.2500614821910858,-0.07277526706457138,0.2721274793148041,0.17065174877643585,-0.09303153306245804,0.29992222785949707,0.13625958561897278,-0.1021491065621376,0.3285110890865326,0.1178409606218338,-0.10736596584320068,C
0.24894565343856812,0.3974277675151825,3.1172024250736285e-07,0.31942734122276306,0.39516520500183105,-0.00433534849435091,0.384986937046051,0.3552798628807068,-0.015907039865851402,0.43990880250930786,0.3459917902946472,-0.03227950260043144,0.486286997795105,0.3491888642311096,-0.04945074021816254,0.38394978642463684,0.21109075844287872,-0.011828751303255558,0.40044689178466797,0.11144256591796875,-0.0393742136657238,0.436568945646286,0.09017312526702881,-0.06105024367570877,0.47198039293289185,0.09297192096710205,-0.07447977364063263,0.36428138613700867,0.2051098793745041,-0.027909114956855774,0.38546913862228394,0.09503354132175446,-0.05438539385795593,0.42887502908706665,0.08350671827793121,-0.07256714999675751,0.4643029272556305,0.09910528361797333,-0.08337897807359695,0.3414158225059509,0.21440160274505615,-0.046517014503479004,0.36571797728538513,0.11079944670200348,-0.069590263068676,0.40707680583000183,0.10009904205799103,-0.08031300455331802,0.4409731328487396,0.11243858933448792,-0.08545316755771637,0.3182480037212372,0.2398645281791687,-0.06632375717163086,0.33863744139671326,0.1665841042995453,-0.08352261781692505,0.36936599016189575,0.13492617011070251,-0.0902809277176857,0.39809030294418335,0.12055778503417969,-0.09388041496276855,C
0.316212922334671,0.3981938064098358,3.4720429198387137e-07,0.3839910924434662,0.4024406969547272,-0.006530591752380133,0.44802021980285645,0.37938350439071655,-0.019599171355366707,0.49958154559135437,0.3804783225059509,-0.03721119090914726,0.5449621081352234,0.38569319248199463,-0.05530679225921631,0.4634245038032532,0.23594462871551514,-0.010788840241730213,0.489668607711792,0.1429615467786789,-0.03959955275058746,0.5270698666572571,0.1318998783826828,-0.062474269419908524,0.559564471244812,0.14405229687690735,-0.07619334012269974,0.44427093863487244,0.22551541030406952,-0.0261454526335001,0.4758605659008026,0.12322837114334106,-0.05444444343447685,0.5197176933288574,0.12405195832252502,-0.07507949322462082,0.549547553062439,0.15109625458717346,-0.08687957376241684,0.41965609788894653,0.2281644642353058,-0.04435236379504204,0.45039620995521545,0.12849748134613037,-0.06814857572317123,0.4925888776779175,0.12881813943386078,-0.08080177009105682,0.5232114791870117,0.1525024026632309,-0.08680468797683716,0.3913804590702057,0.24735493957996368,-0.0638810396194458,0.41378477215766907,0.17915531992912292,-0.0818701833486557,0.446159303188324,0.1525614857673645,-0.0901157483458519,0.4739043712615967,0.14379416406154633,-0.0943361148238182,C
0.32159024477005005,0.42397263646125793,3.560770949206926e-07,0.3962783217430115,0.429307758808136,-0.008975050412118435,0.4629162549972534,0.4041835069656372,-0.02358199842274189,0.5191682577133179,0.4065098762512207,-0.04247882217168808,0.5681144595146179,0.4174867272377014,-0.06219636648893356,0.47363752126693726,0.26931828260421753,-0.014874477870762348,0.50482177734375,0.1824357807636261,-0.045447032898664474,0.5434251427650452,0.16671890020370483,-0.06971140950918198,0.5794808864593506,0.17285308241844177,-0.0850449800491333,0.4531736671924591,0.25764718651771545,-0.030248479917645454,0.48625537753105164,0.1563289910554886,-0.05815359205007553,0.5313625335693359,0.1465434730052948,-0.07765473425388336,0.5686414837837219,0.1610662192106247,-0.08984336256980896,0.42636218667030334,0.26118120551109314,-0.04893064126372337,0.4569699764251709,0.163670614361763,-0.07422525435686111,0.49931585788726807,0.15602494776248932,-0.08590973168611526,0.5346704721450806,0.16984106600284576,-0.09179501235485077,0.3959085941314697,0.2826385796070099,-0.06927737593650818,0.4148244559764862,0.21362005174160004,-0.08891287446022034,0.4433251917362213,0.18354645371437073,-0.0965728610754013,0.469626247882843,0.1688809096813202,-0.10078639537096024,C
0.3369251489639282,0.3817242980003357,3.3397307674931653e-07,0.3986242413520813,0.3928271532058716,-0.009091890417039394,0.4642402231693268,0.37652233242988586,-0.018622981384396553,0.5159592628479004,0.3899341821670532,-0.031947821378707886,0.5569512844085693,0.41226089000701904,-0.045417629182338715,0.48731493949890137,0.24784888327121735,0.001911331550218165,0.5254050493240356,0.17629140615463257,-0.020678548142313957,0.5625917911529541,0.158900186419487,-0.04121765121817589,0.5963255763053894,0.15965762734413147,-0.05475210025906563,0.4733540415763855,0.2341001331806183,-0.009897938929498196,0.5155574679374695,0.15651549398899078,-0.030708041042089462,0.5567272305488586,0.14709527790546417,-0.04812168329954147,0.5902019739151001,0.15805584192276,-0.05882946774363518,0.45344027876853943,0.23130883276462555,-0.02568790875375271,0.4957496225833893,0.1561221182346344,-0.04379101097583771,0.5364282727241516,0.14427942037582397,-0.05381167307496071,0.5701866745948792,0.15167969465255737,-0.05880403891205788,0.4284403920173645,0.2415594905614853,-0.04367557540535927,0.45821741223335266,0.18616598844528198,-0.05629166215658188,0.48890188336372375,0.1607004702091217,-0.06114093214273453,0.5168779492378235,0.14920571446418762,-0.06372503936290741,C
0.2853623628616333,0.4242270290851593,3.1549498658023367e-07,0.34653419256210327,0.44082167744636536,-0.010195176117122173,0.4154292643070221,0.4239470958709717,-0.020250260829925537,0.46954846382141113,0.43481922149658203,-0.033536143600940704,0.511780858039856,0.45369213819503784,-0.04686200991272926,0.4424671232700348,0.2927888333797455,-0.006489408668130636,0.48205387592315674,0.2146511971950531,-0.03146875277161598,0.5195077657699585,0.20769935846328735,-0.05238325148820877,0.5510544776916504,0.21934589743614197,-0.06573379039764404,0.42657336592674255,0.2785821259021759,-0.018039412796497345,0.4722837805747986,0.19636790454387665,-0.04151816666126251,0.5146551132202148,0.19679565727710724,-0.05912555754184723,0.5445969104766846,0.21640591323375702,-0.06955879181623459,0.4027481973171234,0.2755146324634552,-0.033222317695617676,0.45011603832244873,0.19437585771083832,-0.0542588047683239,0.4907098710536957,0.19361765682697296,-0.06469248980283737,0.5214523673057556,0.20961880683898926,-0.06959211081266403,0.37311679124832153,0.28494319319725037,-0.050353311002254486,0.4059511721134186,0.22841574251651764,-0.06712689250707626,0.4384237825870514,0.203553706407547,-0.07421460002660751,0.46613040566444397,0.19154109060764313,-0.0779598206281662,C
0.23757843673229218,0.4798816442489624,3.4502252788115584e-07,0.3021927773952484,0.48728883266448975,-0.009159213863313198,0.3678702116012573,0.4648628234863281,-0.020906515419483185,0.4209112524986267,0.47565093636512756,-0.0364619605243206,0.4651176333427429,0.4986931383609772,-0.052161410450935364,0.3863150179386139,0.32976531982421875,-0.004915052559226751,0.4268496036529541,0.2523379921913147,-0.03256704658269882,0.46677666902542114,0.24944554269313812,-0.0563676618039608,0.49994367361068726,0.2661364674568176,-0.07184208929538727,0.3698641061782837,0.31841811537742615,-0.018546007573604584,0.41642412543296814,0.23521915078163147,-0.04518520459532738,0.4622665047645569,0.23694483935832977,-0.06637535989284515,0.49509286880493164,0.25933048129081726,-0.07926009595394135,0.3457019627094269,0.317804217338562,-0.03598952665925026,0.3946113884449005,0.23384706676006317,-0.05949246883392334,0.4406561553478241,0.23316337168216705,-0.07341670989990234,0.47654229402542114,0.24992060661315918,-0.08066258579492569,0.31596115231513977,0.3308713436126709,-0.0551912784576416,0.35029172897338867,0.2763196527957916,-0.0738561674952507,0.3856514096260071,0.2521541118621826,-0.08353012055158615,0.41709282994270325,0.24080128967761993,-0.08928549289703369,C
0.2101936638355255,0.4925166368484497,3.9686136688033e-07,0.2761881947517395,0.4973663091659546,-0.01109982468187809,0.3458484411239624,0.4722806215286255,-0.024682071059942245,0.40158623456954956,0.4762975573539734,-0.041832756251096725,0.44627130031585693,0.49426332116127014,-0.05876215919852257,0.361926794052124,0.3309921622276306,-0.009328437969088554,0.40694332122802734,0.2521304786205292,-0.036893874406814575,0.44503018260002136,0.2560480833053589,-0.059972938150167465,0.4751746356487274,0.27725422382354736,-0.0750235766172409,0.34221312403678894,0.318891316652298,-0.022325268015265465,0.3953132927417755,0.2340804636478424,-0.050178300589323044,0.4398919939994812,0.2440290004014969,-0.0712052583694458,0.4692036509513855,0.27346834540367126,-0.08356460928916931,0.3153946101665497,0.31872665882110596,-0.03880554437637329,0.37044158577919006,0.2337598204612732,-0.06316570192575455,0.4168436527252197,0.24005408585071564,-0.07603034377098083,0.45131444931030273,0.2642791271209717,-0.08225195109844208,0.2830563187599182,0.3323056697845459,-0.057166796177625656,0.32300835847854614,0.27815407514572144,-0.07684294879436493,0.3616098165512085,0.25586748123168945,-0.08642381429672241,0.3949282467365265,0.2485733926296234,-0.09167738258838654,C
0.19228072464466095,0.5338039994239807,2.7813740643978235e-07,0.2633943259716034,0.5231472849845886,-0.008141138590872288,0.327823668718338,0.48124969005584717,-0.018152844160795212,0.3792838752269745,0.46709251403808594,-0.03247813880443573,0.419504314661026,0.46254241466522217,-0.04614383354783058,0.3209221661090851,0.33388155698776245,-0.006382456049323082,0.34337878227233887,0.2333468794822693,-0.03562506288290024,0.3812336325645447,0.22559241950511932,-0.05932366102933884,0.411172479391098,0.2448180764913559,-0.07319828122854233,0.29781287908554077,0.32889965176582336,-0.020001376047730446,0.3271256983280182,0.2202879786491394,-0.049971818923950195,0.3711739182472229,0.22075608372688293,-0.07166461646556854,0.401604026556015,0.25059545040130615,-0.08337876945734024,0.27178025245666504,0.3352474272251129,-0.037128422409296036,0.3016982078552246,0.2319348305463791,-0.06334204971790314,0.3445819318294525,0.22876086831092834,-0.07760681211948395,0.3771422207355499,0.25014352798461914,-0.08364169299602509,0.24251285195350647,0.3552400767803192,-0.055821146816015244,0.26889801025390625,0.2857489585876465,-0.07633079588413239,0.3009354770183563,0.2577747702598572,-0.08675640821456909,0.3288715183734894,0.24952353537082672,-0.09186052531003952,C
0.19136914610862732,0.6012940406799316,4.3998088017360715e-07,0.2576104402542114,0.582512617111206,-0.016886550933122635,0.3276979327201843,0.5413704514503479,-0.03335077315568924,0.3846970200538635,0.5324382781982422,-0.05252044275403023,0.4337219297885895,0.5321793556213379,-0.0724673718214035,0.32178592681884766,0.3937165439128876,-0.011657172814011574,0.35174626111984253,0.3031233251094818,-0.040189359337091446,0.3840894103050232,0.28893280029296875,-0.06569960713386536,0.41267263889312744,0.2980979084968567,-0.08138612657785416,0.2940588593482971,0.38580751419067383,-0.02150392346084118,0.3285948932170868,0.28764837980270386,-0.049092911183834076,0.36620771884918213,0.27636128664016724,-0.07305468618869781,0.39778706431388855,0.29542630910873413,-0.08739987760782242,0.2614402174949646,0.39095818996429443,-0.03510255739092827,0.2976837456226349,0.296271950006485,-0.059402868151664734,0.33704835176467896,0.280811607837677,-0.07498979568481445,0.3729909658432007,0.2926607131958008,-0.08288773894309998,0.2249603420495987,0.4092503786087036,-0.05087415874004364,0.258777379989624,0.34235161542892456,-0.07074090093374252,0.2912810742855072,0.31197553873062134,-0.0800192579627037,0.32245439291000366,0.30172550678253174,-0.08446953445672989,C
0.2112983614206314,0.5710858106613159,4.1196432221113355e-07,0.2752315402030945,0.5510581135749817,-0.012876393273472786,0.34229910373687744,0.5117543935775757,-0.027095744386315346,0.3943213224411011,0.502308189868927,-0.04414837807416916,0.43792080879211426,0.4969880282878876,-0.06141645461320877,0.3332572877407074,0.36497199535369873,-0.010687101632356644,0.3634133040904999,0.27414774894714355,-0.038797348737716675,0.39762941002845764,0.2583045959472656,-0.06259563565254211,0.42937490344047546,0.262427419424057,-0.07736435532569885,0.3093179166316986,0.35818567872047424,-0.02208082191646099,0.3468140959739685,0.26124319434165955,-0.05109085887670517,0.38735461235046387,0.2527574300765991,-0.07336720079183578,0.4201083183288574,0.2697840929031372,-0.08561354130506516,0.2806454300880432,0.3638705313205719,-0.036867279559373856,0.3195067048072815,0.26634347438812256,-0.061384741216897964,0.3624314069747925,0.25220856070518494,-0.07462414354085922,0.40045154094696045,0.2611018717288971,-0.08062560111284256,0.24775578081607819,0.38325467705726624,-0.05354062840342522,0.27740323543548584,0.3167947232723236,-0.07354767620563507,0.3089275360107422,0.2829245328903198,-0.08225364238023758,0.33961302042007446,0.26551467180252075,-0.08618175238370895,C
0.21889832615852356,0.5696378350257874,3.9566793930134736e-07,0.27966979146003723,0.5509546995162964,-0.012613674625754356,0.3437017500400543,0.5091649889945984,-0.025211988016963005,0.39674875140190125,0.5000001192092896,-0.04078333452343941,0.44039586186408997,0.49447357654571533,-0.05652610957622528,0.3344462811946869,0.3674023449420929,-0.0060152094811201096,0.3620810806751251,0.282460480928421,-0.031782373785972595,0.3952166438102722,0.26148438453674316,-0.05471916124224663,0.4278351366519928,0.2594635486602783,-0.06917332857847214,0.31274521350860596,0.3603687882423401,-0.01644018664956093,0.3451932370662689,0.2677420973777771,-0.041268978267908096,0.38276976346969604,0.25009411573410034,-0.062022317200899124,0.41667115688323975,0.25869810581207275,-0.07410664856433868,0.28692081570625305,0.3651224672794342,-0.030443914234638214,0.31958991289138794,0.272255003452301,-0.05195828154683113,0.3592739999294281,0.25080960988998413,-0.06434553116559982,0.39698681235313416,0.25395041704177856,-0.07011538743972778,0.25756803154945374,0.38296300172805786,-0.04649966210126877,0.2842544615268707,0.3169844150543213,-0.06379318982362747,0.3126388490200043,0.2829028069972992,-0.0708719864487648,0.34140753746032715,0.26717841625213623,-0.07371390610933304,C
0.21933147311210632,0.5670442581176758,3.658523723970575e-07,0.2800259590148926,0.5479452610015869,-0.011033281683921814,0.3426257371902466,0.5021102428436279,-0.02123444341123104,0.3934696912765503,0.48865172266960144,-0.034301966428756714,0.43468326330184937,0.48377174139022827,-0.04741181060671806,0.33241957426071167,0.35839879512786865,-0.0043045952916145325,0.3579103648662567,0.27424144744873047,-0.028809141367673874,0.3900626003742218,0.2522221505641937,-0.05033992975950241,0.4222046136856079,0.2480391263961792,-0.06403115391731262,0.3100975453853607,0.35204342007637024,-0.014869943261146545,0.3406960964202881,0.2605053186416626,-0.03886857256293297,0.37786489725112915,0.2438846379518509,-0.05803002044558525,0.41152510046958923,0.2516595423221588,-0.06903566420078278,0.28400149941444397,0.35749000310897827,-0.028966978192329407,0.31557756662368774,0.26688194274902344,-0.050073374062776566,0.3543432652950287,0.24546340107917786,-0.06146784499287605,0.39076346158981323,0.24720878899097443,-0.06663312017917633,0.25427955389022827,0.374837189912796,-0.0450458861887455,0.27960994839668274,0.30779433250427246,-0.06254258006811142,0.3082210123538971,0.2734820246696472,-0.06977847963571548,0.3375895917415619,0.2562093734741211,-0.0728878527879715,C
0.2126360684633255,0.578565239906311,3.852651389024686e-07,0.274832159280777,0.5598608255386353,-0.012361508794128895,0.33890435099601746,0.5092634558677673,-0.023153329268097878,0.3913096785545349,0.49175313115119934,-0.03667256608605385,0.4350946545600891,0.4859711825847626,-0.05036454647779465,0.32241493463516235,0.3668409585952759,-0.004696924705058336,0.348073273897171,0.281375527381897,-0.029454004019498825,0.3806731104850769,0.25770819187164307,-0.05120610445737839,0.41315412521362305,0.251608669757843,-0.06540682911872864,0.3002803325653076,0.36029988527297974,-0.015179567039012909,0.3318197727203369,0.26718324422836304,-0.040784288197755814,0.3714633584022522,0.2516571879386902,-0.06149231642484665,0.40721529722213745,0.25954824686050415,-0.07333073019981384,0.2739376723766327,0.365570604801178,-0.02931276522576809,0.3077876567840576,0.27218097448349,-0.052401911467313766,0.3489252030849457,0.25171148777008057,-0.06518309563398361,0.3874812126159668,0.25212544202804565,-0.07111814618110657,0.24375325441360474,0.38330984115600586,-0.04539019986987114,0.27040043473243713,0.31804972887039185,-0.06445682048797607,0.29882997274398804,0.2825893759727478,-0.07274824380874634,0.32774004340171814,0.2617851495742798,-0.07671385258436203,C
0.20642150938510895,0.5825667977333069,3.9547862229483144e-07,0.2702963948249817,0.5650585889816284,-0.013399902731180191,0.33588558435440063,0.514560341835022,-0.023692721500992775,0.38914233446121216,0.49609658122062683,-0.03678472712635994,0.4340194761753082,0.4885551929473877,-0.04993698000907898,0.31946924328804016,0.3726896047592163,-0.002935136202722788,0.3423907160758972,0.28612762689590454,-0.027776116505265236,0.3750944435596466,0.2625621557235718,-0.050263289362192154,0.4080548584461212,0.25813060998916626,-0.06467487663030624,0.29627323150634766,0.36526229977607727,-0.012604248709976673,0.32505738735198975,0.2723926305770874,-0.0376465730369091,0.36333751678466797,0.255753755569458,-0.05864996463060379,0.3992156386375427,0.26479047536849976,-0.07063823938369751,0.26987773180007935,0.36980974674224854,-0.02620617486536503,0.30109965801239014,0.2782788872718811,-0.04855941981077194,0.34040340781211853,0.2568013072013855,-0.06134815514087677,0.37847259640693665,0.259682834148407,-0.06709352880716324,0.23985829949378967,0.3860290050506592,-0.04199408367276192,0.26710328459739685,0.31954044103622437,-0.05974534526467323,0.29511594772338867,0.28474298119544983,-0.06714888662099838,0.32427874207496643,0.267270028591156,-0.07025440037250519,C
0.19993595778942108,0.5776422619819641,3.865903295263706e-07,0.26272881031036377,0.5602864623069763,-0.012159695848822594,0.32777854800224304,0.5101409554481506,-0.02205926552414894,0.3793787658214569,0.49125856161117554,-0.034768979996442795,0.4237557649612427,0.4852465093135834,-0.04748351871967316,0.31149402260780334,0.36659857630729675,-0.0026291050016880035,0.33379679918289185,0.2787558436393738,-0.026709681376814842,0.3664630651473999,0.255050390958786,-0.04820996895432472,0.3989677429199219,0.24929355084896088,-0.06195759400725365,0.2883462905883789,0.35997793078422546,-0.01266432274132967,0.31708839535713196,0.2663377821445465,-0.03731107339262962,0.3560001254081726,0.2506023645401001,-0.05747721344232559,0.39069631695747375,0.25867414474487305,-0.06880063563585281,0.26193663477897644,0.36495062708854675,-0.026425916701555252,0.29355666041374207,0.27350449562072754,-0.048576418310403824,0.33329451084136963,0.25204479694366455,-0.06078307330608368,0.36991241574287415,0.2523869574069977,-0.0661134198307991,0.23214593529701233,0.38213205337524414,-0.042195312678813934,0.2593592405319214,0.3160954415798187,-0.05976828187704086,0.28756651282310486,0.2816322445869446,-0.06685075163841248,0.3155152499675751,0.26246559619903564,-0.06980389356613159,C
0.19365143775939941,0.5823558568954468,3.707307598688203e-07,0.255634069442749,0.5666529536247253,-0.011336147785186768,0.32157328724861145,0.5126370787620544,-0.018913565203547478,0.3727911114692688,0.49187979102134705,-0.029302449896931648,0.41457730531692505,0.48572906851768494,-0.039577968418598175,0.3072955012321472,0.36724814772605896,-0.0001414733997080475,0.3302684426307678,0.28034910559654236,-0.022975338622927666,0.362334281206131,0.254899799823761,-0.04374512657523155,0.39433905482292175,0.24946987628936768,-0.05687045678496361,0.28339463472366333,0.35981014370918274,-0.009931917302310467,0.31232595443725586,0.26642680168151855,-0.03383059799671173,0.35018670558929443,0.24854014813899994,-0.053850725293159485,0.3858839273452759,0.25657323002815247,-0.06488349288702011,0.2568190395832062,0.36384403705596924,-0.023434601724147797,0.2869735658168793,0.27168378233909607,-0.045312173664569855,0.3264670968055725,0.2494513988494873,-0.0586153008043766,0.36477312445640564,0.2520290017127991,-0.06450682133436203,0.22712847590446472,0.37906041741371155,-0.03888936713337898,0.25480881333351135,0.31059253215789795,-0.057553086429834366,0.28402650356292725,0.27775171399116516,-0.06608317047357559,0.3145526349544525,0.26304513216018677,-0.06964433193206787,C
0.19705387949943542,0.5856986045837402,3.5123485986332525e-07,0.25869080424308777,0.5666707158088684,-0.010002417489886284,0.3230804204940796,0.5135886073112488,-0.018833503127098083,0.3756794333457947,0.49644535779953003,-0.03081895038485527,0.4199439287185669,0.4915127158164978,-0.043028756976127625,0.30774784088134766,0.3701837956905365,-0.003269747830927372,0.3306441903114319,0.2823142409324646,-0.027943026274442673,0.36401185393333435,0.2596709430217743,-0.04943333938717842,0.39667922258377075,0.2587924599647522,-0.06275267153978348,0.28447023034095764,0.36472010612487793,-0.013961231335997581,0.31204351782798767,0.2675565183162689,-0.03890196979045868,0.35077616572380066,0.2505827844142914,-0.05877283960580826,0.38569551706314087,0.2610403299331665,-0.06978519260883331,0.2585427761077881,0.3715314269065857,-0.028106775134801865,0.2877967953681946,0.2744002342224121,-0.05076855048537254,0.32769739627838135,0.25249409675598145,-0.06384018063545227,0.3653047978878021,0.2556125521659851,-0.06951296329498291,0.23037855327129364,0.39049240946769714,-0.043959327042102814,0.25817424058914185,0.3210289478302002,-0.06368513405323029,0.28909263014793396,0.2851528525352478,-0.07306653261184692,0.32028666138648987,0.26814979314804077,-0.0772005096077919,C
0.1951371729373932,0.5824795365333557,3.6855840335192624e-07,0.257170170545578,0.5635187029838562,-0.008082461543381214,0.3219897150993347,0.5127807855606079,-0.01586800068616867,0.3733450472354889,0.4946776032447815,-0.027265090495347977,0.41733893752098083,0.488100528717041,-0.038438551127910614,0.3068128228187561,0.3734323978424072,0.001270253211259842,0.33017784357070923,0.28611570596694946,-0.021821672096848488,0.3638039827346802,0.2609797716140747,-0.04216248542070389,0.3974337875843048,0.2562482953071594,-0.05512199178338051,0.2852324843406677,0.3671359419822693,-0.010645460337400436,0.314601868391037,0.26974809169769287,-0.03500198945403099,0.3547973334789276,0.25294721126556396,-0.054372839629650116,0.39122870564460754,0.2621789276599884,-0.06499509513378143,0.2607734203338623,0.3721928894519806,-0.02609740011394024,0.2926962971687317,0.2760128378868103,-0.04872377589344978,0.3345840871334076,0.2563541531562805,-0.061060693114995956,0.3734695315361023,0.26076841354370117,-0.06610274314880371,0.23440808057785034,0.3892001211643219,-0.04317198321223259,0.26481664180755615,0.32218676805496216,-0.06223422661423683,0.2963833510875702,0.28907036781311035,-0.0706842839717865,0.3269602954387665,0.27346181869506836,-0.07420316338539124,C
0.19790813326835632,0.5806813836097717,3.9107672478166933e-07,0.25850051641464233,0.5634005069732666,-0.008954476565122604,0.32311150431632996,0.5098987817764282,-0.015759853646159172,0.3745121955871582,0.49175044894218445,-0.02594134211540222,0.4184173047542572,0.48642754554748535,-0.03569796681404114,0.3093951940536499,0.3711429834365845,0.005111025646328926,0.3347887396812439,0.28998637199401855,-0.015041092410683632,0.36642324924468994,0.2621331810951233,-0.033879175782203674,0.3987138271331787,0.251986026763916,-0.04641690477728844,0.28666365146636963,0.3636903762817383,-0.0058361864648759365,0.3174319267272949,0.2720709443092346,-0.02691112458705902,0.3567846119403839,0.2526906728744507,-0.04439874365925789,0.39373505115509033,0.2562718093395233,-0.054263874888420105,0.2612007260322571,0.36872074007987976,-0.020696010440587997,0.2946651577949524,0.2778792977333069,-0.0419352725148201,0.3365922272205353,0.2551097869873047,-0.05333808436989784,0.3764183223247528,0.25325334072113037,-0.05804317444562912,0.234417125582695,0.38623127341270447,-0.037354156374931335,0.2669879198074341,0.32250359654426575,-0.055436309427022934,0.2985357344150543,0.29109659790992737,-0.0627429336309433,0.3289484679698944,0.2749446928501129,-0.0656968429684639,C
0.19719867408275604,0.5845741629600525,4.1580955212339177e-07,0.25842636823654175,0.5683678984642029,-0.008093204349279404,0.32191064953804016,0.5150880217552185,-0.013849780894815922,0.3734559416770935,0.4949382245540619,-0.023294661194086075,0.41745510697364807,0.4873652458190918,-0.03183727711439133,0.307076632976532,0.378044456243515,0.010490288957953453,0.3333689868450165,0.29816102981567383,-0.007649131119251251,0.36679738759994507,0.2710718810558319,-0.025707874447107315,0.4002123475074768,0.2610762119293213,-0.0375555120408535,0.2862469255924225,0.36943933367729187,-0.00021528566139750183,0.31679651141166687,0.27894362807273865,-0.017839817330241203,0.3571550250053406,0.25614452362060547,-0.03372711315751076,0.39627379179000854,0.25630128383636475,-0.043174367398023605,0.2632485628128052,0.37228333950042725,-0.015160489827394485,0.2979572117328644,0.28383398056030273,-0.03402503579854965,0.34164097905158997,0.26035046577453613,-0.04499594867229462,0.3835145831108093,0.2590075731277466,-0.049748245626688004,0.23972460627555847,0.3858093321323395,-0.03199944272637367,0.2758238613605499,0.32273581624031067,-0.04833235219120979,0.3101241886615753,0.2947615385055542,-0.05480041354894638,0.34350305795669556,0.28322768211364746,-0.05716707929968834,C
0.19577601552009583,0.5827629566192627,3.8391908674384467e-07,0.258149117231369,0.5636856555938721,-0.007910738699138165,0.3227701783180237,0.5121293663978577,-0.014668378047645092,0.373530775308609,0.4928898513317108,-0.025000497698783875,0.41646263003349304,0.48695868253707886,-0.034983132034540176,0.30772966146469116,0.37739479541778564,0.00478077307343483,0.33335116505622864,0.2960355579853058,-0.01643737033009529,0.3661176562309265,0.26849591732025146,-0.035532400012016296,0.3993804156780243,0.2584303021430969,-0.04806114360690117,0.28633901476860046,0.37018758058547974,-0.0066910856403410435,0.31798624992370605,0.278597354888916,-0.02856380306184292,0.3582055866718292,0.25858354568481445,-0.04609174653887749,0.3958929181098938,0.2607934772968292,-0.0560416616499424,0.2618347108364105,0.374825119972229,-0.02203722484409809,0.2974151372909546,0.28611722588539124,-0.04406818374991417,0.34101468324661255,0.2632093131542206,-0.055918674916028976,0.38216733932495117,0.259843111038208,-0.06098925694823265,0.2354276180267334,0.3913830518722534,-0.038992032408714294,0.26908883452415466,0.32989996671676636,-0.057561978697776794,0.3016512989997864,0.2989846467971802,-0.06547963619232178,0.332937628030777,0.2821440100669861,-0.06900275498628616,C
0.19725272059440613,0.5782076120376587,4.365992936072871e-07,0.2568621039390564,0.5622281432151794,-0.011125331744551659,0.3213845193386078,0.5108433961868286,-0.01915561966598034,0.3729121685028076,0.4918583631515503,-0.0301375612616539,0.41701871156692505,0.4865298569202423,-0.04072246327996254,0.3096078038215637,0.37590786814689636,0.002563697285950184,0.33572590351104736,0.2964688241481781,-0.018457524478435516,0.36794328689575195,0.2674008905887604,-0.0380137637257576,0.40101566910743713,0.2558283805847168,-0.050940606743097305,0.2869774401187897,0.36793220043182373,-0.007451529614627361,0.31804412603378296,0.27872729301452637,-0.028559237718582153,0.35750332474708557,0.2571171522140503,-0.04617162048816681,0.39602571725845337,0.25773265957832336,-0.05647441744804382,0.2612122893333435,0.3722548186779022,-0.021489232778549194,0.295624703168869,0.2849712371826172,-0.042970091104507446,0.3364529013633728,0.261266827583313,-0.0542079359292984,0.3763945400714874,0.2576748728752136,-0.05896413326263428,0.23375147581100464,0.3885148763656616,-0.03750813007354736,0.268243670463562,0.328259140253067,-0.055307719856500626,0.2994110882282257,0.2979459762573242,-0.06200261786580086,0.32969796657562256,0.28200554847717285,-0.06460006535053253,C
0.19965961575508118,0.5801726579666138,3.6747917420143494e-07,0.2596763074398041,0.5604150891304016,-0.007407300174236298,0.3230803906917572,0.5029534101486206,-0.013802324421703815,0.37524163722991943,0.48000288009643555,-0.024098213762044907,0.4196898937225342,0.47337302565574646,-0.03368385508656502,0.30565741658210754,0.37232962250709534,0.00788862258195877,0.3305276930332184,0.2917223572731018,-0.012217646464705467,0.36536914110183716,0.2710110545158386,-0.031138457357883453,0.398328959941864,0.2681671977043152,-0.04335698112845421,0.2852877080440521,0.3654976189136505,-0.0034129901323467493,0.31515955924987793,0.2726033926010132,-0.02418685518205166,0.3564285933971405,0.25771278142929077,-0.040960196405649185,0.393459677696228,0.26621776819229126,-0.0502651184797287,0.2627142667770386,0.36970895528793335,-0.018779782578349113,0.2977240979671478,0.27730658650398254,-0.03959471359848976,0.34322112798690796,0.25814202427864075,-0.05055651068687439,0.3853164613246918,0.26079413294792175,-0.05494503304362297,0.23926889896392822,0.3850598633289337,-0.03587077558040619,0.2749568223953247,0.32184550166130066,-0.053617220371961594,0.310793936252594,0.29319608211517334,-0.06111440435051918,0.3451571762561798,0.2811567187309265,-0.06419678777456284,C
0.19734041392803192,0.5797127485275269,3.896350335708121e-07,0.25806257128715515,0.5606895685195923,-0.007605525199323893,0.32465824484825134,0.4997762143611908,-0.01367329340428114,0.38036906719207764,0.47444045543670654,-0.02373715676367283,0.426461786031723,0.4667895436286926,-0.03319861739873886,0.30446359515190125,0.37280380725860596,0.007786609698086977,0.33361533284187317,0.29470691084861755,-0.012458020821213722,0.3706480860710144,0.27731257677078247,-0.031601689755916595,0.4044678807258606,0.2782588005065918,-0.04400917887687683,0.283420205116272,0.3648170232772827,-0.00371926580555737,0.31687667965888977,0.2730097770690918,-0.02480936236679554,0.36010944843292236,0.26117950677871704,-0.04227307811379433,0.3980411887168884,0.2739684581756592,-0.05197422578930855,0.2600744962692261,0.369068443775177,-0.019261810928583145,0.2984272837638855,0.2806379199028015,-0.040326233953237534,0.34601911902427673,0.26475948095321655,-0.05175582692027092,0.3893783688545227,0.27024009823799133,-0.056569360196590424,0.23595526814460754,0.38472142815589905,-0.036538541316986084,0.2736809253692627,0.32349371910095215,-0.05452195554971695,0.31030452251434326,0.2964969277381897,-0.06226314604282379,0.34513425827026367,0.2852824330329895,-0.06561640650033951,C
0.19569522142410278,0.583162784576416,3.791664937580208e-07,0.2590574622154236,0.5581997632980347,-0.0066205235198140144,0.3227919638156891,0.494221955537796,-0.011066244915127754,0.3774675130844116,0.466183066368103,-0.019707418978214264,0.4228805899620056,0.45756787061691284,-0.027907369658350945,0.30534985661506653,0.3796217739582062,0.009922257624566555,0.3379012942314148,0.30536115169525146,-0.009868273511528969,0.3739544451236725,0.286141037940979,-0.02841440960764885,0.4069727659225464,0.2829974293708801,-0.0406288281083107,0.28378716111183167,0.3701297342777252,-0.0014875534689053893,0.32043594121932983,0.28295403718948364,-0.023083200678229332,0.3626508414745331,0.271090567111969,-0.04057202488183975,0.40033602714538574,0.28132927417755127,-0.05003402382135391,0.2591798007488251,0.37275752425193787,-0.016992518678307533,0.29961562156677246,0.2899295687675476,-0.038884613662958145,0.34621647000312805,0.2735137939453125,-0.05100703239440918,0.38905125856399536,0.2769692540168762,-0.056024108082056046,0.23285627365112305,0.3853258192539215,-0.034096427261829376,0.2713980972766876,0.3277626633644104,-0.05277485027909279,0.3069666624069214,0.301655113697052,-0.06131446734070778,0.34158647060394287,0.28967803716659546,-0.06521338224411011,C
0.19904100894927979,0.5821475982666016,3.8306194483084255e-07,0.259250283241272,0.5585452318191528,-0.006912915036082268,0.323068767786026,0.49560901522636414,-0.012412837706506252,0.37675219774246216,0.4702022075653076,-0.02179422602057457,0.4214470386505127,0.4644101858139038,-0.030426405370235443,0.3050648868083954,0.37743592262268066,0.006481444463133812,0.33596470952033997,0.2992774248123169,-0.013916374184191227,0.3719624876976013,0.28390705585479736,-0.03224174678325653,0.40438681840896606,0.2861926853656769,-0.04390214756131172,0.28299903869628906,0.36955952644348145,-0.004860945511609316,0.31885620951652527,0.2812182903289795,-0.026291340589523315,0.3613077998161316,0.27160394191741943,-0.04273461177945137,0.39772048592567444,0.28497952222824097,-0.05145324766635895,0.2582174837589264,0.3734872341156006,-0.020126424729824066,0.2981296479701996,0.28844666481018066,-0.04125671088695526,0.3446035087108612,0.2745921015739441,-0.052006881684064865,0.38644862174987793,0.28116634488105774,-0.056294701993465424,0.23171180486679077,0.3879675269126892,-0.03702661395072937,0.26813527941703796,0.32988280057907104,-0.05548754706978798,0.3037773668766022,0.3041379153728485,-0.0634893849492073,0.3379822075366974,0.29342252016067505,-0.06694040447473526,C
0.19694575667381287,0.5799680352210999,3.8384578715522366e-07,0.2568483352661133,0.560783863067627,-0.009786371141672134,0.32163047790527344,0.5033014416694641,-0.016584567725658417,0.37576040625572205,0.4820765554904938,-0.02668377012014389,0.42110490798950195,0.4790903627872467,-0.036280229687690735,0.3065588176250458,0.37617889046669006,0.005217415746301413,0.33368194103240967,0.29698264598846436,-0.014529702253639698,0.366024911403656,0.27440229058265686,-0.032913800328969955,0.3976714611053467,0.26867595314979553,-0.04500671103596687,0.2846755087375641,0.36803680658340454,-0.004687891807407141,0.316131591796875,0.2780606746673584,-0.025412166491150856,0.3544968366622925,0.262098491191864,-0.042401064187288284,0.38997113704681396,0.2684163451194763,-0.0518261156976223,0.25957190990448,0.37133002281188965,-0.018628522753715515,0.29547303915023804,0.2833022475242615,-0.039723627269268036,0.33788830041885376,0.26271510124206543,-0.05140680447220802,0.37794119119644165,0.26229381561279297,-0.05631123483181,0.23267027735710144,0.3857877254486084,-0.03439437970519066,0.26764965057373047,0.3256441354751587,-0.05214375630021095,0.29998284578323364,0.2974204123020172,-0.05976374074816704,0.33150506019592285,0.2833818793296814,-0.0630735382437706,C
0.19869521260261536,0.5802115201950073,4.0759383068689203e-07,0.256801962852478,0.5605613589286804,-0.011660496704280376,0.3222302198410034,0.5068628787994385,-0.020647535100579262,0.3770716190338135,0.49105802178382874,-0.032475512474775314,0.4235624670982361,0.4917454123497009,-0.04400162771344185,0.307670533657074,0.3752654790878296,-0.0009293461334891617,0.32811424136161804,0.2885586619377136,-0.02289862185716629,0.3582981824874878,0.25594958662986755,-0.04233153164386749,0.3903621733188629,0.24277719855308533,-0.055048342794179916,0.285333514213562,0.3683348298072815,-0.010919571854174137,0.3109756112098694,0.2735380232334137,-0.03251943364739418,0.34778761863708496,0.24812209606170654,-0.049140315502882004,0.38466793298721313,0.2464308738708496,-0.05865013599395752,0.2601040303707123,0.3735567629337311,-0.024947937577962875,0.291507750749588,0.2809431552886963,-0.04633461683988571,0.3311033248901367,0.25317713618278503,-0.057061243802309036,0.370543897151947,0.246851846575737,-0.06148121505975723,0.23361141979694366,0.3911761939525604,-0.04102841764688492,0.26575031876564026,0.32752570509910583,-0.05870210751891136,0.2953576445579529,0.29346537590026855,-0.06550469994544983,0.3243080973625183,0.2736857533454895,-0.06821351498365402,C
0.20038621127605438,0.5783456563949585,4.6207892978600285e-07,0.25936564803123474,0.5641824007034302,-0.01571260392665863,0.3281373977661133,0.517844021320343,-0.027804328128695488,0.38491201400756836,0.5125575661659241,-0.04210924357175827,0.4320230782032013,0.5185757279396057,-0.056410305202007294,0.3133492171764374,0.3729405999183655,-0.004084404557943344,0.3332497477531433,0.2889258861541748,-0.025543678551912308,0.35956650972366333,0.25175535678863525,-0.045164983719587326,0.3898986577987671,0.23126649856567383,-0.05881103500723839,0.2895543575286865,0.3643510937690735,-0.012911745347082615,0.3148321211338043,0.27228373289108276,-0.03356858715415001,0.3489573001861572,0.24293828010559082,-0.05066051334142685,0.38503313064575195,0.2365266978740692,-0.06125907972455025,0.26331526041030884,0.3694462180137634,-0.025953644886612892,0.2933405041694641,0.2781449854373932,-0.04601334035396576,0.3301238417625427,0.24633502960205078,-0.0566767156124115,0.3685232102870941,0.23441393673419952,-0.06175798177719116,0.23598706722259521,0.38886088132858276,-0.04154834896326065,0.2655225992202759,0.32488617300987244,-0.057925038039684296,0.29287615418434143,0.28873997926712036,-0.06421861052513123,0.32119569182395935,0.2656879425048828,-0.06711330264806747,C
0.1997481882572174,0.58058762550354,4.324800784161198e-07,0.261038601398468,0.5657117366790771,-0.014669069088995457,0.32976284623146057,0.526155412197113,-0.026648297905921936,0.3857574462890625,0.5252166390419006,-0.04092114791274071,0.43108606338500977,0.5316256880760193,-0.055237263441085815,0.3136916756629944,0.3781309127807617,-0.003355303080752492,0.33256232738494873,0.29141783714294434,-0.02489354833960533,0.35818368196487427,0.2545963525772095,-0.04411741718649864,0.387823224067688,0.23444290459156036,-0.05727282911539078,0.2907755970954895,0.37049436569213867,-0.01245705783367157,0.3152009844779968,0.2774085998535156,-0.03303030505776405,0.349062442779541,0.24646496772766113,-0.05014098063111305,0.383989155292511,0.23766624927520752,-0.06095238775014877,0.2652360200881958,0.3756958842277527,-0.025789598003029823,0.29417404532432556,0.2841147780418396,-0.0457383468747139,0.33087778091430664,0.25101184844970703,-0.05732554942369461,0.36769166588783264,0.2373119741678238,-0.06322059780359268,0.23799392580986023,0.3943836987018585,-0.04147631302475929,0.2642406225204468,0.33021530508995056,-0.05832428112626076,0.29177427291870117,0.29418182373046875,-0.06584002077579498,0.3201872408390045,0.27017420530319214,-0.06973741948604584,C
0.20102757215499878,0.5868926644325256,3.9658917216911505e-07,0.26363757252693176,0.5702166557312012,-0.012160755693912506,0.33059990406036377,0.5300159454345703,-0.022973762825131416,0.3847992718219757,0.5262098908424377,-0.03622344136238098,0.42911022901535034,0.5311906933784485,-0.04993075504899025,0.3154159486293793,0.3862157166004181,-0.005011068191379309,0.334922194480896,0.2993370592594147,-0.02636699378490448,0.3613271713256836,0.2630940079689026,-0.044731028378009796,0.3908458948135376,0.242990642786026,-0.05710763484239578,0.29211461544036865,0.38002341985702515,-0.015181225724518299,0.3169999420642853,0.2862366735935211,-0.0355176106095314,0.3513560891151428,0.2553187310695648,-0.0514654666185379,0.3852120339870453,0.24644722044467926,-0.06154049560427666,0.26583462953567505,0.38613393902778625,-0.02912600338459015,0.29579833149909973,0.2944163680076599,-0.048864785581827164,0.33219441771507263,0.25927671790122986,-0.0597800575196743,0.36789804697036743,0.2429095357656479,-0.0653872862458229,0.23790886998176575,0.40493619441986084,-0.045083366334438324,0.2645242214202881,0.33909109234809875,-0.06229610741138458,0.2927478551864624,0.30176451802253723,-0.06970582902431488,0.3210998773574829,0.2767423987388611,-0.07353680580854416,C
0.19797101616859436,0.5864590406417847,4.064800691594428e-07,0.25813066959381104,0.5705500245094299,-0.014331228099763393,0.3266405463218689,0.5235038995742798,-0.025943240150809288,0.3818132281303406,0.5112966299057007,-0.04001067206263542,0.42730969190597534,0.512514054775238,-0.054135579615831375,0.31529712677001953,0.38198745250701904,-0.005677554756402969,0.33668211102485657,0.2960132360458374,-0.029608648270368576,0.36659708619117737,0.2689661383628845,-0.05110349878668785,0.3987716734409332,0.26110443472862244,-0.06510745733976364,0.2914431393146515,0.3749386668205261,-0.015090555883944035,0.31872880458831787,0.28115904331207275,-0.03814556077122688,0.3537149131298065,0.2591977119445801,-0.056833792477846146,0.3885064125061035,0.2629096508026123,-0.06768880784511566,0.2649342119693756,0.38088592886924744,-0.028344621881842613,0.2952769696712494,0.2882835865020752,-0.04891752079129219,0.3322712182998657,0.26112526655197144,-0.05955196171998978,0.37000900506973267,0.25719863176345825,-0.06415323913097382,0.2364521026611328,0.4005547761917114,-0.044002775102853775,0.2656653821468353,0.3340275287628174,-0.06011766940355301,0.29413390159606934,0.2968868613243103,-0.06609218567609787,0.3233559727668762,0.27634984254837036,-0.0683676153421402,C
0.19998003542423248,0.5909246802330017,4.3041114849984297e-07,0.2615853250026703,0.5693308115005493,-0.011956085450947285,0.328032523393631,0.5208780169487,-0.02449542097747326,0.383964866399765,0.5087000727653503,-0.04029850661754608,0.4311727285385132,0.5100951194763184,-0.05597944185137749,0.31271710991859436,0.386604905128479,-0.00670697120949626,0.3364304304122925,0.2963135838508606,-0.03255947306752205,0.3713320791721344,0.28031623363494873,-0.05448925122618675,0.4040299952030182,0.2837488651275635,-0.06827126443386078,0.2891733944416046,0.38116148114204407,-0.017566513270139694,0.3192886412143707,0.2824594974517822,-0.04393269121646881,0.36087772250175476,0.2723929286003113,-0.06355585157871246,0.3952789306640625,0.28831514716148376,-0.07432391494512558,0.2621920704841614,0.3868272602558136,-0.03202381730079651,0.297193318605423,0.2903987169265747,-0.05516856908798218,0.34065189957618713,0.27623194456100464,-0.0664125382900238,0.3790106773376465,0.2841184735298157,-0.07082730531692505,0.2331678420305252,0.40489059686660767,-0.048522017896175385,0.26639196276664734,0.3412814140319824,-0.06717734783887863,0.30126017332077026,0.310939222574234,-0.07501537352800369,0.33395394682884216,0.2963762879371643,-0.07825638353824615,C
0.19942155480384827,0.5902931690216064,3.677456561490544e-07,0.26156190037727356,0.5678306221961975,-0.007361688185483217,0.3263561725616455,0.513939619064331,-0.016011202707886696,0.3802068829536438,0.49646952748298645,-0.028406158089637756,0.4259010851383209,0.49646586179733276,-0.04071798175573349,0.30927401781082153,0.38632068037986755,-0.0027320166118443012,0.33230048418045044,0.2978624701499939,-0.027082767337560654,0.36826834082603455,0.2820669412612915,-0.04730072617530823,0.40053796768188477,0.28578925132751465,-0.06004967913031578,0.28623661398887634,0.38146156072616577,-0.014889322221279144,0.31584760546684265,0.2809237241744995,-0.04072299227118492,0.3591241240501404,0.27403467893600464,-0.05922407656908035,0.39325717091560364,0.291054904460907,-0.06914567947387695,0.25987619161605835,0.38765379786491394,-0.030332718044519424,0.2952222228050232,0.2910478115081787,-0.05424106866121292,0.3393450379371643,0.28025272488594055,-0.06558159738779068,0.3760536313056946,0.2889252305030823,-0.0700073093175888,0.23142056167125702,0.404901921749115,-0.047214727848768234,0.26385191082954407,0.34304559230804443,-0.06802176684141159,0.2992902994155884,0.31375980377197266,-0.07769142091274261,0.3317644000053406,0.2981709837913513,-0.08224929124116898,C
0.19764789938926697,0.5836637616157532,3.734182030257216e-07,0.2586537003517151,0.5616461634635925,-0.008697029203176498,0.3208167552947998,0.5042518973350525,-0.016603214666247368,0.3736953139305115,0.4834468960762024,-0.028339989483356476,0.4193516969680786,0.4785144329071045,-0.03962235152721405,0.3069261312484741,0.37574729323387146,0.003116662846878171,0.3328424096107483,0.2926715016365051,-0.01981237158179283,0.36788585782051086,0.2780512571334839,-0.04061850532889366,0.39979279041290283,0.28334230184555054,-0.05371958389878273,0.2843269109725952,0.3683992326259613,-0.007750759832561016,0.3156510591506958,0.2753088176250458,-0.031568508595228195,0.3565295338630676,0.26735761761665344,-0.0507006011903286,0.39122021198272705,0.2850787341594696,-0.06108340248465538,0.2588450014591217,0.3720565140247345,-0.022392068058252335,0.2937563955783844,0.28095319867134094,-0.044542521238327026,0.33680763840675354,0.2675771415233612,-0.05668669193983078,0.3752506971359253,0.2775503396987915,-0.06161493808031082,0.23120668530464172,0.3863024115562439,-0.0387980081140995,0.2653191387653351,0.3246161937713623,-0.0577487088739872,0.2999943792819977,0.2971310615539551,-0.06649691611528397,0.33308082818984985,0.2869150638580322,-0.070207379758358,C
0.19743576645851135,0.6003132462501526,3.621186124291853e-07,0.25718942284584045,0.58018958568573,-0.010220760479569435,0.32121121883392334,0.5218408107757568,-0.01749742403626442,0.37548816204071045,0.5013921856880188,-0.028143692761659622,0.4200419485569,0.49886876344680786,-0.038783978670835495,0.3088834285736084,0.3919355571269989,0.002453457796946168,0.3368743658065796,0.3121917247772217,-0.019576700404286385,0.3695738613605499,0.2936224639415741,-0.03991403058171272,0.4007420837879181,0.29478728771209717,-0.05292503535747528,0.28595614433288574,0.3854919672012329,-0.007590983062982559,0.31913116574287415,0.29712897539138794,-0.030533095821738243,0.35719558596611023,0.2835131287574768,-0.049645181745290756,0.39200353622436523,0.29449811577796936,-0.06030687689781189,0.259669691324234,0.38991567492485046,-0.021542591974139214,0.29462480545043945,0.3010692000389099,-0.04343997314572334,0.3356207609176636,0.2820333242416382,-0.05626823380589485,0.3743053376674652,0.2866319417953491,-0.06185934692621231,0.23047849535942078,0.40449845790863037,-0.03737696632742882,0.26326984167099,0.34046217799186707,-0.05649488419294357,0.2964400053024292,0.30979275703430176,-0.06554452329874039,0.3296697437763214,0.2973085045814514,-0.06961855292320251,C
0.19829869270324707,0.5937854051589966,3.9886475633466034e-07,0.2580094039440155,0.5733790397644043,-0.010610153898596764,0.32123062014579773,0.5180006623268127,-0.019331295043230057,0.37380099296569824,0.4978533983230591,-0.03150419145822525,0.4191882312297821,0.49336162209510803,-0.043350495398044586,0.30613335967063904,0.3865542709827423,0.002564128255471587,0.33315178751945496,0.30533310770988464,-0.01964597776532173,0.3658299148082733,0.2883736491203308,-0.04022996872663498,0.39714643359184265,0.2914292514324188,-0.053343553096055984,0.28299766778945923,0.3796992301940918,-0.007703279610723257,0.3147687315940857,0.2915762662887573,-0.030552981421351433,0.35316210985183716,0.27925121784210205,-0.04988938942551613,0.3880762755870819,0.29181888699531555,-0.06076183170080185,0.257233202457428,0.3838419020175934,-0.021864810958504677,0.2910385727882385,0.295096755027771,-0.04299606382846832,0.33213797211647034,0.2781035304069519,-0.05488145723938942,0.3708006739616394,0.28483080863952637,-0.05994134396314621,0.22979241609573364,0.39946791529655457,-0.0380585715174675,0.26242852210998535,0.3367539644241333,-0.05550314486026764,0.29451701045036316,0.30736827850341797,-0.06297926604747772,0.3259013593196869,0.29567137360572815,-0.06602786481380463,C
0.1961842030286789,0.5915745496749878,3.588982906421734e-07,0.2557159662246704,0.5711681842803955,-0.009348412975668907,0.3192075788974762,0.5129975080490112,-0.015755997970700264,0.3728141784667969,0.4937378168106079,-0.02559575065970421,0.41749876737594604,0.49083268642425537,-0.03528553247451782,0.30713024735450745,0.38518789410591125,0.0044364468194544315,0.3345891833305359,0.3062317967414856,-0.017031129449605942,0.3671666085720062,0.28603875637054443,-0.03697776421904564,0.3988339304924011,0.28493717312812805,-0.04975038766860962,0.2847347557544708,0.3782384395599365,-0.005953633226454258,0.3175046145915985,0.2913721203804016,-0.028038399294018745,0.35563620924949646,0.27664893865585327,-0.04647711664438248,0.39141619205474854,0.28523051738739014,-0.05678587406873703,0.2588534653186798,0.381563663482666,-0.020353345200419426,0.29400554299354553,0.29443782567977905,-0.04187699034810066,0.33544594049453735,0.2741791307926178,-0.05455359071493149,0.37535029649734497,0.2768189311027527,-0.06003938615322113,0.23031052947044373,0.3947969377040863,-0.0365939624607563,0.26338493824005127,0.33173123002052307,-0.0554564967751503,0.29630929231643677,0.3018345236778259,-0.06422330439090729,0.3293135464191437,0.28973954916000366,-0.06807336211204529,C
0.19829604029655457,0.5961519479751587,3.972531033014093e-07,0.2554970979690552,0.5791535973548889,-0.01165104378014803,0.3228951096534729,0.5208755731582642,-0.01907888613641262,0.37861037254333496,0.5030328035354614,-0.02921891398727894,0.42404115200042725,0.5028260350227356,-0.03922617807984352,0.30876314640045166,0.38891172409057617,0.00032879403443075716,0.334727019071579,0.30918142199516296,-0.021145327016711235,0.3667796552181244,0.2824724316596985,-0.040708027780056,0.39968377351760864,0.2736072540283203,-0.05357377231121063,0.2857779264450073,0.38154125213623047,-0.00893760658800602,0.31842339038848877,0.2941169738769531,-0.03028419427573681,0.3562220335006714,0.2735409140586853,-0.047545939683914185,0.39319199323654175,0.2746902108192444,-0.05739584192633629,0.25972309708595276,0.3861163556575775,-0.022162439301609993,0.2945512533187866,0.299640953540802,-0.043268658220767975,0.3348141014575958,0.27558547258377075,-0.054464731365442276,0.37435635924339294,0.2719411849975586,-0.05919262021780014,0.2314731478691101,0.4018941819667816,-0.03745828941464424,0.26462844014167786,0.3392404615879059,-0.055578894913196564,0.2962334156036377,0.3081681728363037,-0.06307157129049301,0.32828235626220703,0.29192742705345154,-0.0661734938621521,C
0.19882026314735413,0.5969198942184448,4.6468301206914475e-07,0.25716331601142883,0.5794128775596619,-0.014654894359409809,0.3246801793575287,0.5255357623100281,-0.024961119517683983,0.3821857273578644,0.5114878416061401,-0.0376451201736927,0.4293939173221588,0.5140852928161621,-0.050462525337934494,0.30902424454689026,0.3932267427444458,-0.0023909956216812134,0.33480075001716614,0.31246960163116455,-0.025295261293649673,0.36591342091560364,0.27904099225997925,-0.04615604504942894,0.39841794967651367,0.2621910870075226,-0.060029055923223495,0.28641432523727417,0.38557565212249756,-0.011232661083340645,0.3167438805103302,0.29921746253967285,-0.03272925689816475,0.3544931411743164,0.2722209393978119,-0.05030110478401184,0.39257144927978516,0.2661449909210205,-0.060873378068208694,0.2601509392261505,0.390674352645874,-0.02438797987997532,0.29372677206993103,0.3045976161956787,-0.04503404349088669,0.3323386013507843,0.2753055691719055,-0.055415257811546326,0.3712070882320404,0.2656744718551636,-0.060056574642658234,0.23180261254310608,0.40799832344055176,-0.04004010558128357,0.2620304524898529,0.3455757200717926,-0.05669013038277626,0.29174861311912537,0.3129555583000183,-0.06255298107862473,0.32217544317245483,0.29368263483047485,-0.06486795097589493,C
0.19597366452217102,0.5931899547576904,4.404662661272596e-07,0.2557699680328369,0.5746673941612244,-0.014849615283310413,0.32229745388031006,0.5233026146888733,-0.026541126891970634,0.3789231479167938,0.508773684501648,-0.0402957908809185,0.42593351006507874,0.5099452137947083,-0.05444334074854851,0.31096211075782776,0.3904328942298889,-0.008173195645213127,0.3367817997932434,0.30561918020248413,-0.032577939331531525,0.3670121729373932,0.2720566391944885,-0.05345327407121658,0.3988904356956482,0.25392845273017883,-0.06738215684890747,0.2872715890407562,0.38477516174316406,-0.017621740698814392,0.31886357069015503,0.2961256504058838,-0.04035484790802002,0.3553991913795471,0.26828837394714355,-0.05768787860870361,0.39210590720176697,0.25925445556640625,-0.06847928464412689,0.25949782133102417,0.3914870619773865,-0.03113534115254879,0.29476499557495117,0.3045092225074768,-0.052833110094070435,0.3326358199119568,0.27224209904670715,-0.06327905505895615,0.3704875409603119,0.2579094171524048,-0.06832508742809296,0.22922857105731964,0.4098104238510132,-0.04698046296834946,0.2601078152656555,0.34591954946517944,-0.06465914100408554,0.28994524478912354,0.3110800087451935,-0.07109680771827698,0.32027822732925415,0.2880990505218506,-0.07412969321012497,C
0.19694501161575317,0.581839919090271,4.2813292111532064e-07,0.25954264402389526,0.5599722266197205,-0.014313556253910065,0.3264209032058716,0.5106915831565857,-0.025261951610445976,0.38293617963790894,0.49788227677345276,-0.03856121748685837,0.43096551299095154,0.5004733204841614,-0.052078183740377426,0.3095279037952423,0.37477219104766846,-0.003409820841625333,0.32956406474113464,0.29112905263900757,-0.02626151777803898,0.3558748960494995,0.2538091540336609,-0.04632828012108803,0.38623082637786865,0.23108284175395966,-0.060120511800050735,0.2850988507270813,0.3687624931335449,-0.013167663477361202,0.30999985337257385,0.28028833866119385,-0.03440115228295326,0.3430754840373993,0.24749600887298584,-0.05117984116077423,0.37939319014549255,0.23219887912273407,-0.06215796619653702,0.25776803493499756,0.3757219910621643,-0.027399474754929543,0.2871287763118744,0.2894400358200073,-0.048658546060323715,0.32159343361854553,0.25305044651031494,-0.059699174016714096,0.35792773962020874,0.23404447734355927,-0.06542513519525528,0.22883005440235138,0.3949376344680786,-0.0440203882753849,0.25562912225723267,0.3314591646194458,-0.061246421188116074,0.2819741666316986,0.2948857545852661,-0.06823098659515381,0.3102051913738251,0.26911431550979614,-0.0720544382929802,C
0.20022033154964447,0.5961876511573792,4.3945178163085075e-07,0.2630547881126404,0.5775628685951233,-0.014440158382058144,0.32960084080696106,0.5316435098648071,-0.026039963588118553,0.38631072640419006,0.5244733095169067,-0.03976740688085556,0.4324599504470825,0.5268694758415222,-0.054134588688611984,0.3112737238407135,0.3862267732620239,-0.006205651443451643,0.3313100337982178,0.30029457807540894,-0.0280621238052845,0.3577260673046112,0.261836439371109,-0.04712846875190735,0.38714537024497986,0.23803387582302094,-0.06027591973543167,0.28758007287979126,0.38163506984710693,-0.015494542196393013,0.3120448887348175,0.2911192774772644,-0.035460274666547775,0.3471962809562683,0.25658556818962097,-0.05168943479657173,0.3835980296134949,0.24059538543224335,-0.06263905018568039,0.26023808121681213,0.3894217908382416,-0.028884993866086006,0.28925850987434387,0.3008042275905609,-0.04950172081589699,0.3258908987045288,0.2639852464199066,-0.060660723596811295,0.3627181351184845,0.2438579946756363,-0.06657659262418747,0.2306150645017624,0.4091011881828308,-0.04448195546865463,0.25823166966438293,0.3438485860824585,-0.06211921572685242,0.28760966658592224,0.3076785206794739,-0.06920532137155533,0.317874938249588,0.2825581133365631,-0.07290922850370407,C
0.19658663868904114,0.5884082317352295,4.541017801784619e-07,0.26111453771591187,0.5670506358146667,-0.015171078965067863,0.32987886667251587,0.5219783186912537,-0.028946569189429283,0.38763976097106934,0.5167734622955322,-0.04517964646220207,0.4367479383945465,0.5210509896278381,-0.061949070543050766,0.3150741755962372,0.3788197636604309,-0.005083859898149967,0.33383888006210327,0.2921651601791382,-0.027198052033782005,0.3578588664531708,0.25316888093948364,-0.04698832333087921,0.3866795599460602,0.2280871570110321,-0.06097788363695145,0.29070374369621277,0.37253764271736145,-0.015071915462613106,0.31461310386657715,0.28176388144493103,-0.03530186787247658,0.3477948307991028,0.2486598789691925,-0.05214980989694595,0.3831055462360382,0.23422183096408844,-0.06357139348983765,0.2624259293079376,0.37974077463150024,-0.02942628040909767,0.29120612144470215,0.2907101511955261,-0.04940463975071907,0.3267832100391388,0.2547801733016968,-0.06059275567531586,0.3630256950855255,0.23500317335128784,-0.06693288683891296,0.2324216514825821,0.4010695219039917,-0.046181511133909225,0.2587660253047943,0.33649560809135437,-0.062414608895778656,0.28613755106925964,0.3005416989326477,-0.06892595440149307,0.31406712532043457,0.274142324924469,-0.07267232239246368,C
0.1992509365081787,0.5898607969284058,4.5119455194253533e-07,0.26414158940315247,0.5683314800262451,-0.014696663245558739,0.33100563287734985,0.523542046546936,-0.02872730977833271,0.3872833549976349,0.5187861919403076,-0.045188602060079575,0.43471652269363403,0.5216275453567505,-0.06242106482386589,0.3154034912586212,0.3781813383102417,-0.009172403253614902,0.3351150453090668,0.28944116830825806,-0.03346724435687065,0.3606452941894531,0.251181423664093,-0.054271407425403595,0.39099639654159546,0.22735433280467987,-0.06881102174520493,0.2908898890018463,0.37389761209487915,-0.020203692838549614,0.31475773453712463,0.2797175347805023,-0.04248093068599701,0.3489573299884796,0.24673989415168762,-0.060158662497997284,0.3852770924568176,0.2330274134874344,-0.07229948788881302,0.2623457908630371,0.3839903175830841,-0.035373371094465256,0.2911992371082306,0.29391494393348694,-0.05729854851961136,0.3264749050140381,0.2571004033088684,-0.06901472806930542,0.3624429404735565,0.23681823909282684,-0.07581541687250137,0.23146772384643555,0.4078356623649597,-0.05280210077762604,0.2570217251777649,0.341760516166687,-0.07123418897390366,0.28493791818618774,0.3048665523529053,-0.07871092110872269,0.31379157304763794,0.2775646448135376,-0.0831567645072937,C
0.19651754200458527,0.5938307046890259,4.4830699152953457e-07,0.26165997982025146,0.5740686058998108,-0.01535145565867424,0.32962456345558167,0.529353678226471,-0.028330713510513306,0.38659241795539856,0.5209449529647827,-0.04398698732256889,0.43526867032051086,0.5186491012573242,-0.05990659072995186,0.3149007260799408,0.3846209943294525,-0.002451140433549881,0.33553263545036316,0.2976992726325989,-0.02532845549285412,0.36126530170440674,0.25936418771743774,-0.046308793127536774,0.39126473665237427,0.23544834554195404,-0.061129964888095856,0.290820449590683,0.37705573439598083,-0.012602634727954865,0.3156989812850952,0.284851610660553,-0.0339614674448967,0.35054832696914673,0.2519020736217499,-0.05261183902621269,0.3878050446510315,0.23854392766952515,-0.06529711931943893,0.2629041373729706,0.3832557499408722,-0.02738853357732296,0.29288822412490845,0.2924337089061737,-0.049048468470573425,0.32987603545188904,0.25794094800949097,-0.061868827790021896,0.3674652576446533,0.24144044518470764,-0.0691002607345581,0.23313266038894653,0.40331029891967773,-0.044586390256881714,0.2607402503490448,0.33886033296585083,-0.06271032989025116,0.2883983850479126,0.30199483036994934,-0.07094887644052505,0.3167321979999542,0.27540019154548645,-0.07577833533287048,C
0.1970997154712677,0.5975829362869263,4.3776370262094133e-07,0.26258695125579834,0.5759803652763367,-0.014302157796919346,0.32921120524406433,0.5317587852478027,-0.02724406123161316,0.3843691945075989,0.5206045508384705,-0.042708076536655426,0.43165624141693115,0.5171775221824646,-0.058394864201545715,0.3164576292037964,0.3899802565574646,-0.004895281977951527,0.33654075860977173,0.3023943305015564,-0.02748328074812889,0.3614632189273834,0.2637796103954315,-0.04736516997218132,0.39095449447631836,0.23875953257083893,-0.06124204769730568,0.2914823889732361,0.38381969928741455,-0.015480520203709602,0.3163420259952545,0.2921338677406311,-0.03672650083899498,0.35007649660110474,0.25821205973625183,-0.05399061739444733,0.3863523006439209,0.24342457950115204,-0.06562799215316772,0.26289016008377075,0.39103493094444275,-0.0303583312779665,0.2929004728794098,0.30333641171455383,-0.051548365503549576,0.3284488022327423,0.2661705017089844,-0.06274602562189102,0.3651098906993866,0.24650605022907257,-0.06885240972042084,0.2323843538761139,0.4115259349346161,-0.04752290993928909,0.26110783219337463,0.34631142020225525,-0.0647406056523323,0.28979286551475525,0.30926835536956787,-0.07146477699279785,0.31934115290641785,0.2824246883392334,-0.0751539096236229,C
0.19936132431030273,0.5857674479484558,4.596741121076775e-07,0.26084139943122864,0.5639235377311707,-0.015463351272046566,0.32635051012039185,0.5148559212684631,-0.028874129056930542,0.38313135504722595,0.5019106864929199,-0.04455794021487236,0.4325205385684967,0.5026372075080872,-0.060244735330343246,0.3150426149368286,0.37737101316452026,-0.006503252778202295,0.3359729051589966,0.2889041304588318,-0.030034320428967476,0.3639931380748749,0.25242483615875244,-0.05056809261441231,0.39473262429237366,0.23224987089633942,-0.06456109136343002,0.29115259647369385,0.3701595962047577,-0.0163255762308836,0.31690719723701477,0.27483344078063965,-0.03842031955718994,0.3535941541194916,0.2448582649230957,-0.05545233190059662,0.3905789852142334,0.23682747781276703,-0.06623006612062454,0.26350563764572144,0.37724462151527405,-0.0305140670388937,0.2951864004135132,0.2845355272293091,-0.051941365003585815,0.3344677686691284,0.2522578835487366,-0.06268765777349472,0.3739301860332489,0.23895378410816193,-0.06826471537351608,0.23364906013011932,0.39853447675704956,-0.047089457511901855,0.2613130509853363,0.3353099226951599,-0.06470835208892822,0.29125088453292847,0.30117958784103394,-0.07148103415966034,0.32158899307250977,0.27754002809524536,-0.07495279610157013,C
0.19109103083610535,0.5990390181541443,4.253130612141831e-07,0.2509319484233856,0.5767112374305725,-0.01425612810999155,0.3169245719909668,0.5207321643829346,-0.02508929930627346,0.37526604533195496,0.5037454962730408,-0.038292448967695236,0.4225224256515503,0.5027253031730652,-0.051471542567014694,0.29751622676849365,0.3879428207874298,-0.005595208145678043,0.3168540596961975,0.30032628774642944,-0.03001471981406212,0.3489733040332794,0.27103540301322937,-0.05095156282186508,0.3821781277656555,0.2604596018791199,-0.06433068960905075,0.27408352494239807,0.3830717206001282,-0.014661930501461029,0.2995176911354065,0.2874094545841217,-0.03801020234823227,0.33798307180404663,0.26220905780792236,-0.055778875946998596,0.3743222951889038,0.260375052690506,-0.0660763531923294,0.24775010347366333,0.39091551303863525,-0.027860961854457855,0.27877089381217957,0.29883235692977905,-0.05011744797229767,0.3194606900215149,0.27091604471206665,-0.06109678000211716,0.35847485065460205,0.2630862593650818,-0.06560654938220978,0.219082772731781,0.41099342703819275,-0.04329695925116539,0.2483496367931366,0.3448196053504944,-0.0613742396235466,0.28048786520957947,0.3096427023410797,-0.06852269172668457,0.3127760589122772,0.2880975604057312,-0.07149769365787506,C
0.19164341688156128,0.5945020318031311,4.345538400229998e-07,0.25292494893074036,0.5705728530883789,-0.013044554740190506,0.3184247314929962,0.5126057863235474,-0.022602295503020287,0.3766595423221588,0.4927588999271393,-0.035193685442209244,0.42504650354385376,0.4890972673892975,-0.04759924113750458,0.2990557551383972,0.3828551471233368,0.003412725171074271,0.3224278390407562,0.30198800563812256,-0.01771596260368824,0.3532140851020813,0.27276796102523804,-0.03786688297986984,0.38518083095550537,0.2596132457256317,-0.0514180064201355,0.27713754773139954,0.3757934868335724,-0.005981568247079849,0.3054511547088623,0.2845754027366638,-0.02684161067008972,0.34255871176719666,0.2598887085914612,-0.04467202350497246,0.3790839612483978,0.2570924758911133,-0.055380914360284805,0.25187772512435913,0.3804158568382263,-0.019863955676555634,0.28467851877212524,0.28955844044685364,-0.04085885360836983,0.32548704743385315,0.2633740305900574,-0.05239370837807655,0.36550775170326233,0.25730520486831665,-0.05753455311059952,0.22469639778137207,0.39670705795288086,-0.03603377565741539,0.25726327300071716,0.33263444900512695,-0.053252726793289185,0.2896992564201355,0.30172380805015564,-0.06020912155508995,0.3222883939743042,0.28437042236328125,-0.0632818415760994,C
0.1925414800643921,0.5862058997154236,4.148715788687696e-07,0.25298094749450684,0.5658265948295593,-0.01209954172372818,0.31846439838409424,0.509087860584259,-0.02084415592253208,0.3761844336986542,0.49213695526123047,-0.03263426572084427,0.4237874150276184,0.49194201827049255,-0.04435712844133377,0.3017149865627289,0.3755703568458557,0.0017697151051834226,0.32337093353271484,0.29310792684555054,-0.019743844866752625,0.3541647791862488,0.2635916471481323,-0.03965887799859047,0.3866365849971771,0.2514627277851105,-0.052884649485349655,0.27873489260673523,0.36899399757385254,-0.007707871962338686,0.30498382449150085,0.27664798498153687,-0.028787242248654366,0.3409229516983032,0.25225892663002014,-0.04608894884586334,0.3770294785499573,0.25076547265052795,-0.05623872950673103,0.2534749209880829,0.3747875690460205,-0.021383320912718773,0.2835671901702881,0.28378769755363464,-0.04245680570602417,0.3227534890174866,0.25670433044433594,-0.05360368266701698,0.36182716488838196,0.2514989674091339,-0.05817003920674324,0.22706566751003265,0.39271020889282227,-0.03724020719528198,0.2591673731803894,0.32708120346069336,-0.05435401573777199,0.2910074293613434,0.29502201080322266,-0.06108081340789795,0.32313981652259827,0.2784694731235504,-0.06371819227933884,C
0.19525033235549927,0.5827575922012329,4.5027118744656036e-07,0.2541249394416809,0.5608851313591003,-0.013411411084234715,0.31768932938575745,0.5082558989524841,-0.024364512413740158,0.37325191497802734,0.4921814501285553,-0.03805578872561455,0.4216900169849396,0.4905290901660919,-0.05138065665960312,0.3053446114063263,0.37625497579574585,4.372371222416405e-06,0.3270092308521271,0.29320478439331055,-0.022281354293227196,0.3578903377056122,0.2634272575378418,-0.04270821809768677,0.38944515585899353,0.2508050203323364,-0.05618525296449661,0.28233829140663147,0.3680177330970764,-0.009317511692643166,0.3095899820327759,0.2753366529941559,-0.03180420771241188,0.34653690457344055,0.2549971342086792,-0.04982276260852814,0.3816016912460327,0.25763651728630066,-0.05999123305082321,0.2563968300819397,0.372693806886673,-0.02282033860683441,0.2876393795013428,0.282287061214447,-0.044404298067092896,0.3280382454395294,0.26027411222457886,-0.055167458951473236,0.3673328161239624,0.2594723701477051,-0.05936039611697197,0.22860687971115112,0.39105233550071716,-0.038543086498975754,0.2593611478805542,0.3284127414226532,-0.05547487363219261,0.2902110815048218,0.29830002784729004,-0.06159854680299759,0.32071197032928467,0.2822608947753906,-0.06375037878751755,C
0.20010173320770264,0.5981426239013672,4.156819954914681e-07,0.2590872645378113,0.5750606060028076,-0.011537078768014908,0.3220355212688446,0.5198857188224792,-0.02055886574089527,0.37736690044403076,0.502509355545044,-0.032573796808719635,0.4244363605976105,0.4999871551990509,-0.04454818367958069,0.30802100896835327,0.3908509910106659,0.00246110325679183,0.33171555399894714,0.31216269731521606,-0.018709737807512283,0.3614621162414551,0.28100496530532837,-0.03847450017929077,0.39248478412628174,0.26559290289878845,-0.05199943482875824,0.28595396876335144,0.3829134702682495,-0.007455560844391584,0.3154304623603821,0.29411572217941284,-0.028334815055131912,0.35141268372535706,0.26941969990730286,-0.04577827453613281,0.38663533329963684,0.26631876826286316,-0.056327980011701584,0.26027172803878784,0.38711199164390564,-0.02158682607114315,0.29353785514831543,0.2975035607814789,-0.04232141003012657,0.333207905292511,0.26955389976501465,-0.05347979813814163,0.3721366822719574,0.2612791061401367,-0.05861610174179077,0.23273390531539917,0.4035029411315918,-0.03779977932572365,0.2646455466747284,0.34202486276626587,-0.05516348034143448,0.2962818145751953,0.309819757938385,-0.06247186288237572,0.32821226119995117,0.29055216908454895,-0.06590868532657623,C
0.19473013281822205,0.5848860740661621,4.5786504188072286e-07,0.25417765974998474,0.5661185383796692,-0.01552547700703144,0.32150107622146606,0.5167325139045715,-0.02725730463862419,0.38026705384254456,0.5042685866355896,-0.04128415510058403,0.4295727610588074,0.5045123100280762,-0.05536996200680733,0.3092217743396759,0.3763817846775055,-0.0020877765491604805,0.33214667439460754,0.2920506000518799,-0.024426119402050972,0.36140120029449463,0.259287565946579,-0.0451500304043293,0.39323702454566956,0.24247422814369202,-0.05912601202726364,0.2864932119846344,0.3690270185470581,-0.010611566714942455,0.3146761655807495,0.280303031206131,-0.030837874859571457,0.3484744429588318,0.2509509325027466,-0.04836711660027504,0.38376808166503906,0.24307537078857422,-0.059448231011629105,0.2605997920036316,0.3742426931858063,-0.023549290373921394,0.2924550473690033,0.28763148188591003,-0.0421307310461998,0.3280920088291168,0.25467148423194885,-0.05207088589668274,0.3653019964694977,0.24139627814292908,-0.05707685276865959,0.2321901172399521,0.39267298579216003,-0.039196547120809555,0.26132214069366455,0.32934150099754333,-0.05359108746051788,0.2889072895050049,0.2942669093608856,-0.058626510202884674,0.3179149925708771,0.2718137800693512,-0.060846149921417236,C
0.19214066863059998,0.5880327224731445,4.977452476850885e-07,0.25498485565185547,0.5704439878463745,-0.01723807118833065,0.3245185911655426,0.5282554626464844,-0.030943628400564194,0.3840009570121765,0.5251433253288269,-0.046656861901283264,0.43303409218788147,0.5284042358398438,-0.06250791996717453,0.31025436520576477,0.38197270035743713,-0.005573063623160124,0.332072377204895,0.2943432331085205,-0.029739735648036003,0.3610354959964752,0.2569209337234497,-0.05165213719010353,0.393433541059494,0.23557770252227783,-0.06626427918672562,0.287811279296875,0.37403857707977295,-0.013935890048742294,0.31530892848968506,0.28339260816574097,-0.03507198765873909,0.35047799348831177,0.24772979319095612,-0.053374033421278,0.38728028535842896,0.23263134062290192,-0.06531887501478195,0.26179414987564087,0.37937891483306885,-0.02682488225400448,0.2929040193557739,0.29048746824264526,-0.04636756330728531,0.32856863737106323,0.25273802876472473,-0.057350970804691315,0.36547374725341797,0.2343321144580841,-0.06309305876493454,0.23251031339168549,0.39812082052230835,-0.042512647807598114,0.2595154643058777,0.3328038156032562,-0.05766690894961357,0.2857287526130676,0.294501930475235,-0.06321849673986435,0.3136278986930847,0.26851412653923035,-0.0657743290066719,C
0.1907259225845337,0.5965572595596313,4.6298757183649286e-07,0.2518109381198883,0.5795866250991821,-0.016738712787628174,0.3201603591442108,0.5398111939430237,-0.030864190310239792,0.3789815902709961,0.5395058393478394,-0.047118816524744034,0.4275320768356323,0.5431637763977051,-0.06366702914237976,0.3097604215145111,0.3946135938167572,-0.006159691605716944,0.3303719758987427,0.3068932890892029,-0.02956911362707615,0.35718461871147156,0.26871258020401,-0.05095440149307251,0.3875327706336975,0.24514134228229523,-0.06561942398548126,0.2879534959793091,0.38693544268608093,-0.015223158523440361,0.31426289677619934,0.29575586318969727,-0.036108434200286865,0.3486623764038086,0.25849997997283936,-0.05423003435134888,0.3841843008995056,0.24017685651779175,-0.06627671420574188,0.26222532987594604,0.3918122947216034,-0.0286939088255167,0.292853444814682,0.3021783232688904,-0.04798046499490738,0.32805120944976807,0.26215860247612,-0.05932101234793663,0.36398375034332275,0.23883748054504395,-0.06563881039619446,0.23319990932941437,0.4102950990200043,-0.04485297575592995,0.25938892364501953,0.34473490715026855,-0.05993042513728142,0.2855031192302704,0.3065077066421509,-0.06572337448596954,0.3127113878726959,0.2781938314437866,-0.06873764842748642,C
0.1903257817029953,0.5913207530975342,4.931815169584297e-07,0.253523588180542,0.5750075578689575,-0.01595492474734783,0.3208060562610626,0.5364896655082703,-0.029133806005120277,0.3766104578971863,0.5372457504272461,-0.044647958129644394,0.4217456579208374,0.5474720001220703,-0.06060395762324333,0.3067167103290558,0.3830704689025879,-0.004061966668814421,0.3277168869972229,0.29474711418151855,-0.027206720784306526,0.35442543029785156,0.2556614279747009,-0.048667438328266144,0.3851352334022522,0.23034244775772095,-0.06346600502729416,0.2836781144142151,0.37669768929481506,-0.01339748501777649,0.3102523982524872,0.2860415577888489,-0.034326985478401184,0.34368887543678284,0.24678251147270203,-0.053281430155038834,0.3799237608909607,0.22506648302078247,-0.0660339742898941,0.25775715708732605,0.38242319226264954,-0.027089161798357964,0.288453072309494,0.2941039502620697,-0.04717336967587471,0.32404324412345886,0.2514553964138031,-0.0599789172410965,0.3614102900028229,0.2256242334842682,-0.06708648055791855,0.22859342396259308,0.4002821445465088,-0.04331637918949127,0.2546597421169281,0.3341296315193176,-0.05929136648774147,0.2810553312301636,0.29593217372894287,-0.06587635725736618,0.3099594712257385,0.2687417268753052,-0.0693749487400055,C
0.19000253081321716,0.5997752547264099,5.076529419056897e-07,0.25094741582870483,0.5820506811141968,-0.01813545823097229,0.3196195960044861,0.536892294883728,-0.03221336379647255,0.3794766068458557,0.5319631695747375,-0.04817362502217293,0.4293776750564575,0.5330085754394531,-0.0642939954996109,0.3036353290081024,0.38742294907569885,-0.005752944387495518,0.32477620244026184,0.2994559407234192,-0.02985641174018383,0.35401833057403564,0.2629922330379486,-0.05220596119761467,0.3869931101799011,0.24299252033233643,-0.06710206717252731,0.2810966372489929,0.3801695704460144,-0.013824553228914738,0.3074483573436737,0.28896817564964294,-0.0345752090215683,0.34251630306243896,0.253782719373703,-0.053046323359012604,0.3805185556411743,0.23935064673423767,-0.06513524800539017,0.2552321255207062,0.386493444442749,-0.026486407965421677,0.28625115752220154,0.29754382371902466,-0.04580983892083168,0.3226064145565033,0.2610485553741455,-0.05654330179095268,0.3615880608558655,0.2446288764476776,-0.06210917606949806,0.22664618492126465,0.4062691330909729,-0.04206332936882973,0.2547888159751892,0.34041887521743774,-0.05717277526855469,0.28218597173690796,0.3036608099937439,-0.06215309724211693,0.31177735328674316,0.2804238498210907,-0.06413883715867996,C
0.19985458254814148,0.5941992402076721,4.66455276182387e-07,0.2600743770599365,0.5733795762062073,-0.013487432152032852,0.32612842321395874,0.5226899981498718,-0.02370692417025566,0.3817059397697449,0.50881427526474,-0.03658151254057884,0.42843979597091675,0.5040645599365234,-0.04932412877678871,0.30843445658683777,0.3817768692970276,0.0024775255005806684,0.3340582251548767,0.30058228969573975,-0.0187318567186594,0.3641799986362457,0.26954370737075806,-0.03920494392514229,0.395852267742157,0.2545422315597534,-0.052855100482702255,0.28575071692466736,0.37452131509780884,-0.006667073350399733,0.3168242275714874,0.28499406576156616,-0.0264691524207592,0.352010041475296,0.25766196846961975,-0.04439987987279892,0.38762691617012024,0.2527255415916443,-0.05544136092066765,0.25990530848503113,0.3788175582885742,-0.02014627493917942,0.29419997334480286,0.28948843479156494,-0.03956853225827217,0.33289211988449097,0.2586081624031067,-0.05060073360800743,0.37183788418769836,0.24871499836444855,-0.055769458413124084,0.23185086250305176,0.3959555923938751,-0.035980965942144394,0.2640778124332428,0.33166927099227905,-0.051826223731040955,0.29426658153533936,0.29895150661468506,-0.05741049721837044,0.32491785287857056,0.2805294692516327,-0.05945094674825668,C
0.21336063742637634,0.5824885368347168,3.7470499592018314e-07,0.27523037791252136,0.5619574785232544,-0.010775032453238964,0.3362099528312683,0.5153059959411621,-0.020053645595908165,0.3834410607814789,0.49725449085235596,-0.03243469446897507,0.42453843355178833,0.48929280042648315,-0.0444227010011673,0.32367321848869324,0.3756782114505768,0.0010501674842089415,0.34752869606018066,0.29529592394828796,-0.021206336095929146,0.3775915205478668,0.27028989791870117,-0.04119652137160301,0.40768852829933167,0.2621120512485504,-0.053806502372026443,0.29962027072906494,0.3667086362838745,-0.008760961703956127,0.3279924690723419,0.2736551761627197,-0.03068259172141552,0.3632870614528656,0.2525085210800171,-0.04849248379468918,0.3971213698387146,0.2562665045261383,-0.05867496877908707,0.2738263010978699,0.37013453245162964,-0.022400295361876488,0.3038390278816223,0.2760816812515259,-0.0440080352127552,0.34251272678375244,0.2523612082004547,-0.05583043023943901,0.3803933262825012,0.25340214371681213,-0.060663919895887375,0.24633467197418213,0.38553959131240845,-0.037818193435668945,0.2782793641090393,0.31983745098114014,-0.055999722331762314,0.310606986284256,0.28868013620376587,-0.06346165388822556,0.34301212430000305,0.2753705680370331,-0.06617525219917297,C
0.22421301901340485,0.5706751346588135,3.8770275523347664e-07,0.28664278984069824,0.5514521598815918,-0.012622097507119179,0.35081642866134644,0.5049673318862915,-0.02249155379831791,0.40262293815612793,0.48702526092529297,-0.03539254143834114,0.44670921564102173,0.4783896505832672,-0.04777982085943222,0.34191223978996277,0.36924439668655396,0.001436354941688478,0.36647170782089233,0.2883433997631073,-0.021219057962298393,0.39652252197265625,0.260892391204834,-0.04178503900766373,0.4272814095020294,0.250485360622406,-0.054937124252319336,0.3182141184806824,0.3578289747238159,-0.007969897240400314,0.3481806516647339,0.2654927968978882,-0.03115410916507244,0.38351327180862427,0.24671901762485504,-0.049781352281570435,0.4173389673233032,0.2528188228607178,-0.059997256845235825,0.29136431217193604,0.358886182308197,-0.021505123004317284,0.32330629229545593,0.26721906661987305,-0.043753884732723236,0.36273372173309326,0.2466939240694046,-0.055324986577034,0.401237815618515,0.2506519556045532,-0.05972154811024666,0.26177990436553955,0.37220439314842224,-0.03709130361676216,0.2933852970600128,0.3078817129135132,-0.05434117466211319,0.3242698311805725,0.27829569578170776,-0.0607980415225029,0.35536709427833557,0.2659989595413208,-0.06291418522596359,C
0.24457843601703644,0.5552405118942261,3.640990655640053e-07,0.3091951310634613,0.5421249270439148,-0.010695827193558216,0.3726816773414612,0.5058038830757141,-0.020849289372563362,0.4216212034225464,0.4915890693664551,-0.034390147775411606,0.46255743503570557,0.48176148533821106,-0.047426607459783554,0.3647438883781433,0.36050909757614136,0.00043214147444814444,0.3939805328845978,0.2753455936908722,-0.02392382174730301,0.4272429645061493,0.2561624348163605,-0.04553152993321419,0.45702069997787476,0.26081299781799316,-0.05807996913790703,0.34268903732299805,0.3482455313205719,-0.009409465827047825,0.37668299674987793,0.25309574604034424,-0.031501300632953644,0.4137280285358429,0.2371291220188141,-0.050742607563734055,0.44452813267707825,0.2527468800544739,-0.061864495277404785,0.31810474395751953,0.34894701838493347,-0.02302454598248005,0.35017088055610657,0.25378239154815674,-0.04253319278359413,0.3883487582206726,0.2363044023513794,-0.05460941419005394,0.42287880182266235,0.24833285808563232,-0.06025628373026848,0.2905205488204956,0.3620983958244324,-0.038524288684129715,0.31918004155158997,0.29648756980895996,-0.05375184491276741,0.35030895471572876,0.26519519090652466,-0.06036091968417168,0.3807806968688965,0.255804181098938,-0.06296531111001968,C
0.25353434681892395,0.5518594980239868,3.5454780800137087e-07,0.318620502948761,0.5373243093490601,-0.01194704882800579,0.3819587826728821,0.4988652765750885,-0.02263082191348076,0.4328485131263733,0.48876768350601196,-0.036608219146728516,0.47561776638031006,0.4816438555717468,-0.050497304648160934,0.37530797719955444,0.3564543128013611,-0.0012744776904582977,0.3999209702014923,0.2702244520187378,-0.026092495769262314,0.43146470189094543,0.25174379348754883,-0.04833594709634781,0.4598062038421631,0.25657516717910767,-0.061492953449487686,0.35201185941696167,0.34488987922668457,-0.01071208342909813,0.38150304555892944,0.25024667382240295,-0.03399638459086418,0.41634202003479004,0.23654837906360626,-0.05473702400922775,0.44480738043785095,0.2538963556289673,-0.0668310895562172,0.32577601075172424,0.3459257483482361,-0.023957761004567146,0.35503724217414856,0.2538415193557739,-0.044304005801677704,0.39125847816467285,0.2376580834388733,-0.05781976878643036,0.42334988713264465,0.2504822015762329,-0.06431102007627487,0.2959234118461609,0.3589932322502136,-0.03914976119995117,0.3240191340446472,0.2937318682670593,-0.05505283176898956,0.35443419218063354,0.26275521516799927,-0.06294462084770203,0.38429346680641174,0.2530949115753174,-0.06649445742368698,C
0.25329068303108215,0.5493319630622864,3.709335771873157e-07,0.3179801404476166,0.5372464060783386,-0.013246988877654076,0.38426002860069275,0.5001298785209656,-0.024240883067250252,0.4365561008453369,0.4873895049095154,-0.03823180869221687,0.478490948677063,0.47404617071151733,-0.05161852017045021,0.37796550989151,0.3533712327480316,-0.0019624950364232063,0.4063807427883148,0.2654210329055786,-0.0282741729170084,0.43933096528053284,0.25061947107315063,-0.051474396139383316,0.46680551767349243,0.26204878091812134,-0.06451661139726639,0.354754775762558,0.3410346806049347,-0.010790448635816574,0.38848456740379333,0.2457989901304245,-0.0351046547293663,0.425258994102478,0.23441460728645325,-0.05636915564537048,0.45307716727256775,0.25643426179885864,-0.06811404228210449,0.32833433151245117,0.3418000340461731,-0.023621318861842155,0.36098262667655945,0.24874459207057953,-0.044595085084438324,0.3992840647697449,0.2344217598438263,-0.05755583196878433,0.43170034885406494,0.2509622573852539,-0.06307310611009598,0.2981407642364502,0.35520681738853455,-0.03849650174379349,0.32817691564559937,0.2896231710910797,-0.054780013859272,0.35968708992004395,0.2583180367946625,-0.06211042031645775,0.3898203372955322,0.24968580901622772,-0.06463893502950668,C
0.2514982223510742,0.5551783442497253,3.5690263189280813e-07,0.32233762741088867,0.539576530456543,-0.011155318468809128,0.39039066433906555,0.5049660205841064,-0.0226912721991539,0.44179582595825195,0.4898059368133545,-0.03786826878786087,0.48417478799819946,0.47076404094696045,-0.052299875766038895,0.3801957070827484,0.3547833263874054,-0.00030831678304821253,0.4100297689437866,0.2645312547683716,-0.027380235493183136,0.4438079595565796,0.2531132698059082,-0.05089302733540535,0.4706766605377197,0.2692606449127197,-0.06356175988912582,0.3558831512928009,0.3423522114753723,-0.010823751799762249,0.3898920714855194,0.2397240698337555,-0.03544429689645767,0.4281695783138275,0.229572594165802,-0.056410472840070724,0.45648834109306335,0.25461989641189575,-0.06799368560314178,0.3292713761329651,0.3439766466617584,-0.02544202096760273,0.36273324489593506,0.24222365021705627,-0.04784240201115608,0.4038749933242798,0.22895827889442444,-0.06189704313874245,0.43844735622406006,0.24914316833019257,-0.06793777644634247,0.30103108286857605,0.35868731141090393,-0.041813358664512634,0.3355446457862854,0.2894882261753082,-0.05975331738591194,0.3717811405658722,0.2610349655151367,-0.068184994161129,0.4048175513744354,0.2574923038482666,-0.07134711742401123,C
0.2628933787345886,0.5501508712768555,4.137110636293073e-07,0.340207576751709,0.5325300097465515,-0.010324863716959953,0.41312581300735474,0.4975859224796295,-0.02573639713227749,0.4692809283733368,0.4894754886627197,-0.04608848690986633,0.5195294618606567,0.4768722355365753,-0.06568503379821777,0.41443419456481934,0.33218562602996826,-0.004779732786118984,0.45172446966171265,0.23042374849319458,-0.03785300627350807,0.49378764629364014,0.23303420841693878,-0.06512916088104248,0.5264428853988647,0.2593523859977722,-0.08100926131010056,0.38996076583862305,0.32142457365989685,-0.020195312798023224,0.4347511827945709,0.2057245671749115,-0.051623400300741196,0.48538851737976074,0.21064548194408417,-0.07619024813175201,0.5169854164123535,0.24987050890922546,-0.08985371887683868,0.3596137762069702,0.32456114888191223,-0.03983481228351593,0.4054429531097412,0.20965106785297394,-0.066106416285038,0.45430225133895874,0.2084641009569168,-0.07989278435707092,0.49058443307876587,0.23444166779518127,-0.0859699621796608,0.32614463567733765,0.3422735035419464,-0.061520423740148544,0.3624168932437897,0.26886415481567383,-0.08384740352630615,0.40426692366600037,0.24068386852741241,-0.09433502703905106,0.4409186840057373,0.23281380534172058,-0.09899555146694183,C
0.2683452367782593,0.5818451642990112,3.6755051269210526e-07,0.3557300865650177,0.5618565678596497,-0.004423545673489571,0.4322682321071625,0.5288894772529602,-0.023937609046697617,0.48840317130088806,0.5216071605682373,-0.050546795129776,0.5378115773200989,0.5013762712478638,-0.07651500403881073,0.430564820766449,0.3473860025405884,-0.01010825764387846,0.4743044376373291,0.22454892098903656,-0.051032137125730515,0.5215848088264465,0.24866162240505219,-0.08469805121421814,0.5536692142486572,0.29647642374038696,-0.10453946143388748,0.4051845967769623,0.34041690826416016,-0.03302159532904625,0.4589640200138092,0.2073611319065094,-0.07311148196458817,0.5154483914375305,0.23708735406398773,-0.10554096847772598,0.5451074242591858,0.2938092052936554,-0.12424328178167343,0.37369513511657715,0.3483758866786957,-0.05904800817370415,0.4257863461971283,0.2213563621044159,-0.08935675770044327,0.48382362723350525,0.24119797348976135,-0.10630232095718384,0.5229051113128662,0.28341495990753174,-0.1151169016957283,0.34022122621536255,0.37607964873313904,-0.08653166890144348,0.3793005347251892,0.2972426414489746,-0.1092485636472702,0.4276290833950043,0.27058595418930054,-0.12004988640546799,0.46716150641441345,0.26178690791130066,-0.1262093484401703,C
0.2789137363433838,0.5881995558738708,2.885457206502906e-07,0.37198102474212646,0.5717893242835999,0.0024340462405234575,0.45115137100219727,0.5306191444396973,-0.011439497582614422,0.5083146095275879,0.5161985754966736,-0.03346017375588417,0.5520991086959839,0.4902310371398926,-0.05423477292060852,0.43558284640312195,0.34749454259872437,-0.005345609039068222,0.47846025228500366,0.22350607812404633,-0.04474981501698494,0.5285595655441284,0.2514103651046753,-0.07603475451469421,0.5595420598983765,0.30410823225975037,-0.09372269362211227,0.4099329710006714,0.34358707070350647,-0.02978561259806156,0.4637501835823059,0.20846599340438843,-0.06819558143615723,0.523005485534668,0.24162811040878296,-0.09667254984378815,0.551816999912262,0.30034247040748596,-0.1123967170715332,0.38160309195518494,0.35387200117111206,-0.057044629007577896,0.4359453022480011,0.2298145741224289,-0.08744469285011292,0.5006119608879089,0.25311389565467834,-0.10328637063503265,0.5402488708496094,0.2996196746826172,-0.11058291047811508,0.35526031255722046,0.38399598002433777,-0.08514523506164551,0.40285468101501465,0.31049928069114685,-0.10960617661476135,0.45835378766059875,0.2970854341983795,-0.12143387645483017,0.5011175870895386,0.30340376496315,-0.12739349901676178,C
0.27893465757369995,0.6116117835044861,2.850370321993978e-07,0.3748619556427002,0.5930337309837341,0.005467568524181843,0.4549722373485565,0.5477393865585327,-0.008312753401696682,0.5127490758895874,0.5283709168434143,-0.03132961690425873,0.5580505132675171,0.4977235794067383,-0.05280512571334839,0.43911752104759216,0.36649879813194275,-0.0034334955271333456,0.4841519892215729,0.24073979258537292,-0.044802356511354446,0.5381567478179932,0.27806931734085083,-0.07743670046329498,0.5695390105247498,0.33471840620040894,-0.09580747783184052,0.4126106798648834,0.3588055968284607,-0.030516421422362328,0.46795228123664856,0.21542423963546753,-0.07031524181365967,0.5337445139884949,0.2584538459777832,-0.09854882210493088,0.5642952919006348,0.3222580850124359,-0.11380448937416077,0.3837984800338745,0.36842820048332214,-0.060293372720479965,0.44071149826049805,0.24408943951129913,-0.09233330190181732,0.512219250202179,0.2783041000366211,-0.10631116479635239,0.5554544925689697,0.3313843905925751,-0.11179670691490173,0.3583252727985382,0.3993769586086273,-0.09078771620988846,0.41132864356040955,0.32572388648986816,-0.11720404028892517,0.47339361906051636,0.32015785574913025,-0.12789717316627502,0.5196211934089661,0.3328404426574707,-0.13248427212238312,C
0.31280016899108887,0.6104898452758789,5.725024720959482e-07,0.3713077902793884,0.607937216758728,-0.017571426928043365,0.4492377042770386,0.5579642653465271,-0.027019597589969635,0.5116106867790222,0.5376078486442566,-0.038526564836502075,0.5616681575775146,0.516682505607605,-0.04918627440929413,0.421500027179718,0.40883904695510864,-0.0021571277175098658,0.45325493812561035,0.3333560824394226,-0.029553981497883797,0.5013113021850586,0.3237698972225189,-0.05431726947426796,0.5420284271240234,0.3394021689891815,-0.06890571862459183,0.399898499250412,0.38856977224349976,-0.008741005323827267,0.4456149935722351,0.29932886362075806,-0.034042615443468094,0.49901676177978516,0.29411113262176514,-0.055691856890916824,0.5402212142944336,0.32114508748054504,-0.06757301092147827,0.37783652544021606,0.3857468366622925,-0.01996934786438942,0.428165078163147,0.2919791340827942,-0.04537668824195862,0.48480406403541565,0.28650468587875366,-0.06106964126229286,0.5297545194625854,0.3103257417678833,-0.06729645282030106,0.3560066521167755,0.4013080894947052,-0.03340873494744301,0.4115290343761444,0.34172406792640686,-0.055533889681100845,0.4627426862716675,0.32568538188934326,-0.06624726951122284,0.5059397220611572,0.33132457733154297,-0.07016857713460922,C
0.2715487480163574,0.6305620074272156,3.084025763655518e-07,0.37540316581726074,0.6027010679244995,0.003550285706296563,0.4588548541069031,0.5540264248847961,-0.007090663071721792,0.5204558372497559,0.5273225903511047,-0.027168871834874153,0.5684406161308289,0.49481678009033203,-0.04483180120587349,0.43179449439048767,0.38285794854164124,0.013207007199525833,0.47650930285453796,0.266251802444458,-0.02300482988357544,0.5299565196037292,0.2969437539577484,-0.05320961773395538,0.5648950934410095,0.3454502522945404,-0.07032766193151474,0.40618211030960083,0.3718838393688202,-0.009992477484047413,0.4609600603580475,0.24209293723106384,-0.04371093958616257,0.5225276350975037,0.27812525629997253,-0.06824168562889099,0.5573239326477051,0.3338531255722046,-0.08157683908939362,0.3792249858379364,0.37727218866348267,-0.037412580102682114,0.4373174011707306,0.2682976722717285,-0.0675109475851059,0.5023280382156372,0.3015902042388916,-0.07845519483089447,0.5451688170433044,0.3526315689086914,-0.08135295659303665,0.3566068410873413,0.402227520942688,-0.06613565236330032,0.4145755171775818,0.3391212224960327,-0.08875754475593567,0.473504900932312,0.3412412405014038,-0.0949520692229271,0.5180878639221191,0.3580836057662964,-0.09610812366008759,C
0.32219380140304565,0.5950745344161987,6.206691409715859e-07,0.37923505902290344,0.597760796546936,-0.01790156029164791,0.45534995198249817,0.5481340289115906,-0.02818472497165203,0.5175851583480835,0.5243287682533264,-0.04050601273775101,0.5678249001502991,0.4980725347995758,-0.051850516349077225,0.4305741786956787,0.39659804105758667,-0.006177497562021017,0.46724897623062134,0.31687822937965393,-0.03549190238118172,0.5167393088340759,0.31211841106414795,-0.06060425937175751,0.5579776763916016,0.3341314494609833,-0.07474665343761444,0.40818360447883606,0.37892621755599976,-0.012729576788842678,0.4562796950340271,0.2888355553150177,-0.0397753082215786,0.511438250541687,0.29008063673973083,-0.061626460403203964,0.5527991652488708,0.32302364706993103,-0.07315175980329514,0.3851356506347656,0.3762259781360626,-0.023782068863511086,0.43769335746765137,0.28517845273017883,-0.05031945928931236,0.4967859983444214,0.2870163023471832,-0.06576167047023773,0.5416656732559204,0.3163796067237854,-0.0713656023144722,0.3625341057777405,0.3918009400367737,-0.036936283111572266,0.42160847783088684,0.3340834677219391,-0.059583310037851334,0.4730747640132904,0.32554054260253906,-0.06942664086818695,0.5141123533248901,0.33743518590927124,-0.07228183001279831,C
0.27076229453086853,0.6305301189422607,3.1095555641513783e-07,0.3682786822319031,0.6044486165046692,-0.0003655986220110208,0.4504375159740448,0.5504579544067383,-0.011514867655932903,0.5118663311004639,0.520736038684845,-0.03088068962097168,0.5617256164550781,0.48836660385131836,-0.0484711229801178,0.43023988604545593,0.38654816150665283,0.007845449261367321,0.4809727370738983,0.27715688943862915,-0.02953965961933136,0.5333702564239502,0.30448389053344727,-0.06107475236058235,0.5689511895179749,0.3521033227443695,-0.07972859591245651,0.4066678583621979,0.3740540146827698,-0.013810703530907631,0.4702983796596527,0.2516956925392151,-0.05163127928972244,0.5310170650482178,0.2863136827945709,-0.0814947709441185,0.5683658719062805,0.3425389528274536,-0.09803169965744019,0.3807404339313507,0.3777787983417511,-0.03943277895450592,0.44699573516845703,0.270033061504364,-0.07203959673643112,0.5129401683807373,0.3000246584415436,-0.08898686617612839,0.5592185854911804,0.35086286067962646,-0.09612984210252762,0.3561444878578186,0.4002619981765747,-0.06640271097421646,0.41702333092689514,0.3393624424934387,-0.09213773906230927,0.4755796790122986,0.3338935673236847,-0.10399578511714935,0.5231150388717651,0.34499239921569824,-0.10963556915521622,C
0.3116529583930969,0.613308310508728,6.052769094821997e-07,0.36902886629104614,0.6136721968650818,-0.01547033991664648,0.44460320472717285,0.5634534955024719,-0.02510075643658638,0.5078428387641907,0.5434423685073853,-0.03725722059607506,0.5588077306747437,0.5223407745361328,-0.048605889081954956,0.4171772003173828,0.41468310356140137,-0.002468757564201951,0.4589884877204895,0.34570571780204773,-0.030322840437293053,0.5088376998901367,0.34421712160110474,-0.05453827977180481,0.548916220664978,0.36584413051605225,-0.06874031573534012,0.397271990776062,0.3960740566253662,-0.010542482137680054,0.45384448766708374,0.3149298429489136,-0.038007836788892746,0.512117862701416,0.3187501132488251,-0.06025204062461853,0.5543785095214844,0.3521920442581177,-0.07181832939386368,0.37694108486175537,0.3942282497882843,-0.023088546469807625,0.4370150566101074,0.3093588948249817,-0.04970991611480713,0.4998512268066406,0.3119160234928131,-0.06678935885429382,0.5475583672523499,0.34024330973625183,-0.0737357810139656,0.35831838846206665,0.410737544298172,-0.03747974708676338,0.41805583238601685,0.3571222424507141,-0.06028400734066963,0.46977028250694275,0.34627100825309753,-0.07187775522470474,0.5116015076637268,0.3546820282936096,-0.07641912251710892,C
0.26584720611572266,0.6346093416213989,4.248207972068485e-07,0.3643151819705963,0.6069452166557312,0.0051190294325351715,0.44630658626556396,0.5543707013130188,-0.0036953650414943695,0.5077002644538879,0.5300752520561218,-0.021932682022452354,0.5610062479972839,0.5045360326766968,-0.03915252536535263,0.417988121509552,0.393523246049881,0.01892089657485485,0.47036924958229065,0.3002476692199707,-0.012714432552456856,0.5240984559059143,0.3160545229911804,-0.04148633033037186,0.5630702376365662,0.3535294234752655,-0.059337325394153595,0.3945600390434265,0.38027942180633545,-0.005012088920921087,0.46003368496894836,0.2740212678909302,-0.03691487014293671,0.5212215185165405,0.29807066917419434,-0.06450847536325455,0.5609608292579651,0.34771811962127686,-0.08063603192567825,0.3698217570781708,0.38294360041618347,-0.03281620517373085,0.4382629096508026,0.2893231511116028,-0.06061149016022682,0.5012292861938477,0.30937543511390686,-0.07609222084283829,0.5465530157089233,0.35124313831329346,-0.08360305428504944,0.3480256199836731,0.4045894145965576,-0.06164735183119774,0.4110275208950043,0.35016530752182007,-0.08279712498188019,0.46522092819213867,0.3453616201877594,-0.09143251180648804,0.5089033842086792,0.35616302490234375,-0.09548485279083252,C
0.26170584559440613,0.6428995728492737,3.3043261282728054e-07,0.3647216856479645,0.615260660648346,0.005834081210196018,0.4456372559070587,0.5675563812255859,-0.002649072790518403,0.5072316527366638,0.5433099865913391,-0.02102832682430744,0.561397135257721,0.5165255665779114,-0.038266923278570175,0.42126035690307617,0.4057469367980957,0.02137303352355957,0.4721211791038513,0.3103111684322357,-0.010303672403097153,0.5241566300392151,0.3284546136856079,-0.03931647539138794,0.5615252256393433,0.36845627427101135,-0.057337526232004166,0.3987745940685272,0.39186951518058777,-0.00310796732082963,0.4621686339378357,0.28260350227355957,-0.03429031744599342,0.5221636891365051,0.30729034543037415,-0.06156544387340546,0.5613000988960266,0.35753577947616577,-0.07798001170158386,0.3748641610145569,0.393593430519104,-0.03179769217967987,0.4405359625816345,0.29395946860313416,-0.05949913337826729,0.5039488077163696,0.31410306692123413,-0.0754133015871048,0.5500418543815613,0.35810986161231995,-0.08340751379728317,0.3535269796848297,0.4133923053741455,-0.06154290586709976,0.41361817717552185,0.35422438383102417,-0.08264103531837463,0.469393253326416,0.3487584590911865,-0.09173830598592758,0.5145778656005859,0.361308753490448,-0.09628961235284805,C
0.2622857093811035,0.6343868970870972,3.6658758517660317e-07,0.3668498992919922,0.6058003306388855,0.008960066363215446,0.44765156507492065,0.5563362836837769,0.0028668916784226894,0.5092623829841614,0.5331703424453735,-0.013536173850297928,0.5610699653625488,0.5080621242523193,-0.029754363000392914,0.4229999780654907,0.40327543020248413,0.025903312489390373,0.4712565839290619,0.3174552023410797,-0.0036323098465800285,0.5226172804832458,0.3309761881828308,-0.03204863518476486,0.5615389347076416,0.3642551004886627,-0.05036449432373047,0.39941170811653137,0.38903412222862244,7.917213952168822e-05,0.46174120903015137,0.2857814431190491,-0.031459271907806396,0.519989013671875,0.30763640999794006,-0.06002058461308479,0.558140218257904,0.355349063873291,-0.07686933875083923,0.3733338713645935,0.39005228877067566,-0.029585080221295357,0.43801262974739075,0.29603976011276245,-0.057204194366931915,0.49911484122276306,0.312992662191391,-0.07376053929328918,0.5441542863845825,0.35213804244995117,-0.0819704607129097,0.349335253238678,0.4095519781112671,-0.059975408017635345,0.40935561060905457,0.351383775472641,-0.0806550458073616,0.46298733353614807,0.3385026454925537,-0.0902208536863327,0.5076136589050293,0.34224623441696167,-0.09545274078845978,C
0.26490211486816406,0.6390939354896545,3.533349399731378e-07,0.3610449731349945,0.6171746253967285,-0.0003757369704544544,0.4461166262626648,0.5697512030601501,-0.010014856234192848,0.5095301270484924,0.5457009077072144,-0.02741214632987976,0.5561602711677551,0.5140693187713623,-0.0431535542011261,0.42440664768218994,0.41003143787384033,0.0093457056209445,0.47492295503616333,0.30519038438796997,-0.026337917894124985,0.5272489786148071,0.3257647156715393,-0.05675202235579491,0.5631564259529114,0.3686903119087219,-0.07456551492214203,0.4012998044490814,0.39682793617248535,-0.011219802312552929,0.4654087722301483,0.2822304368019104,-0.04590478539466858,0.5245182514190674,0.30822306871414185,-0.07339690625667572,0.561194658279419,0.3576950430870056,-0.08897136151790619,0.37478896975517273,0.3972308039665222,-0.036085501313209534,0.4404132068157196,0.2947276532649994,-0.066033273935318,0.5031483173370361,0.3148292899131775,-0.08189119398593903,0.5477465391159058,0.35725027322769165,-0.08901781588792801,0.34832924604415894,0.41446971893310547,-0.06236032024025917,0.406642884016037,0.3551010489463806,-0.08614306896924973,0.4619283676147461,0.34793224930763245,-0.09712502360343933,0.5072969794273376,0.3581480383872986,-0.10240790247917175,C
0.2664293050765991,0.6507664322853088,3.8051004480621486e-07,0.36645567417144775,0.6220076084136963,0.00198127469047904,0.44897133111953735,0.573850691318512,-0.007293544244021177,0.5107840895652771,0.552335262298584,-0.025214068591594696,0.5653921365737915,0.5278660655021667,-0.04236927255988121,0.43109506368637085,0.4226796627044678,0.018482021987438202,0.4801933467388153,0.3389725089073181,-0.013744639232754707,0.5299113988876343,0.3573881983757019,-0.04398109018802643,0.5679267048835754,0.39421042799949646,-0.06338976323604584,0.40699154138565063,0.4067193269729614,-0.0038855450693517923,0.4676915407180786,0.3013549745082855,-0.03893740475177765,0.5246220827102661,0.3276316523551941,-0.0689336434006691,0.562329113483429,0.378795325756073,-0.08597144484519958,0.3787514269351959,0.40605905652046204,-0.030425239354372025,0.4410437345504761,0.30591434240341187,-0.061840180307626724,0.5014476776123047,0.328737735748291,-0.07879666984081268,0.5467461943626404,0.37287086248397827,-0.08629864454269409,0.3506072163581848,0.42467406392097473,-0.05801643058657646,0.4095587432384491,0.371166855096817,-0.08186866343021393,0.46325650811195374,0.36371827125549316,-0.09208782017230988,0.5088549852371216,0.3707035183906555,-0.0970538780093193,C
0.2683491110801697,0.6569075584411621,3.6297043948252394e-07,0.36734673380851746,0.6323126554489136,0.0010712516959756613,0.4505590796470642,0.5855026245117188,-0.010165094397962093,0.5123053789138794,0.5618016719818115,-0.029641352593898773,0.5661544799804688,0.5343061089515686,-0.04810096323490143,0.43399158120155334,0.4276425838470459,0.009910265915095806,0.4877447783946991,0.34060558676719666,-0.024546947330236435,0.538680911064148,0.3644699156284332,-0.05506414547562599,0.5752674341201782,0.40654098987579346,-0.07420550286769867,0.40762633085250854,0.4110422432422638,-0.01238225307315588,0.4715057611465454,0.30429691076278687,-0.04768763855099678,0.5298106074333191,0.3338761627674103,-0.07650252431631088,0.5668800473213196,0.3861672580242157,-0.09335654228925705,0.3780830502510071,0.41104865074157715,-0.03841221332550049,0.4412134885787964,0.3127037286758423,-0.06958727538585663,0.5035796165466309,0.3364689350128174,-0.0863347053527832,0.5492760539054871,0.3813199996948242,-0.09444699436426163,0.35009971261024475,0.43096497654914856,-0.06553976237773895,0.40944963693618774,0.37836766242980957,-0.09014775604009628,0.46468400955200195,0.37302958965301514,-0.10125558078289032,0.5109775066375732,0.38272225856781006,-0.10698851943016052,C
0.2586608827114105,0.6823186874389648,3.9627667547392775e-07,0.35701462626457214,0.6574900150299072,-8.855009218677878e-05,0.4378211796283722,0.6037200689315796,-0.012305769138038158,0.4993422031402588,0.5791304111480713,-0.03264869377017021,0.5573801398277283,0.5612486600875854,-0.05180971696972847,0.4202575087547302,0.43611985445022583,0.011351867578923702,0.4757845103740692,0.3545686602592468,-0.022721806541085243,0.5280571579933167,0.3813037574291229,-0.054270122200250626,0.5642366409301758,0.42391979694366455,-0.07507013529539108,0.39399775862693787,0.42020726203918457,-0.011217108927667141,0.4626026153564453,0.31800752878189087,-0.0474117249250412,0.5224637985229492,0.35067039728164673,-0.07811767607927322,0.5586709976196289,0.40338146686553955,-0.0961998775601387,0.3655054569244385,0.42468616366386414,-0.03757917135953903,0.43557974696159363,0.3287394046783447,-0.06981299072504044,0.5002042055130005,0.35734057426452637,-0.08711359649896622,0.5462023615837097,0.402380108833313,-0.09561187773942947,0.3382662534713745,0.4543161392211914,-0.06510739028453827,0.40089231729507446,0.4115208387374878,-0.09068957716226578,0.4569622874259949,0.40190231800079346,-0.1026977151632309,0.5035915374755859,0.40168124437332153,-0.10949792712926865,C
0.26446768641471863,0.68940269947052,3.678626967484888e-07,0.3620040714740753,0.6659584045410156,-0.0012779544340446591,0.44503289461135864,0.6198064684867859,-0.01405356079339981,0.5068053007125854,0.5967159271240234,-0.03448914363980293,0.561188817024231,0.5733256340026855,-0.05349357798695564,0.4269082546234131,0.4538096785545349,0.0068160598166286945,0.4794398546218872,0.3590972125530243,-0.028071729466319084,0.5297966599464417,0.38591790199279785,-0.05876396968960762,0.5635885000228882,0.4318636655807495,-0.07766804844141006,0.40112200379371643,0.4391743838787079,-0.013803505338728428,0.46498870849609375,0.32793372869491577,-0.04889940470457077,0.5232202410697937,0.3602391481399536,-0.07747725397348404,0.5577493906021118,0.4142540693283081,-0.09395740181207657,0.37292909622192383,0.44202834367752075,-0.03809819370508194,0.43758994340896606,0.34007003903388977,-0.06875624507665634,0.5007554888725281,0.36750876903533936,-0.0843871682882309,0.5445135831832886,0.4148188829421997,-0.09154272079467773,0.3461596369743347,0.4666520357131958,-0.06364580988883972,0.405887633562088,0.41606974601745605,-0.08800460398197174,0.46182218194007874,0.4129275679588318,-0.09840764850378036,0.5070462822914124,0.4231371283531189,-0.10336364060640335,C
0.27377039194107056,0.6957067847251892,3.686696175009274e-07,0.3729761242866516,0.6692057847976685,-0.0023108578752726316,0.4559434950351715,0.6200006008148193,-0.01602291874587536,0.5192813873291016,0.5976990461349487,-0.03744875267148018,0.5771141052246094,0.5781420469284058,-0.05780026316642761,0.4384070634841919,0.4569286108016968,0.007201856933534145,0.4896688163280487,0.37354302406311035,-0.028765827417373657,0.5416665077209473,0.4004124402999878,-0.061482857912778854,0.5785753130912781,0.44560903310775757,-0.08227888494729996,0.4118989408016205,0.44195133447647095,-0.014258595183491707,0.47366204857826233,0.3321429491043091,-0.051064006984233856,0.5342868566513062,0.3611946702003479,-0.08205021917819977,0.5720111131668091,0.41355761885643005,-0.10011288523674011,0.3828418254852295,0.44665294885635376,-0.03956509009003639,0.4444623589515686,0.3439629077911377,-0.07258421182632446,0.510527491569519,0.3685148358345032,-0.09048285335302353,0.5585824847221375,0.4119086265563965,-0.09904401749372482,0.3553311228752136,0.4749138653278351,-0.06608060747385025,0.4129296839237213,0.4219573438167572,-0.0913679227232933,0.4685787856578827,0.41112470626831055,-0.10249076783657074,0.5153547525405884,0.4119308590888977,-0.10843215137720108,C
0.2707933187484741,0.6932020783424377,4.926204155708547e-07,0.3780404329299927,0.6757503747940063,0.003930235747247934,0.46307075023651123,0.6432828903198242,-0.012924324721097946,0.5284137725830078,0.6474266648292542,-0.039374206215143204,0.5898801684379578,0.6610997915267944,-0.06694327294826508,0.45456239581108093,0.4637863039970398,-0.0017063666600733995,0.5037816762924194,0.3613014817237854,-0.039517007768154144,0.5596588850021362,0.36461374163627625,-0.0718429684638977,0.6059727072715759,0.3920400142669678,-0.0927775651216507,0.4264697730541229,0.45561522245407104,-0.030817978084087372,0.4831930696964264,0.3276035487651825,-0.0676536038517952,0.5514446496963501,0.3363780379295349,-0.09786390513181686,0.5996809005737305,0.3766927719116211,-0.11698004603385925,0.3950212895870209,0.4682433009147644,-0.06275210529565811,0.44978317618370056,0.345767617225647,-0.09499930590391159,0.5177240371704102,0.3490165174007416,-0.11495831608772278,0.5704623460769653,0.3776984214782715,-0.12647120654582977,0.36623460054397583,0.5044977068901062,-0.09529919177293777,0.41284728050231934,0.4290790557861328,-0.11981566995382309,0.4648497998714447,0.400815486907959,-0.1314871609210968,0.5091067552566528,0.3916459083557129,-0.1386730670928955,C
0.2520241141319275,0.6998168230056763,2.094158872978369e-07,0.3554306924343109,0.6769779920578003,-0.001388345961458981,0.4381711483001709,0.6411796808242798,-0.01701948791742325,0.5047365427017212,0.6398964524269104,-0.04032493382692337,0.562195897102356,0.6492303609848022,-0.0603325255215168,0.43373897671699524,0.457989364862442,-0.00017644000763539225,0.4821203351020813,0.390235960483551,-0.039371948689222336,0.5021169185638428,0.4584811329841614,-0.0678209587931633,0.5058014392852783,0.5293387174606323,-0.08298152685165405,0.4084782600402832,0.44297730922698975,-0.025404993444681168,0.45896098017692566,0.32066184282302856,-0.056993044912815094,0.5228359699249268,0.318767249584198,-0.0799269825220108,0.5680059790611267,0.3404023051261902,-0.09521066397428513,0.3744073510169983,0.45305126905441284,-0.056075893342494965,0.4240530729293823,0.32419729232788086,-0.08639439195394516,0.485178142786026,0.3139672875404358,-0.10400943458080292,0.5320624709129333,0.32181060314178467,-0.11486674100160599,0.3402249813079834,0.49022284150123596,-0.0879175215959549,0.37147435545921326,0.4105348587036133,-0.11284708976745605,0.4135531187057495,0.36565813422203064,-0.1253718137741089,0.4509532153606415,0.3310093879699707,-0.13415896892547607,C
0.22780580818653107,0.7291241884231567,4.5298170903151913e-07,0.32013946771621704,0.6941081285476685,-0.007494491990655661,0.40135058760643005,0.6326689720153809,-0.022172383964061737,0.4707006514072418,0.6144316792488098,-0.04321454092860222,0.534180760383606,0.611439049243927,-0.06479693204164505,0.3874671757221222,0.44616591930389404,-0.0006813625805079937,0.4098586440086365,0.32854926586151123,-0.03466340899467468,0.45168930292129517,0.29311805963516235,-0.06316742300987244,0.49519866704940796,0.28360724449157715,-0.0820760503411293,0.3564855754375458,0.4401337206363678,-0.022437233477830887,0.3864937424659729,0.30794385075569153,-0.055840760469436646,0.4425954222679138,0.27705276012420654,-0.08029621839523315,0.4923257529735565,0.27731943130493164,-0.09555365890264511,0.3214143216609955,0.45404377579689026,-0.04938654229044914,0.3561484217643738,0.3228475749492645,-0.08102677762508392,0.4123191237449646,0.28696930408477783,-0.096173495054245,0.46342799067497253,0.2775942087173462,-0.10386142879724503,0.28610074520111084,0.488058865070343,-0.0783318355679512,0.3165796399116516,0.3934735357761383,-0.10354165732860565,0.3579442501068115,0.3409394919872284,-0.11376366764307022,0.39827126264572144,0.30587154626846313,-0.11959193646907806,C
0.10859361290931702,0.8787827491760254,4.7127952029768494e-07,0.20563635230064392,0.8414814472198486,-0.00921504758298397,0.28862783312797546,0.775970458984375,-0.02751757763326168,0.36033934354782104,0.7538864016532898,-0.051689185202121735,0.42265719175338745,0.7515576481819153,-0.07689858227968216,0.2681589722633362,0.5971325635910034,-0.0175756998360157,0.2932521104812622,0.46716082096099854,-0.057845525443553925,0.34587568044662476,0.43782466650009155,-0.09020097553730011,0.3962096571922302,0.43389976024627686,-0.11108776926994324,0.23812821507453918,0.5950292944908142,-0.04015469178557396,0.26865193247795105,0.4485325813293457,-0.08124211430549622,0.33678531646728516,0.43497973680496216,-0.11051256209611893,0.39230287075042725,0.45113134384155273,-0.12788209319114685,0.20442765951156616,0.6138986349105835,-0.06633773446083069,0.23579704761505127,0.4795854687690735,-0.1031818613409996,0.30050450563430786,0.4632960259914398,-0.12166645377874374,0.3552221655845642,0.4703865349292755,-0.13034874200820923,0.16891011595726013,0.6544042229652405,-0.09415892511606216,0.19547736644744873,0.5538026094436646,-0.12163803726434708,0.23773351311683655,0.505394458770752,-0.1332165002822876,0.2772362232208252,0.47607800364494324,-0.13951413333415985,C
0.07265220582485199,0.7899528741836548,5.97803420987475e-07,0.16490033268928528,0.7623281478881836,-0.015806643292307854,0.24756348133087158,0.7097423672676086,-0.03837797790765762,0.31874534487724304,0.6954110860824585,-0.06548429280519485,0.38423213362693787,0.6913411021232605,-0.0929839238524437,0.23380130529403687,0.5148589611053467,-0.0215903427451849,0.2646145224571228,0.3810521066188812,-0.06458248198032379,0.3138710856437683,0.3561795949935913,-0.09871456027030945,0.3573737144470215,0.3641355037689209,-0.11934448778629303,0.20186296105384827,0.5079025030136108,-0.04041662439703941,0.23967991769313812,0.35700100660324097,-0.0811813548207283,0.3010202646255493,0.3426308333873749,-0.11244101077318192,0.34585049748420715,0.3692973256111145,-0.1308453381061554,0.16237586736679077,0.5240420699119568,-0.0633237361907959,0.19907301664352417,0.38579821586608887,-0.09920565783977509,0.2589936852455139,0.3724994659423828,-0.11884766817092896,0.307079553604126,0.3890756368637085,-0.1286286562681198,0.11868593841791153,0.5621252059936523,-0.08809595555067062,0.144717276096344,0.46977800130844116,-0.11712567508220673,0.18525348603725433,0.4281914532184601,-0.12957251071929932,0.22254788875579834,0.4066101908683777,-0.13574066758155823,C
0.10020552575588226,0.6820771098136902,5.701569989469135e-07,0.19123169779777527,0.6570300459861755,-0.014199773781001568,0.27916088700294495,0.6091758012771606,-0.036072418093681335,0.34938669204711914,0.6018149852752686,-0.0628453865647316,0.4121657907962799,0.6083045601844788,-0.09073244035243988,0.2804393172264099,0.4102078676223755,-0.023549698293209076,0.3138238489627838,0.2710147500038147,-0.06603292375802994,0.3610689043998718,0.24247120320796967,-0.09927628189325333,0.40748023986816406,0.2432820200920105,-0.11987512558698654,0.24796202778816223,0.40249204635620117,-0.04377901181578636,0.2917000949382782,0.25157630443573,-0.08423806726932526,0.3476842939853668,0.2322351336479187,-0.11409657448530197,0.3930528163909912,0.2501829266548157,-0.1318802535533905,0.20828038454055786,0.415050208568573,-0.06778150051832199,0.2508474588394165,0.2763804495334625,-0.10303746908903122,0.30946284532546997,0.25510624051094055,-0.12128327786922455,0.3604133129119873,0.2647385001182556,-0.13032342493534088,0.16439871490001678,0.447097510099411,-0.09373721480369568,0.19749143719673157,0.3464571237564087,-0.1213265061378479,0.24000059068202972,0.3037385940551758,-0.13152654469013214,0.2795073390007019,0.28251582384109497,-0.1362718641757965,C
0.14554329216480255,0.6073818802833557,5.719993509956112e-07,0.22727081179618835,0.5907037258148193,-0.017498744651675224,0.31722143292427063,0.5441159009933472,-0.033793311566114426,0.38912272453308105,0.5465887188911438,-0.05362531915307045,0.44788655638694763,0.55946284532547,-0.07423163205385208,0.3197365403175354,0.3540424108505249,-0.007803221698850393,0.35960814356803894,0.25140416622161865,-0.03856276720762253,0.39840167760849,0.2119588553905487,-0.06605872511863708,0.43958115577697754,0.19475165009498596,-0.0843210369348526,0.28952714800834656,0.34028154611587524,-0.02160869725048542,0.33324459195137024,0.2252155840396881,-0.05137183889746666,0.38104283809661865,0.1957208514213562,-0.07614028453826904,0.4279015064239502,0.19707991182804108,-0.09138642251491547,0.2529081702232361,0.3459049165248871,-0.04038819298148155,0.29630541801452637,0.23323990404605865,-0.06803916394710541,0.34710419178009033,0.20407916605472565,-0.08507521450519562,0.3976958394050598,0.20376120507717133,-0.09409719705581665,0.21230646967887878,0.3705174922943115,-0.0619288831949234,0.24858081340789795,0.2871417999267578,-0.08373861759901047,0.2852793037891388,0.2440648376941681,-0.0931561216711998,0.3229001760482788,0.22076675295829773,-0.09805482625961304,C
0.20908044278621674,0.5628868341445923,5.250240633358771e-07,0.290589302778244,0.5451645851135254,-0.01410237979143858,0.3736799657344818,0.5044192671775818,-0.02677825465798378,0.43935441970825195,0.5067527294158936,-0.04345070943236351,0.4965074956417084,0.5195713043212891,-0.0602913536131382,0.37936678528785706,0.33590051531791687,0.003590711858123541,0.4251311123371124,0.24372504651546478,-0.02416956052184105,0.46607616543769836,0.2059706300497055,-0.04962754622101784,0.508213222026825,0.18586692214012146,-0.06722571700811386,0.35500797629356384,0.3208494782447815,-0.010307718068361282,0.40773245692253113,0.2225871980190277,-0.03532855585217476,0.4554577171802521,0.19145360589027405,-0.056869324296712875,0.5016800165176392,0.18377555906772614,-0.07092123478651047,0.3230438530445099,0.32027170062065125,-0.029822448268532753,0.3783591389656067,0.22433187067508698,-0.053460922092199326,0.4283372163772583,0.18841882050037384,-0.066970594227314,0.4768174886703491,0.17438261210918427,-0.0745442733168602,0.28508174419403076,0.33423537015914917,-0.052249837666749954,0.32667335867881775,0.2645227611064911,-0.07161449640989304,0.36526942253112793,0.22606602311134338,-0.07937115430831909,0.4043388366699219,0.2009260356426239,-0.08367796987295151,C
0.19094465672969818,0.5443071722984314,5.224788424129656e-07,0.2719849944114685,0.5335783958435059,-0.013854743912816048,0.3548924922943115,0.49216845631599426,-0.025145160034298897,0.41981542110443115,0.4901307225227356,-0.04016849398612976,0.47303444147109985,0.4970722794532776,-0.05545517057180405,0.35832491517066956,0.3185752034187317,0.0035433245357125998,0.4034595191478729,0.23014764487743378,-0.022042589262127876,0.44260698556900024,0.19167974591255188,-0.04664693400263786,0.48301810026168823,0.16996610164642334,-0.06403083354234695,0.33215057849884033,0.30372366309165955,-0.00997199397534132,0.38350555300712585,0.20762884616851807,-0.03392371907830238,0.4297071397304535,0.17819255590438843,-0.055693380534648895,0.4756624400615692,0.1720753312110901,-0.07005606591701508,0.2998841404914856,0.30396533012390137,-0.028728792443871498,0.35294052958488464,0.210245281457901,-0.052006352692842484,0.402679979801178,0.1768677830696106,-0.06609391421079636,0.45149680972099304,0.1663748025894165,-0.07407300919294357,0.26345717906951904,0.31908196210861206,-0.05026494711637497,0.30689024925231934,0.25158143043518066,-0.06985597312450409,0.3462691307067871,0.21395611763000488,-0.0782013088464737,0.3860345184803009,0.191627636551857,-0.08291078358888626,C
0.18875768780708313,0.5563088059425354,5.021490210310731e-07,0.2647378742694855,0.546542227268219,-0.01615862362086773,0.34914517402648926,0.5034844875335693,-0.028842484578490257,0.4147717356681824,0.5016704201698303,-0.044828806072473526,0.4696978032588959,0.5094605088233948,-0.0611715167760849,0.35372501611709595,0.3299030065536499,-0.0003804351727012545,0.39964890480041504,0.24171707034111023,-0.0271152351051569,0.43853759765625,0.20847833156585693,-0.05212506279349327,0.4778444170951843,0.19218958914279938,-0.06958114355802536,0.3279968500137329,0.31428849697113037,-0.01273891981691122,0.37896955013275146,0.21750935912132263,-0.03866470232605934,0.42452767491340637,0.1933802217245102,-0.061003245413303375,0.4679436683654785,0.19322191178798676,-0.07512010633945465,0.29506272077560425,0.3145597279071808,-0.030256368219852448,0.3480234146118164,0.217194601893425,-0.05567999556660652,0.39753174781799316,0.19108031690120697,-0.07002094388008118,0.44537079334259033,0.18735334277153015,-0.07759269326925278,0.25733110308647156,0.3301112949848175,-0.05052918195724487,0.2995968461036682,0.26138660311698914,-0.07246212661266327,0.3379877507686615,0.22634752094745636,-0.0814007818698883,0.376607745885849,0.2069769948720932,-0.08599734306335449,C
0.19881503283977509,0.57106614112854,5.490770149663149e-07,0.27786821126937866,0.5569683313369751,-0.01550475787371397,0.36094769835472107,0.5181049108505249,-0.029814548790454865,0.427157461643219,0.51995849609375,-0.04789060726761818,0.48437923192977905,0.52492755651474,-0.06615494936704636,0.36399173736572266,0.34624016284942627,0.00014065882714930922,0.40702688694000244,0.2528534531593323,-0.028467142954468727,0.44753217697143555,0.21831509470939636,-0.05480002239346504,0.4889821410179138,0.20340363681316376,-0.07259112596511841,0.33894097805023193,0.33126741647720337,-0.013129905797541142,0.3886682689189911,0.23032326996326447,-0.03973438963294029,0.43546929955482483,0.20457331836223602,-0.06285731494426727,0.47985875606536865,0.20688174664974213,-0.07746069878339767,0.30685853958129883,0.33132755756378174,-0.031652405858039856,0.35827574133872986,0.23435717821121216,-0.055660273879766464,0.40744638442993164,0.2058725208044052,-0.0692412257194519,0.4550412893295288,0.20281396806240082,-0.07650679349899292,0.2699960470199585,0.34686657786369324,-0.05313524976372719,0.3116576671600342,0.27789369225502014,-0.0726378932595253,0.35113629698753357,0.24340154230594635,-0.08018423616886139,0.3904457092285156,0.22571532428264618,-0.0838383361697197,C
0.19666989147663116,0.571397066116333,5.023861149311415e-07,0.27622583508491516,0.5598414540290833,-0.013903500512242317,0.35958150029182434,0.5186309814453125,-0.026291143149137497,0.42486047744750977,0.5137245655059814,-0.04233846440911293,0.48115789890289307,0.518401026725769,-0.05840102583169937,0.36536306142807007,0.3498093783855438,0.0008406274137087166,0.4067879319190979,0.25693804025650024,-0.026997612789273262,0.44722235202789307,0.22156170010566711,-0.05220424383878708,0.4878709614276886,0.20699931681156158,-0.06899665296077728,0.33966368436813354,0.33487948775291443,-0.012424412183463573,0.3883325457572937,0.232052281498909,-0.038897719234228134,0.4350477159023285,0.20595449209213257,-0.06067773699760437,0.4788016378879547,0.20735253393650055,-0.07389671355485916,0.3074665069580078,0.33502355217933655,-0.030788376927375793,0.35862815380096436,0.23577918112277985,-0.05575835332274437,0.4075315594673157,0.20680208504199982,-0.06908190250396729,0.45429474115371704,0.20270876586437225,-0.07567378133535385,0.2706635594367981,0.3505869507789612,-0.0517725944519043,0.3131106197834015,0.28330135345458984,-0.07215207815170288,0.3527698516845703,0.24920876324176788,-0.08005118370056152,0.391796350479126,0.23118709027767181,-0.0837121233344078,C
0.19341324269771576,0.5753262639045715,5.164444019101211e-07,0.27465036511421204,0.561538577079773,-0.013872367329895496,0.3587648868560791,0.52108234167099,-0.027141738682985306,0.42462748289108276,0.5197158455848694,-0.04437567666172981,0.481611967086792,0.5263258218765259,-0.06180015951395035,0.363126277923584,0.3543204069137573,0.000812148442491889,0.4066004753112793,0.2630138397216797,-0.027774617075920105,0.4474042057991028,0.2278844267129898,-0.0538216233253479,0.4881517291069031,0.21182847023010254,-0.07145921140909195,0.3377288281917572,0.339505136013031,-0.013289685361087322,0.38753026723861694,0.2363181710243225,-0.040632862597703934,0.43518969416618347,0.2103523164987564,-0.0629979744553566,0.4800163507461548,0.20994801819324493,-0.07674842327833176,0.3049370050430298,0.3398001492023468,-0.032619722187519073,0.35805848240852356,0.239702969789505,-0.058549609035253525,0.40771061182022095,0.21156734228134155,-0.07205593585968018,0.4551604986190796,0.20625925064086914,-0.07876602560281754,0.26723530888557434,0.35628172755241394,-0.054581418633461,0.31019851565361023,0.28994375467300415,-0.07554835826158524,0.3495825231075287,0.25557079911231995,-0.08351850509643555,0.3879399001598358,0.23544733226299286,-0.08734270930290222,C
0.1972632259130478,0.5867522358894348,5.320681566445273e-07,0.27759313583374023,0.5723693370819092,-0.014971807599067688,0.35849544405937195,0.5320188403129578,-0.029357288032770157,0.4229315519332886,0.5303062200546265,-0.04763420671224594,0.4790492355823517,0.5367106199264526,-0.06594347953796387,0.3651279807090759,0.36535191535949707,-0.002541969995945692,0.4074246287345886,0.2678135633468628,-0.03282680734992027,0.44940873980522156,0.2349303513765335,-0.05953683704137802,0.49122312664985657,0.222547709941864,-0.07726595550775528,0.3400467038154602,0.3507937490940094,-0.016206910833716393,0.3893909156322479,0.2442515641450882,-0.04572947695851326,0.43807971477508545,0.22131790220737457,-0.06914129108190536,0.48297515511512756,0.22599929571151733,-0.08325265347957611,0.30774083733558655,0.3511427640914917,-0.03500410169363022,0.35984107851982117,0.24773433804512024,-0.062282662838697433,0.40956103801727295,0.22352667152881622,-0.07667919248342514,0.4566197693347931,0.22506676614284515,-0.08361318707466125,0.27038559317588806,0.36683666706085205,-0.056508347392082214,0.3134935796260834,0.2979987859725952,-0.07909967005252838,0.3536072075366974,0.2624691426753998,-0.08867333084344864,0.3923129439353943,0.24365906417369843,-0.09329341351985931,C
0.1955622434616089,0.5793827176094055,5.400939357969037e-07,0.2772175073623657,0.565399169921875,-0.015854446217417717,0.3629568815231323,0.5251516699790955,-0.029870953410863876,0.43110761046409607,0.523349404335022,-0.04774479940533638,0.4891502857208252,0.5253037214279175,-0.06550103425979614,0.36549729108810425,0.3567660450935364,0.0006085821660235524,0.4067874550819397,0.26367104053497314,-0.029479341581463814,0.45007914304733276,0.23082074522972107,-0.057139802724123,0.4926832914352417,0.2197682410478592,-0.07525967806577682,0.339762806892395,0.34076830744743347,-0.01231257151812315,0.3885212540626526,0.2369062602519989,-0.04077562317252159,0.43706995248794556,0.2143295258283615,-0.0644816979765892,0.4820566773414612,0.2199573665857315,-0.07854896783828735,0.3081011474132538,0.34157082438468933,-0.03062915988266468,0.35886749625205994,0.23952767252922058,-0.057270169258117676,0.4090394377708435,0.21578678488731384,-0.07084251940250397,0.4570333957672119,0.21828249096870422,-0.07680145651102066,0.27192503213882446,0.3594518303871155,-0.051823802292346954,0.31474167108535767,0.2906688451766968,-0.07274489849805832,0.3544620871543884,0.25801989436149597,-0.08006962388753891,0.3929787874221802,0.24347463250160217,-0.08272703737020493,C
0.19353389739990234,0.5866303443908691,5.168749908079917e-07,0.2731438875198364,0.5722081661224365,-0.014276701956987381,0.35441678762435913,0.5312703847885132,-0.028106315061450005,0.4190821349620819,0.5280078649520874,-0.045593202114105225,0.4747520089149475,0.5309780836105347,-0.06321658194065094,0.3602451682090759,0.36210888624191284,-0.002467784099280834,0.4031246304512024,0.2678031921386719,-0.03217870742082596,0.44481486082077026,0.23354320228099823,-0.05853951722383499,0.48636114597320557,0.21826520562171936,-0.07623830437660217,0.33514681458473206,0.3479141294956207,-0.01645156741142273,0.3851374089717865,0.2431422770023346,-0.04460877180099487,0.4344276785850525,0.21720679104328156,-0.06725837290287018,0.47996169328689575,0.21678981184959412,-0.08134719729423523,0.302471786737442,0.34933191537857056,-0.035486601293087006,0.35560551285743713,0.24825727939605713,-0.06189459562301636,0.40625184774398804,0.22093833982944489,-0.07598967850208282,0.45367610454559326,0.2165522277355194,-0.08323445171117783,0.264695405960083,0.36665186285972595,-0.057102642953395844,0.3071669042110443,0.29796624183654785,-0.07928548753261566,0.3470710813999176,0.262809693813324,-0.08836819976568222,0.3857480585575104,0.24239881336688995,-0.0929097831249237,C
0.19337762892246246,0.5795146226882935,5.251877723821963e-07,0.2728441059589386,0.5657632946968079,-0.015811951830983162,0.3577595055103302,0.522821843624115,-0.029498502612113953,0.42551490664482117,0.5200328826904297,-0.046546440571546555,0.4817392826080322,0.5255132913589478,-0.06373003870248795,0.35847121477127075,0.3542669117450714,-0.0038455966860055923,0.39939039945602417,0.25766193866729736,-0.03419257327914238,0.4416608512401581,0.22284843027591705,-0.060825787484645844,0.48381245136260986,0.20953340828418732,-0.0782955065369606,0.33262813091278076,0.3405457139015198,-0.016651108860969543,0.3806672692298889,0.234421506524086,-0.0457778126001358,0.43000757694244385,0.20943915843963623,-0.06857695430517197,0.4759819805622101,0.21149013936519623,-0.08208931237459183,0.29996368288993835,0.3425869941711426,-0.03459277004003525,0.3505759835243225,0.23970668017864227,-0.062116589397192,0.4011301100254059,0.21362701058387756,-0.07618192583322525,0.44942593574523926,0.21233220398426056,-0.08263177424669266,0.2623688578605652,0.36042797565460205,-0.05524144321680069,0.3042758107185364,0.2908504605293274,-0.07798151671886444,0.3444524109363556,0.255962610244751,-0.0870300680398941,0.3839494287967682,0.2375897765159607,-0.09103792160749435,C
0.1913520246744156,0.5823973417282104,5.275253442960093e-07,0.27049654722213745,0.5678881406784058,-0.014456367120146751,0.3536319136619568,0.5248659253120422,-0.027702748775482178,0.42006248235702515,0.5215331315994263,-0.04458637163043022,0.476686030626297,0.5263975262641907,-0.06161382794380188,0.3553212285041809,0.3571930527687073,-0.002053454052656889,0.3991609215736389,0.2615588903427124,-0.03130951523780823,0.4413684904575348,0.22623920440673828,-0.056689899414777756,0.48351824283599854,0.21070165932178497,-0.07362671196460724,0.33045142889022827,0.3426165282726288,-0.015634305775165558,0.38096562027931213,0.23772770166397095,-0.04384554550051689,0.43075838685035706,0.2116069197654724,-0.06578559428453445,0.47675254940986633,0.21066401898860931,-0.07909409701824188,0.2982763350009918,0.34317418932914734,-0.03442384675145149,0.351540207862854,0.24073423445224762,-0.061556972563266754,0.40331974625587463,0.21390540897846222,-0.07549475878477097,0.4518550634384155,0.2101016640663147,-0.08223820477724075,0.2610059380531311,0.35878467559814453,-0.055768631398677826,0.3039599359035492,0.28931352496147156,-0.07850150763988495,0.34483540058135986,0.2544953227043152,-0.08779538422822952,0.3844948410987854,0.2345346212387085,-0.09233583509922028,C
0.18689066171646118,0.5892727971076965,4.857363933297165e-07,0.2692888081073761,0.5707038640975952,-0.011897018179297447,0.3499469459056854,0.5291253924369812,-0.02408090978860855,0.41298556327819824,0.5244945883750916,-0.04063480719923973,0.4670584499835968,0.5263546109199524,-0.05735718831419945,0.35325342416763306,0.3601195216178894,0.0024822221603244543,0.39663684368133545,0.266647070646286,-0.026146387681365013,0.4375801682472229,0.23399704694747925,-0.05196855962276459,0.4788922369480133,0.21924316883087158,-0.06936759501695633,0.3278939127922058,0.346736878156662,-0.012244924902915955,0.37770727276802063,0.24465826153755188,-0.03957710042595863,0.42573970556259155,0.21905943751335144,-0.06195154786109924,0.47132232785224915,0.21736513078212738,-0.07592989504337311,0.29558447003364563,0.3479812443256378,-0.032099947333335876,0.34817126393318176,0.24786393344402313,-0.05822945386171341,0.3982493579387665,0.22026030719280243,-0.07228763401508331,0.4460848271846771,0.21540549397468567,-0.07937882095575333,0.25850939750671387,0.36403805017471313,-0.05440806970000267,0.30165499448776245,0.2939578890800476,-0.07654815167188644,0.34144145250320435,0.25726863741874695,-0.08572834730148315,0.38029515743255615,0.2357954978942871,-0.09029539674520493,C
0.18360783159732819,0.5903221368789673,5.294548373058205e-07,0.2627665400505066,0.5734918117523193,-0.013558980077505112,0.34428635239601135,0.5302539467811584,-0.02639712207019329,0.4084993004798889,0.5273528099060059,-0.042977120727300644,0.46288883686065674,0.5310856699943542,-0.05976268649101257,0.3499690592288971,0.35875970125198364,-0.0004689414636231959,0.39021483063697815,0.2624724805355072,-0.02941014990210533,0.4317110776901245,0.22635580599308014,-0.05552205815911293,0.47468191385269165,0.21001367270946503,-0.07295025140047073,0.32403236627578735,0.3468998670578003,-0.014140769839286804,0.3714497685432434,0.24297137558460236,-0.04065863788127899,0.4198751747608185,0.2161053568124771,-0.06247298792004585,0.46675562858581543,0.2147613763809204,-0.07610033452510834,0.2911088168621063,0.3500867486000061,-0.032838113605976105,0.3404489755630493,0.25053268671035767,-0.05782733112573624,0.389862596988678,0.2214091569185257,-0.07071482390165329,0.43799880146980286,0.2160331904888153,-0.07710856944322586,0.25268256664276123,0.36835336685180664,-0.054170068353414536,0.2930009067058563,0.2969435453414917,-0.07445472478866577,0.3314751982688904,0.26178646087646484,-0.08169517666101456,0.3695758879184723,0.24232040345668793,-0.08486632257699966,C
0.18273386359214783,0.5875214338302612,5.042359134677099e-07,0.26553380489349365,0.5751992464065552,-0.012539816088974476,0.34665822982788086,0.5434659123420715,-0.028455842286348343,0.4076003432273865,0.5544432997703552,-0.04845321923494339,0.46123838424682617,0.5750411748886108,-0.06958401948213577,0.35867831110954285,0.36105918884277344,-0.006458695512264967,0.4017714858055115,0.266695499420166,-0.037125639617443085,0.4413353204727173,0.22862179577350616,-0.063748300075531,0.4826902747154236,0.2069786638021469,-0.08231755346059799,0.33229219913482666,0.34840115904808044,-0.023152578622102737,0.38147392868995667,0.2436651587486267,-0.05127176269888878,0.4311889708042145,0.21115659177303314,-0.07366494089365005,0.4789216220378876,0.20008546113967896,-0.08877144753932953,0.2977212965488434,0.3534538447856903,-0.04465075954794884,0.3513093590736389,0.2493143081665039,-0.07231513410806656,0.4021958112716675,0.21514244377613068,-0.08818569034337997,0.45019322633743286,0.19968725740909576,-0.0974549651145935,0.2577911615371704,0.37630215287208557,-0.06833638995885849,0.2958378791809082,0.3025086224079132,-0.09307672828435898,0.33209818601608276,0.25948262214660645,-0.1041988804936409,0.36646267771720886,0.22758899629116058,-0.11080741137266159,C
0.1848098486661911,0.5815339684486389,4.7373956135743356e-07,0.2678014636039734,0.5704221129417419,-0.010801444761455059,0.3485562801361084,0.5353419780731201,-0.023185044527053833,0.4096182882785797,0.5420305132865906,-0.03988153487443924,0.4609466791152954,0.5596532225608826,-0.057688821107149124,0.36365440487861633,0.3535250425338745,-0.001691461424343288,0.408130407333374,0.2603296935558319,-0.030151665210723877,0.447294682264328,0.22137096524238586,-0.05503132566809654,0.48881202936172485,0.19910864531993866,-0.07278977334499359,0.33739033341407776,0.3399702310562134,-0.018200349062681198,0.3872843086719513,0.23902976512908936,-0.04513321444392204,0.4358554482460022,0.2053995430469513,-0.06694649159908295,0.4834302067756653,0.19230744242668152,-0.08192822337150574,0.3022608757019043,0.3429877758026123,-0.039709921926259995,0.35606202483177185,0.24432939291000366,-0.06746409833431244,0.4048951268196106,0.2074705809354782,-0.08465395867824554,0.45135605335235596,0.18802936375141144,-0.09509547799825668,0.26053890585899353,0.36194777488708496,-0.06322572380304337,0.30009233951568604,0.28974440693855286,-0.0892353504896164,0.33496353030204773,0.24466575682163239,-0.10250275582075119,0.36852627992630005,0.20862792432308197,-0.11091883480548859,C
0.18752722442150116,0.5848466753959656,5.093048685012036e-07,0.27133092284202576,0.5718927383422852,-0.015561606734991074,0.3536096513271332,0.5429696440696716,-0.033274419605731964,0.41808202862739563,0.5562992691993713,-0.05430645868182182,0.4735097885131836,0.5742879509925842,-0.07630836218595505,0.3564341068267822,0.3540496230125427,-0.01065737847238779,0.3995507061481476,0.2538083791732788,-0.04152511805295944,0.43812912702560425,0.21295829117298126,-0.06806690245866776,0.47898924350738525,0.18877583742141724,-0.08685420453548431,0.33084526658058167,0.34254947304725647,-0.026104751974344254,0.37952902913093567,0.23609410226345062,-0.054515715688467026,0.4285900890827179,0.2032279670238495,-0.07705028355121613,0.4752678871154785,0.1918722689151764,-0.09272891283035278,0.2971065640449524,0.34781989455223083,-0.04653261601924896,0.3502434194087982,0.24324454367160797,-0.07377295941114426,0.40132302045822144,0.20772960782051086,-0.08977098762989044,0.4492824673652649,0.1906302571296692,-0.09977618604898453,0.2576587200164795,0.3705299496650696,-0.06943485140800476,0.2948653995990753,0.29524391889572144,-0.09426411986351013,0.3304734528064728,0.25142210721969604,-0.10583866387605667,0.3642708957195282,0.2184693068265915,-0.11314370483160019,C
0.18421153724193573,0.590704619884491,5.281357857711555e-07,0.2656792998313904,0.5811557769775391,-0.014325415715575218,0.3454761803150177,0.547918438911438,-0.03119567036628723,0.40842708945274353,0.5543491244316101,-0.0523480661213398,0.46057677268981934,0.5687536597251892,-0.0743504986166954,0.3581620752811432,0.3574643135070801,-0.0051128617487847805,0.4016128480434418,0.2595754563808441,-0.03444620221853256,0.44131165742874146,0.2208241969347,-0.060744114220142365,0.4826503098011017,0.19853565096855164,-0.07932854443788528,0.3315051198005676,0.34643566608428955,-0.021251901984214783,0.38045114278793335,0.2414691001176834,-0.04816477373242378,0.43045181035995483,0.20955048501491547,-0.07064516097307205,0.4781453609466553,0.19963721930980682,-0.08614614605903625,0.29683777689933777,0.3520739674568176,-0.04245100915431976,0.349976122379303,0.24792364239692688,-0.06852219253778458,0.4014321267604828,0.21278643608093262,-0.08391094207763672,0.44952332973480225,0.1968875378370285,-0.09335728734731674,0.2556862533092499,0.37518537044525146,-0.06622083485126495,0.2948331832885742,0.3009679317474365,-0.08862435817718506,0.330685019493103,0.25624799728393555,-0.09858870506286621,0.36426275968551636,0.22298693656921387,-0.10486914962530136,C
0.18489055335521698,0.573140025138855,5.588956355495611e-07,0.27044811844825745,0.5668985247612,-0.018084852024912834,0.3562997877597809,0.535374641418457,-0.03536579757928848,0.4225197434425354,0.534824550151825,-0.05618807673454285,0.4804132282733917,0.5325297117233276,-0.07723572105169296,0.36298832297325134,0.3460983633995056,-0.004188254941254854,0.40647605061531067,0.252905935049057,-0.034663476049900055,0.44709983468055725,0.21421295404434204,-0.06243966892361641,0.4899730086326599,0.19189774990081787,-0.08187690377235413,0.33522897958755493,0.33096903562545776,-0.018444806337356567,0.3832007348537445,0.22918812930583954,-0.04596494138240814,0.4335467517375946,0.19563420116901398,-0.06995456665754318,0.4835599362850189,0.18210497498512268,-0.08666938543319702,0.3002651035785675,0.33412474393844604,-0.038482047617435455,0.3516981899738312,0.23500828444957733,-0.06604158878326416,0.402227520942688,0.20015843212604523,-0.08202667534351349,0.4508010447025299,0.18430492281913757,-0.09161142259836197,0.2593742907047272,0.35579776763916016,-0.06146342679858208,0.29919692873954773,0.28331997990608215,-0.08488334715366364,0.33507391810417175,0.23816509544849396,-0.09545578062534332,0.36911559104919434,0.2037324756383896,-0.10196065157651901,C
0.19405975937843323,0.5951690673828125,5.563926492868632e-07,0.2801910638809204,0.5834207534790039,-0.018155815079808235,0.3627476990222931,0.5524608492851257,-0.0372006893157959,0.428096741437912,0.5495396852493286,-0.05977853760123253,0.48771482706069946,0.5428419709205627,-0.08314982056617737,0.37137487530708313,0.3732999861240387,-0.007441999856382608,0.42017146944999695,0.2774682343006134,-0.03803633898496628,0.46125003695487976,0.2373073548078537,-0.06492950767278671,0.5021637678146362,0.2137472927570343,-0.08351952582597733,0.3455548882484436,0.35651275515556335,-0.021935002878308296,0.39842918515205383,0.2550603151321411,-0.049591127783060074,0.44843751192092896,0.22150251269340515,-0.0732467770576477,0.4950161278247833,0.21115393936634064,-0.08960992842912674,0.3106917142868042,0.3574191927909851,-0.04188301041722298,0.3667701482772827,0.2571607828140259,-0.06834566593170166,0.4174284338951111,0.22040699422359467,-0.08384403586387634,0.4651588201522827,0.2037857472896576,-0.09379767626523972,0.2688868045806885,0.3767209053039551,-0.06455724686384201,0.3094119429588318,0.3051134943962097,-0.08747454732656479,0.3453851342201233,0.2617989778518677,-0.09700845927000046,0.3786265552043915,0.22961784899234772,-0.1029602587223053,C
0.19352225959300995,0.5919547080993652,5.21219646998361e-07,0.2787054479122162,0.5828014016151428,-0.017652316018939018,0.3620034456253052,0.5512510538101196,-0.03500102087855339,0.4271918535232544,0.5467424392700195,-0.05598831549286842,0.48402103781700134,0.5382612943649292,-0.077373206615448,0.37288936972618103,0.3729403018951416,-0.006796875968575478,0.4224041700363159,0.2790241241455078,-0.037435680627822876,0.4630138874053955,0.24182212352752686,-0.06437617540359497,0.5044974088668823,0.2213170826435089,-0.08302975445985794,0.3462332785129547,0.3564282953739166,-0.021156109869480133,0.39719560742378235,0.2542087435722351,-0.049374859780073166,0.4460439682006836,0.21898894011974335,-0.07327830046415329,0.49391716718673706,0.20745046436786652,-0.08992425352334976,0.3114433288574219,0.358350545167923,-0.041029803454875946,0.363798588514328,0.257022500038147,-0.06858314573764801,0.4122534990310669,0.2206350713968277,-0.08500830829143524,0.45945030450820923,0.20712287724018097,-0.09535213559865952,0.270419716835022,0.37750867009162903,-0.0637047067284584,0.310247540473938,0.30611348152160645,-0.08798503130674362,0.3457803428173065,0.26185542345046997,-0.09945190697908401,0.3793833553791046,0.23106729984283447,-0.10669223219156265,C
0.19499598443508148,0.5982793569564819,5.489663408297929e-07,0.27717265486717224,0.5863922834396362,-0.018880385905504227,0.35879212617874146,0.5517183542251587,-0.03691742569208145,0.4251256585121155,0.5470133423805237,-0.058285605162382126,0.48330187797546387,0.5418366193771362,-0.08000494539737701,0.37042367458343506,0.37305396795272827,-0.007312001194804907,0.418352335691452,0.27855440974235535,-0.0378236249089241,0.4590356647968292,0.23952879011631012,-0.06498758494853973,0.5008695125579834,0.2176370471715927,-0.08372306823730469,0.34400632977485657,0.357690691947937,-0.020869985222816467,0.3949330747127533,0.2557983994483948,-0.04849481210112572,0.44432950019836426,0.2223799079656601,-0.07199781388044357,0.49216681718826294,0.21412363648414612,-0.08806587010622025,0.30939796566963196,0.36058127880096436,-0.03991185501217842,0.3607926368713379,0.25940796732902527,-0.06656085699796677,0.41058558225631714,0.2253337800502777,-0.08194615691900253,0.4588455557823181,0.21503324806690216,-0.0912664607167244,0.2688526213169098,0.3817073106765747,-0.06190529838204384,0.30808794498443604,0.30891159176826477,-0.0846424475312233,0.34412723779678345,0.2658945322036743,-0.09438265860080719,0.37819904088974,0.23776490986347198,-0.10017971694469452,C
0.19914183020591736,0.5943518877029419,3.723860970694659e-07,0.28336501121520996,0.5870958566665649,-0.008316345512866974,0.36218732595443726,0.5472483038902283,-0.02056049555540085,0.42291921377182007,0.5300176739692688,-0.037837203592061996,0.4764423072338104,0.5172109007835388,-0.0543002188205719,0.37393471598625183,0.3872741460800171,-0.0027872517239302397,0.41686391830444336,0.2825988531112671,-0.0340411402285099,0.4623817801475525,0.2763499617576599,-0.06057915464043617,0.4960445165634155,0.29509207606315613,-0.07636463642120361,0.347363144159317,0.37013792991638184,-0.01829243265092373,0.39461299777030945,0.24415335059165955,-0.050973184406757355,0.446317195892334,0.24958808720111847,-0.07653650641441345,0.47772806882858276,0.2875533103942871,-0.090426504611969,0.31438806653022766,0.3701857030391693,-0.03748096898198128,0.3629942536354065,0.2481624037027359,-0.06681816279888153,0.4146408438682556,0.2508556842803955,-0.08349770307540894,0.4509865641593933,0.2815549969673157,-0.09084451198577881,0.27662193775177,0.38749438524246216,-0.05798023194074631,0.3193140923976898,0.31630027294158936,-0.08220438659191132,0.3620744049549103,0.28485339879989624,-0.0946754738688469,0.3966315686702728,0.2730023264884949,-0.10075365751981735,C
0.19119521975517273,0.5895310640335083,2.52469135375577e-07,0.2792602777481079,0.5749867558479309,-0.004292680416256189,0.36045292019844055,0.5300120115280151,-0.016204101964831352,0.42413848638534546,0.5160551071166992,-0.03428278863430023,0.4800529479980469,0.514338493347168,-0.05214661359786987,0.3670095205307007,0.3773113489151001,-0.0016639514360576868,0.41305357217788696,0.27290427684783936,-0.03390173986554146,0.45614883303642273,0.28284481167793274,-0.062054846435785294,0.48744556307792664,0.31267690658569336,-0.08026038855314255,0.3410465717315674,0.3660069406032562,-0.020594531670212746,0.3948368430137634,0.24111637473106384,-0.05503837764263153,0.4419320225715637,0.2607874274253845,-0.08374231308698654,0.4699842631816864,0.3019119203090668,-0.10106655210256577,0.30793479084968567,0.3682292103767395,-0.042767297476530075,0.3628014624118805,0.24975259602069855,-0.07283464074134827,0.4126138389110565,0.2650127410888672,-0.0907956212759018,0.4478231966495514,0.299927294254303,-0.10039830207824707,0.26970070600509644,0.3862858712673187,-0.06609512120485306,0.31487229466438293,0.31755340099334717,-0.08970704674720764,0.35899361968040466,0.28715091943740845,-0.10338743776082993,0.39612239599227905,0.27023041248321533,-0.11243603378534317,C
0.1769840270280838,0.5910894870758057,4.059280058754666e-07,0.2714109718799591,0.5692158937454224,-0.0026654473040252924,0.35779133439064026,0.5224800705909729,-0.012999176979064941,0.42387327551841736,0.5122862458229065,-0.0308565441519022,0.4823673367500305,0.5202001929283142,-0.04866836220026016,0.3530188500881195,0.37884798645973206,0.014007801190018654,0.4152681827545166,0.3219851851463318,-0.017792996019124985,0.4613983631134033,0.3484436869621277,-0.04778645187616348,0.4953534007072449,0.3905664384365082,-0.06785739213228226,0.3282034993171692,0.36393260955810547,-0.005444110371172428,0.40596359968185425,0.3041040897369385,-0.042880769819021225,0.455186665058136,0.3406921625137329,-0.07371629029512405,0.48655009269714355,0.39154699444770813,-0.0905073955655098,0.29807355999946594,0.3628237247467041,-0.029047613963484764,0.3783573508262634,0.3013767600059509,-0.06069137528538704,0.4304775297641754,0.3342033922672272,-0.07667079567909241,0.46929115056991577,0.37842798233032227,-0.08348318189382553,0.263727605342865,0.3787872791290283,-0.05431715399026871,0.32378754019737244,0.3450334966182709,-0.07823918014764786,0.3724547028541565,0.33440345525741577,-0.08949708938598633,0.4172557592391968,0.33215904235839844,-0.09554219245910645,C
0.1874082088470459,0.577710747718811,3.684135378989595e-07,0.27315574884414673,0.5621781349182129,-0.0018866724567487836,0.3540218770503998,0.5241857767105103,-0.013701126910746098,0.41526922583580017,0.5178406238555908,-0.03202134370803833,0.4687977731227875,0.524833083152771,-0.05022011324763298,0.3495209515094757,0.36479857563972473,0.004392310045659542,0.4000477194786072,0.2809911072254181,-0.02570616640150547,0.4454248249530792,0.290536105632782,-0.05229499936103821,0.48072201013565063,0.3186226189136505,-0.06960181146860123,0.32592910528182983,0.35411983728408813,-0.014801254495978355,0.3875134289264679,0.2554842233657837,-0.04782796651124954,0.4378492534160614,0.27558594942092896,-0.07365483790636063,0.4699285626411438,0.3194153904914856,-0.08799301087856293,0.2964774966239929,0.35688528418540955,-0.03724606707692146,0.36018651723861694,0.2595909833908081,-0.06516934186220169,0.41330647468566895,0.273152232170105,-0.07935437560081482,0.45291125774383545,0.30545157194137573,-0.08583838492631912,0.2637941539287567,0.3761822581291199,-0.06089341267943382,0.3144345283508301,0.32074204087257385,-0.08226560056209564,0.36005699634552,0.2983379364013672,-0.09228286147117615,0.4001719355583191,0.2890687584877014,-0.0977313444018364,C
0.19512352347373962,0.5934387445449829,2.8286402198318683e-07,0.2781763970851898,0.5786929130554199,0.001392365898936987,0.35580599308013916,0.5386397242546082,-0.007118996698409319,0.4159237742424011,0.5439605116844177,-0.022889159619808197,0.466683030128479,0.5622432231903076,-0.0393550768494606,0.36208575963974,0.3713538348674774,0.002718811621889472,0.396822065114975,0.2613168954849243,-0.026981588453054428,0.4373912811279297,0.253099262714386,-0.051746197044849396,0.4695616364479065,0.2756504416465759,-0.06646593660116196,0.3387257158756256,0.36239486932754517,-0.01763826608657837,0.374935507774353,0.23057879507541656,-0.04531881958246231,0.4253133237361908,0.22087371349334717,-0.06684315949678421,0.459682822227478,0.25084638595581055,-0.07956588268280029,0.30862465500831604,0.3693954348564148,-0.04147343710064888,0.34703660011291504,0.23969753086566925,-0.06700483709573746,0.3958650827407837,0.2312307506799698,-0.08270198106765747,0.43191030621528625,0.2558728754520416,-0.09062719345092773,0.27461186051368713,0.3929474949836731,-0.06608849763870239,0.3037876784801483,0.3106176257133484,-0.0905858501791954,0.3407595157623291,0.2725372314453125,-0.1041773110628128,0.37189802527427673,0.2572901248931885,-0.11140947043895721,C
0.1823471486568451,0.6360421180725098,4.0726069983065827e-07,0.2631376385688782,0.6020863056182861,-0.006089575123041868,0.33738958835601807,0.5527739524841309,-0.021750416606664658,0.399822860956192,0.5469639301300049,-0.04376630857586861,0.4550057053565979,0.5510764122009277,-0.06634136289358139,0.32156607508659363,0.3740718364715576,-0.004464701749384403,0.33242931962013245,0.2530076205730438,-0.038021668791770935,0.371778279542923,0.22147609293460846,-0.06640128046274185,0.4118710160255432,0.22210054099559784,-0.0837075337767601,0.29669612646102905,0.37285691499710083,-0.02446097508072853,0.31328752636909485,0.2357962429523468,-0.05714423581957817,0.362478643655777,0.21040861308574677,-0.08284610509872437,0.40424591302871704,0.22816474735736847,-0.09790199249982834,0.26855018734931946,0.3866361379623413,-0.04836684837937355,0.28759726881980896,0.25417661666870117,-0.07596100121736526,0.33758047223091125,0.22817449271678925,-0.0934746190905571,0.38206401467323303,0.23930339515209198,-0.10226520150899887,0.23894405364990234,0.4183179438114166,-0.07398519665002823,0.25581490993499756,0.32447895407676697,-0.09657449275255203,0.2888539433479309,0.27698296308517456,-0.10849972069263458,0.32115867733955383,0.2551438808441162,-0.11475419998168945,C
0.19595739245414734,0.6461371183395386,4.263235950929811e-07,0.26973193883895874,0.6171207427978516,-0.01143783051520586,0.3453800678253174,0.5578687191009521,-0.025919150561094284,0.411373496055603,0.5442509651184082,-0.0452524796128273,0.4676777720451355,0.543972373008728,-0.0645807534456253,0.3237549066543579,0.3819786608219147,-0.005690894555300474,0.3352873921394348,0.26289576292037964,-0.03715115785598755,0.37233269214630127,0.23147128522396088,-0.06413553655147552,0.4102252423763275,0.23136566579341888,-0.08056970685720444,0.29875653982162476,0.37826240062713623,-0.021049844101071358,0.31592705845832825,0.24516983330249786,-0.05161925405263901,0.36246389150619507,0.21988140046596527,-0.07579702883958817,0.4026140868663788,0.23753872513771057,-0.08954209089279175,0.2703477144241333,0.39007270336151123,-0.040724292397499084,0.2910318374633789,0.2610471248626709,-0.06631951034069061,0.33851903676986694,0.2356339395046234,-0.08208431303501129,0.3815940022468567,0.24638731777668,-0.08955808728933334,0.23990866541862488,0.41895368695259094,-0.06264995038509369,0.26059138774871826,0.32925596833229065,-0.08284860104322433,0.29183435440063477,0.2802160084247589,-0.09324285387992859,0.32255491614341736,0.2562224268913269,-0.09838744252920151,C
0.19133435189723969,0.6586645245552063,4.850977575188153e-07,0.265982449054718,0.6254864931106567,-0.009451433084905148,0.33898791670799255,0.5652632117271423,-0.021977169439196587,0.4012625217437744,0.5469310879707336,-0.03971133753657341,0.4562428295612335,0.5446396470069885,-0.05725240334868431,0.31849801540374756,0.4033358097076416,0.0041583520360291,0.340973824262619,0.29908064007759094,-0.024043984711170197,0.3798507750034332,0.26918309926986694,-0.050215885043144226,0.42069241404533386,0.2618667185306549,-0.06749789416790009,0.2936594486236572,0.39812326431274414,-0.011675226502120495,0.3236874043941498,0.28206056356430054,-0.03996812552213669,0.368818998336792,0.2589818835258484,-0.06346389651298523,0.4120984375476837,0.26510703563690186,-0.0773714929819107,0.2652926445007324,0.40621238946914673,-0.03208915516734123,0.2997554540634155,0.2921561896800995,-0.057475097477436066,0.34755054116249084,0.2678031921386719,-0.07074405252933502,0.3940677046775818,0.2702212333679199,-0.07666312158107758,0.2353731095790863,0.4308813512325287,-0.05487709492444992,0.26885440945625305,0.35233232378959656,-0.0746917873620987,0.30383437871932983,0.310990571975708,-0.0825607106089592,0.3379291296005249,0.28826606273651123,-0.08609011024236679,C
0.1821301132440567,0.6503903269767761,4.418382957283029e-07,0.2587167024612427,0.620519757270813,-0.005012293346226215,0.3336615264415741,0.5587013363838196,-0.01360042579472065,0.3947147727012634,0.5399755239486694,-0.02800050936639309,0.4489099979400635,0.5374037623405457,-0.04221208766102791,0.31359606981277466,0.40058398246765137,0.010578525252640247,0.33793583512306213,0.3005942404270172,-0.014032458886504173,0.37591421604156494,0.26712852716445923,-0.03725011274218559,0.41563326120376587,0.2573772668838501,-0.052763305604457855,0.2894248962402344,0.3955833911895752,-0.006548328325152397,0.31992605328559875,0.2817741632461548,-0.030959833413362503,0.36518529057502747,0.25431469082832336,-0.05195506289601326,0.4087032079696655,0.25655895471572876,-0.06472364813089371,0.2622896134853363,0.40425390005111694,-0.028175150975584984,0.2985187768936157,0.2939629554748535,-0.051183439791202545,0.34600430727005005,0.26560989022254944,-0.06380535662174225,0.3918015956878662,0.2625212073326111,-0.0699472427368164,0.2346159815788269,0.4290786385536194,-0.0517834797501564,0.27093246579170227,0.3534287214279175,-0.07040194422006607,0.30732038617134094,0.31289082765579224,-0.078229621052742,0.3427547216415405,0.28936800360679626,-0.0821627527475357,C
0.18198932707309723,0.6566551923751831,4.3973878405267897e-07,0.26062750816345215,0.623971164226532,-0.0006424743914976716,0.3330099582672119,0.5601787567138672,-0.006279351655393839,0.3926931917667389,0.5410882830619812,-0.018931671977043152,0.44774073362350464,0.5374933481216431,-0.03147216513752937,0.3092106282711029,0.40445029735565186,0.021593963727355003,0.33549928665161133,0.30712196230888367,0.001117585226893425,0.3726608455181122,0.26886236667633057,-0.020243212580680847,0.4115559458732605,0.251432865858078,-0.035142261534929276,0.2873991131782532,0.39757755398750305,0.0025585961993783712,0.3204399645328522,0.28813016414642334,-0.016816195100545883,0.3647610545158386,0.2550511062145233,-0.03612169623374939,0.4088926315307617,0.24884387850761414,-0.04861603304743767,0.2635435163974762,0.40399089455604553,-0.021184219047427177,0.3010333180427551,0.296578586101532,-0.039954774081707,0.34857770800590515,0.26141592860221863,-0.05133610963821411,0.3958260715007782,0.25149908661842346,-0.05745096504688263,0.24034106731414795,0.4258628487586975,-0.046930428594350815,0.27724939584732056,0.3480914235115051,-0.061781145632267,0.3130642771720886,0.3047533631324768,-0.0674065425992012,0.34831514954566956,0.2794179320335388,-0.0703621655702591,C
0.1757219135761261,0.6450979709625244,5.159726015335764e-07,0.25140243768692017,0.6110670566558838,-0.0063248309306800365,0.3262788951396942,0.5400851368904114,-0.012851277366280556,0.3913074731826782,0.5188673138618469,-0.024977952241897583,0.4493757486343384,0.5187762379646301,-0.0370272658765316,0.3014205992221832,0.39114910364151,0.016699789091944695,0.3349989354610443,0.30356818437576294,-0.005672261584550142,0.37489718198776245,0.2747747302055359,-0.028527330607175827,0.41446197032928467,0.265025794506073,-0.04435808211565018,0.27743104100227356,0.3824751377105713,0.001497312099672854,0.31729182600975037,0.28139185905456543,-0.021254489198327065,0.36364755034446716,0.257925420999527,-0.042605556547641754,0.4081476926803589,0.26017236709594727,-0.05561169609427452,0.24993708729743958,0.38845908641815186,-0.018687669187784195,0.2928936779499054,0.28884974122047424,-0.041848450899124146,0.3432294726371765,0.2633243799209595,-0.0560452863574028,0.3919813632965088,0.2609623074531555,-0.06281771510839462,0.2217685729265213,0.4088086783885956,-0.040944214910268784,0.2643609642982483,0.33815473318099976,-0.05981064587831497,0.3038097321987152,0.3029670715332031,-0.06811129301786423,0.3431331217288971,0.2842530310153961,-0.07218626886606216,C
0.17895692586898804,0.6416051983833313,4.318759181387577e-07,0.2511862814426422,0.6135278940200806,-0.006831747945398092,0.3284420371055603,0.5409541130065918,-0.014007664285600185,0.39416027069091797,0.5204402208328247,-0.02627321146428585,0.450495183467865,0.5226781368255615,-0.038395900279283524,0.3043009340763092,0.3902651071548462,0.00944557972252369,0.3308042585849762,0.2975825071334839,-0.013735946267843246,0.3684339225292206,0.2684592604637146,-0.03592485561966896,0.4069299101829529,0.26093459129333496,-0.05124925822019577,0.2793148159980774,0.3835260272026062,-0.005861707031726837,0.31400591135025024,0.2767212986946106,-0.030160101130604744,0.35918349027633667,0.25509411096572876,-0.050668489187955856,0.4020639955997467,0.26011452078819275,-0.06270693987607956,0.2514042854309082,0.39159008860588074,-0.025639738887548447,0.291294664144516,0.2859618663787842,-0.04954812675714493,0.340504914522171,0.26163172721862793,-0.06268441677093506,0.38818445801734924,0.2603510022163391,-0.06882476061582565,0.22342723608016968,0.4147506058216095,-0.047447122633457184,0.2624151408672333,0.34182924032211304,-0.06787823885679245,0.3015325665473938,0.30390220880508423,-0.07718081772327423,0.34088215231895447,0.2821723222732544,-0.0819598063826561,C
0.1698785126209259,0.6419769525527954,4.701355749148206e-07,0.24203439056873322,0.6149084568023682,-0.010732365772128105,0.31601500511169434,0.551520049571991,-0.022087208926677704,0.3799777030944824,0.5329650640487671,-0.0379798598587513,0.4364069700241089,0.5345073342323303,-0.05397640913724899,0.2978055477142334,0.39918985962867737,0.002338039455935359,0.323489248752594,0.30604106187820435,-0.024338748306035995,0.3609158992767334,0.2764420807361603,-0.048814769834280014,0.40006232261657715,0.2669466733932495,-0.06543661653995514,0.27247387170791626,0.39153555035591125,-0.011869377456605434,0.30637601017951965,0.28599050641059875,-0.03873969241976738,0.35060831904411316,0.26290377974510193,-0.06069021672010422,0.39285701513290405,0.26550304889678955,-0.07390836626291275,0.24361790716648102,0.3989664912223816,-0.03063734620809555,0.28219133615493774,0.29580754041671753,-0.056230876594781876,0.3303487002849579,0.2705325484275818,-0.06977811455726624,0.37672391533851624,0.26769548654556274,-0.07610935717821121,0.21352994441986084,0.4221968650817871,-0.051648687571287155,0.2513795495033264,0.35045281052589417,-0.0717240497469902,0.2892768085002899,0.31304657459259033,-0.08008453249931335,0.3268771767616272,0.29073792695999146,-0.08430330455303192,C
0.17277508974075317,0.6379337906837463,4.760179024287936e-07,0.24494442343711853,0.6130540370941162,-0.009222050197422504,0.3197648227214813,0.5499341487884521,-0.019147086888551712,0.38451606035232544,0.5323222875595093,-0.033837005496025085,0.4411548972129822,0.5388925671577454,-0.04810839518904686,0.30367183685302734,0.39256006479263306,0.006436954718083143,0.32882270216941833,0.2944636046886444,-0.017652815207839012,0.36630040407180786,0.2615334391593933,-0.04054078087210655,0.4045634865760803,0.2514525055885315,-0.056153297424316406,0.2788359522819519,0.38496267795562744,-0.008166122250258923,0.3102307915687561,0.2733762860298157,-0.03295611962676048,0.3550504744052887,0.24867859482765198,-0.053548604249954224,0.3976566791534424,0.25339275598526,-0.06564836949110031,0.25097280740737915,0.3923588991165161,-0.0273703895509243,0.28767266869544983,0.28348246216773987,-0.051021166145801544,0.33632051944732666,0.25628501176834106,-0.06394374370574951,0.38361856341362,0.2548414468765259,-0.06992072612047195,0.22225512564182281,0.41659313440322876,-0.04884736239910126,0.25892865657806396,0.343650758266449,-0.06795109063386917,0.29568997025489807,0.3039160966873169,-0.07622971385717392,0.33194035291671753,0.2809036076068878,-0.08031915128231049,C
0.18656043708324432,0.6402509808540344,4.6311646428875974e-07,0.2627507746219635,0.611003041267395,-0.0072789909318089485,0.3360450863838196,0.553733766078949,-0.019643818959593773,0.39907747507095337,0.5409911870956421,-0.037479232996702194,0.4556531310081482,0.540655791759491,-0.05557871237397194,0.31637081503868103,0.3993254005908966,0.0031959207262843847,0.34263014793395996,0.30140167474746704,-0.023655975237488747,0.38065585494041443,0.27038252353668213,-0.04785029590129852,0.41920164227485657,0.26023632287979126,-0.06437960267066956,0.29272910952568054,0.3933410346508026,-0.013598219491541386,0.32639577984809875,0.28337767720222473,-0.04006427153944969,0.37230032682418823,0.2610623836517334,-0.062126196920871735,0.41364532709121704,0.26550284028053284,-0.07603663206100464,0.26539215445518494,0.4026944041252136,-0.03475130349397659,0.3042255640029907,0.2970672845840454,-0.0588739737868309,0.3535824418067932,0.27312615513801575,-0.07236175984144211,0.3988840579986572,0.27118727564811707,-0.07970167696475983,0.23764866590499878,0.42860496044158936,-0.05784779042005539,0.2742006778717041,0.3567158281803131,-0.07682156562805176,0.31127476692199707,0.31870371103286743,-0.08537548780441284,0.3467403054237366,0.29384833574295044,-0.09047792106866837,C
0.2924517095088959,0.5867404937744141,6.573370114892896e-07,0.3437653183937073,0.5776007771492004,-0.01471022143959999,0.4075910747051239,0.5366130471229553,-0.026033228263258934,0.4622453451156616,0.5352451801300049,-0.04000144079327583,0.5080828666687012,0.5385589599609375,-0.054292768239974976,0.379963755607605,0.39020836353302,-0.0024026352912187576,0.40182721614837646,0.30336815118789673,-0.02696920745074749,0.4462529420852661,0.2679426670074463,-0.04928412660956383,0.4871215224266052,0.26016807556152344,-0.06332996487617493,0.36187228560447693,0.3804246187210083,-0.011844411492347717,0.39442235231399536,0.28479576110839844,-0.03335339576005936,0.44728031754493713,0.25587359070777893,-0.05337556451559067,0.4920104146003723,0.2556449770927429,-0.06543848663568497,0.3450734615325928,0.3856903910636902,-0.025393657386302948,0.38514113426208496,0.2907925844192505,-0.04763875529170036,0.43644294142723083,0.2619069218635559,-0.062210217118263245,0.4787633419036865,0.2588946223258972,-0.06852402538061142,0.32806479930877686,0.40671828389167786,-0.04089486971497536,0.36386317014694214,0.3389447331428528,-0.05901611968874931,0.4007217586040497,0.3026520013809204,-0.06709399074316025,0.43292319774627686,0.2819381356239319,-0.070329450070858,C
0.25094449520111084,0.6176375150680542,4.197428324914654e-07,0.3305487632751465,0.5822858214378357,-0.0031186819542199373,0.3988330662250519,0.536628246307373,-0.013887142762541771,0.4544370770454407,0.5233748555183411,-0.03155777230858803,0.5095541477203369,0.5241467952728271,-0.04948611930012703,0.38615527749061584,0.3940809965133667,0.017381060868501663,0.4164085388183594,0.31417250633239746,-0.008829732425510883,0.4554077386856079,0.28648146986961365,-0.03477028012275696,0.4946390986442566,0.2806820869445801,-0.05210881680250168,0.3671022951602936,0.3791189193725586,-0.0014668182702735066,0.40412992238998413,0.2703198790550232,-0.025705700740218163,0.4517052471637726,0.2439354807138443,-0.04696229472756386,0.49515214562416077,0.24721716344356537,-0.05997001379728317,0.3440712094306946,0.38202232122421265,-0.025146484375,0.3875880539417267,0.2788729667663574,-0.04833376407623291,0.43504250049591064,0.2539654076099396,-0.059973180294036865,0.4773477017879486,0.2517377734184265,-0.06528391689062119,0.3207947015762329,0.4023682475090027,-0.05059812217950821,0.35807445645332336,0.33282536268234253,-0.06622280180454254,0.3928760588169098,0.2976682186126709,-0.06993954628705978,0.42428702116012573,0.27516651153564453,-0.07109929621219635,C
0.24546118080615997,0.6242052316665649,4.4895236328557075e-07,0.32992279529571533,0.5853567123413086,-0.0004990411107428372,0.39834558963775635,0.5406058430671692,-0.009846917353570461,0.45397722721099854,0.5303987860679626,-0.027131173759698868,0.5092440843582153,0.5305562019348145,-0.044906966388225555,0.37897470593452454,0.4021958112716675,0.023271776735782623,0.4063900113105774,0.3175654411315918,-0.0020646140910685062,0.4450732469558716,0.2798748314380646,-0.02748752571642399,0.4840974807739258,0.2628035247325897,-0.044915322214365005,0.3599468469619751,0.3865460455417633,0.0025986703112721443,0.3968760669231415,0.28059035539627075,-0.020981058478355408,0.4454416036605835,0.24903570115566254,-0.04271813482046127,0.4894803762435913,0.24492758512496948,-0.05652277171611786,0.3372693359851837,0.38790392875671387,-0.023279517889022827,0.3799533545970917,0.28555840253829956,-0.046392958611249924,0.42856717109680176,0.2557085156440735,-0.05895363539457321,0.47211381793022156,0.24834668636322021,-0.06523191928863525,0.3141474425792694,0.4072028696537018,-0.05086706951260567,0.34985554218292236,0.3388634920120239,-0.06763031333684921,0.3847404718399048,0.3015040457248688,-0.0728703960776329,0.41624629497528076,0.2758295238018036,-0.07530731707811356,C
0.2778317332267761,0.5945190787315369,6.238615810616466e-07,0.32608914375305176,0.5872489213943481,-0.015069220215082169,0.3917483687400818,0.5370343327522278,-0.024884985759854317,0.44673600792884827,0.5302667617797852,-0.036367010325193405,0.49367520213127136,0.5417084693908691,-0.048432569950819016,0.36320534348487854,0.39730754494667053,-0.006497029215097427,0.3887592852115631,0.3200119137763977,-0.0301018375903368,0.43152132630348206,0.2849249243736267,-0.0512523390352726,0.4717877209186554,0.27498507499694824,-0.06521067768335342,0.34519845247268677,0.38622337579727173,-0.014944233000278473,0.3832813501358032,0.29931825399398804,-0.03632602468132973,0.43632254004478455,0.26825958490371704,-0.055288057774305344,0.48275744915008545,0.26300787925720215,-0.0669475644826889,0.3273595869541168,0.3908937871456146,-0.027194596827030182,0.3715633451938629,0.30003082752227783,-0.049999531358480453,0.4240506887435913,0.26684844493865967,-0.0658925399184227,0.4691442549228668,0.2571170926094055,-0.07362618297338486,0.3088441491127014,0.4110347628593445,-0.041099533438682556,0.3468257486820221,0.3448789715766907,-0.0602852962911129,0.3840707242488861,0.30611222982406616,-0.07029426097869873,0.41733187437057495,0.28237372636795044,-0.07539336383342743,C
0.2395123392343521,0.6248422861099243,4.5669577275475604e-07,0.32011669874191284,0.5848737359046936,-0.0019347319612279534,0.3857809901237488,0.5372050404548645,-0.012314524501562119,0.4406004250049591,0.528274655342102,-0.029889456927776337,0.4952859878540039,0.5282669067382812,-0.04741669073700905,0.36939579248428345,0.3930778503417969,0.018227670341730118,0.3999256193637848,0.3019607663154602,-0.009325661696493626,0.4410349428653717,0.2695406675338745,-0.035657212138175964,0.4816986620426178,0.2616989016532898,-0.05270824581384659,0.35096028447151184,0.38192105293273926,-0.0007805493078194559,0.3861768841743469,0.27400824427604675,-0.025358857586979866,0.4335184097290039,0.24661515653133392,-0.04711665213108063,0.47632265090942383,0.24925196170806885,-0.060640785843133926,0.3280716836452484,0.38608041405677795,-0.024887192994356155,0.36893531680107117,0.28207921981811523,-0.047740671783685684,0.41623854637145996,0.25471681356430054,-0.059435464441776276,0.4589513838291168,0.25299686193466187,-0.06493557244539261,0.3035382926464081,0.408302366733551,-0.05076044052839279,0.33814314007759094,0.3393537998199463,-0.06720517575740814,0.37284284830093384,0.30194252729415894,-0.07208149880170822,0.40426573157310486,0.2784954607486725,-0.07388772070407867,C
0.27141377329826355,0.5818336606025696,6.673516281807679e-07,0.31989413499832153,0.5693333148956299,-0.019138019531965256,0.38719284534454346,0.5173770189285278,-0.031457941979169846,0.4430124759674072,0.5071031451225281,-0.04531931132078171,0.49397844076156616,0.5180631279945374,-0.05938853695988655,0.35929304361343384,0.37805524468421936,-0.004899145569652319,0.3831897974014282,0.29582810401916504,-0.030308621004223824,0.42751920223236084,0.25550490617752075,-0.053226396441459656,0.46911728382110596,0.23973125219345093,-0.06807882338762283,0.34091803431510925,0.36728808283805847,-0.012446529231965542,0.3773864209651947,0.2785656452178955,-0.03485382720828056,0.4298528730869293,0.24253275990486145,-0.05482606217265129,0.4770030677318573,0.23148168623447418,-0.06675418466329575,0.3230689764022827,0.37096238136291504,-0.02445305325090885,0.367148756980896,0.2802785038948059,-0.04708283022046089,0.4199630618095398,0.24352867901325226,-0.06098131462931633,0.4657933712005615,0.23144318163394928,-0.06688699126243591,0.304301917552948,0.3886902928352356,-0.03894299268722534,0.3435437083244324,0.31674015522003174,-0.05659720301628113,0.3822343051433563,0.2783138155937195,-0.06394167989492416,0.4168626666069031,0.2571806311607361,-0.06678042560815811,C
0.22506284713745117,0.599748969078064,5.097842858958757e-07,0.3037150502204895,0.5725475549697876,-0.0024525821208953857,0.36985334753990173,0.533806562423706,-0.016152650117874146,0.42233625054359436,0.5250465273857117,-0.0368269607424736,0.4751451909542084,0.528695821762085,-0.05675550550222397,0.3488233983516693,0.3733299970626831,0.00820541474968195,0.3823617100715637,0.2821471393108368,-0.01880849152803421,0.42871758341789246,0.26191532611846924,-0.04339239001274109,0.47072917222976685,0.26198044419288635,-0.059189509600400925,0.33055534958839417,0.3626940846443176,-0.010592133738100529,0.3710717558860779,0.25045937299728394,-0.03486107289791107,0.4253988265991211,0.23336681723594666,-0.05506235733628273,0.46886396408081055,0.2480916976928711,-0.0675043985247612,0.31328922510147095,0.3708968758583069,-0.0332690104842186,0.35914552211761475,0.2641367018222809,-0.05458204448223114,0.4151231646537781,0.24611851572990417,-0.066697858273983,0.46209144592285156,0.25244423747062683,-0.07280680537223816,0.2999300956726074,0.39869821071624756,-0.057634878903627396,0.3439459204673767,0.3339146375656128,-0.07203832268714905,0.3853052854537964,0.2996877431869507,-0.07775548845529556,0.4216861426830292,0.2801467776298523,-0.08064346760511398,C
0.2144698202610016,0.5972961187362671,4.7651843715357245e-07,0.29789620637893677,0.567047655582428,0.005186403635889292,0.36406800150871277,0.5269585251808167,-0.004703983198851347,0.41667014360427856,0.5197760462760925,-0.023338863626122475,0.4682776629924774,0.528225839138031,-0.04161868616938591,0.3418356776237488,0.3710557222366333,0.018378257751464844,0.378553569316864,0.28560957312583923,-0.005216609686613083,0.4245056211948395,0.26794469356536865,-0.02800281159579754,0.46616506576538086,0.2703462839126587,-0.04295194521546364,0.32353469729423523,0.3610221743583679,-0.0037695239298045635,0.367348849773407,0.25348538160324097,-0.02558474987745285,0.421450674533844,0.23842564225196838,-0.045025527477264404,0.46585357189178467,0.2543955445289612,-0.05716525763273239,0.30701521039009094,0.3686428666114807,-0.02935001067817211,0.3549072742462158,0.26525068283081055,-0.048269785940647125,0.41050058603286743,0.2505747079849243,-0.06015589460730553,0.4575033485889435,0.2620992064476013,-0.06637279689311981,0.2953718900680542,0.39475974440574646,-0.05616941675543785,0.3406926393508911,0.3283739387989044,-0.06815482676029205,0.38159430027008057,0.29670122265815735,-0.07285503298044205,0.417643278837204,0.28250256180763245,-0.07528791576623917,C
0.21486616134643555,0.5891269445419312,3.7307958677956776e-07,0.29097309708595276,0.5678380727767944,0.003668817225843668,0.3593772053718567,0.5274897217750549,-0.0005999368149787188,0.4132421910762787,0.5214557647705078,-0.012030093930661678,0.4632723033428192,0.5287625789642334,-0.022884154692292213,0.3444800078868866,0.3797001838684082,0.02515912614762783,0.38788938522338867,0.3078535795211792,0.007944273762404919,0.4282224178314209,0.28934961557388306,-0.0105021633207798,0.4637643098831177,0.28981250524520874,-0.022898687049746513,0.32705557346343994,0.3663332462310791,0.006718591786921024,0.36924564838409424,0.27068355679512024,-0.008524401113390923,0.4152560532093048,0.25082099437713623,-0.02404794655740261,0.45416438579559326,0.258350133895874,-0.034127674996852875,0.30866575241088867,0.3684792220592499,-0.015900487080216408,0.3496115505695343,0.2707633674144745,-0.030691035091876984,0.39782828092575073,0.24847395718097687,-0.04048185423016548,0.44127845764160156,0.25150352716445923,-0.046054717153310776,0.2929955720901489,0.38662445545196533,-0.0399719700217247,0.3307088613510132,0.3214375376701355,-0.050871096551418304,0.36647284030914307,0.28567302227020264,-0.05526464432477951,0.39946797490119934,0.2662217617034912,-0.0579167939722538,C
0.215047687292099,0.5947886109352112,3.2347676892641175e-07,0.2909594774246216,0.5772624015808105,0.005149194039404392,0.3570379912853241,0.5381805896759033,0.003082980401813984,0.4083215594291687,0.5314592719078064,-0.006170985754579306,0.45633232593536377,0.5409359335899353,-0.01504681445658207,0.34854912757873535,0.3891407251358032,0.028175655752420425,0.38976597785949707,0.32004275918006897,0.01270372699946165,0.42896509170532227,0.30100107192993164,-0.0051984661258757114,0.46368879079818726,0.3006401062011719,-0.017584461718797684,0.3316165804862976,0.37505489587783813,0.01002565212547779,0.37358760833740234,0.28441038727760315,-0.004213149193674326,0.41910481452941895,0.2675139307975769,-0.019599441438913345,0.4567948877811432,0.27667170763015747,-0.029560282826423645,0.31360262632369995,0.3763749599456787,-0.012097344733774662,0.3547373414039612,0.28284716606140137,-0.026237396523356438,0.4024556875228882,0.26279550790786743,-0.03616673871874809,0.4444940388202667,0.26718443632125854,-0.041725244373083115,0.297612726688385,0.39338141679763794,-0.03551802784204483,0.3355244994163513,0.32837730646133423,-0.04625193774700165,0.37160414457321167,0.2964777946472168,-0.05062239244580269,0.4048044979572296,0.2805767059326172,-0.05311271548271179,C
0.21263088285923004,0.6014949679374695,3.88858126143532e-07,0.2878120243549347,0.5819613337516785,0.0024842238053679466,0.3521198332309723,0.5436119437217712,-0.004594908561557531,0.40291595458984375,0.5346691608428955,-0.01894068345427513,0.4512923061847687,0.5411719083786011,-0.032568179070949554,0.33748218417167664,0.3886125683784485,0.020929446443915367,0.3733479380607605,0.3094279170036316,0.001443318324163556,0.41472333669662476,0.28909868001937866,-0.01876802369952202,0.4518841505050659,0.2885357737541199,-0.03248022496700287,0.3212053179740906,0.3781017065048218,0.0019631623290479183,0.36290857195854187,0.2824200391769409,-0.016646526753902435,0.4118831753730774,0.26710015535354614,-0.03472756966948509,0.45046451687812805,0.2799687385559082,-0.04594038799405098,0.3050651550292969,0.382673442363739,-0.020767323672771454,0.3479609191417694,0.2855583429336548,-0.03683606907725334,0.3982146978378296,0.2673138976097107,-0.04731687158346176,0.44034281373023987,0.2729663848876953,-0.05294391140341759,0.2916814684867859,0.40411368012428284,-0.04503803700208664,0.3296642303466797,0.33870550990104675,-0.055548541247844696,0.3663611114025116,0.30540186166763306,-0.05978585407137871,0.399120569229126,0.2880099415779114,-0.06214754283428192,C
0.2455032914876938,0.5764055252075195,5.626555434901093e-07,0.2918497323989868,0.5710447430610657,-0.013250716961920261,0.3494163155555725,0.5292888879776001,-0.021653391420841217,0.4000128507614136,0.5253491997718811,-0.03287366405129433,0.44497936964035034,0.5370090007781982,-0.04431047663092613,0.3322927951812744,0.3999071717262268,0.004572243429720402,0.3555893898010254,0.32606077194213867,-0.014067563228309155,0.390746533870697,0.28995567560195923,-0.03223184868693352,0.42522749304771423,0.2734399139881134,-0.043882593512535095,0.3171488046646118,0.3858010172843933,-0.0028509898111224174,0.35143959522247314,0.3063373565673828,-0.01856919378042221,0.3933161497116089,0.2740422487258911,-0.03476209565997124,0.4316621422767639,0.26629629731178284,-0.04435550048947334,0.30227044224739075,0.3839009404182434,-0.014237144030630589,0.3434736728668213,0.3043001890182495,-0.03114456869661808,0.3876858353614807,0.27107077836990356,-0.04368729889392853,0.4275338351726532,0.2618977725505829,-0.04904605448246002,0.28783267736434937,0.39548224210739136,-0.02766062319278717,0.3290773928165436,0.3340129852294922,-0.040326692163944244,0.36348164081573486,0.2997779846191406,-0.045590840280056,0.39413732290267944,0.28270605206489563,-0.04723842069506645,C
0.21134723722934723,0.6075237393379211,3.4359931078142836e-07,0.2890203297138214,0.582202672958374,0.003823820734396577,0.35640111565589905,0.5429160594940186,-0.0012148511596024036,0.41001319885253906,0.5367305874824524,-0.014077922329306602,0.4597291350364685,0.5442602038383484,-0.02734571136534214,0.344839483499527,0.40521448850631714,0.022868284955620766,0.3765285015106201,0.321736603975296,0.0020139620173722506,0.41597315669059753,0.29714661836624146,-0.018582863733172417,0.4530816674232483,0.2932244539260864,-0.032032281160354614,0.32856184244155884,0.3928915858268738,0.0033516327384859324,0.3666028082370758,0.2930358052253723,-0.01592974178493023,0.4129847586154938,0.2744898796081543,-0.03458254411816597,0.4520539343357086,0.284658819437027,-0.046271685510873795,0.3090757429599762,0.3935675024986267,-0.020086582750082016,0.3493889570236206,0.2971820533275604,-0.03787003830075264,0.39580461382865906,0.28019893169403076,-0.049245454370975494,0.43571746349334717,0.28827276825904846,-0.055198460817337036,0.28818684816360474,0.4068455100059509,-0.04476051405072212,0.32159343361854553,0.3382140100002289,-0.057277314364910126,0.3569079637527466,0.307203471660614,-0.061913419514894485,0.3900716304779053,0.2932484447956085,-0.06427822262048721,C
0.21074753999710083,0.5942251682281494,4.152249459821178e-07,0.2840755581855774,0.5739962458610535,-0.00401809299364686,0.3522879481315613,0.5364902019500732,-0.013456592336297035,0.4077855944633484,0.5327924489974976,-0.02834341488778591,0.45720696449279785,0.5404264330863953,-0.04360703378915787,0.3458683490753174,0.4014456868171692,0.003953356295824051,0.37832432985305786,0.31450319290161133,-0.022734234109520912,0.4181844890117645,0.29085737466812134,-0.044883791357278824,0.4561196267604828,0.28998804092407227,-0.058637406677007675,0.32683849334716797,0.38825327157974243,-0.012338191270828247,0.3661131262779236,0.28404271602630615,-0.038326241075992584,0.413316935300827,0.26647746562957764,-0.058062586933374405,0.4524715542793274,0.2785664498806,-0.06915508210659027,0.3020244836807251,0.38890743255615234,-0.03251609951257706,0.34287407994270325,0.2861264944076538,-0.057266488671302795,0.3909032940864563,0.2701091766357422,-0.07040555030107498,0.43252310156822205,0.279440313577652,-0.076179638504982,0.27308154106140137,0.4029153883457184,-0.05388624221086502,0.3060869574546814,0.33467429876327515,-0.07386282086372375,0.34229302406311035,0.3029671311378479,-0.08236467838287354,0.3761507272720337,0.2875302731990814,-0.08620381355285645,C
0.2026486098766327,0.6077470779418945,3.097648857419699e-07,0.27816087007522583,0.5876314640045166,-0.0017820801585912704,0.34792646765708923,0.5487730503082275,-0.010577430948615074,0.40129798650741577,0.5438769459724426,-0.025420095771551132,0.44883033633232117,0.5514281988143921,-0.03983931243419647,0.3458895683288574,0.3983268439769745,0.005302682984620333,0.37765297293663025,0.30010706186294556,-0.022956017404794693,0.4174872636795044,0.2945241928100586,-0.046709030866622925,0.4503844678401947,0.3147907257080078,-0.061297912150621414,0.3254272937774658,0.3884616196155548,-0.0126732736825943,0.35986509919166565,0.2721138596534729,-0.040037546306848526,0.41040197014808655,0.26287487149238586,-0.06070505455136299,0.44738543033599854,0.2831902503967285,-0.0724634900689125,0.29978129267692566,0.3942831754684448,-0.034454215317964554,0.33948251605033875,0.2859840989112854,-0.0592765286564827,0.38911134004592896,0.2763206362724304,-0.07182049751281738,0.42773884534835815,0.28757548332214355,-0.07736837863922119,0.27238965034484863,0.41525793075561523,-0.05753612518310547,0.30537593364715576,0.3462257385253906,-0.07763852179050446,0.3420807719230652,0.3148408532142639,-0.08607960492372513,0.3739963471889496,0.2971256673336029,-0.09009421616792679,C
0.7070316672325134,0.6885971426963806,-3.8868785168233444e-07,0.659216046333313,0.6112110614776611,-0.00011797374463640153,0.6410239934921265,0.5276764631271362,0.0008846423588693142,0.6343252658843994,0.46564286947250366,-0.0018912536324933171,0.6298950910568237,0.41571474075317383,-0.0005982299335300922,0.7051907777786255,0.46891480684280396,0.027312427759170532,0.6568817496299744,0.4241364002227783,0.006925900001078844,0.6472672820091248,0.4645017981529236,-0.006181598640978336,0.6592473983764648,0.48377299308776855,-0.011864295229315758,0.7162588834762573,0.468790203332901,0.01800825074315071,0.6573694348335266,0.42488527297973633,-0.00269524147734046,0.6464726328849792,0.4780424237251282,-0.00628680782392621,0.6615728735923767,0.5005534887313843,-0.0022314717061817646,0.7242720723152161,0.477465957403183,0.004007899202406406,0.6612602472305298,0.45018112659454346,-0.012113852426409721,0.652225136756897,0.5074416399002075,-0.0024992329999804497,0.6691502332687378,0.5280097723007202,0.008989410474896431,0.7296813726425171,0.4968416392803192,-0.011789662763476372,0.6727269291877747,0.4812808632850647,-0.02078958787024021,0.6644097566604614,0.522432804107666,-0.01357752364128828,0.6806626915931702,0.5393278002738953,-0.00378516991622746,C
0.18149766325950623,0.6268348693847656,3.5883638815903396e-07,0.2617332339286804,0.6028583645820618,-0.00034506176598370075,0.33422333002090454,0.5639798045158386,-0.010242528282105923,0.39027824997901917,0.560820460319519,-0.026519956067204475,0.4384384751319885,0.572023332118988,-0.04247361421585083,0.3238121569156647,0.4066658318042755,0.005060332361608744,0.3542349934577942,0.3063269853591919,-0.022053152322769165,0.39468148350715637,0.28876015543937683,-0.045098673552274704,0.43179577589035034,0.2941506505012512,-0.05997706577181816,0.3023117780685425,0.40081214904785156,-0.014131334610283375,0.33864790201187134,0.28356707096099854,-0.040943656116724014,0.38745686411857605,0.2692246437072754,-0.061433203518390656,0.42699670791625977,0.2842791676521301,-0.0738760381937027,0.2771541476249695,0.4095408022403717,-0.03689587116241455,0.319132000207901,0.2976028025150299,-0.06166582182049751,0.3688773810863495,0.28587937355041504,-0.07571164518594742,0.4106912910938263,0.2977651357650757,-0.08287794888019562,0.25152164697647095,0.4351939260959625,-0.06082034483551979,0.2871297597885132,0.3683624863624573,-0.08206259459257126,0.32541927695274353,0.33532780408859253,-0.09331022948026657,0.36033880710601807,0.31756889820098877,-0.09971471130847931,C
0.6376095414161682,0.6226446628570557,-4.716795842796273e-07,0.5998363494873047,0.5664927959442139,-0.0010303976014256477,0.5887706279754639,0.48827967047691345,-0.0044098892249166965,0.582936704158783,0.43790608644485474,-0.01298542320728302,0.575408399105072,0.3868993818759918,-0.020731035619974136,0.6532955169677734,0.4141923487186432,0.020050376653671265,0.6261037588119507,0.36613139510154724,-0.0069043864496052265,0.5879948139190674,0.3460734784603119,-0.026075325906276703,0.5578052997589111,0.34239405393600464,-0.035422369837760925,0.6730062365531921,0.41932639479637146,0.0062378933653235435,0.6358450055122375,0.35924583673477173,-0.02466703951358795,0.6011428833007812,0.4070163071155548,-0.032447319477796555,0.5946766138076782,0.44693806767463684,-0.02745322696864605,0.6862382888793945,0.4393613934516907,-0.012262014672160149,0.6360888481140137,0.39669135212898254,-0.039461761713027954,0.6166329383850098,0.4516873359680176,-0.03105202503502369,0.6261118054389954,0.481302410364151,-0.016989370808005333,0.6913050413131714,0.470808207988739,-0.032118428498506546,0.6407007575035095,0.44986891746520996,-0.046730656176805496,0.6306009292602539,0.4852128028869629,-0.03805997967720032,0.6454036831855774,0.5018449425697327,-0.026835158467292786,C
0.1745307296514511,0.6329742670059204,4.3552498141252727e-07,0.253233402967453,0.6118133068084717,-0.0022312619257718325,0.32559844851493835,0.5701084733009338,-0.014289163053035736,0.3830503225326538,0.5660275816917419,-0.03227882459759712,0.43152111768722534,0.5745804905891418,-0.05039782077074051,0.312576025724411,0.40745002031326294,-0.003012856235727668,0.34370216727256775,0.30406832695007324,-0.0326433926820755,0.38786137104034424,0.28828686475753784,-0.05693981051445007,0.427435964345932,0.29633164405822754,-0.07258198410272598,0.2893624007701874,0.4031958281993866,-0.022212577983736992,0.32731765508651733,0.2846100330352783,-0.05270158126950264,0.3806150555610657,0.278255820274353,-0.0756145790219307,0.42129722237586975,0.3008664548397064,-0.08949879556894302,0.26262521743774414,0.4138220548629761,-0.04455803707242012,0.3054102957248688,0.3016316890716553,-0.07230726629495621,0.35998398065567017,0.29502129554748535,-0.08850979059934616,0.4031244218349457,0.31215399503707886,-0.09697206318378448,0.2344088852405548,0.44153445959091187,-0.0678909495472908,0.27222830057144165,0.3721509277820587,-0.09209199994802475,0.3146993815898895,0.338935911655426,-0.1057344600558281,0.35235556960105896,0.322066068649292,-0.11380723863840103,C
0.6665993928909302,0.791310727596283,-6.098435960666393e-07,0.646881639957428,0.7013000845909119,0.004094256553798914,0.644287109375,0.605914831161499,-0.004294449929147959,0.6400372385978699,0.5373829007148743,-0.015466827899217606,0.6350323557853699,0.48895102739334106,-0.024069001898169518,0.7245630621910095,0.5946075320243835,-0.01565275341272354,0.6950836777687073,0.4856081008911133,-0.038309246301651,0.6607027053833008,0.5010893940925598,-0.04803077504038811,0.6553122997283936,0.5276573300361633,-0.05242905393242836,0.7175949215888977,0.6168617606163025,-0.029141433537006378,0.6639377474784851,0.5111444592475891,-0.05235706642270088,0.6398134231567383,0.5457134246826172,-0.05269204080104828,0.6471940875053406,0.5797321796417236,-0.05008828267455101,0.6995790004730225,0.6408827304840088,-0.042888201773166656,0.6385704278945923,0.552844226360321,-0.06284788995981216,0.622087299823761,0.5934670567512512,-0.05124393478035927,0.6334534883499146,0.6251351237297058,-0.04117971286177635,0.6755370497703552,0.665230929851532,-0.05629735440015793,0.6253779530525208,0.5984156131744385,-0.07207749038934708,0.6124051809310913,0.6313927173614502,-0.06397934257984161,0.6203701496124268,0.6611580848693848,-0.054913949221372604,C
0.19659896194934845,0.5937238931655884,3.913989132797724e-07,0.2763842046260834,0.5719625949859619,-0.003801794024184346,0.3487701416015625,0.5358310341835022,-0.013887072913348675,0.4038822650909424,0.5361995100975037,-0.02981238253414631,0.4537283778190613,0.5463759899139404,-0.04564160481095314,0.34202322363853455,0.37902912497520447,0.0058674938045442104,0.37194380164146423,0.28566545248031616,-0.02128564938902855,0.4106985628604889,0.26410043239593506,-0.04445325955748558,0.448324054479599,0.2632511854171753,-0.059509217739105225,0.32061272859573364,0.3683904707431793,-0.011312478221952915,0.35886603593826294,0.25788548588752747,-0.039108969271183014,0.40605050325393677,0.24445635080337524,-0.06063014641404152,0.44484591484069824,0.25824564695358276,-0.07311835885047913,0.2949209213256836,0.373055636882782,-0.03248854726552963,0.33562204241752625,0.2661283612251282,-0.05889672413468361,0.385900616645813,0.25503382086753845,-0.07383032888174057,0.4285992383956909,0.267362117767334,-0.08055320382118225,0.2676341235637665,0.3938286006450653,-0.0550236701965332,0.3039071559906006,0.32448747754096985,-0.0768195390701294,0.342965304851532,0.29268765449523926,-0.08784442394971848,0.3787034749984741,0.2766176462173462,-0.0936656966805458,C
0.2417137175798416,0.5330469012260437,4.039643215492106e-07,0.32105162739753723,0.5194483995437622,0.002298750914633274,0.3909716308116913,0.4900726079940796,-0.005684997420758009,0.44298306107521057,0.4916979968547821,-0.021239405497908592,0.48898905515670776,0.5037062168121338,-0.0370708666741848,0.3849891424179077,0.33130407333374023,0.017359226942062378,0.42702218890190125,0.25661420822143555,-0.005107857286930084,0.4682281017303467,0.2439911663532257,-0.027271686121821404,0.5043315291404724,0.24894678592681885,-0.041860856115818024,0.3679434657096863,0.3163098096847534,-0.002331176772713661,0.415020227432251,0.22020678222179413,-0.023672549054026604,0.46390122175216675,0.20858387649059296,-0.04336060956120491,0.4999581277370453,0.22404079139232635,-0.05530362203717232,0.3474433720111847,0.31768423318862915,-0.025782529264688492,0.3949087858200073,0.21760760247707367,-0.044294487684965134,0.4447873830795288,0.20449042320251465,-0.0558035746216774,0.48462533950805664,0.21467678248882294,-0.06182187423110008,0.3271651268005371,0.3357456922531128,-0.050612032413482666,0.36438262462615967,0.26848340034484863,-0.06457775831222534,0.4021892845630646,0.23635178804397583,-0.07023152709007263,0.43656671047210693,0.2199784517288208,-0.07325933128595352,C
0.2762189507484436,0.5170287489891052,4.1824637264653575e-07,0.35793375968933105,0.5053955316543579,0.003499553771689534,0.4280344247817993,0.48230406641960144,-0.006074490491300821,0.4797017276287079,0.4891471266746521,-0.023349560797214508,0.5235335230827332,0.5068858861923218,-0.03958214446902275,0.4194493889808655,0.3235440254211426,0.018056144937872887,0.47894299030303955,0.2693984806537628,-0.005827929824590683,0.5197781324386597,0.2849138081073761,-0.02867087349295616,0.5469299554824829,0.31927070021629333,-0.04305535554885864,0.4020208418369293,0.3058502674102783,-0.0024426027666777372,0.4644186496734619,0.21958252787590027,-0.023119421675801277,0.5156638026237488,0.2201765477657318,-0.042046766728162766,0.5506982803344727,0.24753552675247192,-0.053424861282110214,0.3829434812068939,0.3090355396270752,-0.02670414000749588,0.44612228870391846,0.21592289209365845,-0.04542901739478111,0.4984206557273865,0.21374239027500153,-0.057334091514348984,0.5386431217193604,0.23217971622943878,-0.06353425979614258,0.3675023019313812,0.33317428827285767,-0.0520099513232708,0.41601285338401794,0.27975139021873474,-0.06507275998592377,0.45459988713264465,0.25161415338516235,-0.07006886601448059,0.4877176284790039,0.23551777005195618,-0.07269660383462906,C
0.27356407046318054,0.5302306413650513,4.0810817836245405e-07,0.3513484001159668,0.5139675140380859,0.009138120338320732,0.41533634066581726,0.48554491996765137,0.003891943721100688,0.46451377868652344,0.48719900846481323,-0.010111520066857338,0.5099955201148987,0.49727317690849304,-0.023745674639940262,0.39735352993011475,0.32424235343933105,0.027631357312202454,0.4487819969654083,0.2623574137687683,0.009780559688806534,0.49494078755378723,0.25787168741226196,-0.009950428269803524,0.5319908857345581,0.2714618444442749,-0.022826574742794037,0.3820783495903015,0.31122857332229614,0.0059424033388495445,0.43955469131469727,0.22136303782463074,-0.009670860134065151,0.4915151298046112,0.21522997319698334,-0.026158714666962624,0.5292229652404785,0.23863767087459564,-0.03625418245792389,0.3690424859523773,0.31618160009384155,-0.018878832459449768,0.42723992466926575,0.22421084344387054,-0.03228643164038658,0.47891417145729065,0.21496155858039856,-0.0415380522608757,0.5192927718162537,0.23148205876350403,-0.04642801731824875,0.36167994141578674,0.339434951543808,-0.04463677108287811,0.4113527834415436,0.2798939049243927,-0.05249793455004692,0.4514431059360504,0.25335294008255005,-0.05421002209186554,0.48532283306121826,0.24447299540042877,-0.05458469316363335,C
0.24458259344100952,0.5590241551399231,3.9404756080330117e-07,0.3160261809825897,0.5375272035598755,-0.001426630886271596,0.381637841463089,0.4963753819465637,-0.008063084445893764,0.4350653290748596,0.49214065074920654,-0.021014926955103874,0.48241451382637024,0.5008939504623413,-0.033820267766714096,0.3761080503463745,0.35158172249794006,0.018888026475906372,0.4152733087539673,0.27837586402893066,-0.001136775128543377,0.45429471135139465,0.2647321820259094,-0.022010143846273422,0.48904141783714294,0.26949769258499146,-0.035562220960855484,0.36013978719711304,0.33713799715042114,0.0029210150241851807,0.4008043110370636,0.24355867505073547,-0.015511100180447102,0.44482043385505676,0.2317081242799759,-0.033415358513593674,0.48029935359954834,0.24661652743816376,-0.04409629479050636,0.34055018424987793,0.3360782563686371,-0.01724945567548275,0.3788180351257324,0.23734939098358154,-0.03328308090567589,0.4229795038700104,0.22249755263328552,-0.04304635897278786,0.4624008238315582,0.23448647558689117,-0.047633927315473557,0.31953567266464233,0.34904563426971436,-0.039403919130563736,0.350544273853302,0.27896198630332947,-0.05052116513252258,0.38367006182670593,0.24488937854766846,-0.05440016835927963,0.4161433279514313,0.23034967482089996,-0.056039586663246155,C
0.25760942697525024,0.5649926662445068,3.701245248066698e-07,0.32891127467155457,0.543128252029419,-0.0022385285701602697,0.39232373237609863,0.5025210976600647,-0.00945364311337471,0.4413118362426758,0.49049702286720276,-0.02278132364153862,0.4871532618999481,0.4912109673023224,-0.03549734875559807,0.38037246465682983,0.3554680347442627,0.016436640173196793,0.40997472405433655,0.27539902925491333,-0.004217779729515314,0.44723373651504517,0.25798171758651733,-0.024737974628806114,0.4814409613609314,0.26081281900405884,-0.03774433955550194,0.36172735691070557,0.3404911160469055,0.0009944435441866517,0.396847128868103,0.24409008026123047,-0.0186737272888422,0.4411619007587433,0.23097343742847443,-0.037395499646663666,0.4754493236541748,0.24786415696144104,-0.04838194325566292,0.3412301540374756,0.3387054204940796,-0.018380802124738693,0.37306132912635803,0.23730751872062683,-0.03505918011069298,0.41932132840156555,0.22277523577213287,-0.04618632420897484,0.4591429829597473,0.23602120578289032,-0.05169317126274109,0.32113081216812134,0.351204514503479,-0.03948407247662544,0.34818798303604126,0.278915673494339,-0.05024665966629982,0.38186004757881165,0.24762126803398132,-0.054240547120571136,0.41421476006507874,0.2368694394826889,-0.05602496489882469,C
0.2964368760585785,0.5518670678138733,5.884359097763081e-07,0.34652015566825867,0.5410295724868774,-0.014975866302847862,0.4033547341823578,0.5071622729301453,-0.024174889549613,0.45240354537963867,0.5019418001174927,-0.035419464111328125,0.49699127674102783,0.49971261620521545,-0.04640881344676018,0.37970981001853943,0.3718816936016083,0.002642367035150528,0.4037025570869446,0.29765164852142334,-0.017670603469014168,0.4399285316467285,0.2634201645851135,-0.037240322679281235,0.47489869594573975,0.24834848940372467,-0.04942452907562256,0.3644147515296936,0.3568442165851593,-0.004013645928353071,0.3979989290237427,0.2757457494735718,-0.021620411425828934,0.4429508149623871,0.2480955421924591,-0.038892775774002075,0.48185670375823975,0.24471710622310638,-0.04893779754638672,0.34872910380363464,0.3547988831996918,-0.014915728010237217,0.3879939615726471,0.27151423692703247,-0.03295706585049629,0.4334281086921692,0.24265362322330475,-0.045305877923965454,0.4720410108566284,0.2391549050807953,-0.05025774985551834,0.3331778943538666,0.3656480312347412,-0.02798805944621563,0.3691707253456116,0.3008706569671631,-0.04089043289422989,0.40322157740592957,0.266267329454422,-0.04605305194854736,0.4336300194263458,0.24918098747730255,-0.04745032638311386,C
0.271371990442276,0.5679160952568054,3.7103134786775627e-07,0.3399962782859802,0.5442847013473511,-0.003011002903804183,0.4009643495082855,0.5031700134277344,-0.011633405461907387,0.44934940338134766,0.4916047751903534,-0.026299580931663513,0.49197742342948914,0.4947132170200348,-0.040374837815761566,0.3894236087799072,0.3566361665725708,0.01387872826308012,0.41668635606765747,0.2742825746536255,-0.008378184400498867,0.45474275946617126,0.2612341046333313,-0.030269991606473923,0.4899040758609772,0.26835060119628906,-0.044243570417165756,0.3716981112957001,0.34504157304763794,-0.0016525429673492908,0.40330782532691956,0.24600808322429657,-0.022192809730768204,0.44802916049957275,0.2327241450548172,-0.04132680222392082,0.4844840466976166,0.2488815188407898,-0.05291249230504036,0.3513340353965759,0.344821572303772,-0.021176500245928764,0.38250279426574707,0.24139298498630524,-0.039018452167510986,0.42868849635124207,0.22550204396247864,-0.05023268237709999,0.46927928924560547,0.23619017004966736,-0.05563078448176384,0.3306210935115814,0.35768747329711914,-0.04250262677669525,0.3601498305797577,0.2872636318206787,-0.054433733224868774,0.3947235941886902,0.25458478927612305,-0.05905364081263542,0.42795586585998535,0.2415364384651184,-0.061140578240156174,C
0.274880051612854,0.5652565360069275,4.158854949309898e-07,0.346582293510437,0.540852963924408,0.0002724646183196455,0.40782055258750916,0.5064682364463806,-0.008951988071203232,0.4543116092681885,0.49525633454322815,-0.02552039548754692,0.499189168214798,0.49796199798583984,-0.04157411307096481,0.3917812705039978,0.3542175889015198,0.020039457827806473,0.4183797538280487,0.2741052508354187,-0.0010940957581624389,0.4579117000102997,0.26124584674835205,-0.023120857775211334,0.4945700466632843,0.2669798731803894,-0.037401579320430756,0.3745948076248169,0.3428186774253845,0.0020582578144967556,0.4078978896141052,0.24561551213264465,-0.018226711079478264,0.4549371898174286,0.23579584062099457,-0.03833231329917908,0.49209535121917725,0.2551273703575134,-0.05068597197532654,0.3560882806777954,0.3433878421783447,-0.01977563090622425,0.3904830515384674,0.24162188172340393,-0.03675057739019394,0.43894869089126587,0.23085245490074158,-0.04838060587644577,0.47951799631118774,0.24687281250953674,-0.054232407361269,0.3396114706993103,0.3584839403629303,-0.04329025745391846,0.3730164170265198,0.28874289989471436,-0.053544770926237106,0.40941479802131653,0.2590404152870178,-0.057580843567848206,0.44282668828964233,0.24928618967533112,-0.05949470028281212,C
0.269085168838501,0.5904614329338074,3.755519912829186e-07,0.34093546867370605,0.5719484686851501,0.0005357849295251071,0.4040857255458832,0.5424500703811646,-0.009754427708685398,0.45252421498298645,0.54120272397995,-0.027131609618663788,0.49675822257995605,0.5466281175613403,-0.04433421418070793,0.3966675400733948,0.3870765268802643,0.011110382154583931,0.430137038230896,0.2931531071662903,-0.014183488674461842,0.4709637761116028,0.2845194935798645,-0.037121713161468506,0.5047934055328369,0.30101215839385986,-0.05060131475329399,0.3803972899913788,0.37711113691329956,-0.007127978373318911,0.41911551356315613,0.26762402057647705,-0.030352642759680748,0.4675106406211853,0.26141268014907837,-0.0501386821269989,0.5005251169204712,0.2906738817691803,-0.060973066836595535,0.3619003891944885,0.38082191348075867,-0.028710808604955673,0.4051077365875244,0.2759687900543213,-0.04721296578645706,0.4545506536960602,0.2682024836540222,-0.057261791080236435,0.49148255586624146,0.2881260812282562,-0.06114564836025238,0.34414950013160706,0.40055423974990845,-0.051691602915525436,0.3826453685760498,0.3323059678077698,-0.06470949202775955,0.42164334654808044,0.30581772327423096,-0.06874006986618042,0.454645574092865,0.2990671992301941,-0.06935686618089676,C
0.2395700365304947,0.5943762063980103,3.942041928439721e-07,0.3103258013725281,0.5777807235717773,-0.004760737530887127,0.3774985373020172,0.542969286441803,-0.01491218339651823,0.4310348629951477,0.5348761081695557,-0.030331222340464592,0.47884345054626465,0.5393120646476746,-0.04525503143668175,0.37910225987434387,0.39672115445137024,0.0010567287681624293,0.4115621745586395,0.29198575019836426,-0.027458282187581062,0.4530537724494934,0.28129202127456665,-0.050643038004636765,0.4862878620624542,0.29874348640441895,-0.0639524757862091,0.3604156970977783,0.38477110862731934,-0.01432996429502964,0.3997003734111786,0.26954537630081177,-0.04206085950136185,0.4504108428955078,0.2647891938686371,-0.0633595734834671,0.48387375473976135,0.292289674282074,-0.07495609670877457,0.3369286060333252,0.38556575775146484,-0.033271122723817825,0.37917065620422363,0.2785301208496094,-0.05791117995977402,0.4307107925415039,0.27331191301345825,-0.07186771184206009,0.4687114655971527,0.2934662103652954,-0.07784482091665268,0.310363233089447,0.39978647232055664,-0.05343659222126007,0.34521812200546265,0.33073800802230835,-0.07320323586463928,0.38545042276382446,0.3051917552947998,-0.08230535686016083,0.4197753965854645,0.29774466156959534,-0.0862177237868309,C
0.21599571406841278,0.610541582107544,3.0453011845565925e-07,0.293170690536499,0.5898996591567993,-0.0024261896032840014,0.3603610694408417,0.5515081882476807,-0.010636826977133751,0.41575294733047485,0.5413863062858582,-0.025077229365706444,0.46693524718284607,0.5453792810440063,-0.039205364882946014,0.36293891072273254,0.41151177883148193,0.011483400128781796,0.3946782648563385,0.32168254256248474,-0.01436634548008442,0.432054340839386,0.30949652194976807,-0.037446629256010056,0.4655878245830536,0.3204580247402191,-0.05187482759356499,0.34351110458374023,0.39795157313346863,-0.005767171271145344,0.3824497163295746,0.29152408242225647,-0.030813610181212425,0.42944204807281494,0.28044313192367554,-0.05093029513955116,0.4668716788291931,0.29736149311065674,-0.06260860711336136,0.31930023431777954,0.39850738644599915,-0.027288788929581642,0.36070510745048523,0.2960553765296936,-0.05065055564045906,0.4079282879829407,0.2851935625076294,-0.06253861635923386,0.447269082069397,0.29851341247558594,-0.06766434758901596,0.2930324375629425,0.4130512773990631,-0.050282735377550125,0.3285199999809265,0.34296226501464844,-0.06685318797826767,0.36618784070014954,0.3130950331687927,-0.07274208962917328,0.40023723244667053,0.29902011156082153,-0.07538203150033951,C
0.2597610652446747,0.5898087024688721,5.817835244670277e-07,0.31103408336639404,0.5808722972869873,-0.014164255000650883,0.37379196286201477,0.5406467914581299,-0.02596314437687397,0.4267562925815582,0.5396947264671326,-0.040518924593925476,0.4722321331501007,0.5474467873573303,-0.055562034249305725,0.3591364622116089,0.40016910433769226,-0.004174345172941685,0.38518401980400085,0.31646543741226196,-0.027855686843395233,0.42679494619369507,0.29032212495803833,-0.04820947349071503,0.4632571041584015,0.2907964587211609,-0.060799188911914825,0.34160879254341125,0.38996216654777527,-0.013461806811392307,0.37590935826301575,0.29642754793167114,-0.03425516188144684,0.42497941851615906,0.2801247239112854,-0.05176522210240364,0.4632110297679901,0.2921909689903259,-0.06187612563371658,0.32265231013298035,0.3927622139453888,-0.027088044211268425,0.3595300018787384,0.2997061312198639,-0.047410860657691956,0.40776124596595764,0.280769944190979,-0.06074831262230873,0.4454525113105774,0.2879180312156677,-0.06688103079795837,0.30172088742256165,0.40952223539352417,-0.04273160547018051,0.3362385630607605,0.3411481976509094,-0.05889648571610451,0.37275102734565735,0.3103932738304138,-0.06706133484840393,0.4041784703731537,0.29697614908218384,-0.07109235227108002,C
0.23827753961086273,0.6326330304145813,3.1896541941023315e-07,0.3212471306324005,0.6075189709663391,-0.0021344460546970367,0.38700583577156067,0.5709705352783203,-0.013106700964272022,0.44128715991973877,0.5633877515792847,-0.030835390090942383,0.4909197688102722,0.5665269494056702,-0.04860442131757736,0.3866267502307892,0.42713865637779236,0.009694759733974934,0.4173280596733093,0.3390202522277832,-0.018039381131529808,0.45535364747047424,0.3313695192337036,-0.04277917370200157,0.4881308078765869,0.34490448236465454,-0.05841595679521561,0.3672613203525543,0.4153316020965576,-0.008602894842624664,0.4065532386302948,0.3124544024467468,-0.03507889807224274,0.4537774622440338,0.30597755312919617,-0.05647272989153862,0.48931050300598145,0.3238148093223572,-0.06924207508563995,0.34159812331199646,0.41822054982185364,-0.031089773401618004,0.3840223550796509,0.3159269094467163,-0.054520949721336365,0.4291113018989563,0.3060683608055115,-0.06666525453329086,0.4655512869358063,0.3164548873901367,-0.07256009429693222,0.3124264180660248,0.43638667464256287,-0.055109038949012756,0.3472834825515747,0.36790376901626587,-0.07207445800304413,0.38247382640838623,0.3336283564567566,-0.07877402752637863,0.4144797921180725,0.31258007884025574,-0.08226661384105682,C
0.24775269627571106,0.6362488865852356,3.8521599776686344e-07,0.32285526394844055,0.6177253723144531,-0.005413575563579798,0.3890928030014038,0.5825584530830383,-0.016946829855442047,0.44440361857414246,0.5738855600357056,-0.034062959253787994,0.49531567096710205,0.5784156322479248,-0.05083014443516731,0.39019349217414856,0.4361475110054016,0.004668673034757376,0.42315149307250977,0.34654879570007324,-0.021614767611026764,0.4635131359100342,0.32994669675827026,-0.044574037194252014,0.49998021125793457,0.3345000147819519,-0.059262730181217194,0.3710455000400543,0.4238734543323517,-0.011539422906935215,0.40922150015830994,0.317338764667511,-0.03752051293849945,0.45659881830215454,0.307758092880249,-0.05838337913155556,0.4932377338409424,0.32621562480926514,-0.07064247131347656,0.34741073846817017,0.4262489080429077,-0.03169403225183487,0.38569653034210205,0.32201164960861206,-0.05520683154463768,0.4338190257549286,0.3120517432689667,-0.06801119446754456,0.47340476512908936,0.3268502354621887,-0.0739859864115715,0.3216220438480377,0.44296959042549133,-0.053467925637960434,0.3560329079627991,0.37354180216789246,-0.07025966793298721,0.3936004042625427,0.34379589557647705,-0.07724085450172424,0.42737817764282227,0.33069461584091187,-0.08075935393571854,C
0.293590247631073,0.5965243577957153,5.998378469485033e-07,0.3362470269203186,0.5972341895103455,-0.017012014985084534,0.39465415477752686,0.5635385513305664,-0.030147679150104523,0.4472860097885132,0.5673589706420898,-0.04454238340258598,0.4910680949687958,0.5754175186157227,-0.05912891775369644,0.3790644109249115,0.42148905992507935,-0.015492756851017475,0.4068094789981842,0.339887797832489,-0.04061509296298027,0.4477520287036896,0.31453388929367065,-0.06115983799099922,0.48496145009994507,0.3135734796524048,-0.07371335476636887,0.3632556200027466,0.4103487432003021,-0.02242009900510311,0.39945077896118164,0.3202820122241974,-0.04455701634287834,0.4479283094406128,0.3024596571922302,-0.06177357956767082,0.4869737923145294,0.3117382526397705,-0.07172584533691406,0.3468870520591736,0.4134226143360138,-0.03284779191017151,0.38687294721603394,0.32269787788391113,-0.0540856197476387,0.43430909514427185,0.3058074712753296,-0.06680954992771149,0.4727819859981537,0.31261906027793884,-0.07237003743648529,0.329282283782959,0.4304918348789215,-0.045185960829257965,0.3667047321796417,0.36621564626693726,-0.06221920624375343,0.4036042094230652,0.3359360098838806,-0.07011070847511292,0.43551984429359436,0.3212660551071167,-0.07363413274288177,C
0.23762854933738708,0.634897768497467,3.6746439491253113e-07,0.3115570843219757,0.615121066570282,-0.005063382908701897,0.3787790536880493,0.5765901803970337,-0.014260923489928246,0.43471214175224304,0.5653518438339233,-0.0289409551769495,0.4855805039405823,0.5695836544036865,-0.04348745569586754,0.37908369302749634,0.43293678760528564,0.008373081684112549,0.4114150106906891,0.34262505173683167,-0.01641436479985714,0.4505442976951599,0.31935185194015503,-0.0384884737432003,0.4877687692642212,0.31782266497612,-0.05248221009969711,0.3607686161994934,0.4210330843925476,-0.007277986034750938,0.3991355895996094,0.3168768882751465,-0.03149017319083214,0.4448021352291107,0.3015536665916443,-0.05120972916483879,0.48235929012298584,0.31455740332603455,-0.06250408291816711,0.33761098980903625,0.422360360622406,-0.027121862396597862,0.3765067756175995,0.3209260404109955,-0.04951005056500435,0.42320501804351807,0.3054018020629883,-0.061342667788267136,0.46332862973213196,0.3162221312522888,-0.06630545109510422,0.31097474694252014,0.4369533061981201,-0.04865036904811859,0.3449094891548157,0.3647879362106323,-0.06423310935497284,0.38117390871047974,0.3322206139564514,-0.0697423666715622,0.41461461782455444,0.31746843457221985,-0.07197757065296173,C
0.23298008739948273,0.6369270086288452,3.7203298575150257e-07,0.3045458495616913,0.6180576682090759,-0.006063469219952822,0.37151893973350525,0.5771124362945557,-0.016337767243385315,0.42676645517349243,0.5653597116470337,-0.03158342093229294,0.4763796925544739,0.5709770321846008,-0.04661460593342781,0.37174779176712036,0.43115395307540894,0.0027781114913523197,0.40266919136047363,0.34014901518821716,-0.02303261123597622,0.4421341121196747,0.3205570578575134,-0.045135725289583206,0.4789533317089081,0.32131606340408325,-0.0594782717525959,0.3524704575538635,0.4200817346572876,-0.012272425927221775,0.39112773537635803,0.31568437814712524,-0.03806270286440849,0.43726441264152527,0.30512315034866333,-0.05802908539772034,0.4736230671405792,0.3207157254219055,-0.06967909634113312,0.3279078006744385,0.422617107629776,-0.031165165826678276,0.3689616322517395,0.31863248348236084,-0.055211640894412994,0.41617754101753235,0.3087230324745178,-0.06771107017993927,0.45564889907836914,0.32119637727737427,-0.07346122711896896,0.3001667857170105,0.43889355659484863,-0.05158429592847824,0.3348533511161804,0.3703375458717346,-0.0701044350862503,0.3715020716190338,0.3384736180305481,-0.07835792005062103,0.4051494598388672,0.3206813335418701,-0.08275668323040009,C
0.23035597801208496,0.6332266926765442,1.8488715625153418e-07,0.30770668387413025,0.6088340282440186,0.001723795896396041,0.37072333693504333,0.5698382258415222,-0.006565128918737173,0.4237827658653259,0.5562639236450195,-0.021928777918219566,0.47264933586120605,0.5563722848892212,-0.036046627908945084,0.37403032183647156,0.4303830564022064,0.013080114498734474,0.4097115099430084,0.36115092039108276,-0.013548142276704311,0.4380961060523987,0.38673487305641174,-0.03742280974984169,0.45699238777160645,0.4261492192745209,-0.05164789780974388,0.3552916944026947,0.41433823108673096,-0.006283340509980917,0.39288777112960815,0.3128319978713989,-0.02734111063182354,0.43961286544799805,0.30450135469436646,-0.04571768641471863,0.47362327575683594,0.32122495770454407,-0.05787571519613266,0.32960718870162964,0.41483074426651,-0.029861779883503914,0.366071879863739,0.3101557493209839,-0.05006890371441841,0.41307342052459717,0.2990511655807495,-0.061724767088890076,0.45063742995262146,0.30883580446243286,-0.06849464774131775,0.30210426449775696,0.4315696656703949,-0.054571930319070816,0.3327617347240448,0.362466424703598,-0.06940844655036926,0.3679024577140808,0.3307855725288391,-0.07483849674463272,0.39993682503700256,0.3126072585582733,-0.0782492458820343,C
0.2720600664615631,0.6001427173614502,5.76796253426437e-07,0.31529757380485535,0.5981960296630859,-0.015403340570628643,0.3756563365459442,0.5567492246627808,-0.027712389826774597,0.4300157427787781,0.5544912815093994,-0.04178604483604431,0.47592654824256897,0.5635789036750793,-0.05603265389800072,0.36422741413116455,0.42230701446533203,-0.014449010603129864,0.38785606622695923,0.33624255657196045,-0.03986957669258118,0.4288499355316162,0.30894705653190613,-0.05961686000227928,0.4653005003929138,0.30773448944091797,-0.07131123542785645,0.34681588411331177,0.4089474081993103,-0.02271503396332264,0.38026753067970276,0.3116556406021118,-0.04665544256567955,0.42888912558555603,0.2936171889305115,-0.0634138360619545,0.46597781777381897,0.30540305376052856,-0.07189379632472992,0.32815656065940857,0.4099850356578827,-0.03445003181695938,0.36355409026145935,0.31265297532081604,-0.0570470467209816,0.41068947315216064,0.2962349057197571,-0.06922972947359085,0.4480379819869995,0.30563631653785706,-0.07372371852397919,0.30791911482810974,0.4257694184780121,-0.04797261208295822,0.34247657656669617,0.3579155206680298,-0.066466324031353,0.3794915974140167,0.32725054025650024,-0.07488518953323364,0.41193103790283203,0.3135796785354614,-0.0782194659113884,C
0.22495242953300476,0.6328415870666504,3.493211693239573e-07,0.2992852032184601,0.6130364537239075,-0.004869961645454168,0.366280198097229,0.570684552192688,-0.014043308794498444,0.42245543003082275,0.5582063794136047,-0.02885797619819641,0.47310957312583923,0.5596999526023865,-0.043628957122564316,0.36897552013397217,0.4273263216018677,0.00585763156414032,0.39917999505996704,0.3336583077907562,-0.019893836230039597,0.43823760747909546,0.3106958270072937,-0.04235284775495529,0.47476449608802795,0.31097447872161865,-0.05661158263683319,0.3481641709804535,0.41479170322418213,-0.010465236380696297,0.38278311491012573,0.3053286373615265,-0.03643317148089409,0.42946407198905945,0.2887747287750244,-0.05727473646402359,0.46749842166900635,0.3027658462524414,-0.06942173838615417,0.3226003646850586,0.41654732823371887,-0.03080350160598755,0.356402724981308,0.3092089891433716,-0.054986804723739624,0.40332433581352234,0.2942737936973572,-0.06857103854417801,0.4436858892440796,0.3079122304916382,-0.07490050792694092,0.29388338327407837,0.43213868141174316,-0.0527072511613369,0.3223188817501068,0.3577508330345154,-0.07110335677862167,0.35854625701904297,0.3252994418144226,-0.07925570756196976,0.3929668068885803,0.31216782331466675,-0.08338334411382675,C
0.26017123460769653,0.6076838970184326,6.053388119653391e-07,0.3050728440284729,0.6006312370300293,-0.018009010702371597,0.3674302101135254,0.5581719279289246,-0.031789861619472504,0.422862708568573,0.5557105541229248,-0.046663910150527954,0.4693204164505005,0.558214008808136,-0.06184860318899155,0.35129186511039734,0.4180222153663635,-0.01747473143041134,0.3716011345386505,0.32605838775634766,-0.043846916407346725,0.41302964091300964,0.29276734590530396,-0.06472501158714294,0.4521925747394562,0.2858175039291382,-0.07735469192266464,0.3327106833457947,0.4071579873561859,-0.024983789771795273,0.36278265714645386,0.30517202615737915,-0.04769636318087578,0.4126972556114197,0.28018060326576233,-0.0643567219376564,0.4554944932460785,0.2839409410953522,-0.0740872249007225,0.312684029340744,0.41031894087791443,-0.03629404678940773,0.34717804193496704,0.3131675124168396,-0.05862092971801758,0.3948669731616974,0.29048314690589905,-0.0708540752530098,0.43503695726394653,0.29439589381217957,-0.07604823261499405,0.2894301414489746,0.4275473654270172,-0.04969558119773865,0.32052966952323914,0.35675787925720215,-0.06832403689622879,0.35616520047187805,0.32508254051208496,-0.07662305980920792,0.38875913619995117,0.3111705183982849,-0.08019903302192688,C
0.22305375337600708,0.631161093711853,3.9729212630845723e-07,0.29122644662857056,0.6118871569633484,-0.011231066659092903,0.36174094676971436,0.5661240816116333,-0.02214142121374607,0.42088717222213745,0.5556182861328125,-0.03698369488120079,0.4727931320667267,0.5543826818466187,-0.051762327551841736,0.36443760991096497,0.4154259264469147,-0.0011836325284093618,0.392258882522583,0.3170543909072876,-0.027881652116775513,0.42860081791877747,0.2877190411090851,-0.05137505754828453,0.4661111831665039,0.28171634674072266,-0.06633876264095306,0.3427885174751282,0.4036795496940613,-0.013959193602204323,0.3748731315135956,0.2913397550582886,-0.04061247035861015,0.4162520170211792,0.2712240219116211,-0.062225423753261566,0.454989492893219,0.2813606560230255,-0.0746074914932251,0.3167220652103424,0.4063100516796112,-0.030776869505643845,0.3489473760128021,0.2994958758354187,-0.05492452159523964,0.3919811248779297,0.28177425265312195,-0.06809504330158234,0.43333324790000916,0.29327884316444397,-0.0738617554306984,0.28732943534851074,0.4230811893939972,-0.04975537955760956,0.31651291251182556,0.34808844327926636,-0.0681023821234703,0.3509858548641205,0.3146187365055084,-0.07553141564130783,0.38563886284828186,0.30125853419303894,-0.07875307649374008,C
0.22102884948253632,0.6271080374717712,4.10154399332896e-07,0.29267722368240356,0.6050241589546204,-0.009606540203094482,0.3617103099822998,0.5604052543640137,-0.020178182050585747,0.42041024565696716,0.5479593873023987,-0.03533344715833664,0.473932683467865,0.5459173917770386,-0.050331637263298035,0.3636178970336914,0.41128262877464294,0.005024610087275505,0.3938666880130768,0.31520289182662964,-0.02086760848760605,0.4315471649169922,0.2833159565925598,-0.0445258766412735,0.4695800542831421,0.2741055190563202,-0.05977325513958931,0.3430284857749939,0.39876919984817505,-0.008671888150274754,0.3781524896621704,0.28998875617980957,-0.03365376591682434,0.4218966066837311,0.26664942502975464,-0.055006980895996094,0.4628656506538391,0.27226513624191284,-0.06774184852838516,0.31766268610954285,0.40023699402809143,-0.026731299236416817,0.3517034649848938,0.29605236649513245,-0.04982411861419678,0.39504069089889526,0.27577781677246094,-0.0623755119740963,0.4366244077682495,0.2831522226333618,-0.06807355582714081,0.28924208879470825,0.4152635931968689,-0.04698751121759415,0.31911444664001465,0.3417906165122986,-0.06405825167894363,0.35326266288757324,0.3094964623451233,-0.07014746963977814,0.38726139068603516,0.2957077622413635,-0.07255522906780243,C
0.21560931205749512,0.614956796169281,3.768992939967575e-07,0.2911088466644287,0.5832395553588867,-0.008044061250984669,0.35966673493385315,0.5315229296684265,-0.016764644533395767,0.4166755974292755,0.5168624520301819,-0.030472533777356148,0.4678056240081787,0.5177546739578247,-0.04415006935596466,0.3506069779396057,0.3903486728668213,0.008881421759724617,0.3778434991836548,0.29840800166130066,-0.016952013596892357,0.4131639003753662,0.262826144695282,-0.040417999029159546,0.45008349418640137,0.24896462261676788,-0.0556410513818264,0.3277364671230316,0.38151511549949646,-0.005338113289326429,0.35880714654922485,0.27833324670791626,-0.03097153641283512,0.4007719159126282,0.24940171837806702,-0.052157897502183914,0.44231244921684265,0.24786166846752167,-0.06469815224409103,0.3021450936794281,0.3855452835559845,-0.024327756837010384,0.33305713534355164,0.28386765718460083,-0.049243345856666565,0.3764353096485138,0.25692811608314514,-0.06320031732320786,0.41939520835876465,0.257846474647522,-0.06923934072256088,0.2743670344352722,0.40231838822364807,-0.045444305986166,0.30199530720710754,0.328553169965744,-0.06469473987817764,0.3350640833377838,0.29095643758773804,-0.07313825935125351,0.36896002292633057,0.27322590351104736,-0.0769711434841156,C
0.22038407623767853,0.6003095507621765,4.745640751480096e-07,0.28847169876098633,0.5777697563171387,-0.009562495164573193,0.3583453893661499,0.5256795287132263,-0.01862412877380848,0.41767019033432007,0.514609158039093,-0.03218116611242294,0.4694037139415741,0.5171557068824768,-0.04578598588705063,0.3440627157688141,0.38292986154556274,0.007796293590217829,0.3730124831199646,0.2980486750602722,-0.01567372865974903,0.40854623913764954,0.2613724172115326,-0.03806454315781593,0.4460063576698303,0.24424485862255096,-0.05310523509979248,0.3232881426811218,0.37270405888557434,-0.005764866713434458,0.3584331274032593,0.2773810029029846,-0.028574489057064056,0.4000813663005829,0.24841852486133575,-0.0491618812084198,0.44240203499794006,0.2444259226322174,-0.06191445142030716,0.29880663752555847,0.3758324384689331,-0.024044321849942207,0.335226833820343,0.2811383605003357,-0.04703918844461441,0.3796371817588806,0.2542301416397095,-0.06103335693478584,0.4244418740272522,0.253109335899353,-0.06785693764686584,0.2723473012447357,0.39164406061172485,-0.044473130255937576,0.3066800832748413,0.3228938579559326,-0.06275768578052521,0.34120458364486694,0.2875453233718872,-0.07063093781471252,0.3765435814857483,0.2705802023410797,-0.07449986040592194,C
0.23589392006397247,0.6018216609954834,3.8008823821655824e-07,0.302790105342865,0.5818445682525635,-0.007244843058288097,0.36942481994628906,0.5285418033599854,-0.012212846428155899,0.4259127378463745,0.5117343068122864,-0.02132187783718109,0.4737899899482727,0.5122410655021667,-0.03049924597144127,0.3622762858867645,0.38910841941833496,0.00979357585310936,0.3884434998035431,0.30430078506469727,-0.010623272508382797,0.42285987734794617,0.26745718717575073,-0.030607927590608597,0.4581582248210907,0.2483971267938614,-0.043931882828474045,0.3410283625125885,0.3778281807899475,-0.002435216912999749,0.37270572781562805,0.2839273512363434,-0.021615471690893173,0.4129874110221863,0.25182732939720154,-0.03863745182752609,0.4533579349517822,0.24183368682861328,-0.04901822656393051,0.31698697805404663,0.37953686714172363,-0.01888250559568405,0.3484395742416382,0.28562942147254944,-0.03862711787223816,0.3908434212207794,0.25596317648887634,-0.04923631623387337,0.4329708218574524,0.2504647970199585,-0.05367078632116318,0.29081544280052185,0.39330512285232544,-0.03737949579954147,0.3212333917617798,0.3213661313056946,-0.0531347431242466,0.35490870475769043,0.2864222228527069,-0.05841539800167084,0.38921910524368286,0.26975876092910767,-0.060200244188308716,C
0.23360024392604828,0.6009229421615601,3.83801960879282e-07,0.2991025745868683,0.579785168170929,-0.010542206466197968,0.36656454205513,0.530224084854126,-0.018698129802942276,0.4230920970439911,0.5140762329101562,-0.030342815443873405,0.47211742401123047,0.5085740685462952,-0.04189928248524666,0.3630084693431854,0.3897596299648285,0.005140900146216154,0.391745388507843,0.304877370595932,-0.016993097960948944,0.424747109413147,0.2676471471786499,-0.03780774399638176,0.4587565064430237,0.24765907227993011,-0.051615480333566666,0.3410733640193939,0.3777347207069397,-0.006199542433023453,0.3736138343811035,0.2826216220855713,-0.027654174715280533,0.41271018981933594,0.251156210899353,-0.04580816626548767,0.4519984722137451,0.24226774275302887,-0.05664387717843056,0.31559303402900696,0.37935373187065125,-0.021867675706744194,0.34876230359077454,0.284098744392395,-0.043152984231710434,0.39009565114974976,0.2536630928516388,-0.05412343144416809,0.43143588304519653,0.2468743920326233,-0.05873856693506241,0.28785696625709534,0.39381566643714905,-0.03971313312649727,0.3185848891735077,0.32270681858062744,-0.05628025531768799,0.35151877999305725,0.28761225938796997,-0.06177406758069992,0.38532358407974243,0.26966869831085205,-0.06363596767187119,C
0.2280723601579666,0.6095299124717712,3.5788764307653764e-07,0.29257288575172424,0.591976523399353,-0.009385473094880581,0.35942164063453674,0.5419609546661377,-0.01563279889523983,0.4151824116706848,0.5263800024986267,-0.025386985391378403,0.46127384901046753,0.5262233018875122,-0.03537703678011894,0.3594275712966919,0.4013569951057434,0.005482221953570843,0.38755181431770325,0.31786787509918213,-0.015593021176755428,0.4195089042186737,0.28139784932136536,-0.035801492631435394,0.45237961411476135,0.2626223564147949,-0.04934928938746452,0.3376067280769348,0.38973110914230347,-0.005533528979867697,0.36987361311912537,0.2968403100967407,-0.026197444647550583,0.40724268555641174,0.26589053869247437,-0.04415139928460121,0.44470179080963135,0.25733423233032227,-0.05503186210989952,0.31217628717422485,0.39145612716674805,-0.020609823986887932,0.3450562357902527,0.29920053482055664,-0.04105813801288605,0.38405290246009827,0.2710384130477905,-0.05227479338645935,0.4227505922317505,0.26585012674331665,-0.05735486000776291,0.2834717035293579,0.4055691361427307,-0.03770417720079422,0.3142445981502533,0.33681800961494446,-0.05384252592921257,0.34565046429634094,0.30222320556640625,-0.05979404225945473,0.3781646490097046,0.2834375500679016,-0.06230689212679863,C
0.22157558798789978,0.6128818988800049,3.7816977283000597e-07,0.2850346267223358,0.5964241027832031,-0.008683952502906322,0.35070741176605225,0.5422172546386719,-0.014086214825510979,0.4061298668384552,0.5246976613998413,-0.023385686799883842,0.4529116749763489,0.5273034572601318,-0.03268064558506012,0.34798309206962585,0.3997933268547058,0.007062396965920925,0.3772332966327667,0.315603107213974,-0.014415085315704346,0.41209930181503296,0.28199636936187744,-0.034899670630693436,0.44692227244377136,0.26785439252853394,-0.04847506433725357,0.32617923617362976,0.3886454105377197,-0.004296890925616026,0.36012911796569824,0.2949347496032715,-0.025875026360154152,0.4003613293170929,0.26855361461639404,-0.04428503289818764,0.43935832381248474,0.26578688621520996,-0.05509668588638306,0.3010936677455902,0.3908643126487732,-0.019795238971710205,0.33595263957977295,0.29761573672294617,-0.04135659337043762,0.376969575881958,0.27465564012527466,-0.05297689884901047,0.41678035259246826,0.2751319408416748,-0.05796276777982712,0.27260276675224304,0.40623295307159424,-0.03726089000701904,0.30468761920928955,0.3397793471813202,-0.054668642580509186,0.33671796321868896,0.30577436089515686,-0.061592742800712585,0.369072824716568,0.2879873514175415,-0.06457429379224777,C
0.21966508030891418,0.6126804947853088,3.873042260238435e-07,0.2858318090438843,0.5926954746246338,-0.01022490207105875,0.352356493473053,0.5390483140945435,-0.01756533421576023,0.4099867045879364,0.5244337320327759,-0.028764937072992325,0.45993995666503906,0.5261653065681458,-0.0401662215590477,0.34880757331848145,0.40041226148605347,0.0053227622993290424,0.37870219349861145,0.3172494173049927,-0.0167798213660717,0.41194963455200195,0.2854342460632324,-0.03769466280937195,0.4462367594242096,0.27051979303359985,-0.05196673423051834,0.3267884850502014,0.38913798332214355,-0.0059925890527665615,0.3608587682247162,0.2959892749786377,-0.02810673788189888,0.39933881163597107,0.27087265253067017,-0.04690218344330788,0.43749678134918213,0.2678622603416443,-0.05834026634693146,0.3002362847328186,0.39149102568626404,-0.021637460216879845,0.3353560268878937,0.2984291613101959,-0.0437491238117218,0.37463515996932983,0.27525609731674194,-0.05539964139461517,0.41361260414123535,0.2742241621017456,-0.06062627583742142,0.2700616419315338,0.40692952275276184,-0.039400290697813034,0.30254027247428894,0.34087541699409485,-0.05700165405869484,0.3344801962375641,0.30587145686149597,-0.06401856988668442,0.36701205372810364,0.28552111983299255,-0.06734055280685425,C
0.2252882421016693,0.6096699237823486,3.8187980067050376e-07,0.29137280583381653,0.5888410806655884,-0.009901773184537888,0.3567734360694885,0.536937415599823,-0.01745753549039364,0.41364890336990356,0.5232117772102356,-0.028976984322071075,0.46338707208633423,0.5257400274276733,-0.0408807098865509,0.35307639837265015,0.4035697877407074,0.00475776381790638,0.38304603099823,0.3193820118904114,-0.017765698954463005,0.41626471281051636,0.2846696972846985,-0.03872392326593399,0.45044270157814026,0.26756757497787476,-0.052872564643621445,0.3317001461982727,0.3916707932949066,-0.006944229826331139,0.36542579531669617,0.2978740930557251,-0.029205581173300743,0.4037300944328308,0.26948368549346924,-0.04796810448169708,0.4425479769706726,0.2637769877910614,-0.05935847386717796,0.3058806359767914,0.3932940363883972,-0.022925464436411858,0.34064429998397827,0.29973435401916504,-0.04533978924155235,0.3806949853897095,0.27347058057785034,-0.05700532719492912,0.420658141374588,0.27101555466651917,-0.06209041550755501,0.27638280391693115,0.4072589576244354,-0.04091435298323631,0.308235228061676,0.339810848236084,-0.058504875749349594,0.340544193983078,0.3046254813671112,-0.06500125676393509,0.3731922209262848,0.2854759693145752,-0.06783805042505264,C
0.21946610510349274,0.6167529821395874,3.628102831498836e-07,0.2865862250328064,0.5974335074424744,-0.009121051989495754,0.3543471395969391,0.5446764826774597,-0.016194866970181465,0.4124588966369629,0.5313901901245117,-0.027287296950817108,0.4628053903579712,0.5325722694396973,-0.038355641067028046,0.3524872660636902,0.4065057039260864,0.005774518474936485,0.3821936845779419,0.31984007358551025,-0.016023490577936172,0.4162895679473877,0.2903062403202057,-0.03651732951402664,0.4502353072166443,0.2797400951385498,-0.050244659185409546,0.33092761039733887,0.3944843113422394,-0.005965858697891235,0.3660367429256439,0.29761213064193726,-0.028350498527288437,0.4056733250617981,0.27611052989959717,-0.047357235103845596,0.4422280490398407,0.2804820239543915,-0.05848745256662369,0.3043202757835388,0.3963179290294647,-0.021819638088345528,0.33914467692375183,0.29921549558639526,-0.04397228732705116,0.38037610054016113,0.27829188108444214,-0.05634084343910217,0.419849157333374,0.2823616564273834,-0.06192327290773392,0.27400147914886475,0.41160351037979126,-0.039571937173604965,0.30635255575180054,0.34352433681488037,-0.05777609348297119,0.33910834789276123,0.30913758277893066,-0.06537096202373505,0.3718665540218353,0.29168808460235596,-0.06885380297899246,C
0.19532446563243866,0.6403607130050659,4.084911324753193e-07,0.2622602581977844,0.618510365486145,-0.009759059175848961,0.331573486328125,0.5648479461669922,-0.01877635531127453,0.3913537561893463,0.5520829558372498,-0.03189609572291374,0.4437592625617981,0.5546030402183533,-0.045492514967918396,0.3270713984966278,0.41863229870796204,0.004378695040941238,0.3638799488544464,0.3332521319389343,-0.019090458750724792,0.4021616578102112,0.30627167224884033,-0.041342202574014664,0.43773722648620605,0.29886960983276367,-0.05609266459941864,0.30369868874549866,0.4075554311275482,-0.007980149239301682,0.3415881395339966,0.30745261907577515,-0.03130156174302101,0.38538187742233276,0.28658461570739746,-0.05161787569522858,0.4240512251853943,0.2925127148628235,-0.063751220703125,0.2747384309768677,0.41127023100852966,-0.024472858756780624,0.31320470571517944,0.30928975343704224,-0.04818103089928627,0.35895150899887085,0.2861902117729187,-0.06174861267209053,0.401589035987854,0.28861287236213684,-0.06793345510959625,0.2416042983531952,0.42990225553512573,-0.04272179678082466,0.2770449221134186,0.3596903085708618,-0.06253666430711746,0.31239283084869385,0.32618048787117004,-0.0704423189163208,0.3459198772907257,0.31164222955703735,-0.07378087937831879,C
0.1352212131023407,0.7103184461593628,6.191153829604445e-07,0.21542394161224365,0.6992399096488953,-0.016813037917017937,0.3089357316493988,0.6406169533729553,-0.029625672847032547,0.38657841086387634,0.6317505240440369,-0.0464324951171875,0.4513990879058838,0.6344258785247803,-0.06401996314525604,0.30786794424057007,0.4548172950744629,0.0013188667362555861,0.3538029193878174,0.3563995361328125,-0.026826413348317146,0.4000387489795685,0.3217473030090332,-0.05406821891665459,0.4453195333480835,0.30714839696884155,-0.07260792702436447,0.28001779317855835,0.43636560440063477,-0.012941068969666958,0.33167850971221924,0.32233211398124695,-0.04039563611149788,0.38651391863822937,0.2961124777793884,-0.06558047235012054,0.4366869628429413,0.29962390661239624,-0.08115431666374207,0.2442881315946579,0.43542858958244324,-0.032630860805511475,0.29620176553726196,0.32096755504608154,-0.05940472334623337,0.3541850745677948,0.2954835593700409,-0.07538400590419769,0.40924155712127686,0.2974531054496765,-0.08355927467346191,0.20271676778793335,0.45199501514434814,-0.055265069007873535,0.24766689538955688,0.366435706615448,-0.07746870815753937,0.2919028699398041,0.32717394828796387,-0.08595148473978043,0.3358723521232605,0.3078850209712982,-0.08998994529247284,C
0.06367477774620056,0.7955530285835266,6.495556021945958e-07,0.15701302886009216,0.7964226007461548,-0.023280076682567596,0.2650088965892792,0.7429308891296387,-0.0397324375808239,0.35487109422683716,0.7378487586975098,-0.059610579162836075,0.42984288930892944,0.7510887384414673,-0.08089393377304077,0.2745169401168823,0.5308858752250671,-0.005912579596042633,0.3407929241657257,0.4206674098968506,-0.0393640361726284,0.396713525056839,0.38544827699661255,-0.0703808069229126,0.44884347915649414,0.37117987871170044,-0.09196491539478302,0.2434232234954834,0.5084636807441711,-0.020291415974497795,0.3141743838787079,0.38723909854888916,-0.05089860036969185,0.37802499532699585,0.35702383518218994,-0.07970204204320908,0.43395137786865234,0.3573586344718933,-0.09918080270290375,0.20113414525985718,0.5036750435829163,-0.040862131863832474,0.2709292471408844,0.3812209367752075,-0.0712338238954544,0.33703097701072693,0.3516600728034973,-0.09058957546949387,0.39787212014198303,0.35006946325302124,-0.1021498292684555,0.15053173899650574,0.5154069662094116,-0.06489773839712143,0.20162665843963623,0.42439475655555725,-0.09159456193447113,0.25049909949302673,0.38031822443008423,-0.10306065529584885,0.29843032360076904,0.3572982847690582,-0.10988947749137878,C
0.017204657196998596,0.8985316157341003,7.063997600198491e-07,0.11845970153808594,0.8955090045928955,-0.023030420765280724,0.23427467048168182,0.8324460387229919,-0.03938448056578636,0.3294113278388977,0.8225792646408081,-0.05965808779001236,0.40734434127807617,0.827380359172821,-0.0808892771601677,0.23595315217971802,0.6038468480110168,-0.004651081282645464,0.2992545962333679,0.48080480098724365,-0.0428842231631279,0.35714560747146606,0.4383046627044678,-0.07697932422161102,0.41264456510543823,0.4215366542339325,-0.1000695675611496,0.19972831010818481,0.5820920467376709,-0.020878704264760017,0.2687091529369354,0.4490123987197876,-0.05900249257683754,0.33538755774497986,0.4187912940979004,-0.09174385666847229,0.3967352509498596,0.4226798415184021,-0.1123155951499939,0.15315920114517212,0.5798965692520142,-0.043842677026987076,0.2226029485464096,0.44543778896331787,-0.08146002888679504,0.29188406467437744,0.41785332560539246,-0.1030094176530838,0.35708171129226685,0.4214322865009308,-0.114430733025074,0.09948909282684326,0.5972113609313965,-0.07024441659450531,0.15308435261249542,0.5005483627319336,-0.10329071432352066,0.2053566873073578,0.45267850160598755,-0.11782833933830261,0.2581929564476013,0.42626896500587463,-0.12572264671325684,C
-0.016217410564422607,0.9073736071586609,7.777135238029587e-07,0.08792710304260254,0.8939591646194458,-0.025142140686511993,0.2006399929523468,0.8327018618583679,-0.04871174693107605,0.29214057326316833,0.8210129737854004,-0.07571171224117279,0.3711143136024475,0.8221069574356079,-0.10417789220809937,0.19764696061611176,0.5998371243476868,-0.02323789708316326,0.2646600902080536,0.46975356340408325,-0.06906227767467499,0.3248140513896942,0.43057653307914734,-0.10634969174861908,0.3836403489112854,0.4173807203769684,-0.13109715282917023,0.15752190351486206,0.5846500992774963,-0.042092058807611465,0.2279345542192459,0.4417223334312439,-0.08752843737602234,0.29747942090034485,0.41528788208961487,-0.12207908183336258,0.3606920540332794,0.42277249693870544,-0.14382196962833405,0.1079200804233551,0.5921697020530701,-0.06708953529596329,0.17870542407035828,0.4479932487010956,-0.10980606079101562,0.249789297580719,0.4195472002029419,-0.13115213811397552,0.31574028730392456,0.4218573570251465,-0.14261788129806519,0.05273914337158203,0.6214885115623474,-0.09539234638214111,0.1072625145316124,0.5184407830238342,-0.1323397308588028,0.16326209902763367,0.46507585048675537,-0.14787063002586365,0.21841634809970856,0.43162426352500916,-0.15666724741458893,C
-0.031870871782302856,0.9148504137992859,7.117113796084595e-07,0.07040511071681976,0.9019310474395752,-0.02530929632484913,0.18225440382957458,0.8368545770645142,-0.04792288318276405,0.27527159452438354,0.8214787244796753,-0.07389919459819794,0.3548896312713623,0.8254189491271973,-0.1010083332657814,0.179259791970253,0.6059069633483887,-0.021537963300943375,0.23926478624343872,0.469738245010376,-0.06470143795013428,0.29618358612060547,0.431138813495636,-0.10046182572841644,0.3521439731121063,0.4207533001899719,-0.1242561787366867,0.1387108862400055,0.5915528535842896,-0.039615027606487274,0.20112967491149902,0.44461822509765625,-0.08093924820423126,0.2675574719905853,0.4154999852180481,-0.11235572397708893,0.32849472761154175,0.42242878675460815,-0.13270002603530884,0.08947302401065826,0.5998522639274597,-0.06397540122270584,0.1524159461259842,0.4550069570541382,-0.10208983719348907,0.22029826045036316,0.4210561215877533,-0.12098377197980881,0.28429165482521057,0.42049503326416016,-0.13162857294082642,0.03488898277282715,0.6293904781341553,-0.0921248346567154,0.08398997038602829,0.5223812460899353,-0.1245880201458931,0.1372387409210205,0.46840935945510864,-0.13787579536437988,0.19059091806411743,0.4364872872829437,-0.1456170529127121,C
