0,1,2,3,4,5,6,7,8,9,10,11,12,13,14,15,16,17,18,19,20,21,22,23,24,25,26,27,28,29,30,31,32,33,34,35,36,37,38,39,40,41,42,43,44,45,46,47,48,49,50,51,52,53,54,55,56,57,58,59,60,61,62,label
0.25156301259994507,0.9475802779197693,4.407040137266449e-07,0.2598239779472351,0.8400352597236633,-0.047263264656066895,0.30485785007476807,0.7766875624656677,-0.07541262358427048,0.368003249168396,0.7671196460723877,-0.09085828810930252,0.4191320538520813,0.7579348087310791,-0.10020710527896881,0.36381885409355164,0.863822877407074,-0.09361002594232559,0.4582674503326416,0.8578071594238281,-0.12112477421760559,0.46997642517089844,0.8186392188072205,-0.12884889543056488,0.46436864137649536,0.7921252846717834,-0.12773528695106506,0.3775055408477783,0.9188147783279419,-0.0758747011423111,0.4876498878002167,0.9071524739265442,-0.10857005417346954,0.5537384748458862,0.8844009041786194,-0.1187627837061882,0.6024901866912842,0.8707482218742371,-0.12274064868688583,0.38261672854423523,0.9502472281455994,-0.05718410015106201,0.4791058599948883,0.9346994757652283,-0.0833994597196579,0.538347601890564,0.9151095151901245,-0.09111830592155457,0.5798546075820923,0.901991605758667,-0.09196626394987106,0.38286855816841125,0.9648556709289551,-0.039771758019924164,0.4571400284767151,0.9453619122505188,-0.05635800585150719,0.49971866607666016,0.9289207458496094,-0.058829616755247116,0.530720591545105,0.9117674827575684,-0.05727436766028404,correct
0.22044815123081207,0.9177283048629761,6.817034545747447e-07,0.23835644125938416,0.8073692321777344,-0.03543402999639511,0.293095201253891,0.7321398258209229,-0.05844981595873833,0.3590637147426605,0.7073954343795776,-0.07295995205640793,0.4121447503566742,0.6938385367393494,-0.08468028157949448,0.35760632157325745,0.7948001027107239,-0.07110180705785751,0.4720040559768677,0.8030023574829102,-0.09722045809030533,0.5286911725997925,0.7939785122871399,-0.10892786830663681,0.5676547288894653,0.7849917411804199,-0.11089928448200226,0.3648113012313843,0.8542135953903198,-0.05968037620186806,0.48090600967407227,0.8371408581733704,-0.07706298679113388,0.5492929220199585,0.8155357241630554,-0.07830476015806198,0.599744975566864,0.7996799945831299,-0.07635036110877991,0.36506593227386475,0.902044415473938,-0.048404306173324585,0.4687671363353729,0.8760716319084167,-0.05825125053524971,0.5279948711395264,0.8529738783836365,-0.05348457768559456,0.5694736242294312,0.8378192782402039,-0.047498755156993866,0.36107173562049866,0.9364663362503052,-0.039741434156894684,0.44096124172210693,0.9054726958274841,-0.04508095607161522,0.48253771662712097,0.8876644968986511,-0.03847922384738922,0.511070728302002,0.8712092638015747,-0.030296307057142258,correct
0.18718896806240082,0.9247158169746399,3.7379629702627426e-07,0.2114666998386383,0.8158241510391235,-0.037124987691640854,0.26332828402519226,0.7423020601272583,-0.059989459812641144,0.33075568079948425,0.7146612405776978,-0.07377348095178604,0.3885856866836548,0.7054228186607361,-0.07863391935825348,0.33751022815704346,0.8199297189712524,-0.05547521635890007,0.4295349717140198,0.7970348596572876,-0.08701013028621674,0.4261561632156372,0.7515622973442078,-0.10131748020648956,0.4003389775753021,0.7257373929023743,-0.1017235741019249,0.3513069152832031,0.8680998086929321,-0.041116684675216675,0.4650064706802368,0.8401486277580261,-0.06909536570310593,0.5301256775856018,0.8125656247138977,-0.07449068874120712,0.5800988078117371,0.7981722354888916,-0.07304433733224869,0.3543429970741272,0.902899444103241,-0.028696304187178612,0.4564135670661926,0.8799999356269836,-0.046506330370903015,0.5161643624305725,0.8598079085350037,-0.04137060418725014,0.5602368116378784,0.8456264734268188,-0.0318094938993454,0.34756505489349365,0.9257420897483826,-0.01880696415901184,0.4267754852771759,0.9016448855400085,-0.02320537343621254,0.47123318910598755,0.8877197504043579,-0.01214537862688303,0.5048093795776367,0.872541069984436,8.271596016129479e-05,correct
0.19862844049930573,0.9069137573242188,5.164842491467425e-07,0.20072035491466522,0.8133060336112976,-0.02912166155874729,0.2506043612957001,0.7459939122200012,-0.0483696311712265,0.31377196311950684,0.7279871702194214,-0.05975834280252457,0.36132538318634033,0.722780704498291,-0.06908949464559555,0.27845093607902527,0.8078779578208923,-0.06995626538991928,0.37425363063812256,0.8130842447280884,-0.09307802468538284,0.4097503423690796,0.789823591709137,-0.10143172740936279,0.42154642939567566,0.767722487449646,-0.10172782838344574,0.28949815034866333,0.8617364168167114,-0.06097690761089325,0.39993640780448914,0.8565172553062439,-0.07907021790742874,0.4403949975967407,0.8199465274810791,-0.07992710918188095,0.45500344038009644,0.7947527170181274,-0.07804404944181442,0.29898083209991455,0.8967989087104797,-0.05083600431680679,0.39672160148620605,0.8767891526222229,-0.06426524370908737,0.43042173981666565,0.8332797884941101,-0.062045469880104065,0.4406617283821106,0.8068346977233887,-0.05698569118976593,0.30774253606796265,0.9150158166885376,-0.04177410900592804,0.3825311064720154,0.8800384402275085,-0.05087621510028839,0.4112500846385956,0.8446362018585205,-0.04761499539017677,0.42078202962875366,0.8219423294067383,-0.04204120114445686,correct
0.1641855537891388,0.9013634324073792,6.271906727306487e-07,0.1771182268857956,0.8151335120201111,-0.019927775487303734,0.23387999832630157,0.7461193203926086,-0.04105403274297714,0.29747703671455383,0.7260051965713501,-0.054853614419698715,0.3457382619380951,0.7234545350074768,-0.06912970542907715,0.21510858833789825,0.758770227432251,-0.07613232731819153,0.27782899141311646,0.7383556962013245,-0.10350680351257324,0.32455283403396606,0.7218155860900879,-0.11832401156425476,0.3564654588699341,0.7076808214187622,-0.12599824368953705,0.22422786056995392,0.8273124098777771,-0.07643436640501022,0.32327544689178467,0.8105138540267944,-0.09515704214572906,0.37125492095947266,0.7913298010826111,-0.09878968447446823,0.3987959027290344,0.7713548541069031,-0.10211125761270523,0.23775769770145416,0.8941521048545837,-0.07432007789611816,0.3370559513568878,0.8802792429924011,-0.0866372361779213,0.38746678829193115,0.8408957719802856,-0.0828218162059784,0.41491252183914185,0.8039273619651794,-0.08063691854476929,0.25181564688682556,0.950302004814148,-0.072444386780262,0.33072271943092346,0.9217458963394165,-0.07923385500907898,0.36928844451904297,0.8887928128242493,-0.07234244793653488,0.3919216990470886,0.857551634311676,-0.06707915663719177,correct
0.16846756637096405,0.9245218634605408,7.052565820231393e-07,0.1839706301689148,0.8109314441680908,-0.05313331261277199,0.23239147663116455,0.7397427558898926,-0.0785306915640831,0.2993924021720886,0.7136827707290649,-0.08984033018350601,0.3550189137458801,0.7071896195411682,-0.09398164600133896,0.30938053131103516,0.8249759674072266,-0.08525986224412918,0.41623207926750183,0.8173443675041199,-0.10465894639492035,0.45789793133735657,0.7999021410942078,-0.10800477117300034,0.48802661895751953,0.7924520373344421,-0.10400855541229248,0.3268248736858368,0.8745442032814026,-0.05786367133259773,0.4383591413497925,0.8384674191474915,-0.07764499634504318,0.5037696957588196,0.7927858829498291,-0.0741364136338234,0.5492889881134033,0.762013852596283,-0.06580717861652374,0.3329758644104004,0.9036107063293457,-0.030607400462031364,0.41424769163131714,0.8349184393882751,-0.04676324129104614,0.43411925435066223,0.772401750087738,-0.03860809653997421,0.43890583515167236,0.7329426407814026,-0.024316199123859406,0.33227255940437317,0.9201914072036743,-0.006328803952783346,0.3911559283733368,0.8501176834106445,-0.01692052185535431,0.40115731954574585,0.8007274270057678,-0.009221107698976994,0.3979272246360779,0.7620334029197693,0.0037882206961512566,correct
0.17511917650699615,0.9248531460762024,6.10739277817629e-07,0.18563853204250336,0.8135542273521423,-0.054461460560560226,0.23680859804153442,0.7387866973876953,-0.08137433230876923,0.3091307580471039,0.7161693572998047,-0.09386251866817474,0.3676096796989441,0.7182242274284363,-0.09984716027975082,0.3110024333000183,0.8335213661193848,-0.08948402106761932,0.41886359453201294,0.8325786590576172,-0.1091233491897583,0.46010416746139526,0.8074957728385925,-0.11165221780538559,0.48640888929367065,0.7969191670417786,-0.10758962482213974,0.3274972140789032,0.8883184790611267,-0.06327783316373825,0.44311296939849854,0.8552960157394409,-0.08382130414247513,0.5078355073928833,0.8076350688934326,-0.08092857897281647,0.5531232357025146,0.777929961681366,-0.0737578272819519,0.333769291639328,0.9190384149551392,-0.037092313170433044,0.4305803179740906,0.8650263547897339,-0.052901167422533035,0.47855013608932495,0.8152866959571838,-0.04654555767774582,0.5066192150115967,0.7848857641220093,-0.03565501421689987,0.33283567428588867,0.9319604635238647,-0.013864808715879917,0.4036276638507843,0.8731527924537659,-0.023731082677841187,0.43279922008514404,0.832733690738678,-0.017053956165909767,0.4452894926071167,0.7985444068908691,-0.006345908623188734,correct
0.17257052659988403,0.922781765460968,5.806871854474593e-07,0.18529684841632843,0.8128987550735474,-0.06023532152175903,0.24056652188301086,0.7443813681602478,-0.09081406146287918,0.3141845464706421,0.7274883985519409,-0.10638520866632462,0.37525475025177,0.733405590057373,-0.11552650481462479,0.3138978183269501,0.8381873965263367,-0.10049065202474594,0.42953985929489136,0.8402648568153381,-0.1273287832736969,0.46115046739578247,0.8071039915084839,-0.13519683480262756,0.4715900421142578,0.7903812527656555,-0.13210411369800568,0.3261672854423523,0.8922106027603149,-0.06988035887479782,0.4439695477485657,0.8603762984275818,-0.0904385969042778,0.5074359774589539,0.8050510287284851,-0.08674070239067078,0.5464413166046143,0.7699413299560547,-0.07919728010892868,0.32904738187789917,0.9264777898788452,-0.039925467222929,0.41608190536499023,0.8681714534759521,-0.0557529479265213,0.4272068440914154,0.7996697425842285,-0.044689495116472244,0.4203958511352539,0.7594833970069885,-0.028808580711483955,0.32757988572120667,0.9469634294509888,-0.013404136523604393,0.3962245583534241,0.8881043195724487,-0.023675160482525826,0.4070802330970764,0.8383486270904541,-0.013798856176435947,0.3994094133377075,0.802440881729126,0.0006638510967604816,correct
0.18128211796283722,0.9205076694488525,3.474724223906378e-07,0.18413251638412476,0.8164746165275574,-0.03686729818582535,0.2441539168357849,0.7497158050537109,-0.057283878326416016,0.31490498781204224,0.7354117035865784,-0.06681662797927856,0.36956214904785156,0.7364358901977539,-0.07242298126220703,0.26751983165740967,0.8432852625846863,-0.08522993326187134,0.36906442046165466,0.8522143363952637,-0.105991430580616,0.4097367227077484,0.8219507336616516,-0.10709880292415619,0.42525172233581543,0.7917440533638,-0.10252433270215988,0.28383609652519226,0.9029971361160278,-0.07007694989442825,0.3867303133010864,0.8871166706085205,-0.0860663577914238,0.4222619831562042,0.8279959559440613,-0.0809541568160057,0.4295893609523773,0.7802831530570984,-0.07441434264183044,0.2958541512489319,0.9397004842758179,-0.053204115480184555,0.3878471851348877,0.8976444602012634,-0.06573139131069183,0.40678873658180237,0.8362510800361633,-0.057924628257751465,0.4015701711177826,0.7920123934745789,-0.04839000105857849,0.305045485496521,0.9585843086242676,-0.0375954695045948,0.37731456756591797,0.9154862761497498,-0.04837747663259506,0.3976641297340393,0.8665871620178223,-0.04444057494401932,0.39567747712135315,0.8284507393836975,-0.03683066740632057,correct
0.16576902568340302,0.9177649021148682,6.518398549815174e-07,0.17799746990203857,0.7944639325141907,-0.06412994861602783,0.2358357012271881,0.7237147688865662,-0.09740210324525833,0.31493332982063293,0.7098724246025085,-0.11307969689369202,0.3776562809944153,0.7173908948898315,-0.12301663309335709,0.3094141185283661,0.8366163969039917,-0.12076222896575928,0.44176793098449707,0.8353239297866821,-0.1474829465150833,0.5082308053970337,0.8103922009468079,-0.15241922438144684,0.5540812015533447,0.7940883636474609,-0.14981353282928467,0.3215239644050598,0.8960872888565063,-0.08706808090209961,0.4456048607826233,0.8636321425437927,-0.11275634914636612,0.4988275170326233,0.8061277270317078,-0.10670321434736252,0.5286405086517334,0.7708776593208313,-0.09691455960273743,0.32682767510414124,0.9278532266616821,-0.052043091505765915,0.4216400980949402,0.8637363314628601,-0.07201623916625977,0.428874135017395,0.788519561290741,-0.05804078280925751,0.4189484417438507,0.7452912330627441,-0.03997042775154114,0.32753753662109375,0.9417015314102173,-0.020336167886853218,0.3989090323448181,0.8770355582237244,-0.033855538815259933,0.40750759840011597,0.8210664391517639,-0.024538833647966385,0.3980058431625366,0.7812191843986511,-0.010078292340040207,correct
0.16052313148975372,0.9362037181854248,4.981001211490366e-07,0.18766997754573822,0.8219342827796936,-0.07413361966609955,0.24645622074604034,0.7619433403015137,-0.11085968464612961,0.32287704944610596,0.7609093189239502,-0.12889717519283295,0.3879188299179077,0.7673592567443848,-0.13816633820533752,0.3157629668712616,0.8746525049209595,-0.11837427318096161,0.4371767044067383,0.8779881000518799,-0.14820460975170135,0.449118971824646,0.8348599076271057,-0.1559457629919052,0.43667638301849365,0.8093188405036926,-0.15191403031349182,0.3302302956581116,0.9297149181365967,-0.08033450692892075,0.46168217062950134,0.9001635313034058,-0.10747117549180984,0.5348654985427856,0.8429282903671265,-0.10936740040779114,0.5791738629341125,0.8038681745529175,-0.1064361110329628,0.33492425084114075,0.9609227776527405,-0.04267019033432007,0.431133508682251,0.9111856818199158,-0.06159147992730141,0.4426780343055725,0.8411784768104553,-0.052283987402915955,0.43498489260673523,0.7956110239028931,-0.03861129656434059,0.33570539951324463,0.9731728434562683,-0.00936619471758604,0.40706902742385864,0.9199187755584717,-0.019640589132905006,0.4184238016605377,0.8703087568283081,-0.009893974289298058,0.41476374864578247,0.8330904841423035,0.003177098697051406,correct
0.16750451922416687,0.9557328820228577,3.620253892222536e-07,0.19453813135623932,0.849343478679657,-0.08497747033834457,0.24941575527191162,0.7948186993598938,-0.12409080564975739,0.3226838707923889,0.7913562655448914,-0.14211493730545044,0.38785314559936523,0.7880007028579712,-0.1506076455116272,0.32853609323501587,0.9133402109146118,-0.12100721895694733,0.43998152017593384,0.9060163497924805,-0.14874267578125,0.44161736965179443,0.8511108756065369,-0.15664000809192657,0.42094334959983826,0.8183019757270813,-0.1548946499824524,0.3488301634788513,0.9600704908370972,-0.07801055908203125,0.4781968593597412,0.9325036406517029,-0.10824945569038391,0.5462918281555176,0.8779740929603577,-0.11585894227027893,0.5903899073600769,0.8414326310157776,-0.11792302131652832,0.35568472743034363,0.9773373603820801,-0.03635025769472122,0.4650796353816986,0.9444630742073059,-0.05870256572961807,0.5209763050079346,0.8976176381111145,-0.06291116029024124,0.5570258498191833,0.8642786145210266,-0.06175168976187706,0.35594117641448975,0.9715695381164551,0.0005935820518061519,0.4294734597206116,0.9343566298484802,-0.01243691798299551,0.4614658057689667,0.8940775990486145,-0.011989259161055088,0.4826425611972809,0.8583124876022339,-0.008474241010844707,correct
0.17719921469688416,0.9541606903076172,3.5795235930891067e-07,0.20035681128501892,0.8487602472305298,-0.08486396074295044,0.25412517786026,0.794843852519989,-0.1252739131450653,0.32685136795043945,0.7893562316894531,-0.14468616247177124,0.39237508177757263,0.7863118648529053,-0.15468065440654755,0.3360689580440521,0.9122276306152344,-0.12474378198385239,0.44230425357818604,0.9043522477149963,-0.1538175493478775,0.4457901120185852,0.8627443313598633,-0.16261351108551025,0.42796581983566284,0.8373307585716248,-0.1610730141401291,0.35683295130729675,0.9588186144828796,-0.08156896382570267,0.4815048575401306,0.9300056099891663,-0.10992071032524109,0.5522599220275879,0.8814562559127808,-0.11549418419599533,0.5990443825721741,0.8451265692710876,-0.11628234386444092,0.36449408531188965,0.9785420894622803,-0.039587732404470444,0.4682537615299225,0.9424641132354736,-0.0600581169128418,0.518171489238739,0.8930492997169495,-0.06046835705637932,0.5492257475852966,0.8562668561935425,-0.05692712590098381,0.3648425042629242,0.9761661887168884,-0.00259166257455945,0.43358904123306274,0.9335464239120483,-0.014426532201468945,0.4579387307167053,0.8898773789405823,-0.011045753955841064,0.4723304808139801,0.852314829826355,-0.005267353728413582,correct
0.17187675833702087,0.9527581334114075,4.0844116711014067e-07,0.19481508433818817,0.8273808360099792,-0.07279372215270996,0.2609463930130005,0.7678422331809998,-0.11018574982881546,0.34455329179763794,0.770443856716156,-0.12838387489318848,0.4128020405769348,0.7809164524078369,-0.13593928515911102,0.331083744764328,0.8924770355224609,-0.1272304654121399,0.45132356882095337,0.9021410942077637,-0.15554115176200867,0.458626925945282,0.8555083274841309,-0.15678368508815765,0.4402162432670593,0.8220979571342468,-0.14864487946033478,0.3467048406600952,0.9506809115409851,-0.08952463418245316,0.477693647146225,0.9285434484481812,-0.12279454618692398,0.5520977973937988,0.8765820860862732,-0.12405703961849213,0.6014010310173035,0.841517448425293,-0.12000729143619537,0.3508114218711853,0.9860722422599792,-0.050197187811136246,0.4490226209163666,0.9363391995429993,-0.07135270535945892,0.46425700187683105,0.8589712381362915,-0.05522924289107323,0.46041178703308105,0.8114819526672363,-0.03702818974852562,0.3475671708583832,1.000206470489502,-0.015001554042100906,0.4221453070640564,0.9451249241828918,-0.02391698956489563,0.4313777685165405,0.8892991542816162,-0.008110743947327137,0.42425692081451416,0.8502286672592163,0.009144962765276432,correct
0.14081834256649017,0.835347056388855,2.2393012955035374e-07,0.20422609150409698,0.7218492031097412,-0.01995057798922062,0.3013857901096344,0.6836193799972534,-0.03315696865320206,0.37557390332221985,0.705673098564148,-0.04519456624984741,0.42297568917274475,0.7472392320632935,-0.05548522248864174,0.34770262241363525,0.7644895911216736,-0.036015886813402176,0.47062504291534424,0.818568766117096,-0.054623182862997055,0.5470770001411438,0.8344975709915161,-0.061902403831481934,0.6054922342300415,0.8444963097572327,-0.0657135471701622,0.33351558446884155,0.8223901987075806,-0.038655053824186325,0.4505440592765808,0.8438332080841064,-0.07347369939088821,0.4400259852409363,0.793868362903595,-0.0789753645658493,0.4026021957397461,0.760425329208374,-0.071053646504879,0.31348711252212524,0.8662940859794617,-0.04067782685160637,0.42008405923843384,0.8767907619476318,-0.06777433305978775,0.40057170391082764,0.828698456287384,-0.05634523928165436,0.3616928160190582,0.8007469773292542,-0.03759980946779251,0.2913191616535187,0.899747908115387,-0.04370729997754097,0.3777734935283661,0.8962053656578064,-0.05181384086608887,0.36820515990257263,0.8604761362075806,-0.03498440608382225,0.33550959825515747,0.8355239629745483,-0.01664775237441063,correct
0.16829818487167358,0.7583515048027039,7.576712164336641e-07,0.22486566007137299,0.6424987316131592,-0.03808089718222618,0.30754074454307556,0.594531238079071,-0.054225627332925797,0.3837069869041443,0.6119272708892822,-0.06350893527269363,0.4382714331150055,0.6386300921440125,-0.06888176500797272,0.38774290680885315,0.7088532447814941,-0.0370086245238781,0.4917171001434326,0.739379346370697,-0.04922475293278694,0.5526416897773743,0.7499867081642151,-0.057891130447387695,0.6003134250640869,0.7545791864395142,-0.060748353600502014,0.37839069962501526,0.7675421833992004,-0.024155812337994576,0.48382115364074707,0.7845560908317566,-0.03131987154483795,0.5495679378509521,0.7674776911735535,-0.03237413614988327,0.5908846259117126,0.7527193427085876,-0.029920820146799088,0.35991573333740234,0.8072540760040283,-0.014194334857165813,0.4495977759361267,0.7935097217559814,-0.023007184267044067,0.49126797914505005,0.7572944164276123,-0.019190814346075058,0.5119686722755432,0.731911838054657,-0.010947076603770256,0.33853471279144287,0.8351055383682251,-0.007372935768216848,0.4143330752849579,0.8088511228561401,-0.011881444603204727,0.4422333538532257,0.7798312902450562,-0.0012155264848843217,0.45305874943733215,0.7560600638389587,0.011803381145000458,correct
0.18137946724891663,0.7615088820457458,3.7562099919341563e-07,0.21967348456382751,0.6385200023651123,-0.04861391335725784,0.2852983772754669,0.5755847692489624,-0.07183437049388885,0.3602500259876251,0.5784172415733337,-0.08165387809276581,0.4159608483314514,0.6009304523468018,-0.08243623375892639,0.3480069935321808,0.6944946050643921,-0.071389339864254,0.4384614825248718,0.7076634168624878,-0.09246020019054413,0.44956815242767334,0.6677804589271545,-0.09560926258563995,0.4362097978591919,0.6372377872467041,-0.08973795175552368,0.3575877547264099,0.7571669816970825,-0.047951437532901764,0.47363001108169556,0.7592127919197083,-0.06874195486307144,0.5448304414749146,0.7364996671676636,-0.06749981641769409,0.5945906639099121,0.7230156064033508,-0.062437381595373154,0.3586559295654297,0.798344075679779,-0.025771906599402428,0.4625040292739868,0.79438316822052,-0.040447209030389786,0.5254639983177185,0.7744725346565247,-0.03452248498797417,0.5693723559379578,0.7602908611297607,-0.025077804923057556,0.35268616676330566,0.8223442435264587,-0.006527428515255451,0.4359407424926758,0.8118501305580139,-0.011773255653679371,0.4838116765022278,0.7996605634689331,-0.003246680600568652,0.5192641019821167,0.7839698791503906,0.007088764104992151,correct
0.18017266690731049,0.8321066498756409,3.137132580377511e-07,0.19762738049030304,0.7018887996673584,-0.035263944417238235,0.246812105178833,0.609002947807312,-0.05674314498901367,0.32345277070999146,0.5813534259796143,-0.06770437210798264,0.38493186235427856,0.5862789750099182,-0.069343701004982,0.32649168372154236,0.7008645534515381,-0.06010220944881439,0.4288487434387207,0.6611557006835938,-0.08274980634450912,0.41955602169036865,0.6168696284294128,-0.08891548216342926,0.388857901096344,0.6006283760070801,-0.08533458411693573,0.34983983635902405,0.7573204040527344,-0.04419338330626488,0.4713781177997589,0.7132875323295593,-0.06853863596916199,0.5341278314590454,0.6796562075614929,-0.0722278505563736,0.5803227424621582,0.6668497920036316,-0.0707075223326683,0.35991084575653076,0.7958768606185913,-0.02816343866288662,0.4628390967845917,0.7620125412940979,-0.04398806020617485,0.5217524766921997,0.7341111302375793,-0.039897654205560684,0.564172625541687,0.7181955575942993,-0.0321677140891552,0.3590681254863739,0.8217007517814636,-0.013659813441336155,0.4377068281173706,0.7834811210632324,-0.015861013904213905,0.4778153896331787,0.760577380657196,-0.0035988057497888803,0.5065873265266418,0.74038165807724,0.008628461509943008,correct
0.19135038554668427,0.9145116806030273,3.8296172988339094e-07,0.2004384696483612,0.7809205651283264,-0.03122371807694435,0.24343274533748627,0.6836285591125488,-0.05016474425792694,0.3162645101547241,0.6415418386459351,-0.059266794472932816,0.37549495697021484,0.6198104023933411,-0.060095272958278656,0.323335200548172,0.7626955509185791,-0.060189519077539444,0.42524582147598267,0.6988515853881836,-0.08300384134054184,0.4172150194644928,0.645403265953064,-0.0886111930012703,0.38858574628829956,0.6245729923248291,-0.08477874845266342,0.3506026864051819,0.8114172220230103,-0.046181801706552505,0.46786439418792725,0.7457320690155029,-0.07605390250682831,0.5294099450111389,0.700510561466217,-0.08536086976528168,0.5770410299301147,0.6795381307601929,-0.0876542180776596,0.36318162083625793,0.8453083038330078,-0.031040620058774948,0.4666191339492798,0.7946905493736267,-0.051519475877285004,0.5281717777252197,0.7623323798179626,-0.05536917224526405,0.5745697021484375,0.7454173564910889,-0.0529358834028244,0.36474454402923584,0.8695893287658691,-0.01648813486099243,0.44304704666137695,0.8308216333389282,-0.02315576560795307,0.4871901571750641,0.8102859258651733,-0.01864185743033886,0.5226030349731445,0.7953532338142395,-0.012307344004511833,correct
0.2140066772699356,0.9345061182975769,3.009392344210937e-07,0.22484701871871948,0.7983721494674683,-0.025039512664079666,0.28027281165122986,0.7205947637557983,-0.03356115520000458,0.35506749153137207,0.6941971778869629,-0.03360522910952568,0.40997010469436646,0.6694088578224182,-0.027245264500379562,0.3668604791164398,0.7865543365478516,-0.03320368006825447,0.44890084862709045,0.7478886246681213,-0.04995843023061752,0.4479405879974365,0.6995335221290588,-0.05646965652704239,0.4270268380641937,0.6780727505683899,-0.053994420915842056,0.3928734362125397,0.8350816369056702,-0.021097609773278236,0.4994218349456787,0.7851002216339111,-0.03929813206195831,0.559207022190094,0.7481665015220642,-0.045676443725824356,0.6045041084289551,0.7309379577636719,-0.04703591763973236,0.40229010581970215,0.8752444982528687,-0.009948575869202614,0.4966962933540344,0.8410882949829102,-0.02660331130027771,0.5573694705963135,0.8195617198944092,-0.035302188247442245,0.6045063734054565,0.8074053525924683,-0.03700410574674606,0.400614470243454,0.9112119078636169,0.0008765413076616824,0.47179365158081055,0.8921464681625366,-0.00776005769148469,0.5144205689430237,0.8854817748069763,-0.008959733881056309,0.5503971576690674,0.8798191547393799,-0.0069810738787055016,correct
0.21239736676216125,0.9384697675704956,4.0285647173732286e-07,0.22552983462810516,0.8109517693519592,-0.02803899720311165,0.2828596830368042,0.7356961369514465,-0.04249277338385582,0.35844749212265015,0.7073706984519958,-0.047830674797296524,0.41470932960510254,0.6792857646942139,-0.04626135155558586,0.3597795367240906,0.8074531555175781,-0.047969989478588104,0.4460209012031555,0.7722021341323853,-0.07270798087120056,0.4550968408584595,0.7202661037445068,-0.08318496495485306,0.4424770176410675,0.6922234296798706,-0.08211726695299149,0.38330912590026855,0.8553524613380432,-0.036603957414627075,0.5023685097694397,0.8169002532958984,-0.06299447268247604,0.5704019069671631,0.7836732864379883,-0.07092949002981186,0.6211109161376953,0.7693336606025696,-0.07156252861022949,0.3925434350967407,0.8964657187461853,-0.025379136204719543,0.4964975416660309,0.8695006370544434,-0.045232199132442474,0.5606430768966675,0.8474850058555603,-0.05019615590572357,0.6085600852966309,0.8355897665023804,-0.04780317470431328,0.39101189374923706,0.9325713515281677,-0.014765959233045578,0.468505859375,0.9135779142379761,-0.02199527993798256,0.5135786533355713,0.9050071239471436,-0.018425673246383667,0.5500518679618835,0.8974895477294922,-0.012164635583758354,correct
0.19525694847106934,0.9580672383308411,5.250768708719988e-07,0.2146805226802826,0.8396271467208862,-0.05779748409986496,0.27894458174705505,0.762242317199707,-0.08609484136104584,0.35531550645828247,0.7309362888336182,-0.09848315268754959,0.41578882932662964,0.7118349075317383,-0.10242576897144318,0.3483177721500397,0.8691429495811462,-0.09692978113889694,0.4522790312767029,0.8765985369682312,-0.1258215308189392,0.47725358605384827,0.8328711986541748,-0.13651858270168304,0.4827514588832855,0.7944302558898926,-0.1360071897506714,0.3633476793766022,0.9231226444244385,-0.06805050373077393,0.48518064618110657,0.9012409448623657,-0.09655912220478058,0.5610181093215942,0.8582565784454346,-0.09948983788490295,0.6110954284667969,0.8271321058273315,-0.09668423980474472,0.36779549717903137,0.9553762078285217,-0.03906702622771263,0.4631260633468628,0.9125240445137024,-0.05745562165975571,0.5093977451324463,0.8548079133033752,-0.0502154566347599,0.5330585241317749,0.8115530014038086,-0.03833102062344551,0.3644268810749054,0.9746409058570862,-0.013484340161085129,0.4376538395881653,0.9286845326423645,-0.022892680019140244,0.4657633602619171,0.8828312158584595,-0.013740716502070427,0.4776833653450012,0.8392682075500488,-0.0013090280117467046,correct
0.20153112709522247,0.9477543234825134,6.045119675945898e-07,0.2211771309375763,0.8373163342475891,-0.07178134471178055,0.28254908323287964,0.7750061750411987,-0.10498739033937454,0.3558536171913147,0.7600183486938477,-0.11870244890451431,0.4142903685569763,0.74833744764328,-0.12311093509197235,0.34112289547920227,0.8929627537727356,-0.11757577955722809,0.4424443244934082,0.90019291639328,-0.14462928473949432,0.4642116129398346,0.856544017791748,-0.1510200798511505,0.4665326178073883,0.819327712059021,-0.14779619872570038,0.35910725593566895,0.9369508624076843,-0.08091023564338684,0.48175299167633057,0.9242562651634216,-0.10997157543897629,0.5567585229873657,0.8838002681732178,-0.11115405708551407,0.604184091091156,0.855507493019104,-0.10757683217525482,0.368956595659256,0.9577643871307373,-0.04404039308428764,0.46162763237953186,0.9206972718238831,-0.0639982521533966,0.49553221464157104,0.859204888343811,-0.05588097497820854,0.5081731081008911,0.8149165511131287,-0.04346182942390442,0.3722440004348755,0.9640693664550781,-0.011541889049112797,0.4430203437805176,0.9244916439056396,-0.023437583819031715,0.46352440118789673,0.8817603588104248,-0.015426598489284515,0.46748676896095276,0.841115415096283,-0.004062077961862087,correct
0.15146811306476593,1.0097405910491943,7.767560532556672e-07,0.15678079426288605,0.8963816165924072,-0.1210845410823822,0.225228413939476,0.8221121430397034,-0.17563027143478394,0.32643967866897583,0.7871328592300415,-0.20032353699207306,0.4158940315246582,0.7635408639907837,-0.20999644696712494,0.34441253542900085,0.9635406136512756,-0.16832636296749115,0.5044525861740112,0.9545223712921143,-0.21222546696662903,0.5132929682731628,0.872403621673584,-0.22424417734146118,0.4875328540802002,0.8094040751457214,-0.2224065363407135,0.3760969042778015,0.9826580286026001,-0.10973051190376282,0.5541262626647949,0.966561496257782,-0.16439351439476013,0.6575863361358643,0.9098079800605774,-0.18521304428577423,0.7301548719406128,0.8684011697769165,-0.19312740862369537,0.38534319400787354,0.9765443205833435,-0.05275825038552284,0.5367981195449829,0.9654878973960876,-0.09519100934267044,0.6249088048934937,0.9239367842674255,-0.11540286242961884,0.6819695830345154,0.8842651844024658,-0.12244902551174164,0.3798139989376068,0.9504743814468384,-0.0019731642678380013,0.46776822209358215,0.9374261498451233,-0.03238383308053017,0.49778738617897034,0.891496479511261,-0.04254749044775963,0.5092408657073975,0.8403753638267517,-0.04385031759738922,correct
0.13780763745307922,0.7106738090515137,8.298327998090826e-07,0.18674904108047485,0.5800681710243225,-0.10620483756065369,0.28162604570388794,0.49886560440063477,-0.14369520545005798,0.3912416994571686,0.4639655351638794,-0.15672974288463593,0.48003727197647095,0.4535425305366516,-0.15432633459568024,0.4091217815876007,0.6579062938690186,-0.09415050595998764,0.5515649318695068,0.6444098353385925,-0.12723037600517273,0.5594844818115234,0.5749012231826782,-0.1488623321056366,0.5401015877723694,0.5221980810165405,-0.15327532589435577,0.4302574694156647,0.6811156272888184,-0.038314297795295715,0.6025523543357849,0.6732333302497864,-0.05919096991419792,0.7090611457824707,0.6422863602638245,-0.06605929136276245,0.7836754322052002,0.618597686290741,-0.06711964309215546,0.429636150598526,0.6820085048675537,0.008448125794529915,0.5548262596130371,0.6434713006019592,-0.012297817505896091,0.6009612083435059,0.5868958234786987,-0.021051185205578804,0.6247844696044922,0.5354668498039246,-0.01915382407605648,0.42045319080352783,0.6759263277053833,0.047201428562402725,0.509452760219574,0.6402246356010437,0.02760906331241131,0.5333885550498962,0.5895010828971863,0.02206568419933319,0.5416661500930786,0.5354633331298828,0.02507973648607731,correct
0.09980328381061554,0.30631545186042786,1.2412733667588327e-06,0.11508384346961975,0.15206491947174072,-0.1429593414068222,0.20477792620658875,0.07493530958890915,-0.17901025712490082,0.3083477318286896,0.04565410315990448,-0.17359352111816406,0.3942844271659851,0.023850634694099426,-0.15080256760120392,0.3354436159133911,0.21041955053806305,-0.14391519129276276,0.4612724184989929,0.19361260533332825,-0.15041516721248627,0.4831025004386902,0.15331704914569855,-0.14989589154720306,0.49176931381225586,0.13086038827896118,-0.144853413105011,0.35746294260025024,0.24691474437713623,-0.05502625182271004,0.5003519058227539,0.25703439116477966,-0.050448596477508545,0.6001878976821899,0.24016126990318298,-0.04253723472356796,0.6637707948684692,0.23596078157424927,-0.03915467485785484,0.3587385416030884,0.2507927715778351,0.0262688510119915,0.4566529095172882,0.18884901702404022,0.0252827201038599,0.46820521354675293,0.09896514564752579,0.020151706412434578,0.46156567335128784,0.03508201241493225,0.019268663600087166,0.3542947769165039,0.24693918228149414,0.0969199538230896,0.42154544591903687,0.19337759912014008,0.08216439932584763,0.43367236852645874,0.14267116785049438,0.06736226379871368,0.42633378505706787,0.09859073907136917,0.0608215406537056,correct
0.10528893768787384,0.28714969754219055,1.1036914884243743e-06,0.08541099727153778,0.13174276053905487,-0.07772964984178543,0.16619795560836792,0.031758107244968414,-0.11394044756889343,0.2745458483695984,0.008916504681110382,-0.12618836760520935,0.349758505821228,0.015499480068683624,-0.13396193087100983,0.22997428476810455,0.15195266902446747,-0.15578289330005646,0.3593909442424774,0.15893429517745972,-0.18809214234352112,0.4122524857521057,0.12155134975910187,-0.19723868370056152,0.4387946128845215,0.08697281777858734,-0.19977134466171265,0.26493605971336365,0.22025494277477264,-0.11832481622695923,0.41652151942253113,0.23443485796451569,-0.15543639659881592,0.5107139945030212,0.20763227343559265,-0.16310766339302063,0.5723454356193542,0.19351008534431458,-0.16672883927822113,0.28619641065597534,0.2572113871574402,-0.07800354063510895,0.41890186071395874,0.23459558188915253,-0.10900253802537918,0.48025569319725037,0.17980794608592987,-0.11600392311811447,0.5112165212631226,0.14831383526325226,-0.11646513640880585,0.2965453863143921,0.27075931429862976,-0.040483519434928894,0.3900133967399597,0.22789278626441956,-0.06852257996797562,0.426847368478775,0.17641395330429077,-0.0773933008313179,0.43900319933891296,0.13997292518615723,-0.07950065284967422,correct
0.08347047865390778,0.3437381684780121,9.714999578136485e-07,0.09626637399196625,0.19180554151535034,-0.10466552525758743,0.1783481240272522,0.09800830483436584,-0.13787274062633514,0.2822510600090027,0.06449282914400101,-0.14264003932476044,0.3642619848251343,0.049316033720970154,-0.13588698208332062,0.3027932047843933,0.23224122822284698,-0.1077885553240776,0.4317286014556885,0.22899529337882996,-0.12295982241630554,0.4822370111942291,0.19891607761383057,-0.1315920352935791,0.515852689743042,0.177814319729805,-0.1323244273662567,0.324424147605896,0.274181067943573,-0.04355904459953308,0.465825617313385,0.277578204870224,-0.05356758460402489,0.5538075566291809,0.2583582401275635,-0.053146976977586746,0.6193454265594482,0.2482835203409195,-0.05030834302306175,0.3264625072479248,0.29155629873275757,0.016401149332523346,0.4388122260570526,0.27116966247558594,0.013500466011464596,0.514830470085144,0.24653874337673187,0.01198258250951767,0.5691143274307251,0.2286524474620819,0.01387403067201376,0.3187945783138275,0.2890547811985016,0.06835096329450607,0.39829474687576294,0.2684934437274933,0.06755619496107101,0.44513118267059326,0.24374523758888245,0.06676442921161652,0.47675594687461853,0.21382631361484528,0.06925316154956818,correct
0.11912812292575836,0.40596580505371094,8.110304747788177e-07,0.1348869651556015,0.2563317120075226,-0.09202221035957336,0.2116352766752243,0.17756721377372742,-0.12857523560523987,0.30856940150260925,0.15763801336288452,-0.139274463057518,0.3852602541446686,0.14650481939315796,-0.13663531839847565,0.30416736006736755,0.3105778694152832,-0.12555061280727386,0.4358094036579132,0.29299959540367126,-0.1473025530576706,0.4464619755744934,0.2272302806377411,-0.15026642382144928,0.43052178621292114,0.18262766301631927,-0.14366726577281952,0.32492125034332275,0.3510304391384125,-0.07178304344415665,0.4800339639186859,0.348949134349823,-0.09601204097270966,0.5697538256645203,0.31976383924484253,-0.09602563083171844,0.6300410628318787,0.30636274814605713,-0.09215579926967621,0.33093640208244324,0.36442336440086365,-0.019101766869425774,0.45159876346588135,0.3352711796760559,-0.031206322833895683,0.502241313457489,0.2851949632167816,-0.024731380864977837,0.5265328288078308,0.25019630789756775,-0.015549985691905022,0.3288474977016449,0.35940587520599365,0.02728513441979885,0.41069161891937256,0.3266519606113434,0.02055441588163376,0.44111692905426025,0.2909947335720062,0.025440551340579987,0.45309820771217346,0.2534795105457306,0.033079396933317184,correct
0.16024324297904968,0.37970465421676636,9.896336905512726e-07,0.17057372629642487,0.2436772882938385,-0.1113709881901741,0.24065956473350525,0.17970740795135498,-0.1467204988002777,0.32498496770858765,0.15612654387950897,-0.15261779725551605,0.39550936222076416,0.1401394009590149,-0.14833976328372955,0.35234183073043823,0.30301177501678467,-0.12268934398889542,0.4646475315093994,0.28285422921180725,-0.13563838601112366,0.5053408145904541,0.26802390813827515,-0.14028242230415344,0.5366480946540833,0.2676706612110138,-0.13838151097297668,0.37557342648506165,0.3350936472415924,-0.05606979504227638,0.4992414116859436,0.32724517583847046,-0.062252871692180634,0.5797748565673828,0.3031390905380249,-0.05842006206512451,0.6344234943389893,0.2896130681037903,-0.05366287752985954,0.38165271282196045,0.34524649381637573,0.005828419234603643,0.4637148976325989,0.2915688157081604,-0.0027148358058184385,0.4722553491592407,0.22410638630390167,-0.006943947169929743,0.4674832820892334,0.17880402505397797,-0.0036216669250279665,0.38152891397476196,0.34059110283851624,0.05985845625400543,0.435843288898468,0.2884269058704376,0.04515157639980316,0.44051605463027954,0.24360927939414978,0.03507697954773903,0.4338817298412323,0.20333173871040344,0.033717185258865356,correct
0.13788488507270813,0.5405202507972717,8.672341778037662e-07,0.1484590470790863,0.4056180417537689,-0.09976242482662201,0.22150039672851562,0.3158521056175232,-0.12229358404874802,0.3028671145439148,0.25840267539024353,-0.11666732281446457,0.37272682785987854,0.22876618802547455,-0.10149455070495605,0.3564288318157196,0.41190043091773987,-0.0898829773068428,0.48259061574935913,0.3806445896625519,-0.08906178176403046,0.5519586801528931,0.363642156124115,-0.08419910818338394,0.6054180860519409,0.35606226325035095,-0.07635542005300522,0.3677542209625244,0.447616845369339,-0.02271183207631111,0.4972614049911499,0.4161151051521301,-0.017237652093172073,0.5694602131843567,0.3837743401527405,-0.008011206053197384,0.6172698736190796,0.3625328242778778,0.0014909523306414485,0.3628244996070862,0.46386170387268066,0.03974130377173424,0.461276113986969,0.41485556960105896,0.04497360438108444,0.5060386657714844,0.37996339797973633,0.04010936990380287,0.5304853916168213,0.3531428575515747,0.04062123969197273,0.35322827100753784,0.46554774045944214,0.09501206129789352,0.4190744459629059,0.41864681243896484,0.09766590595245361,0.4391263723373413,0.38248729705810547,0.09145355969667435,0.4408072829246521,0.3468984365463257,0.0902860015630722,correct
0.12722860276699066,0.5616286993026733,8.981033374766412e-07,0.15008018910884857,0.43268904089927673,-0.09629499912261963,0.2175489068031311,0.3506430387496948,-0.12666936218738556,0.3033193349838257,0.30202698707580566,-0.1292758584022522,0.3773965835571289,0.2753317952156067,-0.11952116340398788,0.3470323085784912,0.44536662101745605,-0.09896279126405716,0.4708073139190674,0.4256579279899597,-0.10917294025421143,0.507293701171875,0.38973721861839294,-0.10974676162004471,0.521024763584137,0.3783555030822754,-0.10220684856176376,0.36027368903160095,0.47812744975090027,-0.03080892004072666,0.49571365118026733,0.45926961302757263,-0.03994240239262581,0.5743420720100403,0.42930734157562256,-0.03573692589998245,0.6330517530441284,0.4140273332595825,-0.028402168303728104,0.35827651619911194,0.496563196182251,0.0344279520213604,0.46617037057876587,0.4691723585128784,0.03642915189266205,0.5300898551940918,0.43976718187332153,0.03922498971223831,0.5709638595581055,0.4189395010471344,0.04507413133978844,0.34990042448043823,0.49703100323677063,0.09277131408452988,0.4238516688346863,0.4666660726070404,0.09868745505809784,0.4608941674232483,0.44196656346321106,0.10001958161592484,0.4847601056098938,0.4132297933101654,0.10418426990509033,correct
0.1317911446094513,0.5599888563156128,1.0984588243445614e-06,0.16227880120277405,0.4288289546966553,-0.10757099837064743,0.23866906762123108,0.36507025361061096,-0.1402333378791809,0.3306944966316223,0.34134581685066223,-0.1429869383573532,0.4068557620048523,0.33043742179870605,-0.13635894656181335,0.3506900668144226,0.489031583070755,-0.1158314049243927,0.48497551679611206,0.4939359724521637,-0.12081586569547653,0.5544533729553223,0.48944059014320374,-0.118817999958992,0.6095020771026611,0.49201345443725586,-0.11292315274477005,0.3619579076766968,0.528234601020813,-0.04468037560582161,0.49956193566322327,0.526545524597168,-0.04699929803609848,0.5790902376174927,0.5053057074546814,-0.04096837714314461,0.6337703466415405,0.4901438355445862,-0.033988822251558304,0.3597893714904785,0.5441508889198303,0.023510746657848358,0.46577194333076477,0.5054026246070862,0.024327585473656654,0.5051321387290955,0.4534851908683777,0.02176526188850403,0.5241705179214478,0.4128013849258423,0.024108421057462692,0.355672687292099,0.5410411357879639,0.08441068232059479,0.4271416664123535,0.49764806032180786,0.08315746486186981,0.44627904891967773,0.4542996883392334,0.07787572592496872,0.45109930634498596,0.41146889328956604,0.07813140004873276,correct
0.13611266016960144,0.5719537734985352,1.1657824643407366e-06,0.1754530817270279,0.4310001730918884,-0.11004868894815445,0.2570725977420807,0.3753628730773926,-0.13508181273937225,0.3466193377971649,0.3573249876499176,-0.1239154264330864,0.42332667112350464,0.35302481055259705,-0.10033958405256271,0.3605130612850189,0.5008643865585327,-0.12935389578342438,0.49107053875923157,0.5153677463531494,-0.1261557936668396,0.5635601878166199,0.5160300731658936,-0.1139984056353569,0.619917631149292,0.5272765755653381,-0.09994010627269745,0.36494770646095276,0.5427294969558716,-0.045924607664346695,0.5022374391555786,0.5512151718139648,-0.04009583219885826,0.5829659104347229,0.526683509349823,-0.02443886175751686,0.6388221979141235,0.5105198621749878,-0.010780765675008297,0.36109113693237305,0.5599479675292969,0.03649184852838516,0.45949262380599976,0.5098015069961548,0.04315336048603058,0.4707741439342499,0.42655718326568604,0.04719463735818863,0.46288371086120605,0.36868876218795776,0.05606618523597717,0.3570229113101959,0.5650041103363037,0.11230988055467606,0.42475268244743347,0.5089460611343384,0.11490094661712646,0.43692776560783386,0.4542578160762787,0.11035322397947311,0.430383563041687,0.4078165590763092,0.11227404326200485,correct
0.13384902477264404,0.5645461678504944,1.198566337734519e-06,0.17242678999900818,0.42248696088790894,-0.0997442677617073,0.2570410370826721,0.3616647720336914,-0.1289840042591095,0.3530455231666565,0.34698837995529175,-0.1296650618314743,0.429424524307251,0.3494611978530884,-0.12097739428281784,0.3518400192260742,0.48951685428619385,-0.113425612449646,0.48948022723197937,0.5130568742752075,-0.1168675646185875,0.5602610111236572,0.5142074823379517,-0.11128738522529602,0.6146755218505859,0.5213614702224731,-0.10242031514644623,0.3616010248661041,0.536300778388977,-0.0451105572283268,0.4994868040084839,0.5540655851364136,-0.04936661943793297,0.5807464122772217,0.5364769101142883,-0.0427577942609787,0.6352664232254028,0.5265064239501953,-0.03479091450572014,0.35884174704551697,0.5565073490142822,0.021832913160324097,0.46357375383377075,0.5227771401405334,0.020861685276031494,0.49793511629104614,0.4584859311580658,0.021423034369945526,0.5065150856971741,0.41318345069885254,0.027634989470243454,0.35332974791526794,0.5578209757804871,0.08251114934682846,0.4317633807659149,0.5196044445037842,0.08416023850440979,0.45764651894569397,0.47668179869651794,0.08279531449079514,0.46331265568733215,0.43970340490341187,0.08610759675502777,correct
0.14117193222045898,0.5818686485290527,1.1112618949482567e-06,0.18271125853061676,0.4410611391067505,-0.10168211907148361,0.2666929364204407,0.3908245861530304,-0.12587201595306396,0.35928499698638916,0.37989407777786255,-0.11875016242265701,0.4340355396270752,0.3791697323322296,-0.10172682255506516,0.3670530319213867,0.5163217186927795,-0.11373917013406754,0.5018458962440491,0.539480984210968,-0.11219099164009094,0.575564444065094,0.547537624835968,-0.10410764068365097,0.6340128183364868,0.559451162815094,-0.09385363012552261,0.37071219086647034,0.56235671043396,-0.03964037448167801,0.5055752992630005,0.577720582485199,-0.033695921301841736,0.5837188363075256,0.5630605816841125,-0.022153282538056374,0.6343264579772949,0.5520535707473755,-0.012487859465181828,0.3641919493675232,0.582886278629303,0.032766908407211304,0.46799424290657043,0.5446566343307495,0.039643578231334686,0.4960961937904358,0.4809529781341553,0.03973250836133957,0.5000458359718323,0.43180757761001587,0.04396424442529678,0.3575592339038849,0.5843374133110046,0.09873306006193161,0.430311918258667,0.5402898788452148,0.10274162143468857,0.45128870010375977,0.4931669235229492,0.0982753187417984,0.4524139165878296,0.44926294684410095,0.09881298243999481,correct
0.1428043246269226,0.5956295132637024,1.1933328778468422e-06,0.18271301686763763,0.45643240213394165,-0.10765098035335541,0.26512667536735535,0.4066040515899658,-0.1371665596961975,0.3576407730579376,0.3943464756011963,-0.1354963183403015,0.4328846335411072,0.3903842866420746,-0.12375617772340775,0.3662869930267334,0.5415185689926147,-0.119418203830719,0.5033531188964844,0.5592304468154907,-0.1205981895327568,0.5749810934066772,0.5651498436927795,-0.11382298171520233,0.6328907012939453,0.5766829252243042,-0.1046433299779892,0.37045058608055115,0.583482563495636,-0.04617035761475563,0.5088152289390564,0.5942277312278748,-0.047137301415205,0.5907418727874756,0.5757745504379272,-0.03993671387434006,0.6463478803634644,0.5641813278198242,-0.03252920135855675,0.3651427626609802,0.5993863344192505,0.024829508736729622,0.4676220715045929,0.5508554577827454,0.023144951090216637,0.4832093119621277,0.4711427092552185,0.020880965515971184,0.47833526134490967,0.4137948155403137,0.025649543851614,0.3597883880138397,0.5989166498184204,0.08907551318407059,0.43283143639564514,0.5529247522354126,0.08513113856315613,0.4482172727584839,0.49657613039016724,0.07788241654634476,0.44498154520988464,0.44616132974624634,0.07780463248491287,correct
0.15010923147201538,0.6565117835998535,6.713688662784989e-07,0.18451598286628723,0.5440241694450378,-0.11090625822544098,0.2641085982322693,0.49268874526023865,-0.14558738470077515,0.34968557953834534,0.4714101254940033,-0.15322163701057434,0.4225967824459076,0.45832014083862305,-0.14751653373241425,0.3727332651615143,0.6295517683029175,-0.0954875573515892,0.4720633327960968,0.6038883924484253,-0.12375856190919876,0.47066307067871094,0.5302655100822449,-0.14718672633171082,0.449922114610672,0.48195400834083557,-0.15505540370941162,0.38985350728034973,0.6453562378883362,-0.03317314758896828,0.5125664472579956,0.6586744785308838,-0.04446770250797272,0.6002688407897949,0.6556050181388855,-0.049202095717191696,0.6623128056526184,0.6614596247673035,-0.05127162113785744,0.39023879170417786,0.6424180269241333,0.019984090700745583,0.48483502864837646,0.6314979791641235,0.01373286172747612,0.5343853831291199,0.6067915558815002,0.012117904610931873,0.5676934719085693,0.5857359170913696,0.014657251536846161,0.3816795349121094,0.6279523372650146,0.0632118508219719,0.44410833716392517,0.6140327453613281,0.056703630834817886,0.4754412770271301,0.5940585732460022,0.05653683841228485,0.4957256019115448,0.5688194632530212,0.06037728115916252,correct
0.16884931921958923,0.9332922101020813,6.447073701565387e-07,0.18469306826591492,0.7991796135902405,-0.11175514757633209,0.26641833782196045,0.7350696921348572,-0.14792859554290771,0.36504170298576355,0.7091400623321533,-0.15719811618328094,0.44435936212539673,0.6987667679786682,-0.15203627943992615,0.375061959028244,0.8671474456787109,-0.10133872926235199,0.4972563683986664,0.8627216815948486,-0.1293405145406723,0.5033073425292969,0.7907165288925171,-0.14703546464443207,0.4830677807331085,0.7358973622322083,-0.1503496915102005,0.3998577296733856,0.8801935315132141,-0.040211569517850876,0.5389243960380554,0.8944528102874756,-0.049057308584451675,0.6289242506027222,0.8686018586158752,-0.048610057681798935,0.6945075392723083,0.8545303344726562,-0.04615921527147293,0.40538039803504944,0.8758605718612671,0.011703325435519218,0.5214278101921082,0.8679074645042419,0.003959957044571638,0.5745664238929749,0.834335207939148,0.0019192865584045649,0.6105977892875671,0.8100650906562805,0.004455965012311935,0.4009552597999573,0.8587522506713867,0.054219044744968414,0.4732687473297119,0.8443760871887207,0.046434395015239716,0.4980575144290924,0.8122087717056274,0.04697426036000252,0.5077159404754639,0.7854174971580505,0.051561787724494934,correct
0.2153695672750473,1.0341260433197021,7.452214845216076e-07,0.2294067144393921,0.9497477412223816,-0.0944066196680069,0.2963443696498871,0.9022431373596191,-0.12825560569763184,0.3817407786846161,0.8860256671905518,-0.14434760808944702,0.45471328496932983,0.8860228657722473,-0.1518506556749344,0.416890025138855,0.9921503067016602,-0.07920796424150467,0.5208584070205688,0.9700967073440552,-0.10341213643550873,0.5803598761558533,0.9500830769538879,-0.11564776301383972,0.6260473132133484,0.9393613934516907,-0.12099054455757141,0.4402026832103729,1.019255518913269,-0.04032919555902481,0.5495107173919678,1.0307581424713135,-0.06554477661848068,0.6194521188735962,1.0097545385360718,-0.07462895661592484,0.6716490983963013,0.999256432056427,-0.07606606185436249,0.4462219476699829,1.0277252197265625,-0.010000656358897686,0.5226943492889404,1.002655029296875,-0.04907456040382385,0.5233393311500549,0.9417149424552917,-0.06439997255802155,0.5179678201675415,0.9061506986618042,-0.06278516352176666,0.4466862082481384,1.0261656045913696,0.013991810381412506,0.5042717456817627,0.9976564049720764,-0.02252265065908432,0.5108694434165955,0.9567111134529114,-0.03727244213223457,0.5083736181259155,0.9307994246482849,-0.03871705010533333,correct
0.3026632070541382,0.9730786085128784,6.853892955405172e-07,0.31148308515548706,0.8790293335914612,-0.08240111917257309,0.3672459125518799,0.8192332983016968,-0.11569162458181381,0.44636279344558716,0.7982914447784424,-0.12885306775569916,0.5108873248100281,0.7813195586204529,-0.13275893032550812,0.4473508596420288,0.9139038324356079,-0.10582327097654343,0.5482978820800781,0.896999180316925,-0.13346311450004578,0.556720495223999,0.8463221788406372,-0.14505352079868317,0.5472977161407471,0.810050368309021,-0.14732621610164642,0.47478270530700684,0.9345908164978027,-0.06284560263156891,0.5850347876548767,0.9198751449584961,-0.09350594878196716,0.6565252542495728,0.883189857006073,-0.10985714197158813,0.7045913934707642,0.8617507219314575,-0.11969780921936035,0.483584463596344,0.9361880421638489,-0.021423177793622017,0.5733492374420166,0.9122059941291809,-0.04456227272748947,0.6235482692718506,0.8754572868347168,-0.05953902751207352,0.6528730392456055,0.850418746471405,-0.06680849194526672,0.482496976852417,0.9263656735420227,0.015417429618537426,0.5381811857223511,0.8988671898841858,-0.0017871494637802243,0.5557540059089661,0.8638174533843994,-0.011092395521700382,0.5632580518722534,0.8330724239349365,-0.01503794640302658,correct
0.31266623735427856,0.8037468791007996,7.045524057502917e-07,0.30981579422950745,0.6873090267181396,-0.08175425231456757,0.3684086799621582,0.6328654885292053,-0.10294431447982788,0.4364199638366699,0.618504524230957,-0.10090833902359009,0.4906611442565918,0.6120842099189758,-0.09003322571516037,0.4614570140838623,0.7299643158912659,-0.09214159101247787,0.53807532787323,0.7155142426490784,-0.10391420125961304,0.5577822923660278,0.6906431317329407,-0.1086084395647049,0.5704935193061829,0.6802127361297607,-0.1085786297917366,0.48564207553863525,0.7523613572120667,-0.04566085338592529,0.575167179107666,0.7472979426383972,-0.05284227058291435,0.6369181871414185,0.7279747128486633,-0.05015566945075989,0.6793004274368286,0.7260732650756836,-0.046720802783966064,0.4926731586456299,0.7564551830291748,-0.00336682191118598,0.540045976638794,0.6957060098648071,-0.018096748739480972,0.5189658403396606,0.6487672328948975,-0.02263536863029003,0.49739280343055725,0.6297535300254822,-0.01911723054945469,0.49356216192245483,0.7564764022827148,0.03334812447428703,0.5205751657485962,0.6994566917419434,0.009440294466912746,0.5084445476531982,0.6660791039466858,-0.0024585449136793613,0.48996374011039734,0.6473046541213989,-0.00419166823849082,correct
0.2767122983932495,0.7633196115493774,7.712358751632564e-07,0.27039581537246704,0.6332733035087585,-0.06744030117988586,0.3252860903739929,0.5613898038864136,-0.09169695526361465,0.4021526277065277,0.5452486872673035,-0.09698133915662766,0.46103259921073914,0.5434901118278503,-0.09662745893001556,0.41750475764274597,0.6479823589324951,-0.09319773316383362,0.528227686882019,0.6549936532974243,-0.10681354254484177,0.5869674682617188,0.6493658423423767,-0.11026603728532791,0.6300342082977295,0.6472975015640259,-0.1090078353881836,0.43768811225891113,0.695956289768219,-0.05480917543172836,0.5412825345993042,0.685693621635437,-0.06598813831806183,0.602839469909668,0.6556557416915894,-0.06396868079900742,0.6460565328598022,0.6391181349754333,-0.06040836498141289,0.4458693265914917,0.7189092636108398,-0.017361432313919067,0.529160737991333,0.6864855885505676,-0.024537818506360054,0.5726586580276489,0.6565333604812622,-0.022973615676164627,0.6017230749130249,0.6445434093475342,-0.01928536780178547,0.4481295645236969,0.7212889194488525,0.015542141161859035,0.5031123757362366,0.6857642531394958,0.010747507214546204,0.5292076468467712,0.6646371483802795,0.012041723355650902,0.5436127185821533,0.6532118916511536,0.015965308994054794,correct
0.2740921974182129,0.7487999200820923,6.778730039513903e-07,0.27384936809539795,0.6281750202178955,-0.07035206258296967,0.32702016830444336,0.5669572353363037,-0.08867079019546509,0.3952164649963379,0.5465925931930542,-0.08718764781951904,0.4507487714290619,0.540902853012085,-0.07859332114458084,0.4401474893093109,0.6491078734397888,-0.0664968341588974,0.5299875140190125,0.6476926207542419,-0.07034269720315933,0.5766848921775818,0.6413783431053162,-0.0709197074174881,0.6096347570419312,0.6478826403617859,-0.06850527971982956,0.45489388704299927,0.6881415843963623,-0.022895799949765205,0.5442131757736206,0.6771395802497864,-0.021207382902503014,0.5987938642501831,0.6583322882652283,-0.013209834694862366,0.6420115232467651,0.6522914171218872,-0.0059282369911670685,0.45562776923179626,0.711735188961029,0.01651602052152157,0.5281388759613037,0.6878445148468018,0.018583519384264946,0.5708199739456177,0.6684993505477905,0.021598318591713905,0.6055483818054199,0.6596902012825012,0.02521197497844696,0.45212361216545105,0.7200110554695129,0.05018532648682594,0.5018993020057678,0.6973287463188171,0.04641324654221535,0.5312251448631287,0.6871686577796936,0.043775539845228195,0.5536565780639648,0.6784021854400635,0.045007579028606415,correct
0.2515183091163635,0.7609798312187195,6.726096444253926e-07,0.2528232932090759,0.6430800557136536,-0.07379486411809921,0.3054557740688324,0.5788111090660095,-0.0967010110616684,0.375765323638916,0.5575040578842163,-0.09945302456617355,0.4332975447177887,0.5501085519790649,-0.09488604962825775,0.4182794690132141,0.666247546672821,-0.07514168322086334,0.513440728187561,0.662741482257843,-0.08204624056816101,0.5567523837089539,0.6509497165679932,-0.08451953530311584,0.5869311690330505,0.6495280861854553,-0.08329638093709946,0.43532830476760864,0.7056586146354675,-0.0302911177277565,0.5276311635971069,0.6942211985588074,-0.03583813086152077,0.5844586491584778,0.6749638915061951,-0.03357836231589317,0.6267954707145691,0.6671451926231384,-0.030075691640377045,0.4376722276210785,0.7262652516365051,0.011147050186991692,0.5138409733772278,0.7031505107879639,0.006768593564629555,0.5645387172698975,0.686320960521698,0.004164408426731825,0.6042419672012329,0.6769580841064453,0.004764973651617765,0.4346696734428406,0.730451762676239,0.04742639511823654,0.48595380783081055,0.7035866379737854,0.04355524480342865,0.5148606300354004,0.6870468854904175,0.04099519923329353,0.5346533060073853,0.6699953079223633,0.041831132024526596,correct
0.2428542971611023,0.7849160432815552,5.770004918304039e-07,0.23726755380630493,0.6634573340415955,-0.0669289231300354,0.28517699241638184,0.5989397764205933,-0.08972690999507904,0.35389643907546997,0.5805908441543579,-0.09360498934984207,0.4078991115093231,0.5718219876289368,-0.09009887278079987,0.3890707790851593,0.6818254590034485,-0.0802277997136116,0.4790218472480774,0.6712512373924255,-0.09197916090488434,0.5084618330001831,0.6536279916763306,-0.0951434075832367,0.5235261917114258,0.6492211222648621,-0.09300190955400467,0.41245126724243164,0.7221316695213318,-0.04103856906294823,0.5096938014030457,0.7033390998840332,-0.05153213068842888,0.5669539570808411,0.6830993294715881,-0.04864124581217766,0.6097623705863953,0.6744222640991211,-0.043988849967718124,0.4197078049182892,0.7435544729232788,-0.004377689212560654,0.4983012080192566,0.7164546847343445,-0.012515460141003132,0.5494452714920044,0.7021664977073669,-0.013947087340056896,0.5895273089408875,0.6953282356262207,-0.012147623114287853,0.4187893271446228,0.7489987015724182,0.02784264087677002,0.4725472033023834,0.7266798615455627,0.02080506831407547,0.5037128329277039,0.7161729335784912,0.01806391030550003,0.5270887017250061,0.7033600211143494,0.018813932314515114,correct
0.2407546043395996,0.8050025701522827,5.567059133682051e-07,0.23433136940002441,0.6853993535041809,-0.07335931807756424,0.2851783037185669,0.6197735667228699,-0.09323574602603912,0.3512681722640991,0.6018314361572266,-0.09342416375875473,0.40360355377197266,0.5960772633552551,-0.08623915910720825,0.4036203920841217,0.6932712197303772,-0.06697829812765121,0.4763514995574951,0.6782182455062866,-0.07419741898775101,0.49406710267066956,0.674214780330658,-0.08049218356609344,0.505052387714386,0.6858035922050476,-0.08172865957021713,0.4239491820335388,0.7307541966438293,-0.02410214953124523,0.5070284605026245,0.7149965763092041,-0.023721706122159958,0.561988890171051,0.6995187997817993,-0.020446015521883965,0.6044678092002869,0.6975112557411194,-0.01780531369149685,0.4267764389514923,0.7505525946617126,0.01368030160665512,0.4961887001991272,0.7265151739120483,0.011156192980706692,0.545461893081665,0.7116153240203857,0.0068819583393633366,0.58595210313797,0.7064841389656067,0.005416614003479481,0.4234878718852997,0.7549194097518921,0.04589064419269562,0.47414106130599976,0.7323612570762634,0.03879080340266228,0.5060063004493713,0.7241134643554688,0.0333540216088295,0.531084418296814,0.7165452837944031,0.03193160519003868,correct
0.23930226266384125,0.8163886666297913,5.553537221203442e-07,0.2317165732383728,0.6959541440010071,-0.06344066560268402,0.28074774146080017,0.6309171915054321,-0.08422060310840607,0.3551667630672455,0.6129395961761475,-0.08761986345052719,0.41016027331352234,0.6085706353187561,-0.08407972753047943,0.39028680324554443,0.7116103172302246,-0.07051463425159454,0.478614866733551,0.6982189416885376,-0.08117640018463135,0.5073591470718384,0.6843367218971252,-0.08485561609268188,0.5232298970222473,0.6848136186599731,-0.08330732583999634,0.4142352342605591,0.750812828540802,-0.03388362377882004,0.5079636573791504,0.7283854484558105,-0.04335029795765877,0.5664887428283691,0.7068507671356201,-0.04189285635948181,0.6099031567573547,0.6985852122306824,-0.03862826153635979,0.4202607572078705,0.7715728878974915,-4.531682134256698e-05,0.49662816524505615,0.7434611916542053,-0.008548480458557606,0.5487798452377319,0.724810004234314,-0.0121050626039505,0.58869469165802,0.7145923972129822,-0.011554699391126633,0.4186336398124695,0.7772587537765503,0.029576268047094345,0.47477486729621887,0.7547802925109863,0.02266174741089344,0.5085132122039795,0.7427935004234314,0.019512875005602837,0.5337401628494263,0.7298186421394348,0.019926514476537704,correct
0.23870670795440674,0.8240148425102234,6.560102860930783e-07,0.23268362879753113,0.7003234028816223,-0.0747004821896553,0.2846073508262634,0.6336703300476074,-0.09649083018302917,0.3536924719810486,0.6126779317855835,-0.098586805164814,0.40968090295791626,0.6029840111732483,-0.09390918165445328,0.402799516916275,0.7126139998435974,-0.07077432423830032,0.4882720112800598,0.699812114238739,-0.07790909707546234,0.5237588882446289,0.6936397552490234,-0.08186531066894531,0.5474503040313721,0.7015188336372375,-0.08098094910383224,0.4228399395942688,0.7514144778251648,-0.026971960440278053,0.5131560564041138,0.7303631901741028,-0.026790404692292213,0.5692635774612427,0.7092161774635315,-0.021214939653873444,0.6115929484367371,0.7020776867866516,-0.015794597566127777,0.4260416030883789,0.7724995613098145,0.012091712094843388,0.4989573657512665,0.7419258952140808,0.010959111154079437,0.5486083626747131,0.723170280456543,0.008755827322602272,0.5879737138748169,0.7155706286430359,0.009092741645872593,0.4228316843509674,0.7765303254127502,0.04533543065190315,0.47381800413131714,0.7508188486099243,0.04099627211689949,0.5049180388450623,0.7400539517402649,0.03723743185400963,0.5286529660224915,0.7322760820388794,0.03718440979719162,correct
0.2261163294315338,0.8471558690071106,6.232738201106258e-07,0.22647972404956818,0.7196173667907715,-0.07353587448596954,0.27587801218032837,0.6544370651245117,-0.08793933689594269,0.3435038924217224,0.6331131458282471,-0.0809297114610672,0.3975883424282074,0.6260999441146851,-0.06633732467889786,0.3992438018321991,0.7297074794769287,-0.060922108590602875,0.4838441014289856,0.7246670722961426,-0.058108098804950714,0.5275938510894775,0.7160342931747437,-0.055182307958602905,0.5610018372535706,0.7175794839859009,-0.050714727491140366,0.41930410265922546,0.7692307829856873,-0.012790695764124393,0.5079009532928467,0.7503838539123535,-0.005625772289931774,0.5631411075592041,0.7258883714675903,0.004397928714752197,0.6033375263214111,0.7134801149368286,0.013163724914193153,0.4214931130409241,0.7904434204101562,0.030635202303528786,0.4885830879211426,0.7537940740585327,0.03457431122660637,0.5289595127105713,0.7307006120681763,0.03388981893658638,0.5589889883995056,0.7176852822303772,0.03586176782846451,0.4185695946216583,0.7943138480186462,0.06829681992530823,0.4639703035354614,0.7618163824081421,0.06417452543973923,0.4876515865325928,0.7466262578964233,0.05774419382214546,0.5024886727333069,0.7338182926177979,0.05682152137160301,correct
0.21444571018218994,0.8431300520896912,5.312256234901724e-07,0.21266193687915802,0.7129461765289307,-0.06474974751472473,0.2615498900413513,0.6392476558685303,-0.0862555056810379,0.33427244424819946,0.6172999143600464,-0.08776360005140305,0.3925246596336365,0.6090646982192993,-0.07958560436964035,0.3626806437969208,0.7264589667320251,-0.07997158914804459,0.4554711580276489,0.7079788446426392,-0.09241215884685516,0.46569448709487915,0.676777720451355,-0.09441197663545609,0.45885398983955383,0.6648987531661987,-0.08946967124938965,0.38773173093795776,0.7674018144607544,-0.03846864402294159,0.4923796057701111,0.7447632551193237,-0.05160589888691902,0.5530391931533813,0.7150446176528931,-0.04904729500412941,0.5962044596672058,0.7032247185707092,-0.04358147457242012,0.39592617750167847,0.789562463760376,0.0015445350436493754,0.4770374298095703,0.7565436959266663,-0.006038110237568617,0.5270943641662598,0.7269468307495117,-0.0035763783380389214,0.5625562071800232,0.7123088240623474,0.0023551895283162594,0.3947938084602356,0.7961751222610474,0.03757850080728531,0.45076513290405273,0.763215184211731,0.0348605215549469,0.48290300369262695,0.7441098690032959,0.03795254975557327,0.5046442151069641,0.728735089302063,0.043661318719387054,correct
0.21072576940059662,0.8651658296585083,6.308517299657979e-07,0.20610982179641724,0.7309442758560181,-0.057114001363515854,0.2579960525035858,0.6581878662109375,-0.07576768845319748,0.33107730746269226,0.6375722885131836,-0.0765061229467392,0.3870480954647064,0.633478045463562,-0.06968676298856735,0.35850515961647034,0.7381410002708435,-0.07136847078800201,0.4571608901023865,0.724441409111023,-0.08192305266857147,0.48963093757629395,0.7034773230552673,-0.08360397070646286,0.5067569613456726,0.6981784701347351,-0.07909981906414032,0.38048863410949707,0.7846721410751343,-0.03334568813443184,0.48114392161369324,0.7577388882637024,-0.04706219956278801,0.5409140586853027,0.729567289352417,-0.04598183184862137,0.5857395529747009,0.717993974685669,-0.04108821228146553,0.38640815019607544,0.8132789731025696,0.003991980571299791,0.4669446647167206,0.7806387543678284,-0.0038916056510061026,0.5210224390029907,0.7534681558609009,-0.0031234310008585453,0.561981201171875,0.7404583096504211,0.0021117236465215683,0.38424012064933777,0.8250457048416138,0.03820909932255745,0.44481179118156433,0.7946817874908447,0.03843352943658829,0.48128095269203186,0.7768434882164001,0.04208077862858772,0.5075918436050415,0.762281596660614,0.04773763194680214,correct
0.22234579920768738,0.8692646622657776,8.418522838837816e-07,0.20982521772384644,0.7379239797592163,-0.06255438923835754,0.25805118680000305,0.6596134305000305,-0.0841841921210289,0.3359002470970154,0.6321915984153748,-0.0874396413564682,0.3944123089313507,0.6237425804138184,-0.08400510996580124,0.35316401720046997,0.7413992285728455,-0.08434157073497772,0.46096014976501465,0.7275186777114868,-0.09302692860364914,0.5147924423217773,0.7158336043357849,-0.09207940846681595,0.5575836896896362,0.709524929523468,-0.08769303560256958,0.38016393780708313,0.7883555889129639,-0.0466291718184948,0.4878004789352417,0.7607879042625427,-0.055017173290252686,0.5505126714706421,0.7268664836883545,-0.04844800755381584,0.5960723161697388,0.7058901190757751,-0.040719445794820786,0.391046941280365,0.8118373155593872,-0.00965849682688713,0.46700790524482727,0.7572782635688782,-0.016291914507746696,0.49592551589012146,0.7131448984146118,-0.011655972339212894,0.5122206807136536,0.6854061484336853,-0.0035441620275378227,0.39430367946624756,0.8190408945083618,0.0233371090143919,0.4494706988334656,0.7701849937438965,0.01820032112300396,0.46644872426986694,0.7363268733024597,0.020846690982580185,0.46942368149757385,0.7086533904075623,0.027326030656695366,correct
0.2151309847831726,0.8776657581329346,6.527353662022506e-07,0.20320940017700195,0.7519316077232361,-0.0599525086581707,0.250813364982605,0.6715956330299377,-0.08271761238574982,0.3302168548107147,0.6400798559188843,-0.08893835544586182,0.3904936909675598,0.629031777381897,-0.08836283534765244,0.35200968384742737,0.7444187998771667,-0.07662708312273026,0.460737407207489,0.7344786524772644,-0.0909244492650032,0.5016700029373169,0.7052496075630188,-0.09392203390598297,0.525589108467102,0.6898912787437439,-0.09076791256666183,0.377514511346817,0.7922961115837097,-0.042640239000320435,0.488125205039978,0.7682409286499023,-0.05559484660625458,0.5470186471939087,0.7267729640007019,-0.05304356664419174,0.5874388217926025,0.7019127011299133,-0.048096198588609695,0.3874400556087494,0.8189640641212463,-0.010403995402157307,0.47762787342071533,0.7880799174308777,-0.019849300384521484,0.530310332775116,0.7536843419075012,-0.018501106649637222,0.5678938627243042,0.732491135597229,-0.013796644285321236,0.38851454854011536,0.8279531598091125,0.01808944344520569,0.4561011791229248,0.8012669086456299,0.014655550941824913,0.4932425022125244,0.7796940207481384,0.017211198806762695,0.5187761783599854,0.7599901556968689,0.022013112902641296,correct
0.20026153326034546,0.8739318251609802,5.084239091956988e-07,0.1973057985305786,0.7445729374885559,-0.06181282922625542,0.24589231610298157,0.6654676795005798,-0.0822562500834465,0.32010313868522644,0.6315209865570068,-0.08338681608438492,0.37799084186553955,0.6202002763748169,-0.07443886250257492,0.34487172961235046,0.7375683188438416,-0.07311373949050903,0.4365261197090149,0.7097507119178772,-0.08340620249509811,0.4399426579475403,0.668888509273529,-0.08148011565208435,0.4222930073738098,0.6510325074195862,-0.0730116069316864,0.36786186695098877,0.7801731824874878,-0.03185216337442398,0.47339650988578796,0.7517061233520508,-0.04230586439371109,0.5309650301933289,0.7148627638816833,-0.03751092031598091,0.5706303715705872,0.6948309540748596,-0.030614767223596573,0.37543994188308716,0.806251585483551,0.007657409645617008,0.4601952135562897,0.7732835412025452,0.0027218114119023085,0.5137060284614563,0.7431517243385315,0.005758265964686871,0.5522011518478394,0.72477787733078,0.011587333865463734,0.37442725896835327,0.8160831332206726,0.043457042425870895,0.43744319677352905,0.7915129065513611,0.04463348165154457,0.47528526186943054,0.7759320735931396,0.04811902716755867,0.5031481981277466,0.7618895173072815,0.05316562205553055,correct
0.1828700602054596,0.8581944704055786,3.8565443105653685e-07,0.18033041059970856,0.7230573892593384,-0.04595537856221199,0.2291974425315857,0.6416465044021606,-0.06325005739927292,0.30133405327796936,0.6119879484176636,-0.06613705307245255,0.3577346205711365,0.6006969213485718,-0.059729527682065964,0.3227234482765198,0.7147283554077148,-0.05941266566514969,0.40722566843032837,0.6757484078407288,-0.07738965004682541,0.3971480131149292,0.6321494579315186,-0.08172561228275299,0.36873236298561096,0.614736020565033,-0.07693661004304886,0.3485172986984253,0.75831139087677,-0.031840719282627106,0.4551067352294922,0.7220324277877808,-0.0542994886636734,0.5131478309631348,0.689744234085083,-0.057237040251493454,0.5573830008506775,0.6754496097564697,-0.05413300544023514,0.35743799805641174,0.7860509753227234,-0.005271009635180235,0.44637352228164673,0.7534683346748352,-0.01978232152760029,0.5030843019485474,0.7275959849357605,-0.01999199390411377,0.5482926964759827,0.712225079536438,-0.014756729826331139,0.3546620309352875,0.8018291592597961,0.019078414887189865,0.42085275053977966,0.7784895300865173,0.01627602055668831,0.4620128273963928,0.7667831778526306,0.021409614011645317,0.4961801767349243,0.7569082975387573,0.02835303731262684,correct
0.22285862267017365,0.8541816473007202,5.929675808147294e-07,0.2107890546321869,0.727559506893158,-0.05630568042397499,0.25555193424224854,0.6529704928398132,-0.08000516891479492,0.3323688507080078,0.624202311038971,-0.0872676745057106,0.39238324761390686,0.6093392372131348,-0.08721896260976791,0.3514902889728546,0.724976122379303,-0.07857777923345566,0.4503334164619446,0.6974312663078308,-0.09975705295801163,0.46861082315444946,0.6600722670555115,-0.10810680687427521,0.47049814462661743,0.6421144008636475,-0.10731583833694458,0.3788803815841675,0.7676203846931458,-0.04663035273551941,0.48784780502319336,0.7281591892242432,-0.06670133769512177,0.5509716272354126,0.6935558319091797,-0.07019178569316864,0.5979740023612976,0.6744743585586548,-0.06962789595127106,0.3904167413711548,0.7937499284744263,-0.01584981381893158,0.476223886013031,0.7520636320114136,-0.02830898016691208,0.5348550081253052,0.7218995094299316,-0.03164207562804222,0.5781912207603455,0.7042181491851807,-0.030670559033751488,0.39224427938461304,0.8046848177909851,0.011592920869588852,0.45561322569847107,0.7793697714805603,0.0061458381824195385,0.496512234210968,0.7647184133529663,0.004688031505793333,0.5281177759170532,0.7514796853065491,0.005810516886413097,correct
0.24449943006038666,0.8595284819602966,4.772817305820354e-07,0.23844459652900696,0.7314170598983765,-0.05629606917500496,0.28450754284858704,0.653352677822113,-0.0765853300690651,0.3615921139717102,0.6256481409072876,-0.08008648455142975,0.42037296295166016,0.6154858469963074,-0.0745578184723854,0.3872576653957367,0.7333200573921204,-0.06755340099334717,0.47745463252067566,0.7013037800788879,-0.08050750941038132,0.47933050990104675,0.6604712605476379,-0.08343357592821121,0.465679407119751,0.6408970952033997,-0.08027820289134979,0.4144715666770935,0.7789543867111206,-0.03518587723374367,0.5201195478439331,0.7501358985900879,-0.04869793727993965,0.5782140493392944,0.7171582579612732,-0.04980207607150078,0.6216979026794434,0.7007799744606018,-0.04915771633386612,0.42287299036979675,0.8045933842658997,-0.0048131439834833145,0.5104645490646362,0.769727885723114,-0.015267670154571533,0.5661670565605164,0.7425865530967712,-0.0182654932141304,0.6068177819252014,0.7264100313186646,-0.01793789677321911,0.42147600650787354,0.8134488463401794,0.022282015532255173,0.4884989261627197,0.7898374199867249,0.01587778516113758,0.5280919075012207,0.7749706506729126,0.014479498378932476,0.5577869415283203,0.7605869770050049,0.015281959436833858,correct
0.2677224278450012,0.8564854264259338,5.517086378858949e-07,0.2607090473175049,0.7298301458358765,-0.06483031809329987,0.3058892488479614,0.6608099937438965,-0.08553072065114975,0.3784244656562805,0.6398172974586487,-0.0870710164308548,0.43494194746017456,0.6315815448760986,-0.07932513952255249,0.42502790689468384,0.7464998960494995,-0.06632216274738312,0.5061053037643433,0.7183902859687805,-0.07085711508989334,0.5160389542579651,0.689452588558197,-0.06993264704942703,0.5150715112686157,0.6827922463417053,-0.06527532637119293,0.44719383120536804,0.7890567779541016,-0.02488795667886734,0.5428021550178528,0.762335479259491,-0.029046418145298958,0.5962826013565063,0.734454333782196,-0.02423246018588543,0.6361256837844849,0.7231360077857971,-0.019348356872797012,0.4499291181564331,0.8143378496170044,0.0138883450999856,0.5272056460380554,0.7843215465545654,0.012460998259484768,0.579463005065918,0.7619967460632324,0.013391595333814621,0.6204389333724976,0.7505317330360413,0.01590382121503353,0.4442937970161438,0.8228281736373901,0.04823258891701698,0.5024288892745972,0.801707923412323,0.04968368634581566,0.5376575589179993,0.7907763123512268,0.05092078819870949,0.5665102601051331,0.7809429168701172,0.053216367959976196,correct
0.25617772340774536,0.8507179021835327,4.562308788536029e-07,0.25398242473602295,0.7212315201759338,-0.04979131370782852,0.2998631000518799,0.6433665156364441,-0.07090575248003006,0.37840741872787476,0.6187766790390015,-0.07694421708583832,0.4389939308166504,0.6116018295288086,-0.07327780872583389,0.3917613923549652,0.7281924486160278,-0.06539992243051529,0.4810040295124054,0.7018653154373169,-0.08264711499214172,0.4801919758319855,0.6525840163230896,-0.08622316271066666,0.4604843258857727,0.6245452165603638,-0.08209666609764099,0.4183494746685028,0.7678946256637573,-0.03724246099591255,0.5269105434417725,0.7399769425392151,-0.06043023243546486,0.5870845317840576,0.7094847559928894,-0.06447267532348633,0.6311379671096802,0.6965053081512451,-0.06310608237981796,0.4285750389099121,0.7912536859512329,-0.009949528612196445,0.5187125205993652,0.7613427639007568,-0.025432612746953964,0.5773539543151855,0.7355867028236389,-0.026770086959004402,0.620566725730896,0.7209489941596985,-0.022976983338594437,0.42713314294815063,0.8033034801483154,0.014792417176067829,0.4942827522754669,0.7815651893615723,0.011011745780706406,0.5350779294967651,0.7681567668914795,0.014539893716573715,0.5663695335388184,0.7553771734237671,0.019786810502409935,correct
0.26856568455696106,0.846688449382782,3.909913743882498e-07,0.2664843797683716,0.7190176844596863,-0.057521041482686996,0.31478607654571533,0.6433026790618896,-0.07460284978151321,0.3842647671699524,0.6149154305458069,-0.07401575148105621,0.44086113572120667,0.6047376990318298,-0.062182869762182236,0.4261969029903412,0.7240627408027649,-0.05434400215744972,0.49500492215156555,0.6922733783721924,-0.06343211233615875,0.4831486940383911,0.645129382610321,-0.06247296556830406,0.4556584358215332,0.6247885823249817,-0.055250197649002075,0.450206458568573,0.7606983780860901,-0.01663939841091633,0.5449002981185913,0.7302998304367065,-0.02858005091547966,0.5963192582130432,0.698979914188385,-0.023691842332482338,0.6367814540863037,0.6854683756828308,-0.015208138152956963,0.4542047381401062,0.7872557640075684,0.018223296850919724,0.5352780818939209,0.7610642910003662,0.012140035629272461,0.5858850479125977,0.7388991117477417,0.01901041530072689,0.6263954639434814,0.7255499958992004,0.029066268354654312,0.44605016708374023,0.8017356991767883,0.04915119335055351,0.5062969326972961,0.7816572189331055,0.05117175728082657,0.5424095988273621,0.7714982032775879,0.058681830763816833,0.5732780694961548,0.761038601398468,0.06779928505420685,correct
0.2670304477214813,0.8345571756362915,4.491399465678114e-07,0.26102519035339355,0.7037522792816162,-0.04699409008026123,0.30559465289115906,0.6270606517791748,-0.0673859566450119,0.38081687688827515,0.6010934114456177,-0.0728469043970108,0.4386540651321411,0.5919950604438782,-0.06913086771965027,0.3903476595878601,0.7081653475761414,-0.06934686750173569,0.4806533753871918,0.6815264225006104,-0.08742602169513702,0.482017457485199,0.6329491138458252,-0.08990905433893204,0.46394261717796326,0.603796124458313,-0.08462050557136536,0.41970786452293396,0.7487655282020569,-0.04270850867033005,0.5318641662597656,0.7159506678581238,-0.06734240055084229,0.5914373397827148,0.6819339990615845,-0.06981956958770752,0.6349500417709351,0.6639184355735779,-0.06652424484491348,0.4326602518558502,0.7743605375289917,-0.016118356958031654,0.5243176221847534,0.73934406042099,-0.03284832090139389,0.5824791789054871,0.7096359133720398,-0.03243200108408928,0.6256581544876099,0.6910501718521118,-0.026674943044781685,0.4332956075668335,0.7885684370994568,0.008365949615836143,0.4999901056289673,0.7611930966377258,0.004392458591610193,0.5398946404457092,0.7437297701835632,0.00942051038146019,0.5694797039031982,0.7266274094581604,0.0161493681371212,correct
0.25783002376556396,0.8512606620788574,5.719162459172367e-07,0.25496363639831543,0.7193334698677063,-0.053774379193782806,0.30489805340766907,0.6442102789878845,-0.06818592548370361,0.37707099318504333,0.6188837289810181,-0.0669185221195221,0.4316856265068054,0.6153092384338379,-0.05792941525578499,0.42196616530418396,0.7187825441360474,-0.04231102392077446,0.5009381175041199,0.7001109719276428,-0.04444195330142975,0.525526225566864,0.6816712021827698,-0.04545356705784798,0.5398182272911072,0.6792190074920654,-0.04280151054263115,0.44226598739624023,0.7648050785064697,-0.00837564654648304,0.533450722694397,0.7310501933097839,-0.010630176402628422,0.5899162292480469,0.7047157287597656,-0.007694436702877283,0.6330925822257996,0.6945834755897522,-0.0035355831496417522,0.4446165859699249,0.7953502535820007,0.02204125002026558,0.5211386680603027,0.7603957653045654,0.020128998905420303,0.5724188685417175,0.7354727983474731,0.018335068598389626,0.612154483795166,0.7200694680213928,0.019959619268774986,0.439389705657959,0.8110436797142029,0.04870568960905075,0.5013672709465027,0.7868077158927917,0.049629874527454376,0.5388645529747009,0.77170729637146,0.049829304218292236,0.5680965781211853,0.75749272108078,0.05197964981198311,correct
0.24260273575782776,0.8673733472824097,4.859268756263191e-07,0.23783941566944122,0.7337031364440918,-0.048864368349313736,0.28516191244125366,0.6502379775047302,-0.06504292041063309,0.360615998506546,0.6210631728172302,-0.0658748522400856,0.4181061387062073,0.614923357963562,-0.05647077411413193,0.3868418335914612,0.7278335690498352,-0.05291510745882988,0.4716513156890869,0.7015029191970825,-0.06251177936792374,0.4689251184463501,0.6600490808486938,-0.06128118187189102,0.4477147161960602,0.6406776905059814,-0.0539771132171154,0.4130944013595581,0.7692613005638123,-0.021924853324890137,0.517524778842926,0.7346439957618713,-0.03464388847351074,0.575859546661377,0.7008192539215088,-0.03191756084561348,0.6201160550117493,0.6850164532661438,-0.02601739764213562,0.4220339059829712,0.7976460456848145,0.0072184111922979355,0.5081683397293091,0.7628245949745178,1.142187670666317e-06,0.564976692199707,0.736404538154602,0.0024002590216696262,0.6079915165901184,0.7197337746620178,0.008357232436537743,0.4195443093776703,0.8145860433578491,0.03333801403641701,0.4861275255680084,0.7897740006446838,0.03523640334606171,0.528130054473877,0.7751884460449219,0.040629517287015915,0.5618945360183716,0.7618978023529053,0.04701242968440056,correct
0.2617497444152832,0.8351831436157227,4.0534882828069385e-07,0.256987601518631,0.7120137214660645,-0.06702582538127899,0.30080801248550415,0.6466172933578491,-0.0876903310418129,0.3651820421218872,0.6272317171096802,-0.08986171334981918,0.41641250252723694,0.6152259111404419,-0.08214850723743439,0.42666223645210266,0.7330758571624756,-0.05947373807430267,0.4681774079799652,0.6893810033798218,-0.06398937851190567,0.4542474150657654,0.661717414855957,-0.06380051374435425,0.43609851598739624,0.657027006149292,-0.05957906320691109,0.4505723714828491,0.7750170230865479,-0.01936047151684761,0.5285797119140625,0.7374672293663025,-0.02574584260582924,0.5784072875976562,0.7114230394363403,-0.02178652584552765,0.6182411313056946,0.7005726099014282,-0.01681741699576378,0.45247986912727356,0.7980731725692749,0.017063871026039124,0.5228092074394226,0.7706330418586731,0.01162984874099493,0.5707682967185974,0.7507011890411377,0.014954901300370693,0.6102275252342224,0.7374534010887146,0.020849816501140594,0.4428570866584778,0.8042597770690918,0.04877984896302223,0.5006687045097351,0.7865824699401855,0.04918187856674194,0.537930965423584,0.7788789868354797,0.05435525253415108,0.5705429911613464,0.7695845365524292,0.06055162847042084,correct
0.2798756957054138,0.7915143370628357,4.208891937196313e-07,0.27378129959106445,0.6851484179496765,-0.08421894162893295,0.31668365001678467,0.6244761347770691,-0.11843980103731155,0.37922537326812744,0.6044656038284302,-0.1316312849521637,0.43376395106315613,0.5879049897193909,-0.13595028221607208,0.43747615814208984,0.7184587717056274,-0.10025276988744736,0.48464110493659973,0.6670708060264587,-0.11888616532087326,0.4742168188095093,0.6344937086105347,-0.12703728675842285,0.45670318603515625,0.6277916431427002,-0.12909279763698578,0.46279990673065186,0.7485715746879578,-0.05763466656208038,0.5380675792694092,0.7163936495780945,-0.07639971375465393,0.5918185710906982,0.6948263049125671,-0.0804038718342781,0.6321046352386475,0.6890985369682312,-0.08295929431915283,0.4676981568336487,0.7589417099952698,-0.018368300050497055,0.5379205942153931,0.7343100309371948,-0.034802865236997604,0.590876579284668,0.7214276790618896,-0.039880722761154175,0.6336075663566589,0.7181332111358643,-0.04164377599954605,0.4632405936717987,0.7541568875312805,0.015365023165941238,0.5212644338607788,0.7425223588943481,0.0004906905232928693,0.5623003244400024,0.7412340641021729,-0.004752643406391144,0.5995093584060669,0.7399794459342957,-0.006285708863288164,correct
0.3111579418182373,0.8054074645042419,8.055260991568503e-07,0.28438639640808105,0.7011390328407288,-0.09299074113368988,0.3171268701553345,0.636597216129303,-0.13506340980529785,0.38248804211616516,0.6241096258163452,-0.15599554777145386,0.4416297376155853,0.6196280121803284,-0.17052072286605835,0.4368782341480255,0.7322657704353333,-0.12339989095926285,0.529531717300415,0.6874436736106873,-0.1499217450618744,0.586567223072052,0.6716667413711548,-0.16057966649532318,0.631712019443512,0.6707680821418762,-0.16482922434806824,0.47088322043418884,0.7622442841529846,-0.08118292689323425,0.5494309067726135,0.7150476574897766,-0.10740920156240463,0.6065766215324402,0.6841874122619629,-0.11239894479513168,0.6518399119377136,0.6723300814628601,-0.11178102344274521,0.48492705821990967,0.7677363157272339,-0.04226316884160042,0.5147249698638916,0.6801030039787292,-0.06890937685966492,0.49728015065193176,0.6479565501213074,-0.0708320215344429,0.4873946011066437,0.6445572972297668,-0.06422393769025803,0.4926336407661438,0.7579315304756165,-0.009858278557658195,0.5163562893867493,0.686140775680542,-0.0374535471200943,0.5108301639556885,0.6670914888381958,-0.04496487230062485,0.5078982710838318,0.6680740118026733,-0.04243520647287369,correct
0.2671721279621124,0.8423696756362915,6.513789116979751e-07,0.26282939314842224,0.7287865877151489,-0.020800480619072914,0.3148237466812134,0.6413769721984863,-0.038449373096227646,0.3894713819026947,0.6167048215866089,-0.04908781871199608,0.4470040798187256,0.6219065189361572,-0.05996186286211014,0.3098199665546417,0.6714746356010437,-0.0732383280992508,0.3779943287372589,0.6224697232246399,-0.09721286594867706,0.4377385079860687,0.6107214689254761,-0.10905179381370544,0.48643961548805237,0.6123856902122498,-0.11473772674798965,0.345215767621994,0.728603184223175,-0.07027216255664825,0.44021695852279663,0.7061666250228882,-0.09334157407283783,0.49666327238082886,0.702759861946106,-0.10180499404668808,0.5340543389320374,0.7060437798500061,-0.1071149930357933,0.37635356187820435,0.7752396464347839,-0.06444898992776871,0.46509066224098206,0.7446061968803406,-0.08275119960308075,0.5137951970100403,0.7215161323547363,-0.0883345901966095,0.5429821014404297,0.7096989750862122,-0.09080077707767487,0.39993607997894287,0.8084626793861389,-0.058335691690444946,0.46503084897994995,0.7611510753631592,-0.06612749397754669,0.49085932970046997,0.7340744137763977,-0.0636744275689125,0.5056552290916443,0.7180744409561157,-0.061310719698667526,correct
0.32239603996276855,0.7753190994262695,3.983781482475024e-07,0.3229246139526367,0.6756132245063782,-0.07884056866168976,0.37280744314193726,0.6142661571502686,-0.10829046368598938,0.4410157799720764,0.5966706871986389,-0.11891015619039536,0.498341828584671,0.5861448049545288,-0.12057453393936157,0.4799470901489258,0.7085208296775818,-0.08427003771066666,0.5478023886680603,0.6790706515312195,-0.10631389170885086,0.5496150851249695,0.6355788707733154,-0.12136366218328476,0.5413488149642944,0.6076679229736328,-0.12786881625652313,0.5057675242424011,0.7271106243133545,-0.04755987226963043,0.5940984487533569,0.7028893828392029,-0.06157425045967102,0.6567682027816772,0.6669548153877258,-0.06529612839221954,0.7039130330085754,0.6461305022239685,-0.06710854172706604,0.5115889310836792,0.7266345620155334,-0.016338249668478966,0.5790047645568848,0.6893630623817444,-0.031148504465818405,0.6218314170837402,0.6616654396057129,-0.03760819509625435,0.6550267338752747,0.6460909843444824,-0.03970770537853241,0.5072210431098938,0.7171231508255005,0.008716977201402187,0.5474705696105957,0.6812734603881836,-0.00994108896702528,0.5673496127128601,0.658617377281189,-0.016177767887711525,0.5815051794052124,0.6379152536392212,-0.016750518232584,correct
0.3139287233352661,0.743352472782135,5.929870781073987e-07,0.3154166340827942,0.6348550319671631,-0.07406777888536453,0.3678077161312103,0.5660314559936523,-0.10210234671831131,0.4365372359752655,0.5467643737792969,-0.11207794398069382,0.4914679229259491,0.5488768219947815,-0.11304966360330582,0.4563444256782532,0.6624831557273865,-0.09049604088068008,0.5451481342315674,0.644413948059082,-0.11094360798597336,0.5559417009353638,0.6044846773147583,-0.11973965913057327,0.5548551082611084,0.5737830400466919,-0.12064150720834732,0.4806026816368103,0.6860119700431824,-0.054444245994091034,0.5830186009407043,0.6658344268798828,-0.06850083917379379,0.6487489938735962,0.621364951133728,-0.06818734109401703,0.69185870885849,0.5900214314460754,-0.06565068662166595,0.48980143666267395,0.6919058561325073,-0.022428927943110466,0.5559543371200562,0.648291826248169,-0.0384942889213562,0.5601098537445068,0.589695930480957,-0.040805816650390625,0.5533051490783691,0.547718346118927,-0.036455702036619186,0.4928867220878601,0.6918803453445435,0.004394620656967163,0.5386888384819031,0.6488519906997681,-0.015010378323495388,0.5402939319610596,0.6082671880722046,-0.01924903690814972,0.52884840965271,0.5731494426727295,-0.015893826261162758,correct
0.3199610114097595,0.7348726987838745,3.661507719243673e-07,0.32003170251846313,0.6182049512863159,-0.05995531007647514,0.3651502728462219,0.5504496693611145,-0.08492112904787064,0.4355408549308777,0.5248860120773315,-0.0927390530705452,0.4955497682094574,0.5205103754997253,-0.09026329964399338,0.4675184190273285,0.6270012855529785,-0.07916373759508133,0.5482208132743835,0.5909336805343628,-0.09495406597852707,0.5359419584274292,0.5424553751945496,-0.09266360849142075,0.5051366090774536,0.5173243880271912,-0.08451332151889801,0.4890926480293274,0.6708558201789856,-0.046816740185022354,0.593212366104126,0.6352348923683167,-0.07311473041772842,0.6482465267181396,0.596211850643158,-0.07736257463693619,0.6887958645820618,0.5741299390792847,-0.0757460668683052,0.49487531185150146,0.6986287236213684,-0.015285604633390903,0.587529182434082,0.6688674688339233,-0.03495122864842415,0.6425052285194397,0.6393452882766724,-0.03648586571216583,0.6839754581451416,0.6194195747375488,-0.03223909065127373,0.48999232053756714,0.7116774916648865,0.013490057550370693,0.5631134510040283,0.6867772340774536,0.004282121080905199,0.6046518683433533,0.6700387597084045,0.006648258306086063,0.636730432510376,0.6536811590194702,0.011952436529099941,correct
0.30463171005249023,0.7778011560440063,3.74997853214154e-07,0.31465134024620056,0.6496297717094421,-0.046414367854595184,0.3655359148979187,0.5696931481361389,-0.07011912763118744,0.4464954137802124,0.5456521511077881,-0.079953134059906,0.5120498538017273,0.5421175360679626,-0.07989280670881271,0.44712117314338684,0.6599581241607666,-0.07201159745454788,0.5509154796600342,0.6176526546478271,-0.09043824672698975,0.5428525805473328,0.5685243606567383,-0.09069988876581192,0.5137537717819214,0.548919141292572,-0.08402067422866821,0.4700794219970703,0.71254962682724,-0.04835956171154976,0.5916495323181152,0.6753168106079102,-0.07596609741449356,0.6523001790046692,0.6435445547103882,-0.07998143136501312,0.6971173286437988,0.6332623362541199,-0.07826779037714005,0.4774773120880127,0.7446926236152649,-0.02448277920484543,0.5828492045402527,0.7140885591506958,-0.04389193654060364,0.6405942440032959,0.6890480518341064,-0.04198789969086647,0.6817752122879028,0.6770731210708618,-0.035297077149152756,0.47486382722854614,0.7616763114929199,-0.0024356222711503506,0.5550622940063477,0.7308905124664307,-0.008752669207751751,0.5945817232131958,0.7130932807922363,-0.0005933628999628127,0.6215293407440186,0.6987285017967224,0.00880463607609272,correct
0.29541802406311035,0.8041664958000183,2.4654792696310324e-07,0.3175991177558899,0.6743234992027283,-0.027285031974315643,0.383283406496048,0.5994372367858887,-0.03791665658354759,0.45997774600982666,0.5635095238685608,-0.039094265550374985,0.5188096761703491,0.5396596193313599,-0.03251739591360092,0.4460323750972748,0.682377815246582,-0.05120182782411575,0.5519369840621948,0.6336365938186646,-0.06638535857200623,0.5334402322769165,0.5936663746833801,-0.06581541150808334,0.5010497570037842,0.5804853439331055,-0.05873040482401848,0.46768996119499207,0.736907958984375,-0.03652967885136604,0.5897080898284912,0.6899349093437195,-0.05983584001660347,0.6515758633613586,0.657977283000946,-0.06336303800344467,0.7008229494094849,0.6466516852378845,-0.06182532012462616,0.4743380844593048,0.7722571492195129,-0.0210496224462986,0.581922173500061,0.7354907393455505,-0.03765985369682312,0.6402162313461304,0.7082231640815735,-0.0383998304605484,0.6833482980728149,0.6947519183158875,-0.03396854177117348,0.4714827239513397,0.7908786535263062,-0.005774979945272207,0.5496752262115479,0.7634098529815674,-0.011299381963908672,0.5926691293716431,0.7485426664352417,-0.005882793106138706,0.6247998476028442,0.7401198744773865,0.0009541049948893487,correct
0.2878614366054535,0.8218671679496765,2.965064709314902e-07,0.31195205450057983,0.6857065558433533,-0.02454514242708683,0.3774917721748352,0.6060285568237305,-0.03359173983335495,0.4544450640678406,0.5727525949478149,-0.03397383913397789,0.5142998695373535,0.5474890470504761,-0.02662765607237816,0.44512051343917847,0.6830452084541321,-0.03682912513613701,0.5454363226890564,0.6296831369400024,-0.051320213824510574,0.5305114388465881,0.5843461751937866,-0.05294385179877281,0.49733906984329224,0.5780584812164307,-0.04717661812901497,0.46721628308296204,0.7363049983978271,-0.02285674773156643,0.5876107215881348,0.6920219659805298,-0.048546645790338516,0.6486550569534302,0.6586883664131165,-0.056310612708330154,0.6977882385253906,0.6525202393531799,-0.05679968371987343,0.47315043210983276,0.7720136642456055,-0.008364164270460606,0.5812889337539673,0.7428029775619507,-0.02712334133684635,0.6410725116729736,0.7154676914215088,-0.03040238283574581,0.6877862811088562,0.7040009498596191,-0.026715317741036415,0.4690878391265869,0.7941367030143738,0.006324484944343567,0.5485659241676331,0.7680647969245911,0.002551153302192688,0.5909056663513184,0.7502558827400208,0.009538967162370682,0.6239054203033447,0.7389106154441833,0.017810765653848648,correct
0.2808375358581543,0.8134310841560364,2.6531668595453084e-07,0.3096088171005249,0.6827175617218018,-0.01873829774558544,0.37896785140037537,0.6103005409240723,-0.022759171202778816,0.4460040032863617,0.5712875723838806,-0.01952577941119671,0.4996797442436218,0.5489737391471863,-0.009482688270509243,0.4430115520954132,0.6845097541809082,-0.034160222858190536,0.5331339836120605,0.6180382966995239,-0.050526395440101624,0.5275698304176331,0.5676462054252625,-0.05125192552804947,0.5021628737449646,0.555458664894104,-0.04385381191968918,0.4672023355960846,0.7413359880447388,-0.023469526320695877,0.5807911157608032,0.7005764842033386,-0.048386503010988235,0.6444621682167053,0.6779975295066833,-0.05200580134987831,0.6918343305587769,0.6756955981254578,-0.04798348620533943,0.47445303201675415,0.7840847969055176,-0.012626135721802711,0.574699878692627,0.7633315324783325,-0.03322594612836838,0.6334408521652222,0.7517151236534119,-0.03430899977684021,0.6795665621757507,0.7475069761276245,-0.027144117280840874,0.4703840911388397,0.8132753372192383,-0.0012190805282443762,0.547288179397583,0.7970548868179321,-0.009791596792638302,0.5880063772201538,0.7896827459335327,-0.004113413859158754,0.6181251406669617,0.7854140400886536,0.0055011240765452385,correct
0.27437663078308105,0.8206520080566406,2.3420126638029615e-07,0.30527037382125854,0.6894397139549255,-0.021759822964668274,0.3725944459438324,0.6161395311355591,-0.028074031695723534,0.44238993525505066,0.5786720514297485,-0.02699999138712883,0.4971163868904114,0.5560286641120911,-0.01886015199124813,0.44015175104141235,0.6944040656089783,-0.034300751984119415,0.5374284386634827,0.638033390045166,-0.05188550055027008,0.5291875600814819,0.5871615409851074,-0.05538760870695114,0.5004748702049255,0.5727261304855347,-0.05053273215889931,0.4593818783760071,0.7492958307266235,-0.023068489506840706,0.5749320387840271,0.7062575221061707,-0.045540597289800644,0.6365314722061157,0.6770634055137634,-0.05015608295798302,0.6832352876663208,0.6699560284614563,-0.04875069111585617,0.46267181634902954,0.789570152759552,-0.012358898296952248,0.5664446949958801,0.7663019299507141,-0.03027530200779438,0.6254398822784424,0.7495189905166626,-0.032841503620147705,0.671974778175354,0.7424534559249878,-0.029067451134324074,0.4553919732570648,0.8172105550765991,-0.0016571712912991643,0.5311478972434998,0.8037947416305542,-0.01045585609972477,0.5750367045402527,0.7947065234184265,-0.007548874244093895,0.6111812591552734,0.7892826199531555,-0.001483535161241889,correct
0.27056002616882324,0.8526198863983154,4.439052077032102e-07,0.2931841015815735,0.7168713808059692,-0.022940445691347122,0.36559200286865234,0.6364837884902954,-0.03448273986577988,0.4437130391597748,0.6039361953735352,-0.03812368959188461,0.5048666000366211,0.5881640911102295,-0.03400036320090294,0.41976267099380493,0.7084143757820129,-0.050758183002471924,0.5352205634117126,0.6692087054252625,-0.06991972774267197,0.5314390063285828,0.6221802830696106,-0.0710391029715538,0.5022079944610596,0.599939227104187,-0.06398611515760422,0.4396965503692627,0.7673875689506531,-0.04066241532564163,0.5685886144638062,0.7368643283843994,-0.06456488370895386,0.6371763944625854,0.7174904346466064,-0.06855414807796478,0.6881042718887329,0.7156511545181274,-0.06743989139795303,0.44629204273223877,0.8108679056167603,-0.02949097380042076,0.5564011335372925,0.7911933660507202,-0.04426373541355133,0.6165306568145752,0.7776010036468506,-0.04336715117096901,0.6615341305732727,0.7709442377090454,-0.03871627151966095,0.44372043013572693,0.8430613875389099,-0.01868036948144436,0.5218468904495239,0.832709014415741,-0.020022038370370865,0.5654004812240601,0.8249871730804443,-0.011882494203746319,0.5986542701721191,0.8159509301185608,-0.00381611380726099,correct
0.2511698007583618,0.8903908133506775,4.598362011165591e-07,0.2766973674297333,0.7519380450248718,-0.021819565445184708,0.3492395877838135,0.6705265045166016,-0.030521836131811142,0.4274345338344574,0.6324897408485413,-0.02955712005496025,0.4882262945175171,0.6127815246582031,-0.020026206970214844,0.4038231372833252,0.7401840686798096,-0.05416927486658096,0.5236714482307434,0.6997792720794678,-0.06891685724258423,0.521020770072937,0.6522325873374939,-0.061960864812135696,0.4904172122478485,0.6318532228469849,-0.04822670668363571,0.4224463105201721,0.797117292881012,-0.040205515921115875,0.5562855005264282,0.7678289413452148,-0.06475377082824707,0.6242666840553284,0.746846616268158,-0.06340102106332779,0.6740666627883911,0.7441971898078918,-0.05637532100081444,0.4295513927936554,0.8377231955528259,-0.024435468018054962,0.5440113544464111,0.819914698600769,-0.04003283381462097,0.6068511605262756,0.8082860708236694,-0.03699250519275665,0.6545752882957458,0.8048487305641174,-0.02900657057762146,0.42825570702552795,0.8643929362297058,-0.008327976800501347,0.5094374418258667,0.8557857275009155,-0.010628752410411835,0.5556831359863281,0.8522158265113831,-0.0035760013852268457,0.5925152897834778,0.8490003347396851,0.004966350272297859,correct
0.2485835701227188,0.8947256207466125,4.085317755198048e-07,0.2787417769432068,0.7562475800514221,-0.01978369988501072,0.35058125853538513,0.6709569096565247,-0.028836702927947044,0.42866119742393494,0.6345050930976868,-0.029719488695263863,0.4910394847393036,0.6166273355484009,-0.022871706634759903,0.40308791399002075,0.7423833012580872,-0.049590595066547394,0.5213122367858887,0.7009954452514648,-0.06975319981575012,0.5152155160903931,0.6523653268814087,-0.07022334635257721,0.4839772582054138,0.6343888640403748,-0.06227393448352814,0.4221974015235901,0.7994915843009949,-0.039808209985494614,0.5540934801101685,0.7673599720001221,-0.06843160092830658,0.6231042146682739,0.7427054047584534,-0.07331619411706924,0.6743178367614746,0.7382959723472595,-0.07168661057949066,0.4282383322715759,0.8396444916725159,-0.02885717898607254,0.544384241104126,0.8228652477264404,-0.048402607440948486,0.609854519367218,0.8093498349189758,-0.050405558198690414,0.6615867614746094,0.8037872314453125,-0.04679758474230766,0.42582693696022034,0.8672062158584595,-0.01733834110200405,0.5055456757545471,0.8572713732719421,-0.024708466604351997,0.5543777942657471,0.8475220203399658,-0.022249620407819748,0.595876932144165,0.8386908769607544,-0.017696188762784004,correct
0.24753566086292267,0.886506974697113,3.9267010265575664e-07,0.2824680805206299,0.7515481114387512,-0.01592995971441269,0.3512415885925293,0.6693285703659058,-0.024502379819750786,0.42626121640205383,0.6333387494087219,-0.02484499290585518,0.48785269260406494,0.6189999580383301,-0.01760934293270111,0.40636077523231506,0.7363417148590088,-0.05138235539197922,0.521866500377655,0.6960949301719666,-0.06913445889949799,0.5136355757713318,0.648747980594635,-0.06645665317773819,0.48122549057006836,0.6337209939956665,-0.05637213960289955,0.4252961277961731,0.7954898476600647,-0.042328670620918274,0.5580202341079712,0.7628161907196045,-0.07160066813230515,0.6267527341842651,0.7363672256469727,-0.0753777027130127,0.6767364740371704,0.7306655645370483,-0.07235600799322128,0.43097376823425293,0.8387681245803833,-0.030791262164711952,0.5474846363067627,0.8215559124946594,-0.050566114485263824,0.6122839450836182,0.8060341477394104,-0.05083032697439194,0.6620805263519287,0.7991977334022522,-0.04543687030673027,0.4277384281158447,0.8687735199928284,-0.017974991351366043,0.5093613266944885,0.8568639755249023,-0.02452899143099785,0.5567644834518433,0.8479945659637451,-0.019554104655981064,0.5954186916351318,0.8411980271339417,-0.012687207199633121,correct
0.2556324601173401,0.8848188519477844,3.729196862423123e-07,0.28971898555755615,0.7486534714698792,-0.01625574566423893,0.3606540858745575,0.6689999103546143,-0.026327410712838173,0.4367839992046356,0.6362983584403992,-0.0293121375143528,0.49826595187187195,0.622652530670166,-0.02503407746553421,0.40952742099761963,0.742843747138977,-0.05030137300491333,0.5263399481773376,0.7035641074180603,-0.07053665816783905,0.5138697624206543,0.6628305912017822,-0.071685791015625,0.47941291332244873,0.6514918804168701,-0.0647621601819992,0.4297664165496826,0.8035191297531128,-0.04344595596194267,0.5621187090873718,0.7700703144073486,-0.07091101258993149,0.6330070495605469,0.747629702091217,-0.07609819620847702,0.6860603094100952,0.7433469295501709,-0.07589468359947205,0.437099814414978,0.84931480884552,-0.034729041159152985,0.5531571507453918,0.8317885398864746,-0.05259441211819649,0.6171207427978516,0.8172183036804199,-0.05266833305358887,0.6661556363105774,0.8087977766990662,-0.048777274787425995,0.4356716573238373,0.8836333751678467,-0.025346260517835617,0.5169772505760193,0.874915361404419,-0.03149982541799545,0.5653434991836548,0.868216872215271,-0.026499217376112938,0.6053568124771118,0.8603194355964661,-0.020579688251018524,correct
0.2526967525482178,0.8998592495918274,5.071799478173489e-07,0.28247445821762085,0.7633156776428223,-0.028679199516773224,0.3530879020690918,0.6755237579345703,-0.043591707944869995,0.43626078963279724,0.640103816986084,-0.048537369817495346,0.502177894115448,0.6273781657218933,-0.04564359784126282,0.40769487619400024,0.7544827461242676,-0.060344476252794266,0.5305243134498596,0.7216740846633911,-0.08265691995620728,0.5236393213272095,0.6760749816894531,-0.08471670746803284,0.49171799421310425,0.6560132503509521,-0.07782930135726929,0.4261685609817505,0.8099161982536316,-0.047121722251176834,0.562832236289978,0.7829734086990356,-0.0766480341553688,0.6338209509849548,0.7619743943214417,-0.0832543894648552,0.6867327690124512,0.7601173520088196,-0.08381074666976929,0.43230313062667847,0.8465965390205383,-0.0331050343811512,0.552218496799469,0.8320897221565247,-0.054086703807115555,0.6203145980834961,0.8212800621986389,-0.05832885205745697,0.6734098196029663,0.819446325302124,-0.05684709548950195,0.4311823546886444,0.8708294630050659,-0.0191627349704504,0.5139855146408081,0.8635515570640564,-0.027886386960744858,0.5647479295730591,0.8591399192810059,-0.027205510064959526,0.6086860299110413,0.8553358316421509,-0.024468792602419853,correct
0.25866544246673584,0.8789809346199036,4.99672637488402e-07,0.2755931317806244,0.7428613901138306,-0.046730488538742065,0.34143874049186707,0.6579990386962891,-0.0658733993768692,0.4215441048145294,0.6237848997116089,-0.06925313919782639,0.48308077454566956,0.6118608713150024,-0.06315390765666962,0.406046986579895,0.7549574375152588,-0.07580674439668655,0.518641471862793,0.7340840101242065,-0.09253375232219696,0.5141621232032776,0.6882429122924805,-0.09320051223039627,0.48915231227874756,0.6596410274505615,-0.08631280064582825,0.42452144622802734,0.806778073310852,-0.04684207960963249,0.5541998744010925,0.787647008895874,-0.06738355755805969,0.6224008798599243,0.7607861161231995,-0.06801809370517731,0.6719265580177307,0.7465503215789795,-0.0652882531285286,0.432767391204834,0.8385664224624634,-0.017310049384832382,0.5406428575515747,0.8078752756118774,-0.029472680762410164,0.6012497544288635,0.7847903966903687,-0.02780853398144245,0.6432622671127319,0.7706896662712097,-0.022722752764821053,0.4334014654159546,0.8545142412185669,0.010290682315826416,0.5108571648597717,0.8287135362625122,0.007651979103684425,0.5534588098526001,0.8130489587783813,0.012185598723590374,0.5842012166976929,0.7975308895111084,0.01772209443151951,correct
0.27860990166664124,0.8478395938873291,4.81284416764538e-07,0.28996843099594116,0.7145873308181763,-0.060254666954278946,0.34797292947769165,0.6416517496109009,-0.07537811994552612,0.41969919204711914,0.6099392175674438,-0.07251483201980591,0.47965994477272034,0.5957485437393188,-0.060187727212905884,0.4472372829914093,0.7415662407875061,-0.0505380779504776,0.5245689153671265,0.7190955877304077,-0.05422154441475868,0.523857593536377,0.6870144009590149,-0.05514957010746002,0.5103427171707153,0.6794305443763733,-0.05024806410074234,0.4670281708240509,0.7863076329231262,-0.009094971232116222,0.5673364996910095,0.7652297019958496,-0.006027405150234699,0.6254580020904541,0.735210120677948,0.0020182759035378695,0.6687658429145813,0.7215652465820312,0.008787800557911396,0.4695943295955658,0.8133196830749512,0.028364289551973343,0.5528256297111511,0.785695493221283,0.03234786540269852,0.6019724607467651,0.7586740851402283,0.03681816905736923,0.63671875,0.7432617545127869,0.04204675182700157,0.46424826979637146,0.8226619958877563,0.06135684996843338,0.5254186391830444,0.7973119616508484,0.06550578027963638,0.559535562992096,0.7802859544754028,0.06897970288991928,0.5837008357048035,0.7648880481719971,0.07340579479932785,correct
0.267612099647522,0.8569339513778687,4.1141530005006643e-07,0.2832202911376953,0.7288401126861572,-0.06155126541852951,0.3398275077342987,0.649606466293335,-0.08164016157388687,0.4138312339782715,0.6168999671936035,-0.08435852080583572,0.4750557541847229,0.6050300002098083,-0.0759974792599678,0.4270007908344269,0.749517560005188,-0.06526816636323929,0.5209892988204956,0.7237955927848816,-0.08103351294994354,0.5100988149642944,0.6760525703430176,-0.08480220288038254,0.4785717725753784,0.654619574546814,-0.07930900156497955,0.44934704899787903,0.7901747226715088,-0.027888696640729904,0.5615208745002747,0.7669029235839844,-0.03915385901927948,0.6207525730133057,0.7314822673797607,-0.034247349947690964,0.6629875898361206,0.714112401008606,-0.026830771937966347,0.45635440945625305,0.8126610517501831,0.005923460237681866,0.5484551191329956,0.785058856010437,0.00016010286344680935,0.6017292737960815,0.7578231692314148,0.006632618140429258,0.6399945020675659,0.7422847747802734,0.01562073826789856,0.45369377732276917,0.8181788325309753,0.03517470508813858,0.5195345282554626,0.793650209903717,0.033575963228940964,0.5547652244567871,0.7766671180725098,0.04024665057659149,0.579990029335022,0.7619797587394714,0.04914246127009392,correct
0.2645086646080017,0.8549380302429199,3.7457047596944903e-07,0.27612563967704773,0.7243480682373047,-0.06452129781246185,0.33157551288604736,0.6446387767791748,-0.08748536556959152,0.4075014293193817,0.6142580509185791,-0.09293805062770844,0.4696401357650757,0.601688802242279,-0.08851753920316696,0.4219784140586853,0.7474271655082703,-0.07077286392450333,0.5147120356559753,0.7222887873649597,-0.0890662670135498,0.5068027377128601,0.6750837564468384,-0.09585661441087723,0.47955670952796936,0.6520698666572571,-0.09310062229633331,0.4448915719985962,0.7909976840019226,-0.03362962603569031,0.5548498630523682,0.7605119943618774,-0.04535558447241783,0.6140577793121338,0.7257399559020996,-0.04328271746635437,0.6561526656150818,0.7087711691856384,-0.03961608558893204,0.4527587890625,0.8138066530227661,-0.0002450798056088388,0.5432167053222656,0.7800699472427368,-0.007478493265807629,0.5990645885467529,0.7538478970527649,-0.005237731616944075,0.6397609710693359,0.7399359345436096,-0.0006583817303180695,0.4522535800933838,0.8188163042068481,0.02844536118209362,0.5211803913116455,0.7930059432983398,0.02397594042122364,0.5619561672210693,0.7773661613464355,0.026186969131231308,0.5931730270385742,0.7645164132118225,0.03064497746527195,correct
0.25735294818878174,0.855782151222229,5.20736932685395e-07,0.2669350206851959,0.7180501222610474,-0.06303399801254272,0.32527053356170654,0.6303132772445679,-0.08553984761238098,0.40527069568634033,0.597891092300415,-0.08964492380619049,0.4698088765144348,0.5913848876953125,-0.08439204841852188,0.4082036316394806,0.7288601994514465,-0.07709730416536331,0.5143173336982727,0.708682119846344,-0.09178654849529266,0.52283775806427,0.6732624769210815,-0.0952802523970604,0.5122441649436951,0.6587860584259033,-0.09113418310880661,0.4329648017883301,0.7781995534896851,-0.03898334503173828,0.5486606359481812,0.7515220046043396,-0.04687836021184921,0.6099929213523865,0.7162483334541321,-0.042540811002254486,0.6525140404701233,0.696941614151001,-0.038255106657743454,0.44241848587989807,0.8062808513641357,-0.0032691308297216892,0.5316644310951233,0.7636065483093262,-0.005835510324686766,0.5767407417297363,0.7280995845794678,-0.0005778418271802366,0.6060758829116821,0.707189679145813,0.0048587024211883545,0.443003386259079,0.8168600797653198,0.027985889464616776,0.507781982421875,0.7807248830795288,0.02695079706609249,0.5404678583145142,0.7583620548248291,0.03113829903304577,0.5620728731155396,0.7393720746040344,0.03644723445177078,correct
0.25326982140541077,0.8458808660507202,3.4429891115905775e-07,0.26967859268188477,0.7138387560844421,-0.05740424990653992,0.3259410262107849,0.6368383765220642,-0.07602925598621368,0.3993679881095886,0.6046831607818604,-0.07832587510347366,0.46062004566192627,0.5912330150604248,-0.0705953985452652,0.41914600133895874,0.7268663644790649,-0.05784183740615845,0.5071064829826355,0.7007942795753479,-0.0687747672200203,0.4927341639995575,0.662287175655365,-0.0696081891655922,0.45978614687919617,0.6477223634719849,-0.06276771426200867,0.43781718611717224,0.7754518389701843,-0.022788463160395622,0.5477821826934814,0.7470206022262573,-0.02851465344429016,0.6058975458145142,0.7147058248519897,-0.022711677476763725,0.6471920609474182,0.6986234188079834,-0.016153525561094284,0.44151121377944946,0.8053048849105835,0.008705039508640766,0.5333268046379089,0.7765692472457886,0.0053087323904037476,0.5865777730941772,0.7510861158370972,0.009407997131347656,0.6248413324356079,0.735088586807251,0.015453051775693893,0.43746036291122437,0.8179040551185608,0.03625433146953583,0.506854236125946,0.7944042086601257,0.035125359892845154,0.5465899705886841,0.7799439430236816,0.03971974551677704,0.5768298506736755,0.7673352360725403,0.04600521922111511,correct
0.23391646146774292,0.8905739784240723,4.753777602672926e-07,0.2466953694820404,0.7530703544616699,-0.05331011116504669,0.3091760277748108,0.6664265394210815,-0.07129869610071182,0.3895290195941925,0.6327701210975647,-0.07276859134435654,0.45490434765815735,0.6234497427940369,-0.06458020955324173,0.39266520738601685,0.7608859539031982,-0.06329488754272461,0.5003039836883545,0.7417765855789185,-0.07563324272632599,0.5049440264701843,0.7021681070327759,-0.07635977119207382,0.48650985956192017,0.686490535736084,-0.06926927715539932,0.41442790627479553,0.8115606904029846,-0.02879367768764496,0.5341691970825195,0.7853052616119385,-0.036642976105213165,0.5968958139419556,0.7481237053871155,-0.031744252890348434,0.639907717704773,0.7274958491325378,-0.025797633454203606,0.42197540402412415,0.8442921042442322,0.0036068230401724577,0.5161845684051514,0.8110396265983582,0.0020379042252898216,0.5721802711486816,0.7817890048027039,0.006284371018409729,0.6108362674713135,0.7634255886077881,0.011592328548431396,0.42164140939712524,0.8609914779663086,0.03257426619529724,0.4918651580810547,0.8337435722351074,0.034739356487989426,0.530946671962738,0.8160289525985718,0.039537213742733,0.5583177208900452,0.798683226108551,0.045226771384477615,correct
0.18684673309326172,0.9048839211463928,4.816415639652405e-07,0.201448455452919,0.7704052925109863,-0.05875290185213089,0.25918298959732056,0.6900396347045898,-0.07763161510229111,0.33391427993774414,0.6597724556922913,-0.07868050038814545,0.3959783911705017,0.6489458084106445,-0.0703258290886879,0.35208478569984436,0.787299633026123,-0.06393890082836151,0.44099581241607666,0.7695937752723694,-0.07161249220371246,0.44409728050231934,0.7402069568634033,-0.07078074663877487,0.4296489953994751,0.7303773164749146,-0.06375110149383545,0.37264958024024963,0.8372935056686401,-0.025538239628076553,0.4812890291213989,0.8130821585655212,-0.029012244194746017,0.5405055284500122,0.7809698581695557,-0.02140617184340954,0.5831390619277954,0.7617632746696472,-0.01393459178507328,0.3757214844226837,0.8678895235061646,0.010214969515800476,0.4628452956676483,0.8381127715110779,0.009572021663188934,0.5180113315582275,0.8126075267791748,0.013447804376482964,0.5575171709060669,0.7964242100715637,0.01866675168275833,0.3702916204929352,0.8809546232223511,0.04219454526901245,0.43642106652259827,0.8578880429267883,0.044128596782684326,0.472821980714798,0.8416921496391296,0.048444900661706924,0.49813997745513916,0.82546466588974,0.05355845019221306,correct
0.22626477479934692,0.9208332300186157,4.3219847611908335e-07,0.23772719502449036,0.7847377061843872,-0.05835479125380516,0.29661262035369873,0.7010524868965149,-0.07688997685909271,0.37657874822616577,0.6696617603302002,-0.07778465747833252,0.44117337465286255,0.6571654677391052,-0.06677737832069397,0.3888895511627197,0.7974264025688171,-0.06711194664239883,0.48778730630874634,0.7747596502304077,-0.07924051582813263,0.48166030645370483,0.7259162068367004,-0.07605798542499542,0.4508187472820282,0.7049927711486816,-0.0654076635837555,0.41134095191955566,0.8427721858024597,-0.030494850128889084,0.5300177335739136,0.8095129132270813,-0.039191488176584244,0.5930583477020264,0.7663486003875732,-0.02968231402337551,0.6358791589736938,0.7438053488731384,-0.019472140818834305,0.4178152084350586,0.8729673624038696,0.0031577085610479116,0.5130513906478882,0.8401399850845337,-0.0007044608355499804,0.5706809163093567,0.8122366666793823,0.006200701929628849,0.6097807288169861,0.7954721450805664,0.014742088504135609,0.4143415689468384,0.8886675834655762,0.032735127955675125,0.48420464992523193,0.864166259765625,0.030859800055623055,0.5233221054077148,0.848455548286438,0.034917715936899185,0.5503596067428589,0.832886278629303,0.04139844700694084,correct
0.2295665442943573,0.9044892191886902,4.024121835755068e-07,0.23850283026695251,0.7738548517227173,-0.07121634483337402,0.29539674520492554,0.7000823020935059,-0.08762133866548538,0.3664635717868805,0.6739810705184937,-0.08274590224027634,0.4250316917896271,0.6532937288284302,-0.06710299104452133,0.41169315576553345,0.7961822748184204,-0.06313475221395493,0.4795862138271332,0.7646786570549011,-0.06321052461862564,0.47019219398498535,0.7370893955230713,-0.05928301438689232,0.4508698284626007,0.7330086827278137,-0.05119311809539795,0.4317554235458374,0.8404434323310852,-0.016162697225809097,0.5283434391021729,0.8102152347564697,-0.01005796529352665,0.5838479399681091,0.7757299542427063,0.00024809082970023155,0.6234350800514221,0.7586190700531006,0.0084443474188447,0.43212732672691345,0.8635729551315308,0.026481101289391518,0.5115793943405151,0.8337045907974243,0.03220115602016449,0.5608377456665039,0.804598331451416,0.0351531021296978,0.5972814559936523,0.7871977686882019,0.03876234591007233,0.42327773571014404,0.8675174713134766,0.06381748616695404,0.4789258539676666,0.8417422771453857,0.06848371028900146,0.5109215378761292,0.8254072070121765,0.07114722579717636,0.5343345999717712,0.81098473072052,0.07491020858287811,correct
0.2281293272972107,0.7866386771202087,4.64662093691004e-07,0.231731116771698,0.6571880578994751,-0.04960120841860771,0.2853289544582367,0.5831887722015381,-0.06854422390460968,0.3593848943710327,0.5586608052253723,-0.07316023856401443,0.41520917415618896,0.5457764863967896,-0.07034426182508469,0.353431761264801,0.6725848317146301,-0.06625248491764069,0.438677042722702,0.661729633808136,-0.08282120525836945,0.4438475966453552,0.6193813681602478,-0.08929640054702759,0.432929664850235,0.5900019407272339,-0.0880134105682373,0.3819882571697235,0.717138409614563,-0.03971180319786072,0.4896462559700012,0.6996914148330688,-0.054629307240247726,0.5511894226074219,0.6705389022827148,-0.0552612729370594,0.5967392325401306,0.6551701426506042,-0.05318315699696541,0.39510485529899597,0.741142213344574,-0.014794684015214443,0.4853869080543518,0.7068830728530884,-0.027862785384058952,0.5369116067886353,0.676793098449707,-0.028499821200966835,0.5734136700630188,0.661119818687439,-0.024811087176203728,0.39906370639801025,0.748985767364502,0.007502879947423935,0.4633742570877075,0.716920793056488,0.001347626792266965,0.4951929748058319,0.6927391290664673,0.004784280899912119,0.5144782066345215,0.674206554889679,0.010045144706964493,correct
0.21463905274868011,0.7983112335205078,5.292454829941562e-07,0.22049680352210999,0.6614072322845459,-0.04526302218437195,0.28313785791397095,0.5913341641426086,-0.05709422379732132,0.36077991127967834,0.5729080438613892,-0.0556115061044693,0.4175888001918793,0.5592944622039795,-0.047206997871398926,0.3462437391281128,0.6768977046012878,-0.05013629421591759,0.4266915023326874,0.6619399785995483,-0.05971662327647209,0.43741098046302795,0.6283438801765442,-0.062430668622255325,0.43529605865478516,0.6097045540809631,-0.059308599680662155,0.3729936480522156,0.7231321930885315,-0.024236682802438736,0.4735924005508423,0.7097806930541992,-0.030340036377310753,0.5355720520019531,0.6832231283187866,-0.026906246319413185,0.5836749076843262,0.6683487296104431,-0.022711819037795067,0.3852224349975586,0.7476087808609009,-0.0009321616962552071,0.46611082553863525,0.7081953287124634,-0.010167963802814484,0.5054116249084473,0.6758880019187927,-0.010736791417002678,0.5335730314254761,0.6566585302352905,-0.006723763886839151,0.3911634385585785,0.7560508847236633,0.019911443814635277,0.45136111974716187,0.7166805267333984,0.012560902163386345,0.47704488039016724,0.6923239231109619,0.013982932083308697,0.48997390270233154,0.6757887005805969,0.018508870154619217,correct
0.21541482210159302,0.8167357444763184,3.908976964339672e-07,0.21709802746772766,0.6871127486228943,-0.04088916629552841,0.27273687720298767,0.6210057735443115,-0.05217749997973442,0.3452818989753723,0.6041565537452698,-0.049114227294921875,0.39690855145454407,0.589026927947998,-0.03893942013382912,0.3472888767719269,0.7035420536994934,-0.05595051869750023,0.4244323968887329,0.6901054382324219,-0.06612971425056458,0.42778199911117554,0.6503760814666748,-0.06682642549276352,0.41576582193374634,0.623153030872345,-0.06175122410058975,0.37345728278160095,0.7489371299743652,-0.030048370361328125,0.47306323051452637,0.7309026718139648,-0.043362751603126526,0.5292845964431763,0.6995741724967957,-0.04165347293019295,0.5720564126968384,0.6794896125793457,-0.037146493792533875,0.38302063941955566,0.7744000554084778,-0.004766796249896288,0.4663775563240051,0.747995138168335,-0.015809988602995872,0.5194014310836792,0.720517098903656,-0.015465582720935345,0.5601720809936523,0.7013814449310303,-0.010675101540982723,0.383321613073349,0.7849333882331848,0.019075969234108925,0.4480735957622528,0.7604525089263916,0.014088163152337074,0.488403856754303,0.7439070343971252,0.016736764460802078,0.5182622671127319,0.7275946140289307,0.021631812676787376,correct
0.19240079820156097,0.8157687783241272,4.46760282102332e-07,0.19541527330875397,0.6883445382118225,-0.042282164096832275,0.25243017077445984,0.6197603940963745,-0.053880736231803894,0.32418572902679443,0.6005195379257202,-0.051677461713552475,0.37693461775779724,0.5841073393821716,-0.04244907200336456,0.32871562242507935,0.6956804990768433,-0.05027260258793831,0.4051310420036316,0.6781339645385742,-0.05802313983440399,0.40702885389328003,0.6401630640029907,-0.05875060707330704,0.3948085606098175,0.6116151809692383,-0.05455484986305237,0.3530564606189728,0.7417521476745605,-0.024374578148126602,0.4484756290912628,0.723757803440094,-0.03373926505446434,0.5059983730316162,0.6978130340576172,-0.033314988017082214,0.5502225160598755,0.6807419061660767,-0.03112071193754673,0.3606224060058594,0.7701128721237183,0.00025113997980952263,0.4399268925189972,0.7426235675811768,-0.008118052035570145,0.4922921359539032,0.7188679575920105,-0.009177057072520256,0.5332080721855164,0.7020777463912964,-0.006615825463086367,0.3599608242511749,0.7836730480194092,0.02297893352806568,0.42219892144203186,0.7589606046676636,0.019783735275268555,0.46127787232398987,0.7439975142478943,0.022050660103559494,0.491714745759964,0.7297587990760803,0.02571912296116352,correct
0.1814163327217102,0.8571547269821167,5.172068426873011e-07,0.1826038509607315,0.7232936024665833,-0.04220829904079437,0.244530588388443,0.6534027457237244,-0.05364925041794777,0.3198292553424835,0.6335936188697815,-0.04969806224107742,0.3733355402946472,0.6207185983657837,-0.037447817623615265,0.31406208872795105,0.7264305949211121,-0.059472598135471344,0.3988931179046631,0.7129122614860535,-0.07440492510795593,0.39389362931251526,0.6763468980789185,-0.0795799121260643,0.37346094846725464,0.657368540763855,-0.07583210617303848,0.33702337741851807,0.7723034024238586,-0.03233819454908371,0.4466397166252136,0.7554191946983337,-0.046310409903526306,0.5108514428138733,0.7279484868049622,-0.04398722946643829,0.561113178730011,0.7160528898239136,-0.03807816654443741,0.3452346622943878,0.8011849522590637,-0.006055926904082298,0.43590039014816284,0.7720505595207214,-0.015024721622467041,0.48733410239219666,0.743157148361206,-0.010472661815583706,0.526968240737915,0.7278791666030884,-0.0017039729282259941,0.34479761123657227,0.8156101703643799,0.018084878101944923,0.4121864438056946,0.7875052094459534,0.017118968069553375,0.4491997957229614,0.7712043523788452,0.02574620395898819,0.4746823310852051,0.7624282836914062,0.03581354394555092,correct
0.18929502367973328,0.9043108820915222,6.067044182600512e-07,0.19376583397388458,0.7681478261947632,-0.04875247925519943,0.2576834261417389,0.6931950449943542,-0.06597471982240677,0.33619174361228943,0.6710258722305298,-0.06696341186761856,0.39218729734420776,0.6604963541030884,-0.059139277786016464,0.3229285478591919,0.784659206867218,-0.07643190771341324,0.4142381548881531,0.7698935270309448,-0.09330755472183228,0.4192558526992798,0.7322898507118225,-0.0967646986246109,0.4078597128391266,0.7055577039718628,-0.09172949194908142,0.3490358591079712,0.8306786417961121,-0.047240983694791794,0.4661291241645813,0.8116335868835449,-0.060760051012039185,0.536699116230011,0.780494749546051,-0.05581224337220192,0.589479923248291,0.7619025707244873,-0.04914596304297447,0.3597911596298218,0.8563029170036316,-0.018536461517214775,0.4472149908542633,0.8090864419937134,-0.02670641988515854,0.4836987853050232,0.7644073963165283,-0.018992871046066284,0.5053313970565796,0.7368154525756836,-0.008762869983911514,0.3609673082828522,0.8678485155105591,0.0072866203263401985,0.425704687833786,0.8254512548446655,0.0034581285435706377,0.45183372497558594,0.7942501306533813,0.011068765074014664,0.4634246230125427,0.7713509798049927,0.020612124353647232,correct
0.18204738199710846,0.9277773499488831,6.892434498695366e-07,0.19234555959701538,0.7830939888954163,-0.046963926404714584,0.26252469420433044,0.7036935687065125,-0.0631275549530983,0.346066415309906,0.6775041222572327,-0.06272321194410324,0.4054713845252991,0.6609813570976257,-0.05322194844484329,0.322855144739151,0.7913337349891663,-0.08014172315597534,0.433146208524704,0.780826210975647,-0.0957913026213646,0.44895684719085693,0.7399921417236328,-0.09667667001485825,0.4441329538822174,0.7109960913658142,-0.08947533369064331,0.3453972339630127,0.8400828838348389,-0.04921472817659378,0.4756174683570862,0.8226416707038879,-0.06362149119377136,0.5488267540931702,0.7844948768615723,-0.055987175554037094,0.6017509698867798,0.7616996765136719,-0.04655204713344574,0.3549228310585022,0.8686380386352539,-0.01758265122771263,0.4536365866661072,0.8248885869979858,-0.021833786740899086,0.49005067348480225,0.7727636098861694,-0.007150581572204828,0.5070617198944092,0.7419965267181396,0.008135301992297173,0.35590094327926636,0.8832920789718628,0.010884622111916542,0.4287354052066803,0.8454954028129578,0.013032703660428524,0.4595007300376892,0.8109163045883179,0.025626061484217644,0.4708166718482971,0.7858387231826782,0.03878223896026611,correct
0.18139025568962097,0.9251229166984558,5.914961320740986e-07,0.1901233196258545,0.7885423302650452,-0.05191786587238312,0.2527387738227844,0.7045269012451172,-0.06635155528783798,0.3330044746398926,0.675491213798523,-0.064386747777462,0.39318010210990906,0.6562426090240479,-0.05214393511414528,0.33612364530563354,0.7901662588119507,-0.058589350432157516,0.4317261278629303,0.7665441036224365,-0.06471381336450577,0.43637269735336304,0.7322426438331604,-0.06166704371571541,0.42229166626930237,0.7126927375793457,-0.05273149907588959,0.36085885763168335,0.8347383141517639,-0.024507155641913414,0.47474730014801025,0.8120641708374023,-0.027571218088269234,0.5393961668014526,0.7773082852363586,-0.018062911927700043,0.586754560470581,0.7548204064369202,-0.00827131886035204,0.36824989318847656,0.8596708178520203,0.007465428672730923,0.44965603947639465,0.8104555010795593,0.0073716649785637856,0.48833534121513367,0.7709192037582397,0.01527123712003231,0.5122495293617249,0.7461681365966797,0.02480100467801094,0.3663859963417053,0.8731765151023865,0.03582693636417389,0.42512184381484985,0.829574704170227,0.038617223501205444,0.4486037790775299,0.8000713586807251,0.04717032611370087,0.4590742886066437,0.7769054770469666,0.05677095055580139,correct
0.1779901385307312,0.9203265905380249,3.78965495428929e-07,0.18977682292461395,0.7837392091751099,-0.05484730377793312,0.24833709001541138,0.705705463886261,-0.07302446663379669,0.3227890729904175,0.6818372011184692,-0.07399376481771469,0.3800818920135498,0.666237473487854,-0.06647483259439468,0.3204975128173828,0.7945824265480042,-0.07699477672576904,0.40655457973480225,0.7779702544212341,-0.09670086950063705,0.4153507947921753,0.7416595220565796,-0.10307621955871582,0.40605005621910095,0.7220957279205322,-0.10013807564973831,0.3456459045410156,0.8430800437927246,-0.04580019414424896,0.4552139937877655,0.8159460425376892,-0.06316503137350082,0.5206950902938843,0.7815506458282471,-0.06200267747044563,0.5685529708862305,0.7630490660667419,-0.05751297250390053,0.3574010729789734,0.8697435855865479,-0.01628744788467884,0.445075660943985,0.8293099999427795,-0.029103072360157967,0.4976027011871338,0.7958253026008606,-0.028032422065734863,0.5362048149108887,0.7773488759994507,-0.022533919662237167,0.3596304953098297,0.8805158734321594,0.009966647252440453,0.4239022135734558,0.8445183634757996,0.0014895786298438907,0.4605649709701538,0.8216276168823242,0.0028710425831377506,0.48541486263275146,0.8023197054862976,0.007606314495205879,correct
0.17394016683101654,0.8972570300102234,4.853168320551049e-07,0.18167373538017273,0.7660039663314819,-0.0442885123193264,0.23826958239078522,0.6900947690010071,-0.06452137976884842,0.3138410151004791,0.6692937612533569,-0.07033165544271469,0.3714808225631714,0.6493698954582214,-0.06811714917421341,0.30328527092933655,0.7754701375961304,-0.07792011648416519,0.3936859965324402,0.7581247687339783,-0.096863754093647,0.3926759362220764,0.7156607508659363,-0.09910266101360321,0.3731248676776886,0.686435341835022,-0.0937066450715065,0.3261685073375702,0.826187014579773,-0.05438825860619545,0.4387351870536804,0.8079229593276978,-0.07895172387361526,0.5050601959228516,0.7799178957939148,-0.08233372122049332,0.5553412437438965,0.7643117904663086,-0.08136765658855438,0.3353562355041504,0.8565744161605835,-0.029984788969159126,0.4316582679748535,0.8298146724700928,-0.04687511920928955,0.49190855026245117,0.8028861880302429,-0.04727434366941452,0.5347556471824646,0.7867001295089722,-0.0430690161883831,0.33582043647766113,0.8723421692848206,-0.007134697400033474,0.41050368547439575,0.8465177416801453,-0.013393426313996315,0.4541952610015869,0.8284421563148499,-0.009424534626305103,0.4856949746608734,0.8119439482688904,-0.0040315804071724415,correct
0.1881609857082367,0.8806139230728149,5.221655214882048e-07,0.19016295671463013,0.747233510017395,-0.04357589781284332,0.24486956000328064,0.6697139739990234,-0.06045534461736679,0.3219127058982849,0.6490201950073242,-0.06298552453517914,0.37957218289375305,0.6312850713729858,-0.056812550872564316,0.32057297229766846,0.7539542317390442,-0.06592925637960434,0.4096675515174866,0.7355014085769653,-0.07851113379001617,0.4072100520133972,0.698826789855957,-0.07869900017976761,0.38880982995033264,0.6763601303100586,-0.07316295057535172,0.346110075712204,0.8046013712882996,-0.04103649780154228,0.45456463098526,0.785191535949707,-0.05959240719676018,0.5189030766487122,0.7596580386161804,-0.061014022678136826,0.569425642490387,0.7474957704544067,-0.059301115572452545,0.35500064492225647,0.8354430794715881,-0.015949871391057968,0.4446996748447418,0.8074057102203369,-0.029306011274456978,0.4996448755264282,0.7809402942657471,-0.028624676167964935,0.5388143658638,0.764879584312439,-0.024079643189907074,0.3544629216194153,0.8520569205284119,0.007325359620153904,0.42296162247657776,0.8254731893539429,0.0029123476706445217,0.4607519507408142,0.8074091672897339,0.007588292006403208,0.48632460832595825,0.7909654974937439,0.013450775295495987,correct
0.17814907431602478,0.8873684406280518,3.9570784338138765e-07,0.1893841177225113,0.7466247081756592,-0.03802143782377243,0.2485281229019165,0.6687082052230835,-0.05112792178988457,0.3244088292121887,0.6505193710327148,-0.05140239745378494,0.38048872351646423,0.6405289769172668,-0.0435749851167202,0.3232507109642029,0.745798647403717,-0.05251701548695564,0.40481674671173096,0.7321833968162537,-0.06797359883785248,0.4028680622577667,0.692600667476654,-0.07235147058963776,0.383230596780777,0.6687911748886108,-0.06871815025806427,0.3418666124343872,0.7942126989364624,-0.03134199231863022,0.447881281375885,0.7741464972496033,-0.051367294043302536,0.5124869346618652,0.7497204542160034,-0.05390369892120361,0.5620691180229187,0.7403146028518677,-0.05148714408278465,0.34646427631378174,0.8284246921539307,-0.010991646908223629,0.43667611479759216,0.8043427467346191,-0.02591576799750328,0.4981355369091034,0.7788350582122803,-0.026210295036435127,0.545188307762146,0.7647610902786255,-0.021268250420689583,0.34390270709991455,0.8514861464500427,0.007700982503592968,0.41382116079330444,0.8269510269165039,-4.399194222060032e-05,0.4583977460861206,0.8119999766349792,0.0023797238245606422,0.4928818941116333,0.799214780330658,0.007593809626996517,correct
0.18880094587802887,0.8890097141265869,4.3596020304903504e-07,0.19355721771717072,0.7578546404838562,-0.041924331337213516,0.24908438324928284,0.6872372627258301,-0.059615593403577805,0.324191689491272,0.6684598326683044,-0.06322729587554932,0.3780829906463623,0.6557999849319458,-0.05935661867260933,0.31350237131118774,0.7709221243858337,-0.0722903311252594,0.4029069244861603,0.7582594752311707,-0.0906519815325737,0.40148448944091797,0.7131185531616211,-0.09363114088773727,0.3825082778930664,0.6849988698959351,-0.08880908042192459,0.33651745319366455,0.8213406205177307,-0.04880248010158539,0.4480878412723541,0.8040925860404968,-0.07161436229944229,0.5123222470283508,0.7735211253166199,-0.07367802411317825,0.5619701743125916,0.7585394978523254,-0.07163611054420471,0.3451150953769684,0.8522714972496033,-0.02471846528351307,0.4404444396495819,0.8310698866844177,-0.03926552087068558,0.5000889301300049,0.8019699454307556,-0.03799030929803848,0.543276309967041,0.7856392860412598,-0.03269769251346588,0.34381675720214844,0.8679131865501404,-0.002232316182926297,0.41601839661598206,0.8485538363456726,-0.007187151350080967,0.46134912967681885,0.8320849537849426,-0.002936371834948659,0.494256854057312,0.8167830109596252,0.0027047106996178627,correct
0.1792796403169632,0.8959112763404846,4.788547585121705e-07,0.18292754888534546,0.7617677450180054,-0.042236581444740295,0.2376786321401596,0.6835776567459106,-0.06170681118965149,0.3152638077735901,0.6635075807571411,-0.06789272278547287,0.37394726276397705,0.6485499143600464,-0.06629569828510284,0.30627331137657166,0.7742854356765747,-0.06814254820346832,0.3957066535949707,0.7592596411705017,-0.08873222023248672,0.4011429250240326,0.7184740900993347,-0.09463264048099518,0.3867052495479584,0.6926816701889038,-0.09166756272315979,0.3308820128440857,0.8256765604019165,-0.04652984067797661,0.44216668605804443,0.8029094934463501,-0.06938913464546204,0.5075173377990723,0.7765164375305176,-0.07203309237957001,0.556451678276062,0.7642744779586792,-0.07039089500904083,0.341390460729599,0.8573318719863892,-0.02520805411040783,0.43769973516464233,0.8310040831565857,-0.0412193238735199,0.4969334304332733,0.8065788149833679,-0.04074702039361,0.5385540723800659,0.792638897895813,-0.03582163527607918,0.34210893511772156,0.8748179078102112,-0.005777065176516771,0.41654250025749207,0.8507529497146606,-0.010786189697682858,0.46094977855682373,0.8345234990119934,-0.006189410109072924,0.49287885427474976,0.8199045062065125,-0.0003231025184504688,correct
0.1756111979484558,0.9066065549850464,5.271921281746472e-07,0.17688298225402832,0.7711362838745117,-0.038745004683732986,0.23541361093521118,0.690492570400238,-0.05696688964962959,0.315394788980484,0.6664270758628845,-0.061867911368608475,0.3740593194961548,0.6508065462112427,-0.059328846633434296,0.29837483167648315,0.771209716796875,-0.07431498169898987,0.3963671028614044,0.7553992867469788,-0.09435880929231644,0.4007953405380249,0.7089487314224243,-0.0970059484243393,0.38539209961891174,0.676837682723999,-0.0921611487865448,0.3208117187023163,0.8240335583686829,-0.05488185957074165,0.4387245774269104,0.8033468723297119,-0.08235455304384232,0.5073134899139404,0.7774112224578857,-0.08539830148220062,0.5600579977035522,0.7642808556556702,-0.08335816115140915,0.3301708400249481,0.8574838638305664,-0.03443359211087227,0.4324462413787842,0.8312715888023376,-0.05353526771068573,0.4950977563858032,0.8046182990074158,-0.05274389311671257,0.5396417379379272,0.7876551747322083,-0.04704585671424866,0.3318115472793579,0.8761991262435913,-0.015128768980503082,0.41052404046058655,0.8507962226867676,-0.023922616615891457,0.45768433809280396,0.8327805399894714,-0.020741133019328117,0.491030752658844,0.817039966583252,-0.015320287086069584,correct
0.17913468182086945,0.9037981629371643,4.337528025644133e-07,0.18525706231594086,0.772835910320282,-0.04198162257671356,0.24226602911949158,0.6991003155708313,-0.05905107781291008,0.3154568076133728,0.6787064075469971,-0.06201837956905365,0.3716042637825012,0.6636508107185364,-0.05661439895629883,0.32049471139907837,0.784493625164032,-0.0670073926448822,0.3964434266090393,0.7649478912353516,-0.08023348450660706,0.3923828601837158,0.7230958342552185,-0.0791006088256836,0.37137606739997864,0.6947751045227051,-0.07177579402923584,0.3430306017398834,0.8385213017463684,-0.04374786093831062,0.4484242796897888,0.8201449513435364,-0.06152581796050072,0.5101585388183594,0.7938395738601685,-0.05928706005215645,0.5555380582809448,0.7807604074478149,-0.053681425750255585,0.34844711422920227,0.8726829290390015,-0.020212633535265923,0.43858855962753296,0.8464381694793701,-0.03296752646565437,0.4939894676208496,0.8188697695732117,-0.028141411021351814,0.5326123237609863,0.8014212250709534,-0.019559131935238838,0.3437432646751404,0.891172468662262,0.0015774870989844203,0.41495493054389954,0.8647364377975464,-0.0022438124287873507,0.4557703733444214,0.8435505628585815,0.005566369742155075,0.48425209522247314,0.8253408074378967,0.014868643134832382,correct
0.17339970171451569,0.9154697060585022,4.741712871236814e-07,0.1770632565021515,0.7788069248199463,-0.03943849727511406,0.23495259881019592,0.7033198475837708,-0.053130753338336945,0.3109372556209564,0.6822043657302856,-0.0532507486641407,0.3661244511604309,0.6638029217720032,-0.04541700333356857,0.30739620327949524,0.7854904532432556,-0.060705628246068954,0.39049816131591797,0.7622953653335571,-0.07227760553359985,0.3907906115055084,0.7257058620452881,-0.0713256448507309,0.37468189001083374,0.7045547962188721,-0.06483659148216248,0.3328811526298523,0.8392777442932129,-0.037665944546461105,0.4401102662086487,0.8211547136306763,-0.05344364419579506,0.5025272965431213,0.7964556217193604,-0.05211895331740379,0.5513509511947632,0.7844762802124023,-0.048356879502534866,0.3419220447540283,0.8722174167633057,-0.01461753435432911,0.4325874447822571,0.8430039882659912,-0.026868702843785286,0.485451877117157,0.8135893940925598,-0.025200964882969856,0.5234731435775757,0.7951247692108154,-0.01973969116806984,0.3416646122932434,0.889574408531189,0.006912390701472759,0.4132664203643799,0.864763081073761,0.0015204617520794272,0.453185498714447,0.8450781106948853,0.005231167189776897,0.4809325337409973,0.8279874324798584,0.010739488527178764,correct
0.17398983240127563,0.90773606300354,4.781670099873736e-07,0.17467905580997467,0.7738170623779297,-0.03508369252085686,0.2322065830230713,0.6951817870140076,-0.04921738803386688,0.3077280521392822,0.672286331653595,-0.05166473239660263,0.36339086294174194,0.655913233757019,-0.04664884880185127,0.3043522536754608,0.7758373618125916,-0.054566532373428345,0.3877355456352234,0.7536344528198242,-0.06838245689868927,0.38616493344306946,0.7117074728012085,-0.07040441781282425,0.3679284453392029,0.6852543354034424,-0.06565822660923004,0.32835903763771057,0.828834056854248,-0.035925526171922684,0.4359668493270874,0.8073338866233826,-0.05247918516397476,0.4996126890182495,0.7807524800300598,-0.051987174898386,0.5489473938941956,0.7666388154029846,-0.04849415645003319,0.3367611765861511,0.862506628036499,-0.017609931528568268,0.4313472807407379,0.8357328772544861,-0.029761742800474167,0.4886816143989563,0.8070645332336426,-0.027430498972535133,0.5292648077011108,0.787215530872345,-0.021303221583366394,0.3371041417121887,0.8814035654067993,-0.0007063508965075016,0.4130963683128357,0.8563554883003235,-0.005101777613162994,0.45713669061660767,0.8371978402137756,0.00028890935936942697,0.4885646402835846,0.8207613825798035,0.007196997758001089,correct
0.1774064153432846,0.90444415807724,4.774825583808706e-07,0.18179337680339813,0.7742493152618408,-0.043211061507463455,0.23563624918460846,0.6998637914657593,-0.059293922036886215,0.30935439467430115,0.6765872836112976,-0.06063009798526764,0.36440399289131165,0.6603931784629822,-0.05377919226884842,0.31097620725631714,0.785638153553009,-0.06544385105371475,0.3943036198616028,0.7634149193763733,-0.0776742473244667,0.3957470953464508,0.722169816493988,-0.07712588459253311,0.3807933032512665,0.6962562203407288,-0.07098226994276047,0.33477216958999634,0.8361586928367615,-0.0398593544960022,0.43993592262268066,0.8135015964508057,-0.05911920964717865,0.5020954012870789,0.7840421199798584,-0.060935117304325104,0.5504816174507141,0.7684314846992493,-0.059086427092552185,0.34306105971336365,0.8660728335380554,-0.01392920222133398,0.43323224782943726,0.8387967348098755,-0.027746349573135376,0.4901717007160187,0.8101931810379028,-0.028339385986328125,0.5315623879432678,0.7923623919487,-0.024262836202979088,0.34227365255355835,0.8806858062744141,0.01050588022917509,0.4140830934047699,0.8562065362930298,0.005193814635276794,0.45708662271499634,0.8373847603797913,0.007840900681912899,0.48861169815063477,0.8199665546417236,0.01244240254163742,correct
0.1818172037601471,0.8975459337234497,5.473767146213504e-07,0.18380655348300934,0.7650056481361389,-0.05159466341137886,0.23516607284545898,0.6850239038467407,-0.07152329385280609,0.3122439384460449,0.6591809988021851,-0.07572241127490997,0.37102222442626953,0.6407223343849182,-0.07153178751468658,0.31119850277900696,0.7687967419624329,-0.07014844566583633,0.40187931060791016,0.7517569065093994,-0.08458621054887772,0.4080387353897095,0.7075262665748596,-0.08635544776916504,0.39515066146850586,0.6763550043106079,-0.08134902268648148,0.3358745872974396,0.8167648315429688,-0.04098717123270035,0.44770848751068115,0.800568699836731,-0.056186363101005554,0.510103702545166,0.7701185345649719,-0.05506967753171921,0.5558788180351257,0.7511254549026489,-0.05159619450569153,0.3451234698295593,0.8437775373458862,-0.013047157786786556,0.4383544921875,0.815011739730835,-0.023935092613101006,0.49423080682754517,0.7877921462059021,-0.022851819172501564,0.5340418219566345,0.770081639289856,-0.018380381166934967,0.3450528085231781,0.8556591272354126,0.012141021899878979,0.4162743389606476,0.8307545185089111,0.008822984993457794,0.4565142095088959,0.8110456466674805,0.012443525716662407,0.48423266410827637,0.7921222448348999,0.017335878685116768,correct
0.19448480010032654,0.8847675323486328,5.125992856847006e-07,0.19270357489585876,0.7505657076835632,-0.04399280250072479,0.2507255971431732,0.6705406308174133,-0.05895625799894333,0.3306087851524353,0.6455546617507935,-0.05940861254930496,0.3881939947605133,0.6379357576370239,-0.05206335708498955,0.3244415521621704,0.7561986446380615,-0.0634746104478836,0.41317081451416016,0.7332929372787476,-0.07595815509557724,0.41445446014404297,0.6907109618186951,-0.07676184177398682,0.3986603617668152,0.6648945808410645,-0.07116129249334335,0.35111844539642334,0.8041671514511108,-0.036846645176410675,0.4594934284687042,0.7807295322418213,-0.05241575837135315,0.5239091515541077,0.7489437460899353,-0.05211881175637245,0.5732723474502563,0.7316103577613831,-0.04879828542470932,0.3615017235279083,0.8322274684906006,-0.010419119149446487,0.45283743739128113,0.7980606555938721,-0.021789945662021637,0.505767285823822,0.7649157047271729,-0.020584389567375183,0.54278165102005,0.744020938873291,-0.0152296032756567,0.36318016052246094,0.8440356850624084,0.014143659733235836,0.4326493740081787,0.8112150430679321,0.009181219153106213,0.4722696542739868,0.7899981141090393,0.012666020542383194,0.4985013008117676,0.7725735902786255,0.018378112465143204,correct
0.19880986213684082,0.8892178535461426,5.505959848051134e-07,0.19756737351417542,0.7573041319847107,-0.04804293066263199,0.2498149275779724,0.6787179112434387,-0.06740348041057587,0.32684996724128723,0.6533768177032471,-0.07051528245210648,0.38274863362312317,0.6381314396858215,-0.06616518646478653,0.32605209946632385,0.7653325796127319,-0.08099859952926636,0.42513003945350647,0.7501336932182312,-0.09612726420164108,0.44101953506469727,0.7096782922744751,-0.09604949504137039,0.4381340742111206,0.6852824091911316,-0.08946674317121506,0.3515590727329254,0.8143717646598816,-0.052033890038728714,0.4654865860939026,0.7905626893043518,-0.07183754444122314,0.5301992893218994,0.7552328109741211,-0.0701284259557724,0.5779989361763,0.7345587015151978,-0.06499079614877701,0.3632766008377075,0.8424452543258667,-0.022219737991690636,0.4571581482887268,0.8085713386535645,-0.03477092832326889,0.5132737159729004,0.7740446925163269,-0.031176697462797165,0.5530025362968445,0.7530641555786133,-0.023948360234498978,0.3660794198513031,0.8542963266372681,0.005560677032917738,0.4383668303489685,0.8251664638519287,0.0013091915752738714,0.4809053838253021,0.8036971688270569,0.005884017329663038,0.5107581615447998,0.7845574617385864,0.012334750965237617,correct
0.19056972861289978,0.897461473941803,4.955275016982341e-07,0.1959667205810547,0.7632772922515869,-0.0427083894610405,0.25174981355667114,0.6812165379524231,-0.058967508375644684,0.32840675115585327,0.6552711129188538,-0.06041828170418739,0.38507819175720215,0.6432416439056396,-0.053147055208683014,0.32702282071113586,0.7631009817123413,-0.06626185774803162,0.4207492172718048,0.7408146262168884,-0.07883520424365997,0.42027074098587036,0.6934226751327515,-0.07711635529994965,0.3982749879360199,0.6625936031341553,-0.06902924180030823,0.3485870063304901,0.8123404383659363,-0.040166452527046204,0.46449965238571167,0.7937142252922058,-0.057859256863594055,0.5276095867156982,0.7620381712913513,-0.05694441869854927,0.5732699036598206,0.743704080581665,-0.052448570728302,0.35604193806648254,0.8426538705825806,-0.013639857992529869,0.45188409090042114,0.8151024580001831,-0.02375076338648796,0.5098558664321899,0.7871964573860168,-0.020076848566532135,0.5516752004623413,0.7709526419639587,-0.013227705843746662,0.3542640805244446,0.8583325147628784,0.01106860302388668,0.4270959198474884,0.8333702683448792,0.01021917536854744,0.4703887104988098,0.8170345425605774,0.017188776284456253,0.5020814538002014,0.8024521470069885,0.024799643084406853,correct
0.20659740269184113,0.8854268789291382,5.375497380555316e-07,0.2116081416606903,0.7553423047065735,-0.04379170387983322,0.2637028098106384,0.6811798810958862,-0.059418559074401855,0.3353390097618103,0.6549283266067505,-0.06102890148758888,0.3917836546897888,0.6367660164833069,-0.05385313928127289,0.3503623902797699,0.7634094953536987,-0.05609247833490372,0.4342310130596161,0.74224454164505,-0.06494326144456863,0.4336004853248596,0.7052353620529175,-0.06398914754390717,0.4177926182746887,0.6859261393547058,-0.05741514638066292,0.3731745481491089,0.8122129440307617,-0.029106995090842247,0.4786105751991272,0.7954406142234802,-0.04073150455951691,0.5403303503990173,0.7676609754562378,-0.038564350455999374,0.588265061378479,0.7543121576309204,-0.03403209522366524,0.3787858486175537,0.8416539430618286,-0.0028365105390548706,0.4643833339214325,0.8127450942993164,-0.010245531797409058,0.5144351720809937,0.7825907468795776,-0.005926403682678938,0.5494320392608643,0.7653367519378662,0.001419255044311285,0.3749309182167053,0.8563830256462097,0.021119900047779083,0.44259724020957947,0.832008421421051,0.020529745146632195,0.4807325601577759,0.8138165473937988,0.027559276670217514,0.5067914724349976,0.7985319495201111,0.03578711301088333,correct
0.23611801862716675,0.8706903457641602,5.996810727992852e-07,0.23692762851715088,0.7462096214294434,-0.05640004202723503,0.28301042318344116,0.6749528646469116,-0.07345269620418549,0.34919559955596924,0.6515969634056091,-0.07381057739257812,0.40190446376800537,0.6362901926040649,-0.06648712605237961,0.37421515583992004,0.7619697451591492,-0.05952456220984459,0.445572167634964,0.7429909706115723,-0.06788505613803864,0.45372605323791504,0.7161388397216797,-0.07275015115737915,0.4552226960659027,0.7005366683006287,-0.07221212983131409,0.4038395881652832,0.7974824905395508,-0.02700602076947689,0.4979056119918823,0.7873722314834595,-0.032041553407907486,0.5587079524993896,0.7687637209892273,-0.030187811702489853,0.6067591905593872,0.760607898235321,-0.027489954605698586,0.4152090549468994,0.8117579817771912,0.0024549870286136866,0.4880380630493164,0.7796752452850342,-0.0031560007482767105,0.5371882319450378,0.7573505640029907,-0.005318015813827515,0.5763109922409058,0.7461878061294556,-0.003927945625036955,0.416748970746994,0.8122996091842651,0.028165768831968307,0.4698070287704468,0.7800912857055664,0.024669596925377846,0.5013936758041382,0.7663660645484924,0.02581869624555111,0.5241470336914062,0.7562006115913391,0.02898545004427433,correct
0.2529153823852539,0.8338953852653503,6.736551654284995e-07,0.22751426696777344,0.7244139909744263,-0.06210936978459358,0.25388702750205994,0.6376392245292664,-0.09044331312179565,0.3091798722743988,0.5986038446426392,-0.1028311476111412,0.3573983311653137,0.5785204172134399,-0.10682439804077148,0.3435998558998108,0.7115605473518372,-0.08612353354692459,0.38537922501564026,0.6764705777168274,-0.10314016789197922,0.3810608983039856,0.654098391532898,-0.10825996845960617,0.37703391909599304,0.6457861065864563,-0.10867450386285782,0.3796563148498535,0.7380342483520508,-0.0588143952190876,0.460151731967926,0.709656834602356,-0.07699684798717499,0.5189671516418457,0.6906110048294067,-0.08214966952800751,0.567184329032898,0.6898942589759827,-0.08397839218378067,0.39128097891807556,0.748096764087677,-0.032535891979932785,0.4189152419567108,0.6741731762886047,-0.05244917422533035,0.3919198215007782,0.6424360275268555,-0.055526088923215866,0.37072473764419556,0.6344075798988342,-0.05182661488652229,0.3917694389820099,0.7530559301376343,-0.009846391156315804,0.40352675318717957,0.683456540107727,-0.02898814156651497,0.38900360465049744,0.6601758003234863,-0.03187251091003418,0.374474436044693,0.6515885591506958,-0.028777483850717545,correct
0.29763710498809814,0.7919182777404785,7.31029672351724e-07,0.2584555149078369,0.6965429782867432,-0.04132977873086929,0.2759644389152527,0.6162739396095276,-0.060556501150131226,0.3280109763145447,0.575833261013031,-0.06967117637395859,0.3724023103713989,0.5661753416061401,-0.07453664392232895,0.35074755549430847,0.7039009928703308,-0.06773358583450317,0.38747578859329224,0.6654054522514343,-0.082228884100914,0.4021928906440735,0.6458593606948853,-0.08873439580202103,0.42193299531936646,0.630951464176178,-0.09452181309461594,0.3959987461566925,0.7247375249862671,-0.05494425818324089,0.4713555574417114,0.7039872407913208,-0.07248867303133011,0.5312451720237732,0.6821020245552063,-0.07961447536945343,0.576261579990387,0.677579939365387,-0.08500013500452042,0.4142484664916992,0.7266114950180054,-0.04239705577492714,0.4457131028175354,0.6498361825942993,-0.06315939128398895,0.42253854870796204,0.6207141280174255,-0.065780408680439,0.40378743410110474,0.6152648329734802,-0.06321583688259125,0.4201204478740692,0.7220581769943237,-0.03194644674658775,0.42982906103134155,0.6432839035987854,-0.055705711245536804,0.4074282944202423,0.6127009391784668,-0.06241016089916229,0.38509401679039,0.6016101837158203,-0.06303322315216064,correct
0.3043152093887329,0.7404470443725586,5.2403247963184185e-08,0.2782784104347229,0.6581274271011353,-0.03889963775873184,0.2985401749610901,0.5887787342071533,-0.05703415721654892,0.34734046459198,0.5522177219390869,-0.06675128638744354,0.3899817168712616,0.5360500812530518,-0.07319037616252899,0.36027610301971436,0.6929436922073364,-0.05151519179344177,0.4103444814682007,0.6808550953865051,-0.06731124222278595,0.4300112724304199,0.6390678882598877,-0.07256940752267838,0.4350515604019165,0.6005001068115234,-0.07504630833864212,0.38999858498573303,0.714506208896637,-0.0383032001554966,0.43442797660827637,0.6716295480728149,-0.05657646805047989,0.44394463300704956,0.6109424233436584,-0.05993352457880974,0.4361640214920044,0.5709608197212219,-0.05999331548810005,0.4075445532798767,0.7176643013954163,-0.02750132791697979,0.4365334212779999,0.6507840156555176,-0.05000099167227745,0.43608224391937256,0.6027966141700745,-0.054253242909908295,0.42512089014053345,0.5766575932502747,-0.05174027755856514,0.4203433692455292,0.7073267102241516,-0.018334774300456047,0.43980151414871216,0.6435509324073792,-0.039395902305841446,0.43891268968582153,0.6085571646690369,-0.045137740671634674,0.4285973906517029,0.5906423926353455,-0.044360771775245667,correct
0.3332465887069702,0.7695955038070679,4.443690500011144e-07,0.2988598942756653,0.6790523529052734,-0.062119148671627045,0.32068735361099243,0.610195517539978,-0.09112630039453506,0.37930312752723694,0.5768515467643738,-0.10331776738166809,0.4325709939002991,0.5650069117546082,-0.1115461140871048,0.41352859139442444,0.6898785829544067,-0.09475573152303696,0.46170592308044434,0.6601579785346985,-0.11369521915912628,0.47745639085769653,0.6289882063865662,-0.12195860594511032,0.492665559053421,0.6112884879112244,-0.12895981967449188,0.45977258682250977,0.710523247718811,-0.07115509361028671,0.5397775769233704,0.6975721716880798,-0.09590079635381699,0.5990056991577148,0.677686870098114,-0.10478930175304413,0.6479618549346924,0.6660987138748169,-0.1107085794210434,0.47715049982070923,0.7090845108032227,-0.04890381544828415,0.5506747961044312,0.6739835739135742,-0.08058454096317291,0.5940905213356018,0.6526018977165222,-0.099138543009758,0.6319791078567505,0.641258716583252,-0.10937123745679855,0.47887271642684937,0.6966176629066467,-0.02843566983938217,0.4899696111679077,0.634996235370636,-0.062242016196250916,0.4829674959182739,0.6016737222671509,-0.08033420890569687,0.47665172815322876,0.579180121421814,-0.09029876440763474,correct
0.3567774295806885,0.7995367050170898,5.541693894883792e-07,0.331623375415802,0.7097213864326477,-0.09252399206161499,0.36457064747810364,0.6449924111366272,-0.1312909871339798,0.4233514070510864,0.614307165145874,-0.14689767360687256,0.47456157207489014,0.5935602188110352,-0.15401527285575867,0.47765085101127625,0.7185460925102234,-0.11782047897577286,0.529390275478363,0.6635107398033142,-0.14675267040729523,0.516279399394989,0.6189263463020325,-0.16363690793514252,0.4991437792778015,0.5983866453170776,-0.17135879397392273,0.5139768123626709,0.7293350100517273,-0.07392971962690353,0.5947226285934448,0.7117056846618652,-0.10236942023038864,0.6587530374526978,0.6960850358009338,-0.11527112126350403,0.7117711305618286,0.6976941823959351,-0.12276992946863174,0.5266971588134766,0.7292078733444214,-0.033384885638952255,0.5943782329559326,0.7017876505851746,-0.05772988498210907,0.6448173522949219,0.6908226013183594,-0.06974227726459503,0.6890712976455688,0.6920268535614014,-0.07495907694101334,0.5250385999679565,0.7186790108680725,0.0011558699188753963,0.5666383504867554,0.6987261772155762,-0.021708672866225243,0.5995571613311768,0.6982626914978027,-0.031791530549526215,0.6298825144767761,0.7016016244888306,-0.03527658060193062,correct
0.34530314803123474,0.8707553148269653,5.487345902110974e-07,0.3313555121421814,0.7456470727920532,-0.06930208951234818,0.3811079263687134,0.6667829155921936,-0.09713823348283768,0.46100807189941406,0.6388329863548279,-0.1029479131102562,0.5189871788024902,0.6208427548408508,-0.09855294972658157,0.46141934394836426,0.7607559561729431,-0.11343260109424591,0.564141035079956,0.7157481908798218,-0.12889637053012848,0.5668997764587402,0.660752534866333,-0.12400565296411514,0.550260603427887,0.6249443292617798,-0.11462096124887466,0.492534339427948,0.8005650639533997,-0.07527488470077515,0.6147022843360901,0.7584010362625122,-0.09843017160892487,0.6823281049728394,0.7168560028076172,-0.09854289144277573,0.7307534217834473,0.6939621567726135,-0.09580026566982269,0.5056124925613403,0.8214365839958191,-0.035928044468164444,0.6034784913063049,0.7716460227966309,-0.051939625293016434,0.6499091982841492,0.7280867099761963,-0.05185737833380699,0.677640438079834,0.7006753087043762,-0.04846746474504471,0.5067932605743408,0.8263760805130005,4.372774492367171e-05,0.5712998509407043,0.7832401990890503,-0.01280265860259533,0.5977059006690979,0.7561666369438171,-0.01332585047930479,0.6106722950935364,0.7301361560821533,-0.010522222146391869,correct
0.32088980078697205,0.9340304732322693,1.004676278171246e-06,0.3018973469734192,0.8030404448509216,-0.06072888895869255,0.36391910910606384,0.7145503163337708,-0.08775414526462555,0.45426878333091736,0.6952818632125854,-0.09598594158887863,0.5194936394691467,0.6990472674369812,-0.09995977580547333,0.4185428321361542,0.8203855752944946,-0.12042839825153351,0.532243549823761,0.825583815574646,-0.1396452784538269,0.5904677510261536,0.7963771224021912,-0.14014187455177307,0.6282364130020142,0.7717451453208923,-0.13692541420459747,0.4489554762840271,0.8773926496505737,-0.0908871591091156,0.5744417309761047,0.8695083260536194,-0.11270426213741302,0.6422889828681946,0.8174647092819214,-0.10981489717960358,0.6835944652557373,0.7836019396781921,-0.10498735308647156,0.4650341868400574,0.9054499864578247,-0.0591299794614315,0.5637968182563782,0.8554007411003113,-0.07881183177232742,0.5860955119132996,0.7878804802894592,-0.07662460952997208,0.5873360633850098,0.7541178464889526,-0.06923647224903107,0.47357508540153503,0.9139991998672485,-0.029945747926831245,0.5453559160232544,0.8517134189605713,-0.04800068214535713,0.564358651638031,0.7952035069465637,-0.04934006556868553,0.5622155666351318,0.7640736103057861,-0.044965073466300964,correct
0.2608495056629181,0.9115079641342163,8.189732625396573e-07,0.2802458703517914,0.7770860195159912,-0.06578820943832397,0.345828115940094,0.7131671905517578,-0.08785568922758102,0.42832544445991516,0.7059966325759888,-0.09109651297330856,0.4904094636440277,0.7089141607284546,-0.08643985539674759,0.4202929139137268,0.8335394859313965,-0.09246239066123962,0.539082407951355,0.8589043617248535,-0.10164742916822433,0.5914516448974609,0.8488444089889526,-0.0977727547287941,0.6276317238807678,0.8406925201416016,-0.08969849348068237,0.4391518831253052,0.8834049105644226,-0.052234847098588943,0.5572636723518372,0.887107253074646,-0.060563307255506516,0.6288740634918213,0.8527941107749939,-0.0514579638838768,0.6741867065429688,0.8272693753242493,-0.041168514639139175,0.4470726251602173,0.90494304895401,-0.012633066624403,0.5267128348350525,0.8567888736724854,-0.019589489325881004,0.5416813492774963,0.78994220495224,-0.01279010996222496,0.5404245257377625,0.7442705631256104,-0.0012558266753330827,0.45002976059913635,0.9089754223823547,0.02283943071961403,0.5090194344520569,0.8608858585357666,0.01658809557557106,0.5211088061332703,0.8163034319877625,0.01933504082262516,0.5166788697242737,0.7763763666152954,0.027481498196721077,correct
0.2606220245361328,0.870481014251709,5.838676884195593e-07,0.27609139680862427,0.7398809194564819,-0.06633321195840836,0.3353378474712372,0.6744648814201355,-0.09158166497945786,0.41288211941719055,0.66411954164505,-0.09578877687454224,0.4715554714202881,0.6671741604804993,-0.0890137180685997,0.40451595187187195,0.7871915102005005,-0.10103698074817657,0.5080323815345764,0.7857529520988464,-0.1150740459561348,0.5221513509750366,0.7454468011856079,-0.11184990406036377,0.5144748091697693,0.7156253457069397,-0.10229665040969849,0.42628002166748047,0.8356850743293762,-0.05946042016148567,0.5461515784263611,0.829452395439148,-0.07319137454032898,0.6175310015678406,0.8015195727348328,-0.06574469804763794,0.6658464670181274,0.783977746963501,-0.05745454877614975,0.4352903664112091,0.8620508313179016,-0.01773405820131302,0.5263928771018982,0.8349022269248962,-0.021769506856799126,0.5669300556182861,0.7936249375343323,-0.010664083063602448,0.588433027267456,0.7638481855392456,0.0005490810144692659,0.4335852265357971,0.8704342842102051,0.019560856744647026,0.4985886216163635,0.8443795442581177,0.02103302627801895,0.5268981456756592,0.819734513759613,0.03014182299375534,0.5399559736251831,0.7932555675506592,0.039787862449884415,correct
0.2611736059188843,0.8770994544029236,4.4274423771639704e-07,0.2793073356151581,0.7449564933776855,-0.059086088091135025,0.3421492278575897,0.6819777488708496,-0.07778000831604004,0.4197174608707428,0.6721409559249878,-0.07784876227378845,0.47920748591423035,0.6731449365615845,-0.06747008115053177,0.42822304368019104,0.7916767597198486,-0.06902171671390533,0.521331787109375,0.7804319262504578,-0.07800229638814926,0.5255419611930847,0.7324628829956055,-0.0762723833322525,0.5077227354049683,0.7024219632148743,-0.06799639016389847,0.4459707736968994,0.8391088843345642,-0.029125425964593887,0.5582772493362427,0.828860342502594,-0.0380428247153759,0.6211367845535278,0.8007510304450989,-0.03179987147450447,0.6650002002716064,0.7868235111236572,-0.02367185615003109,0.4497438669204712,0.8645511269569397,0.00922380667179823,0.5387856960296631,0.8458380699157715,0.006485454272478819,0.5928338170051575,0.8228054046630859,0.01274007000029087,0.6298782825469971,0.8070875406265259,0.02093714475631714,0.4449703097343445,0.8716424703598022,0.043747976422309875,0.5090117454528809,0.850549578666687,0.04687027633190155,0.5442765355110168,0.8346760272979736,0.0541955940425396,0.5680004954338074,0.816168487071991,0.06246597319841385,correct
0.25402969121932983,0.8823581337928772,5.88092916586902e-07,0.27238550782203674,0.7528683543205261,-0.06687445938587189,0.32909634709358215,0.6868574619293213,-0.09571314603090286,0.41048508882522583,0.6765882968902588,-0.10455550998449326,0.47405263781547546,0.6741224527359009,-0.10257616639137268,0.41000527143478394,0.7997656464576721,-0.0954437330365181,0.5094539523124695,0.7917269468307495,-0.1087765246629715,0.5168263912200928,0.7391843795776367,-0.10448837280273438,0.5013076663017273,0.6979396343231201,-0.09443431347608566,0.428026407957077,0.8494225740432739,-0.05513005331158638,0.547336220741272,0.842495858669281,-0.07321610301733017,0.6151857376098633,0.8160455822944641,-0.06968756765127182,0.6618077754974365,0.7994356155395508,-0.06398013979196548,0.43359243869781494,0.8747609853744507,-0.01495362352579832,0.5300647020339966,0.8555769324302673,-0.024478264153003693,0.5915737152099609,0.8329711556434631,-0.0195118747651577,0.6320008039474487,0.8165621757507324,-0.012597627937793732,0.43121036887168884,0.880585789680481,0.02130122110247612,0.5025455951690674,0.8652734756469727,0.020638057962059975,0.5435388088226318,0.8489317893981934,0.02672305703163147,0.5709209442138672,0.8289026618003845,0.033295441418886185,correct
0.2567390501499176,0.8768124580383301,5.837535468344868e-07,0.2760016918182373,0.7410915493965149,-0.05817602574825287,0.3392859697341919,0.6776731014251709,-0.07363593578338623,0.4161319434642792,0.6647863984107971,-0.07092879712581635,0.47460705041885376,0.6655992865562439,-0.05880270153284073,0.4324083626270294,0.7835521697998047,-0.057784684002399445,0.530190110206604,0.7816670536994934,-0.06065899133682251,0.5532006025314331,0.7505246996879578,-0.05739752575755119,0.5566941499710083,0.7347739338874817,-0.04927339404821396,0.44787099957466125,0.8328542709350586,-0.016019605100154877,0.5537165403366089,0.8265801668167114,-0.01664554327726364,0.6153619289398193,0.8017398715019226,-0.007746586576104164,0.6603377461433411,0.7882826924324036,0.001394543331116438,0.4484696388244629,0.8612002730369568,0.023398345336318016,0.5327625870704651,0.844653308391571,0.02682005614042282,0.5831965208053589,0.8228542804718018,0.033698394894599915,0.6189718246459961,0.808036208152771,0.04168630391359329,0.44229403138160706,0.8702670931816101,0.05869895964860916,0.5039949417114258,0.8548426628112793,0.06504906713962555,0.5375041365623474,0.8405762314796448,0.07149893790483475,0.5594624876976013,0.8234781622886658,0.07890291512012482,correct
0.26346588134765625,0.8740630745887756,4.1758099200706056e-07,0.2788453996181488,0.7425084114074707,-0.06233083829283714,0.3378387987613678,0.6775044798851013,-0.08360671997070312,0.41519850492477417,0.6632588505744934,-0.08515072613954544,0.47649118304252625,0.6644865274429321,-0.0758630558848381,0.42316877841949463,0.7869701385498047,-0.07656985521316528,0.5113617777824402,0.7725646495819092,-0.08707571774721146,0.5160216093063354,0.7178683876991272,-0.08326049149036407,0.49694734811782837,0.6805027723312378,-0.07343010604381561,0.44490721821784973,0.833633303642273,-0.035616423934698105,0.5560573935508728,0.8219326138496399,-0.04949267953634262,0.6177428364753723,0.7950592041015625,-0.04555239528417587,0.6602292656898499,0.7807794809341431,-0.03890561684966087,0.45065322518348694,0.860305905342102,0.004192790016531944,0.5412147641181946,0.8459773063659668,-0.0034405519254505634,0.5973791480064392,0.8300108909606934,-0.000724894693121314,0.6370141506195068,0.8181462287902832,0.005285453516989946,0.44638457894325256,0.8685084581375122,0.040553901344537735,0.5125672817230225,0.8552913069725037,0.039945319294929504,0.5489733815193176,0.84566730260849,0.04384514316916466,0.575471818447113,0.8323599100112915,0.049479059875011444,correct
0.2536553740501404,0.8820607662200928,4.607447579019208e-07,0.2714470624923706,0.7471284866333008,-0.055542878806591034,0.3300187289714813,0.6733558177947998,-0.08026215434074402,0.4099974036216736,0.6580971479415894,-0.08689481765031815,0.4730421304702759,0.6602688431739807,-0.08387459069490433,0.4020654559135437,0.7813923358917236,-0.08530204743146896,0.5022985935211182,0.763210654258728,-0.1051112711429596,0.5071601867675781,0.7091125249862671,-0.10814551264047623,0.48796942830085754,0.6746447086334229,-0.10229600220918655,0.4254540801048279,0.8317462801933289,-0.050959620624780655,0.5466117858886719,0.8173490762710571,-0.07636850327253342,0.6114135384559631,0.7917535305023193,-0.08013997226953506,0.6565858125686646,0.7789674997329712,-0.07829152047634125,0.43403229117393494,0.8590136170387268,-0.015798522159457207,0.5334691405296326,0.8453085422515869,-0.03022080846130848,0.5955464839935303,0.8274678587913513,-0.029189739376306534,0.6402626633644104,0.815312385559082,-0.02389497496187687,0.4317636489868164,0.8665277361869812,0.01707969792187214,0.5045852661132812,0.8529754877090454,0.015876995399594307,0.545785129070282,0.8430455923080444,0.022762347012758255,0.5751535296440125,0.8290678858757019,0.03033156506717205,correct
0.24944747984409332,0.8898190855979919,5.401610678745783e-07,0.2631186246871948,0.7570168972015381,-0.06099041923880577,0.325227826833725,0.6811642646789551,-0.0852871686220169,0.4081264138221741,0.661108672618866,-0.09053479135036469,0.4720640480518341,0.6601092219352722,-0.08525670319795609,0.4027353525161743,0.788809597492218,-0.0846087858080864,0.5077786445617676,0.7684909701347351,-0.0966840535402298,0.5161660313606262,0.717631459236145,-0.09374456107616425,0.5005205869674683,0.6818611025810242,-0.08446639031171799,0.42419999837875366,0.8388711214065552,-0.04639342054724693,0.5497900247573853,0.8266534805297852,-0.05909663066267967,0.6155804395675659,0.8030514121055603,-0.053305093199014664,0.6601526141166687,0.7896562814712524,-0.04590138420462608,0.4311419129371643,0.8674631118774414,-0.008805765770375729,0.5320789813995361,0.8426257371902466,-0.014107142575085163,0.5906924605369568,0.8191972374916077,-0.008826992474496365,0.6295482516288757,0.8032039403915405,-0.0019004994537681341,0.42904943227767944,0.8777000308036804,0.025211861357092857,0.5024831295013428,0.8555688858032227,0.025952549651265144,0.5397699475288391,0.8371713161468506,0.0322602242231369,0.5628387331962585,0.8165038228034973,0.03934764862060547,correct
0.262984961271286,0.8716421127319336,5.071952386970224e-07,0.2772078812122345,0.740604817867279,-0.05689442902803421,0.33563971519470215,0.6704189777374268,-0.08300608396530151,0.4155389666557312,0.6549887657165527,-0.0905454158782959,0.4751574695110321,0.6576757431030273,-0.0885453149676323,0.40305233001708984,0.7805781960487366,-0.09653293341398239,0.50498366355896,0.7700043320655823,-0.11520187556743622,0.5160759687423706,0.7190646529197693,-0.11548496037721634,0.5053613781929016,0.6805518865585327,-0.1084289699792862,0.42727941274642944,0.831424355506897,-0.06281370669603348,0.5527252554893494,0.8216588497161865,-0.08719006180763245,0.6199398040771484,0.7976126074790955,-0.08682087808847427,0.6640223264694214,0.783868134021759,-0.08212682604789734,0.4369272291660309,0.8588661551475525,-0.027662068605422974,0.5383003950119019,0.8372371196746826,-0.043431516736745834,0.5958352088928223,0.8104380369186401,-0.04157649725675583,0.6317374110221863,0.7918965220451355,-0.03526071459054947,0.4350123703479767,0.8688153624534607,0.005160546395927668,0.5035272836685181,0.84231036901474,-7.237797399284318e-05,0.5318485498428345,0.8168033361434937,0.005652994383126497,0.5450831651687622,0.7905717492103577,0.013153048232197762,correct
0.2447020262479782,0.8810954093933105,5.786467909274506e-07,0.2644912600517273,0.7471405267715454,-0.052328046411275864,0.328167200088501,0.6717514991760254,-0.07697807252407074,0.41266950964927673,0.6534258127212524,-0.08469656109809875,0.475954532623291,0.6562111377716064,-0.08308199048042297,0.3922785222530365,0.7775600552558899,-0.08864668011665344,0.5035367608070374,0.77152019739151,-0.10669895261526108,0.5170424580574036,0.7192728519439697,-0.10695348680019379,0.5083230137825012,0.676426351070404,-0.10008339583873749,0.4136730432510376,0.8313709497451782,-0.05858762934803963,0.54348224401474,0.8271921873092651,-0.08595852553844452,0.6163068413734436,0.8048555850982666,-0.08948329836130142,0.6670544147491455,0.7892885804176331,-0.0874122753739357,0.42173588275909424,0.8592483997344971,-0.02705799788236618,0.5265604853630066,0.8386080265045166,-0.046363841742277145,0.5902049541473389,0.8142526745796204,-0.048204708844423294,0.6302284002304077,0.7965566515922546,-0.04385983943939209,0.4205627739429474,0.8689783215522766,0.002745294012129307,0.49423491954803467,0.8455772399902344,-0.005163576453924179,0.5295297503471375,0.8250150084495544,-0.0018389744218438864,0.5484104156494141,0.8016354441642761,0.004010860808193684,correct
0.2457766979932785,0.8905991315841675,5.409684717960772e-07,0.26364511251449585,0.7569444179534912,-0.05611136555671692,0.330312579870224,0.6804642677307129,-0.08240564912557602,0.4144883155822754,0.660345733165741,-0.0906083881855011,0.47809773683547974,0.660761833190918,-0.0897550880908966,0.3920418620109558,0.7838808298110962,-0.09838812053203583,0.5043390989303589,0.7814464569091797,-0.11903156340122223,0.517914891242981,0.7313302159309387,-0.12058045715093613,0.5071136951446533,0.6909552216529846,-0.11391865462064743,0.41261813044548035,0.8381946682929993,-0.06633049994707108,0.5437943935394287,0.8316037654876709,-0.093587726354599,0.6171634197235107,0.8096754550933838,-0.09543502330780029,0.6650131940841675,0.7951319217681885,-0.09202208369970322,0.4220031201839447,0.8675506114959717,-0.032752327620983124,0.5292021036148071,0.8474715948104858,-0.05139339342713356,0.5929771661758423,0.824749767780304,-0.05127441883087158,0.6325250864028931,0.8083570599555969,-0.04574335366487503,0.4230125844478607,0.8776239156723022,-0.0012057586573064327,0.4967677593231201,0.8487419486045837,-0.008692887611687183,0.527437686920166,0.8256120085716248,-0.003711030585691333,0.5408676862716675,0.8016345500946045,0.0034762490540742874,correct
0.24803462624549866,0.8919989466667175,6.114531743151019e-07,0.2642591595649719,0.7522252202033997,-0.04965082183480263,0.33194500207901,0.6735020875930786,-0.07126440852880478,0.4192965626716614,0.6521285772323608,-0.075547955930233,0.48366278409957886,0.6591371297836304,-0.06949255615472794,0.3985631763935089,0.7783157229423523,-0.08401375263929367,0.508926510810852,0.7737702131271362,-0.09871101379394531,0.5201342701911926,0.7222568988800049,-0.09611915051937103,0.5074121356010437,0.680071234703064,-0.08694127947092056,0.4205065965652466,0.8316618204116821,-0.052236612886190414,0.5521205067634583,0.8293191194534302,-0.07478653639554977,0.6247424483299255,0.808283805847168,-0.07241672277450562,0.6738371849060059,0.7936531901359558,-0.06554654985666275,0.4281424880027771,0.8616124987602234,-0.01867426559329033,0.5334916114807129,0.8347173929214478,-0.03124394081532955,0.590094268321991,0.8026952147483826,-0.024118361994624138,0.622387170791626,0.7784066200256348,-0.013251574710011482,0.4254969358444214,0.8733242154121399,0.012846631929278374,0.5007851123809814,0.8439400792121887,0.01171286590397358,0.5323837995529175,0.8160485625267029,0.0219996627420187,0.546008288860321,0.7874387502670288,0.03333312273025513,correct
0.24883896112442017,0.8852198123931885,5.226871735430905e-07,0.27150940895080566,0.7465904951095581,-0.04501025378704071,0.33691835403442383,0.6630816459655762,-0.06499798595905304,0.424447238445282,0.6411306858062744,-0.06885581463575363,0.49149999022483826,0.6437317132949829,-0.0629674568772316,0.3997724652290344,0.7673782706260681,-0.08330388367176056,0.5145211219787598,0.7437800765037537,-0.1000814214348793,0.5179325938224792,0.6887671947479248,-0.09540622681379318,0.4951566755771637,0.6578418612480164,-0.08509016036987305,0.4187823534011841,0.8227656483650208,-0.05696312338113785,0.5497851967811584,0.8078556656837463,-0.08894079923629761,0.6207728981971741,0.7838101387023926,-0.0959867537021637,0.6718749403953552,0.7751612663269043,-0.09671217203140259,0.42560288310050964,0.8551955819129944,-0.028229035437107086,0.5388601422309875,0.8441119194030762,-0.0517599880695343,0.6045506596565247,0.8330537676811218,-0.05788344889879227,0.6519920229911804,0.8298863172531128,-0.056904349476099014,0.42354631423950195,0.8696560859680176,7.279172859853134e-05,0.5024734735488892,0.8658732771873474,-0.011257672682404518,0.547836422920227,0.8657523989677429,-0.01310049369931221,0.5849190950393677,0.8642897605895996,-0.011782079935073853,correct
0.25402021408081055,0.8797284960746765,4.337000802934199e-07,0.27709779143333435,0.7478414177894592,-0.036858849227428436,0.3360125422477722,0.667026162147522,-0.05525780841708183,0.41945013403892517,0.6449991464614868,-0.06208483502268791,0.4853328466415405,0.6469531655311584,-0.060456402599811554,0.4018740653991699,0.7649174332618713,-0.06384442746639252,0.5146540999412537,0.7351716160774231,-0.08326560258865356,0.515954315662384,0.6845229864120483,-0.08415667712688446,0.492297887802124,0.6658282279968262,-0.0782116949558258,0.4244672656059265,0.8237488269805908,-0.046064868569374084,0.5494641065597534,0.8060039281845093,-0.0795697569847107,0.6181923747062683,0.784824013710022,-0.09039894491434097,0.6679542660713196,0.7839785218238831,-0.09374677389860153,0.4318089485168457,0.8578376173973083,-0.027251869440078735,0.5400263071060181,0.8504167795181274,-0.05340278893709183,0.6059526205062866,0.8378976583480835,-0.061974309384822845,0.6554839015007019,0.8368281722068787,-0.0626501739025116,0.42980119585990906,0.8763813972473145,-0.008546753786504269,0.5052189826965332,0.8743642568588257,-0.021696582436561584,0.551173746585846,0.8725898861885071,-0.023791536688804626,0.5892277956008911,0.8723129034042358,-0.022476624697446823,correct
0.24115923047065735,0.8992334604263306,4.876104640061385e-07,0.264487087726593,0.7616948485374451,-0.032550498843193054,0.3301520347595215,0.6743958592414856,-0.049971017986536026,0.4170164465904236,0.6483977437019348,-0.05541590601205826,0.4846956431865692,0.6492928862571716,-0.05304614081978798,0.38541898131370544,0.7701656222343445,-0.07103172689676285,0.5092753767967224,0.7390923500061035,-0.09078754484653473,0.5157599449157715,0.6881791949272156,-0.09056425839662552,0.4939344525337219,0.6644803285598755,-0.08291438221931458,0.4054930806159973,0.8300843238830566,-0.05379617586731911,0.5418199896812439,0.8099053502082825,-0.0840846374630928,0.6157132387161255,0.7878201603889465,-0.09223439544439316,0.667203962802887,0.7832188010215759,-0.09425310790538788,0.41289764642715454,0.8659776449203491,-0.03419721871614456,0.5314310193061829,0.8554483652114868,-0.055304527282714844,0.6012282371520996,0.8423737287521362,-0.06183537840843201,0.6515014171600342,0.8389472961425781,-0.0622563399374485,0.41270655393600464,0.8837456703186035,-0.014226728118956089,0.4935588538646698,0.8797440528869629,-0.023354383185505867,0.5430170297622681,0.8774781227111816,-0.02370782569050789,0.5823580622673035,0.874849259853363,-0.021886685863137245,correct
0.2513039708137512,0.8856928944587708,5.085076963950996e-07,0.2745360732078552,0.748744785785675,-0.03524988517165184,0.3387921452522278,0.6682420372962952,-0.0529625341296196,0.4217630624771118,0.6464589834213257,-0.05700920894742012,0.4871026873588562,0.6475745439529419,-0.05310998111963272,0.3971240222454071,0.7627735137939453,-0.07514411956071854,0.5097667574882507,0.7379715442657471,-0.0925622284412384,0.5134053230285645,0.6873380541801453,-0.08878884464502335,0.49101904034614563,0.6626373529434204,-0.07827086001634598,0.4155139625072479,0.8211222290992737,-0.05444793775677681,0.5473849773406982,0.8073096871376038,-0.08566451072692871,0.6169705390930176,0.7844411134719849,-0.09153877198696136,0.6660088300704956,0.7787861824035645,-0.09061825275421143,0.42166274785995483,0.8569595813751221,-0.03089987114071846,0.5364525318145752,0.8501608371734619,-0.053401924669742584,0.6035155653953552,0.8373665809631348,-0.058698806911706924,0.6535931825637817,0.833740770816803,-0.0568198598921299,0.41962945461273193,0.8758898377418518,-0.006728285923600197,0.49890345335006714,0.8722209334373474,-0.014153637923300266,0.5464649796485901,0.8698523044586182,-0.012923059985041618,0.5860240459442139,0.8680621981620789,-0.00962777528911829,correct
0.24878200888633728,0.8908392786979675,4.6773561734880786e-07,0.2733783721923828,0.7545265555381775,-0.0424208901822567,0.3374256491661072,0.6691260933876038,-0.06222820281982422,0.4217357039451599,0.6464884281158447,-0.06621062010526657,0.48737969994544983,0.653758704662323,-0.06050604581832886,0.39648157358169556,0.776925265789032,-0.0856814980506897,0.5159519910812378,0.7450157999992371,-0.09990378469228745,0.5138354897499084,0.6943864822387695,-0.09085746109485626,0.48502814769744873,0.6727285385131836,-0.07718805968761444,0.4151511490345001,0.8358039855957031,-0.06049981340765953,0.5501003265380859,0.8151766657829285,-0.08982907980680466,0.6189751029014587,0.7895796895027161,-0.09313014894723892,0.6667522192001343,0.7835840582847595,-0.09113616496324539,0.42277517914772034,0.8701198101043701,-0.03237977251410484,0.5398862361907959,0.853934645652771,-0.053082916885614395,0.6046732068061829,0.838273286819458,-0.0565762035548687,0.6514841318130493,0.8340955972671509,-0.054125308990478516,0.42228418588638306,0.8855729103088379,-0.004286264069378376,0.5056256651878357,0.8752892017364502,-0.012187322601675987,0.5521917939186096,0.8689734935760498,-0.010953117161989212,0.5887295603752136,0.8646560311317444,-0.007763405330479145,correct
0.25304728746414185,0.8900740146636963,5.004264380659151e-07,0.2726428508758545,0.7530471682548523,-0.04278399050235748,0.3354889452457428,0.6684553623199463,-0.06454990059137344,0.42097485065460205,0.647502064704895,-0.07111693173646927,0.4885484576225281,0.6530205607414246,-0.06862933933734894,0.3962962031364441,0.7720013856887817,-0.08640731126070023,0.5137656331062317,0.7465846538543701,-0.10448209941387177,0.5151786804199219,0.6962848901748657,-0.09948096424341202,0.4897899627685547,0.6696711778640747,-0.0883023589849472,0.4162006080150604,0.8314380049705505,-0.06286384910345078,0.549759566783905,0.8148050308227539,-0.0942840650677681,0.6198423504829407,0.7914367914199829,-0.09959830343723297,0.6689772009849548,0.7844463586807251,-0.09885700047016144,0.4246218204498291,0.8668472766876221,-0.03665553405880928,0.5393959283828735,0.8543893694877625,-0.05866694077849388,0.6049613952636719,0.8387619853019714,-0.06266698241233826,0.6526292562484741,0.8324414491653442,-0.060481078922748566,0.4245915114879608,0.8839240670204163,-0.010738617740571499,0.5063014626502991,0.8753165006637573,-0.018875401467084885,0.5521048307418823,0.8695414066314697,-0.01718335598707199,0.5883973836898804,0.8646368384361267,-0.013563279062509537,correct
0.2584335207939148,0.8917028903961182,4.684521854869672e-07,0.2746298909187317,0.7570285797119141,-0.04349486902356148,0.33540475368499756,0.6736127734184265,-0.0639825314283371,0.421420693397522,0.6505417823791504,-0.06963331252336502,0.48671403527259827,0.6593095660209656,-0.06576993316411972,0.40016496181488037,0.7798344492912292,-0.079778753221035,0.5126566290855408,0.7514443397521973,-0.09685716778039932,0.5119742155075073,0.700858473777771,-0.09317317605018616,0.4856595993041992,0.6761427521705627,-0.08384903520345688,0.4231616258621216,0.8372526168823242,-0.055188991129398346,0.5481409430503845,0.8183494806289673,-0.08404810726642609,0.6170375943183899,0.7971466183662415,-0.09029856324195862,0.6666768193244934,0.7927700281143188,-0.09142207354307175,0.4324865937232971,0.8717039823532104,-0.02855221927165985,0.5386916399002075,0.8549808859825134,-0.049270149320364,0.6029528379440308,0.8418034911155701,-0.05451006069779396,0.6491130590438843,0.8384041786193848,-0.053844138979911804,0.4312841296195984,0.8887376189231873,-0.0025992742739617825,0.5071731805801392,0.881436824798584,-0.011626378633081913,0.5510289669036865,0.8791269063949585,-0.011790942400693893,0.5859723687171936,0.8779645562171936,-0.009647763334214687,correct
0.253406286239624,0.8922522664070129,5.235062303654558e-07,0.27412354946136475,0.7569136619567871,-0.043587297201156616,0.3361499309539795,0.6731722950935364,-0.06548906117677689,0.42082399129867554,0.6495038270950317,-0.07237676531076431,0.48678475618362427,0.6548081040382385,-0.06999477744102478,0.39797767996788025,0.7778425812721252,-0.0840233862400055,0.5119739770889282,0.7517439723014832,-0.10205502063035965,0.5121109485626221,0.7013911008834839,-0.09839000552892685,0.4862710237503052,0.6761179566383362,-0.08859959244728088,0.41774773597717285,0.8357737064361572,-0.059922896325588226,0.5483827590942383,0.8192123174667358,-0.09114113450050354,0.6176882982254028,0.7975432872772217,-0.0974254235625267,0.6665146350860596,0.7924074530601501,-0.09769298881292343,0.42556801438331604,0.8697763085365295,-0.03329873085021973,0.5387449264526367,0.8576047420501709,-0.05524882301688194,0.603176474571228,0.8423469066619873,-0.05895805358886719,0.6494241952896118,0.8368132710456848,-0.056566379964351654,0.42418715357780457,0.8855675458908081,-0.0071927825920283794,0.5039178133010864,0.8802414536476135,-0.015706758946180344,0.5496875047683716,0.8769360780715942,-0.014299779199063778,0.5864800214767456,0.8746819496154785,-0.010727749206125736,correct
0.2527132034301758,0.8926176428794861,5.445209012577834e-07,0.2710886001586914,0.7561573386192322,-0.04740177467465401,0.33482712507247925,0.6743979454040527,-0.06994112581014633,0.4201723337173462,0.652076780796051,-0.07632044702768326,0.48603081703186035,0.659961462020874,-0.07333457469940186,0.3969304859638214,0.7812747955322266,-0.08765767514705658,0.5115053057670593,0.7589427828788757,-0.10527496784925461,0.5124366283416748,0.7102136015892029,-0.10152232646942139,0.4891844093799591,0.6843091249465942,-0.09195153415203094,0.4165223240852356,0.8394471406936646,-0.06122546270489693,0.5481632947921753,0.8250623345375061,-0.08950668573379517,0.6185152530670166,0.8054317235946655,-0.09421122074127197,0.6691277027130127,0.8024175763130188,-0.09416607022285461,0.4246761202812195,0.8751205205917358,-0.03266632556915283,0.5358863472938538,0.8576266169548035,-0.05195062234997749,0.6007900238037109,0.8434086441993713,-0.0549706406891346,0.6481627821922302,0.8394379615783691,-0.05298992246389389,0.42466264963150024,0.8934290409088135,-0.005197850055992603,0.5042567253112793,0.8822748064994812,-0.013955477625131607,0.5505022406578064,0.8770980834960938,-0.01360822468996048,0.5880556702613831,0.8734952807426453,-0.01111186295747757,correct
0.25491100549697876,0.8927549719810486,5.296622020978248e-07,0.2760086953639984,0.7575781345367432,-0.043169885873794556,0.33927488327026367,0.6754291653633118,-0.0636037290096283,0.423041433095932,0.652982771396637,-0.06979657709598541,0.48664411902427673,0.6624992489814758,-0.06717611104249954,0.4004290699958801,0.7837387919425964,-0.07399944961071014,0.5111215114593506,0.7568255066871643,-0.08921271562576294,0.5106564164161682,0.7104993462562561,-0.08758248388767242,0.4884605407714844,0.6875727772712708,-0.08026370406150818,0.42041271924972534,0.8413989543914795,-0.050014279782772064,0.547254741191864,0.8257701396942139,-0.07312680035829544,0.6145089268684387,0.8060708045959473,-0.07869181036949158,0.6639230251312256,0.8025032877922058,-0.08035425841808319,0.427054226398468,0.8757660984992981,-0.024531615898013115,0.5346412062644958,0.8589321970939636,-0.0408136285841465,0.5982726812362671,0.8439414501190186,-0.046462588012218475,0.6448617577552795,0.8388062715530396,-0.04734080657362938,0.4250032603740692,0.892825722694397,8.652521501062438e-05,0.5014455318450928,0.8861833810806274,-0.0059782699681818485,0.546310544013977,0.8822640180587769,-0.005935937166213989,0.583565354347229,0.8795453906059265,-0.004548089113086462,correct
0.2432471662759781,0.8951688408851624,4.799312591785565e-07,0.26851707696914673,0.7588831186294556,-0.03679299354553223,0.33178001642227173,0.6774742603302002,-0.05595304071903229,0.4163762032985687,0.6548624634742737,-0.06318715959787369,0.4818618893623352,0.662966251373291,-0.061579763889312744,0.39469394087791443,0.7775858640670776,-0.06478334963321686,0.5093550086021423,0.7556185126304626,-0.08386199921369553,0.5115124583244324,0.7094109654426575,-0.08523616194725037,0.48771482706069946,0.6876252889633179,-0.07915911823511124,0.4131895899772644,0.8355191349983215,-0.04591662809252739,0.5426145792007446,0.822403073310852,-0.07480426132678986,0.6127066612243652,0.8067119121551514,-0.0817524790763855,0.6628603935241699,0.8061956763267517,-0.08258460462093353,0.41911575198173523,0.8706812262535095,-0.026051731780171394,0.5325210094451904,0.8609704971313477,-0.04719739779829979,0.598098874092102,0.8501113653182983,-0.05050383508205414,0.6448947191238403,0.8486506342887878,-0.04762665182352066,0.41549450159072876,0.8895935416221619,-0.006826179102063179,0.49638116359710693,0.8853447437286377,-0.015020778402686119,0.5443277359008789,0.8827880024909973,-0.012619215995073318,0.5814354419708252,0.8811036944389343,-0.007996042259037495,correct
0.24448087811470032,0.8867243528366089,5.130893327986996e-07,0.26818400621414185,0.7527381777763367,-0.04028501734137535,0.3290789723396301,0.6726229786872864,-0.06173566356301308,0.4122152626514435,0.6494340896606445,-0.06940433382987976,0.4776443839073181,0.6560475826263428,-0.06792138516902924,0.3911246359348297,0.7740764617919922,-0.07765480875968933,0.5059857964515686,0.7509835958480835,-0.0956994816660881,0.5026025772094727,0.7034278512001038,-0.09372905641794205,0.4753168225288391,0.6837688684463501,-0.0853346586227417,0.41045916080474854,0.8317620158195496,-0.055636461824178696,0.5400586724281311,0.8190656304359436,-0.08648858219385147,0.6085338592529297,0.8007246851921082,-0.09346084296703339,0.6583676338195801,0.8009353280067444,-0.09435373544692993,0.4177771806716919,0.8665524125099182,-0.031276945024728775,0.5304751992225647,0.8567566275596619,-0.052536167204380035,0.5953865647315979,0.8433791995048523,-0.05583961308002472,0.6419269442558289,0.8418468236923218,-0.05331725999712944,0.41580817103385925,0.8844134211540222,-0.007315201684832573,0.49607083201408386,0.8790318965911865,-0.01414816826581955,0.5423952341079712,0.8770743608474731,-0.01132897287607193,0.5790956020355225,0.8769698143005371,-0.00693863071501255,correct
0.23858891427516937,0.9026898741722107,5.769556992163416e-07,0.2598617970943451,0.7648351192474365,-0.04875504970550537,0.323134183883667,0.6810344457626343,-0.070679672062397,0.4088904559612274,0.6560286283493042,-0.07480696588754654,0.47433385252952576,0.6669225692749023,-0.06868873536586761,0.3840712308883667,0.7889480590820312,-0.08990975469350815,0.5025920271873474,0.7735899090766907,-0.10589975863695145,0.5037321448326111,0.721190333366394,-0.098781056702137,0.4811398983001709,0.689540445804596,-0.08678445965051651,0.4042637348175049,0.8444200754165649,-0.060311928391456604,0.5399957299232483,0.8331910371780396,-0.09130873531103134,0.6104460954666138,0.8110928535461426,-0.09610912948846817,0.6623281240463257,0.804537832736969,-0.09511646628379822,0.412961483001709,0.8778480291366577,-0.028082188218832016,0.5254141688346863,0.8635492920875549,-0.048964325338602066,0.5916595458984375,0.8503755927085876,-0.05294402316212654,0.6402033567428589,0.8469774127006531,-0.05069534480571747,0.41362303495407104,0.8938968777656555,0.0033083290327340364,0.49277228116989136,0.882681131362915,-0.006629195064306259,0.538451075553894,0.8776830434799194,-0.008335178717970848,0.5765050649642944,0.8729986548423767,-0.006895559839904308,correct
0.23679158091545105,0.8932569026947021,5.190435672375315e-07,0.26099616289138794,0.761114776134491,-0.043951064348220825,0.32268190383911133,0.6765556931495667,-0.06670742481946945,0.4066809117794037,0.6518481969833374,-0.07443813979625702,0.47236931324005127,0.6609374284744263,-0.07232992351055145,0.3840649724006653,0.7834477424621582,-0.08277244865894318,0.49810898303985596,0.7577047348022461,-0.10013903677463531,0.4942106604576111,0.7070538401603699,-0.09679006040096283,0.4679386019706726,0.6815386414527893,-0.08796600252389908,0.40369486808776855,0.8399177193641663,-0.058527905493974686,0.53379887342453,0.8267673254013062,-0.09131841361522675,0.603364109992981,0.8076518177986145,-0.09983852505683899,0.6554032564163208,0.8046756982803345,-0.10199697315692902,0.41102734208106995,0.8741803765296936,-0.031591687351465225,0.5240458846092224,0.86586594581604,-0.05447123572230339,0.589297354221344,0.8525218367576599,-0.05927138030529022,0.6359724402427673,0.8484058380126953,-0.057617925107479095,0.40997785329818726,0.8902794122695923,-0.005159635096788406,0.492407888174057,0.8815529942512512,-0.014480175450444221,0.5379727482795715,0.8761739730834961,-0.013613857328891754,0.5745902061462402,0.8703842759132385,-0.010427032597362995,correct
0.23897559940814972,0.8959972858428955,5.121437425259501e-07,0.259607195854187,0.7626345753669739,-0.04429047927260399,0.32106155157089233,0.6776955127716064,-0.06690177321434021,0.405221164226532,0.6524041891098022,-0.0752163976430893,0.47220903635025024,0.6613519191741943,-0.07464662194252014,0.38627567887306213,0.7811395525932312,-0.07702019810676575,0.49583667516708374,0.7575507164001465,-0.09712567925453186,0.4959414005279541,0.7068772315979004,-0.09903134405612946,0.47278472781181335,0.6810487508773804,-0.09360894560813904,0.4064936637878418,0.837828516960144,-0.05375000461935997,0.5326688289642334,0.8239948153495789,-0.08288072794675827,0.6022433042526245,0.8045809268951416,-0.09135216474533081,0.653631329536438,0.8005092740058899,-0.09421171247959137,0.4138457775115967,0.8728466033935547,-0.029057007282972336,0.5233184099197388,0.8611264824867249,-0.049841802567243576,0.588591456413269,0.8485733270645142,-0.0551174022257328,0.6362149119377136,0.8445824980735779,-0.054553352296352386,0.41225937008857727,0.8907725811004639,-0.00535121513530612,0.4910554885864258,0.8815506100654602,-0.014475048519670963,0.5358504056930542,0.876445472240448,-0.014023445546627045,0.571810245513916,0.8713615536689758,-0.011325548402965069,correct
0.23748649656772614,0.8990649580955505,5.183841267353273e-07,0.257929265499115,0.7639887928962708,-0.04637020081281662,0.3186006247997284,0.6809672713279724,-0.0689593181014061,0.4018915295600891,0.6561192274093628,-0.0764264166355133,0.4666294455528259,0.6661542654037476,-0.07477512955665588,0.38370710611343384,0.789635181427002,-0.07878542691469193,0.49431848526000977,0.7685168385505676,-0.0978408008813858,0.4953550696372986,0.7168340682983398,-0.09834904223680496,0.47424155473709106,0.6875424385070801,-0.09217855334281921,0.40474435687065125,0.8454225063323975,-0.05358242616057396,0.5312966704368591,0.8301506638526917,-0.08172857761383057,0.6003137826919556,0.8076856732368469,-0.08964322507381439,0.6513257026672363,0.8008933067321777,-0.09260930120944977,0.41324669122695923,0.8794583678245544,-0.027036193758249283,0.5213330984115601,0.8654154539108276,-0.04686358571052551,0.5859129428863525,0.8517831563949585,-0.05291895568370819,0.6328461170196533,0.8469079732894897,-0.05338169261813164,0.4130367636680603,0.8962401151657104,-0.001697062747552991,0.4909963607788086,0.8868230581283569,-0.011062649078667164,0.536001980304718,0.881544291973114,-0.012697619386017323,0.5732319355010986,0.8767122626304626,-0.01192984264343977,correct
0.2367810308933258,0.9004175066947937,5.408854804045404e-07,0.25560158491134644,0.7661158442497253,-0.045169856399297714,0.31638023257255554,0.6806917190551758,-0.06857757270336151,0.40136125683784485,0.6568812131881714,-0.0773651972413063,0.46728989481925964,0.6688311696052551,-0.0765654668211937,0.37711837887763977,0.7876448631286621,-0.08044753968715668,0.49395623803138733,0.7615189552307129,-0.09927884489297867,0.4921216070652008,0.7147778272628784,-0.09857984632253647,0.46692728996276855,0.6911011338233948,-0.09113841503858566,0.3985184133052826,0.8472294807434082,-0.05636309087276459,0.5311736464500427,0.8323419094085693,-0.08372551947832108,0.6000419855117798,0.8129604458808899,-0.08953079581260681,0.64960777759552,0.8079938292503357,-0.09047120809555054,0.40785181522369385,0.8823308944702148,-0.030703730881214142,0.52157062292099,0.8672477602958679,-0.04954623058438301,0.5854934453964233,0.8520413041114807,-0.05259188637137413,0.6303952932357788,0.8451855778694153,-0.05056234076619148,0.40824028849601746,0.897185742855072,-0.006210177671164274,0.4898112416267395,0.8860496282577515,-0.013209947384893894,0.5348714590072632,0.8772757053375244,-0.011099743656814098,0.5695896744728088,0.8687205910682678,-0.007344532757997513,correct
0.23375527560710907,0.8995450735092163,5.024143092668965e-07,0.2516169548034668,0.7649974822998047,-0.0403757318854332,0.3114476203918457,0.6778931617736816,-0.062206413596868515,0.3973216116428375,0.64930260181427,-0.07079873234033585,0.4658767282962799,0.6560215950012207,-0.06998218595981598,0.3743240535259247,0.7756123542785645,-0.07761049270629883,0.49100571870803833,0.7487762570381165,-0.09638600051403046,0.4945595860481262,0.7022671699523926,-0.09315689653158188,0.4716304838657379,0.6800047159194946,-0.0843348354101181,0.39746594429016113,0.8364824056625366,-0.05833405628800392,0.5262264013290405,0.8176839351654053,-0.09104239195585251,0.597091794013977,0.8001587986946106,-0.09912970662117004,0.6484699845314026,0.7978230714797974,-0.10092505067586899,0.4066368341445923,0.8727499842643738,-0.03711327537894249,0.5177065134048462,0.8595780730247498,-0.061820853501558304,0.583452582359314,0.8472585678100586,-0.06712797284126282,0.6304676532745361,0.8443241119384766,-0.06579149514436722,0.40583160519599915,0.8912310600280762,-0.0163225419819355,0.4867400527000427,0.8811109662055969,-0.02886553294956684,0.5325826406478882,0.876356303691864,-0.0291276965290308,0.5679574012756348,0.8715229630470276,-0.02628965675830841,correct
0.23026449978351593,0.8962321877479553,4.775176876137266e-07,0.25323739647865295,0.7631335258483887,-0.039717379957437515,0.3157661557197571,0.6777656674385071,-0.06167662888765335,0.4007679522037506,0.6511375308036804,-0.07054641842842102,0.4689377248287201,0.6583733558654785,-0.07088850438594818,0.37702128291130066,0.775058388710022,-0.07633718103170395,0.49344873428344727,0.7512680888175964,-0.09627368301153183,0.49309471249580383,0.7036916613578796,-0.0963829979300499,0.4666588008403778,0.6820240616798401,-0.08945989608764648,0.3967495262622833,0.8361462354660034,-0.05633668228983879,0.5273244976997375,0.8190881609916687,-0.08693235367536545,0.5976211428642273,0.7997121810913086,-0.09533663839101791,0.6479132175445557,0.7968336343765259,-0.09790857136249542,0.4042090177536011,0.8739199042320251,-0.03442631661891937,0.5189681649208069,0.8644945025444031,-0.05672265216708183,0.5846966505050659,0.8515851497650146,-0.06218250095844269,0.6315759420394897,0.8475281596183777,-0.061592161655426025,0.40361782908439636,0.8934922218322754,-0.012843201868236065,0.48620593547821045,0.8833532929420471,-0.022731930017471313,0.5322985053062439,0.8776431679725647,-0.022016560658812523,0.5685720443725586,0.8726785778999329,-0.019086753949522972,correct
0.23398208618164062,0.9034596681594849,4.794365509042109e-07,0.2529178857803345,0.7670890092849731,-0.03691848739981651,0.31440427899360657,0.6814227104187012,-0.057332322001457214,0.400877445936203,0.6561834812164307,-0.06508927792310715,0.4683855473995209,0.6638834476470947,-0.06402366608381271,0.37571078538894653,0.7770712971687317,-0.07550184428691864,0.494057297706604,0.7544705271720886,-0.09425941109657288,0.4938936233520508,0.708634078502655,-0.09206145256757736,0.46823054552078247,0.6874447464942932,-0.08391615748405457,0.39799201488494873,0.8389042615890503,-0.05759875476360321,0.5285050868988037,0.8228404521942139,-0.08897973597049713,0.5992621183395386,0.8044769763946533,-0.0970647856593132,0.6502936482429504,0.8025754690170288,-0.09924046695232391,0.4060726463794708,0.8770259022712708,-0.03741731867194176,0.5194301605224609,0.8673099279403687,-0.06064775958657265,0.5855581164360046,0.8552818298339844,-0.06600187718868256,0.632418155670166,0.8527538180351257,-0.06513301283121109,0.4044826924800873,0.8967458009719849,-0.017332974821329117,0.4857078194618225,0.8866496086120605,-0.02792389877140522,0.5312200784683228,0.8821362853050232,-0.027153989300131798,0.566231369972229,0.8784059882164001,-0.02397872507572174,correct
0.23191167414188385,0.8961188793182373,5.120378432366124e-07,0.2510881721973419,0.7599559426307678,-0.035952478647232056,0.3152806758880615,0.6753734946250916,-0.05491674318909645,0.4006177484989166,0.6512539386749268,-0.06084662675857544,0.46542829275131226,0.6561604738235474,-0.05759485065937042,0.3716449737548828,0.769221842288971,-0.07660568505525589,0.49165767431259155,0.7453406453132629,-0.09385734051465988,0.4963110685348511,0.6993347406387329,-0.08870799094438553,0.4732697606086731,0.6770082116127014,-0.07733414322137833,0.3929072916507721,0.8300886154174805,-0.057536233216524124,0.5268953442573547,0.8137156963348389,-0.08739112317562103,0.5982253551483154,0.796211302280426,-0.09074171632528305,0.6488503217697144,0.7944901585578918,-0.08799541741609573,0.40348854660987854,0.868024468421936,-0.03621158376336098,0.5208079814910889,0.8563753366470337,-0.05800403282046318,0.5857539176940918,0.845300018787384,-0.060583557933568954,0.6313819885253906,0.8426383137702942,-0.056455302983522415,0.40409404039382935,0.8888900279998779,-0.014934973791241646,0.4888491630554199,0.8811278343200684,-0.022287851199507713,0.5343258380889893,0.8775020241737366,-0.019074205309152603,0.5673832893371582,0.8733682632446289,-0.013592872768640518,correct
0.2369081974029541,0.8860786557197571,5.057818270870484e-07,0.2556341588497162,0.7521579265594482,-0.0398252047598362,0.3143388330936432,0.670498788356781,-0.060756757855415344,0.3968455493450165,0.6467202305793762,-0.06848384439945221,0.46136474609375,0.6505353450775146,-0.06720302253961563,0.3784548342227936,0.7732741832733154,-0.07391919195652008,0.49107617139816284,0.743062436580658,-0.09250467270612717,0.4893055260181427,0.6956822872161865,-0.09174049645662308,0.4643692672252655,0.6730578541755676,-0.08411203324794769,0.40024739503860474,0.8315010070800781,-0.05316798761487007,0.5285595655441284,0.8085100650787354,-0.08275296539068222,0.5969740152359009,0.787649393081665,-0.08996176719665527,0.6469467878341675,0.783896267414093,-0.09122584015130997,0.40869447588920593,0.8675504326820374,-0.030692465603351593,0.5186729431152344,0.8484418392181396,-0.05162862315773964,0.5821449160575867,0.8351415395736694,-0.05601136386394501,0.6278780698776245,0.8313805460929871,-0.05421432852745056,0.40735796093940735,0.8866170644760132,-0.008847489953041077,0.48774755001068115,0.8737247586250305,-0.016242336481809616,0.530929684638977,0.8688682913780212,-0.013887940905988216,0.564170241355896,0.865032970905304,-0.009681565687060356,correct
0.2373092770576477,0.8759140968322754,4.677742424519238e-07,0.2551758885383606,0.7466110587120056,-0.037123944610357285,0.3138769567012787,0.6669104695320129,-0.05800752341747284,0.3943348526954651,0.6439322829246521,-0.06685245782136917,0.45800286531448364,0.6504125595092773,-0.06747522950172424,0.3747638761997223,0.7629556059837341,-0.07240726053714752,0.485670804977417,0.7355363368988037,-0.0923946350812912,0.48213574290275574,0.6916580200195312,-0.09350188821554184,0.4567822813987732,0.6724929213523865,-0.08754657208919525,0.3958241939544678,0.8209700584411621,-0.05451913923025131,0.5212027430534363,0.802954375743866,-0.08446157723665237,0.5900226831436157,0.7841086983680725,-0.09277836233377457,0.642019510269165,0.7799732685089111,-0.09540344774723053,0.4043499827384949,0.8582720160484314,-0.03493102267384529,0.5141875743865967,0.8464197516441345,-0.056925587356090546,0.5782027244567871,0.8338439464569092,-0.06225603073835373,0.6262935400009155,0.8278710246086121,-0.0615340992808342,0.4046050012111664,0.8796829581260681,-0.015755830332636833,0.48544666171073914,0.8689615726470947,-0.025320852175354958,0.5302513837814331,0.8620716333389282,-0.024215567857027054,0.5661088824272156,0.8545411825180054,-0.02106788381934166,correct
0.21793648600578308,0.9118333458900452,4.76416118999623e-07,0.2397867888212204,0.7735256552696228,-0.033711355179548264,0.30267205834388733,0.6886940598487854,-0.05337384343147278,0.3870534300804138,0.6645317077636719,-0.06119905784726143,0.45271727442741394,0.6705061793327332,-0.06009148061275482,0.3618142604827881,0.786094069480896,-0.07104596495628357,0.47782036662101746,0.7557753324508667,-0.08892342448234558,0.4806472063064575,0.7113481760025024,-0.08703918009996414,0.45729348063468933,0.6899624466896057,-0.07857239991426468,0.3819757401943207,0.8469941020011902,-0.05398062989115715,0.5130396485328674,0.8264684677124023,-0.08329353481531143,0.5845965147018433,0.8087822794914246,-0.08879554271697998,0.6368759870529175,0.8058447241783142,-0.08852111548185349,0.3899000883102417,0.8853781223297119,-0.034681010991334915,0.5052379965782166,0.8711140751838684,-0.05465000867843628,0.5710400938987732,0.8579840660095215,-0.05597487837076187,0.6169320940971375,0.8531301021575928,-0.051882967352867126,0.38828688859939575,0.9069273471832275,-0.015650290995836258,0.47394704818725586,0.895483672618866,-0.020852163434028625,0.5196637511253357,0.8875687718391418,-0.015064366161823273,0.5518590211868286,0.8794902563095093,-0.00829165056347847,correct
0.22539852559566498,0.8978251218795776,4.909022663923679e-07,0.24309735000133514,0.7626866102218628,-0.03411903232336044,0.3020195960998535,0.6840307712554932,-0.0532279871404171,0.38378939032554626,0.6609632968902588,-0.05994449928402901,0.44710573554039,0.6677278876304626,-0.05867375060915947,0.36865514516830444,0.7765403985977173,-0.06978431344032288,0.4765612781047821,0.7510022521018982,-0.08880158513784409,0.47595280408859253,0.7059817314147949,-0.08901114016771317,0.4519038796424866,0.6850494742393494,-0.08173108100891113,0.38923221826553345,0.835446298122406,-0.051296379417181015,0.5164064168930054,0.8168931603431702,-0.0804862305521965,0.5843482613563538,0.7958120107650757,-0.08629149198532104,0.6340769529342651,0.7893996238708496,-0.08600639551877975,0.3961484134197235,0.8738778829574585,-0.0307316854596138,0.5076408386230469,0.8615970611572266,-0.05155400186777115,0.5719362497329712,0.8496753573417664,-0.05447116866707802,0.6184167265892029,0.8441852331161499,-0.05097352713346481,0.3935977816581726,0.8958698511123657,-0.010168679989874363,0.47545942664146423,0.8854224681854248,-0.01651984266936779,0.5200047492980957,0.8782938718795776,-0.012494102120399475,0.5535548329353333,0.8710046410560608,-0.006720288656651974,correct
0.21428203582763672,0.9111379981040955,4.840817950935161e-07,0.23722399771213531,0.7765663266181946,-0.03242697939276695,0.2987572252750397,0.6911079287528992,-0.0514683872461319,0.38367760181427,0.6680635809898376,-0.058879777789115906,0.4502749741077423,0.6744853258132935,-0.05718314275145531,0.3609594404697418,0.7837744355201721,-0.06814831495285034,0.4763262867927551,0.7560650110244751,-0.08504936099052429,0.47714024782180786,0.7131123542785645,-0.08271642029285431,0.4527718424797058,0.6940690279006958,-0.07465247809886932,0.3814076781272888,0.8462279438972473,-0.05226237699389458,0.5097310543060303,0.8279381990432739,-0.08310922980308533,0.5807232856750488,0.8115237355232239,-0.09134366363286972,0.6330105066299438,0.8093076348304749,-0.09329675883054733,0.38809338212013245,0.8851311802864075,-0.033940963447093964,0.5008535385131836,0.8746130466461182,-0.055789608508348465,0.567107081413269,0.862049400806427,-0.06004311516880989,0.614654541015625,0.8569862246513367,-0.058246418833732605,0.38551390171051025,0.9072918891906738,-0.015517640858888626,0.46846339106559753,0.8988580107688904,-0.024074258282780647,0.5155808329582214,0.8926281929016113,-0.02157660387456417,0.551925539970398,0.8859210014343262,-0.017129383981227875,correct
0.2026240974664688,0.9083154201507568,5.400138434197288e-07,0.22554433345794678,0.7777759432792664,-0.03528469055891037,0.28723886609077454,0.6954612135887146,-0.05611807852983475,0.3693862855434418,0.6725335121154785,-0.06426429748535156,0.4329012930393219,0.6798993945121765,-0.0638890191912651,0.3432856798171997,0.7924739718437195,-0.07803120464086533,0.4549703299999237,0.7674096822738647,-0.09650620073080063,0.45913130044937134,0.7187977433204651,-0.09426803886890411,0.43755123019218445,0.6940499544143677,-0.08617418259382248,0.3614940941333771,0.8508328795433044,-0.06144292280077934,0.491080105304718,0.8343972563743591,-0.09376293420791626,0.563751757144928,0.8168883919715881,-0.10120128840208054,0.6167363524436951,0.814768373966217,-0.10222727060317993,0.36747509241104126,0.8881028294563293,-0.0421358197927475,0.48207277059555054,0.8776785135269165,-0.06564950197935104,0.5513201355934143,0.8679385185241699,-0.07077766209840775,0.6012330055236816,0.8663210868835449,-0.06925468891859055,0.3641835153102875,0.9100863337516785,-0.022684872150421143,0.4472336173057556,0.9031683802604675,-0.03325118124485016,0.49627935886383057,0.90031498670578,-0.03229457139968872,0.5343321561813354,0.8965694904327393,-0.028836892917752266,correct
0.21312765777111053,0.9054158926010132,4.813088594346482e-07,0.23350225389003754,0.7714722156524658,-0.036334309726953506,0.2930392920970917,0.6892046928405762,-0.055446986109018326,0.37387752532958984,0.6644604802131653,-0.062097541987895966,0.4379141628742218,0.6689857840538025,-0.059433840215206146,0.35840219259262085,0.7855592966079712,-0.06642864644527435,0.46770918369293213,0.759316086769104,-0.0833192765712738,0.46312832832336426,0.7139027118682861,-0.08186552673578262,0.4362913966178894,0.6956073641777039,-0.07376331090927124,0.3814777135848999,0.8467655181884766,-0.046731818467378616,0.5056300163269043,0.8260648250579834,-0.07668499648571014,0.5719636678695679,0.8079744577407837,-0.08270977437496185,0.6201775074005127,0.8075265884399414,-0.08201125264167786,0.39033615589141846,0.8857519030570984,-0.0254083089530468,0.5000467300415039,0.8727656006813049,-0.047660116106271744,0.5638465285301208,0.8626576662063599,-0.05077243223786354,0.6086342334747314,0.8605872392654419,-0.04662402719259262,0.39105698466300964,0.906465470790863,-0.004273613914847374,0.4742763638496399,0.8913007974624634,-0.012762784957885742,0.5180764198303223,0.8816127777099609,-0.00968104973435402,0.5498393774032593,0.8734882473945618,-0.003774745389819145,correct
0.22647219896316528,0.8986728191375732,5.113948873258778e-07,0.24351441860198975,0.7676627039909363,-0.03989791497588158,0.30043965578079224,0.6909323334693909,-0.061506982892751694,0.3795868754386902,0.6674208045005798,-0.06873293966054916,0.4424016773700714,0.6716671586036682,-0.06711111962795258,0.3639265298843384,0.7920325994491577,-0.08359424024820328,0.468561053276062,0.764824628829956,-0.09954711049795151,0.46927425265312195,0.7170159816741943,-0.09327457845211029,0.44642430543899536,0.6945633888244629,-0.08198295533657074,0.38498079776763916,0.8504409790039062,-0.061936695128679276,0.5097886323928833,0.8326548933982849,-0.09547869116067886,0.5775600671768188,0.8111318349838257,-0.10163415968418121,0.6267460584640503,0.8060091733932495,-0.1009310707449913,0.39357060194015503,0.8854199647903442,-0.03715088963508606,0.504039466381073,0.8758471012115479,-0.06328511238098145,0.5690212249755859,0.8647449016571045,-0.06831508129835129,0.6144455671310425,0.8619843125343323,-0.06491246074438095,0.3939715623855591,0.9017509818077087,-0.011974306777119637,0.4792737066745758,0.8889960050582886,-0.022216040641069412,0.5227090120315552,0.8808909058570862,-0.02009078674018383,0.5527679920196533,0.8736017346382141,-0.01503266952931881,correct
0.22393755614757538,0.8984975814819336,4.898205361314467e-07,0.24191811680793762,0.7685666084289551,-0.04009436443448067,0.29999998211860657,0.6896318793296814,-0.06214379891753197,0.3795042335987091,0.6681904792785645,-0.07039790600538254,0.44299864768981934,0.6699652671813965,-0.0696994960308075,0.36168113350868225,0.7895186543464661,-0.08163043111562729,0.4692770838737488,0.7614560127258301,-0.10177337378263474,0.4662650525569916,0.7136410474777222,-0.10027176141738892,0.4412059485912323,0.6924328207969666,-0.09227713942527771,0.38531437516212463,0.8479681611061096,-0.0609818771481514,0.5087679624557495,0.8287662267684937,-0.09706071019172668,0.5773023366928101,0.8107112050056458,-0.10573717206716537,0.6283797025680542,0.8093497157096863,-0.10691016912460327,0.39568158984184265,0.8839528560638428,-0.03772450238466263,0.5046301484107971,0.8732224106788635,-0.06445981562137604,0.5687943696975708,0.8637260794639587,-0.06933888047933578,0.6158443689346313,0.8622098565101624,-0.06647907942533493,0.3970406651496887,0.9024412035942078,-0.014594386331737041,0.4773310124874115,0.8902142643928528,-0.026790659874677658,0.5205977559089661,0.8823774456977844,-0.025869758799672127,0.5542939305305481,0.8746027946472168,-0.021683068946003914,correct
0.22112400829792023,0.8952441215515137,5.1709662329813e-07,0.23991245031356812,0.7615246772766113,-0.03879643604159355,0.29695937037467957,0.6808550953865051,-0.061535004526376724,0.3778347671031952,0.6617193222045898,-0.07167353481054306,0.44237980246543884,0.6610053181648254,-0.07299120724201202,0.35879844427108765,0.7804312705993652,-0.07672768831253052,0.47087717056274414,0.7534194588661194,-0.09871381521224976,0.46869099140167236,0.7047736644744873,-0.10048617422580719,0.4441702365875244,0.6823552250862122,-0.09444000571966171,0.38064154982566833,0.8407511711120605,-0.057956308126449585,0.5074293613433838,0.8215361833572388,-0.09456303715705872,0.5769532918930054,0.8052375912666321,-0.10444695502519608,0.6282360553741455,0.8056532144546509,-0.10636839270591736,0.3888132572174072,0.8786017298698425,-0.03718166425824165,0.5010175704956055,0.868446409702301,-0.06416048109531403,0.5670366287231445,0.8584044575691223,-0.06880690902471542,0.6153541803359985,0.8556951880455017,-0.06569898873567581,0.3888087868690491,0.8989771604537964,-0.01667723059654236,0.47328782081604004,0.8872170448303223,-0.027988631278276443,0.5184603929519653,0.8787121176719666,-0.025766506791114807,0.5527622699737549,0.8693223595619202,-0.020788850262761116,correct
0.20707188546657562,0.9067009687423706,5.188121576793492e-07,0.22876444458961487,0.7736096382141113,-0.03492128103971481,0.2914135158061981,0.6866632699966431,-0.057224009186029434,0.3723835051059723,0.6601554751396179,-0.06790375709533691,0.43813738226890564,0.6631446480751038,-0.07040093839168549,0.3431820571422577,0.7802531719207764,-0.07916508615016937,0.46278709173202515,0.7533800601959229,-0.10075892508029938,0.4647267758846283,0.7071460485458374,-0.10113685578107834,0.44101229310035706,0.6846914291381836,-0.0940886065363884,0.3625415861606598,0.845181941986084,-0.06405970454216003,0.49641239643096924,0.826638400554657,-0.0958615094423294,0.5694410800933838,0.8081522583961487,-0.1031145229935646,0.6216938495635986,0.8049747347831726,-0.10453727096319199,0.37040549516677856,0.8861008882522583,-0.04654182493686676,0.49061381816864014,0.871587336063385,-0.0695774182677269,0.5589849948883057,0.8588531613349915,-0.07324368506669998,0.6069104671478271,0.8548842668533325,-0.07093901932239532,0.37042251229286194,0.9074076414108276,-0.029002360999584198,0.45868661999702454,0.8911141157150269,-0.037949904799461365,0.5054317116737366,0.8805146813392639,-0.03433149680495262,0.538131058216095,0.8711414337158203,-0.029191812500357628,correct
0.2068382203578949,0.8943190574645996,5.307775836627115e-07,0.23181140422821045,0.7654863595962524,-0.03682902827858925,0.29269659519195557,0.6855464577674866,-0.059718742966651917,0.3734937012195587,0.6617212891578674,-0.0700707733631134,0.4385945200920105,0.6627627015113831,-0.071700319647789,0.3471324145793915,0.7804833054542542,-0.08390060067176819,0.46230971813201904,0.7513015270233154,-0.10192810744047165,0.4607931673526764,0.7073961496353149,-0.09741133451461792,0.43557631969451904,0.6822090148925781,-0.08754780143499374,0.36534345149993896,0.8423718810081482,-0.06715456396341324,0.4951797127723694,0.826483428478241,-0.09950031340122223,0.5678019523620605,0.8103866577148438,-0.10664177685976028,0.6218889355659485,0.805486798286438,-0.1078275740146637,0.3717890977859497,0.8809918761253357,-0.04734749346971512,0.4860382676124573,0.8668331503868103,-0.07018968462944031,0.5547500252723694,0.8531297445297241,-0.07448016107082367,0.6039561033248901,0.8478505611419678,-0.07272293418645859,0.37100306153297424,0.9022051095962524,-0.027523405849933624,0.45712313055992126,0.8893365263938904,-0.03659126162528992,0.5058282017707825,0.8803280591964722,-0.033898044377565384,0.5419637560844421,0.8723297715187073,-0.029532821848988533,correct
0.20295822620391846,0.9153639078140259,4.794403594132746e-07,0.22578366100788116,0.7841406464576721,-0.03543345630168915,0.2878485321998596,0.6973129510879517,-0.05703064054250717,0.37097442150115967,0.673007607460022,-0.06660206615924835,0.43589693307876587,0.6819269061088562,-0.06816691905260086,0.3436604142189026,0.793641209602356,-0.07810121029615402,0.45825085043907166,0.7702144980430603,-0.09861653298139572,0.4589499533176422,0.7244189977645874,-0.09926199167966843,0.4355708360671997,0.6985037326812744,-0.0929863303899765,0.3627893626689911,0.8578136563301086,-0.06260398030281067,0.49294590950012207,0.842536449432373,-0.09124762564897537,0.5659489631652832,0.8246715068817139,-0.09856019169092178,0.6192102432250977,0.8183507919311523,-0.10098449885845184,0.36821991205215454,0.8983968496322632,-0.044910505414009094,0.4812983274459839,0.8861933946609497,-0.06631676107645035,0.5517312288284302,0.8738855123519897,-0.0721936896443367,0.6021724939346313,0.8677402138710022,-0.07239145785570145,0.36555472016334534,0.9205975532531738,-0.027234729379415512,0.44953829050064087,0.9077433943748474,-0.03759883716702461,0.4974139332771301,0.8990432024002075,-0.036695532500743866,0.5328972339630127,0.8894336819648743,-0.03386230021715164,correct
0.20147952437400818,0.9189119338989258,5.122879542795999e-07,0.22438973188400269,0.7845965027809143,-0.0360787995159626,0.2873627841472626,0.6990569233894348,-0.05664127692580223,0.3712312579154968,0.6694196462631226,-0.06413166224956512,0.43918073177337646,0.6665834784507751,-0.06294534355401993,0.3429916799068451,0.7915352582931519,-0.08119641244411469,0.4608079791069031,0.7650048136711121,-0.10032889991998672,0.462762713432312,0.7174721360206604,-0.09668475389480591,0.4385087490081787,0.6917592287063599,-0.08665730804204941,0.36392584443092346,0.8523533940315247,-0.06331295520067215,0.49662381410598755,0.8332632184028625,-0.09541034698486328,0.5704534649848938,0.8130993247032166,-0.10191719979047775,0.6239522695541382,0.8071801066398621,-0.10220804810523987,0.3716925084590912,0.8901726603507996,-0.042609408497810364,0.48594385385513306,0.8750185966491699,-0.06502234190702438,0.5561057925224304,0.8624505996704102,-0.06984127312898636,0.6061237454414368,0.8581416606903076,-0.06807208061218262,0.3722105026245117,0.9110440611839294,-0.021684972569346428,0.45764774084091187,0.8962512612342834,-0.031121784821152687,0.5078269243240356,0.8882981538772583,-0.029902825132012367,0.5460631251335144,0.8806046843528748,-0.026257432997226715,correct
0.2083631455898285,0.9143099188804626,5.337843731467729e-07,0.2302275151014328,0.782645046710968,-0.03479880094528198,0.2895008325576782,0.699795663356781,-0.05648475140333176,0.36939504742622375,0.6740652918815613,-0.06609127670526505,0.4341012239456177,0.6747165322303772,-0.0675647109746933,0.3435271680355072,0.794691264629364,-0.08127662539482117,0.46181952953338623,0.7683141231536865,-0.10241340100765228,0.4656637907028198,0.7205137014389038,-0.10012653470039368,0.441991925239563,0.696577250957489,-0.09034432470798492,0.36369237303733826,0.855564534664154,-0.0648488700389862,0.5010940432548523,0.8379974961280823,-0.09873244166374207,0.5742376446723938,0.8176729083061218,-0.10491607338190079,0.6253989934921265,0.8116433620452881,-0.10415513813495636,0.373956561088562,0.8932015895843506,-0.04575061798095703,0.495738685131073,0.8831533193588257,-0.07101846486330032,0.5652461051940918,0.8685051202774048,-0.07628162950277328,0.6127395629882812,0.8605589270591736,-0.07366343587636948,0.3763459324836731,0.9138328433036804,-0.026200316846370697,0.466828316450119,0.9012880325317383,-0.03551015630364418,0.5141840577125549,0.8902825713157654,-0.03289955481886864,0.5458880662918091,0.8793168067932129,-0.027850715443491936,correct
0.1979622095823288,0.9156565070152283,4.90374191031151e-07,0.22236186265945435,0.7848330736160278,-0.03153842315077782,0.2839362621307373,0.7001311779022217,-0.0505170114338398,0.36336660385131836,0.6751734018325806,-0.058355558663606644,0.42807891964912415,0.6784679889678955,-0.05744064971804619,0.3440813422203064,0.7919942140579224,-0.06757476180791855,0.4595646858215332,0.7663695216178894,-0.08531109243631363,0.456895649433136,0.7217854261398315,-0.08404576033353806,0.4299704432487488,0.7030296325683594,-0.07628677040338516,0.3659788966178894,0.8568267226219177,-0.05247945711016655,0.4939084053039551,0.8414861559867859,-0.08481674641370773,0.5650633573532104,0.8229652643203735,-0.09401319921016693,0.6168866157531738,0.8191567063331604,-0.09602095931768417,0.3747931122779846,0.8980684876441956,-0.03482400253415108,0.4880508780479431,0.8897436261177063,-0.05881064012646675,0.5564289093017578,0.8789495229721069,-0.06405064463615417,0.6046950817108154,0.8752114772796631,-0.0618138387799263,0.3752550780773163,0.9209453463554382,-0.016651546582579613,0.46137744188308716,0.9063886404037476,-0.024850985035300255,0.5065258741378784,0.8973404765129089,-0.0204977598041296,0.5379989743232727,0.8889108300209045,-0.014276948757469654,correct
0.20702432096004486,0.9272136688232422,5.203958153288113e-07,0.22860853374004364,0.7945780158042908,-0.03223983198404312,0.29019105434417725,0.7081850171089172,-0.05283062532544136,0.3716655373573303,0.6835322380065918,-0.06155175715684891,0.4350959062576294,0.6881811022758484,-0.06164807826280594,0.3487243950366974,0.8037649393081665,-0.07674822956323624,0.46047601103782654,0.7797689437866211,-0.0949614942073822,0.46067655086517334,0.736182689666748,-0.09151745587587357,0.437630295753479,0.7144798040390015,-0.08234918862581253,0.36983656883239746,0.8686723113059998,-0.06188838928937912,0.4968828558921814,0.8519285321235657,-0.0951576977968216,0.5701135396957397,0.831971287727356,-0.10258683562278748,0.6248910427093506,0.8258402943611145,-0.1035299226641655,0.37755265831947327,0.9117106795310974,-0.04378236457705498,0.48779746890068054,0.9021817445755005,-0.06911437958478928,0.5572142004966736,0.8904948830604553,-0.07383671402931213,0.6072801947593689,0.8848850131034851,-0.07108546048402786,0.3765670955181122,0.93959641456604,-0.02498525194823742,0.46200475096702576,0.9268164038658142,-0.03495126590132713,0.5078118443489075,0.9152715802192688,-0.031557418406009674,0.5412873029708862,0.9023004770278931,-0.02591967023909092,correct
0.18920928239822388,0.9164026975631714,5.294188554216817e-07,0.2133055180311203,0.7789597511291504,-0.028769725933670998,0.27762657403945923,0.6922770142555237,-0.04538499936461449,0.3581078350543976,0.6662566065788269,-0.051148734986782074,0.4217433035373688,0.6692644953727722,-0.04900706186890602,0.3378066420555115,0.7829298973083496,-0.06361246109008789,0.4482729732990265,0.7563000321388245,-0.07897843420505524,0.4507520794868469,0.7156640887260437,-0.07560031861066818,0.42916831374168396,0.6979970932006836,-0.0661768764257431,0.35986602306365967,0.8458279967308044,-0.04925907030701637,0.48965078592300415,0.8284822702407837,-0.07516606897115707,0.559644877910614,0.8108227849006653,-0.07869492471218109,0.6109218001365662,0.8064486384391785,-0.07694724202156067,0.36793020367622375,0.887492299079895,-0.03283755108714104,0.4831100106239319,0.8781741857528687,-0.05281796678900719,0.5494447946548462,0.8694977164268494,-0.05635471269488335,0.5966525077819824,0.8660157322883606,-0.053370822221040726,0.3660900890827179,0.9142667055130005,-0.015844043344259262,0.450855553150177,0.9036389589309692,-0.021349648013710976,0.4953654706478119,0.8955734372138977,-0.01680232398211956,0.5276404619216919,0.8873769044876099,-0.01076218206435442,correct
0.1692960113286972,0.9294525980949402,5.700701422028942e-07,0.18499046564102173,0.7922267913818359,-0.03264205902814865,0.24605795741081238,0.6892427802085876,-0.05440765619277954,0.32897835969924927,0.6491357088088989,-0.06469973921775818,0.39798495173454285,0.6509976387023926,-0.06714361160993576,0.2983453571796417,0.7720597982406616,-0.07998303323984146,0.41733214259147644,0.7355681657791138,-0.10100935399532318,0.42450815439224243,0.6963987350463867,-0.09882394224405289,0.4057995080947876,0.679844856262207,-0.090169258415699,0.3254811763763428,0.8380648493766785,-0.06766480952501297,0.4601832628250122,0.8094401359558105,-0.09828325361013412,0.5348671674728394,0.7885351777076721,-0.10356845706701279,0.589277446269989,0.7804180979728699,-0.10369902849197388,0.3394395709037781,0.8839813470840454,-0.053038109093904495,0.45676589012145996,0.8646842241287231,-0.07665055245161057,0.5286889672279358,0.8494177460670471,-0.0816192701458931,0.5809163451194763,0.841171383857727,-0.08042502403259277,0.3445248603820801,0.9141261577606201,-0.03794335573911667,0.43427008390426636,0.8938299417495728,-0.04839155077934265,0.48543503880500793,0.8811106085777283,-0.04704912751913071,0.523838460445404,0.8700164556503296,-0.043803803622722626,correct
0.17596624791622162,0.8823989033699036,5.029332328376768e-07,0.18945416808128357,0.7405759692192078,-0.030854960903525352,0.25110694766044617,0.6438064575195312,-0.04742913693189621,0.3333824574947357,0.6096299290657043,-0.052443020045757294,0.39897769689559937,0.6095294952392578,-0.04899630695581436,0.31574559211730957,0.7314901947975159,-0.06661465764045715,0.4308643639087677,0.6925223469734192,-0.08150940388441086,0.4288255274295807,0.6525813937187195,-0.0776454359292984,0.4025866389274597,0.6362756490707397,-0.06811047345399857,0.3412353992462158,0.7953146696090698,-0.05101031810045242,0.4711359143257141,0.763645589351654,-0.07426124066114426,0.5417034029960632,0.7397244572639465,-0.07784990221261978,0.5930362939834595,0.7312220335006714,-0.0774809941649437,0.35037660598754883,0.8378052115440369,-0.03326940909028053,0.46147024631500244,0.8146358728408813,-0.050084032118320465,0.5276385545730591,0.7987809181213379,-0.05317343398928642,0.5747681856155396,0.791042685508728,-0.051330290734767914,0.349252313375473,0.8646237850189209,-0.015322246588766575,0.43206360936164856,0.8449153304100037,-0.0203078780323267,0.4778912663459778,0.8333855271339417,-0.01615792326629162,0.5112712383270264,0.8224990367889404,-0.011129695922136307,correct
0.1721431165933609,0.9406507611274719,5.255030259831983e-07,0.19072391092777252,0.8045607209205627,-0.033400725573301315,0.25041571259498596,0.7101554274559021,-0.05490046739578247,0.3315730690956116,0.6765450239181519,-0.06402656435966492,0.3976316452026367,0.6777960658073425,-0.06439945846796036,0.3114756941795349,0.8001236319541931,-0.08182068169116974,0.4303796589374542,0.7644801735877991,-0.09911666065454483,0.43112218379974365,0.7182270288467407,-0.09411079436540604,0.4070170521736145,0.6970745325088501,-0.08370856940746307,0.3338196277618408,0.8657979965209961,-0.066021628677845,0.46787354350090027,0.8384224772453308,-0.09849980473518372,0.5406274795532227,0.8135408759117126,-0.1048828512430191,0.5935007333755493,0.8049319982528687,-0.10516610741615295,0.34352120757102966,0.9091359972953796,-0.046614423394203186,0.4610326588153839,0.8847468495368958,-0.07039424031972885,0.5307290554046631,0.8657532930374146,-0.07422304153442383,0.578544020652771,0.8586994409561157,-0.07116108387708664,0.34508979320526123,0.9340018033981323,-0.026564860716462135,0.4372486472129822,0.9056177735328674,-0.03557321056723595,0.485627681016922,0.89244544506073,-0.03192644938826561,0.5192387104034424,0.8836060762405396,-0.026291193440556526,correct
0.18192678689956665,0.9450334310531616,5.101871352053422e-07,0.19948408007621765,0.8092694878578186,-0.0346955768764019,0.258789598941803,0.7199839353561401,-0.0552053228020668,0.33842894434928894,0.6910759806632996,-0.06321325153112411,0.4031105041503906,0.6907707452774048,-0.062345750629901886,0.319489061832428,0.8132495284080505,-0.07831049710512161,0.431499719619751,0.7792339324951172,-0.09510377049446106,0.4324014186859131,0.732977569103241,-0.09016711264848709,0.409435898065567,0.7134591341018677,-0.0799868181347847,0.34159624576568604,0.8774188160896301,-0.061984263360500336,0.46925535798072815,0.8494421243667603,-0.09459389746189117,0.5400339365005493,0.8270597457885742,-0.1001567542552948,0.5919779539108276,0.8222532272338867,-0.09921955317258835,0.35112181305885315,0.9190211892127991,-0.04278351739048958,0.4634369909763336,0.8998748064041138,-0.06774134188890457,0.5313102006912231,0.883388876914978,-0.07150783389806747,0.5800088047981262,0.8770696520805359,-0.06779299676418304,0.3522557020187378,0.9448040723800659,-0.02323906309902668,0.4389396011829376,0.9247894287109375,-0.03341105580329895,0.4851449728012085,0.9120083451271057,-0.030228303745388985,0.5182586312294006,0.9018821716308594,-0.024446990340948105,correct
0.18011118471622467,0.9677147269248962,4.4668539089798287e-07,0.20089387893676758,0.8332536816596985,-0.029263067990541458,0.2601317763328552,0.7456160187721252,-0.04915756732225418,0.34039363265037537,0.7151333689689636,-0.0590144582092762,0.4047449231147766,0.7159634828567505,-0.060773514211177826,0.3140106201171875,0.8369103670120239,-0.0735580325126648,0.42953217029571533,0.8007305264472961,-0.09271922707557678,0.43469423055648804,0.7563978433609009,-0.08930898457765579,0.4141572415828705,0.7347254157066345,-0.08034636825323105,0.3369900584220886,0.9010151028633118,-0.06281018257141113,0.46680450439453125,0.8755865693092346,-0.09316094219684601,0.5399761199951172,0.8576754927635193,-0.09869128465652466,0.5939524173736572,0.8530645370483398,-0.09888672828674316,0.3479233384132385,0.9455847144126892,-0.04960130155086517,0.4611796736717224,0.924921452999115,-0.072614386677742,0.5289152264595032,0.9095699191093445,-0.07640007883310318,0.577190637588501,0.9016380906105042,-0.07443783432245255,0.3490889072418213,0.9757213592529297,-0.036046404391527176,0.4348662197589874,0.9615445733070374,-0.04749523848295212,0.4842061400413513,0.9508787989616394,-0.045906949788331985,0.5211037397384644,0.9407939910888672,-0.04196939617395401,correct
0.18813246488571167,0.9454240202903748,4.763797392115521e-07,0.20983566343784332,0.8113343119621277,-0.03255658224225044,0.27235177159309387,0.7242937684059143,-0.05396705120801926,0.3537338972091675,0.6960578560829163,-0.06414639949798584,0.4209696352481842,0.700268030166626,-0.06619415432214737,0.32802480459213257,0.8142299056053162,-0.07623131573200226,0.4429801404476166,0.7885954976081848,-0.09681619703769684,0.4374086856842041,0.7431948184967041,-0.0959472730755806,0.4100583493709564,0.7254049777984619,-0.08875203877687454,0.35008084774017334,0.8801908493041992,-0.06251063197851181,0.48024100065231323,0.8592556118965149,-0.09522386640310287,0.5510113835334778,0.8396831750869751,-0.10333514958620071,0.6018825173377991,0.8387424349784851,-0.10571245104074478,0.35753780603408813,0.9245452880859375,-0.046312060207128525,0.47143927216529846,0.9105149507522583,-0.071345254778862,0.541628897190094,0.8980484008789062,-0.07810556888580322,0.592680811882019,0.8956785202026367,-0.07839295268058777,0.35643041133880615,0.9515699744224548,-0.029507048428058624,0.4399194121360779,0.9416155815124512,-0.04271318390965462,0.4891892075538635,0.9370636940002441,-0.04410446807742119,0.5280374884605408,0.9336329102516174,-0.042738404124975204,correct
0.20303383469581604,0.9451028108596802,4.765977621445927e-07,0.2185749113559723,0.8131471276283264,-0.03264201432466507,0.28153353929519653,0.720639705657959,-0.0531918928027153,0.36341163516044617,0.6925293207168579,-0.06264818459749222,0.4268706440925598,0.7007268071174622,-0.06389915943145752,0.3364461064338684,0.8109722137451172,-0.07511141896247864,0.4529264271259308,0.784064769744873,-0.09596530348062515,0.4490480422973633,0.7428518533706665,-0.09543130546808243,0.42280104756355286,0.7270572781562805,-0.08841452747583389,0.36034056544303894,0.8768631219863892,-0.06168973818421364,0.49090659618377686,0.8533360362052917,-0.09063781052827835,0.5589847564697266,0.8353601694107056,-0.09603960067033768,0.608324408531189,0.833764374256134,-0.09661310911178589,0.37042683362960815,0.9216117262840271,-0.046232059597969055,0.48417824506759644,0.9008960723876953,-0.06864069402217865,0.5504263639450073,0.887887716293335,-0.07339438796043396,0.5988662242889404,0.8829852938652039,-0.07261326164007187,0.3707747161388397,0.9509137868881226,-0.03057369589805603,0.4529935121536255,0.9368090629577637,-0.04289015009999275,0.4998336434364319,0.9295185804367065,-0.04323861747980118,0.5368207693099976,0.9223265647888184,-0.040999289602041245,correct
0.1830921173095703,0.9498995542526245,5.05037121456553e-07,0.20065809786319733,0.8172528743743896,-0.030911782756447792,0.2632107138633728,0.7296872138977051,-0.05035492032766342,0.3437264561653137,0.7021053433418274,-0.05941012501716614,0.40842968225479126,0.7024220824241638,-0.06082841381430626,0.31081870198249817,0.8177682161331177,-0.07322506606578827,0.4291848838329315,0.7877004146575928,-0.09235089272260666,0.43380483984947205,0.7489427328109741,-0.0898897796869278,0.4148087203502655,0.7319851517677307,-0.08136072009801865,0.3345126807689667,0.8843880295753479,-0.061227235943078995,0.46827059984207153,0.8594209551811218,-0.08799774944782257,0.5386238098144531,0.8431844115257263,-0.09044226258993149,0.5893975496292114,0.8389654755592346,-0.08872846513986588,0.3466053903102875,0.9283771514892578,-0.04762236028909683,0.4646958112716675,0.9083718657493591,-0.06906957924365997,0.5322524309158325,0.8951419591903687,-0.07250002771615982,0.5821002125740051,0.8867189884185791,-0.07062149047851562,0.34981539845466614,0.9551909565925598,-0.03381600230932236,0.43657639622688293,0.9422240853309631,-0.04462253302335739,0.4859090745449066,0.9329060316085815,-0.043878547847270966,0.5231800079345703,0.9220809936523438,-0.04103843867778778,correct
0.1878485232591629,0.9402623176574707,4.673109685882082e-07,0.20657767355442047,0.814363420009613,-0.029815642163157463,0.26533788442611694,0.7299861907958984,-0.04784822836518288,0.34094399213790894,0.6989497542381287,-0.055732470005750656,0.40250441431999207,0.7010749578475952,-0.05587106943130493,0.32590723037719727,0.8168538212776184,-0.0643782764673233,0.42942386865615845,0.7823145985603333,-0.07993623614311218,0.43254053592681885,0.7420762777328491,-0.07704415917396545,0.4119114279747009,0.7228598594665527,-0.0686655342578888,0.3461005985736847,0.8776364326477051,-0.052298370748758316,0.46853572130203247,0.8547110557556152,-0.07477374374866486,0.5370727181434631,0.8384742736816406,-0.07727745920419693,0.5869851112365723,0.834417462348938,-0.07591090351343155,0.35375380516052246,0.920049250125885,-0.03879915177822113,0.46168792247772217,0.901010274887085,-0.0563957653939724,0.5271531939506531,0.8884735107421875,-0.059656772762537,0.5749608278274536,0.8826122879981995,-0.05786493793129921,0.35253554582595825,0.9483699798583984,-0.025285402312874794,0.43531152606010437,0.9356131553649902,-0.032891932874917984,0.4835399389266968,0.9267586469650269,-0.030290797352790833,0.5195783376693726,0.9198806881904602,-0.025927288457751274,correct
0.16627082228660583,0.9609910249710083,5.313307269716461e-07,0.18227657675743103,0.8286871910095215,-0.03077823668718338,0.24450883269309998,0.737953782081604,-0.05140788480639458,0.32538554072380066,0.7040765881538391,-0.06093767285346985,0.39139729738235474,0.7002903819084167,-0.062207795679569244,0.29350581765174866,0.8193032741546631,-0.07699718326330185,0.4108714163303375,0.7903870940208435,-0.09492196887731552,0.41266828775405884,0.7518131732940674,-0.09097074717283249,0.39018571376800537,0.7353802919387817,-0.08126373589038849,0.31762367486953735,0.8852802515029907,-0.06425996869802475,0.44863319396972656,0.8626750111579895,-0.0923527181148529,0.5199435949325562,0.8445261120796204,-0.09438444674015045,0.5702965259552002,0.8387975096702576,-0.09185969829559326,0.3295716941356659,0.9293621182441711,-0.04908035323023796,0.4452851414680481,0.9067227244377136,-0.06941710412502289,0.5132871270179749,0.8907730579376221,-0.06961866468191147,0.5610080361366272,0.881834089756012,-0.06510991603136063,0.33425313234329224,0.9579674005508423,-0.03362972289323807,0.4232121706008911,0.9365542531013489,-0.042097657918930054,0.47174710035324097,0.9237680435180664,-0.03761743754148483,0.505007266998291,0.9118077158927917,-0.03160016983747482,correct
0.16890135407447815,0.961837112903595,4.754174653953669e-07,0.17980781197547913,0.8276445269584656,-0.030323604121804237,0.23754405975341797,0.7403811812400818,-0.04925788193941116,0.3154744803905487,0.7111412882804871,-0.05737711116671562,0.37811169028282166,0.7090480923652649,-0.05831296369433403,0.29330146312713623,0.8282477855682373,-0.0703682005405426,0.39311155676841736,0.7982896566390991,-0.08608105778694153,0.4000040292739868,0.7585520148277283,-0.08146189153194427,0.382894903421402,0.7378935217857361,-0.07175702601671219,0.3175572454929352,0.8920661211013794,-0.05855726823210716,0.4410688877105713,0.8698567152023315,-0.08073914051055908,0.5093622207641602,0.8522560596466064,-0.08020782470703125,0.5591863989830017,0.8439711332321167,-0.07658107578754425,0.32959938049316406,0.9347070455551147,-0.04521429166197777,0.44032400846481323,0.9165135622024536,-0.06545499712228775,0.5057238340377808,0.9039902091026306,-0.06811121851205826,0.5521684885025024,0.8947842717170715,-0.06504682451486588,0.33431556820869446,0.9624746441841125,-0.031400106847286224,0.42040807008743286,0.9413980841636658,-0.041720133274793625,0.4668859541416168,0.9261782169342041,-0.03952667862176895,0.49924612045288086,0.911018431186676,-0.03502191603183746,correct
0.17536304891109467,0.9601820707321167,4.671140061418555e-07,0.18702052533626556,0.830450177192688,-0.03062218427658081,0.24331557750701904,0.7462477684020996,-0.04977691173553467,0.3199191689491272,0.7178861498832703,-0.05770019441843033,0.3811647295951843,0.7153828144073486,-0.057908136397600174,0.2925598919391632,0.8365838527679443,-0.07648717612028122,0.40077900886535645,0.8033777475357056,-0.09321656078100204,0.40525567531585693,0.761773407459259,-0.08676975965499878,0.3852420151233673,0.7428383231163025,-0.07506615668535233,0.316510945558548,0.899639368057251,-0.06397705525159836,0.44751715660095215,0.8746646642684937,-0.08967152237892151,0.5154315829277039,0.8545361757278442,-0.08869809657335281,0.5638699531555176,0.8480175137519836,-0.0836314782500267,0.33036139607429504,0.941153347492218,-0.04928804934024811,0.4460093379020691,0.9208720922470093,-0.06978057324886322,0.5098173022270203,0.903996467590332,-0.07029276341199875,0.5543389916419983,0.8944780826568604,-0.06515779346227646,0.336066335439682,0.9677542448043823,-0.034252386540174484,0.4248940944671631,0.9467225670814514,-0.04280173406004906,0.4723426103591919,0.9318357110023499,-0.03879613056778908,0.5047680139541626,0.9191986918449402,-0.03281742334365845,correct
0.16370241343975067,0.9660939574241638,4.919051548313291e-07,0.180363267660141,0.8325988054275513,-0.03287145867943764,0.23581907153129578,0.742300808429718,-0.05341988801956177,0.3150165379047394,0.7126641869544983,-0.06241301819682121,0.3793635964393616,0.7157682180404663,-0.06296979635953903,0.28478097915649414,0.8363745808601379,-0.0781436413526535,0.39728686213493347,0.80243980884552,-0.09601091593503952,0.40268829464912415,0.7588251233100891,-0.08975963294506073,0.38121864199638367,0.7397018671035767,-0.07833480834960938,0.3098337650299072,0.8996715545654297,-0.06449194997549057,0.438132643699646,0.8733698725700378,-0.09609855711460114,0.5100671648979187,0.8532490730285645,-0.09973692893981934,0.5613409280776978,0.8476355075836182,-0.09762643277645111,0.3239113986492157,0.9405956864356995,-0.04846194386482239,0.43580204248428345,0.9229105710983276,-0.0722118392586708,0.5023534893989563,0.9063150882720947,-0.075627900660038,0.5498085021972656,0.8974636197090149,-0.07250194251537323,0.3307519853115082,0.9671362638473511,-0.032130204141139984,0.4172496795654297,0.9507237672805786,-0.04330812022089958,0.467279851436615,0.9380393028259277,-0.042218077927827835,0.504401445388794,0.9265714883804321,-0.03827247396111488,correct
0.16271908581256866,0.9453951120376587,4.981270649295766e-07,0.1760849952697754,0.8155697584152222,-0.03166002407670021,0.23360870778560638,0.7266981601715088,-0.05161977931857109,0.3104357123374939,0.6955549716949463,-0.060499753803014755,0.37227898836135864,0.6958053112030029,-0.062121856957674026,0.2853243947029114,0.8159963488578796,-0.07595113664865494,0.39171743392944336,0.7859410643577576,-0.09593284875154495,0.4003600776195526,0.7412137985229492,-0.09413836896419525,0.3841025233268738,0.7167526483535767,-0.08603715151548386,0.309457927942276,0.8808954358100891,-0.06403345614671707,0.4357448220252991,0.8523672223091125,-0.09282054752111435,0.5050467848777771,0.8318688869476318,-0.09606507420539856,0.5551564693450928,0.8233062624931335,-0.09413576871156693,0.32230982184410095,0.9235641956329346,-0.050122492015361786,0.43497681617736816,0.9003342986106873,-0.07312671840190887,0.5007988810539246,0.8828897476196289,-0.0758107379078865,0.5485160946846008,0.8716577291488647,-0.072310671210289,0.32661449909210205,0.948707103729248,-0.03601294755935669,0.41306519508361816,0.9297481775283813,-0.04810614138841629,0.46245718002319336,0.9170146584510803,-0.04647308960556984,0.4987262487411499,0.9051953554153442,-0.04199204966425896,correct
0.1778157353401184,0.8987518548965454,4.87096087908867e-07,0.1920451670885086,0.7691878080368042,-0.03219149261713028,0.24437075853347778,0.6729494333267212,-0.04936078190803528,0.31731462478637695,0.6377221941947937,-0.05670606344938278,0.375934362411499,0.6391469836235046,-0.05784231424331665,0.2996366620063782,0.7611885666847229,-0.058610700070858,0.39350956678390503,0.7342788577079773,-0.07910139858722687,0.4045940339565277,0.6926993131637573,-0.08401896059513092,0.39673930406570435,0.671638011932373,-0.08169794827699661,0.3269394040107727,0.8195956945419312,-0.0465228371322155,0.4410899877548218,0.7917388081550598,-0.07235333323478699,0.5072669982910156,0.7679163813591003,-0.08030594140291214,0.5569847822189331,0.7584922313690186,-0.08321409672498703,0.34004950523376465,0.8575315475463867,-0.03423817455768585,0.44298428297042847,0.836497962474823,-0.05760272964835167,0.5076425075531006,0.8216646909713745,-0.06750339269638062,0.5572559833526611,0.8132500648498535,-0.06990295648574829,0.34395739436149597,0.8815301060676575,-0.022009942680597305,0.42192503809928894,0.8642165064811707,-0.03600841015577316,0.4662758708000183,0.8536096811294556,-0.03957225754857063,0.5015217661857605,0.8433029651641846,-0.03966732695698738,correct
0.17823563516139984,0.8762755990028381,6.210299261510954e-07,0.19368717074394226,0.743182897567749,-0.03103475272655487,0.24852025508880615,0.652134358882904,-0.05042658746242523,0.32325315475463867,0.62250155210495,-0.06113117188215256,0.38425520062446594,0.6274948716163635,-0.06676918268203735,0.3070090711116791,0.7396913766860962,-0.052811913192272186,0.3995223939418793,0.7260331511497498,-0.07596015185117722,0.41485434770584106,0.6854533553123474,-0.08635929971933365,0.4113721549510956,0.6552172899246216,-0.08769135922193527,0.3269859850406647,0.7967091202735901,-0.04285525903105736,0.4482456147670746,0.7759071588516235,-0.0659375786781311,0.519784152507782,0.7532535791397095,-0.074736088514328,0.573313295841217,0.7426645755767822,-0.07879696786403656,0.33520594239234924,0.836401104927063,-0.03336063772439957,0.44490212202072144,0.8193315863609314,-0.05389425531029701,0.5137317776679993,0.8013186454772949,-0.06321591883897781,0.566588819026947,0.7903478741645813,-0.06599067151546478,0.33682185411453247,0.8640028834342957,-0.024340488016605377,0.41544491052627563,0.8543643355369568,-0.037157513201236725,0.4653271436691284,0.8456977009773254,-0.040423303842544556,0.5077484846115112,0.8362386226654053,-0.04056428745388985,correct
0.19887973368167877,0.8495947122573853,4.887318709734245e-07,0.2088683694601059,0.7228607535362244,-0.029235228896141052,0.2586890459060669,0.637369692325592,-0.048362694680690765,0.33147910237312317,0.6077098846435547,-0.058058686554431915,0.38863861560821533,0.6120842099189758,-0.0619141086935997,0.3252652883529663,0.7228716015815735,-0.059699442237615585,0.41309159994125366,0.7043565511703491,-0.08025022596120834,0.42688050866127014,0.6599231362342834,-0.08610056340694427,0.4201986491680145,0.6320158243179321,-0.08429642766714096,0.34807562828063965,0.7796270251274109,-0.049109041690826416,0.46184080839157104,0.7541946768760681,-0.07369917631149292,0.5298201441764832,0.7296802997589111,-0.08148963004350662,0.5785795450210571,0.7199971079826355,-0.08421266078948975,0.3578682541847229,0.8225825428962708,-0.03716172277927399,0.46011531352996826,0.803139328956604,-0.05634517967700958,0.5260616540908813,0.7840471863746643,-0.06230692192912102,0.5735710859298706,0.7739059925079346,-0.06266669929027557,0.3589259386062622,0.8545201420783997,-0.025361383333802223,0.4343383014202118,0.8453633189201355,-0.03556428104639053,0.4815242290496826,0.8376181125640869,-0.03593134507536888,0.5186394453048706,0.8282216787338257,-0.033669114112854004,correct
0.17826275527477264,0.880840539932251,5.175587034500495e-07,0.18645988404750824,0.7531911134719849,-0.03294769674539566,0.23980560898780823,0.6601879000663757,-0.05443287268280983,0.3179727792739868,0.6229641437530518,-0.06569024920463562,0.3816967010498047,0.6285971403121948,-0.07014985382556915,0.29859626293182373,0.7402244210243225,-0.06514481455087662,0.40065237879753113,0.724375307559967,-0.08987012505531311,0.41842466592788696,0.6813543438911438,-0.09793674200773239,0.4140537679195404,0.6535215973854065,-0.09697425365447998,0.32419463992118835,0.796586275100708,-0.05230328440666199,0.44663968682289124,0.7752591371536255,-0.0812501534819603,0.5167592167854309,0.7536194920539856,-0.08801308274269104,0.5682023763656616,0.7429863810539246,-0.08877458423376083,0.3379068970680237,0.835757315158844,-0.03879053518176079,0.4490777850151062,0.820662260055542,-0.06015360727906227,0.5143977403640747,0.803291380405426,-0.0627467930316925,0.5608888864517212,0.7913988828659058,-0.05930885300040245,0.34256285429000854,0.8620047569274902,-0.02599472552537918,0.42514485120773315,0.8478323221206665,-0.035000983625650406,0.4709988832473755,0.8347345590591431,-0.03225717321038246,0.5040056705474854,0.8193070292472839,-0.0271791759878397,correct
0.1801777184009552,0.8772094249725342,5.307142032506817e-07,0.1947072297334671,0.7498427033424377,-0.03474922478199005,0.2467888742685318,0.6633467674255371,-0.05619706213474274,0.3191481828689575,0.632798969745636,-0.06648527830839157,0.37790513038635254,0.6343960762023926,-0.06980185210704803,0.31297996640205383,0.7513863444328308,-0.06721732020378113,0.40500199794769287,0.7317795157432556,-0.08806023001670837,0.41283905506134033,0.6859581470489502,-0.09325037896633148,0.40108412504196167,0.6587750911712646,-0.0907793790102005,0.3326707184314728,0.8048899173736572,-0.05161212012171745,0.448989599943161,0.7861248850822449,-0.0821363553404808,0.5165300369262695,0.7613609433174133,-0.09191587567329407,0.5672111511230469,0.7506335973739624,-0.09512050449848175,0.33965903520584106,0.8418270349502563,-0.034245919436216354,0.44610053300857544,0.8317753076553345,-0.057911377400159836,0.5118063688278198,0.8131083846092224,-0.06384623795747757,0.5585477352142334,0.8023852705955505,-0.0623079277575016,0.33832722902297974,0.8657220602035522,-0.01705656386911869,0.41875550150871277,0.8521579504013062,-0.027152040973305702,0.4649285674095154,0.8381557464599609,-0.02586330659687519,0.49981802701950073,0.8231669068336487,-0.02197609469294548,correct
0.17888101935386658,0.8966944813728333,5.471246140587027e-07,0.1928051859140396,0.7688959240913391,-0.027270842343568802,0.2483718991279602,0.6752673387527466,-0.04673261195421219,0.32381805777549744,0.6402767300605774,-0.05764712393283844,0.3843452036380768,0.6430224180221558,-0.06332957744598389,0.3077847361564636,0.7487180829048157,-0.0583895705640316,0.40738773345947266,0.7279385328292847,-0.08136256039142609,0.42084285616874695,0.6900779008865356,-0.09018447995185852,0.41103214025497437,0.6657573580741882,-0.0899381935596466,0.3266690671443939,0.8072289228439331,-0.04996718838810921,0.4492361843585968,0.7831662893295288,-0.0719333216547966,0.5209430456161499,0.7621411681175232,-0.07960677146911621,0.5728250741958618,0.7532407641410828,-0.08329541981220245,0.3335561752319336,0.8510154485702515,-0.04083003103733063,0.44430509209632874,0.8324480652809143,-0.058163609355688095,0.5137462615966797,0.8168445825576782,-0.06517807394266129,0.5634649395942688,0.8084771633148193,-0.0671992301940918,0.33385878801345825,0.8831534385681152,-0.03185255452990532,0.4161713719367981,0.8695006370544434,-0.0410500094294548,0.466317743062973,0.8605558276176453,-0.041572146117687225,0.5053830146789551,0.8508342504501343,-0.040208201855421066,correct
0.18444591760635376,0.8948419690132141,5.069583153272106e-07,0.19669057428836823,0.7662413120269775,-0.032046906650066376,0.25066834688186646,0.6795183420181274,-0.05141894891858101,0.3253723382949829,0.6505256295204163,-0.05956767871975899,0.3843400776386261,0.6544958353042603,-0.061119355261325836,0.3182143568992615,0.765283465385437,-0.06787377595901489,0.4116927683353424,0.7395026087760925,-0.08498818427324295,0.4201033115386963,0.6949946880340576,-0.08612624555826187,0.4071223735809326,0.6686673760414124,-0.08113767951726913,0.3393903076648712,0.8204400539398193,-0.05337006226181984,0.4559600353240967,0.7951411604881287,-0.07780247181653976,0.5219407677650452,0.7705477476119995,-0.08399797976016998,0.5705140233039856,0.759891152381897,-0.08575482666492462,0.3473454713821411,0.8585173487663269,-0.03682835400104523,0.4513409733772278,0.8392179608345032,-0.05545611307024956,0.516461968421936,0.8230761885643005,-0.061589326709508896,0.5636259913444519,0.8149210810661316,-0.0619833804666996,0.34626632928848267,0.8841919302940369,-0.020278852432966232,0.42514923214912415,0.8721423149108887,-0.028654474765062332,0.4724167287349701,0.8642802834510803,-0.02903429977595806,0.5096343159675598,0.8558692932128906,-0.0272616408765316,correct
0.17660705745220184,0.9054742455482483,5.33328545770928e-07,0.1904597133398056,0.7750362157821655,-0.03428700566291809,0.2454061210155487,0.6804655194282532,-0.05702848359942436,0.3240880072116852,0.6497651934623718,-0.06887707114219666,0.38797134160995483,0.6580568552017212,-0.0738532692193985,0.2993956208229065,0.7610598206520081,-0.07544710487127304,0.4088019132614136,0.7426989078521729,-0.10007710754871368,0.4209746718406677,0.6950728893280029,-0.10467550903558731,0.4077881872653961,0.6637810468673706,-0.1007595807313919,0.32090383768081665,0.8214139938354492,-0.06257374584674835,0.44897252321243286,0.7986193299293518,-0.09254197776317596,0.5200834274291992,0.7728100419044495,-0.10045132786035538,0.5697587132453918,0.7609923481941223,-0.10278104245662689,0.33217766880989075,0.8632422685623169,-0.04803043603897095,0.44603806734085083,0.8425520658493042,-0.06963987648487091,0.5140259265899658,0.823477566242218,-0.07452114671468735,0.5619711875915527,0.813687264919281,-0.07392553240060806,0.3354406952857971,0.8906539678573608,-0.033950936049222946,0.4186290204524994,0.8771212100982666,-0.04488511383533478,0.4687260389328003,0.8691372275352478,-0.045067742466926575,0.5069283843040466,0.8609329462051392,-0.04280538484454155,correct
0.18354378640651703,0.8988457918167114,5.100015982861805e-07,0.19372691214084625,0.7698459625244141,-0.032506514340639114,0.248186856508255,0.6793976426124573,-0.0518086701631546,0.3252915143966675,0.651126503944397,-0.06060381606221199,0.38776424527168274,0.6569516658782959,-0.06269170343875885,0.31198257207870483,0.7593213319778442,-0.06350933015346527,0.4110056757926941,0.7408766150474548,-0.08367359638214111,0.4189799427986145,0.6960614323616028,-0.08775119483470917,0.40431660413742065,0.6696123480796814,-0.08412706106901169,0.333692342042923,0.8166607618331909,-0.04994252696633339,0.4536197781562805,0.7946945428848267,-0.07387171685695648,0.5199605226516724,0.7703733444213867,-0.07928884774446487,0.5672558546066284,0.7597838640213013,-0.08032356202602386,0.3432743549346924,0.8569204211235046,-0.03551466017961502,0.45019465684890747,0.8391594290733337,-0.05381404235959053,0.5153088569641113,0.8230274319648743,-0.058289967477321625,0.5632110238075256,0.8138940930366516,-0.0576101690530777,0.34473422169685364,0.8845933079719543,-0.021551446989178658,0.4231226444244385,0.8725532293319702,-0.0302367452532053,0.46998852491378784,0.8652119040489197,-0.029788557440042496,0.5070634484291077,0.8571369051933289,-0.027206631377339363,correct
0.19428740441799164,0.8964494466781616,4.2955608137162926e-07,0.20215794444084167,0.7697457671165466,-0.02816333994269371,0.2547471225261688,0.6819824576377869,-0.04131392389535904,0.3265198767185211,0.6524494886398315,-0.04482084512710571,0.3819045126438141,0.6607849597930908,-0.04187877103686333,0.3418055772781372,0.7656850218772888,-0.04538898169994354,0.4150135815143585,0.7370145916938782,-0.052986953407526016,0.4155821204185486,0.6989854574203491,-0.051209717988967896,0.3995172083377838,0.6795858144760132,-0.046473681926727295,0.3642064034938812,0.8202848434448242,-0.03305349871516228,0.4646419286727905,0.7937034368515015,-0.04720176011323929,0.5232158303260803,0.7709636092185974,-0.05098240077495575,0.5678004026412964,0.7612665891647339,-0.052662443369627,0.3690115213394165,0.8586335182189941,-0.020128140226006508,0.4610077142715454,0.8424884080886841,-0.035003479570150375,0.5215511322021484,0.8287087082862854,-0.043075136840343475,0.5663940906524658,0.8197953104972839,-0.045895226299762726,0.3642193675041199,0.8855931162834167,-0.007190333213657141,0.43641942739486694,0.8770346641540527,-0.01606242172420025,0.4799659848213196,0.8703224062919617,-0.018217751756310463,0.5151058435440063,0.8623560667037964,-0.018234733492136,correct
0.17634941637516022,0.8913958072662354,4.961088393429236e-07,0.18949779868125916,0.7669265866279602,-0.032114043831825256,0.24356451630592346,0.6766046285629272,-0.05428889021277428,0.3212343752384186,0.6470950245857239,-0.06634493172168732,0.38325196504592896,0.6571247577667236,-0.07183347642421722,0.29529574513435364,0.754199206829071,-0.07399401813745499,0.403982937335968,0.7378265857696533,-0.0992785096168518,0.41848739981651306,0.6937581300735474,-0.10400445014238358,0.4082149267196655,0.6678676009178162,-0.10034193098545074,0.32028457522392273,0.8121352791786194,-0.06278586387634277,0.4462493062019348,0.787266731262207,-0.0937078446149826,0.5156657695770264,0.7615097165107727,-0.10079541057348251,0.5636265873908997,0.7492904663085938,-0.10224425792694092,0.33362966775894165,0.853896975517273,-0.05000271648168564,0.4458063840866089,0.8366087079048157,-0.07259542495012283,0.511942446231842,0.8195093274116516,-0.07702887058258057,0.5595582723617554,0.8081181645393372,-0.07594672590494156,0.3378033936023712,0.8841108083724976,-0.03753745183348656,0.41937556862831116,0.876588761806488,-0.04907434806227684,0.4673975110054016,0.8695409297943115,-0.04933438077569008,0.5041847825050354,0.858833909034729,-0.0470757894217968,correct
