0,1,2,3,4,5,6,7,8,9,10,11,12,13,14,15,16,17,18,19,20,21,22,23,24,25,26,27,28,29,30,31,32,33,34,35,36,37,38,39,40,41,42,43,44,45,46,47,48,49,50,51,52,53,54,55,56,57,58,59,60,61,62,label
0.7473571300506592,0.5795091390609741,-1.7654065231909044e-07,0.7181181907653809,0.5882195234298706,-0.022988153621554375,0.6886777877807617,0.5965030193328857,-0.04311734065413475,0.6840245127677917,0.6174002289772034,-0.0617121160030365,0.6979506015777588,0.6308938264846802,-0.07984738796949387,0.6753377914428711,0.4939473569393158,-0.040498487651348114,0.6633111834526062,0.4908745586872101,-0.07141698896884918,0.6562126278877258,0.49581393599510193,-0.09456931799650192,0.6556716561317444,0.511130154132843,-0.1082916259765625,0.7086663842201233,0.4537729024887085,-0.04218520224094391,0.7203550934791565,0.5570061206817627,-0.06985758990049362,0.7164842486381531,0.6012337803840637,-0.07887671887874603,0.714475154876709,0.6132988333702087,-0.08243446797132492,0.747093141078949,0.4559926688671112,-0.04663747549057007,0.7572934031486511,0.5694032311439514,-0.06843976676464081,0.7514040470123291,0.5971333980560303,-0.06482496857643127,0.7473558187484741,0.5954334139823914,-0.059494540095329285,0.7816094160079956,0.4746001660823822,-0.054157402366399765,0.7869476675987244,0.5658695101737976,-0.07110939919948578,0.7798966765403748,0.5881327390670776,-0.06864083558320999,0.774909496307373,0.5825198888778687,-0.06309855729341507,fullstop
0.7204257845878601,0.6271959543228149,-2.27428017751663e-07,0.6892568469047546,0.6322888731956482,-0.023915618658065796,0.6584597826004028,0.6312761902809143,-0.04098796471953392,0.6499084830284119,0.6317360997200012,-0.055644307285547256,0.6599647998809814,0.6196426749229431,-0.06830763071775436,0.6514962911605835,0.5268123149871826,-0.04013253003358841,0.6461600065231323,0.5255630612373352,-0.06951592862606049,0.6387284994125366,0.5378140211105347,-0.08998378366231918,0.6342411637306213,0.5569918155670166,-0.1016375720500946,0.6874698400497437,0.491134911775589,-0.03974999487400055,0.7014372944831848,0.6167998909950256,-0.06448815762996674,0.6906891465187073,0.6514836549758911,-0.0699230507016182,0.6820459365844727,0.6557902097702026,-0.07070031017065048,0.7276987433433533,0.4988895654678345,-0.042311519384384155,0.735933244228363,0.6309828162193298,-0.06355202198028564,0.7218749523162842,0.6451761722564697,-0.05446769669651985,0.712187647819519,0.635018527507782,-0.04432922601699829,0.7623006105422974,0.5223573446273804,-0.048247724771499634,0.7647380828857422,0.6219483017921448,-0.06965533643960953,0.7522726058959961,0.6338936686515808,-0.0664975568652153,0.7439549565315247,0.6219519972801208,-0.057966552674770355,fullstop
0.7313130497932434,0.6243943572044373,-1.4501223688512255e-07,0.7013667821884155,0.6327602863311768,-0.02500014379620552,0.6688786745071411,0.6387553215026855,-0.04360709711909294,0.6666538119316101,0.6680835485458374,-0.059768036007881165,0.6821596622467041,0.6800849437713623,-0.07421721518039703,0.6632786989212036,0.539398729801178,-0.04459118843078613,0.6534209847450256,0.5419245958328247,-0.07615982741117477,0.6448612213134766,0.545002281665802,-0.09807223081588745,0.6417218446731567,0.5565166473388672,-0.11003045737743378,0.6989710927009583,0.5024700164794922,-0.04368895664811134,0.7083739638328552,0.6505340933799744,-0.06955642998218536,0.6983891129493713,0.6709434986114502,-0.07284238934516907,0.6941606998443604,0.6611518263816833,-0.07084431499242783,0.7390598058700562,0.513795018196106,-0.0459485724568367,0.7431998252868652,0.6633947491645813,-0.0669291540980339,0.7305763363838196,0.662350594997406,-0.054187700152397156,0.7258328795433044,0.6398234963417053,-0.03990836441516876,0.7722679972648621,0.540553092956543,-0.05201854556798935,0.7693432569503784,0.6524202823638916,-0.0739317536354065,0.7563598155975342,0.6484418511390686,-0.06937538087368011,0.7504929304122925,0.6189568638801575,-0.05831007659435272,fullstop
0.7322333455085754,0.639266312122345,-1.631402284374417e-07,0.703693151473999,0.6478766798973083,-0.024745823815464973,0.6732409000396729,0.6539405584335327,-0.04542749375104904,0.6740294694900513,0.6766848564147949,-0.06362093240022659,0.694586992263794,0.6790947914123535,-0.08015372604131699,0.6637279391288757,0.5479364395141602,-0.04653444141149521,0.660889208316803,0.5397074818611145,-0.07861649990081787,0.6562985181808472,0.5360584259033203,-0.10130628943443298,0.6555716395378113,0.5370200276374817,-0.11576248705387115,0.6996889710426331,0.5063883066177368,-0.046494122594594955,0.7114996910095215,0.634857714176178,-0.07532962411642075,0.6998499631881714,0.6817566156387329,-0.08039979636669159,0.6921671628952026,0.684102475643158,-0.08090820908546448,0.7389243245124817,0.510570764541626,-0.049420859664678574,0.749729335308075,0.6451141834259033,-0.07141042500734329,0.7339844703674316,0.6673256158828735,-0.0606280080974102,0.7228586077690125,0.6520989537239075,-0.05038297921419144,0.7732271552085876,0.5327463746070862,-0.05609482154250145,0.7782986760139465,0.6408185362815857,-0.07806684821844101,0.7661038637161255,0.6574301719665527,-0.07554852962493896,0.7576579451560974,0.6392364501953125,-0.0684039369225502,fullstop
0.7444325685501099,0.6435570120811462,-1.1689758849797727e-07,0.7196474075317383,0.6496565341949463,-0.022574272006750107,0.6936639547348022,0.659877359867096,-0.04228014498949051,0.6930161714553833,0.6909995675086975,-0.06001313403248787,0.7028583884239197,0.7079579830169678,-0.07665227353572845,0.6758952140808105,0.5554633140563965,-0.044739704579114914,0.6688830852508545,0.5498080849647522,-0.07548896968364716,0.6730936765670776,0.5428799390792847,-0.0981174111366272,0.6835132241249084,0.5415809750556946,-0.11202343553304672,0.7102827429771423,0.515225350856781,-0.045662302523851395,0.7229474782943726,0.6425591111183167,-0.07339384406805038,0.7125124335289001,0.6851978302001953,-0.08028879761695862,0.7056200504302979,0.6919466257095337,-0.08184722810983658,0.7486802339553833,0.519309937953949,-0.04899700731039047,0.7555999159812927,0.653825581073761,-0.06816501915454865,0.7401649355888367,0.6732513904571533,-0.05814462900161743,0.7305417656898499,0.6626901030540466,-0.04838348925113678,0.7815466523170471,0.5398463606834412,-0.05598434805870056,0.7804155349731445,0.6465462446212769,-0.07391103357076645,0.7662750482559204,0.6645717024803162,-0.06963508576154709,0.7573369741439819,0.6524139046669006,-0.061222273856401443,fullstop
0.7386852502822876,0.6397075653076172,-1.4015891736107733e-07,0.7132623195648193,0.6469262838363647,-0.02473469078540802,0.6864201426506042,0.656725287437439,-0.04596143215894699,0.6891513466835022,0.6859648823738098,-0.06434713304042816,0.7065929770469666,0.6957636475563049,-0.08119207620620728,0.6715188026428223,0.5533498525619507,-0.049801304936409,0.6706064939498901,0.5473780035972595,-0.08294461667537689,0.6723941564559937,0.541990339756012,-0.1062459871172905,0.6770007610321045,0.5433053374290466,-0.12098116427659988,0.7072283625602722,0.5112425088882446,-0.049811504781246185,0.7246102690696716,0.633370578289032,-0.07959838956594467,0.7138887643814087,0.6830387115478516,-0.08557403087615967,0.7031912207603455,0.6894242167472839,-0.08705053478479385,0.7464854717254639,0.512607991695404,-0.05244854837656021,0.760752260684967,0.640338659286499,-0.07494023442268372,0.74571692943573,0.6714504361152649,-0.06435666978359222,0.732873260974884,0.6634476184844971,-0.05459054931998253,0.781270444393158,0.5305286049842834,-0.05872576683759689,0.7884922623634338,0.6334324479103088,-0.08056832104921341,0.7756280303001404,0.6638580560684204,-0.07727576047182083,0.7657155394554138,0.6594419479370117,-0.06988386064767838,fullstop
0.7422981262207031,0.6431671380996704,-1.4655734048574232e-07,0.7179362773895264,0.6532435417175293,-0.025932615622878075,0.6890490651130676,0.6667519807815552,-0.0467291921377182,0.6901645660400391,0.7009313106536865,-0.06471341848373413,0.7083990573883057,0.7094805240631104,-0.08067994564771652,0.6733915209770203,0.5620507597923279,-0.05007966235280037,0.6703538298606873,0.551615297794342,-0.08367700129747391,0.6723781824111938,0.5470382571220398,-0.10566946119070053,0.6790837645530701,0.5526778101921082,-0.11866337805986404,0.7094539999961853,0.5178748965263367,-0.04915890842676163,0.7288047075271606,0.64220130443573,-0.07898595184087753,0.7198601961135864,0.6881862878799438,-0.08257356286048889,0.7101697325706482,0.6933088898658752,-0.08135610818862915,0.7494581341743469,0.5189584493637085,-0.05133076757192612,0.7640717625617981,0.6512951850891113,-0.07361195981502533,0.7492013573646545,0.6762720942497253,-0.060496170073747635,0.7362644076347351,0.6661577820777893,-0.04788956791162491,0.7841665148735046,0.5377159118652344,-0.057463061064481735,0.7911249399185181,0.6449211239814758,-0.08071137964725494,0.7772242426872253,0.6686974763870239,-0.07755690813064575,0.7657736539840698,0.6601880788803101,-0.06883320212364197,fullstop
0.7457429766654968,0.6476596593856812,-9.801541267506764e-08,0.71820068359375,0.6541513800621033,-0.025130853056907654,0.6890066862106323,0.6594853401184082,-0.04618212580680847,0.6884596943855286,0.6920688152313232,-0.06439372897148132,0.7056625485420227,0.7106362581253052,-0.0815960019826889,0.6766865849494934,0.5612885355949402,-0.047999463975429535,0.6724871397018433,0.5624663233757019,-0.07951433956623077,0.6675370335578918,0.5531774759292603,-0.10245242714881897,0.6661204099655151,0.545851469039917,-0.11756045371294022,0.7127986550331116,0.5205450654029846,-0.048211514949798584,0.7271672487258911,0.6462154984474182,-0.07847845554351807,0.7147979140281677,0.6901183724403381,-0.08543563634157181,0.703711748123169,0.6937276124954224,-0.08692669868469238,0.7525247931480408,0.5250952839851379,-0.051009271293878555,0.7606493234634399,0.6602423787117004,-0.07285474985837936,0.7447121739387512,0.6805877685546875,-0.06317748874425888,0.7317527532577515,0.6645545959472656,-0.05346263572573662,0.7858814001083374,0.547788679599762,-0.05750224366784096,0.7858893275260925,0.6578840613365173,-0.07708222419023514,0.7725687623023987,0.6712677478790283,-0.07364992797374725,0.7626224756240845,0.6511887907981873,-0.0663306713104248,fullstop
0.7407621145248413,0.6489963531494141,-1.672611205094654e-07,0.7119994163513184,0.6550464034080505,-0.023920156061649323,0.6839126348495483,0.6580908894538879,-0.04266807436943054,0.6867914199829102,0.6881924271583557,-0.05849098414182663,0.7052623629570007,0.6997714042663574,-0.07294724881649017,0.6745597720146179,0.5611903071403503,-0.046870164573192596,0.6729196906089783,0.5607547760009766,-0.07913925498723984,0.6674460172653198,0.554762601852417,-0.10200992971658707,0.6647849678993225,0.5530550479888916,-0.11622018367052078,0.7104113101959229,0.5196735858917236,-0.04629488289356232,0.7258808612823486,0.65511554479599,-0.07466011494398117,0.7092371582984924,0.7023502588272095,-0.07909529656171799,0.6947435736656189,0.7053546905517578,-0.0787525475025177,0.7502918839454651,0.5248814225196838,-0.04855390638113022,0.7618681788444519,0.6661132574081421,-0.07058216631412506,0.7420369386672974,0.6880279779434204,-0.05907237157225609,0.7270985245704651,0.670319139957428,-0.047524161636829376,0.7840308547019958,0.5471445918083191,-0.054317932575941086,0.7883376479148865,0.6582115888595581,-0.07670720666646957,0.7742173075675964,0.6758008003234863,-0.07333379983901978,0.7648576498031616,0.6566845178604126,-0.06495732814073563,fullstop
0.7478064894676208,0.6523985266685486,-1.8198197437868657e-07,0.7186403274536133,0.657189130783081,-0.02012811228632927,0.6896387934684753,0.6645956039428711,-0.03911199793219566,0.6896735429763794,0.6957063674926758,-0.05648783594369888,0.705437421798706,0.7092071771621704,-0.07338707894086838,0.680733323097229,0.5518975853919983,-0.04075729846954346,0.6731463670730591,0.5575283169746399,-0.0688316598534584,0.6659684777259827,0.5570176243782043,-0.09077797830104828,0.6608234643936157,0.5559759736061096,-0.1052357405424118,0.716269314289093,0.518341600894928,-0.042941074818372726,0.7183939218521118,0.6544502377510071,-0.06964343786239624,0.704750120639801,0.7005577087402344,-0.07765544950962067,0.6957719922065735,0.7116659283638,-0.08033351600170135,0.7551069259643555,0.5286821126937866,-0.04715072736144066,0.7530763745307922,0.6679437756538391,-0.06545034050941467,0.7395211458206177,0.6790176630020142,-0.057492662221193314,0.7303977608680725,0.6604923605918884,-0.04965614899992943,0.7881240844726562,0.5563610792160034,-0.05454772710800171,0.7820655107498169,0.666418194770813,-0.07154235243797302,0.770318329334259,0.6745164394378662,-0.06781058758497238,0.7627676129341125,0.6518468856811523,-0.06056944280862808,fullstop
0.7457826137542725,0.6458600759506226,-1.3393942310813145e-07,0.7191275954246521,0.6576186418533325,-0.02151842974126339,0.6920607686042786,0.6722373366355896,-0.04026070609688759,0.6886926293373108,0.7040385603904724,-0.05662907287478447,0.6996675133705139,0.7142279148101807,-0.07215671241283417,0.6782113313674927,0.5607159733772278,-0.04235835373401642,0.672554075717926,0.5676746368408203,-0.06887339055538177,0.6603349447250366,0.5594121813774109,-0.08989609032869339,0.6496069431304932,0.5495595335960388,-0.1042182594537735,0.7122918367385864,0.5209904313087463,-0.043116021901369095,0.7234821915626526,0.6640669107437134,-0.0657014548778534,0.7156349420547485,0.6876204609870911,-0.07092940807342529,0.7106478810310364,0.6771111488342285,-0.07278230786323547,0.7513370513916016,0.5267950296401978,-0.045839399099349976,0.7560226321220398,0.6773481369018555,-0.060417450964450836,0.7428551912307739,0.6796352863311768,-0.04895198345184326,0.734403669834137,0.6546900272369385,-0.03927775099873543,0.7846198678016663,0.5501857399940491,-0.0523696206510067,0.7810355424880981,0.6668968200683594,-0.06860999763011932,0.769685685634613,0.6645943522453308,-0.06396596133708954,0.7624111175537109,0.6321117281913757,-0.055783070623874664,fullstop
0.7490556240081787,0.6505476832389832,-1.9006706963864417e-07,0.7238050699234009,0.6557817459106445,-0.02174350619316101,0.6978902816772461,0.6630199551582336,-0.04190594330430031,0.6941449642181396,0.6910123229026794,-0.06002245843410492,0.6986132860183716,0.7123533487319946,-0.07781389355659485,0.681801974773407,0.5603088736534119,-0.04451901465654373,0.6751997470855713,0.5602774620056152,-0.07320743054151535,0.6638628244400024,0.5552025437355042,-0.09604335576295853,0.6524950861930847,0.5497031807899475,-0.11192958056926727,0.7142659425735474,0.5221990346908569,-0.0468779057264328,0.7215534448623657,0.6455730199813843,-0.0757674053311348,0.7072551846504211,0.6967012882232666,-0.08526808023452759,0.6956954598426819,0.7145465612411499,-0.08920850604772568,0.7518513202667236,0.5260412693023682,-0.051052484661340714,0.7584306001663208,0.6572992205619812,-0.0705270990729332,0.7454887628555298,0.6775824427604675,-0.06303317099809647,0.7354497313499451,0.66737300157547,-0.05620735138654709,0.7848777770996094,0.5478767156600952,-0.05863460525870323,0.7863836288452148,0.6512296795845032,-0.0759962797164917,0.7760840654373169,0.6660667061805725,-0.07266996055841446,0.7685044407844543,0.6491483449935913,-0.0666874572634697,fullstop
0.7454036474227905,0.6458324790000916,-1.9287716668259236e-07,0.7198092341423035,0.6508274674415588,-0.02149287611246109,0.6917018890380859,0.6615793108940125,-0.04116160050034523,0.6889144778251648,0.6953731179237366,-0.05890725180506706,0.702816367149353,0.7124108076095581,-0.07589007914066315,0.6784549355506897,0.5500420928001404,-0.04084426909685135,0.6708260178565979,0.5560290813446045,-0.0671723484992981,0.6590940356254578,0.5556166768074036,-0.08786363899707794,0.6480239629745483,0.551764190196991,-0.10291140526533127,0.7125308513641357,0.5143008828163147,-0.04313381016254425,0.7199791073799133,0.6439279913902283,-0.06737750768661499,0.7136003375053406,0.6915766000747681,-0.07432285696268082,0.7080181241035461,0.6912238597869873,-0.07808496057987213,0.7509793043136597,0.5227848887443542,-0.04753761738538742,0.7568293809890747,0.6582379937171936,-0.06469112634658813,0.7431089878082275,0.6862287521362305,-0.0569494254887104,0.7328323125839233,0.6728487014770508,-0.05081919580698013,0.7845414876937866,0.5477144122123718,-0.05534606799483299,0.7847270369529724,0.6529706716537476,-0.07137823849916458,0.7725401520729065,0.6760231256484985,-0.06807105988264084,0.7640689015388489,0.6639800071716309,-0.06268575042486191,fullstop
0.7461654543876648,0.6478540897369385,-2.0847394921474915e-07,0.7186142802238464,0.6529310941696167,-0.021843070164322853,0.6895409822463989,0.6618104577064514,-0.04106574505567551,0.6875574588775635,0.6940127015113831,-0.05816080793738365,0.7029404640197754,0.7071014046669006,-0.07428965717554092,0.6815391778945923,0.5526596903800964,-0.0426873154938221,0.6736119985580444,0.5615076422691345,-0.07058767229318619,0.6616957187652588,0.5589732527732849,-0.09225921332836151,0.651005208492279,0.552201509475708,-0.1072155237197876,0.7163565158843994,0.5183761119842529,-0.043734870851039886,0.717040479183197,0.6658293604850769,-0.06975018233060837,0.7077220678329468,0.7086939811706543,-0.07575908303260803,0.7027541399002075,0.7099978923797607,-0.07766245305538177,0.7544326186180115,0.5283179879188538,-0.046975549310445786,0.7530320882797241,0.6777032017707825,-0.06540212780237198,0.7380557656288147,0.6919130682945251,-0.055237777531147,0.7283651232719421,0.6736933588981628,-0.04616858437657356,0.7873491644859314,0.5541273951530457,-0.053780898451805115,0.7824564576148987,0.6690646409988403,-0.07191000878810883,0.7691008448600769,0.6801207661628723,-0.06815318018198013,0.7601828575134277,0.6593605279922485,-0.06099420413374901,fullstop
0.7453303337097168,0.6519005298614502,-1.4218315413927485e-07,0.7194296717643738,0.6587886810302734,-0.02364015392959118,0.6933230757713318,0.666828989982605,-0.04512334614992142,0.6946442127227783,0.7005646228790283,-0.06394322961568832,0.7093073129653931,0.7196508049964905,-0.0822254940867424,0.6813320517539978,0.5561151504516602,-0.04688331112265587,0.6771001815795898,0.5605308413505554,-0.07650308310985565,0.6668670773506165,0.5557190179824829,-0.1003127247095108,0.6572209000587463,0.5487984418869019,-0.11731041967868805,0.716093897819519,0.520068347454071,-0.04824574664235115,0.7207661867141724,0.6467325687408447,-0.07614926248788834,0.70909184217453,0.6962146759033203,-0.08443377166986465,0.7007743120193481,0.7062290906906128,-0.08829063177108765,0.7548848390579224,0.5286005735397339,-0.05168862268328667,0.7576394081115723,0.6627286672592163,-0.07054676115512848,0.7431728839874268,0.685538649559021,-0.06105731055140495,0.7333664298057556,0.6742193102836609,-0.05319242179393768,0.7885441780090332,0.5555816292762756,-0.05880631506443024,0.7868388891220093,0.6604735255241394,-0.0767243281006813,0.7754219174385071,0.6758089065551758,-0.07290012389421463,0.7678824067115784,0.6577523350715637,-0.06651624292135239,fullstop
0.7463462352752686,0.6517981886863708,-1.6082339016065816e-07,0.7199204564094543,0.6573153734207153,-0.02252216823399067,0.6935208439826965,0.6609482765197754,-0.04128726199269295,0.6943828463554382,0.6936646103858948,-0.05766128748655319,0.7077241539955139,0.7103208899497986,-0.0733071118593216,0.6829125881195068,0.5579974055290222,-0.04266588017344475,0.678235650062561,0.5569056868553162,-0.07000531256198883,0.666192889213562,0.5538887977600098,-0.09145276248455048,0.6555429697036743,0.5533982515335083,-0.10588093101978302,0.7179819941520691,0.5235703587532043,-0.04356759414076805,0.721522867679596,0.6557245850563049,-0.06963319331407547,0.7078571319580078,0.6985959410667419,-0.07772941887378693,0.6987432837486267,0.708497941493988,-0.08102083206176758,0.756704568862915,0.5323365330696106,-0.04654560983181,0.7574280500411987,0.6751452088356018,-0.06359416991472244,0.7428169846534729,0.690426230430603,-0.05553394556045532,0.7332333922386169,0.6772921085357666,-0.048361245542764664,0.7900406718254089,0.5579586029052734,-0.05316298454999924,0.7864219546318054,0.6656026840209961,-0.06937772035598755,0.7727094292640686,0.6812800765037537,-0.06556801497936249,0.7632799744606018,0.6685370206832886,-0.05888761207461357,fullstop
0.7496850490570068,0.6525113582611084,-2.0322980276432645e-07,0.7241738438606262,0.6579411625862122,-0.022763991728425026,0.6964734196662903,0.6679911613464355,-0.04365846887230873,0.6930319666862488,0.7004427313804626,-0.06234212964773178,0.7070850133895874,0.7160125374794006,-0.08083626627922058,0.688428521156311,0.5549244284629822,-0.043974172323942184,0.6797979474067688,0.5610722899436951,-0.07220710068941116,0.6675373315811157,0.5603933334350586,-0.09427180141210556,0.6559306383132935,0.5574417114257812,-0.1097838282585144,0.7230000495910645,0.523387610912323,-0.046313103288412094,0.7213154435157776,0.6369292736053467,-0.07412535697221756,0.7129002809524536,0.696948230266571,-0.08264940232038498,0.7088863253593445,0.7157090902328491,-0.08624790608882904,0.7600448727607727,0.5337477326393127,-0.050636548548936844,0.7585519552230835,0.6569610834121704,-0.07077312469482422,0.7444443106651306,0.6926209330558777,-0.06413590162992477,0.7350416779518127,0.6910967230796814,-0.057836756110191345,0.7925485372543335,0.5611852407455444,-0.05818639695644379,0.7872837781906128,0.657375693321228,-0.07496623694896698,0.7739359736442566,0.6851089000701904,-0.07141409069299698,0.7648269534111023,0.6810248494148254,-0.06578025966882706,fullstop
0.7489038109779358,0.6482836604118347,-1.9666677530949528e-07,0.7236267924308777,0.6563635468482971,-0.022392913699150085,0.6966328024864197,0.6660374402999878,-0.043444450944662094,0.6934559345245361,0.6974868774414062,-0.06245553866028786,0.7047303318977356,0.7222194671630859,-0.08158703148365021,0.6871222257614136,0.5574337244033813,-0.04485779628157616,0.6778103709220886,0.5611829161643982,-0.0729210153222084,0.6643998622894287,0.5596461296081543,-0.0948324054479599,0.6519918441772461,0.5567184090614319,-0.11050545424222946,0.7206041812896729,0.5236706733703613,-0.04743416979908943,0.724031388759613,0.6311341524124146,-0.07437893003225327,0.7162109613418579,0.6873130798339844,-0.08275195956230164,0.7109847068786621,0.7016080021858215,-0.08733874559402466,0.7572087645530701,0.5315940380096436,-0.051897600293159485,0.7606936097145081,0.64316326379776,-0.07221052795648575,0.7472004890441895,0.6821362376213074,-0.06675243377685547,0.7367774844169617,0.6841139793395996,-0.06205986812710762,0.7898351550102234,0.5569676756858826,-0.05941176041960716,0.7901801466941833,0.6463685035705566,-0.0767388716340065,0.7784322500228882,0.6762897968292236,-0.07418056577444077,0.7691781520843506,0.6750956773757935,-0.06988967210054398,fullstop
0.7479581832885742,0.6501129865646362,-1.7763822768301907e-07,0.7200851440429688,0.6595480442047119,-0.022532042115926743,0.6910159587860107,0.6718287467956543,-0.04309781268239021,0.6867831945419312,0.7046715617179871,-0.06137390807271004,0.7034891843795776,0.7167078852653503,-0.07931689918041229,0.6853014230728149,0.5600553750991821,-0.04504261538386345,0.6770359873771667,0.5639971494674683,-0.07324253767728806,0.6632357239723206,0.5605530738830566,-0.0953340232372284,0.65040123462677,0.5542163848876953,-0.11090732365846634,0.7194131016731262,0.522433876991272,-0.04650064930319786,0.7274147272109985,0.6490945219993591,-0.07171447575092316,0.7179636359214783,0.6923335790634155,-0.07843334227800369,0.7103592753410339,0.6920445561408997,-0.08180469274520874,0.7570374011993408,0.5305035710334778,-0.050066396594047546,0.7583316564559937,0.6636443138122559,-0.0676335021853447,0.7432030439376831,0.6862479448318481,-0.0592983178794384,0.7327606081962585,0.6727598309516907,-0.05245228856801987,0.7893048524856567,0.5557394623756409,-0.05709601193666458,0.7850898504257202,0.6602544188499451,-0.07361482083797455,0.7726190090179443,0.6773301362991333,-0.07005267590284348,0.7647171020507812,0.6630637645721436,-0.06408680975437164,fullstop
0.7477571964263916,0.6591933965682983,-2.093231614708202e-07,0.7213823795318604,0.6637394428253174,-0.024141062051057816,0.6944921016693115,0.6646347045898438,-0.04400192201137543,0.6916506290435791,0.6921082735061646,-0.06100734323263168,0.7050395607948303,0.7098532915115356,-0.07720795273780823,0.684913158416748,0.5569745898246765,-0.04482939466834068,0.6779334545135498,0.5625020861625671,-0.0739142969250679,0.6623242497444153,0.5577535033226013,-0.09657803922891617,0.6480470299720764,0.5500808358192444,-0.11253762245178223,0.7207466959953308,0.5226420164108276,-0.04534585028886795,0.7216089963912964,0.6575338244438171,-0.07195743173360825,0.7131605744361877,0.7068018913269043,-0.07803954929113388,0.709457516670227,0.7076113224029541,-0.08034931868314743,0.7592487335205078,0.5343043804168701,-0.04832981526851654,0.7585223913192749,0.6752287745475769,-0.06752026826143265,0.7415300607681274,0.6988056898117065,-0.058089472353458405,0.7305173277854919,0.6823668479919434,-0.05011017248034477,0.7917492985725403,0.5624286532402039,-0.05498027801513672,0.7860490083694458,0.6706312298774719,-0.07332142442464828,0.7715756893157959,0.6893054246902466,-0.06981264799833298,0.7626567482948303,0.6722674369812012,-0.06354940682649612,fullstop
0.7491874694824219,0.650959849357605,-2.0278902468362503e-07,0.7215238809585571,0.6561596989631653,-0.02186697907745838,0.6921983957290649,0.6628777980804443,-0.041227057576179504,0.6893357634544373,0.6982201337814331,-0.0584595762193203,0.7062313556671143,0.7125078439712524,-0.07510323822498322,0.6870331168174744,0.5524588823318481,-0.042836252599954605,0.6785404086112976,0.558428943157196,-0.07237328588962555,0.6664109230041504,0.5554996132850647,-0.09582733362913132,0.654168963432312,0.5475605130195618,-0.1122383400797844,0.7224269509315491,0.5196965932846069,-0.044473420828580856,0.719532310962677,0.6558970808982849,-0.07072597742080688,0.7076360583305359,0.7054772973060608,-0.07662734389305115,0.7001234292984009,0.7075408697128296,-0.07872147113084793,0.7598636150360107,0.532820463180542,-0.048576198518276215,0.7552837133407593,0.6721190810203552,-0.06687308847904205,0.7390844225883484,0.6943778395652771,-0.055906057357788086,0.7290214896202087,0.677986741065979,-0.046639274805784225,0.791810154914856,0.5625774264335632,-0.05627661198377609,0.7837910652160645,0.6698511838912964,-0.07408015429973602,0.7695634961128235,0.6875272989273071,-0.06951463967561722,0.7613028287887573,0.6704985499382019,-0.0621255561709404,fullstop
0.7476788759231567,0.646690309047699,-1.6384262835344998e-07,0.720797598361969,0.6544948220252991,-0.02186630852520466,0.6938713788986206,0.6661388278007507,-0.0413559153676033,0.6895681619644165,0.698946475982666,-0.058634597808122635,0.7002010345458984,0.7127823829650879,-0.07516419887542725,0.6858708262443542,0.5529364943504333,-0.04364268481731415,0.6755304932594299,0.5552434921264648,-0.07091717422008514,0.6613419055938721,0.5510961413383484,-0.092170849442482,0.6484132409095764,0.5444849729537964,-0.10686463117599487,0.7199499011039734,0.5167359113693237,-0.0447227880358696,0.720757246017456,0.6563778519630432,-0.069115050137043,0.7118641138076782,0.6913869976997375,-0.07473978400230408,0.7073793411254883,0.6913661956787109,-0.07670482248067856,0.7574740648269653,0.5273943543434143,-0.047910381108522415,0.7537669539451599,0.6752274036407471,-0.06378823518753052,0.7408364415168762,0.6838674545288086,-0.05302676931023598,0.7334198951721191,0.665524959564209,-0.044081494212150574,0.789254903793335,0.5553858876228333,-0.054865721613168716,0.7815399169921875,0.6675507426261902,-0.07119438797235489,0.7713855504989624,0.6724044680595398,-0.06688061356544495,0.7659355401992798,0.6492756605148315,-0.05949954316020012,fullstop
0.7456276416778564,0.6586489081382751,-1.5481631976399512e-07,0.7203025221824646,0.6637361645698547,-0.024384116753935814,0.6934129595756531,0.6675940752029419,-0.04499828442931175,0.689354419708252,0.697788417339325,-0.06310182064771652,0.7001509070396423,0.718263566493988,-0.08033201843500137,0.678199291229248,0.5548233389854431,-0.04444243758916855,0.6753724813461304,0.5472680330276489,-0.07502895593643188,0.6689507961273193,0.5438035130500793,-0.09787900000810623,0.6638885140419006,0.5434169173240662,-0.11324304342269897,0.7143235206604004,0.5193093419075012,-0.045247793197631836,0.7198373675346375,0.641501247882843,-0.07363436371088028,0.705943763256073,0.6957945823669434,-0.08071251958608627,0.6956869959831238,0.7046054005622864,-0.08324512094259262,0.7535562515258789,0.5295373797416687,-0.04883259907364845,0.758462131023407,0.6607414484024048,-0.06917773187160492,0.7412741780281067,0.69065922498703,-0.06005343794822693,0.7292487025260925,0.6794054508209229,-0.0518980473279953,0.7876578569412231,0.5570667386054993,-0.05608126148581505,0.7872013449668884,0.6581958532333374,-0.07510151714086533,0.7733265161514282,0.6809020042419434,-0.07211840152740479,0.7638438940048218,0.6660606265068054,-0.06589116156101227,fullstop
0.7472391724586487,0.6544739603996277,-1.894111534284093e-07,0.7193282842636108,0.6599234342575073,-0.023784538730978966,0.6916634440422058,0.6638011932373047,-0.04447661712765694,0.6925031542778015,0.6989593505859375,-0.06245620548725128,0.7074047327041626,0.7192648649215698,-0.07994605600833893,0.6870168447494507,0.5549763441085815,-0.04778644070029259,0.6812630295753479,0.5570428371429443,-0.0784359946846962,0.671867311000824,0.5489264130592346,-0.1019478589296341,0.6629582047462463,0.5367475748062134,-0.11836214363574982,0.7242183089256287,0.5221628546714783,-0.04870977625250816,0.7267983555793762,0.6583836078643799,-0.07646697759628296,0.7131155729293823,0.7070128917694092,-0.08304314315319061,0.7031581997871399,0.7010840177536011,-0.08607880026102066,0.7625004649162292,0.5346176028251648,-0.05198107287287712,0.7624720335006714,0.6725718975067139,-0.07188595086336136,0.7438281774520874,0.6966966390609741,-0.06171052157878876,0.731264591217041,0.6753103137016296,-0.05334417149424553,0.7942691445350647,0.5634626150131226,-0.05885704234242439,0.7884598970413208,0.6714996695518494,-0.07802557200193405,0.7747442126274109,0.6884016394615173,-0.07418663054704666,0.7673636078834534,0.6659010052680969,-0.06767619401216507,fullstop
0.7526549696922302,0.6623640656471252,-1.3675337129370746e-07,0.7276253700256348,0.6692080497741699,-0.022946743294596672,0.703176736831665,0.672614574432373,-0.041731465607881546,0.6997800469398499,0.7063298225402832,-0.05833396315574646,0.7070273160934448,0.7272994518280029,-0.07424415647983551,0.6915961503982544,0.5641478300094604,-0.04280305281281471,0.6839131712913513,0.5626665949821472,-0.07106319814920425,0.6714882850646973,0.5542484521865845,-0.09304330497980118,0.6616569757461548,0.5472610592842102,-0.10749097168445587,0.727286696434021,0.5310415029525757,-0.042701605707407,0.726749837398529,0.676179051399231,-0.06821241974830627,0.7136009335517883,0.7036123871803284,-0.073967345058918,0.7064868807792664,0.7032745480537415,-0.07483671605587006,0.7654629349708557,0.5440165400505066,-0.04493913799524307,0.7577028274536133,0.6933549046516418,-0.0603761188685894,0.7449046969413757,0.6916629672050476,-0.04814283922314644,0.7388026118278503,0.6681532263755798,-0.03725362569093704,0.7964668273925781,0.5730838179588318,-0.051261886954307556,0.7842392921447754,0.6858028173446655,-0.0677984431385994,0.7724403142929077,0.6827571392059326,-0.06287823617458344,0.7670004963874817,0.652166485786438,-0.05393713712692261,fullstop
0.7482884526252747,0.6701042652130127,-1.1409692746155997e-07,0.7211349010467529,0.6787289977073669,-0.02727828547358513,0.6975873708724976,0.6812443137168884,-0.05016114562749863,0.7002078294754028,0.7112697958946228,-0.06955147534608841,0.7087845802307129,0.7342978715896606,-0.08839848637580872,0.6866441369056702,0.5688942074775696,-0.05418713018298149,0.6856945753097534,0.5653905868530273,-0.08747453987598419,0.6763993501663208,0.5542667508125305,-0.11356013268232346,0.6675096750259399,0.5423396825790405,-0.13149282336235046,0.723536491394043,0.5323891639709473,-0.053821031004190445,0.728658139705658,0.6665827035903931,-0.08510233461856842,0.7114541530609131,0.7129946351051331,-0.09387870132923126,0.6994394659996033,0.7217749357223511,-0.09772011637687683,0.7626264095306396,0.5419318079948425,-0.05585973337292671,0.7637624740600586,0.684446394443512,-0.07610613107681274,0.7458931803703308,0.7031514644622803,-0.0661214217543602,0.7349750399589539,0.6892567873001099,-0.0580214187502861,0.7956830263137817,0.5695140361785889,-0.06215449795126915,0.7926660180091858,0.6764137148857117,-0.081671342253685,0.7778745889663696,0.6924195885658264,-0.07835254818201065,0.7687389850616455,0.6740924715995789,-0.07204766571521759,fullstop
0.7508417963981628,0.6733559370040894,-1.9068102119490504e-07,0.7258929014205933,0.6777294874191284,-0.02560560405254364,0.7040054202079773,0.6775708794593811,-0.04748912900686264,0.7035790085792542,0.7026937007904053,-0.06693540513515472,0.7062458395957947,0.7309824824333191,-0.08649265766143799,0.6960827112197876,0.5642585754394531,-0.047425776720047,0.6908474564552307,0.5568696856498718,-0.07759513705968857,0.6785383820533752,0.5531371831893921,-0.10130373388528824,0.6657082438468933,0.5514492392539978,-0.11744467914104462,0.7309302091598511,0.5318396091461182,-0.048350799828767776,0.7321756482124329,0.6549895405769348,-0.07813124358654022,0.7140188813209534,0.7105511426925659,-0.08847656100988388,0.702308177947998,0.7264978885650635,-0.09371360391378403,0.766533374786377,0.5444442629814148,-0.051680948585271835,0.7656800150871277,0.6695468425750732,-0.07320892065763474,0.74640953540802,0.6982311010360718,-0.06873296946287155,0.7345646023750305,0.694672167301178,-0.06438912451267242,0.7972835302352905,0.5727149844169617,-0.05862029269337654,0.7930145263671875,0.6676943898200989,-0.07759228348731995,0.7760950326919556,0.6932323575019836,-0.07637984305620193,0.765155017375946,0.6885321736335754,-0.0723264142870903,fullstop
0.7518794536590576,0.6619597673416138,-1.6441579475667822e-07,0.7263348698616028,0.6706836819648743,-0.02610207349061966,0.7007985711097717,0.6776569485664368,-0.047985274344682693,0.6978053450584412,0.7140856981277466,-0.0666734054684639,0.7057623863220215,0.739561915397644,-0.08451288193464279,0.6923256516456604,0.5652186274528503,-0.05141653120517731,0.6856176257133484,0.5685540437698364,-0.08446580916643143,0.6743574738502502,0.5598982572555542,-0.10954592376947403,0.6644165515899658,0.5505663752555847,-0.12609054148197174,0.7294037938117981,0.5314370393753052,-0.05065125226974487,0.7312259078025818,0.6751754879951477,-0.0792805626988411,0.7179945707321167,0.7138608694076538,-0.08418319374322891,0.7108231782913208,0.7112236022949219,-0.08505949378013611,0.7670458555221558,0.5451801419258118,-0.052648141980171204,0.764661431312561,0.689900815486908,-0.07196897268295288,0.7480064034461975,0.6996883153915405,-0.05895998328924179,0.7396619915962219,0.6786728501319885,-0.04775438830256462,0.7979480624198914,0.5748149752616882,-0.05886572599411011,0.7904220223426819,0.6834216713905334,-0.07905574887990952,0.7749650478363037,0.6899777054786682,-0.07508312165737152,0.7670657634735107,0.6649438738822937,-0.06708493828773499,fullstop
0.7547931671142578,0.6759416460990906,-1.1035496783051713e-07,0.7288013100624084,0.6823750138282776,-0.025501465424895287,0.7051380276679993,0.6877142786979675,-0.04820871353149414,0.7030149102210999,0.7207084894180298,-0.06816576421260834,0.7098141312599182,0.7456057071685791,-0.08817123621702194,0.6928050518035889,0.5697010159492493,-0.05118093639612198,0.6877216100692749,0.5636399388313293,-0.08487307280302048,0.6781060099601746,0.5552066564559937,-0.1116258054971695,0.6689025163650513,0.5482686161994934,-0.129495769739151,0.7284709811210632,0.5363179445266724,-0.05183281749486923,0.7273735404014587,0.6665036082267761,-0.08277235925197601,0.7134485244750977,0.7123268842697144,-0.09169834107160568,0.7050978541374207,0.7208352088928223,-0.09505870938301086,0.7664170265197754,0.5497387051582336,-0.05486016720533371,0.7613243460655212,0.6860496401786804,-0.07499181479215622,0.7462628483772278,0.7006015181541443,-0.06466011703014374,0.7381324768066406,0.686237096786499,-0.05548281595110893,0.7979180216789246,0.5817248821258545,-0.061870649456977844,0.7882391810417175,0.686173677444458,-0.08135969191789627,0.7750167846679688,0.6932763457298279,-0.07737895101308823,0.7677924633026123,0.6700012683868408,-0.06981843709945679,fullstop
0.754489541053772,0.6673918962478638,-1.3317166747128795e-07,0.7272468209266663,0.6801403164863586,-0.028583122417330742,0.701861560344696,0.6894921064376831,-0.053035441786050797,0.6998396515846252,0.7219192981719971,-0.07379668951034546,0.7131422162055969,0.7338113188743591,-0.09354470670223236,0.6923632025718689,0.5670089721679688,-0.05739152804017067,0.6866134405136108,0.5677928924560547,-0.09619417786598206,0.6760835647583008,0.5589773654937744,-0.12500610947608948,0.6657490730285645,0.5483540892601013,-0.14365552365779877,0.7291263341903687,0.5340158343315125,-0.056000132113695145,0.7301334142684937,0.6742246150970459,-0.08795206248760223,0.7204705476760864,0.7148651480674744,-0.0917782187461853,0.7145780920982361,0.7051365375518799,-0.09151149541139603,0.7673991918563843,0.5491865277290344,-0.05792699381709099,0.764198362827301,0.6890931129455566,-0.0806071013212204,0.749403178691864,0.7009382843971252,-0.0643000677227974,0.741296112537384,0.6751601696014404,-0.05022219941020012,0.798344612121582,0.5805529952049255,-0.06422562897205353,0.7905212640762329,0.6875728368759155,-0.08805183321237564,0.7783913612365723,0.6932948231697083,-0.08311551064252853,0.7726601958274841,0.662312388420105,-0.07351739704608917,fullstop
0.7537593245506287,0.6596488952636719,-1.3601447790279053e-07,0.7268922328948975,0.6614006757736206,-0.02432214841246605,0.7011628150939941,0.666658878326416,-0.04666281118988991,0.6963747143745422,0.7016997337341309,-0.06643128395080566,0.7035689353942871,0.7269095778465271,-0.08598063141107559,0.6919530630111694,0.562174379825592,-0.05194488540291786,0.684645414352417,0.5636530518531799,-0.08623702079057693,0.6744159460067749,0.5548368096351624,-0.11240329593420029,0.6654629111289978,0.5451822280883789,-0.12955737113952637,0.7283813953399658,0.5304232239723206,-0.0527193546295166,0.7258563041687012,0.6707600951194763,-0.08326581865549088,0.7111259698867798,0.7136774659156799,-0.08978841453790665,0.7025341987609863,0.7184978723526001,-0.09140773117542267,0.7669464349746704,0.5449869632720947,-0.05590822175145149,0.7610303163528442,0.6862173080444336,-0.07765519618988037,0.744591236114502,0.6982198357582092,-0.06621035188436508,0.7356692552566528,0.6805143356323242,-0.05551927164196968,0.7990396022796631,0.5755676031112671,-0.06280892342329025,0.7903554439544678,0.6809505820274353,-0.0837344378232956,0.7755950689315796,0.6889752745628357,-0.07950857281684875,0.7674785256385803,0.6667026877403259,-0.07130254060029984,fullstop
0.7540671229362488,0.6576281785964966,-1.2925931969220983e-07,0.7264243960380554,0.6647948026657104,-0.024945171549916267,0.7015417218208313,0.6727436184883118,-0.046687353402376175,0.6992895007133484,0.7087748646736145,-0.06546491384506226,0.7075306177139282,0.7297250628471375,-0.08400633931159973,0.6940425634384155,0.5605417490005493,-0.0518721342086792,0.6871957778930664,0.5642319917678833,-0.08495938032865524,0.6748784780502319,0.5543797016143799,-0.11107366532087326,0.6633859276771545,0.5427360534667969,-0.12843994796276093,0.7307260632514954,0.529099702835083,-0.05160433426499367,0.7312705516815186,0.673601508140564,-0.07948661595582962,0.716588020324707,0.7098865509033203,-0.08519107848405838,0.7084634304046631,0.7063627243041992,-0.08691060543060303,0.7686934471130371,0.5457775592803955,-0.0537683479487896,0.7628238797187805,0.6874734163284302,-0.07332991063594818,0.7453734874725342,0.6941015720367432,-0.06147327646613121,0.7368454933166504,0.672429621219635,-0.05091574043035507,0.7994548678398132,0.5787634253501892,-0.05979159474372864,0.7899853587150574,0.6843429207801819,-0.08089499920606613,0.7754727005958557,0.6853736042976379,-0.07724257558584213,0.7684938311576843,0.6572980284690857,-0.06916836649179459,fullstop
0.7536807060241699,0.674287736415863,-1.2995623421829805e-07,0.7274357080459595,0.6774028539657593,-0.02496844157576561,0.7043049931526184,0.6818812489509583,-0.04735441878437996,0.7029532194137573,0.7122688889503479,-0.06718538701534271,0.7066522836685181,0.7373087406158447,-0.08660374581813812,0.6934329271316528,0.5671793818473816,-0.050043895840644836,0.6871352791786194,0.5668022632598877,-0.08320032805204391,0.6754989624023438,0.5602388978004456,-0.10960694402456284,0.6651431322097778,0.5537351965904236,-0.1271383911371231,0.7288718223571777,0.5354241132736206,-0.05065524950623512,0.7294756770133972,0.6777274012565613,-0.08071214705705643,0.7130032777786255,0.7155249118804932,-0.08978680521249771,0.7025480270385742,0.7184081673622131,-0.09375129640102386,0.7669647932052612,0.5497561097145081,-0.05369450896978378,0.7631874680519104,0.6936805844306946,-0.07430857419967651,0.7473809719085693,0.7026008367538452,-0.0655672624707222,0.738204300403595,0.6842557787895203,-0.0575510673224926,0.7993115782737732,0.5804172158241272,-0.06061239168047905,0.792219877243042,0.6884022951126099,-0.08072051405906677,0.7791404128074646,0.6928865909576416,-0.07803452014923096,0.7718300223350525,0.6668378710746765,-0.07146988064050674,fullstop
0.7529761791229248,0.6679077744483948,-1.1029959523511934e-07,0.7252706289291382,0.6728787422180176,-0.025887439027428627,0.7002073526382446,0.677410364151001,-0.04825903847813606,0.6977903842926025,0.7143634557723999,-0.06775087118148804,0.7064745426177979,0.7409898042678833,-0.08711113780736923,0.691511332988739,0.5693804621696472,-0.05360973998904228,0.6838758587837219,0.5730900168418884,-0.08796696364879608,0.6739301085472107,0.5628523826599121,-0.11435940116643906,0.6653380990028381,0.5514307022094727,-0.1312456876039505,0.7281438708305359,0.5370609164237976,-0.05313658341765404,0.725065290927887,0.686740517616272,-0.0841851532459259,0.7073577046394348,0.724731981754303,-0.09148412942886353,0.6965470314025879,0.7308962345123291,-0.09282494336366653,0.7671105265617371,0.5516531467437744,-0.0549374483525753,0.7586109638214111,0.7014803886413574,-0.07572586089372635,0.7434468269348145,0.7030906677246094,-0.06363803893327713,0.7357922792434692,0.6808503866195679,-0.05182565003633499,0.7984891533851624,0.5832141637802124,-0.06073499470949173,0.7879680395126343,0.692291796207428,-0.08059867471456528,0.7750796675682068,0.6901938915252686,-0.0754137858748436,0.7689843773841858,0.6601870059967041,-0.06576992571353912,fullstop
0.7539933919906616,0.6710826754570007,-1.1118421383571331e-07,0.726678729057312,0.676618754863739,-0.024521678686141968,0.7004517912864685,0.6837831139564514,-0.04627370089292526,0.6978277564048767,0.7221941351890564,-0.0652085542678833,0.7069746851921082,0.747917890548706,-0.08393603563308716,0.6927390694618225,0.5718307495117188,-0.05009361729025841,0.6872718334197998,0.5755326747894287,-0.08175026625394821,0.6747236847877502,0.5663468837738037,-0.1070576086640358,0.6624596118927002,0.5543676018714905,-0.12451627105474472,0.7287904620170593,0.5399850010871887,-0.050657376646995544,0.7284491658210754,0.6823212504386902,-0.07868103682994843,0.7173284888267517,0.720753014087677,-0.08499771356582642,0.7120305299758911,0.7180513143539429,-0.08724647015333176,0.7668436765670776,0.554947018623352,-0.05355888232588768,0.7622972130775452,0.6988534927368164,-0.07151862978935242,0.7470121383666992,0.7076461315155029,-0.059930846095085144,0.7393835783004761,0.6858958601951599,-0.050327569246292114,0.7987359762191772,0.5866241455078125,-0.060522254556417465,0.7899582982063293,0.6945512294769287,-0.07909240573644638,0.7761320471763611,0.6992002725601196,-0.07491563260555267,0.7689581513404846,0.6722318530082703,-0.06739254295825958,fullstop
0.74737548828125,0.6740784645080566,-1.7174622257698502e-07,0.7208319902420044,0.6845625638961792,-0.026269054040312767,0.6963003873825073,0.6893029808998108,-0.04886232689023018,0.6961371898651123,0.7166448831558228,-0.06856805086135864,0.7042412161827087,0.7319470643997192,-0.08724132925271988,0.6841098666191101,0.568268895149231,-0.05112827941775322,0.6792703866958618,0.5640562772750854,-0.08634078502655029,0.6690943241119385,0.5570630431175232,-0.11250517517328262,0.6599135398864746,0.5530837774276733,-0.12880463898181915,0.7217509150505066,0.5330501794815063,-0.051027875393629074,0.7197104692459106,0.674652099609375,-0.08434808999300003,0.7031528949737549,0.7255859375,-0.09126092493534088,0.6926425695419312,0.7451649904251099,-0.09071366488933563,0.7616749405860901,0.5461404919624329,-0.053634729236364365,0.7576146721839905,0.6949824690818787,-0.07615423947572708,0.7433620691299438,0.7014517784118652,-0.06271081417798996,0.7348743677139282,0.6797422170639038,-0.04915366694331169,0.7952755689620972,0.5773049592971802,-0.060279730707407,0.787916362285614,0.6883626580238342,-0.0810338705778122,0.7765430808067322,0.692768931388855,-0.07476549595594406,0.770505964756012,0.6637275218963623,-0.06359561532735825,fullstop
0.7520366311073303,0.6636592745780945,-1.1226387641727342e-07,0.725856363773346,0.6677502393722534,-0.02165246568620205,0.7020498514175415,0.6764634847640991,-0.040740955621004105,0.696498692035675,0.7061063051223755,-0.057913050055503845,0.696619987487793,0.7307238578796387,-0.07493719458580017,0.6887543201446533,0.5692688822746277,-0.042924169450998306,0.6799912452697754,0.5677061676979065,-0.06957871466875076,0.6677564978599548,0.5590770244598389,-0.08995281159877777,0.6556683778762817,0.5471009016036987,-0.10388338565826416,0.7226888537406921,0.535621166229248,-0.04503097012639046,0.7223583459854126,0.6576682329177856,-0.07162187993526459,0.7089084386825562,0.6983424425125122,-0.07931888848543167,0.7007675766944885,0.7088459730148315,-0.08161606639623642,0.7603579163551331,0.5459342002868652,-0.04897696152329445,0.7569484114646912,0.6807177066802979,-0.06728048622608185,0.7430481910705566,0.692793071269989,-0.05950598791241646,0.7348800301551819,0.6797177195549011,-0.051539551466703415,0.7924216985702515,0.5738117694854736,-0.056350838392972946,0.7855368256568909,0.6740925312042236,-0.07337195426225662,0.7740097641944885,0.6783016920089722,-0.07003268599510193,0.7668542861938477,0.6567304134368896,-0.06311817467212677,fullstop
0.7509706020355225,0.6574525237083435,-1.4862001762594446e-07,0.7251790761947632,0.6624650955200195,-0.022476471960544586,0.7010735869407654,0.674845814704895,-0.043973907828330994,0.6951407790184021,0.7047321200370789,-0.063410185277462,0.6929516792297363,0.729171097278595,-0.0829881802201271,0.6877557039260864,0.558751106262207,-0.04739177227020264,0.6790388822555542,0.5576464533805847,-0.07629121840000153,0.6674297451972961,0.553272008895874,-0.09908884763717651,0.6542189121246338,0.5448876023292542,-0.11529122292995453,0.7217044234275818,0.5265688300132751,-0.050172075629234314,0.7184059619903564,0.6474595069885254,-0.07794850319623947,0.7057576179504395,0.7012671232223511,-0.08702945709228516,0.6969333291053772,0.7173848748207092,-0.09195844829082489,0.7585238218307495,0.5380894541740417,-0.05475178733468056,0.7537535429000854,0.667408287525177,-0.07384302467107773,0.7382392287254333,0.6943624019622803,-0.06725672632455826,0.7274975180625916,0.6890904903411865,-0.062201127409935,0.7905780673027039,0.5671768188476562,-0.06270604580640793,0.783997654914856,0.6650664210319519,-0.07982620596885681,0.7707074880599976,0.6852268576622009,-0.07710956037044525,0.7616267204284668,0.6754575967788696,-0.07245141267776489,fullstop
0.7506396770477295,0.6513269543647766,-1.0515340420624852e-07,0.7230482697486877,0.6580398678779602,-0.024239057675004005,0.6980552077293396,0.6654434204101562,-0.045610103756189346,0.6935796737670898,0.7014996409416199,-0.06430192291736603,0.6990829706192017,0.7304211854934692,-0.08315607905387878,0.6873799562454224,0.5576095581054688,-0.04863835498690605,0.6791836619377136,0.5590452551841736,-0.07895289361476898,0.6656522154808044,0.5515771508216858,-0.10295707732439041,0.6528668403625488,0.5388844609260559,-0.11980421096086502,0.722473680973053,0.5254719853401184,-0.04988449439406395,0.7216547131538391,0.650199294090271,-0.07672200351953506,0.7104674577713013,0.6921707391738892,-0.08422651141881943,0.7041282653808594,0.6907932758331299,-0.08785329759120941,0.7600387930870056,0.5386958122253418,-0.05329112708568573,0.7545636296272278,0.6724345088005066,-0.07113578170537949,0.7384810447692871,0.6915708184242249,-0.06199117749929428,0.729703426361084,0.6757082939147949,-0.054593171924352646,0.7916364669799805,0.5685179829597473,-0.0604802630841732,0.7813863754272461,0.6726042032241821,-0.07800652831792831,0.7678327560424805,0.6843200325965881,-0.07451482862234116,0.7608183026313782,0.6637835502624512,-0.0684543177485466,fullstop
0.7513577938079834,0.6424957513809204,-1.00583420703515e-07,0.7237986326217651,0.6490066051483154,-0.023749418556690216,0.6960821151733398,0.6572390794754028,-0.04401055723428726,0.6913743019104004,0.697485089302063,-0.061625026166439056,0.6988968849182129,0.7214258313179016,-0.07882239669561386,0.6845567226409912,0.5428667068481445,-0.046396996825933456,0.6753588914871216,0.5510951280593872,-0.075165756046772,0.6642499566078186,0.5398491621017456,-0.09807871282100677,0.6541953086853027,0.523423433303833,-0.11407845467329025,0.7213497161865234,0.5109771490097046,-0.047288939356803894,0.7180625200271606,0.6609545946121216,-0.0737493485212326,0.7079896926879883,0.6931934356689453,-0.0800948441028595,0.7022954225540161,0.6883931159973145,-0.08182431757450104,0.7611203193664551,0.5262959599494934,-0.05032242834568024,0.7532493472099304,0.6805163621902466,-0.06738103181123734,0.7431092262268066,0.679493248462677,-0.05562188848853111,0.7379624843597412,0.6495680809020996,-0.04508993402123451,0.7942339777946472,0.5580508708953857,-0.05729418620467186,0.7815802693367004,0.6736261248588562,-0.07489287853240967,0.7710177898406982,0.6723127365112305,-0.06959781050682068,0.7658166289329529,0.6395578980445862,-0.060611579567193985,fullstop
0.753125011920929,0.6388046145439148,-1.7428320120416174e-07,0.7266566753387451,0.6425898671150208,-0.024192918092012405,0.6998482942581177,0.6486848592758179,-0.0456526093184948,0.6960251927375793,0.684675395488739,-0.06462430953979492,0.705640435218811,0.7071384191513062,-0.08335495740175247,0.688258171081543,0.5293964743614197,-0.04761609062552452,0.6827471256256104,0.5273343324661255,-0.07967584580183029,0.6728575825691223,0.5235203504562378,-0.10463523864746094,0.6633139848709106,0.5177791118621826,-0.12146830558776855,0.7264849543571472,0.498247355222702,-0.048765331506729126,0.724210262298584,0.6317800283432007,-0.07789362967014313,0.7091680765151978,0.6863669157028198,-0.08546111732721329,0.7006779313087463,0.6953416466712952,-0.08824966102838516,0.7658732533454895,0.5149722099304199,-0.05241413787007332,0.7604086995124817,0.6513546109199524,-0.07337009161710739,0.7417930364608765,0.6743586659431458,-0.06398797035217285,0.7308564186096191,0.6597862839698792,-0.05535108968615532,0.7981857061386108,0.5487279891967773,-0.05963361635804176,0.7885258793830872,0.6521510481834412,-0.0803149864077568,0.7716108560562134,0.6671599745750427,-0.0772760659456253,0.7613468170166016,0.6485241055488586,-0.07036694139242172,fullstop
0.7497909665107727,0.6357918381690979,-1.1593294146905464e-07,0.721611499786377,0.6410894393920898,-0.02699325419962406,0.696853518486023,0.640681803226471,-0.04888114333152771,0.6950080394744873,0.6743873357772827,-0.06752415746450424,0.7027885317802429,0.70017409324646,-0.08569604158401489,0.6891795992851257,0.5230903625488281,-0.0514238215982914,0.6851623058319092,0.5192201137542725,-0.08518354594707489,0.6718969941139221,0.5083515644073486,-0.11165504902601242,0.6598259210586548,0.4976198971271515,-0.129470095038414,0.7266920804977417,0.48755544424057007,-0.05066242069005966,0.7318610548973083,0.627034068107605,-0.08011062443256378,0.7159157395362854,0.6636033654212952,-0.08692293614149094,0.7051966190338135,0.6622194051742554,-0.08901633322238922,0.7657115459442139,0.5026423335075378,-0.05278747156262398,0.7637104988098145,0.6467973589897156,-0.07286423444747925,0.7469830513000488,0.653464138507843,-0.06119981035590172,0.7367077469825745,0.631190299987793,-0.05087696388363838,0.7969955205917358,0.5354161858558655,-0.05917223170399666,0.7890297770500183,0.6460646390914917,-0.080731101334095,0.775770902633667,0.648088276386261,-0.07754340022802353,0.7680424451828003,0.6182864904403687,-0.06980693340301514,fullstop
0.7495498061180115,0.6201919913291931,-1.4733869591054827e-07,0.7223299145698547,0.6232867240905762,-0.024479662999510765,0.6969605088233948,0.6270896792411804,-0.0455080084502697,0.6926660537719727,0.6622122526168823,-0.06421258300542831,0.6974906921386719,0.6865889430046082,-0.08261489123106003,0.6872518062591553,0.5162733793258667,-0.048370394855737686,0.6810051202774048,0.5149723887443542,-0.08036864548921585,0.6705860495567322,0.5055059790611267,-0.10541371256113052,0.6614013314247131,0.4937715530395508,-0.12222948670387268,0.7247503399848938,0.48372942209243774,-0.049053505063056946,0.7240234613418579,0.6267495155334473,-0.07779758423566818,0.7045109868049622,0.6650431752204895,-0.08533662557601929,0.691764235496521,0.6643354892730713,-0.08805673569440842,0.7640159726142883,0.4994916319847107,-0.052168186753988266,0.7598831653594971,0.6470409631729126,-0.07213953882455826,0.7418797016143799,0.656189501285553,-0.06146498769521713,0.730856716632843,0.6357951164245605,-0.05160528048872948,0.7965169548988342,0.5321378707885742,-0.05922127887606621,0.7869787216186523,0.6443483829498291,-0.07928240299224854,0.771670937538147,0.6482395529747009,-0.07550448924303055,0.7623233199119568,0.6214098334312439,-0.06758549809455872,fullstop
0.7486857771873474,0.6468930244445801,-1.6045447637225152e-07,0.7215747833251953,0.6543970704078674,-0.02709580399096012,0.6976056098937988,0.6588613986968994,-0.048685651272535324,0.6937555074691772,0.6934473514556885,-0.06689884513616562,0.7011629939079285,0.7142446637153625,-0.08441906422376633,0.68999183177948,0.537244439125061,-0.051380086690187454,0.6841628551483154,0.5394508838653564,-0.08588103204965591,0.6714099049568176,0.5313221216201782,-0.11237956583499908,0.6613528728485107,0.5220633745193481,-0.1293984353542328,0.7286931872367859,0.5057258605957031,-0.05018012225627899,0.7252476215362549,0.6517339944839478,-0.08007019758224487,0.7069227695465088,0.6904177665710449,-0.08679564297199249,0.6972777247428894,0.690630316734314,-0.08823198080062866,0.7671055793762207,0.524507462978363,-0.05182071030139923,0.7561439275741577,0.6735265254974365,-0.07255786657333374,0.7377002239227295,0.6815298795700073,-0.06075559929013252,0.7295441627502441,0.6603196859359741,-0.049469977617263794,0.7967923879623413,0.5600059628486633,-0.05762866139411926,0.7813506722450256,0.6719667911529541,-0.07887779921293259,0.765042781829834,0.6752568483352661,-0.07524063438177109,0.7575254440307617,0.6486119031906128,-0.06670220196247101,fullstop
0.7464465498924255,0.6524553894996643,-1.1841611069485225e-07,0.7181742191314697,0.6558577418327332,-0.025127802044153214,0.6917827725410461,0.6568853259086609,-0.04618425294756889,0.6902615427970886,0.6951208710670471,-0.06436076015233994,0.7013792991638184,0.7221604585647583,-0.08204758167266846,0.6848633289337158,0.5408416390419006,-0.04881102591753006,0.6795948147773743,0.5451696515083313,-0.08138987421989441,0.6689135432243347,0.5359054207801819,-0.1070878654718399,0.6598629355430603,0.5256093740463257,-0.12415210157632828,0.7229138016700745,0.5127280950546265,-0.048841942101716995,0.7191495299339294,0.6560012102127075,-0.0776960551738739,0.7036582827568054,0.6922721862792969,-0.08466470241546631,0.6952016353607178,0.692851185798645,-0.08661222457885742,0.7620776891708374,0.5313464999198914,-0.05138746276497841,0.7537341117858887,0.6787666082382202,-0.06978754699230194,0.7391931414604187,0.6835663914680481,-0.05740850046277046,0.7325859665870667,0.6609681248664856,-0.046395253390073776,0.7938296794891357,0.5658910870552063,-0.058153923600912094,0.7817704081535339,0.6746014356613159,-0.07684008032083511,0.7677134871482849,0.6771093606948853,-0.07177678495645523,0.7610680460929871,0.6484640836715698,-0.06285680830478668,fullstop
0.7468432188034058,0.6601601243019104,-1.1495536256234118e-07,0.7177743911743164,0.666759192943573,-0.028324488550424576,0.6910015344619751,0.6703971028327942,-0.05201879143714905,0.6895968317985535,0.704056978225708,-0.07215506583452225,0.7009456753730774,0.7249390482902527,-0.0920032262802124,0.6899613738059998,0.5544520616531372,-0.056631218641996384,0.6828986406326294,0.5571910738945007,-0.09223231673240662,0.6710955500602722,0.5466541647911072,-0.12021531164646149,0.6605720520019531,0.5342152714729309,-0.1388142704963684,0.7272132635116577,0.5243864059448242,-0.055233098566532135,0.7254728078842163,0.6743625998497009,-0.08542029559612274,0.7086029648780823,0.7050920724868774,-0.09260779619216919,0.6995102763175964,0.6943235397338867,-0.09556077420711517,0.7647401094436646,0.543415367603302,-0.05649598687887192,0.756293535232544,0.6914041042327881,-0.07779719680547714,0.7383747696876526,0.6952821016311646,-0.06649918854236603,0.7302041053771973,0.6702165007591248,-0.05628732219338417,0.7944164872169495,0.5779438614845276,-0.06199205294251442,0.7799187898635864,0.6871656179428101,-0.08455633372068405,0.7636226415634155,0.6863997578620911,-0.08160942792892456,0.7568931579589844,0.655457079410553,-0.07402021437883377,fullstop
0.7502304911613464,0.6766666769981384,-1.5008365039648197e-07,0.7240622043609619,0.683766782283783,-0.02721066027879715,0.6989192962646484,0.6886873245239258,-0.05078740045428276,0.6922786235809326,0.7186996340751648,-0.07142046838998795,0.6935389637947083,0.7403957843780518,-0.09157411754131317,0.6922022700309753,0.5696654319763184,-0.053433388471603394,0.6851626634597778,0.5663291215896606,-0.0899425819516182,0.6737149953842163,0.5582982897758484,-0.11804821342229843,0.6630520820617676,0.5532073974609375,-0.13583092391490936,0.7281084060668945,0.5395554900169373,-0.05292636156082153,0.723683774471283,0.6853834390640259,-0.08505228906869888,0.7054643630981445,0.7231740355491638,-0.09270451962947845,0.6947411298751831,0.7220858931541443,-0.09460148215293884,0.7652684450149536,0.5567770004272461,-0.05524997040629387,0.7569693922996521,0.7008869051933289,-0.07789047062397003,0.7416332364082336,0.7059101462364197,-0.06609766185283661,0.7345927357673645,0.682063102722168,-0.054666344076395035,0.7952682375907898,0.590082049369812,-0.06169658154249191,0.7832123637199402,0.6970674991607666,-0.08393976837396622,0.7705830335617065,0.6969771981239319,-0.0797918438911438,0.7657287120819092,0.6649519801139832,-0.07075361162424088,fullstop
0.7530392408370972,0.68500816822052,-1.117348489287906e-07,0.7273437976837158,0.6929610967636108,-0.028803545981645584,0.7045224905014038,0.7001836895942688,-0.053985416889190674,0.6985507011413574,0.7325392365455627,-0.07549376040697098,0.697661817073822,0.7552495002746582,-0.0965408906340599,0.6918220520019531,0.5770158171653748,-0.0590432770550251,0.6861945986747742,0.5800921320915222,-0.09897647053003311,0.6780201196670532,0.5704885125160217,-0.13027173280715942,0.6696316003799438,0.5598781704902649,-0.15047642588615417,0.7290092706680298,0.5487866401672363,-0.05812952294945717,0.7234452962875366,0.6898698806762695,-0.09115859866142273,0.7075411081314087,0.7272975444793701,-0.09929677844047546,0.6975793838500977,0.7233073711395264,-0.10246149450540543,0.7670855522155762,0.5678063631057739,-0.06004011258482933,0.7582919001579285,0.7088333964347839,-0.08276940882205963,0.7444741129875183,0.7175224423408508,-0.06973201036453247,0.7382339835166931,0.694471538066864,-0.058159034699201584,0.7973111867904663,0.6029009819030762,-0.0662500262260437,0.7844284176826477,0.708860456943512,-0.0889001116156578,0.7713382244110107,0.7120945453643799,-0.0844343900680542,0.7656896710395813,0.6817674040794373,-0.07564439624547958,fullstop
0.7528359293937683,0.6908100843429565,-1.5174887835200934e-07,0.7260915637016296,0.6983149647712708,-0.02928154543042183,0.6991780996322632,0.7013310790061951,-0.054571062326431274,0.6925495266914368,0.7341038584709167,-0.07660641521215439,0.6997190713882446,0.7523554563522339,-0.09784134477376938,0.6957526206970215,0.5791664123535156,-0.05720096454024315,0.6881381869316101,0.5807238817214966,-0.09829387813806534,0.6769980788230896,0.575777530670166,-0.12870801985263824,0.6665486693382263,0.5707643032073975,-0.14728417992591858,0.7331522703170776,0.5516824722290039,-0.05595558136701584,0.7253620028495789,0.7011758089065552,-0.0901356041431427,0.708373486995697,0.7423279881477356,-0.09587083756923676,0.6998707056045532,0.7369629740715027,-0.09608165919780731,0.7700985074043274,0.5724925398826599,-0.058227766305208206,0.7580795288085938,0.7182182669639587,-0.08220341056585312,0.7401257753372192,0.7276447415351868,-0.06702270358800888,0.7329376935958862,0.702637791633606,-0.05298169329762459,0.798640251159668,0.6089113354682922,-0.06496342271566391,0.7839776873588562,0.7148070931434631,-0.08769434690475464,0.7683276534080505,0.719763457775116,-0.08196717500686646,0.7631065845489502,0.6900601983070374,-0.07167399674654007,fullstop
0.7513558864593506,0.6850568056106567,-1.7692624965093273e-07,0.7248517870903015,0.6950364112854004,-0.02831694670021534,0.6990338563919067,0.7061310410499573,-0.052838072180747986,0.692226767539978,0.7412628531455994,-0.07370124757289886,0.6984604597091675,0.7593752145767212,-0.09357777237892151,0.6930304765701294,0.5793159008026123,-0.0573260672390461,0.6840696334838867,0.5826916694641113,-0.09451407194137573,0.6734886169433594,0.5771964192390442,-0.12205423414707184,0.6637611389160156,0.5686535835266113,-0.1396692395210266,0.7306845784187317,0.548420250415802,-0.05615406483411789,0.7217954993247986,0.6937007904052734,-0.08909022808074951,0.7062063813209534,0.7400898933410645,-0.09438063204288483,0.6985365748405457,0.7466486692428589,-0.09413902461528778,0.7677754759788513,0.5666787624359131,-0.05780726671218872,0.7544280886650085,0.7153494358062744,-0.07983317226171494,0.7397087812423706,0.7238768339157104,-0.06487221270799637,0.7338455319404602,0.7008583545684814,-0.05128704756498337,0.7969286441802979,0.6016615033149719,-0.06378741562366486,0.7806494832038879,0.7139068841934204,-0.08470615744590759,0.767360508441925,0.7186313271522522,-0.07890383899211884,0.7624120116233826,0.689590573310852,-0.06884071230888367,fullstop
0.749114453792572,0.6935294270515442,-1.442162016473958e-07,0.7231374382972717,0.6980950832366943,-0.026611415669322014,0.6995858550071716,0.7014051675796509,-0.04994625970721245,0.6917568445205688,0.7293175458908081,-0.07048828899860382,0.6923816204071045,0.7495699524879456,-0.09059514105319977,0.6893885731697083,0.5785020589828491,-0.051459185779094696,0.6821937561035156,0.5782536268234253,-0.08816803991794586,0.6726202368736267,0.5713234543800354,-0.11680712550878525,0.6639111042022705,0.5650399923324585,-0.1350102573633194,0.7258960604667664,0.5490456223487854,-0.05123024806380272,0.7210865616798401,0.6883484125137329,-0.08283267915248871,0.7041171193122864,0.7278848886489868,-0.09136327356100082,0.6942244172096252,0.7289943099021912,-0.09434429556131363,0.7633432149887085,0.5665565729141235,-0.05385863780975342,0.7544431090354919,0.7088338732719421,-0.07623946666717529,0.7400651574134827,0.7184109687805176,-0.06564496457576752,0.73382967710495,0.6973909139633179,-0.0553845576941967,0.7933305501937866,0.6003568172454834,-0.060442883521318436,0.7809004187583923,0.7047567367553711,-0.08131889998912811,0.7671692967414856,0.709446907043457,-0.07698614150285721,0.7609053254127502,0.6816496253013611,-0.06843970715999603,fullstop
0.7494670152664185,0.6919880509376526,-1.511077414306783e-07,0.7248641848564148,0.6974912285804749,-0.027053169906139374,0.7010073065757751,0.701165497303009,-0.051049377769231796,0.692089855670929,0.7307648658752441,-0.07229536771774292,0.6897581815719604,0.7550610303878784,-0.09310192614793777,0.6893555521965027,0.5787787437438965,-0.052236683666706085,0.6825166344642639,0.5748463869094849,-0.08925647288560867,0.6712318658828735,0.5695834755897522,-0.11778733879327774,0.6606795787811279,0.5651990175247192,-0.13622719049453735,0.7240801453590393,0.5493266582489014,-0.052795808762311935,0.7188394665718079,0.683678388595581,-0.08668973296880722,0.702135443687439,0.7310658693313599,-0.09582540392875671,0.6931074857711792,0.7393925189971924,-0.09879390150308609,0.7606633305549622,0.5661320686340332,-0.056305818259716034,0.7538570761680603,0.7036519050598145,-0.07976875454187393,0.7400208115577698,0.7181718349456787,-0.06937118619680405,0.7339719533920288,0.7010499238967896,-0.05948404222726822,0.791686475276947,0.5997672080993652,-0.06389529258012772,0.7821402549743652,0.7007119059562683,-0.0852419063448906,0.7704445123672485,0.7092652916908264,-0.08129410445690155,0.7655457854270935,0.6841902732849121,-0.07348693907260895,fullstop
0.7425081729888916,0.6934131979942322,-1.447326809511651e-07,0.7128456830978394,0.696821391582489,-0.027318589389324188,0.6873877048492432,0.696219265460968,-0.04967696964740753,0.6837055087089539,0.7290134429931641,-0.06852202117443085,0.6944854855537415,0.7484440803527832,-0.08666002750396729,0.6820533871650696,0.5805219411849976,-0.054841697216033936,0.6763481497764587,0.5832861661911011,-0.0930347889661789,0.6671169400215149,0.5731489658355713,-0.12192779034376144,0.6594997644424438,0.5592537522315979,-0.14075806736946106,0.7207819819450378,0.5533195734024048,-0.05426274612545967,0.7155919671058655,0.6962648630142212,-0.08691324293613434,0.6981149315834045,0.7419801950454712,-0.09245047718286514,0.6893029808998108,0.736973226070404,-0.09310781210660934,0.7597393989562988,0.5746233463287354,-0.056887272745370865,0.750072181224823,0.7193775773048401,-0.08052455633878708,0.7305848002433777,0.7331411838531494,-0.06648361682891846,0.7219709157943726,0.707838773727417,-0.053775686770677567,0.7911913394927979,0.6108285188674927,-0.0636523962020874,0.7784233093261719,0.7192263603210449,-0.0872768685221672,0.7615802884101868,0.7271982431411743,-0.08261682838201523,0.7547235488891602,0.6976996660232544,-0.07340503484010696,fullstop
0.7459288835525513,0.6928160786628723,-1.680411116922187e-07,0.7194291949272156,0.6986293196678162,-0.029077967628836632,0.693305253982544,0.7036319971084595,-0.054665982723236084,0.6865878105163574,0.738388180732727,-0.07680147141218185,0.6934572458267212,0.7595545649528503,-0.09800883382558823,0.6887860894203186,0.5829685926437378,-0.05872499942779541,0.6827918887138367,0.586758553981781,-0.09841565787792206,0.6716392636299133,0.5779432058334351,-0.1280348300933838,0.6607056856155396,0.5687960386276245,-0.1467626690864563,0.7266779541969299,0.5553606152534485,-0.057824667543172836,0.7190278172492981,0.7032644152641296,-0.09148521721363068,0.7008594870567322,0.7447391748428345,-0.09694061428308487,0.6915075778961182,0.7450634241104126,-0.09742076694965363,0.7645686268806458,0.5761891007423401,-0.06010071188211441,0.7534745335578918,0.7237615585327148,-0.08403809368610382,0.7371528148651123,0.7328161001205444,-0.06909307092428207,0.7306026816368103,0.7096274495124817,-0.05558626726269722,0.7952111959457397,0.6130774617195129,-0.06675724685192108,0.7813662886619568,0.7212663292884827,-0.08944912254810333,0.766732931137085,0.7247472405433655,-0.08384416997432709,0.7613707780838013,0.6939820051193237,-0.07402462512254715,fullstop
0.75095534324646,0.7018992304801941,-1.4273533111008874e-07,0.7247106432914734,0.7080956101417542,-0.028990499675273895,0.6982995867729187,0.7122264504432678,-0.0541260801255703,0.6904902458190918,0.7450789213180542,-0.07572270929813385,0.6973649263381958,0.7658528089523315,-0.09630731493234634,0.6926785111427307,0.5901427268981934,-0.056415412575006485,0.6848080158233643,0.5926555395126343,-0.09520082175731659,0.6738452315330505,0.5824587941169739,-0.12358549982309341,0.6637886762619019,0.5715867280960083,-0.14160369336605072,0.7294213771820068,0.5607193112373352,-0.05519287288188934,0.7246437072753906,0.7022456526756287,-0.08762374520301819,0.7126272916793823,0.74500572681427,-0.09134551137685776,0.7082406282424927,0.7403084635734558,-0.09050349146127701,0.7664021253585815,0.5794321298599243,-0.05739184468984604,0.7582060098648071,0.7219032049179077,-0.08089262247085571,0.7444589734077454,0.733132004737854,-0.06520381569862366,0.7399933338165283,0.7087094783782959,-0.05112540349364281,0.7965468764305115,0.6130491495132446,-0.06393850594758987,0.7846677303314209,0.7201054096221924,-0.0861748531460762,0.7727377414703369,0.7252288460731506,-0.08036181330680847,0.7694310545921326,0.6930961608886719,-0.07047663629055023,fullstop
0.7508746981620789,0.7018812298774719,-1.6110313083572692e-07,0.7232593297958374,0.7116113901138306,-0.030728401616215706,0.6974748373031616,0.7170308828353882,-0.05656646192073822,0.6913700103759766,0.7478904724121094,-0.07825618982315063,0.6995511651039124,0.7627520561218262,-0.09896023571491241,0.6930327415466309,0.5905919075012207,-0.06071127578616142,0.6864078044891357,0.5921786427497864,-0.09996494650840759,0.675158679485321,0.5836155414581299,-0.12890340387821198,0.6649057865142822,0.5739018321037292,-0.14740626513957977,0.7311050295829773,0.5610400438308716,-0.05884084478020668,0.7266220450401306,0.7041923403739929,-0.09324661642313004,0.7118269205093384,0.7468025088310242,-0.09942550212144852,0.7050790786743164,0.7441037893295288,-0.10038519650697708,0.7687003016471863,0.5794757008552551,-0.06010627746582031,0.7591934204101562,0.7242294549942017,-0.0844123587012291,0.7422016263008118,0.7345860600471497,-0.07081500440835953,0.7350967526435852,0.7094189524650574,-0.05842655524611473,0.7985769510269165,0.6139025688171387,-0.06579596549272537,0.7849563956260681,0.7219753265380859,-0.08919499814510345,0.7698479890823364,0.7267205715179443,-0.08509859442710876,0.7637989521026611,0.6959364414215088,-0.07650390267372131,fullstop
0.746241569519043,0.6992791295051575,-1.6207607700380322e-07,0.7182738184928894,0.7082396745681763,-0.03025241754949093,0.6906725764274597,0.7136299014091492,-0.055904168635606766,0.6845464110374451,0.7461951971054077,-0.07768553495407104,0.6949969530105591,0.7595541477203369,-0.0981735959649086,0.6843370795249939,0.5865883827209473,-0.058347538113594055,0.6792870163917542,0.5882711410522461,-0.09845791012048721,0.6689249873161316,0.5815935730934143,-0.1282178908586502,0.6593741178512573,0.5768187046051025,-0.14680218696594238,0.7231931090354919,0.5585242509841919,-0.05677080526947975,0.7170654535293579,0.7080209255218506,-0.09113577753305435,0.7026790380477905,0.7498007416725159,-0.09689916670322418,0.696444034576416,0.7486393451690674,-0.0970543771982193,0.7618688344955444,0.5789973735809326,-0.05857362225651741,0.7527753114700317,0.7293110489845276,-0.08270466327667236,0.736452579498291,0.7366915941238403,-0.06694117933511734,0.7295753955841064,0.7092475295066833,-0.052452996373176575,0.7931395173072815,0.6147842407226562,-0.06494654715061188,0.7792794704437256,0.727111279964447,-0.08838781714439392,0.7649533152580261,0.7300469279289246,-0.08268863707780838,0.759697675704956,0.6961464285850525,-0.07215408980846405,fullstop
0.743149995803833,0.6952202320098877,-1.504748894376462e-07,0.7137187719345093,0.7018692493438721,-0.028682958334684372,0.6886179447174072,0.7062733769416809,-0.05331490561366081,0.6832849383354187,0.7327225208282471,-0.07445364445447922,0.6902917623519897,0.741766631603241,-0.09508827328681946,0.6833725571632385,0.5890671014785767,-0.059571556746959686,0.6749638915061951,0.5916115641593933,-0.09910207986831665,0.6636550426483154,0.5803166031837463,-0.12944723665714264,0.6533670425415039,0.5683339834213257,-0.1486494392156601,0.720859944820404,0.5598943829536438,-0.05834784731268883,0.7095400094985962,0.7118901014328003,-0.09261669963598251,0.6921128034591675,0.7491478323936462,-0.09976005554199219,0.6830263137817383,0.7512954473495483,-0.10096990317106247,0.7587298154830933,0.5790442228317261,-0.05989490821957588,0.7422965168952942,0.7295876145362854,-0.0837099626660347,0.7293028831481934,0.7292293310165405,-0.06946543604135513,0.7245684862136841,0.7037720084190369,-0.056041453033685684,0.7885538935661316,0.6141176819801331,-0.06569588929414749,0.7695847153663635,0.7266694903373718,-0.08854557573795319,0.7576320171356201,0.7220832109451294,-0.08270729333162308,0.7538886070251465,0.687175989151001,-0.07216667383909225,fullstop
0.7412305474281311,0.693760335445404,-1.6946290770647465e-07,0.7093349099159241,0.693703293800354,-0.02463352307677269,0.6787999272346497,0.6912903785705566,-0.04434780403971672,0.6714140772819519,0.7232937812805176,-0.061060454696416855,0.6858084201812744,0.7395426034927368,-0.07712878286838531,0.6793873906135559,0.5886098146438599,-0.04859805852174759,0.6723570823669434,0.5941518545150757,-0.08133228868246078,0.660654604434967,0.5827568173408508,-0.10630820691585541,0.6501510739326477,0.5691632032394409,-0.12238320708274841,0.7183873653411865,0.561492919921875,-0.0483243502676487,0.7093315124511719,0.7160425186157227,-0.07733380794525146,0.6941452622413635,0.7514714002609253,-0.08247238397598267,0.6874964237213135,0.746494472026825,-0.08237765729427338,0.7575531005859375,0.5829203724861145,-0.05066656321287155,0.742114782333374,0.7367152571678162,-0.07218695431947708,0.7262364625930786,0.7376986742019653,-0.0595691055059433,0.7196572422981262,0.7102807760238647,-0.0467403419315815,0.7887663245201111,0.6184530258178711,-0.05671044439077377,0.7685248255729675,0.7311376929283142,-0.0780906155705452,0.7532665133476257,0.7265114784240723,-0.07292890548706055,0.7471551895141602,0.6931042671203613,-0.06276465952396393,fullstop
0.7407193779945374,0.7017260193824768,-2.313527858177622e-07,0.7115862369537354,0.7080761790275574,-0.02714952453970909,0.6829267144203186,0.7107301950454712,-0.05038391798734665,0.6783171892166138,0.7418898344039917,-0.07051227986812592,0.6924623250961304,0.752932071685791,-0.08930539339780807,0.6827036142349243,0.5863053798675537,-0.051125217229127884,0.6750273704528809,0.5874096155166626,-0.0862908661365509,0.6621729731559753,0.5834334492683411,-0.11261603981256485,0.6504746079444885,0.5790421962738037,-0.12956613302230835,0.7210289239883423,0.55832439661026,-0.05049509182572365,0.7132454514503479,0.7040674090385437,-0.08160360157489777,0.6973302364349365,0.7506845593452454,-0.08781950175762177,0.6905677914619446,0.7523730993270874,-0.08919194340705872,0.7586780190467834,0.5777460336685181,-0.052941784262657166,0.748214602470398,0.7271219491958618,-0.07496437430381775,0.730076789855957,0.7422629594802856,-0.06243173032999039,0.7217180132865906,0.7213187217712402,-0.05118141695857048,0.7895140051841736,0.6129915714263916,-0.05951257422566414,0.7756997346878052,0.7234748601913452,-0.07999761402606964,0.7608050107955933,0.7311846613883972,-0.07545004040002823,0.7551023960113525,0.7028058767318726,-0.06724698096513748,fullstop
0.7457350492477417,0.7034862637519836,-1.5036717115890497e-07,0.7150884866714478,0.7056772112846375,-0.02747449092566967,0.6868857741355896,0.7031776905059814,-0.05066147446632385,0.6795299053192139,0.7289551496505737,-0.07041008025407791,0.6949397325515747,0.7433682680130005,-0.08912672847509384,0.6863376498222351,0.5895768404006958,-0.05346228554844856,0.6782225370407104,0.5957396626472473,-0.08924051374197006,0.6665802001953125,0.5843749046325684,-0.11645223945379257,0.656973123550415,0.5710674524307251,-0.13410645723342896,0.7247233390808105,0.5620774030685425,-0.05255876109004021,0.7165259718894958,0.7182695865631104,-0.08464600890874863,0.7016282677650452,0.7538372278213501,-0.09014447778463364,0.6953033804893494,0.7522779703140259,-0.0900486409664154,0.7628744840621948,0.5833055377006531,-0.05457073822617531,0.7489801049232483,0.7378576397895813,-0.07689644396305084,0.7340793609619141,0.7371273040771484,-0.062202468514442444,0.7283254265785217,0.7083454132080078,-0.048357270658016205,0.7931445240974426,0.619672417640686,-0.06087493896484375,0.7769841551780701,0.7335638403892517,-0.0820828452706337,0.7640290260314941,0.7309269309043884,-0.0758313462138176,0.759713351726532,0.6961105465888977,-0.0651349201798439,fullstop
0.751491129398346,0.697636067867279,-1.3022554412600584e-07,0.721747875213623,0.7042617201805115,-0.030950548127293587,0.6939187049865723,0.7066700458526611,-0.057850029319524765,0.6911307573318481,0.742789626121521,-0.08062506467103958,0.7051194310188293,0.765491247177124,-0.10266410559415817,0.6929478645324707,0.5914179086685181,-0.06511882692575455,0.6887528300285339,0.6001171469688416,-0.10758313536643982,0.6781987547874451,0.5896737575531006,-0.13941599428653717,0.6681026816368103,0.58016037940979,-0.15913322567939758,0.7331042289733887,0.5634690523147583,-0.063489630818367,0.7248010635375977,0.7165108323097229,-0.10134631395339966,0.7064082026481628,0.754611611366272,-0.1093401238322258,0.6954124569892883,0.7617195844650269,-0.1101289764046669,0.772494912147522,0.583457887172699,-0.06459955126047134,0.7582061290740967,0.7371601462364197,-0.08997456729412079,0.7436904311180115,0.7385975122451782,-0.07475030422210693,0.7372508645057678,0.7143086791038513,-0.05999154597520828,0.8027148842811584,0.6186007261276245,-0.0702706053853035,0.7851949334144592,0.7334743142127991,-0.09291140735149384,0.7711295485496521,0.7345903515815735,-0.08580874651670456,0.7662372589111328,0.703450620174408,-0.07410226762294769,fullstop
0.7475348114967346,0.710578203201294,-2.107285439478801e-07,0.7198234796524048,0.7152470350265503,-0.025841213762760162,0.6928049921989441,0.7165277004241943,-0.047669198364019394,0.68905109167099,0.7469618916511536,-0.0666251927614212,0.7000542283058167,0.7634862065315247,-0.08425085246562958,0.6915372610092163,0.592962920665741,-0.048108309507369995,0.684354305267334,0.5918722748756409,-0.08148083090782166,0.6718688011169434,0.5853495001792908,-0.10635729879140854,0.6613207459449768,0.579927384853363,-0.12228758633136749,0.7293832898139954,0.5639045238494873,-0.04750511795282364,0.7219283580780029,0.7106781005859375,-0.07678638398647308,0.7093514800071716,0.7496204972267151,-0.08183376491069794,0.705776035785675,0.7486559748649597,-0.08225761353969574,0.766265332698822,0.5837841033935547,-0.050011105835437775,0.7555824518203735,0.7340002655982971,-0.07051549106836319,0.7412748336791992,0.7404457330703735,-0.057617321610450745,0.7358033657073975,0.7166796326637268,-0.0459614172577858,0.7964360117912292,0.6186726093292236,-0.05669551342725754,0.7818074822425842,0.7324432730674744,-0.07690184563398361,0.7688101530075073,0.735650897026062,-0.07271286100149155,0.7638897895812988,0.7065468430519104,-0.06435064226388931,fullstop
0.7445366382598877,0.7008379697799683,-1.2922983216867578e-07,0.716225266456604,0.7095150351524353,-0.02981659770011902,0.6898183822631836,0.7151061296463013,-0.05666741356253624,0.6836020946502686,0.7438718676567078,-0.08003528416156769,0.6918358206748962,0.7618451714515686,-0.10315496474504471,0.6857571005821228,0.5926681756973267,-0.06170332059264183,0.6767450571060181,0.5910715460777283,-0.10194479674100876,0.6658720970153809,0.5820909142494202,-0.1327081024646759,0.65557461977005,0.5737565159797668,-0.15248829126358032,0.7223919034004211,0.5634974241256714,-0.06106645241379738,0.7132774591445923,0.7059547305107117,-0.0969729870557785,0.6961863040924072,0.7510058283805847,-0.10510668903589249,0.6873589754104614,0.7591551542282104,-0.10720685124397278,0.7600716948509216,0.5827667117118835,-0.06328652054071426,0.7471122145652771,0.7260896563529968,-0.0882706418633461,0.7326536178588867,0.7351944446563721,-0.07557260990142822,0.7270119786262512,0.715144157409668,-0.06364715099334717,0.7904101610183716,0.6193975210189819,-0.06974786520004272,0.7756485342979431,0.7247729301452637,-0.09256456047296524,0.7634273171424866,0.7278720736503601,-0.08746031671762466,0.7595922946929932,0.6982575058937073,-0.07819230109453201,fullstop
0.7430455684661865,0.7062903046607971,-1.5332979330651142e-07,0.716174840927124,0.7114329934120178,-0.02724861539900303,0.6888949871063232,0.7138174176216125,-0.05032063275575638,0.6806510090827942,0.744653582572937,-0.07031094282865524,0.6893120408058167,0.7593656778335571,-0.08918621391057968,0.6826849579811096,0.5882555842399597,-0.051200684159994125,0.6746644973754883,0.5891243815422058,-0.0876205787062645,0.6630635261535645,0.5816493630409241,-0.11554072052240372,0.6520889401435852,0.5756515860557556,-0.13309690356254578,0.7204799652099609,0.5597559213638306,-0.050349533557891846,0.709898829460144,0.7154170274734497,-0.08107810467481613,0.6964601278305054,0.749449610710144,-0.0867222473025322,0.6911801695823669,0.7462311387062073,-0.08714021742343903,0.7584875822067261,0.5817012190818787,-0.05268425494432449,0.7434223890304565,0.7361980080604553,-0.07429177314043045,0.7316989302635193,0.73757004737854,-0.059050533920526505,0.7286903858184814,0.7110666632652283,-0.04488207772374153,0.7888761758804321,0.618971586227417,-0.05934205278754234,0.7708470225334167,0.7323110103607178,-0.08012773096561432,0.7610103487968445,0.7289878726005554,-0.0734170600771904,0.7597094774246216,0.6937864422798157,-0.06225840002298355,fullstop
0.7482863664627075,0.7084163427352905,-1.3845040314208745e-07,0.7203539609909058,0.7069090604782104,-0.029226286336779594,0.6948071122169495,0.7048584222793579,-0.05488363653421402,0.6888373494148254,0.736801028251648,-0.07705118507146835,0.699728786945343,0.7609620094299316,-0.0984944999217987,0.692024290561676,0.5861283540725708,-0.056929439306259155,0.6844878196716309,0.5887261629104614,-0.09528779238462448,0.6717400550842285,0.5832387804985046,-0.12398190051317215,0.6590467691421509,0.5791158676147461,-0.14212486147880554,0.7287368774414062,0.5641205310821533,-0.056936826556921005,0.7139373421669006,0.7029114365577698,-0.09432219713926315,0.6976506114006042,0.7492786645889282,-0.10315588116645813,0.6905539035797119,0.7637048363685608,-0.10401228070259094,0.7657685279846191,0.5888605117797852,-0.05981194227933884,0.7484751343727112,0.7356979250907898,-0.08454224467277527,0.7351236343383789,0.7396721839904785,-0.07227739691734314,0.7299054861068726,0.7148352861404419,-0.059701479971408844,0.7953598499298096,0.6300258040428162,-0.06697649508714676,0.7764310240745544,0.7382054328918457,-0.0880463644862175,0.7642688751220703,0.7358871698379517,-0.08245598524808884,0.7595164179801941,0.7013614177703857,-0.07265447825193405,fullstop
0.7522504925727844,0.7191839218139648,-1.7530823015476926e-07,0.7245204448699951,0.7228710651397705,-0.03139116242527962,0.6960903406143188,0.7213165760040283,-0.058087050914764404,0.6911214590072632,0.7509472966194153,-0.08060035854578018,0.7053042054176331,0.7673795819282532,-0.10212694853544235,0.6955810189247131,0.5965554714202881,-0.06055247411131859,0.6898409724235535,0.5989240407943726,-0.10092112421989441,0.6796454787254333,0.5922671556472778,-0.13145460188388824,0.6699460744857788,0.5865559577941895,-0.15114688873291016,0.7342796325683594,0.5719078183174133,-0.05919159576296806,0.718611478805542,0.7049527168273926,-0.09605563431978226,0.7026738524436951,0.7568610906600952,-0.10537727922201157,0.6958176493644714,0.7679793238639832,-0.10815310478210449,0.7718905210494995,0.5924975275993347,-0.06081581860780716,0.7580999732017517,0.7338443994522095,-0.08628208190202713,0.7394645810127258,0.7544426918029785,-0.07413599640130997,0.7305321097373962,0.7384091019630432,-0.06295262277126312,0.8031038045883179,0.6295219659805298,-0.06691804528236389,0.7874035835266113,0.7347133755683899,-0.08917616307735443,0.7703338861465454,0.751898467540741,-0.08431947231292725,0.7625911831855774,0.731675386428833,-0.07588918507099152,fullstop
0.7553877830505371,0.7112516164779663,-1.0811739059590764e-07,0.7262952327728271,0.7162830233573914,-0.030915983021259308,0.7006385922431946,0.7178782820701599,-0.056668758392333984,0.6976853013038635,0.7522670030593872,-0.07828088849782944,0.7099553942680359,0.7712313532829285,-0.09908414632081985,0.6979296207427979,0.595231831073761,-0.06108919531106949,0.6923583745956421,0.6014838814735413,-0.10200725495815277,0.6839621663093567,0.5903863310813904,-0.13293999433517456,0.676360011100769,0.5765390396118164,-0.15271545946598053,0.7381673455238342,0.5710299015045166,-0.05892978236079216,0.7293705940246582,0.7213717699050903,-0.09298910200595856,0.7151654958724976,0.7562193274497986,-0.09883111715316772,0.7088607549667358,0.7451797127723694,-0.09970977157354355,0.7766100764274597,0.5957812070846558,-0.060098763555288315,0.7622482180595398,0.7431413531303406,-0.08391029387712479,0.7462568283081055,0.7479468584060669,-0.06839457154273987,0.7403306365013123,0.7193464040756226,-0.05443577468395233,0.8062708377838135,0.6344311833381653,-0.06586820632219315,0.7875626087188721,0.7445403337478638,-0.08980696648359299,0.7727184295654297,0.7447832822799683,-0.08479320257902145,0.7682138085365295,0.7108385562896729,-0.074958935379982,fullstop
0.7511746287345886,0.7163721919059753,-2.0637671127587964e-07,0.7210544347763062,0.7162602543830872,-0.02793683297932148,0.6917917728424072,0.7121220231056213,-0.05167166516184807,0.6841283440589905,0.7321033477783203,-0.07189296931028366,0.6969723701477051,0.7363893985748291,-0.09106181561946869,0.6954840421676636,0.5942330956459045,-0.05611847713589668,0.6881201863288879,0.6000826358795166,-0.094506174325943,0.6775132417678833,0.5929697155952454,-0.12347166985273361,0.6664003133773804,0.5823788642883301,-0.1421961784362793,0.7343173027038574,0.5691145062446594,-0.05576805770397186,0.723625898361206,0.71246337890625,-0.08968548476696014,0.7050945162773132,0.7582412362098694,-0.0967397540807724,0.6949502825737,0.7600318193435669,-0.09831203520298004,0.7717470526695251,0.5906529426574707,-0.05836227163672447,0.7581748962402344,0.7353310585021973,-0.08274738490581512,0.7408416867256165,0.748745322227478,-0.06922000646591187,0.732923150062561,0.7267928123474121,-0.05673453211784363,0.801669716835022,0.6270076036453247,-0.06510993838310242,0.7854391932487488,0.735283374786377,-0.08742570132017136,0.7700812816619873,0.7447105050086975,-0.08190453797578812,0.7644826173782349,0.718424379825592,-0.0723566934466362,fullstop
0.7447543740272522,0.7099074125289917,-1.7520423511996341e-07,0.7138462066650391,0.7109725475311279,-0.029274366796016693,0.6839110851287842,0.708147406578064,-0.05454079434275627,0.6775209903717041,0.7326088547706604,-0.0763329565525055,0.695533037185669,0.7413685321807861,-0.09692084044218063,0.688293993473053,0.5910453200340271,-0.057241011410951614,0.6808483004570007,0.5964733362197876,-0.09626482427120209,0.6703997254371643,0.5898388028144836,-0.12544426321983337,0.6605879664421082,0.5799013376235962,-0.14412443339824677,0.7263129949569702,0.5665137767791748,-0.056295257061719894,0.7164452075958252,0.718470573425293,-0.0916455015540123,0.7003492116928101,0.7599970102310181,-0.09881048649549484,0.6921218037605286,0.758216917514801,-0.10007631778717041,0.7641781568527222,0.5885738134384155,-0.05849330127239227,0.7508385181427002,0.7400388717651367,-0.08391888439655304,0.7361733913421631,0.7457631826400757,-0.07019834965467453,0.7297816872596741,0.7187429666519165,-0.05705287307500839,0.7952486276626587,0.6240348815917969,-0.06497802585363388,0.7785679697990417,0.7361047863960266,-0.08724583685398102,0.7665575742721558,0.7370039820671082,-0.08126010745763779,0.7626283168792725,0.7025141716003418,-0.07120304554700851,fullstop
0.7462742924690247,0.7096656560897827,-1.4269699022406712e-07,0.715547502040863,0.7115201950073242,-0.03149610757827759,0.6880726218223572,0.7060027718544006,-0.056800395250320435,0.679728090763092,0.7261916995048523,-0.07775314897298813,0.6885128021240234,0.7360914945602417,-0.09742822498083115,0.6880493760108948,0.5933578610420227,-0.062250103801488876,0.6780288219451904,0.5971837639808655,-0.10444270074367523,0.669276237487793,0.5879012942314148,-0.13529644906520844,0.6622844934463501,0.5769166350364685,-0.15402105450630188,0.7268046736717224,0.5687455534934998,-0.05991217494010925,0.7128137946128845,0.7210854291915894,-0.09686710685491562,0.6977217197418213,0.757350742816925,-0.10265617072582245,0.6924557089805603,0.7548160552978516,-0.10177239775657654,0.7651202082633972,0.5923410654067993,-0.06095660477876663,0.7475996613502502,0.7430544495582581,-0.087595134973526,0.7346265316009521,0.7430949807167053,-0.07160749286413193,0.7317836880683899,0.7145187854766846,-0.05567134544253349,0.7958138585090637,0.630399763584137,-0.06652485579252243,0.7753111720085144,0.7392759323120117,-0.09126430004835129,0.7629039883613586,0.7358892560005188,-0.0849539116024971,0.7606777548789978,0.7006511092185974,-0.07317034900188446,fullstop
0.748839259147644,0.7134443521499634,-1.9223354286168615e-07,0.7198225855827332,0.7180210947990417,-0.03166818618774414,0.6906890273094177,0.7155985832214355,-0.05851948633790016,0.6865487098693848,0.7473217248916626,-0.08136626332998276,0.7035744190216064,0.7626561522483826,-0.10278662294149399,0.6947265863418579,0.5933969020843506,-0.06268270313739777,0.6893759369850159,0.5920421481132507,-0.10549834370613098,0.6789443492889404,0.5854063630104065,-0.13662762939929962,0.6686687469482422,0.5811588764190674,-0.15561367571353912,0.734015703201294,0.5679089426994324,-0.06024438515305519,0.7212114930152893,0.7221798300743103,-0.09734602272510529,0.707030177116394,0.7633211612701416,-0.10230809450149536,0.7019220590591431,0.764268159866333,-0.10137315839529037,0.7709693908691406,0.5912073254585266,-0.061470627784729004,0.7555291056632996,0.744820773601532,-0.08690892904996872,0.7414945960044861,0.7488172650337219,-0.06989172846078873,0.7371309399604797,0.7222508192062378,-0.05434763431549072,0.8006249070167542,0.629295825958252,-0.06750931590795517,0.782792329788208,0.7427541017532349,-0.09115470200777054,0.7695807814598083,0.7457090020179749,-0.08489109575748444,0.7661101818084717,0.7138822674751282,-0.07403837144374847,fullstop
0.747256338596344,0.7123236656188965,-2.043025375542129e-07,0.719010591506958,0.7198046445846558,-0.031084714457392693,0.6915770173072815,0.7211402654647827,-0.05779920518398285,0.6866656541824341,0.7486357688903809,-0.08068902045488358,0.7008949518203735,0.760188639163971,-0.10244330018758774,0.6919985413551331,0.5960122346878052,-0.0618283636868,0.6855961680412292,0.5927610397338867,-0.10519237816333771,0.6744001507759094,0.5857934951782227,-0.13616517186164856,0.6642521619796753,0.5801209211349487,-0.1552542895078659,0.7299571633338928,0.5668448209762573,-0.05979614704847336,0.7238683104515076,0.708881676197052,-0.09658440947532654,0.7067710757255554,0.7602213621139526,-0.10100715607404709,0.6983832120895386,0.7587032318115234,-0.10012006759643555,0.7671452760696411,0.5864812135696411,-0.06159006804227829,0.7595616579055786,0.7294541597366333,-0.08869513869285583,0.7387624382972717,0.7507971525192261,-0.07309409976005554,0.7287803888320923,0.7302249073982239,-0.05879596993327141,0.7974165081977844,0.6211404800415039,-0.0678485557436943,0.7865479588508606,0.7292958498001099,-0.09380540251731873,0.769350528717041,0.7467193603515625,-0.08961855620145798,0.7626139521598816,0.724346935749054,-0.08042542636394501,fullstop
0.7446670532226562,0.7141184210777283,-2.0218098484292568e-07,0.7165666818618774,0.7160035371780396,-0.028224889189004898,0.6903769373893738,0.7149814963340759,-0.051847342401742935,0.685669481754303,0.7391125559806824,-0.07184408605098724,0.6975462436676025,0.7502698302268982,-0.09045641869306564,0.6884123086929321,0.5960491895675659,-0.05611225217580795,0.6840797066688538,0.599457859992981,-0.09457388520240784,0.6746719479560852,0.5914665460586548,-0.1233205795288086,0.665956437587738,0.5822135210037231,-0.1414322704076767,0.7270911931991577,0.5673141479492188,-0.05486013740301132,0.7209178805351257,0.716415524482727,-0.08897634595632553,0.7022045850753784,0.7595365643501282,-0.0959332063794136,0.6917513608932495,0.7621079683303833,-0.09707853943109512,0.7652761340141296,0.5869436860084534,-0.05659884214401245,0.7548023462295532,0.7378498315811157,-0.08144135028123856,0.7370530962944031,0.7472754716873169,-0.06908062845468521,0.7282009720802307,0.7244707942008972,-0.05704985931515694,0.7963228225708008,0.62143474817276,-0.06243862211704254,0.7833163142204285,0.734230637550354,-0.08563539385795593,0.7672584056854248,0.7411693334579468,-0.08149561285972595,0.7596377730369568,0.7142783403396606,-0.07264133542776108,fullstop
0.7476820945739746,0.7148956656455994,-1.2935029758409655e-07,0.7173006534576416,0.7166606783866882,-0.028703860938549042,0.68873131275177,0.7126349210739136,-0.0520259290933609,0.6831029653549194,0.7405319809913635,-0.07166479527950287,0.6987090706825256,0.7508712410926819,-0.09029987454414368,0.6888585686683655,0.5957313776016235,-0.05501134321093559,0.682229220867157,0.6013686060905457,-0.09255935251712799,0.6723203063011169,0.5897836089134216,-0.12114839255809784,0.6626265645027161,0.5765942931175232,-0.1393413543701172,0.7281761765480042,0.5700220465660095,-0.05361160635948181,0.7161000967025757,0.7256563901901245,-0.08616671711206436,0.7029134631156921,0.7614216208457947,-0.09171443432569504,0.6979930996894836,0.754669725894928,-0.09157033264636993,0.7666714787483215,0.593902587890625,-0.055360715836286545,0.7503595352172852,0.7465845942497253,-0.07915827631950378,0.7370179295539856,0.7478565573692322,-0.06403841823339462,0.7326233386993408,0.718132734298706,-0.04922626540064812,0.7970249056816101,0.6320506930351257,-0.06134455278515816,0.7778967618942261,0.7430572509765625,-0.08442364633083344,0.765272855758667,0.740034818649292,-0.07809031754732132,0.761620819568634,0.7038655877113342,-0.06661761552095413,fullstop
0.7473465800285339,0.7131190299987793,-1.9665428396820062e-07,0.7166570425033569,0.7149485945701599,-0.027596404775977135,0.6877875328063965,0.71344393491745,-0.05035749077796936,0.6836740970611572,0.7384949922561646,-0.06959453225135803,0.699537456035614,0.7476544976234436,-0.08731173723936081,0.6878268122673035,0.5978119969367981,-0.05422895774245262,0.6828316450119019,0.6019106507301331,-0.09119880944490433,0.6738332509994507,0.593359112739563,-0.11779344826936722,0.6663517951965332,0.5835233926773071,-0.13460002839565277,0.7274320125579834,0.5695070624351501,-0.053156010806560516,0.7235771417617798,0.7188032865524292,-0.08491023629903793,0.7098103165626526,0.7615501880645752,-0.08911975473165512,0.7030850648880005,0.7546840310096741,-0.08861327916383743,0.766857922077179,0.5896519422531128,-0.055295199155807495,0.7582690119743347,0.7410462498664856,-0.07891140133142471,0.7415738105773926,0.7506774663925171,-0.06424171477556229,0.733656108379364,0.7225401997566223,-0.05056772381067276,0.7990707159042358,0.6240633130073547,-0.061589065939188004,0.7853105068206787,0.7363283038139343,-0.08473380655050278,0.770776093006134,0.7410871982574463,-0.07971493154764175,0.7649824023246765,0.710148274898529,-0.06995811313390732,fullstop
0.7545991539955139,0.721295177936554,-1.4643720191998e-07,0.7241853475570679,0.7242125868797302,-0.029771151021122932,0.6934872269630432,0.7218866348266602,-0.05545276030898094,0.690784215927124,0.7469584941864014,-0.07770107686519623,0.7098779082298279,0.7604112029075623,-0.09863939881324768,0.6927156448364258,0.6037416458129883,-0.06073177978396416,0.6898512840270996,0.5919522047042847,-0.10165443271398544,0.6869677901268005,0.5890913605690002,-0.13164454698562622,0.6862465143203735,0.5901710391044617,-0.15027877688407898,0.7321872115135193,0.5740611553192139,-0.060010768473148346,0.7295256853103638,0.7111272215843201,-0.09642785042524338,0.7118486166000366,0.7568164467811584,-0.10498295724391937,0.7026900053024292,0.7592322826385498,-0.1072869747877121,0.771306037902832,0.5928997993469238,-0.06231791898608208,0.7639616131782532,0.7362235188484192,-0.08737125992774963,0.7438271641731262,0.7540264129638672,-0.07532288879156113,0.7342283129692078,0.7367897629737854,-0.06376536935567856,0.8032025694847107,0.6269053220748901,-0.06909424066543579,0.7909398078918457,0.731084406375885,-0.09129519760608673,0.7701848745346069,0.7477738857269287,-0.08658301830291748,0.7588744163513184,0.7315970659255981,-0.07755027711391449,fullstop
0.766876757144928,0.7139676809310913,-7.100162946471755e-08,0.7409472465515137,0.7198063731193542,-0.03246721997857094,0.7162249088287354,0.7252932786941528,-0.06082337349653244,0.7106630206108093,0.7481943964958191,-0.08626390248537064,0.707095742225647,0.7730068564414978,-0.11045318841934204,0.7058053016662598,0.5997143983840942,-0.060254815965890884,0.6975859999656677,0.5857281684875488,-0.1029776856303215,0.6993576884269714,0.5820906162261963,-0.13243435323238373,0.7063409090042114,0.582059383392334,-0.14975327253341675,0.7419655323028564,0.5688503384590149,-0.05924449861049652,0.7443864941596985,0.6941070556640625,-0.09607023745775223,0.7293192148208618,0.7453616261482239,-0.1016935482621193,0.7206180095672607,0.741677463054657,-0.10150846093893051,0.7789231538772583,0.5846812129020691,-0.06227821856737137,0.777739942073822,0.7150478363037109,-0.08850429952144623,0.7590371370315552,0.7396418452262878,-0.07438213378190994,0.7499644756317139,0.7247514724731445,-0.06136481836438179,0.8095052242279053,0.6156660914421082,-0.07021481543779373,0.8039625287055969,0.7151724696159363,-0.09261716902256012,0.7856610417366028,0.7362315058708191,-0.08739156275987625,0.775795578956604,0.7222993969917297,-0.07810208201408386,fullstop
0.7652221918106079,0.7152525186538696,-7.481713737433893e-08,0.7394813299179077,0.7225903868675232,-0.031158601865172386,0.7134755253791809,0.729704737663269,-0.058965619653463364,0.7090705633163452,0.7499115467071533,-0.08417554199695587,0.7122007608413696,0.7740352749824524,-0.10854528844356537,0.7060612440109253,0.5948485732078552,-0.05504968389868736,0.7010289430618286,0.5744202733039856,-0.09199262410402298,0.7037665247917175,0.5732574462890625,-0.11872010678052902,0.710189938545227,0.580604076385498,-0.135213702917099,0.7420292496681213,0.5661340951919556,-0.05465748906135559,0.7442964315414429,0.6798027753829956,-0.08902588486671448,0.7317011952400208,0.7377278804779053,-0.09807340800762177,0.7254944443702698,0.7500773072242737,-0.10103422403335571,0.778415322303772,0.5822950601577759,-0.0574662908911705,0.778841495513916,0.7043700814247131,-0.08269339799880981,0.7636367082595825,0.7402277588844299,-0.07365072518587112,0.7565411329269409,0.7398942708969116,-0.06458041816949844,0.8093724250793457,0.6135023832321167,-0.0646224394440651,0.8053370714187622,0.7051389217376709,-0.0848570466041565,0.7895994186401367,0.7360869646072388,-0.08008003234863281,0.7805708050727844,0.7347249984741211,-0.07196304202079773,fullstop
0.7613677978515625,0.7126904726028442,-9.9060208924584e-08,0.7362670302391052,0.7153567671775818,-0.02824048325419426,0.709891676902771,0.716722309589386,-0.052433595061302185,0.7060145735740662,0.7460113763809204,-0.0742771178483963,0.7078976035118103,0.7721391916275024,-0.09510108083486557,0.705352783203125,0.5944710969924927,-0.05123256519436836,0.6986200213432312,0.5836382508277893,-0.08618566393852234,0.7028025984764099,0.5784233212471008,-0.11168482899665833,0.7120442390441895,0.5737192630767822,-0.12834686040878296,0.7435603141784668,0.568130612373352,-0.05137362331151962,0.7428907752037048,0.691138744354248,-0.08278392255306244,0.7272723913192749,0.7440410852432251,-0.089181087911129,0.7206719517707825,0.7432324290275574,-0.09111467003822327,0.7807052731513977,0.5873923897743225,-0.05497226491570473,0.779499888420105,0.715461015701294,-0.07729800045490265,0.7597188949584961,0.7395045757293701,-0.06689488887786865,0.7510212063789368,0.7227621674537659,-0.05794307589530945,0.8123143315315247,0.620850682258606,-0.06295129656791687,0.807486891746521,0.7161998748779297,-0.08295764774084091,0.7878004908561707,0.739042341709137,-0.07953205704689026,0.7774019837379456,0.7268944978713989,-0.07293089479207993,fullstop
0.7542084455490112,0.7423700094223022,-1.764134793802441e-07,0.7281836867332458,0.7237032055854797,-0.0217457078397274,0.7022855877876282,0.7105992436408997,-0.043796274811029434,0.6911706328392029,0.7396018505096436,-0.0641472339630127,0.6845582723617554,0.7767890095710754,-0.08537326008081436,0.7156785130500793,0.5966324210166931,-0.048390574753284454,0.7020617723464966,0.5893698930740356,-0.0800672173500061,0.6901113390922546,0.5881122946739197,-0.10467220097780228,0.6774610280990601,0.5875551700592041,-0.12033398449420929,0.7467467188835144,0.5975837707519531,-0.05169593542814255,0.7140111923217773,0.7007911801338196,-0.08199538290500641,0.6989935040473938,0.7483929991722107,-0.09243156760931015,0.6949129700660706,0.7628479599952698,-0.09710744023323059,0.7734783887863159,0.6360383033752441,-0.05675220489501953,0.7440550327301025,0.7372930645942688,-0.07861751317977905,0.7376348972320557,0.7620770931243896,-0.07521277666091919,0.7392755150794983,0.7588784098625183,-0.07045651227235794,0.7961521744728088,0.6821095943450928,-0.06458506733179092,0.770388126373291,0.7599425315856934,-0.0812702625989914,0.7607718706130981,0.7766518592834473,-0.0782407894730568,0.7596037983894348,0.7660875916481018,-0.07243291288614273,fullstop
0.7306494116783142,0.778688907623291,-2.1300297703419346e-07,0.6984310746192932,0.7643051147460938,-0.028802352026104927,0.6699863076210022,0.7527821660041809,-0.05549746751785278,0.6566431522369385,0.7765655517578125,-0.08022557199001312,0.6492550373077393,0.8050784468650818,-0.1052476018667221,0.6862024068832397,0.6420552730560303,-0.057512763887643814,0.6713254451751709,0.6351442933082581,-0.09841500967741013,0.6553614735603333,0.6300593614578247,-0.12884800136089325,0.6398850083351135,0.631405770778656,-0.1476677805185318,0.7236891984939575,0.6358417868614197,-0.060479357838630676,0.6914177536964417,0.7657132744789124,-0.09944549202919006,0.668069064617157,0.8141985535621643,-0.11044562608003616,0.6586792469024658,0.8272790312767029,-0.11357119679450989,0.7571887969970703,0.675738513469696,-0.066532202064991,0.7249531745910645,0.8095234632492065,-0.09528321772813797,0.7078776359558105,0.8251259326934814,-0.08628223091363907,0.7031817436218262,0.8139216303825378,-0.07611026614904404,0.7830506563186646,0.7279619574546814,-0.07676758617162704,0.7557300329208374,0.825570821762085,-0.10107163339853287,0.7407431602478027,0.8322980403900146,-0.09727107733488083,0.7384619116783142,0.8098129034042358,-0.08917665481567383,fullstop
0.7119147777557373,0.7925472259521484,-2.4440856805085787e-07,0.6745452880859375,0.7769162058830261,-0.02787693217396736,0.6414048671722412,0.7498067021369934,-0.0501130186021328,0.6254613995552063,0.7642873525619507,-0.06982018053531647,0.626359224319458,0.7785989046096802,-0.08893445134162903,0.6589212417602539,0.6459107995033264,-0.052309684455394745,0.6447457671165466,0.6456745862960815,-0.09290667623281479,0.6279234290122986,0.6366533637046814,-0.12227793782949448,0.6139695048332214,0.6277450919151306,-0.140342578291893,0.7007278800010681,0.6317909955978394,-0.05374545976519585,0.6701393723487854,0.7848087549209595,-0.09332168847322464,0.6464086174964905,0.8384716510772705,-0.10111013799905777,0.6370439529418945,0.8463805913925171,-0.10011854767799377,0.7399807572364807,0.6674952507019043,-0.05877704918384552,0.710102915763855,0.8235167264938354,-0.08944987505674362,0.6928403973579407,0.8324981927871704,-0.07633170485496521,0.6879965662956238,0.8028019666671753,-0.06128232181072235,0.7711724042892456,0.7169768810272217,-0.06780713051557541,0.7457541227340698,0.8318595886230469,-0.09335577487945557,0.7313012480735779,0.8354864716529846,-0.08694227039813995,0.7288863658905029,0.8013303279876709,-0.07518759369850159,fullstop
0.6946344375610352,0.8087897896766663,-3.2251833204099967e-07,0.6531211733818054,0.7936063408851624,-0.028320716693997383,0.6139513254165649,0.7623858451843262,-0.04832511395215988,0.6005789041519165,0.75902259349823,-0.0658547431230545,0.608925461769104,0.7556153535842896,-0.0800996646285057,0.6290598511695862,0.6537706255912781,-0.050686754286289215,0.6189461946487427,0.6610756516456604,-0.08759728074073792,0.6063989400863647,0.6576052904129028,-0.11075548827648163,0.5963881611824036,0.6552584171295166,-0.12368154525756836,0.6754734516143799,0.632017195224762,-0.05098477005958557,0.6568319797515869,0.8260403871536255,-0.08594023436307907,0.6416524648666382,0.8505343794822693,-0.08907177299261093,0.6363096237182617,0.8332651853561401,-0.08516420423984528,0.7203410863876343,0.6625734567642212,-0.05494075268507004,0.697432279586792,0.8535782098770142,-0.08314957469701767,0.6821796894073486,0.8426738977432251,-0.06443557888269424,0.675800621509552,0.8029413223266602,-0.04501722753047943,0.757826566696167,0.7072242498397827,-0.06373140215873718,0.734637975692749,0.8438357710838318,-0.09166467934846878,0.7220829725265503,0.8342486619949341,-0.08503324538469315,0.7187833189964294,0.7917835116386414,-0.07080373167991638,fullstop
0.6970892548561096,0.7987126111984253,-2.8772109317287686e-07,0.6577877998352051,0.788563072681427,-0.0301034115254879,0.621283233165741,0.7630273699760437,-0.053150393068790436,0.6090754270553589,0.7628054022789001,-0.07313450425863266,0.6189700961112976,0.7523187398910522,-0.09056353569030762,0.6339395642280579,0.6495217084884644,-0.05719468370079994,0.6216389536857605,0.6535046100616455,-0.09948640316724777,0.609798789024353,0.6451419591903687,-0.12866155803203583,0.5998561382293701,0.636646032333374,-0.14569757878780365,0.6792211532592773,0.6276190876960754,-0.05782414227724075,0.6547009944915771,0.8234755992889404,-0.10024889558553696,0.6361830234527588,0.8609499335289001,-0.10689474642276764,0.6271659135818481,0.8589120507240295,-0.10382205992937088,0.7241489291191101,0.6597168445587158,-0.06212020292878151,0.695936918258667,0.8519442677497864,-0.09407838433980942,0.6838958263397217,0.8382328748703003,-0.07549766451120377,0.6794535517692566,0.7950141429901123,-0.05543431267142296,0.7605982422828674,0.706805408000946,-0.07111678272485733,0.7341526746749878,0.8470819592475891,-0.09932609647512436,0.7243552207946777,0.8362915515899658,-0.09056718647480011,0.723565936088562,0.7882863283157349,-0.07481809705495834,fullstop
0.7009001970291138,0.8079822063446045,-3.015892673374765e-07,0.6612469553947449,0.797275960445404,-0.02938496135175228,0.6188653111457825,0.7704563736915588,-0.05066835880279541,0.6013811230659485,0.7681417465209961,-0.06933176517486572,0.6139379739761353,0.7596104145050049,-0.08510427922010422,0.6363165378570557,0.6565802097320557,-0.050973471254110336,0.62418133020401,0.6552422642707825,-0.0902351588010788,0.6115874648094177,0.651382565498352,-0.11577574908733368,0.6027513742446899,0.648838996887207,-0.1299993097782135,0.6823006272315979,0.6309494972229004,-0.05060780793428421,0.6653451323509216,0.8187869787216187,-0.08826711773872375,0.6470738053321838,0.8578293323516846,-0.09172294288873672,0.6397822499275208,0.8489974141120911,-0.08709535747766495,0.7268638610839844,0.6594860553741455,-0.054398778825998306,0.7033485174179077,0.8452876210212708,-0.08342193067073822,0.6851275563240051,0.8445408940315247,-0.06431122869253159,0.6777216196060181,0.8088681697845459,-0.04433111846446991,0.7636008262634277,0.7025551199913025,-0.06299369782209396,0.7401102781295776,0.8386953473091125,-0.08944723755121231,0.7259025573730469,0.8378661274909973,-0.0818207710981369,0.7224978804588318,0.799138605594635,-0.06717725843191147,fullstop
0.6995354890823364,0.8037216663360596,-3.4394659564895846e-07,0.6625025868415833,0.7915763854980469,-0.03327608108520508,0.6253045797348022,0.7619059681892395,-0.058599747717380524,0.6107802391052246,0.7640077471733093,-0.08037810027599335,0.624779224395752,0.7546727061271667,-0.09937278181314468,0.6428118348121643,0.6409445405006409,-0.06118081882596016,0.6345173716545105,0.637790858745575,-0.1078811064362526,0.6215277910232544,0.6317046284675598,-0.14011800289154053,0.6088438034057617,0.6288453936576843,-0.15876440703868866,0.6894583702087402,0.6166912913322449,-0.06009563058614731,0.6664188504219055,0.7944266200065613,-0.10507799685001373,0.646196186542511,0.8429728150367737,-0.11153548955917358,0.6391133069992065,0.8440148234367371,-0.10844354331493378,0.7319840788841248,0.6467480063438416,-0.06333155930042267,0.7078046798706055,0.8284121155738831,-0.09663912653923035,0.6896190643310547,0.8350189328193665,-0.07787676155567169,0.6841510534286499,0.8030733466148376,-0.05799275264143944,0.7664477229118347,0.693444550037384,-0.07171667367219925,0.7423807978630066,0.8230283260345459,-0.0994630977511406,0.7261284589767456,0.8276002407073975,-0.09125623852014542,0.7232020497322083,0.7905874252319336,-0.07679928094148636,fullstop
0.7194316387176514,0.7866926193237305,-2.2614527495079528e-07,0.6840551495552063,0.7935417294502258,-0.0361337810754776,0.6483030319213867,0.7892135381698608,-0.0665052980184555,0.6489380598068237,0.8210121393203735,-0.09284389019012451,0.6739858388900757,0.830967903137207,-0.11671151965856552,0.662498950958252,0.6475498676300049,-0.06710568070411682,0.6598863005638123,0.6417683959007263,-0.11286059021949768,0.6554393172264099,0.6287994384765625,-0.1443227231502533,0.6531617045402527,0.6239430904388428,-0.1633690744638443,0.7113085985183716,0.6189872622489929,-0.06465911120176315,0.701258659362793,0.7886627316474915,-0.10379364341497421,0.6782571077346802,0.8345575928688049,-0.10623528808355331,0.6667178869247437,0.8253554105758667,-0.10288447141647339,0.754568338394165,0.645473062992096,-0.06694237142801285,0.7402812838554382,0.8180614113807678,-0.09651699662208557,0.7215132117271423,0.8226962685585022,-0.07645051926374435,0.7137687802314758,0.7896595001220703,-0.05783047527074814,0.7879222631454468,0.6891323328018188,-0.07471787929534912,0.7692031860351562,0.8161159157752991,-0.1047789454460144,0.7518722414970398,0.8212099671363831,-0.09877613186836243,0.7461313009262085,0.7891187071800232,-0.08622269332408905,fullstop
0.7257379293441772,0.7921584844589233,-1.7593461620890594e-07,0.693695604801178,0.8007655739784241,-0.04162752628326416,0.6647874116897583,0.7957762479782104,-0.07497584074735641,0.6637316942214966,0.8246053457260132,-0.1032426655292511,0.6727890372276306,0.8448585867881775,-0.13072994351387024,0.6718317270278931,0.6525755524635315,-0.07556464523077011,0.668940544128418,0.6434586644172668,-0.12390411645174026,0.661675751209259,0.6360664367675781,-0.15941278636455536,0.6571981906890869,0.6308799982070923,-0.1817190945148468,0.7152928709983826,0.6246997714042664,-0.07122224569320679,0.7112510204315186,0.7678695321083069,-0.11419249325990677,0.6843649744987488,0.8266174793243408,-0.12527728080749512,0.6705079674720764,0.8250865936279297,-0.12974533438682556,0.7556647658348083,0.649236798286438,-0.07107123732566833,0.746185302734375,0.7940780520439148,-0.10308133065700531,0.718076765537262,0.8253560066223145,-0.09361530840396881,0.7050279378890991,0.8106241226196289,-0.08415107429027557,0.787423312664032,0.6895471811294556,-0.07616723328828812,0.7734413743019104,0.7980886697769165,-0.10425858944654465,0.7475836277008057,0.8225420713424683,-0.10267142951488495,0.7350157499313354,0.8086577653884888,-0.09625590592622757,fullstop
0.7344495058059692,0.7892787456512451,-1.5615039217209414e-07,0.7028366327285767,0.7981339693069458,-0.0402880497276783,0.6740913391113281,0.7998757362365723,-0.07446946203708649,0.6694556474685669,0.8277400732040405,-0.10386376082897186,0.67265385389328,0.852510929107666,-0.13220515847206116,0.6784364581108093,0.6519932150840759,-0.074616938829422,0.6708893179893494,0.6454173922538757,-0.12340912222862244,0.6604450345039368,0.6393995881080627,-0.15741044282913208,0.6532704830169678,0.6405938267707825,-0.1776406615972519,0.7205825448036194,0.6240484714508057,-0.07076357305049896,0.7127248644828796,0.7770699858665466,-0.11276454478502274,0.6907902956008911,0.830868661403656,-0.11896516382694244,0.680778980255127,0.8276158571243286,-0.11886341869831085,0.7600840926170349,0.648941159248352,-0.07147737592458725,0.7473576664924622,0.8025034070014954,-0.10244788974523544,0.7232732176780701,0.8228287100791931,-0.08753665536642075,0.7121871709823608,0.803510844707489,-0.07348337769508362,0.790665864944458,0.6894249320030212,-0.07764869183301926,0.7739874124526978,0.8059945106506348,-0.10562872886657715,0.7534418106079102,0.821098268032074,-0.10166173428297043,0.7444576621055603,0.7992463707923889,-0.09237714856863022,fullstop
0.7332873940467834,0.7982263565063477,-1.3850956293026684e-07,0.7022521495819092,0.8055750131607056,-0.03964487090706825,0.6745033860206604,0.8040814995765686,-0.07287126779556274,0.6675572395324707,0.8277297616004944,-0.10139741003513336,0.6694950461387634,0.8488613367080688,-0.1290004700422287,0.6756455898284912,0.6562369465827942,-0.07389657944440842,0.6716868877410889,0.6490494012832642,-0.12332803010940552,0.6609370112419128,0.6434393525123596,-0.15879568457603455,0.650898814201355,0.6417794823646545,-0.18028396368026733,0.7175087928771973,0.6269427537918091,-0.07075529545545578,0.7136698961257935,0.7747318744659424,-0.11355113983154297,0.6911537051200867,0.8267812728881836,-0.12149561941623688,0.6795880198478699,0.8258777856826782,-0.12241270393133163,0.7574872374534607,0.6513311266899109,-0.07200384140014648,0.7477389574050903,0.7992223501205444,-0.10358967632055283,0.72446209192276,0.8227275609970093,-0.08837446570396423,0.7142327427864075,0.808119535446167,-0.07363836467266083,0.7887983918190002,0.6921781301498413,-0.07869473099708557,0.7758833765983582,0.8010711669921875,-0.10763062536716461,0.7552506923675537,0.8184754848480225,-0.10323299467563629,0.7468849420547485,0.7999914884567261,-0.09306815266609192,fullstop
0.7239632606506348,0.7919586896896362,-1.0868726008084195e-07,0.6885954141616821,0.7970816493034363,-0.04279603436589241,0.6593233346939087,0.788402259349823,-0.07684061676263809,0.6584307551383972,0.8199938535690308,-0.10487701743841171,0.6758668422698975,0.8450647592544556,-0.13208894431591034,0.6654578447341919,0.6487646698951721,-0.08340581506490707,0.6606634259223938,0.6499453186988831,-0.13736498355865479,0.6555067300796509,0.6435338258743286,-0.17700155079364777,0.6528854370117188,0.636593759059906,-0.20124992728233337,0.7117944359779358,0.6232379674911499,-0.07869897782802582,0.7038521766662598,0.7807114124298096,-0.1262788027524948,0.6792812943458557,0.8328042030334473,-0.1358012706041336,0.6680092811584473,0.83426433801651,-0.13706102967262268,0.754960298538208,0.6529961228370667,-0.07824903726577759,0.7408536076545715,0.8100423812866211,-0.11168849468231201,0.7146904468536377,0.8266580104827881,-0.09579988569021225,0.7043232321739197,0.8020052313804626,-0.08012507855892181,0.7863527536392212,0.6991822719573975,-0.08351825922727585,0.7682799696922302,0.8156496286392212,-0.11343909800052643,0.7467193007469177,0.8223311901092529,-0.10861790925264359,0.7399607300758362,0.7883896231651306,-0.09791335463523865,fullstop
0.7188133597373962,0.7832460403442383,-1.591874365658441e-07,0.6849812269210815,0.7895544767379761,-0.04007077217102051,0.6560027003288269,0.7897812724113464,-0.07493586838245392,0.6541457772254944,0.8241848945617676,-0.10518217086791992,0.6661956310272217,0.8535146713256836,-0.13460958003997803,0.663855791091919,0.6485284566879272,-0.07730648666620255,0.6578793525695801,0.6455547213554382,-0.1273021101951599,0.6474179029464722,0.642448365688324,-0.16261766850948334,0.6402906179428101,0.6454440355300903,-0.1839871108531952,0.7081019282341003,0.6234453916549683,-0.07408715039491653,0.6985448598861694,0.7805914282798767,-0.11670413613319397,0.673473596572876,0.8335570693016052,-0.12343047559261322,0.6610109806060791,0.8346754312515259,-0.12389260530471802,0.7489305138587952,0.650924563407898,-0.07513827085494995,0.7335208058357239,0.8072394132614136,-0.1052929237484932,0.7064999938011169,0.8267497420310974,-0.08899638056755066,0.6933095455169678,0.809386670589447,-0.07436344027519226,0.7797473669052124,0.6947479844093323,-0.08180980384349823,0.7619502544403076,0.812621533870697,-0.10978327691555023,0.7399162650108337,0.8265221118927002,-0.10504914075136185,0.730611264705658,0.8045631051063538,-0.09522143006324768,fullstop
0.7094259858131409,0.7854794859886169,-2.1351669943214802e-07,0.6785975694656372,0.7902849316596985,-0.03279362991452217,0.6498643159866333,0.7836423516273499,-0.06142416223883629,0.6479737758636475,0.8103262186050415,-0.08695384114980698,0.6597659587860107,0.8323833346366882,-0.11204850673675537,0.654924750328064,0.6427276134490967,-0.0585608184337616,0.6509621739387512,0.6310625672340393,-0.0987246111035347,0.6416876912117004,0.6260498762130737,-0.12754863500595093,0.6328168511390686,0.6223843693733215,-0.14633436501026154,0.6959953904151917,0.6158027648925781,-0.058420561254024506,0.6906626224517822,0.74616539478302,-0.09562858939170837,0.6687160730361938,0.8187634944915771,-0.10365831106901169,0.6576489806175232,0.8257014751434326,-0.10631108283996582,0.7351189851760864,0.6375726461410522,-0.062183257192373276,0.7309873700141907,0.7703676819801331,-0.09150756150484085,0.7066915035247803,0.8135901093482971,-0.0818457305431366,0.6948602199554443,0.802498996257782,-0.07289409637451172,0.7689821720123291,0.6762623190879822,-0.0701788142323494,0.7624917030334473,0.7773745059967041,-0.09455803036689758,0.743055522441864,0.8121225237846375,-0.09104222804307938,0.734856367111206,0.8007648587226868,-0.08444283157587051,fullstop
0.7071810960769653,0.7616117000579834,-1.7742809177434538e-07,0.6724680066108704,0.7676106691360474,-0.032738834619522095,0.640600323677063,0.7654817700386047,-0.0600653775036335,0.6420851349830627,0.8032984733581543,-0.08378054946660995,0.6597246527671814,0.8267255425453186,-0.1061745434999466,0.652998149394989,0.6324223875999451,-0.0625639259815216,0.6490436792373657,0.6278637051582336,-0.10395307093858719,0.6421985030174255,0.6174203157424927,-0.13371771574020386,0.6380610466003418,0.6091853380203247,-0.15233099460601807,0.6976432204246521,0.605012834072113,-0.060668714344501495,0.68818199634552,0.7674038410186768,-0.09562630951404572,0.666721522808075,0.8120409846305847,-0.0999516099691391,0.6584740877151489,0.8036878705024719,-0.09963482618331909,0.7387397885322571,0.6296561360359192,-0.06268761307001114,0.7269476652145386,0.791431188583374,-0.08843336254358292,0.7055452466011047,0.8011485934257507,-0.07266541570425034,0.6975652575492859,0.7734143733978271,-0.058545153588056564,0.7719574570655823,0.6699945330619812,-0.06968055665493011,0.7574100494384766,0.7889297008514404,-0.0959269180893898,0.7397135496139526,0.7959120273590088,-0.09138917177915573,0.7340328097343445,0.766471803188324,-0.08154883980751038,fullstop
0.7078766822814941,0.7541327476501465,-2.3331985232744046e-07,0.673011839389801,0.7607590556144714,-0.030922163277864456,0.6401443481445312,0.7591540813446045,-0.05646638944745064,0.6420947313308716,0.7958214282989502,-0.07851105183362961,0.6626835465431213,0.8137693405151367,-0.09886503964662552,0.6538401246070862,0.6227185726165771,-0.05805185064673424,0.6497798562049866,0.6227438449859619,-0.09555881470441818,0.6412844061851501,0.6120975613594055,-0.12288077175617218,0.6345798373222351,0.6002621054649353,-0.14053849875926971,0.6987650394439697,0.5968226194381714,-0.05660424754023552,0.6868607997894287,0.7645426988601685,-0.08827407658100128,0.6658129692077637,0.8076564073562622,-0.09165561944246292,0.6583042144775391,0.7979071140289307,-0.0913555920124054,0.7395476698875427,0.6221901774406433,-0.058877356350421906,0.7249583601951599,0.7890224456787109,-0.08125866204500198,0.7045044898986816,0.7957327961921692,-0.06474150717258453,0.6976244449615479,0.7663779854774475,-0.05079077556729317,0.7727628946304321,0.6628435254096985,-0.06622263789176941,0.7558494210243225,0.7839187979698181,-0.08976967632770538,0.7379061579704285,0.7894529700279236,-0.08449341356754303,0.7324128150939941,0.7602584362030029,-0.07457592338323593,fullstop
0.7075012922286987,0.7680615186691284,-2.724677017340582e-07,0.6740458011627197,0.7720721960067749,-0.03125119209289551,0.6415528655052185,0.7668529748916626,-0.05613419786095619,0.6432750225067139,0.795403242111206,-0.07751905918121338,0.6622320413589478,0.8039770126342773,-0.09701766073703766,0.6540001034736633,0.6291922926902771,-0.05660867318511009,0.6527097821235657,0.6249842643737793,-0.09495395421981812,0.6429901719093323,0.6161268353462219,-0.12253784388303757,0.6345555186271667,0.6108203530311584,-0.13980098068714142,0.6983448266983032,0.6022710204124451,-0.055008694529533386,0.6902569532394409,0.7606369256973267,-0.08772367238998413,0.6669234037399292,0.8041865825653076,-0.09234701097011566,0.6562839150428772,0.7976628541946411,-0.0925629660487175,0.7388805150985718,0.6269298195838928,-0.05738229677081108,0.7264144420623779,0.7898507118225098,-0.0814216360449791,0.7044388055801392,0.7988032102584839,-0.06693198531866074,0.6955313682556152,0.7712807655334473,-0.05410530045628548,0.7714969515800476,0.6673484444618225,-0.06467592716217041,0.7550603151321411,0.7860753536224365,-0.08924843370914459,0.7335683107376099,0.79571533203125,-0.08542198687791824,0.7238203287124634,0.770595908164978,-0.07665793597698212,fullstop
0.7055269479751587,0.7623856067657471,-1.860512952589488e-07,0.6730525493621826,0.7691950798034668,-0.036502011120319366,0.6421639323234558,0.7650442719459534,-0.06561870872974396,0.6411470174789429,0.7984431982040405,-0.09027988463640213,0.6568758487701416,0.817216157913208,-0.1134834885597229,0.6530329585075378,0.6278663873672485,-0.06730525940656662,0.6470792293548584,0.6293584108352661,-0.11009301990270615,0.6407251954078674,0.6192552447319031,-0.1409631371498108,0.6375065445899963,0.6073619723320007,-0.16067200899124146,0.6985719799995422,0.6018663644790649,-0.06450862437486649,0.6875479221343994,0.7623611092567444,-0.10215715318918228,0.6637434959411621,0.8109530806541443,-0.10800366848707199,0.6542169451713562,0.8054442405700684,-0.10850512236356735,0.7395098805427551,0.6297481656074524,-0.06577759236097336,0.7243813276290894,0.7912364602088928,-0.09316425025463104,0.6994255781173706,0.8038391470909119,-0.07821078598499298,0.6899251937866211,0.7767006158828735,-0.06471246480941772,0.771552324295044,0.6740556955337524,-0.07232312858104706,0.7522234320640564,0.7918305993080139,-0.0982384979724884,0.7290036082267761,0.8030973672866821,-0.09376752376556396,0.7200194001197815,0.7781375646591187,-0.08452057838439941,fullstop
0.7104937434196472,0.7705234289169312,-2.3320029640672146e-07,0.6766515970230103,0.7713912129402161,-0.03218870609998703,0.6444889903068542,0.7602168321609497,-0.05726882815361023,0.6422489881515503,0.7886645793914795,-0.07870153337717056,0.6569477915763855,0.8049913048744202,-0.09892375022172928,0.6563187837600708,0.6320143938064575,-0.05750801041722298,0.6525599956512451,0.6266382932662964,-0.09545624256134033,0.6420512199401855,0.6169010996818542,-0.12348350137472153,0.6346957683563232,0.609960675239563,-0.14153675734996796,0.6998154520988464,0.6048157215118408,-0.05570431426167488,0.6924972534179688,0.758640706539154,-0.08994019776582718,0.6681516170501709,0.8064005374908447,-0.09687421470880508,0.6580055952072144,0.8037513494491577,-0.09873251616954803,0.7394294738769531,0.6305086016654968,-0.057696349918842316,0.7273169755935669,0.7870901823043823,-0.08271587640047073,0.7026755809783936,0.8021062612533569,-0.07173720002174377,0.6927159428596497,0.7780089974403381,-0.061667751520872116,0.7713982462882996,0.6720055937767029,-0.06439202278852463,0.7549536228179932,0.787290632724762,-0.08783674985170364,0.7325617671012878,0.800450325012207,-0.0848734974861145,0.7227393388748169,0.7781280279159546,-0.07775985449552536,fullstop
0.7135720252990723,0.7682652473449707,-2.0581533988206502e-07,0.6809850931167603,0.7714831829071045,-0.031415410339832306,0.6498239636421204,0.7648638486862183,-0.05785961076617241,0.6484611630439758,0.7979695200920105,-0.08106144517660141,0.6629199981689453,0.8217915892601013,-0.10294881463050842,0.6587002277374268,0.6309297680854797,-0.057571448385715485,0.6533271074295044,0.623582661151886,-0.09603637456893921,0.6430238485336304,0.615904688835144,-0.1240590289235115,0.6354517936706543,0.6096183657646179,-0.1422593742609024,0.7019514441490173,0.6043245792388916,-0.05683441087603569,0.695722222328186,0.7587887048721313,-0.09041213244199753,0.6725282073020935,0.8062491416931152,-0.09601812064647675,0.6622645854949951,0.797188401222229,-0.09725344181060791,0.742174506187439,0.6297153830528259,-0.05995569005608559,0.7329190969467163,0.7861860394477844,-0.08394759893417358,0.7081819176673889,0.8021676540374756,-0.07014122605323792,0.6974186897277832,0.7773641347885132,-0.05856176093220711,0.774619996547699,0.6714872121810913,-0.06800679117441177,0.7612584233283997,0.7859337329864502,-0.09140634536743164,0.740801990032196,0.7988927960395813,-0.08735892921686172,0.7331201434135437,0.7740042805671692,-0.0793643668293953,fullstop
0.7136962413787842,0.7739148139953613,-1.945623750998493e-07,0.6797372102737427,0.7767184376716614,-0.03497615456581116,0.6464753746986389,0.7659194469451904,-0.061883315443992615,0.6437764167785645,0.7938169240951538,-0.08484725654125214,0.6636057496070862,0.803983747959137,-0.10594242811203003,0.6581987142562866,0.6291994452476501,-0.06191933900117874,0.6533271074295044,0.6272656917572021,-0.10459572821855545,0.6473903656005859,0.6161124110221863,-0.1347469985485077,0.6433535814285278,0.6031946539878845,-0.1529209166765213,0.7039328217506409,0.6019624471664429,-0.058885712176561356,0.6945222616195679,0.7715386748313904,-0.09522947669029236,0.6733344197273254,0.8113642334938049,-0.09945525228977203,0.6640241742134094,0.7965465784072876,-0.09786224365234375,0.7458814382553101,0.6294460296630859,-0.06023610383272171,0.7306547164916992,0.7990561723709106,-0.08705977350473404,0.7101659178733826,0.8047816157341003,-0.06969203054904938,0.7033275961875916,0.7725995779037476,-0.05307511240243912,0.7790775895118713,0.6715182065963745,-0.06688475608825684,0.759270191192627,0.7950630187988281,-0.09253338724374771,0.7401222586631775,0.7995638847351074,-0.08638912439346313,0.7338913083076477,0.7680073976516724,-0.07449132949113846,fullstop
0.7204575538635254,0.774131715297699,-2.183533496236123e-07,0.6872555613517761,0.7759518623352051,-0.031738072633743286,0.6540712118148804,0.7689338326454163,-0.05753156170248985,0.6519390344619751,0.8030597567558289,-0.07975460588932037,0.6692541241645813,0.8222655653953552,-0.10031485557556152,0.6636879444122314,0.6276195049285889,-0.05785719305276871,0.65865159034729,0.6269720792770386,-0.09757170081138611,0.6503374576568604,0.6191306710243225,-0.1259695142507553,0.6442089080810547,0.6113429665565491,-0.14364634454250336,0.7092445492744446,0.6028424501419067,-0.05634685978293419,0.6991001963615417,0.7612757682800293,-0.09009401500225067,0.6803872585296631,0.8104425668716431,-0.09391792118549347,0.6740871071815491,0.8039196729660034,-0.09290838986635208,0.750877857208252,0.6312859654426575,-0.0589137002825737,0.7372998595237732,0.7938064336776733,-0.08350854367017746,0.7156730890274048,0.8080584406852722,-0.06771780550479889,0.707866907119751,0.7804240584373474,-0.05322239175438881,0.7840756177902222,0.6751772165298462,-0.06637408584356308,0.7665141820907593,0.7921801805496216,-0.0899520218372345,0.7455031275749207,0.8033863306045532,-0.08454763889312744,0.7377054691314697,0.7764788866043091,-0.0743219181895256,fullstop
0.7215917706489563,0.7701887488365173,-1.6077625275556784e-07,0.6882256865501404,0.7716973423957825,-0.03452827036380768,0.6580449938774109,0.7678463459014893,-0.06216883286833763,0.6549617648124695,0.8018918037414551,-0.08581788837909698,0.6664764285087585,0.8254860639572144,-0.10851028561592102,0.6673927903175354,0.6347657442092896,-0.06355996429920197,0.6607609987258911,0.6329315900802612,-0.10484817624092102,0.6513366103172302,0.6211017966270447,-0.1358482986688614,0.6452814936637878,0.6130822896957397,-0.15544353425502777,0.7123672366142273,0.6123096346855164,-0.06154104694724083,0.6973986029624939,0.7735731601715088,-0.09740390628576279,0.6752642393112183,0.8096699714660645,-0.10479898750782013,0.66787189245224,0.8044547438621521,-0.10647673159837723,0.752781093120575,0.6435703039169312,-0.0632750540971756,0.7324767708778381,0.8053151965141296,-0.08902935683727264,0.7126079797744751,0.8071314692497253,-0.07577335834503174,0.7072286605834961,0.7814790606498718,-0.06324517726898193,0.7839429378509521,0.6899026036262512,-0.07014699280261993,0.7598005533218384,0.8080562949180603,-0.09566478431224823,0.7407969236373901,0.8062092661857605,-0.09172511100769043,0.7351034879684448,0.7745190262794495,-0.08248496800661087,fullstop
0.717970073223114,0.785996675491333,-1.6733227425902442e-07,0.6822241544723511,0.7887409925460815,-0.03613830357789993,0.6522269248962402,0.7817210555076599,-0.06567196547985077,0.6541174054145813,0.8174631595611572,-0.0910525843501091,0.6717286705970764,0.842330276966095,-0.11564520746469498,0.6666049957275391,0.643880307674408,-0.06766651570796967,0.6587884426116943,0.6362308859825134,-0.11133192479610443,0.65013587474823,0.6292470097541809,-0.14260461926460266,0.6450713872909546,0.6237416863441467,-0.16215699911117554,0.7118098139762878,0.6222524642944336,-0.06541182100772858,0.6937465071678162,0.7769797444343567,-0.10424209386110306,0.67022705078125,0.8280237317085266,-0.11075347661972046,0.6624584197998047,0.827605664730072,-0.11116734892129898,0.7521576285362244,0.6540193557739258,-0.06718156486749649,0.729337215423584,0.8096252679824829,-0.09526855498552322,0.7048314809799194,0.8241890668869019,-0.08050385862588882,0.6967523097991943,0.8012099862098694,-0.06670843809843063,0.783434271812439,0.7008727192878723,-0.07409202307462692,0.7593247294425964,0.8152698278427124,-0.100312739610672,0.7376186847686768,0.8256691098213196,-0.0955081358551979,0.7304511070251465,0.8008185029029846,-0.08569150418043137,fullstop
0.7224860787391663,0.8162521123886108,-1.7276181552006165e-07,0.6868962049484253,0.8242415189743042,-0.039961688220500946,0.6566311717033386,0.819878101348877,-0.07285230606794357,0.6560322046279907,0.850579559803009,-0.10102984309196472,0.6723827719688416,0.8715915083885193,-0.1282772719860077,0.6691067218780518,0.6729962825775146,-0.07359202206134796,0.6621649861335754,0.6670829653739929,-0.12183970212936401,0.6507894992828369,0.6605184674263,-0.15599769353866577,0.6419712901115417,0.6557762622833252,-0.1773112714290619,0.7133126258850098,0.6465432047843933,-0.06983508169651031,0.7022319436073303,0.7978076934814453,-0.11232998222112656,0.6785687208175659,0.8556000590324402,-0.11921870708465576,0.6683822274208069,0.8546266555786133,-0.11982610821723938,0.7538632750511169,0.6735401153564453,-0.07058098912239075,0.738455593585968,0.8253827691078186,-0.10159485787153244,0.7125952839851379,0.849757194519043,-0.08653388917446136,0.7014212608337402,0.8313966989517212,-0.07270210981369019,0.7848532795906067,0.717586100101471,-0.07675497978925705,0.7681134939193726,0.8318929076194763,-0.10616979748010635,0.7464249730110168,0.8483222723007202,-0.10316005349159241,0.7373856902122498,0.826158881187439,-0.09460876882076263,fullstop
0.7239134311676025,0.8165808320045471,-1.9563269404443417e-07,0.6875635981559753,0.8198195695877075,-0.03730565682053566,0.656207799911499,0.8123771548271179,-0.06723105162382126,0.6547635793685913,0.8422532081604004,-0.09257187694311142,0.674281656742096,0.8541140556335449,-0.1166502982378006,0.6656529903411865,0.6679025888442993,-0.06872110813856125,0.6588406562805176,0.6662343144416809,-0.1159612238407135,0.6485477685928345,0.659188449382782,-0.1505008488893509,0.6410471200942993,0.6535576581954956,-0.17188280820846558,0.7122192978858948,0.6470578908920288,-0.06607171148061752,0.6973741054534912,0.8047060966491699,-0.1065295860171318,0.674000084400177,0.8566192388534546,-0.11320111155509949,0.6663159728050232,0.8500264883041382,-0.11345456540584564,0.7541491985321045,0.6815581321716309,-0.06787653267383575,0.7341183423995972,0.837613582611084,-0.09744051843881607,0.7085810303688049,0.8527318239212036,-0.08107584714889526,0.7004768252372742,0.8253606557846069,-0.06567668914794922,0.7860457897186279,0.7322116494178772,-0.0749860554933548,0.7618297934532166,0.8460609316825867,-0.10390061140060425,0.7374354600906372,0.854526937007904,-0.09914448112249374,0.7292125821113586,0.8260084986686707,-0.08853556960821152,fullstop
0.7239327430725098,0.8173624277114868,-2.369758931308752e-07,0.6892780065536499,0.8240999579429626,-0.03702650964260101,0.6570894718170166,0.821609377861023,-0.06775947660207748,0.6550200581550598,0.8586879968643188,-0.09404974430799484,0.6743058562278748,0.8801339864730835,-0.11876675486564636,0.6678311824798584,0.6716283559799194,-0.07034130394458771,0.6616662740707397,0.6716099381446838,-0.11727485805749893,0.6508616209030151,0.6682620048522949,-0.1505734622478485,0.6418519616127014,0.6634551286697388,-0.17123004794120789,0.714250385761261,0.6461958885192871,-0.06770748645067215,0.6990154385566711,0.8091775178909302,-0.10885218530893326,0.6763225793838501,0.8681237697601318,-0.11458263546228409,0.6684460639953613,0.871633768081665,-0.1138395369052887,0.7571471929550171,0.6756214499473572,-0.06933345645666122,0.7403033971786499,0.8399732708930969,-0.09940417110919952,0.7158252596855164,0.8603259921073914,-0.08221849054098129,0.7070389986038208,0.8381914496421814,-0.06600373983383179,0.7913801074028015,0.7221786975860596,-0.0762564092874527,0.7731340527534485,0.8411954641342163,-0.1051296591758728,0.752781331539154,0.853718638420105,-0.10043318569660187,0.7466162443161011,0.8254221677780151,-0.08977379649877548,fullstop
0.7187177538871765,0.8165909647941589,-1.9583384869292786e-07,0.6817957162857056,0.8167316317558289,-0.03979331627488136,0.6527160406112671,0.8088403344154358,-0.07239183783531189,0.6545991897583008,0.8423432111740112,-0.1001795157790184,0.6724063754081726,0.8655540347099304,-0.12661632895469666,0.6646565198898315,0.6678045392036438,-0.07555116713047028,0.6608967781066895,0.6727511286735535,-0.12672746181488037,0.6519725918769836,0.6690924763679504,-0.16272978484630585,0.6443460583686829,0.6692674160003662,-0.18396031856536865,0.7133995890617371,0.6472862362861633,-0.07187468558549881,0.6977274417877197,0.8179844617843628,-0.11444193869829178,0.6684845089912415,0.8674205541610718,-0.12032274901866913,0.6549329161643982,0.8612842559814453,-0.11957055330276489,0.7569646835327148,0.6813797950744629,-0.0727812796831131,0.7358940243721008,0.8488537669181824,-0.10425501316785812,0.7086469531059265,0.8611594438552856,-0.08612042665481567,0.6988755464553833,0.8343667387962341,-0.06903064250946045,0.7891844511032104,0.7313670516014099,-0.07927902787923813,0.7672739624977112,0.8526013493537903,-0.10964200645685196,0.7446997761726379,0.8596857190132141,-0.10420584678649902,0.7384997606277466,0.8298495411872864,-0.09263329952955246,fullstop
0.7199232578277588,0.8085657358169556,-2.103012519683034e-07,0.6841825842857361,0.8060897588729858,-0.033497028052806854,0.6540060639381409,0.7937852144241333,-0.060396891087293625,0.651110827922821,0.8231064081192017,-0.08338707685470581,0.6675938367843628,0.8414509892463684,-0.10524876415729523,0.6613729596138,0.6606547832489014,-0.06402769684791565,0.6554551124572754,0.659483015537262,-0.10882771760225296,0.6448270082473755,0.6532090306282043,-0.14181068539619446,0.6362096071243286,0.6468489766120911,-0.16184309124946594,0.709061324596405,0.6372390389442444,-0.062240537256002426,0.6899774074554443,0.8038015961647034,-0.10238824784755707,0.6648890376091003,0.8528605699539185,-0.11014604568481445,0.6534051299095154,0.8575266599655151,-0.10986805707216263,0.7524227499961853,0.6695162057876587,-0.0642029270529747,0.7266294360160828,0.8381881713867188,-0.09322904795408249,0.7053420543670654,0.8459854125976562,-0.07798859477043152,0.6977068781852722,0.8195093870162964,-0.062052253633737564,0.7846288681030273,0.7171041369438171,-0.07101475447416306,0.7577987909317017,0.838819146156311,-0.09761010855436325,0.7384542226791382,0.8407077789306641,-0.09155198931694031,0.7322739362716675,0.8075292706489563,-0.07935810834169388,fullstop
0.7163459658622742,0.7894112467765808,-2.199294186766565e-07,0.6818282604217529,0.7913139462471008,-0.03114387020468712,0.648715615272522,0.7847817540168762,-0.05652955546975136,0.6479912400245667,0.8201345205307007,-0.07856568694114685,0.6674007177352905,0.8390470147132874,-0.09898531436920166,0.6591013669967651,0.6468656063079834,-0.05725445598363876,0.6516936421394348,0.6441993117332458,-0.09784496575593948,0.6409850120544434,0.6357700824737549,-0.12730295956134796,0.6332138776779175,0.6256285309791565,-0.14612510800361633,0.7041096091270447,0.6201714873313904,-0.05666981264948845,0.6912640333175659,0.7824934124946594,-0.09137504547834396,0.671877384185791,0.8323521614074707,-0.09556923806667328,0.6666502356529236,0.8221132755279541,-0.0947626531124115,0.7457436323165894,0.6483915448188782,-0.06022278219461441,0.7303996682167053,0.8139274716377258,-0.08520840853452682,0.7081281542778015,0.829029381275177,-0.06859295070171356,0.7007533311843872,0.8008421063423157,-0.05375763773918152,0.7791818380355835,0.6926931738853455,-0.06881225854158401,0.7600116729736328,0.8164321780204773,-0.0939146876335144,0.7405040264129639,0.8267460465431213,-0.08852789551019669,0.7347275018692017,0.7971851825714111,-0.07811883091926575,fullstop
0.7059661149978638,0.7727271318435669,-2.56341223803247e-07,0.6714996099472046,0.7656216025352478,-0.030013347044587135,0.640341579914093,0.7455049753189087,-0.05450541898608208,0.6388843655586243,0.7712830901145935,-0.07555375248193741,0.657599925994873,0.7897858023643494,-0.09564448148012161,0.6563581824302673,0.6194605231285095,-0.056989241391420364,0.649108350276947,0.6155864000320435,-0.09657184779644012,0.6394779086112976,0.6055331826210022,-0.1253722906112671,0.6318104267120361,0.5934444069862366,-0.14409160614013672,0.7024804353713989,0.5997563600540161,-0.0569278858602047,0.6853273510932922,0.7454927563667297,-0.09340017288923264,0.6604211330413818,0.8070793151855469,-0.0991324633359909,0.6502167582511902,0.814246654510498,-0.09892361611127853,0.7428622841835022,0.6309084892272949,-0.06051725149154663,0.7235937714576721,0.7830671668052673,-0.08697310835123062,0.6968135833740234,0.8081903457641602,-0.07197684794664383,0.6860339641571045,0.7888166308403015,-0.05830306187272072,0.7751535773277283,0.6775472164154053,-0.06867772340774536,0.7544938325881958,0.7901549339294434,-0.0922408401966095,0.7308882474899292,0.8125543594360352,-0.08614518493413925,0.7221135497093201,0.7933286428451538,-0.07618751376867294,fullstop
0.708362340927124,0.746410071849823,-1.81080295647007e-07,0.6770778298377991,0.7447711229324341,-0.028891107067465782,0.6463865637779236,0.7388299107551575,-0.05485811084508896,0.643288791179657,0.7732582688331604,-0.07795427739620209,0.6536308526992798,0.7966479063034058,-0.10014413297176361,0.6526858806610107,0.6083621978759766,-0.0580265186727047,0.6445584297180176,0.6002247333526611,-0.09831232577562332,0.635986864566803,0.5848941206932068,-0.12780185043811798,0.6303868293762207,0.5703765749931335,-0.14679697155952454,0.6961720585823059,0.5831453204154968,-0.058415450155735016,0.6809896230697632,0.738792896270752,-0.09379757195711136,0.6599290370941162,0.7866910696029663,-0.09850949794054031,0.6531682014465332,0.7791746258735657,-0.09820818156003952,0.7363924980163574,0.6103735566139221,-0.06240984424948692,0.7192990779876709,0.7678704261779785,-0.08788301050662994,0.6969396471977234,0.7810530662536621,-0.0718744695186615,0.6897165775299072,0.7546759247779846,-0.05778973922133446,0.7692645788192749,0.6531574130058289,-0.07110780477523804,0.7500393986701965,0.7671175599098206,-0.09574943035840988,0.7299829721450806,0.7783589959144592,-0.09027577191591263,0.7240623831748962,0.7523936033248901,-0.08036767691373825,fullstop
0.7025722861289978,0.7370578646659851,-1.627332295583983e-07,0.6721813678741455,0.7365253567695618,-0.02781016379594803,0.6419662237167358,0.7316186428070068,-0.052357811480760574,0.6401823163032532,0.7647609710693359,-0.07375698536634445,0.6544131636619568,0.7854424118995667,-0.09432241320610046,0.6448765993118286,0.5999593138694763,-0.05606234818696976,0.6415524482727051,0.5954447984695435,-0.09147538989782333,0.6320465803146362,0.5816173553466797,-0.11949057877063751,0.6233383417129517,0.565169095993042,-0.1389041543006897,0.6888466477394104,0.5721038579940796,-0.056577350944280624,0.6777690052986145,0.733710527420044,-0.08931861072778702,0.6572503447532654,0.7796412110328674,-0.09765265136957169,0.6478754878044128,0.7789286971092224,-0.10125896334648132,0.7303350567817688,0.596493124961853,-0.059742480516433716,0.715561032295227,0.7613292932510376,-0.08112505823373795,0.6932060122489929,0.7750771045684814,-0.06868916749954224,0.6831416487693787,0.75319504737854,-0.05880490690469742,0.76398766040802,0.6378430128097534,-0.06750987470149994,0.7470105886459351,0.7564124464988708,-0.08809782564640045,0.7281100153923035,0.7701149582862854,-0.08308281749486923,0.7206587791442871,0.7475001215934753,-0.07496140152215958,fullstop
0.6990290284156799,0.7277956008911133,-1.8705550530739856e-07,0.6645351052284241,0.7327963709831238,-0.03204343095421791,0.6334629654884338,0.7315730452537537,-0.05827460065484047,0.6357157826423645,0.7694699764251709,-0.0801893100142479,0.6596072316169739,0.7869918346405029,-0.10080374032258987,0.6478103995323181,0.5974355340003967,-0.06358221918344498,0.643517792224884,0.597892701625824,-0.10529553145170212,0.6348499059677124,0.5846531391143799,-0.13552866876125336,0.6275845766067505,0.568903923034668,-0.1545189619064331,0.6926515102386475,0.5737638473510742,-0.06132131069898605,0.6799618601799011,0.7316530346870422,-0.0958525612950325,0.6599656343460083,0.7760716676712036,-0.09945498406887054,0.6526285409927368,0.7676284313201904,-0.09860559552907944,0.7327631711959839,0.6021843552589417,-0.06273403018712997,0.7156565189361572,0.7616329193115234,-0.08802063018083572,0.6922922730445862,0.7737440466880798,-0.07153992354869843,0.6834513545036316,0.7468207478523254,-0.05674517899751663,0.7640083432197571,0.6455752849578857,-0.06891585141420364,0.7439400553703308,0.7645377516746521,-0.09439682215452194,0.7223661541938782,0.7749254703521729,-0.0892425924539566,0.7141695022583008,0.748704731464386,-0.07895989716053009,fullstop
0.7022503018379211,0.7589015960693359,-2.2489268758363323e-07,0.6624630689620972,0.7670949101448059,-0.03789743408560753,0.6283884644508362,0.7591564059257507,-0.06811382621526718,0.6391834616661072,0.7790670990943909,-0.0942002534866333,0.6749662756919861,0.7839131355285645,-0.11725525557994843,0.6463512182235718,0.6221385598182678,-0.06547418981790543,0.6410653591156006,0.6226239204406738,-0.11228075623512268,0.6382333636283875,0.6298149228096008,-0.14314445853233337,0.6383440494537354,0.6384367346763611,-0.16032269597053528,0.6934887766838074,0.6000498533248901,-0.06190016120672226,0.6844576597213745,0.7646049857139587,-0.10105102509260178,0.6634200215339661,0.8047893047332764,-0.10611757636070251,0.6529655456542969,0.7894814610481262,-0.1049485132098198,0.736121654510498,0.626224160194397,-0.063114695250988,0.7196363806724548,0.789488673210144,-0.09202071279287338,0.6980941295623779,0.7960457801818848,-0.07469328492879868,0.6886553168296814,0.7662784457206726,-0.05815941095352173,0.768914520740509,0.6666520833969116,-0.06985297054052353,0.7513684034347534,0.7842528223991394,-0.0971594750881195,0.7319656610488892,0.787462592124939,-0.09122908115386963,0.7238560914993286,0.7576236128807068,-0.0793127492070198,fullstop
0.7089165449142456,0.7788698673248291,-2.3656853898046393e-07,0.6744755506515503,0.7746030688285828,-0.03262920677661896,0.6389182209968567,0.7585915327072144,-0.0584271214902401,0.6378340125083923,0.7792748808860779,-0.08106319606304169,0.6677667498588562,0.7885924577713013,-0.10050389170646667,0.6510104537010193,0.6282479166984558,-0.05882065370678902,0.6470414996147156,0.6213253736495972,-0.10312949866056442,0.6417599320411682,0.6274821758270264,-0.13106372952461243,0.6391178965568542,0.645993173122406,-0.14511597156524658,0.6974682211875916,0.5991984605789185,-0.05591285973787308,0.6905151009559631,0.7666627168655396,-0.09269455820322037,0.6691727042198181,0.8070744276046753,-0.09384109824895859,0.6576301455497742,0.8031039237976074,-0.08775050193071365,0.7405111789703369,0.6241147518157959,-0.057664547115564346,0.7268525958061218,0.7945818305015564,-0.08474455028772354,0.7040883898735046,0.8003234267234802,-0.06418871879577637,0.693152904510498,0.773676872253418,-0.04332973062992096,0.774806559085846,0.6642494797706604,-0.06460283696651459,0.7588891983032227,0.7891101837158203,-0.09022334963083267,0.7392171621322632,0.794182538986206,-0.08226004242897034,0.7307660579681396,0.7647709846496582,-0.06708873063325882,fullstop
0.7006645798683167,0.7804191708564758,-2.938380987416167e-07,0.6626411080360413,0.7734437584877014,-0.03239072859287262,0.6300104260444641,0.747576892375946,-0.05705903097987175,0.6368758082389832,0.7621712684631348,-0.07816526293754578,0.6703735589981079,0.7598642110824585,-0.0959276333451271,0.6449717283248901,0.6300798058509827,-0.06405997276306152,0.6486009955406189,0.6195765137672424,-0.11307553201913834,0.6507089138031006,0.6172106862068176,-0.14545965194702148,0.6530541181564331,0.6223829984664917,-0.16285350918769836,0.6960219740867615,0.5982932448387146,-0.061568889766931534,0.6908013224601746,0.7751277685165405,-0.1048145666718483,0.6669396162033081,0.8130115866661072,-0.10778728127479553,0.651055634021759,0.8098928928375244,-0.10164590179920197,0.7414721846580505,0.6230365037918091,-0.06359969824552536,0.7276628613471985,0.8025079369544983,-0.09537165611982346,0.7084872722625732,0.7971200942993164,-0.072933129966259,0.698166012763977,0.7601128220558167,-0.04964842274785042,0.7761921882629395,0.6636561155319214,-0.07088912278413773,0.7581019401550293,0.7978062033653259,-0.1016685962677002,0.7401865124702454,0.7960752248764038,-0.09341945499181747,0.7325122356414795,0.7575117945671082,-0.0767013281583786,fullstop
0.7136142253875732,0.7746056318283081,-2.32277955092286e-07,0.677319347858429,0.7821773886680603,-0.033217091113328934,0.6427533030509949,0.7760515213012695,-0.06027631461620331,0.6452487707138062,0.8088423013687134,-0.08395442366600037,0.6719116568565369,0.8258236646652222,-0.10522694885730743,0.6553927063941956,0.6403042078018188,-0.05985512584447861,0.6498221755027771,0.6369277238845825,-0.10249245911836624,0.6446436047554016,0.6298375129699707,-0.13121166825294495,0.6431838274002075,0.6261301040649414,-0.14808279275894165,0.7014052867889404,0.6110737323760986,-0.05782964080572128,0.6924608945846558,0.7766625881195068,-0.09475225955247879,0.6729627251625061,0.8222695589065552,-0.09744720160961151,0.6647437214851379,0.8138387203216553,-0.09429462254047394,0.7436388731002808,0.6341758370399475,-0.06034469231963158,0.7303621172904968,0.8023077249526978,-0.08782661706209183,0.7090701460838318,0.8097401261329651,-0.06967032700777054,0.7000421285629272,0.7792173027992249,-0.052300240844488144,0.7780116200447083,0.6729153990745544,-0.06806883960962296,0.7614346146583557,0.7962073087692261,-0.09476159512996674,0.7415151000022888,0.8035992980003357,-0.08904565870761871,0.7333228588104248,0.7740470767021179,-0.07713698595762253,fullstop
0.7144082188606262,0.7868675589561462,-2.5662563984951703e-07,0.6797242760658264,0.7830407619476318,-0.03322736173868179,0.6476439237594604,0.7664928436279297,-0.05914011597633362,0.6433544754981995,0.7835009694099426,-0.08086744695901871,0.6628706455230713,0.789204478263855,-0.10096193104982376,0.6610038876533508,0.639204740524292,-0.0617067813873291,0.6531994938850403,0.6370209455490112,-0.10452919453382492,0.642821729183197,0.6328763365745544,-0.135379821062088,0.6334689855575562,0.6305627822875977,-0.15395282208919525,0.7049624919891357,0.6131228804588318,-0.059709567576646805,0.688819169998169,0.7697558999061584,-0.09810152649879456,0.6666716933250427,0.8213160634040833,-0.10590270161628723,0.6570593118667603,0.8220871090888977,-0.10665819048881531,0.745235800743103,0.6396906971931458,-0.061439841985702515,0.7257322669029236,0.8005291819572449,-0.0897173061966896,0.7012882828712463,0.8199224472045898,-0.07626610994338989,0.6911289095878601,0.7984276413917542,-0.0626644492149353,0.7772315740585327,0.6819086670875549,-0.06783945113420486,0.7556608319282532,0.7986498475074768,-0.09231112152338028,0.7342317700386047,0.8149803876876831,-0.08660592883825302,0.7261717915534973,0.7934224605560303,-0.07611656934022903,fullstop
0.7157856822013855,0.77156001329422,-1.662967861193465e-07,0.6787706613540649,0.7727999687194824,-0.03543645143508911,0.6480730175971985,0.762749969959259,-0.06324070692062378,0.646435558795929,0.788227915763855,-0.08653873205184937,0.6670005321502686,0.8012022376060486,-0.10869216918945312,0.6579102873802185,0.6315051317214966,-0.06545588374137878,0.650921106338501,0.634126603603363,-0.10936789214611053,0.6412864923477173,0.6254533529281616,-0.14182966947555542,0.634066641330719,0.6178680062294006,-0.16173340380191803,0.7035994529724121,0.6072239875793457,-0.06283207982778549,0.69036865234375,0.7720514535903931,-0.10084186494350433,0.6694903373718262,0.8114258050918579,-0.10862729698419571,0.6592305898666382,0.8062527775764465,-0.10958842188119888,0.7454177141189575,0.6377842426300049,-0.06403480470180511,0.7229076623916626,0.802680492401123,-0.09151539206504822,0.7023392915725708,0.8062670230865479,-0.07674540579319,0.6935625076293945,0.778089702129364,-0.062098853290081024,0.7766168713569641,0.6835508346557617,-0.0702936127781868,0.7504755854606628,0.8029333353042603,-0.09634841978549957,0.730703592300415,0.8030439615249634,-0.09067659080028534,0.7226408123970032,0.7703536152839661,-0.07932963222265244,fullstop
0.7178235054016113,0.7681477665901184,-2.016722930875403e-07,0.684839129447937,0.7676914930343628,-0.0320061519742012,0.6576180458068848,0.7616859078407288,-0.058130741119384766,0.6565520167350769,0.793412446975708,-0.0805194154381752,0.6666146516799927,0.8156245946884155,-0.10189417749643326,0.663704514503479,0.6330575942993164,-0.06068829819560051,0.6562986969947815,0.6333262920379639,-0.10205928981304169,0.6435749530792236,0.6252893209457397,-0.13258680701255798,0.6327800154685974,0.6196073889732361,-0.15127792954444885,0.7076197266578674,0.6079452037811279,-0.059220533818006516,0.6914399862289429,0.7692845463752747,-0.09615350514650345,0.6699473857879639,0.809412956237793,-0.10344527661800385,0.6601106524467468,0.809120774269104,-0.10375004261732101,0.7478454113006592,0.635633647441864,-0.06123838201165199,0.7247956395149231,0.7972497940063477,-0.08705227822065353,0.7046818733215332,0.802126407623291,-0.07229242473840714,0.6964348554611206,0.7771843075752258,-0.05779401585459709,0.778140127658844,0.678615927696228,-0.0681273564696312,0.7526783347129822,0.798372209072113,-0.09249170869588852,0.7336025834083557,0.7997738122940063,-0.08690120279788971,0.7261705994606018,0.7678288221359253,-0.07591895759105682,fullstop
0.7184799313545227,0.7655761241912842,-1.4470889198037185e-07,0.6849483251571655,0.7647415995597839,-0.0327008031308651,0.6554678678512573,0.7584523558616638,-0.06085304543375969,0.6541637778282166,0.7904810309410095,-0.08536455035209656,0.6711596846580505,0.8146365880966187,-0.10896064341068268,0.6606189012527466,0.6272592544555664,-0.06336066871881485,0.6552737355232239,0.6240897178649902,-0.10714364796876907,0.6434224843978882,0.6204040050506592,-0.13982601463794708,0.6330804228782654,0.6198688745498657,-0.16002768278121948,0.7040499448776245,0.602549135684967,-0.06238368898630142,0.6938986778259277,0.7599465847015381,-0.10021968185901642,0.6730248928070068,0.8026236295700073,-0.1080600917339325,0.6622952222824097,0.8038119077682495,-0.10921819508075714,0.7457817792892456,0.6317781805992126,-0.06503698974847794,0.7298078536987305,0.7898083925247192,-0.09234464913606644,0.7086488008499146,0.798748254776001,-0.07751494646072388,0.6988274455070496,0.7750424146652222,-0.06308061629533768,0.7781457304954529,0.6770626902580261,-0.0725359320640564,0.7595462203025818,0.7928252220153809,-0.09874200075864792,0.7410642504692078,0.7965008616447449,-0.09340817481279373,0.7334372997283936,0.766367495059967,-0.08248932659626007,fullstop
0.7189375758171082,0.7686406970024109,-1.98911351390052e-07,0.6846519708633423,0.7729420065879822,-0.03113517537713051,0.651854395866394,0.7698234915733337,-0.05653451755642891,0.6512928009033203,0.8040837049484253,-0.07850287109613419,0.6692947745323181,0.8243981599807739,-0.09895483404397964,0.6588134169578552,0.6306465268135071,-0.057296350598335266,0.6541865468025208,0.6326034665107727,-0.09678925573825836,0.643573522567749,0.6273026466369629,-0.12561067938804626,0.6348847150802612,0.6218432784080505,-0.14356200397014618,0.7032343149185181,0.602327823638916,-0.05610434710979462,0.6934574842453003,0.7692618370056152,-0.09000653773546219,0.6743037700653076,0.8118600845336914,-0.09548789262771606,0.6663236021995544,0.8050563335418701,-0.09544998407363892,0.7451490163803101,0.6281444430351257,-0.05862031131982803,0.731315016746521,0.7954933643341064,-0.08331602811813354,0.7114113569259644,0.8041869401931763,-0.06797543168067932,0.7031880021095276,0.7769396901130676,-0.053462639451026917,0.7785688042640686,0.6697801947593689,-0.0660066083073616,0.7612197995185852,0.7928271889686584,-0.09073314070701599,0.7439705729484558,0.7980352640151978,-0.08560416102409363,0.7377271056175232,0.7666313052177429,-0.07486288994550705,fullstop
0.716002345085144,0.7600525617599487,-1.707514769577756e-07,0.6819154620170593,0.7663514018058777,-0.03617112338542938,0.6521540284156799,0.7684390544891357,-0.06559330224990845,0.6532356142997742,0.8058478832244873,-0.0899096429347992,0.6697655916213989,0.827303409576416,-0.11281188577413559,0.661186158657074,0.6357487440109253,-0.07149006426334381,0.6558387279510498,0.6389095187187195,-0.11651255935430527,0.6426630020141602,0.6279748678207397,-0.1487865000963211,0.6311447620391846,0.6199333667755127,-0.16835610568523407,0.7068109512329102,0.6096107959747314,-0.06807544082403183,0.6924529075622559,0.7703421711921692,-0.10475487262010574,0.6758192777633667,0.8039413094520569,-0.10965260863304138,0.6714543104171753,0.7940676212310791,-0.10952108353376389,0.7478021383285522,0.6356979012489319,-0.06841742992401123,0.7270025014877319,0.7999334335327148,-0.09462995082139969,0.7075408697128296,0.8025330901145935,-0.07815064489841461,0.7017742395401001,0.7755146026611328,-0.06319624185562134,0.7791947722434998,0.6771579384803772,-0.07404152303934097,0.7543094158172607,0.7981288433074951,-0.10036858916282654,0.7341670393943787,0.7990506887435913,-0.09546676278114319,0.7272520661354065,0.7688021063804626,-0.08519160747528076,fullstop
0.7169718742370605,0.7788078188896179,-1.8386717215435056e-07,0.6810950636863708,0.7798930406570435,-0.03675009310245514,0.6497542858123779,0.7645019888877869,-0.06486072391271591,0.6465370655059814,0.7826696634292603,-0.0880957618355751,0.665123701095581,0.7819958329200745,-0.10951337218284607,0.6594856977462769,0.6298807859420776,-0.06602370738983154,0.654520571231842,0.6351820230484009,-0.11281952261924744,0.6444259881973267,0.6294936537742615,-0.146875262260437,0.635184109210968,0.6229992508888245,-0.16744326055049896,0.7049844264984131,0.6078678369522095,-0.06315802037715912,0.6914178133010864,0.7706812024116516,-0.10428187251091003,0.6700847148895264,0.8152830600738525,-0.11139373481273651,0.659651517868042,0.8117004036903381,-0.11061618477106094,0.7470118403434753,0.6397548913955688,-0.06457125395536423,0.726526141166687,0.8033034205436707,-0.09501368552446365,0.7070443630218506,0.8088607788085938,-0.07696998864412308,0.6993122100830078,0.7771854996681213,-0.05883648991584778,0.7788435220718384,0.6866136193275452,-0.0711519867181778,0.7543808221817017,0.8058792352676392,-0.09895993769168854,0.7378460168838501,0.8047628402709961,-0.09118379652500153,0.7335882782936096,0.7652940154075623,-0.0773431658744812,fullstop
0.7167757153511047,0.7744058966636658,-2.416324491605337e-07,0.6831252574920654,0.7791731953620911,-0.033444687724113464,0.6521098017692566,0.7765825986862183,-0.06065420061349869,0.6513484716415405,0.8069205284118652,-0.08386378735303879,0.6698325872421265,0.8206446170806885,-0.10522938519716263,0.6599386930465698,0.6401893496513367,-0.06381455808877945,0.6558001041412354,0.6383635401725769,-0.10746418684720993,0.6463126540184021,0.6322190165519714,-0.13719166815280914,0.6386063098907471,0.6285878419876099,-0.1551644206047058,0.7047898173332214,0.6120705604553223,-0.06202225014567375,0.694591224193573,0.7670824527740479,-0.10056678205728531,0.6722865104675293,0.8221108913421631,-0.10434655845165253,0.6620132923126221,0.8216894865036011,-0.1020938828587532,0.7463827729225159,0.636974573135376,-0.06436887383460999,0.7330061197280884,0.7963443398475647,-0.09347749501466751,0.709503173828125,0.8123987913131714,-0.0764947384595871,0.6990954875946045,0.7854664325714111,-0.06035584956407547,0.7794184684753418,0.6785891652107239,-0.07155165821313858,0.7631210684776306,0.7988625764846802,-0.0994156002998352,0.7430105805397034,0.8109849095344543,-0.09435319155454636,0.7353586554527283,0.7826911807060242,-0.08353494107723236,fullstop
0.7219170331954956,0.7797386050224304,-2.2969602753164509e-07,0.6890451908111572,0.7880057096481323,-0.033448509871959686,0.6582348346710205,0.7876978516578674,-0.06072460860013962,0.6584575176239014,0.8186357617378235,-0.0838363766670227,0.6764056086540222,0.8256933689117432,-0.10506169497966766,0.6662169694900513,0.6419862508773804,-0.06239451840519905,0.6612601280212402,0.6420732140541077,-0.10535909235477448,0.6498579978942871,0.6383940577507019,-0.1367064118385315,0.6403182744979858,0.6383578777313232,-0.15596678853034973,0.7105395793914795,0.6145179271697998,-0.06033629551529884,0.702961266040802,0.7701891660690308,-0.09780674427747726,0.6811788082122803,0.8160935044288635,-0.10506937652826309,0.6706822514533997,0.8176619410514832,-0.1060451939702034,0.7515815496444702,0.6398042440414429,-0.06218895688652992,0.7387523651123047,0.7990044951438904,-0.08910220116376877,0.7174001932144165,0.8100977540016174,-0.074757881462574,0.7077858448028564,0.7857857942581177,-0.06111636012792587,0.7838045358657837,0.6822213530540466,-0.06898078322410583,0.7669985890388489,0.8006026148796082,-0.09528597444295883,0.7484012246131897,0.8072826266288757,-0.09126684069633484,0.7409077882766724,0.7777640223503113,-0.0815683975815773,fullstop
0.7265081405639648,0.7719305157661438,-1.5539180253654195e-07,0.6936575770378113,0.7769609093666077,-0.03648614510893822,0.6649355888366699,0.7719308733940125,-0.06561804562807083,0.6619704961776733,0.8063593506813049,-0.08992458134889603,0.6768195629119873,0.828099250793457,-0.11314637959003448,0.6736325025558472,0.6388084292411804,-0.06987011432647705,0.6651867628097534,0.6437674760818481,-0.11675950884819031,0.6541486978530884,0.6356555819511414,-0.15042263269424438,0.6459373235702515,0.6270952820777893,-0.1710340827703476,0.717142641544342,0.6170529127120972,-0.06682565808296204,0.7030751705169678,0.7707822322845459,-0.1070043295621872,0.6835401654243469,0.8161810040473938,-0.1123889610171318,0.6770631670951843,0.8101562261581421,-0.1110554188489914,0.7573696374893188,0.648160994052887,-0.06795977056026459,0.7386617660522461,0.8012309670448303,-0.09731056541204453,0.7184373140335083,0.8106825351715088,-0.08018488436937332,0.7127154469490051,0.7817201018333435,-0.06342622637748718,0.7876853942871094,0.6937313675880432,-0.07424506545066833,0.7666056752204895,0.805357813835144,-0.10241778939962387,0.7488433718681335,0.8082929849624634,-0.0971030592918396,0.7455689311027527,0.7741281986236572,-0.08568091690540314,fullstop
0.7214558720588684,0.7860226631164551,-2.3114202463148104e-07,0.688214898109436,0.7889933586120605,-0.03302311897277832,0.6590007543563843,0.7842700481414795,-0.05869521200656891,0.6588589549064636,0.8139318227767944,-0.08032244443893433,0.6721756458282471,0.8255429267883301,-0.10033315420150757,0.666944146156311,0.6544714570045471,-0.06254611909389496,0.6628724932670593,0.654312252998352,-0.10369474440813065,0.6515466570854187,0.6464709043502808,-0.13382945954799652,0.6428409218788147,0.6405758857727051,-0.15230248868465424,0.7116301655769348,0.6270378232002258,-0.06003175303339958,0.7012914419174194,0.7900911569595337,-0.0959087386727333,0.6777589917182922,0.8264331817626953,-0.10347209125757217,0.6669193506240845,0.8209387063980103,-0.10492163896560669,0.7524551153182983,0.651854395866394,-0.06096520274877548,0.7351768612861633,0.8150715231895447,-0.08751628547906876,0.7145194411277771,0.8177272081375122,-0.07424437999725342,0.7065227627754211,0.7909424901008606,-0.06099705398082733,0.7841139435768127,0.6919659972190857,-0.06665042787790298,0.7637826204299927,0.8096828460693359,-0.09275277704000473,0.7447512149810791,0.8072879910469055,-0.08879812806844711,0.7373319268226624,0.7748247385025024,-0.07897979021072388,fullstop
0.7162989974021912,0.7742946147918701,-2.0020019064759254e-07,0.6840032935142517,0.7783873081207275,-0.030780857428908348,0.6530142426490784,0.7796114683151245,-0.05717378854751587,0.6504409909248352,0.816241443157196,-0.08000379055738449,0.6661662459373474,0.8384697437286377,-0.10146939754486084,0.659784197807312,0.6412201523780823,-0.05944211781024933,0.6511417627334595,0.6467090845108032,-0.09971436858177185,0.6397991180419922,0.638558566570282,-0.1289510279893875,0.6305350065231323,0.6319257020950317,-0.14726369082927704,0.703963041305542,0.6176843643188477,-0.05863345041871071,0.6906042695045471,0.7778429985046387,-0.0925862044095993,0.6738232970237732,0.8205021619796753,-0.0970621407032013,0.6685386300086975,0.8154009580612183,-0.09681092947721481,0.7443026900291443,0.6455082297325134,-0.06151526793837547,0.7270355224609375,0.803973376750946,-0.0863892212510109,0.7081331014633179,0.8121628761291504,-0.07099912315607071,0.7013038396835327,0.7860836386680603,-0.05695877596735954,0.7762126326560974,0.6889132261276245,-0.06913986057043076,0.7571922540664673,0.8051832914352417,-0.09428524225950241,0.7398059964179993,0.8099137544631958,-0.08965373784303665,0.7339559197425842,0.7791880369186401,-0.07975875586271286,fullstop
0.7078167200088501,0.7831206917762756,-2.1464734345499892e-07,0.6723639965057373,0.7784923911094666,-0.03255794942378998,0.6411885023117065,0.766737699508667,-0.05941552296280861,0.6337449550628662,0.7797298431396484,-0.08245210349559784,0.6478634476661682,0.7845614552497864,-0.1039077639579773,0.6511200070381165,0.6356260180473328,-0.06305679678916931,0.6454643607139587,0.6350182294845581,-0.10757899284362793,0.6343094706535339,0.6318677663803101,-0.13916465640068054,0.6240905523300171,0.6313148736953735,-0.1579265594482422,0.6952704787254333,0.6111586689949036,-0.06195959821343422,0.6804131269454956,0.7708109021186829,-0.10138960927724838,0.6577962636947632,0.816827118396759,-0.10903149843215942,0.6465911865234375,0.8193082213401794,-0.10927482694387436,0.7367917895317078,0.6405447721481323,-0.06448983401060104,0.7164701819419861,0.8040664792060852,-0.09438718110322952,0.6938681602478027,0.8155971169471741,-0.07969171553850174,0.6835871338844299,0.7919699549674988,-0.0644976794719696,0.7688969373703003,0.6852961182594299,-0.07158517092466354,0.7472000122070312,0.805063784122467,-0.09832260757684708,0.727972149848938,0.811465322971344,-0.0924326628446579,0.7203952074050903,0.781463086605072,-0.0807243287563324,fullstop
0.7078264951705933,0.7757265567779541,-2.5236397505068453e-07,0.6722832918167114,0.7680589556694031,-0.030881058424711227,0.6393433809280396,0.752805233001709,-0.05650957301259041,0.6268886923789978,0.7632365226745605,-0.07827313244342804,0.6359397172927856,0.7667975425720215,-0.09830629825592041,0.6478462219238281,0.6323796510696411,-0.061734553426504135,0.6452651023864746,0.6324110627174377,-0.10620607435703278,0.6298015713691711,0.627034068107605,-0.1380782127380371,0.6143909692764282,0.6273905634880066,-0.1570008546113968,0.6915821433067322,0.6085957288742065,-0.061346739530563354,0.6782836318016052,0.7693798542022705,-0.10163713991641998,0.6566638350486755,0.8155161738395691,-0.10977483540773392,0.64591383934021,0.8184703588485718,-0.11019933968782425,0.7334912419319153,0.6353703141212463,-0.06439404934644699,0.7149057388305664,0.8029003739356995,-0.09412627667188644,0.6938539147377014,0.8130928874015808,-0.07940804958343506,0.6842276453971863,0.7883840799331665,-0.06460981070995331,0.7669621109962463,0.6773532032966614,-0.07197399437427521,0.7469342350959778,0.7998392581939697,-0.09806480258703232,0.7298253774642944,0.8053710460662842,-0.09181038290262222,0.7236539721488953,0.7731504440307617,-0.08042734861373901,fullstop
0.7135589122772217,0.7757527232170105,-2.1942203431990492e-07,0.6778232455253601,0.7822951078414917,-0.03356678783893585,0.6434121131896973,0.7801923751831055,-0.06116645038127899,0.6421416401863098,0.8119668364524841,-0.08462771773338318,0.6649110913276672,0.8237450122833252,-0.10568501055240631,0.6526316404342651,0.6326506733894348,-0.0607665479183197,0.6481590867042542,0.6382318735122681,-0.103511281311512,0.637301504611969,0.6312371492385864,-0.13346794247627258,0.6287203431129456,0.6265267133712769,-0.1516161561012268,0.6984820365905762,0.6084958910942078,-0.05907192826271057,0.6816788911819458,0.7773814797401428,-0.09670102596282959,0.6679730415344238,0.8240101933479309,-0.10060551762580872,0.6658660173416138,0.8232113718986511,-0.09806489944458008,0.740257203578949,0.6366884708404541,-0.061647266149520874,0.7195652723312378,0.8061854839324951,-0.08927562087774277,0.7037618160247803,0.8108226656913757,-0.07107643038034439,0.6989798545837402,0.779142439365387,-0.053528863936662674,0.7735399603843689,0.6809987425804138,-0.06938116252422333,0.7517015337944031,0.806755542755127,-0.09642388671636581,0.7362006902694702,0.8095020651817322,-0.09026236087083817,0.7315932512283325,0.7734368443489075,-0.0778459757566452,fullstop
0.7239346504211426,0.7872140407562256,-1.8934811407689267e-07,0.6924935579299927,0.7921074628829956,-0.03541424125432968,0.6620752811431885,0.7907552719116211,-0.06469830870628357,0.6612628102302551,0.8259758353233337,-0.08957912772893906,0.6811807751655579,0.8408850431442261,-0.11278600245714188,0.6699301600456238,0.650213897228241,-0.06709496676921844,0.6645939350128174,0.6454647183418274,-0.11159256845712662,0.6568828225135803,0.6392238736152649,-0.14314891397953033,0.6514310836791992,0.6349475979804993,-0.16291669011116028,0.7143456339836121,0.6225977540016174,-0.06477382779121399,0.7070131301879883,0.7717093229293823,-0.10403147339820862,0.6865070462226868,0.8249806761741638,-0.11007246375083923,0.6770197749137878,0.8255045413970947,-0.11004497110843658,0.755570113658905,0.6487671136856079,-0.06659579277038574,0.7440752983093262,0.8033708333969116,-0.09497188031673431,0.7208577990531921,0.8200386166572571,-0.07945374399423599,0.7102695107460022,0.7948259711265564,-0.06506875902414322,0.7882630825042725,0.6922035217285156,-0.07348562031984329,0.772327184677124,0.8072545528411865,-0.10085278004407883,0.7521654963493347,0.8190364837646484,-0.09689779579639435,0.7437832355499268,0.7921929359436035,-0.08749042451381683,fullstop
0.7277344465255737,0.7799479961395264,-2.2736131199962983e-07,0.6914796233177185,0.7868039011955261,-0.033502694219350815,0.6601387858390808,0.7831763625144958,-0.0610431432723999,0.6631518006324768,0.8226045370101929,-0.08419738709926605,0.6858782768249512,0.8403681516647339,-0.10573533922433853,0.6729358434677124,0.6517511010169983,-0.06536009162664413,0.6702060699462891,0.6510055065155029,-0.11065387725830078,0.6586043238639832,0.6435852646827698,-0.14275793731212616,0.6489142179489136,0.6390214562416077,-0.16215987503528595,0.7181552648544312,0.6234099268913269,-0.062903493642807,0.7117149829864502,0.7789127826690674,-0.09998929500579834,0.6896033883094788,0.8302248120307922,-0.10393235832452774,0.680088996887207,0.8226988911628723,-0.1030644029378891,0.7593152523040771,0.6469773054122925,-0.06468623131513596,0.7483165860176086,0.8048659563064575,-0.09150946140289307,0.7223914861679077,0.8236242532730103,-0.07487717270851135,0.7109542489051819,0.7968373894691467,-0.06031203269958496,0.7918342351913452,0.686591386795044,-0.07146407663822174,0.7755120992660522,0.8044359683990479,-0.09754682332277298,0.7543738484382629,0.8189537525177002,-0.09256912022829056,0.7473868131637573,0.793993353843689,-0.08289224654436111,fullstop
0.7195254564285278,0.7834987640380859,-2.0954604451617342e-07,0.6865488290786743,0.786459743976593,-0.037421755492687225,0.658717691898346,0.7793070077896118,-0.06805216521024704,0.6605026125907898,0.8069943785667419,-0.09446761757135391,0.6747997403144836,0.823675274848938,-0.11940299719572067,0.6703067421913147,0.6434468030929565,-0.0685945451259613,0.6640027761459351,0.6457898616790771,-0.11491899192333221,0.6554530262947083,0.6431083679199219,-0.14680923521518707,0.6498240828514099,0.6402322053909302,-0.1658904105424881,0.7145242094993591,0.623920738697052,-0.06571966409683228,0.6996549963951111,0.7818358540534973,-0.10525284707546234,0.6760490536689758,0.8294289112091064,-0.11071441322565079,0.6663802266120911,0.8214187622070312,-0.1104060560464859,0.754201352596283,0.6540613770484924,-0.06721729040145874,0.735153079032898,0.8080394268035889,-0.09664113074541092,0.7101821303367615,0.8250607252120972,-0.08012527972459793,0.7001972794532776,0.8030531406402588,-0.0648554190993309,0.7855544090270996,0.6985535025596619,-0.07406070828437805,0.7650461196899414,0.8092919588088989,-0.10212225466966629,0.7428772449493408,0.8219267129898071,-0.09741491824388504,0.735066294670105,0.7993152737617493,-0.08717510104179382,fullstop
0.7165960073471069,0.7781932353973389,-1.458472524973331e-07,0.6840807199478149,0.774522066116333,-0.03272802382707596,0.6554890871047974,0.7712472677230835,-0.06150590255856514,0.6499000787734985,0.808351993560791,-0.08644231408834457,0.6617251038551331,0.83661949634552,-0.11109119653701782,0.6598796844482422,0.6425058841705322,-0.0661492869257927,0.6500154733657837,0.6463088393211365,-0.11042064428329468,0.6369912028312683,0.6406105160713196,-0.14350345730781555,0.6246115565299988,0.6377986669540405,-0.1636034995317459,0.7031115889549255,0.6226750016212463,-0.06530744582414627,0.6813560724258423,0.7767907977104187,-0.10475070774555206,0.6623137593269348,0.8199407458305359,-0.1141284704208374,0.6540113687515259,0.8268376588821411,-0.11543726921081543,0.7435525059700012,0.6542463898658752,-0.06761851906776428,0.7159867286682129,0.8092705607414246,-0.09533042460680008,0.699070394039154,0.8136160373687744,-0.08235018700361252,0.6931331753730774,0.790210485458374,-0.06837961077690125,0.7744269371032715,0.7007858753204346,-0.07448078691959381,0.7458946704864502,0.8118906021118164,-0.09915507584810257,0.728680431842804,0.8114078640937805,-0.09334567189216614,0.7228132486343384,0.7806909084320068,-0.08195885270833969,fullstop
0.7053709030151367,0.7842572927474976,-2.1817001538693148e-07,0.6697871685028076,0.7830306887626648,-0.032343339174985886,0.6385059952735901,0.7724393010139465,-0.05755701661109924,0.6342583298683167,0.7951062917709351,-0.07874748110771179,0.6525980234146118,0.8024438619613647,-0.09825699776411057,0.6463863849639893,0.6440463066101074,-0.061445452272892,0.6380353569984436,0.6430364847183228,-0.10483744740486145,0.6243794560432434,0.6375583410263062,-0.1355978101491928,0.6115397214889526,0.6325691938400269,-0.1542038917541504,0.6903798580169678,0.6192343235015869,-0.06006677821278572,0.6711330413818359,0.7865673899650574,-0.09830930829048157,0.654421329498291,0.8320654034614563,-0.10452375560998917,0.6478351950645447,0.8271856904029846,-0.10379979014396667,0.7321920990943909,0.6485801935195923,-0.06248656287789345,0.709334135055542,0.8184959888458252,-0.09084764868021011,0.6911987662315369,0.8258479237556458,-0.07459288835525513,0.6834523677825928,0.7933713793754578,-0.058464523404836655,0.7646157741546631,0.6929837465286255,-0.06960145384073257,0.7400158643722534,0.8197853565216064,-0.09593465924263,0.724245548248291,0.8234899044036865,-0.08925489336252213,0.719028115272522,0.7867318391799927,-0.07684184610843658,fullstop
0.7064192295074463,0.7826513648033142,-2.5981827889154374e-07,0.6709921956062317,0.7759639024734497,-0.029435759410262108,0.6389029026031494,0.7663894891738892,-0.053379353135824203,0.6350983381271362,0.7945653796195984,-0.07419232279062271,0.6527286171913147,0.8071662783622742,-0.09333806484937668,0.650533139705658,0.6383672952651978,-0.05573788657784462,0.6427454948425293,0.6411515474319458,-0.09554661810398102,0.628439724445343,0.6362422704696655,-0.12389612197875977,0.6165313124656677,0.6332946419715881,-0.14089718461036682,0.6955663561820984,0.6168385744094849,-0.055167388170957565,0.67558354139328,0.7855159044265747,-0.09043861925601959,0.6553794145584106,0.826505184173584,-0.09562018513679504,0.6479809880256653,0.8249260783195496,-0.0940396785736084,0.7369937896728516,0.647752046585083,-0.05816560983657837,0.7118411064147949,0.8167467713356018,-0.08411097526550293,0.6946374177932739,0.8174444437026978,-0.06756032258272171,0.6893423795700073,0.7877928018569946,-0.05098143592476845,0.7691409587860107,0.6936217546463013,-0.06581304222345352,0.743098795413971,0.816767156124115,-0.0907915011048317,0.7268142700195312,0.8146541118621826,-0.0839608907699585,0.7222552299499512,0.7794683575630188,-0.07120027393102646,fullstop
0.7189496159553528,0.7810558080673218,-1.9017961960798857e-07,0.6862094402313232,0.7797552943229675,-0.03178301081061363,0.6555745005607605,0.7690306901931763,-0.05762820690870285,0.6501845717430115,0.7984651923179626,-0.07982467859983444,0.6635861992835999,0.8193156719207764,-0.10104779154062271,0.6638014316558838,0.6445635557174683,-0.06019895151257515,0.6561010479927063,0.6469095349311829,-0.10085463523864746,0.6466614007949829,0.6362200975418091,-0.13101057708263397,0.6389450430870056,0.6210612058639526,-0.1501333862543106,0.7065356373786926,0.6210431456565857,-0.05914375185966492,0.6936755180358887,0.7826254367828369,-0.09556537866592407,0.6726864576339722,0.8244823813438416,-0.10296326130628586,0.6627941131591797,0.8165948987007141,-0.10396361351013184,0.7464148998260498,0.6505792737007141,-0.061527252197265625,0.727306604385376,0.8119046092033386,-0.0880228653550148,0.7054960131645203,0.8194427490234375,-0.07455294579267502,0.6965265274047852,0.7902202606201172,-0.061203937977552414,0.7776804566383362,0.6952629089355469,-0.06855309009552002,0.7548712491989136,0.8109307885169983,-0.0933687686920166,0.7353025674819946,0.8143535852432251,-0.08835452795028687,0.7280415296554565,0.7832821607589722,-0.0782209038734436,fullstop
0.7186790704727173,0.7820454835891724,-1.839374164092078e-07,0.6858070492744446,0.7850589156150818,-0.03556704893708229,0.6557707190513611,0.7809132933616638,-0.06411059200763702,0.6542129516601562,0.8149669766426086,-0.08822612464427948,0.6734973788261414,0.8344879150390625,-0.11083722859621048,0.6638764142990112,0.6387413144111633,-0.06562426686286926,0.659831702709198,0.6420965194702148,-0.11048253625631332,0.6490783095359802,0.6359519362449646,-0.14245866239070892,0.6408188939094543,0.6293382048606873,-0.1622433066368103,0.7085410356521606,0.6135667562484741,-0.063132144510746,0.6992709636688232,0.7702856063842773,-0.10175812989473343,0.6774135231971741,0.8193232417106628,-0.10735572874546051,0.6689029335975647,0.8135970830917358,-0.1069125384092331,0.7500043511390686,0.6424044966697693,-0.06491421908140182,0.7361353635787964,0.8030683994293213,-0.09374444931745529,0.7109715342521667,0.8171597719192505,-0.07842720299959183,0.7005447745323181,0.7887476086616516,-0.06377376616001129,0.7823253870010376,0.6877647638320923,-0.07175708562135696,0.7640151381492615,0.807722270488739,-0.09945571422576904,0.7441005706787109,0.8150103092193604,-0.09542987495660782,0.7378941178321838,0.7828711271286011,-0.08572126179933548,fullstop
0.7223394513130188,0.7778271436691284,-1.631753008268788e-07,0.6910213828086853,0.778296947479248,-0.03521699830889702,0.6646538972854614,0.7759257555007935,-0.06571899354457855,0.6639750599861145,0.8057428598403931,-0.09235349297523499,0.6710662841796875,0.8290754556655884,-0.11831710487604141,0.669942319393158,0.6404322385787964,-0.06753260642290115,0.664900541305542,0.6350772976875305,-0.11271240562200546,0.651971697807312,0.6336566209793091,-0.14663814008235931,0.6399321556091309,0.6383110880851746,-0.16768032312393188,0.7121065855026245,0.6160597205162048,-0.06654024869203568,0.6988582611083984,0.7628377676010132,-0.10875731706619263,0.6739967465400696,0.814696192741394,-0.12106795608997345,0.6605508923530579,0.831292986869812,-0.12521402537822723,0.751981258392334,0.6423441767692566,-0.06896823644638062,0.7347912788391113,0.7943556308746338,-0.09803985804319382,0.711376965045929,0.8147296905517578,-0.08705156296491623,0.6992676854133606,0.8055564165115356,-0.07609567046165466,0.7833829522132874,0.6858530640602112,-0.07641197741031647,0.7653789520263672,0.7991086840629578,-0.1016145870089531,0.7452946305274963,0.8143079876899719,-0.09783917665481567,0.7359805107116699,0.7965630888938904,-0.08943486213684082,fullstop
0.7235666513442993,0.7764262557029724,-1.8757545205971837e-07,0.6921356916427612,0.774463415145874,-0.03159331902861595,0.6634564995765686,0.7737547755241394,-0.0591835156083107,0.6584559679031372,0.810053288936615,-0.08295463770627975,0.6669978499412537,0.838231086730957,-0.10624415427446365,0.6677914261817932,0.6408323049545288,-0.06324755400419235,0.6596261858940125,0.645448625087738,-0.10420522093772888,0.6457090377807617,0.6410745978355408,-0.1350422203540802,0.6324662566184998,0.6395735740661621,-0.15424807369709015,0.7097797393798828,0.6196764707565308,-0.06312122941017151,0.6914564371109009,0.7685569524765015,-0.1005723625421524,0.6714584827423096,0.8138766288757324,-0.11056431382894516,0.6629603505134583,0.8230020999908447,-0.11327431350946426,0.7489792704582214,0.6486709117889404,-0.0658419132232666,0.7252836227416992,0.8008742928504944,-0.09119495004415512,0.7057063579559326,0.8128430247306824,-0.08003529906272888,0.6978638768196106,0.7950475215911865,-0.06889872997999191,0.7797392010688782,0.6934840083122253,-0.07312896102666855,0.7544047832489014,0.8068064451217651,-0.0954548567533493,0.7355478405952454,0.8146794438362122,-0.09069456160068512,0.7278708815574646,0.7906474471092224,-0.08156640082597733,fullstop
0.7178555727005005,0.768804669380188,-1.3259787579045224e-07,0.6838165521621704,0.7707602977752686,-0.0332031175494194,0.65488600730896,0.7707099318504333,-0.06200244650244713,0.6534907817840576,0.8080909252166748,-0.08674430847167969,0.6668084263801575,0.8362272381782532,-0.11111059039831161,0.6618219614028931,0.6455646753311157,-0.06977028399705887,0.6533148288726807,0.6489465236663818,-0.11526647210121155,0.6423523426055908,0.6411452293395996,-0.14960214495658875,0.6324777007102966,0.6355521082878113,-0.17078346014022827,0.7041515111923218,0.6213619112968445,-0.06835895031690598,0.6880993843078613,0.785065770149231,-0.1077226921916008,0.6676665544509888,0.826382577419281,-0.11634806543588638,0.6581710577011108,0.8289535045623779,-0.11790800839662552,0.7449585199356079,0.649285078048706,-0.0700383335351944,0.7243248224258423,0.8087778687477112,-0.09776734560728073,0.7053902745246887,0.8140765428543091,-0.08290842920541763,0.6988823413848877,0.7917647361755371,-0.06818494945764542,0.7757886648178101,0.6931784749031067,-0.07655122876167297,0.7544582486152649,0.8110430836677551,-0.10323735326528549,0.7375195622444153,0.8123183250427246,-0.09764837473630905,0.7323267459869385,0.7821719646453857,-0.08623417466878891,fullstop
0.7128384709358215,0.7867108583450317,-2.3092793810519652e-07,0.6790093779563904,0.7871784567832947,-0.03336245194077492,0.6495273113250732,0.7789496183395386,-0.059934101998806,0.6491655707359314,0.8050884008407593,-0.08282040804624557,0.6654940843582153,0.8177885413169861,-0.10429549217224121,0.65899658203125,0.6505432724952698,-0.06209219992160797,0.6525483131408691,0.6491406559944153,-0.10486713796854019,0.6412069797515869,0.6443637609481812,-0.13575389981269836,0.6317756175994873,0.6441156268119812,-0.1542794406414032,0.7030882239341736,0.6254004240036011,-0.06048160791397095,0.6884756684303284,0.7879394292831421,-0.09901634603738785,0.6657848358154297,0.8315207958221436,-0.10727179795503616,0.6546388864517212,0.8334164619445801,-0.10805433243513107,0.7439160346984863,0.6535267233848572,-0.06260539591312408,0.7237248420715332,0.8172920942306519,-0.09138049185276031,0.7024935483932495,0.8232646584510803,-0.07838954776525497,0.6931273341178894,0.7982506155967712,-0.06455038487911224,0.7754055857658386,0.6973122954368591,-0.06943964958190918,0.7532453536987305,0.8166701793670654,-0.09662295877933502,0.733549952507019,0.8207002878189087,-0.09231923520565033,0.725149393081665,0.7924023866653442,-0.08182032406330109,fullstop
0.7132642269134521,0.781771183013916,-2.2542610622622306e-07,0.6789569854736328,0.7868099808692932,-0.03673039376735687,0.6465014219284058,0.7793412208557129,-0.06572244316339493,0.6474136114120483,0.8218051791191101,-0.09047909080982208,0.6724136471748352,0.8464803695678711,-0.1125546395778656,0.6589194536209106,0.6493294835090637,-0.06919906288385391,0.6517384648323059,0.6510149836540222,-0.1175568550825119,0.6450192928314209,0.6446011066436768,-0.14910434186458588,0.6412034630775452,0.6416589617729187,-0.16645702719688416,0.7060451507568359,0.6241257786750793,-0.06520801037549973,0.6893964409828186,0.8040022850036621,-0.10671034455299377,0.6741823554039001,0.8398773670196533,-0.10826241970062256,0.6694013476371765,0.8274350762367249,-0.10251981765031815,0.7477800846099854,0.6507017612457275,-0.06594470143318176,0.7279743552207947,0.8253346681594849,-0.09740068018436432,0.7132951617240906,0.8187682032585144,-0.07568880915641785,0.709455132484436,0.7790509462356567,-0.05379647761583328,0.7802032232284546,0.6912727952003479,-0.07215278595685959,0.7596346735954285,0.8164975643157959,-0.10231239348649979,0.7438716292381287,0.8159577250480652,-0.09462590515613556,0.7405984997749329,0.7796015739440918,-0.07946593314409256,fullstop
0.7171250581741333,0.7878587245941162,-1.727870966306e-07,0.6812795996665955,0.7895535230636597,-0.035588521510362625,0.650863766670227,0.7799628376960754,-0.06256276369094849,0.6511825919151306,0.8121296763420105,-0.08495747298002243,0.6736763715744019,0.8302503228187561,-0.10600382834672928,0.6613249778747559,0.64948970079422,-0.06345498561859131,0.6542049050331116,0.6539642214775085,-0.10581545531749725,0.6449483633041382,0.6460798978805542,-0.13668738305568695,0.6383390426635742,0.6367862224578857,-0.15585842728614807,0.7068111896514893,0.6271129250526428,-0.06069283187389374,0.6921404004096985,0.7822983264923096,-0.09832756966352463,0.6709402203559875,0.8288859724998474,-0.10480374097824097,0.6628199815750122,0.8269535303115845,-0.10436824709177017,0.7479941844940186,0.6587705016136169,-0.06196046620607376,0.7281079292297363,0.8153806924819946,-0.08999473601579666,0.7062535881996155,0.8246654272079468,-0.07529734820127487,0.6984540224075317,0.7970480918884277,-0.060145772993564606,0.7791503071784973,0.7054374814033508,-0.06818767637014389,0.755852222442627,0.8196151852607727,-0.09443952888250351,0.7353216409683228,0.8233709931373596,-0.089144766330719,0.7278390526771545,0.7931011915206909,-0.07803644239902496,fullstop
0.7158458232879639,0.7847447395324707,-1.982829758162552e-07,0.6832635998725891,0.7860302329063416,-0.033039871603250504,0.6531911492347717,0.7784809470176697,-0.059495244175195694,0.6518847942352295,0.8068841695785522,-0.08205099403858185,0.6686866283416748,0.8232988119125366,-0.10354732722043991,0.6612683534622192,0.6514195799827576,-0.06247934699058533,0.6539183855056763,0.6517583727836609,-0.10485655069351196,0.6410914659500122,0.6445575952529907,-0.13547267019748688,0.6301677823066711,0.6372570991516113,-0.15445740520954132,0.7043542265892029,0.6253132820129395,-0.06064363569021225,0.6922330856323242,0.7802780270576477,-0.09856857359409332,0.6690312027931213,0.8292181491851807,-0.10486289858818054,0.6583775877952576,0.8291043639183044,-0.10433582216501236,0.7447973489761353,0.6520635485649109,-0.06254735589027405,0.7290636301040649,0.8093712329864502,-0.0906032919883728,0.7062797546386719,0.8223485350608826,-0.07579414546489716,0.6968473792076111,0.7976401448249817,-0.06093893572688103,0.7762531042098999,0.6952574253082275,-0.06920747458934784,0.7579401135444641,0.8109731674194336,-0.09589367359876633,0.7386391162872314,0.8190701603889465,-0.09107096493244171,0.7318599820137024,0.7910508513450623,-0.08046797662973404,fullstop
0.713355302810669,0.7835527658462524,-2.785293133911182e-07,0.6804587244987488,0.7854129672050476,-0.03180428594350815,0.6485778093338013,0.7811161875724792,-0.05756975710391998,0.6478548049926758,0.8088230490684509,-0.07940556854009628,0.6669062376022339,0.8207499980926514,-0.09935985505580902,0.6570995450019836,0.6491929888725281,-0.05981136113405228,0.6535983681678772,0.6505393385887146,-0.10020225495100021,0.6398880481719971,0.6483200788497925,-0.12965814769268036,0.6275315284729004,0.6495968699455261,-0.14785628020763397,0.7006845474243164,0.622107982635498,-0.05807456746697426,0.6900787949562073,0.783928394317627,-0.09429048746824265,0.6701154112815857,0.8314341306686401,-0.10153258591890335,0.6615670323371887,0.8343204855918884,-0.10263194888830185,0.74177086353302,0.6451010704040527,-0.05979736149311066,0.7293215394020081,0.8104228973388672,-0.08581174165010452,0.7086164951324463,0.8215934038162231,-0.07229028642177582,0.6991976499557495,0.7984459400177002,-0.059515517204999924,0.7754559516906738,0.6843459606170654,-0.0662892758846283,0.7608326077461243,0.8059067726135254,-0.0913429856300354,0.7421590089797974,0.8165553212165833,-0.08701760321855545,0.7340421080589294,0.7913052439689636,-0.0776013433933258,fullstop
0.7135955095291138,0.7913928031921387,-2.414721791410557e-07,0.6819468140602112,0.7910810708999634,-0.03109133057296276,0.6526326537132263,0.7853220105171204,-0.05626232922077179,0.6491096615791321,0.8178108334541321,-0.07802625745534897,0.6618776321411133,0.8373772501945496,-0.09846988320350647,0.6577356457710266,0.6499534845352173,-0.05692336708307266,0.6509616374969482,0.6445738077163696,-0.09675009548664093,0.6365742683410645,0.6430891752243042,-0.12534977495670319,0.624258279800415,0.6451892852783203,-0.1429058462381363,0.7005924582481384,0.6230412125587463,-0.05582432076334953,0.6899169087409973,0.7736800312995911,-0.09223728626966476,0.6702818274497986,0.8259159922599792,-0.09934607893228531,0.6621781587600708,0.8298594951629639,-0.0997074618935585,0.7407975196838379,0.6483848690986633,-0.058444347232580185,0.7257298827171326,0.8029013872146606,-0.08502022922039032,0.7030590772628784,0.8217417001724243,-0.07216259092092514,0.6930646300315857,0.8018781542778015,-0.059224434196949005,0.7728274464607239,0.6896318197250366,-0.06561250239610672,0.7553799152374268,0.8049279451370239,-0.090418741106987,0.735000729560852,0.8189780116081238,-0.0865333303809166,0.7261831760406494,0.7967178821563721,-0.07722563296556473,fullstop
0.7150965929031372,0.7861677408218384,-1.9714528320946556e-07,0.6812117695808411,0.7905163168907166,-0.03398545831441879,0.6489220857620239,0.7854143381118774,-0.06183382868766785,0.6476236581802368,0.8205667734146118,-0.08561735600233078,0.6678733229637146,0.8430126309394836,-0.10788436979055405,0.6563336253166199,0.6502019166946411,-0.06444162130355835,0.6518487334251404,0.6507014036178589,-0.10815206915140152,0.642175018787384,0.6451811194419861,-0.13999439775943756,0.6338365077972412,0.6414793133735657,-0.1596744805574417,0.700742781162262,0.6222593188285828,-0.062326040118932724,0.6890941262245178,0.7819280028343201,-0.10060929507017136,0.67015141248703,0.8289417624473572,-0.10712751746177673,0.6616692543029785,0.8313766717910767,-0.10716670006513596,0.7423489093780518,0.646802544593811,-0.06405059248209,0.7271578907966614,0.8083178400993347,-0.09109371155500412,0.7075334191322327,0.8202440738677979,-0.07522015273571014,0.700096607208252,0.7966265082359314,-0.060160622000694275,0.7757890820503235,0.6876435279846191,-0.07086122781038284,0.7586408853530884,0.8064179420471191,-0.09663831442594528,0.7397236824035645,0.8180164098739624,-0.09132799506187439,0.7327808141708374,0.7927855849266052,-0.08052648603916168,fullstop
0.7162612080574036,0.7762232422828674,-1.8336676532726415e-07,0.6827470660209656,0.7805570363998413,-0.03396174684166908,0.6505261659622192,0.7785753011703491,-0.061602868139743805,0.6497330069541931,0.8119140863418579,-0.08477675914764404,0.6695857644081116,0.8265383243560791,-0.10645260661840439,0.6573680639266968,0.6480957865715027,-0.0675864890217781,0.6550119519233704,0.6509612798690796,-0.11133486032485962,0.644240140914917,0.6414517164230347,-0.14307937026023865,0.6342300176620483,0.6330170035362244,-0.16272999346256256,0.7020592093467712,0.6193780899047852,-0.06526904553174973,0.690037727355957,0.7824786901473999,-0.10335404425859451,0.6699411273002625,0.8233145475387573,-0.10941395908594131,0.6619535088539124,0.821977972984314,-0.1092788577079773,0.7439912557601929,0.6434032917022705,-0.0664447620511055,0.7265417575836182,0.8094375133514404,-0.0934692919254303,0.7060908675193787,0.8147119879722595,-0.07686958461999893,0.6983538866043091,0.7891120314598083,-0.06129636615514755,0.7772058844566345,0.6843785643577576,-0.07272425293922424,0.7575096487998962,0.8053404092788696,-0.09929400682449341,0.7398644089698792,0.8058409094810486,-0.09390773624181747,0.7338669896125793,0.7728503346443176,-0.08284600079059601,fullstop
0.7143690586090088,0.7799429893493652,-2.399197569502576e-07,0.679826021194458,0.7838385105133057,-0.03379422426223755,0.6502514481544495,0.7822112441062927,-0.06159702688455582,0.649777889251709,0.8169586062431335,-0.0852430909872055,0.6662967801094055,0.8328254818916321,-0.10736092925071716,0.6596996188163757,0.6507392525672913,-0.0662035122513771,0.6551177501678467,0.6518610715866089,-0.11040777713060379,0.6433417797088623,0.6413392424583435,-0.1410754919052124,0.6331876516342163,0.6358606815338135,-0.1592533141374588,0.7055551409721375,0.62480628490448,-0.06375846266746521,0.6902745962142944,0.7912266254425049,-0.10161470621824265,0.669158399105072,0.835546612739563,-0.10537510365247726,0.6606369018554688,0.8300964832305908,-0.10320202261209488,0.7469958066940308,0.6504449844360352,-0.0652010589838028,0.7255988717079163,0.8156843781471252,-0.09272443503141403,0.7043195962905884,0.8209419846534729,-0.07481595128774643,0.6964387893676758,0.7915388345718384,-0.058085039258003235,0.7787114977836609,0.6913579106330872,-0.07163254916667938,0.7552952766418457,0.8137151002883911,-0.09866150468587875,0.7361710071563721,0.8153838515281677,-0.0927424430847168,0.729820728302002,0.7816640734672546,-0.08108223974704742,fullstop
0.7144502997398376,0.7760923504829407,-1.7535199958729208e-07,0.6784436106681824,0.7795032858848572,-0.035188622772693634,0.6481134295463562,0.7757872343063354,-0.06248583644628525,0.6491206884384155,0.8121764659881592,-0.08519302308559418,0.6694425344467163,0.8326942920684814,-0.10655497759580612,0.6626068353652954,0.6463674306869507,-0.06511682271957397,0.6550796627998352,0.6545222401618958,-0.10815451294183731,0.6429799199104309,0.645315408706665,-0.14001207053661346,0.6335382461547852,0.637969970703125,-0.15940633416175842,0.707909882068634,0.6253960728645325,-0.06188664957880974,0.6897912621498108,0.7970353364944458,-0.09876590222120285,0.6702145934104919,0.8276540040969849,-0.10618575662374496,0.66364985704422,0.816523551940918,-0.1072118729352951,0.7485635876655579,0.6561317443847656,-0.0623042918741703,0.7248769998550415,0.8224895596504211,-0.08942948281764984,0.7064605951309204,0.8178642392158508,-0.07527165114879608,0.7010074853897095,0.7856400012969971,-0.06090869382023811,0.7784128189086914,0.7009124755859375,-0.0677332952618599,0.7535939812660217,0.8225324749946594,-0.09504982084035873,0.7377925515174866,0.8145203590393066,-0.09076229482889175,0.7343583703041077,0.7757087349891663,-0.08010991662740707,fullstop
0.7182745337486267,0.7831366062164307,-1.5810205411526113e-07,0.6885685324668884,0.783627986907959,-0.033248040825128555,0.6605921387672424,0.7823271751403809,-0.06127108633518219,0.6560758948326111,0.8217276930809021,-0.0853949561715126,0.6660308837890625,0.8522549867630005,-0.10872779041528702,0.6624059081077576,0.6566413044929504,-0.06394834816455841,0.6584097743034363,0.6590616106987,-0.10712553560733795,0.6454375982284546,0.6503807902336121,-0.13817927241325378,0.6338807344436646,0.6453770399093628,-0.15703453123569489,0.7050461769104004,0.630247950553894,-0.06211254373192787,0.6935402750968933,0.7846591472625732,-0.09887604415416718,0.6757210493087769,0.8287753462791443,-0.10422112047672272,0.6693486571311951,0.8243111968040466,-0.10357756167650223,0.7453234195709229,0.6551449298858643,-0.06398763507604599,0.7293779850006104,0.808750331401825,-0.09055837243795395,0.7096041440963745,0.8196010589599609,-0.07504619657993317,0.7022701501846313,0.795609176158905,-0.06031671538949013,0.7771420478820801,0.6965014338493347,-0.07073783129453659,0.7584888339042664,0.8093310594558716,-0.09602467715740204,0.7406200170516968,0.8143359422683716,-0.09065689891576767,0.7346862554550171,0.7858840227127075,-0.08017204701900482,fullstop
0.7175025939941406,0.7816953659057617,-1.7191209167322086e-07,0.6819466948509216,0.7867382168769836,-0.037905532866716385,0.6515570878982544,0.7825633883476257,-0.068382628262043,0.6523810029029846,0.8186485767364502,-0.09390748292207718,0.6726330518722534,0.8346832394599915,-0.11809374392032623,0.6614028811454773,0.6500987410545349,-0.07342863082885742,0.6559240221977234,0.653563380241394,-0.122420534491539,0.6451810002326965,0.6511630415916443,-0.1569885015487671,0.6365106105804443,0.6505892872810364,-0.17761199176311493,0.7057998180389404,0.6283355355262756,-0.07011304795742035,0.6905859112739563,0.7865678071975708,-0.11221891641616821,0.6681225299835205,0.833967924118042,-0.11883336305618286,0.6584405899047852,0.8339399695396423,-0.1182292029261589,0.7471573948860168,0.6581789255142212,-0.07089865952730179,0.7276725172996521,0.8163437843322754,-0.1018359512090683,0.7059475183486938,0.8261890411376953,-0.0843459740281105,0.6976119875907898,0.7997446060180664,-0.0671154260635376,0.7781876921653748,0.7031964659690857,-0.07687380164861679,0.7558085918426514,0.819588303565979,-0.1063758134841919,0.7375284433364868,0.8221881985664368,-0.10047628730535507,0.732449471950531,0.7879891991615295,-0.08822356909513474,fullstop
0.7221629023551941,0.7799465656280518,-2.132772749519063e-07,0.6917491555213928,0.7881647944450378,-0.032570354640483856,0.664008378982544,0.792298436164856,-0.05985637381672859,0.6593471169471741,0.8275731801986694,-0.08307591825723648,0.6665059924125671,0.8508343696594238,-0.10526850074529648,0.6699132323265076,0.6579291820526123,-0.061966415494680405,0.6589326858520508,0.6626756191253662,-0.10286738723516464,0.6431490778923035,0.6558132767677307,-0.13308200240135193,0.6289883255958557,0.6495584845542908,-0.15214480459690094,0.7104770541191101,0.6329829692840576,-0.06015589088201523,0.6979777812957764,0.7897071838378906,-0.0952705442905426,0.6809559464454651,0.8314828872680664,-0.10212867707014084,0.6743713021278381,0.8249355554580688,-0.103924460709095,0.7488235831260681,0.6578052639961243,-0.061891745775938034,0.7332632541656494,0.8125435709953308,-0.08693351596593857,0.714188277721405,0.8224111199378967,-0.07413700968027115,0.7064223289489746,0.7973403334617615,-0.0626041442155838,0.7788313627243042,0.6969984769821167,-0.06840483099222183,0.7618584036827087,0.8111364245414734,-0.09319088608026505,0.7457179427146912,0.8159109950065613,-0.09010838717222214,0.7403466701507568,0.7854204177856445,-0.08221873641014099,fullstop
0.7168214321136475,0.7914248108863831,-2.0515496146344958e-07,0.6822533011436462,0.7873949408531189,-0.03303317353129387,0.6496838927268982,0.7768104076385498,-0.059647321701049805,0.6408761143684387,0.7935954928398132,-0.08197607100009918,0.6550166010856628,0.7961506843566895,-0.1024690568447113,0.6584046483039856,0.6510024666786194,-0.06432045996189117,0.6529198288917542,0.6561126112937927,-0.10863234102725983,0.6435059905052185,0.6511965394020081,-0.14068105816841125,0.6360421180725098,0.648048996925354,-0.16016004979610443,0.7032403349876404,0.6276775598526001,-0.06249615550041199,0.6907752156257629,0.7913417220115662,-0.10126908868551254,0.6700443625450134,0.831712543964386,-0.10884759575128555,0.6597400903701782,0.8289048671722412,-0.10962699353694916,0.7455390095710754,0.6560761332511902,-0.06419327855110168,0.727613091468811,0.8210657835006714,-0.09298955649137497,0.7086406350135803,0.8266582489013672,-0.0775005966424942,0.7007257342338562,0.8000012040138245,-0.06230589374899864,0.7784466743469238,0.699403703212738,-0.0706263929605484,0.7570981979370117,0.8197941184043884,-0.09752708673477173,0.7394789457321167,0.8219332695007324,-0.09171825647354126,0.7332108020782471,0.7889955043792725,-0.08030082285404205,fullstop
0.7155783176422119,0.7965209484100342,-2.5445524443057366e-07,0.6805802583694458,0.7939029335975647,-0.031684424728155136,0.648200511932373,0.7823649644851685,-0.05746777728199959,0.6460294723510742,0.8082447648048401,-0.0800451934337616,0.6674961447715759,0.8219990134239197,-0.10081034898757935,0.6605477333068848,0.650959849357605,-0.057733114808797836,0.6532189249992371,0.6471133232116699,-0.09978340566158295,0.6428217887878418,0.6466428637504578,-0.1283712536096573,0.6354815363883972,0.6480998396873474,-0.14527083933353424,0.703912079334259,0.6270761489868164,-0.05667334422469139,0.6895979046821594,0.7800956964492798,-0.09335039556026459,0.6699581742286682,0.833578884601593,-0.09783588349819183,0.6628584861755371,0.8312328457832336,-0.09594247490167618,0.7442651987075806,0.6542598605155945,-0.05980253964662552,0.7270272374153137,0.8134268522262573,-0.08779119700193405,0.7044646143913269,0.8315495252609253,-0.07228556275367737,0.6953368782997131,0.8065901398658752,-0.056751806288957596,0.7772652506828308,0.696504533290863,-0.06757226586341858,0.757377564907074,0.8132463097572327,-0.09283555299043655,0.7374403476715088,0.8275893330574036,-0.0870356634259224,0.7304510474205017,0.8028743267059326,-0.0758487731218338,fullstop
0.7133161425590515,0.7921326160430908,-2.54056942594616e-07,0.6782575845718384,0.7898381352424622,-0.03171747922897339,0.6478135585784912,0.7795848846435547,-0.05722259357571602,0.6448665261268616,0.7981383800506592,-0.07887917757034302,0.6610232591629028,0.8023281097412109,-0.09875722974538803,0.6608925461769104,0.6472753882408142,-0.05975162982940674,0.655862033367157,0.6452189087867737,-0.10202454775571823,0.6451998949050903,0.6419920921325684,-0.13222935795783997,0.6368604302406311,0.6440176367759705,-0.15011824667453766,0.7062811255455017,0.6242936253547668,-0.058226872235536575,0.6929829120635986,0.7834824323654175,-0.09520786255598068,0.6703147292137146,0.8315593600273132,-0.10145679116249084,0.6600148677825928,0.835045576095581,-0.10108540952205658,0.7472897171974182,0.6540514230728149,-0.06047562137246132,0.7275193929672241,0.8166780471801758,-0.08777165412902832,0.7050853371620178,0.8276029229164124,-0.07269565016031265,0.6956213116645813,0.8035898208618164,-0.05783170834183693,0.7790024876594543,0.6984431147575378,-0.06735461205244064,0.7567703723907471,0.8173800110816956,-0.09241833537817001,0.7361947894096375,0.8255910277366638,-0.08633972704410553,0.7279777526855469,0.7985581159591675,-0.07495001703500748,fullstop
0.7180542945861816,0.7810664772987366,-1.7332514801182697e-07,0.6854874491691589,0.7900183200836182,-0.038811828941106796,0.6585217714309692,0.7887716293334961,-0.0703427717089653,0.6577309370040894,0.8177657127380371,-0.09677242487668991,0.6683838963508606,0.8329013586044312,-0.12196756154298782,0.6648262739181519,0.648076057434082,-0.07515077292919159,0.6591658592224121,0.646083414554596,-0.12463295459747314,0.648072361946106,0.6381521821022034,-0.16027460992336273,0.6381450891494751,0.6335684657096863,-0.18169783055782318,0.7080754041671753,0.6217039227485657,-0.07103971391916275,0.6939929127693176,0.7787256836891174,-0.11276201158761978,0.672926664352417,0.8257138729095459,-0.1194121390581131,0.6648421287536621,0.823823869228363,-0.11943463981151581,0.7479880452156067,0.6482800841331482,-0.07110825181007385,0.7308694124221802,0.8054171800613403,-0.10114369541406631,0.7097216248512268,0.8182793259620667,-0.08451563119888306,0.7029179334640503,0.7945166230201721,-0.06875558942556381,0.7791978716850281,0.6908261775970459,-0.0765482485294342,0.759312629699707,0.8066097497940063,-0.10418004542589188,0.7411190271377563,0.8144710659980774,-0.09863529354333878,0.7372003197669983,0.7853283286094666,-0.08761703222990036,fullstop
0.7190368175506592,0.7785996198654175,-2.403270684681047e-07,0.6857753992080688,0.7790511846542358,-0.032387737184762955,0.6552348732948303,0.7745629549026489,-0.058171454817056656,0.65205317735672,0.8084698915481567,-0.0799998790025711,0.6688739657402039,0.8263298273086548,-0.10027920454740524,0.6634254455566406,0.6464278101921082,-0.061354972422122955,0.6570706963539124,0.6525025367736816,-0.10470618307590485,0.6457042694091797,0.648859441280365,-0.13560326397418976,0.6364458799362183,0.6492205262184143,-0.15366394817829132,0.7080562710762024,0.6248048543930054,-0.05908723175525665,0.69203782081604,0.796265184879303,-0.0964946523308754,0.6723992824554443,0.8379902839660645,-0.10201511532068253,0.663905143737793,0.834823489189148,-0.10078515112400055,0.749313473701477,0.6552286148071289,-0.06062334403395653,0.7271649241447449,0.821892499923706,-0.08832085877656937,0.7088254690170288,0.8236417770385742,-0.07245443761348724,0.7015712261199951,0.7936986088752747,-0.05625612661242485,0.7802774906158447,0.6998568177223206,-0.06682487577199936,0.7562752962112427,0.8216283917427063,-0.09356217086315155,0.7388536930084229,0.8197274804115295,-0.08794041723012924,0.7327134609222412,0.7837369441986084,-0.07597731053829193,fullstop
0.7171686291694641,0.7890552878379822,-1.9574869725147437e-07,0.6837392449378967,0.7943989038467407,-0.03998696804046631,0.6552193760871887,0.7867226600646973,-0.07276120036840439,0.6561773419380188,0.811781644821167,-0.10062563419342041,0.6718884706497192,0.8302322030067444,-0.1273757517337799,0.6618092060089111,0.6525448560714722,-0.07499762624502182,0.6598647236824036,0.6454597115516663,-0.12532863020896912,0.649543821811676,0.6413787603378296,-0.1610947847366333,0.6404916048049927,0.6433684825897217,-0.18256664276123047,0.7057667970657349,0.6240622401237488,-0.07120484858751297,0.6969829797744751,0.7735782265663147,-0.11516431719064713,0.6713553071022034,0.830713152885437,-0.12323527038097382,0.6587032675743103,0.8354232311248779,-0.12418386340141296,0.746284544467926,0.6474343538284302,-0.07182416319847107,0.7339954376220703,0.8014560341835022,-0.10465163737535477,0.7069345712661743,0.8257132768630981,-0.09055916965007782,0.694263219833374,0.8091147541999817,-0.07688388973474503,0.7779967188835144,0.687050998210907,-0.07768987119197845,0.7624448537826538,0.8022363781929016,-0.10693102329969406,0.7395628094673157,0.822035014629364,-0.10293442755937576,0.7299311757087708,0.8038394451141357,-0.0936979129910469,fullstop
0.7226321697235107,0.7933714985847473,-1.6643602407384606e-07,0.6905695796012878,0.7945908308029175,-0.03316715732216835,0.6613664627075195,0.790162980556488,-0.06028589978814125,0.6550514101982117,0.8139307498931885,-0.08338560909032822,0.6691434979438782,0.8249161243438721,-0.10512576252222061,0.6646262407302856,0.6561424732208252,-0.061866894364356995,0.6547467708587646,0.6619974374771118,-0.10439033061265945,0.6483455896377563,0.6542951464653015,-0.1358078420162201,0.6447230577468872,0.6421676278114319,-0.1555987000465393,0.7074099183082581,0.6348569393157959,-0.06037718430161476,0.692813515663147,0.794636070728302,-0.09802123159170151,0.6747068166732788,0.8383310437202454,-0.10609034448862076,0.6670953035354614,0.8319626450538635,-0.10782701522111893,0.7480980753898621,0.6655611991882324,-0.06250745058059692,0.728262186050415,0.8233963847160339,-0.09093449264764786,0.708262026309967,0.8318300843238831,-0.07779669761657715,0.6998624205589294,0.8039580583572388,-0.06461909413337708,0.7803162336349487,0.7119085192680359,-0.06920463591814041,0.7575858235359192,0.8257254362106323,-0.09558558464050293,0.7399111986160278,0.8249133229255676,-0.09110650420188904,0.7336505651473999,0.7890516519546509,-0.08124012500047684,fullstop
0.7188606262207031,0.7955541610717773,-2.685324602680339e-07,0.6844770908355713,0.7980185747146606,-0.03395070135593414,0.6514660120010376,0.7906199097633362,-0.061437636613845825,0.6465299725532532,0.8105114698410034,-0.08501452207565308,0.6644098162651062,0.8168587684631348,-0.10657716542482376,0.6633409857749939,0.6559311151504517,-0.06211916729807854,0.6597917675971985,0.6554973721504211,-0.10602206736803055,0.6499906182289124,0.6527939438819885,-0.13678117096424103,0.6408907771110535,0.6525800228118896,-0.15507514774799347,0.7073329091072083,0.6321421265602112,-0.06001928821206093,0.6982210874557495,0.7923157811164856,-0.09773784875869751,0.6758528351783752,0.839958131313324,-0.10347722470760345,0.6647895574569702,0.8353466987609863,-0.10324913263320923,0.7483587265014648,0.6589685678482056,-0.062036432325839996,0.7350279688835144,0.8209604024887085,-0.0909324586391449,0.7116588950157166,0.8355214595794678,-0.07539532333612442,0.7005767226219177,0.8116148710250854,-0.060314856469631195,0.781686007976532,0.7008396983146667,-0.06889044493436813,0.7654256224632263,0.8169476985931396,-0.0959145575761795,0.7473781704902649,0.8245200514793396,-0.09072145819664001,0.7409641146659851,0.7945658564567566,-0.0799415335059166,fullstop
0.7155552506446838,0.7902346253395081,-1.7295562315666757e-07,0.6791639924049377,0.7940753102302551,-0.04008261114358902,0.6501081585884094,0.7820546627044678,-0.07234149426221848,0.6516321897506714,0.80185866355896,-0.0994613990187645,0.6688795685768127,0.8127367496490479,-0.12533704936504364,0.6621081829071045,0.6519296765327454,-0.07733411341905594,0.6596318483352661,0.6550179719924927,-0.1277620643377304,0.6520887017250061,0.648395836353302,-0.16345949470996857,0.6458496451377869,0.6438463926315308,-0.1848827749490738,0.7082691192626953,0.626919686794281,-0.07356910407543182,0.6989784836769104,0.7866827249526978,-0.1172250509262085,0.672924280166626,0.8357042074203491,-0.12484892457723618,0.6591825485229492,0.8368018865585327,-0.125370055437088,0.749717116355896,0.655181884765625,-0.07400305569171906,0.7332668304443359,0.8134555816650391,-0.1062752977013588,0.7062949538230896,0.8290905356407166,-0.08995150774717331,0.6935006380081177,0.8081941604614258,-0.07407642900943756,0.7809367775917053,0.6985486745834351,-0.07982628047466278,0.7604160308837891,0.8141357898712158,-0.10891155153512955,0.7373330593109131,0.825232982635498,-0.1033240482211113,0.7281634211540222,0.8008165955543518,-0.09206531941890717,fullstop
0.7193921804428101,0.7977511882781982,-1.9337289813847747e-07,0.6796668767929077,0.7987738847732544,-0.036992285400629044,0.6465474367141724,0.7881340980529785,-0.06621458381414413,0.6457878351211548,0.8115392327308655,-0.09055087715387344,0.6691048741340637,0.8199946880340576,-0.1135563850402832,0.6660552620887756,0.6650048494338989,-0.07243811339139938,0.6618379950523376,0.6733134984970093,-0.11993848532438278,0.6553720235824585,0.6682252287864685,-0.15404202044010162,0.6499661207199097,0.6606543064117432,-0.17453093826770782,0.7128730416297913,0.6442815065383911,-0.06913210451602936,0.6962507367134094,0.8120414614677429,-0.10952294617891312,0.6717997789382935,0.8516041040420532,-0.11699473112821579,0.6598514914512634,0.8433216214179993,-0.11782815307378769,0.7542009353637695,0.6747395396232605,-0.06953929364681244,0.7294255495071411,0.8361393809318542,-0.09933913499116898,0.7053793668746948,0.8429061770439148,-0.0831482857465744,0.6951361894607544,0.8167297840118408,-0.0671914666891098,0.7839188575744629,0.7197661995887756,-0.07510188966989517,0.7578258514404297,0.8358529210090637,-0.10392538458108902,0.735931932926178,0.8360838294029236,-0.09858344495296478,0.7272695899009705,0.8049747347831726,-0.0869077742099762,fullstop
0.7148726582527161,0.8031138181686401,-2.5342254161841993e-07,0.6786413788795471,0.808045506477356,-0.03707265481352806,0.6467713117599487,0.7959504127502441,-0.06579640507698059,0.6477143168449402,0.8165029287338257,-0.0899183601140976,0.6718761920928955,0.8229393362998962,-0.11198906600475311,0.6587498188018799,0.6607859134674072,-0.06720053404569626,0.6537767648696899,0.6579369306564331,-0.112168088555336,0.6444833874702454,0.6548506021499634,-0.1438700258731842,0.6384578943252563,0.6526032090187073,-0.16305817663669586,0.7043207287788391,0.6335871815681458,-0.06368991732597351,0.6938794255256653,0.7943485975265503,-0.10318635404109955,0.6696718335151672,0.8434404134750366,-0.1099131852388382,0.6593140363693237,0.8403903245925903,-0.1103399470448494,0.7452800273895264,0.6599671840667725,-0.06442338973283768,0.7281904220581055,0.8219143152236938,-0.09415049105882645,0.702298641204834,0.8370876908302307,-0.07966796308755875,0.6917375326156616,0.8128328323364258,-0.06555445492267609,0.7777845859527588,0.7018934488296509,-0.07025725394487381,0.7568691968917847,0.8191221952438354,-0.09707514941692352,0.7338325381278992,0.8303446173667908,-0.09224516153335571,0.7252047657966614,0.8056782484054565,-0.0821627527475357,fullstop
0.7115135788917542,0.8120907545089722,-3.2371505653827626e-07,0.6757093667984009,0.8160905241966248,-0.033757928758859634,0.6434054374694824,0.802851676940918,-0.0599101260304451,0.6477396488189697,0.8159637451171875,-0.08225034177303314,0.6761460900306702,0.8164931535720825,-0.10199380666017532,0.6573108434677124,0.6691381931304932,-0.059634461998939514,0.6552477478981018,0.6640934348106384,-0.1024283692240715,0.647848904132843,0.663219690322876,-0.1311465948820114,0.6409106254577637,0.6648126840591431,-0.1481812596321106,0.701850414276123,0.640438437461853,-0.05687000975012779,0.6973695158958435,0.7963199615478516,-0.09453120082616806,0.6746594309806824,0.850421667098999,-0.09900551289319992,0.6625335812568665,0.8467052578926086,-0.09772493690252304,0.7432243824005127,0.6615584492683411,-0.05858389288187027,0.7367419600486755,0.8224959969520569,-0.08797801285982132,0.7130657434463501,0.8416298627853394,-0.07333891838788986,0.700901210308075,0.8164857625961304,-0.05910347029566765,0.7774738669395447,0.6981742978096008,-0.06508053094148636,0.7671131491661072,0.8171637654304504,-0.09288585186004639,0.7467504143714905,0.8342239856719971,-0.08923415094614029,0.7372320890426636,0.8106778860092163,-0.07981675118207932,fullstop
0.7209334373474121,0.8015226125717163,-2.3562843409763445e-07,0.686485767364502,0.8114951848983765,-0.03346182778477669,0.6556389927864075,0.8124993443489075,-0.06239047646522522,0.6558822393417358,0.8504424691200256,-0.08764446526765823,0.6745724678039551,0.8724476099014282,-0.1118336096405983,0.6627263426780701,0.6676343083381653,-0.06319691240787506,0.6577011346817017,0.6666290760040283,-0.10626953840255737,0.6477416753768921,0.6677795648574829,-0.13694854080677032,0.6395392417907715,0.6702154874801636,-0.1560829132795334,0.7053828835487366,0.6394959688186646,-0.06216691806912422,0.6999209523200989,0.7925060391426086,-0.10005862265825272,0.6771305799484253,0.8572399020195007,-0.10712206363677979,0.6652976274490356,0.8597922325134277,-0.10850869119167328,0.7459330558776855,0.6633402109146118,-0.0650087371468544,0.7368698120117188,0.8172203302383423,-0.09219536185264587,0.7089875340461731,0.8475261330604553,-0.07898950576782227,0.6941300630569458,0.8282122611999512,-0.06715689599514008,0.7779431939125061,0.7038824558258057,-0.0725841224193573,0.7645387649536133,0.8202639222145081,-0.09758411347866058,0.7416466474533081,0.8444337248802185,-0.09334688633680344,0.7306914329528809,0.8255099058151245,-0.08474230021238327,fullstop
0.7146671414375305,0.7993996739387512,-2.7414458259045205e-07,0.6766457557678223,0.8036627769470215,-0.03532273322343826,0.6452957391738892,0.7926997542381287,-0.06297927349805832,0.6477530002593994,0.8142370581626892,-0.08670630306005478,0.6755762696266174,0.8189010620117188,-0.10769296437501907,0.6623784899711609,0.6571473479270935,-0.06321625411510468,0.6580241918563843,0.6580708622932434,-0.11019481718540192,0.6502350568771362,0.6585952639579773,-0.14116527140140533,0.6458092331886292,0.6622077226638794,-0.15816017985343933,0.7091949582099915,0.6347418427467346,-0.05969956889748573,0.7004786729812622,0.8044738173484802,-0.09882429987192154,0.6774978637695312,0.8466807007789612,-0.1008044108748436,0.6664414405822754,0.8335729837417603,-0.09601135551929474,0.7508884072303772,0.6635686159133911,-0.06108597293496132,0.7342865467071533,0.8297898769378662,-0.09066300094127655,0.7117769122123718,0.8331547379493713,-0.0698295384645462,0.7021955251693726,0.7997460961341858,-0.04926842451095581,0.7820503115653992,0.706298828125,-0.06778021901845932,0.7621990442276001,0.8277096152305603,-0.09683210402727127,0.7420600056648254,0.8286833763122559,-0.08988167345523834,0.7348262071609497,0.7937447428703308,-0.0756206288933754,fullstop
0.7179973125457764,0.8111670017242432,-3.1183651572064264e-07,0.678238034248352,0.813630998134613,-0.033564649522304535,0.6445688605308533,0.7983283400535583,-0.05924166738986969,0.6494794487953186,0.8092499375343323,-0.08100716024637222,0.6788649559020996,0.8041224479675293,-0.10028163343667984,0.6609593033790588,0.6670922040939331,-0.06339249014854431,0.6584149599075317,0.6570925712585449,-0.10850691050291061,0.6538082957267761,0.6592128872871399,-0.13812677562236786,0.651500403881073,0.6649467945098877,-0.15474100410938263,0.7084065675735474,0.6406168937683105,-0.06062360852956772,0.6972323060035706,0.8077038526535034,-0.09946612268686295,0.6741198301315308,0.858241081237793,-0.10364425182342529,0.6625568866729736,0.8533703088760376,-0.10133921355009079,0.7513765096664429,0.6672086119651794,-0.0621393583714962,0.7326062321662903,0.8322550058364868,-0.09160196036100388,0.7086293697357178,0.8469991683959961,-0.07428503036499023,0.6975497007369995,0.8219167590141296,-0.05724864453077316,0.7846225500106812,0.7078096866607666,-0.0685180276632309,0.7621074318885803,0.8285234570503235,-0.09726805984973907,0.7385669350624084,0.8423113822937012,-0.09185363352298737,0.728016197681427,0.8194839954376221,-0.07968342304229736,fullstop
0.7223556041717529,0.8087118864059448,-2.2553190603957773e-07,0.6851543188095093,0.8144239187240601,-0.03656923770904541,0.6540498733520508,0.8060747981071472,-0.06443192064762115,0.6565839648246765,0.8390771746635437,-0.08793902397155762,0.6814322471618652,0.8521025776863098,-0.10902119427919388,0.6662250757217407,0.6662143468856812,-0.06664299964904785,0.6575748920440674,0.6651384234428406,-0.11404941231012344,0.651887834072113,0.6660725474357605,-0.14581912755966187,0.6511274576187134,0.6650464534759521,-0.16348910331726074,0.7118048667907715,0.6412484049797058,-0.06265845149755478,0.7038451433181763,0.814132571220398,-0.10327897220849991,0.6846471428871155,0.8534631729125977,-0.10771207511425018,0.6762678623199463,0.8379488587379456,-0.1048642173409462,0.7534528374671936,0.6700699925422668,-0.06332337856292725,0.7359133362770081,0.8378912210464478,-0.09279822558164597,0.7132603526115417,0.8423876762390137,-0.074146568775177,0.7042129635810852,0.8089910745620728,-0.05537552759051323,0.7844005227088928,0.7131608724594116,-0.06940825283527374,0.7626585960388184,0.8345484137535095,-0.09782256186008453,0.7408705949783325,0.834428071975708,-0.09225955605506897,0.732175886631012,0.7991209626197815,-0.0793934166431427,fullstop
0.7238649129867554,0.8080412149429321,-2.3002540672223404e-07,0.6864230632781982,0.8125441074371338,-0.03627777472138405,0.6535921692848206,0.8011372685432434,-0.06468800455331802,0.6531651020050049,0.8214521408081055,-0.08927927166223526,0.6780149340629578,0.8338581919670105,-0.11118552088737488,0.6668720841407776,0.6702348589897156,-0.06343269348144531,0.6563169360160828,0.672483503818512,-0.11068657040596008,0.6535165905952454,0.6732383966445923,-0.1411389857530594,0.6558115482330322,0.6701979041099548,-0.15797272324562073,0.7106841206550598,0.6457009315490723,-0.060075193643569946,0.7039311528205872,0.8089820146560669,-0.10028247535228729,0.6816074848175049,0.8580442667007446,-0.10363290458917618,0.6696280241012573,0.8452423214912415,-0.10022646933794022,0.7516258955001831,0.673151433467865,-0.06172104924917221,0.738102912902832,0.8341826796531677,-0.09313961863517761,0.7133063077926636,0.851335883140564,-0.0758342444896698,0.7015454173088074,0.8264911770820618,-0.05802684649825096,0.7839204668998718,0.7150924801826477,-0.06848997622728348,0.7663102746009827,0.8336274027824402,-0.0975237563252449,0.7456971406936646,0.8415958881378174,-0.09294206649065018,0.7371693253517151,0.8135210871696472,-0.08135952800512314,fullstop
0.7187737226486206,0.8134773373603821,-2.677618908819568e-07,0.680160403251648,0.8200222253799438,-0.03477805107831955,0.6456931829452515,0.8149502277374268,-0.0630948394536972,0.6516222357749939,0.8439416289329529,-0.0875103771686554,0.681493878364563,0.8526155948638916,-0.10909294337034225,0.6576108932495117,0.6726154088973999,-0.06433974206447601,0.6556146740913391,0.6713455319404602,-0.10995012521743774,0.6496909856796265,0.6702224016189575,-0.13977080583572388,0.6449751257896423,0.6715899109840393,-0.15679161250591278,0.7053394317626953,0.6441237330436707,-0.061818551272153854,0.7003914713859558,0.8140831589698792,-0.10019391775131226,0.6788378357887268,0.8656095266342163,-0.10152646154165268,0.6669706702232361,0.8553929328918457,-0.09691769629716873,0.7493945956230164,0.6683134436607361,-0.06396414339542389,0.739526093006134,0.8393288254737854,-0.09308373183012009,0.7167898416519165,0.8515333533287048,-0.0719001442193985,0.7050697207450867,0.8194057941436768,-0.05192461237311363,0.7841528654098511,0.7080224752426147,-0.07140801101922989,0.769551694393158,0.835431694984436,-0.10062798112630844,0.7510663270950317,0.8441100120544434,-0.09367011487483978,0.7437887191772461,0.8113887906074524,-0.07988180220127106,fullstop
0.7175480127334595,0.8292461633682251,-3.142173170544993e-07,0.6772011518478394,0.8213713765144348,-0.030821476131677628,0.640648365020752,0.796045184135437,-0.05457932874560356,0.6385325193405151,0.7960609197616577,-0.0755222961306572,0.666713535785675,0.7947069406509399,-0.09370750933885574,0.6628319025039673,0.6722062230110168,-0.05369075387716293,0.6604265570640564,0.6627166867256165,-0.0934809073805809,0.6557106375694275,0.6628801822662354,-0.11865715682506561,0.6530516147613525,0.6676111221313477,-0.13268952071666718,0.7100281119346619,0.6473609209060669,-0.052324164658784866,0.6982168555259705,0.8099596500396729,-0.08873853832483292,0.6752252578735352,0.865578830242157,-0.09143485873937607,0.6643316149711609,0.8667250871658325,-0.08742222934961319,0.7517203092575073,0.6747257709503174,-0.055301208049058914,0.7325809597969055,0.8391293883323669,-0.08425723761320114,0.708264946937561,0.8565738201141357,-0.06874620169401169,0.6970595717430115,0.8352618217468262,-0.05247205123305321,0.7849985361099243,0.7171949148178101,-0.06279366463422775,0.7640058398246765,0.836479127407074,-0.08875498175621033,0.7413972616195679,0.8513816595077515,-0.0832311287522316,0.7309383153915405,0.8319779634475708,-0.07153299450874329,fullstop
0.7210975885391235,0.7948261499404907,-2.704093446936895e-07,0.6849365234375,0.8009718656539917,-0.03703846037387848,0.6537058353424072,0.7954292297363281,-0.06694833189249039,0.6537987589836121,0.8276368975639343,-0.09195172786712646,0.6748558282852173,0.8435178995132446,-0.11512617021799088,0.6683516502380371,0.658061683177948,-0.07153099775314331,0.6635685563087463,0.6654854416847229,-0.11831630021333694,0.6548673510551453,0.6589773893356323,-0.15046048164367676,0.6480616927146912,0.6547031998634338,-0.1692964732646942,0.7147501111030579,0.6355701088905334,-0.06796140223741531,0.6998482346534729,0.8053547739982605,-0.10971634089946747,0.6763288974761963,0.8546922206878662,-0.11468807607889175,0.6662730574607849,0.8553802967071533,-0.11256977915763855,0.7553150057792664,0.6640747785568237,-0.06845864653587341,0.7348926067352295,0.829952597618103,-0.09938132762908936,0.7107455730438232,0.8387176990509033,-0.08215569704771042,0.7012162208557129,0.8122777342796326,-0.0650111734867096,0.7866690158843994,0.706928551197052,-0.07408469915390015,0.7644771337509155,0.8269110321998596,-0.10268456488847733,0.7413033843040466,0.8352475166320801,-0.09698101133108139,0.7324532270431519,0.809132993221283,-0.08507073670625687,fullstop
0.7213033437728882,0.7869018912315369,-1.7328547130546212e-07,0.6869302988052368,0.7970982193946838,-0.037508636713027954,0.6571364402770996,0.7981300950050354,-0.0679849311709404,0.6573355197906494,0.8365172147750854,-0.0935300886631012,0.6753606796264648,0.8568957448005676,-0.11719977855682373,0.6650007367134094,0.6592682600021362,-0.0720607340335846,0.6594687700271606,0.6636683344841003,-0.12071596831083298,0.6527102589607239,0.6592652797698975,-0.154923215508461,0.6480370163917542,0.6565725207328796,-0.1748858541250229,0.7098388075828552,0.6346659660339355,-0.06798528879880905,0.6985922455787659,0.8041651248931885,-0.10934194177389145,0.6809366941452026,0.8455720543861389,-0.11499132961034775,0.6727945804595947,0.8398032188415527,-0.1136314645409584,0.7513213157653809,0.6615719795227051,-0.06809122860431671,0.7338825464248657,0.8264324069023132,-0.09731818735599518,0.7168218493461609,0.8286318182945251,-0.07914111018180847,0.7108597159385681,0.7959724068641663,-0.061460383236408234,0.7827872633934021,0.7029664516448975,-0.07354195415973663,0.7623032331466675,0.8244566917419434,-0.10121362656354904,0.7467216849327087,0.8238532543182373,-0.095001220703125,0.7428143620491028,0.7861683964729309,-0.08242391794919968,fullstop
0.7203012108802795,0.7788354158401489,-1.173559951439529e-07,0.6855258941650391,0.7885743379592896,-0.04050552472472191,0.6588138937950134,0.7904995679855347,-0.0743464007973671,0.6581194996833801,0.8255511522293091,-0.1025155708193779,0.6680559515953064,0.8461974859237671,-0.13008299469947815,0.6648761630058289,0.6520166397094727,-0.08216841518878937,0.6623261570930481,0.6594560146331787,-0.13447844982147217,0.6541815400123596,0.651801586151123,-0.17274066805839539,0.6455339193344116,0.6439639925956726,-0.1959078460931778,0.7096388936042786,0.6285755634307861,-0.07819568365812302,0.6998067498207092,0.7855608463287354,-0.12339595705270767,0.6757033467292786,0.831409215927124,-0.13232672214508057,0.6620571613311768,0.8331396579742432,-0.1334899216890335,0.7508661150932312,0.6558626294136047,-0.07793300598859787,0.7342820167541504,0.8101793527603149,-0.10969966650009155,0.7136651277542114,0.8201353549957275,-0.09275897592306137,0.7050474286079407,0.795604944229126,-0.07636747509241104,0.7808942794799805,0.6981492638587952,-0.0830729529261589,0.7613175511360168,0.8124278783798218,-0.11199449002742767,0.7441039085388184,0.8160774111747742,-0.10585478693246841,0.7394580841064453,0.7823228240013123,-0.09401918947696686,fullstop
0.7239299416542053,0.7802554368972778,-1.496782573440214e-07,0.693507969379425,0.7857444286346436,-0.033271338790655136,0.6665651798248291,0.7816658020019531,-0.06073248013854027,0.6616241931915283,0.8077677488327026,-0.08484125137329102,0.6684922575950623,0.8180360794067383,-0.1077805683016777,0.6726710200309753,0.6543067097663879,-0.06153456121683121,0.6650158762931824,0.6434974074363708,-0.10250402987003326,0.6518338918685913,0.6293843388557434,-0.13165219128131866,0.642034649848938,0.6171844005584717,-0.14998486638069153,0.7121768593788147,0.6290382146835327,-0.05948318913578987,0.7017396688461304,0.7802165746688843,-0.09584787487983704,0.6804264187812805,0.8226818442344666,-0.1009092777967453,0.6713742017745972,0.8131386041641235,-0.10038690268993378,0.7497763633728027,0.6548305153846741,-0.06137453764677048,0.7359098196029663,0.8044564723968506,-0.08788807690143585,0.7145897150039673,0.8151699304580688,-0.07231706380844116,0.7061181664466858,0.7923704981803894,-0.05797967314720154,0.7789525985717773,0.6959074139595032,-0.06828800588846207,0.7635709643363953,0.8029731512069702,-0.09490114450454712,0.7466641068458557,0.8081522583961487,-0.09102458506822586,0.7421796917915344,0.7810947299003601,-0.08148705214262009,fullstop
0.7221059203147888,0.778140664100647,-1.3282588895435765e-07,0.6921805739402771,0.7811803817749023,-0.03125571087002754,0.6655948758125305,0.7843470573425293,-0.059299249202013016,0.659248948097229,0.8175525665283203,-0.08400091528892517,0.6627565622329712,0.8394840955734253,-0.10832323879003525,0.6641292572021484,0.6508440971374512,-0.06350129097700119,0.6546807289123535,0.6470631957054138,-0.10616209357976913,0.6432297825813293,0.6359033584594727,-0.1377236545085907,0.633655309677124,0.6252275705337524,-0.15730071067810059,0.7048212885856628,0.6246224641799927,-0.06276975572109222,0.6892257928848267,0.7790294885635376,-0.10013817250728607,0.6689332723617554,0.8230879306793213,-0.10688582062721252,0.6595180630683899,0.8248246908187866,-0.10714470595121384,0.7442085146903992,0.6497541666030884,-0.06534593552350998,0.7243355512619019,0.802688479423523,-0.09209427237510681,0.7066788673400879,0.8118628263473511,-0.07685049623250961,0.7006664872169495,0.7908424139022827,-0.06208574026823044,0.77488774061203,0.690453827381134,-0.0725158229470253,0.7544944882392883,0.8002939224243164,-0.09738384932279587,0.7394845485687256,0.8051071763038635,-0.09139230102300644,0.7359230518341064,0.7765689492225647,-0.08017922937870026,fullstop
0.7250452041625977,0.7794352173805237,-1.5200819802885235e-07,0.6942866444587708,0.7816476821899414,-0.029394585639238358,0.6652707457542419,0.7844580411911011,-0.05503665283322334,0.6595700979232788,0.8176604509353638,-0.0773053988814354,0.6650288701057434,0.8432124257087708,-0.09904538094997406,0.6673628687858582,0.6511961221694946,-0.05869903042912483,0.6577271223068237,0.6468902230262756,-0.09546106308698654,0.6434450149536133,0.6362831592559814,-0.12360689043998718,0.6307635307312012,0.6250582933425903,-0.1423247754573822,0.7076280117034912,0.6238957047462463,-0.05848802998661995,0.6920644640922546,0.7722102403640747,-0.09105607122182846,0.6740578413009644,0.8166593313217163,-0.09856182336807251,0.6679587364196777,0.8192880153656006,-0.10132889449596405,0.7459714412689209,0.6481707692146301,-0.06116358935832977,0.7283297181129456,0.7984995245933533,-0.08418764173984528,0.7102882862091064,0.8113612532615662,-0.07298028469085693,0.7039341330528259,0.7938372492790222,-0.06314145028591156,0.7768276929855347,0.6888530254364014,-0.06827937066555023,0.7578733563423157,0.798252284526825,-0.09092876315116882,0.7414177656173706,0.8064002394676208,-0.08752024173736572,0.73521888256073,0.783854067325592,-0.07995375990867615,fullstop
0.7259722948074341,0.7799034714698792,-1.0582298415329205e-07,0.6954771280288696,0.7860410809516907,-0.03852725028991699,0.6694525480270386,0.7893348932266235,-0.07113175094127655,0.6640293598175049,0.8195938467979431,-0.09947311878204346,0.6663431525230408,0.847346842288971,-0.12732477486133575,0.6736348271369934,0.6581237316131592,-0.07121273130178452,0.663701593875885,0.6550796627998352,-0.11791596561670303,0.6494995355606079,0.6444783210754395,-0.15063606202602386,0.6377783417701721,0.6418399214744568,-0.1696491688489914,0.7132608890533447,0.6345824599266052,-0.06741717457771301,0.7014086842536926,0.782382071018219,-0.10545574128627777,0.6827595233917236,0.8185608983039856,-0.10997562855482101,0.6750041246414185,0.8080401420593262,-0.10842764377593994,0.7508257031440735,0.662679135799408,-0.06802988052368164,0.7331838607788086,0.808137059211731,-0.09683481603860855,0.7147150039672852,0.8126221895217896,-0.08133617043495178,0.7083322405815125,0.7913838624954224,-0.06572363525629044,0.7788198590278625,0.7051026821136475,-0.0738581195473671,0.7579774260520935,0.8107349872589111,-0.10182809084653854,0.7417278289794922,0.8069776892662048,-0.09780444204807281,0.7373118996620178,0.7768709063529968,-0.08743941783905029,fullstop
0.7261796593666077,0.7904308438301086,-1.0871166722381531e-07,0.6945352554321289,0.7965373992919922,-0.03191827982664108,0.6671283841133118,0.7988476753234863,-0.060332588851451874,0.6637531518936157,0.8308296799659729,-0.08536221086978912,0.669885516166687,0.8564562201499939,-0.10974884778261185,0.6671141386032104,0.6587842106819153,-0.061687957495450974,0.6578819751739502,0.6571450233459473,-0.1022210568189621,0.6494346857070923,0.6493056416511536,-0.13274462521076202,0.6431841850280762,0.6413087844848633,-0.1521446406841278,0.7071175575256348,0.6315926909446716,-0.06039649248123169,0.695598840713501,0.7872500419616699,-0.09508183598518372,0.6776254177093506,0.8278315663337708,-0.10169597715139389,0.6695406436920166,0.8257929086685181,-0.10277031362056732,0.7465683221817017,0.6553642749786377,-0.06246015802025795,0.7322793006896973,0.8110324144363403,-0.08633798360824585,0.7180572748184204,0.8168677091598511,-0.07134848833084106,0.7137788534164429,0.7934789657592773,-0.057751577347517014,0.7780667543411255,0.69493567943573,-0.06941749900579453,0.7614517211914062,0.8093284368515015,-0.09263896197080612,0.7490699291229248,0.8120284676551819,-0.08696608245372772,0.7460363507270813,0.7804728746414185,-0.0765257477760315,fullstop
0.7283564209938049,0.7830692529678345,-1.307063683952947e-07,0.697587251663208,0.7873159646987915,-0.032442208379507065,0.6725368499755859,0.7881514430046082,-0.06031428650021553,0.6677746772766113,0.820193350315094,-0.08444911241531372,0.6727501153945923,0.8451016545295715,-0.10763989388942719,0.6755287051200867,0.6553255915641785,-0.0617646798491478,0.6654088497161865,0.6583199501037598,-0.10375651717185974,0.6520339250564575,0.6502497792243958,-0.134637251496315,0.6415917873382568,0.6433408260345459,-0.15338440239429474,0.7142453789710999,0.6336774826049805,-0.059800535440444946,0.7021658420562744,0.7925688624382019,-0.0949496179819107,0.6860501170158386,0.8271992206573486,-0.10124023258686066,0.6808987855911255,0.8187345862388611,-0.1018536239862442,0.7516484260559082,0.6624638438224792,-0.06145051121711731,0.7331269979476929,0.8147149085998535,-0.08718264102935791,0.7179063558578491,0.8155710101127625,-0.07341411709785461,0.7143884897232056,0.7895734906196594,-0.05981547757983208,0.780532956123352,0.7044091820716858,-0.06775253266096115,0.7606182098388672,0.8119271993637085,-0.09282246977090836,0.7478092908859253,0.8054707646369934,-0.08837809413671494,0.7464606761932373,0.7699471712112427,-0.07831238955259323,fullstop
0.7257696986198425,0.7989803552627563,-1.8358740305757237e-07,0.6939206719398499,0.8041043877601624,-0.030156340450048447,0.6638476252555847,0.8043013215065002,-0.05609532818198204,0.659156322479248,0.836369514465332,-0.07862447202205658,0.6727588772773743,0.8589723110198975,-0.10055778920650482,0.6681599617004395,0.6628961563110352,-0.05558335781097412,0.6605757474899292,0.6575548648834229,-0.09192191809415817,0.6483430862426758,0.6537377834320068,-0.12013250589370728,0.6378613710403442,0.649121880531311,-0.139272540807724,0.7083933353424072,0.6383823156356812,-0.05546083301305771,0.6993057727813721,0.7757377028465271,-0.08804955333471298,0.6822429299354553,0.8277972936630249,-0.09712070226669312,0.6763551831245422,0.8292245864868164,-0.1013607531785965,0.746781051158905,0.6639034152030945,-0.05848655104637146,0.7352719306945801,0.8050000071525574,-0.08148785680532455,0.7147567272186279,0.8288371562957764,-0.07223869115114212,0.7061043381690979,0.8111851215362549,-0.06431499123573303,0.7781151533126831,0.7055916786193848,-0.0658881813287735,0.7628043293952942,0.8133979439735413,-0.08785363286733627,0.7450962662696838,0.8290264010429382,-0.08530294895172119,0.7376342415809631,0.8065551519393921,-0.07912201434373856,fullstop
0.7196669578552246,0.7851225137710571,-1.2394350790145836e-07,0.6862086057662964,0.7842174768447876,-0.03525737673044205,0.6567968130111694,0.775336503982544,-0.06355445086956024,0.6515222191810608,0.8046887516975403,-0.08769286423921585,0.6626095771789551,0.8231300711631775,-0.11060802638530731,0.6631267070770264,0.6506593227386475,-0.06641828268766403,0.6516348719596863,0.6529664397239685,-0.11266190558671951,0.6438887715339661,0.645004391670227,-0.14460314810276031,0.6397398114204407,0.6364943385124207,-0.16312682628631592,0.7052265405654907,0.6302404403686523,-0.06374555081129074,0.6883945465087891,0.7917972207069397,-0.10403425246477127,0.6671114563941956,0.8356180191040039,-0.10923434793949127,0.6578984260559082,0.8286508917808533,-0.10692732781171799,0.7455130219459534,0.6610612869262695,-0.06519098579883575,0.7252629399299622,0.8196186423301697,-0.09517087787389755,0.7058348655700684,0.8270341753959656,-0.07709828019142151,0.6997022032737732,0.7983751893043518,-0.058528244495391846,0.7760881185531616,0.705535352230072,-0.07159969210624695,0.7539151310920715,0.8192259073257446,-0.09908536821603775,0.7381816506385803,0.8191230297088623,-0.09190227091312408,0.7357771396636963,0.7830504179000854,-0.07822263985872269,fullstop
0.7241594791412354,0.7875766754150391,-2.373836593960732e-07,0.6902788281440735,0.794761598110199,-0.033061347901821136,0.6615074872970581,0.795695960521698,-0.06047728285193443,0.6592049598693848,0.8287935853004456,-0.08428061008453369,0.669098436832428,0.8489222526550293,-0.10722494125366211,0.6696702241897583,0.657566249370575,-0.06067531928420067,0.6609749794006348,0.6531214118003845,-0.10000835359096527,0.6477218270301819,0.6454195976257324,-0.12830251455307007,0.6367756724357605,0.6378030180931091,-0.1463690996170044,0.7109577059745789,0.6323298215866089,-0.05892280861735344,0.6967044472694397,0.7847203016281128,-0.09386110305786133,0.6747021079063416,0.8360586166381836,-0.10051048547029495,0.6650662422180176,0.8311941623687744,-0.10220008343458176,0.7493066787719727,0.6572809815406799,-0.06086091324687004,0.7306132912635803,0.8113454580307007,-0.08672992885112762,0.707039475440979,0.8301447033882141,-0.07484153658151627,0.6961908340454102,0.8084688782691956,-0.06406237185001373,0.7798102498054504,0.6973835825920105,-0.0674780085682869,0.7600589394569397,0.8093993663787842,-0.0919937714934349,0.7404944896697998,0.8216142654418945,-0.0888633206486702,0.7320452332496643,0.7979375720024109,-0.08131571114063263,fullstop
0.7195313572883606,0.7859973311424255,-1.6866735563780821e-07,0.6881135106086731,0.791215181350708,-0.031020350754261017,0.6594303846359253,0.7877844572067261,-0.05697326734662056,0.6569783687591553,0.8200169205665588,-0.07965529710054398,0.670581579208374,0.8399609327316284,-0.10151652246713638,0.6629819273948669,0.6498466730117798,-0.056251831352710724,0.6555246114730835,0.6507495641708374,-0.09488514065742493,0.6450064182281494,0.6423348188400269,-0.1246756985783577,0.636004626750946,0.630703866481781,-0.1446329802274704,0.7035607099533081,0.6235401630401611,-0.05553799495100975,0.6927769184112549,0.7773539423942566,-0.08970355242490768,0.6731433272361755,0.8296762704849243,-0.09767217934131622,0.6642993688583374,0.8260495662689209,-0.10047551989555359,0.7426618337631226,0.6491701006889343,-0.058378916233778,0.7319819927215576,0.8006206154823303,-0.08325058966875076,0.7123321890830994,0.8199254274368286,-0.07110011577606201,0.7041453719139099,0.7949967980384827,-0.06031051278114319,0.7746201753616333,0.6908199191093445,-0.06582633405923843,0.7616984844207764,0.8030039668083191,-0.08942773193120956,0.7451386451721191,0.8186966180801392,-0.085240937769413,0.7400856018066406,0.7928643226623535,-0.07698186486959457,fullstop
0.728679895401001,0.7915198802947998,-1.6072651476406463e-07,0.6980278491973877,0.79463791847229,-0.031218603253364563,0.6714093685150146,0.7944598197937012,-0.05791036784648895,0.6642585396766663,0.823492705821991,-0.08125128597021103,0.6664277911186218,0.8488316535949707,-0.10389911383390427,0.6752559542655945,0.6585690379142761,-0.05690056458115578,0.6670904159545898,0.6545863151550293,-0.09519610553979874,0.6532795429229736,0.6463141441345215,-0.1240110844373703,0.6421753168106079,0.6410232782363892,-0.14208608865737915,0.714674711227417,0.6346558332443237,-0.055524975061416626,0.7016777992248535,0.7810282707214355,-0.0893983319401741,0.6814717054367065,0.8212500214576721,-0.09766701608896255,0.6728219389915466,0.8231592774391174,-0.1000186875462532,0.7516785860061646,0.6601747870445251,-0.05752084404230118,0.7336012721061707,0.8069890737533569,-0.08199828863143921,0.7155132293701172,0.8166661262512207,-0.07138869911432266,0.708810031414032,0.7990378141403198,-0.060890499502420425,0.7806670665740967,0.7003974318504333,-0.06405302882194519,0.761100709438324,0.8092305064201355,-0.08732827007770538,0.7453778982162476,0.8132545351982117,-0.08445718139410019,0.7397507429122925,0.788262665271759,-0.07659547030925751,fullstop
0.7288063168525696,0.7784375548362732,-1.8144297087019368e-07,0.6945737600326538,0.789377748966217,-0.03322828188538551,0.6646696329116821,0.7960940003395081,-0.06271602213382721,0.6608480215072632,0.8323488831520081,-0.0883861780166626,0.6726596355438232,0.8572396039962769,-0.11303966492414474,0.6726392507553101,0.6611348986625671,-0.06470714509487152,0.6624765396118164,0.6648920178413391,-0.10608229786157608,0.6493547558784485,0.6551069021224976,-0.13605092465877533,0.637286901473999,0.6459900140762329,-0.15496723353862762,0.7126083374023438,0.6386165022850037,-0.06277034431695938,0.6975346803665161,0.7973486185073853,-0.09770269691944122,0.683185875415802,0.8371797204017639,-0.10287157446146011,0.6791391968727112,0.8258457183837891,-0.10348860919475555,0.7502391338348389,0.6636308431625366,-0.06437284499406815,0.733064591884613,0.8172948360443115,-0.08889754861593246,0.7184953689575195,0.823023796081543,-0.07406004518270493,0.7141582369804382,0.7944042682647705,-0.06107984483242035,0.7799135446548462,0.7028418779373169,-0.07090029865503311,0.7620900869369507,0.8161410093307495,-0.09492546319961548,0.7489191293716431,0.8176507949829102,-0.09031172096729279,0.7458468675613403,0.7839926481246948,-0.08115707337856293,fullstop
0.7198777794837952,0.7866706848144531,-1.6958263415745023e-07,0.6863400936126709,0.7907702922821045,-0.034869663417339325,0.6588069200515747,0.7858626842498779,-0.06297612935304642,0.6598342657089233,0.8184494972229004,-0.08679629862308502,0.6749836802482605,0.8378873467445374,-0.10992269963026047,0.6677401661872864,0.6481162905693054,-0.06525477766990662,0.6633813977241516,0.6415587663650513,-0.10923249274492264,0.6550242304801941,0.6388716697692871,-0.1417650729417801,0.6477435231208801,0.6366097927093506,-0.16174569725990295,0.710171103477478,0.6258683800697327,-0.06290573626756668,0.7018957734107971,0.7724297642707825,-0.1013123169541359,0.6771292090415955,0.8254458904266357,-0.11034449934959412,0.6649779081344604,0.8250501155853271,-0.1130780428647995,0.7496808171272278,0.6553200483322144,-0.06436897814273834,0.7361994981765747,0.8040810823440552,-0.09173479676246643,0.7118809819221497,0.8258082270622253,-0.07968305051326752,0.7023818492889404,0.8065434098243713,-0.06806397438049316,0.7800028324127197,0.6995460987091064,-0.0706482008099556,0.7628321051597595,0.8080207109451294,-0.095508873462677,0.7407236695289612,0.8233436346054077,-0.09150149673223495,0.7320047616958618,0.8016375303268433,-0.08280549198389053,fullstop
0.7227581143379211,0.7886171340942383,-1.9482769175738213e-07,0.6900567412376404,0.7934576272964478,-0.03162050247192383,0.6610559821128845,0.7963958978652954,-0.0594312958419323,0.6573211550712585,0.8313634395599365,-0.08377117663621902,0.6709999442100525,0.8520854711532593,-0.1073579415678978,0.6687359809875488,0.656657874584198,-0.05954284593462944,0.6612933278083801,0.6532610654830933,-0.09867876768112183,0.649296760559082,0.6505813598632812,-0.12810580432415009,0.6383839249610901,0.6478297114372253,-0.1472826451063156,0.7090231776237488,0.6334310173988342,-0.058836981654167175,0.6974877715110779,0.7692787647247314,-0.0936700850725174,0.6764426231384277,0.8242121338844299,-0.10219317674636841,0.6666935682296753,0.8320373296737671,-0.10544146597385406,0.7471328377723694,0.6593832969665527,-0.06151404231786728,0.7331281304359436,0.8010272979736328,-0.08602501451969147,0.713516354560852,0.8206956386566162,-0.07544592767953873,0.7050224542617798,0.8025150895118713,-0.06611660122871399,0.7778599262237549,0.7012794017791748,-0.06869924068450928,0.762604832649231,0.8084198832511902,-0.0904836431145668,0.7466871738433838,0.820724606513977,-0.08677788823843002,0.7399572730064392,0.7971711158752441,-0.07970593124628067,fullstop
0.720906674861908,0.7819748520851135,-1.600565013859523e-07,0.6890884041786194,0.7907534241676331,-0.031644631177186966,0.6601670980453491,0.790820837020874,-0.05678965523838997,0.6564286947250366,0.8270266056060791,-0.07829742878675461,0.6690440773963928,0.8476527333259583,-0.09841956198215485,0.6628100872039795,0.654434859752655,-0.05650049075484276,0.6563419699668884,0.6537629961967468,-0.09493318200111389,0.6461450457572937,0.6419888734817505,-0.123006671667099,0.6392694115638733,0.6313353180885315,-0.1407729536294937,0.7051833868026733,0.6262749433517456,-0.054560065269470215,0.6986995339393616,0.7857703566551208,-0.08759187906980515,0.6798365712165833,0.8282899260520935,-0.09168738126754761,0.6732861995697021,0.8217319250106812,-0.09064356982707977,0.7452005743980408,0.6517507433891296,-0.05650556460022926,0.7334612607955933,0.8119463324546814,-0.08033575117588043,0.7141716480255127,0.8198095560073853,-0.06431598216295242,0.7078347206115723,0.7919880747795105,-0.04956555739045143,0.7765034437179565,0.6930293440818787,-0.06335250288248062,0.76042640209198,0.8126114010810852,-0.0876597911119461,0.7453760504722595,0.8124991655349731,-0.08262620866298676,0.741858959197998,0.7757549285888672,-0.07226675748825073,fullstop
0.7202795743942261,0.7983947992324829,-1.292813465170184e-07,0.6866077184677124,0.8012262582778931,-0.04181912913918495,0.6595152020454407,0.785671591758728,-0.07416782528162003,0.6571871042251587,0.7983861565589905,-0.10117406398057938,0.6658011078834534,0.7989394664764404,-0.126566082239151,0.6638513207435608,0.6583623886108398,-0.07942420989274979,0.658079206943512,0.6527387499809265,-0.13456633687019348,0.6520793437957764,0.6458237767219543,-0.1720622479915619,0.647259533405304,0.6382995843887329,-0.19342073798179626,0.7062444686889648,0.6344215273857117,-0.07439489662647247,0.6971885561943054,0.790233850479126,-0.12163594365119934,0.6720919013023376,0.8384265303611755,-0.1284632682800293,0.657972514629364,0.8289487361907959,-0.12720456719398499,0.746982216835022,0.662236213684082,-0.07422978430986404,0.7349236607551575,0.8163628578186035,-0.10948166996240616,0.710679829120636,0.8309722542762756,-0.0904531329870224,0.7002952694892883,0.8038439750671387,-0.07159459590911865,0.7780706882476807,0.7049717903137207,-0.07967157661914825,0.7623153328895569,0.8146286606788635,-0.11207965016365051,0.7436323165893555,0.8215776681900024,-0.10636339336633682,0.7392176985740662,0.7902389764785767,-0.09381500631570816,fullstop
0.7196980714797974,0.7962692975997925,-2.2991856951648515e-07,0.6860087513923645,0.8052672147750854,-0.03737425059080124,0.6577506065368652,0.8023260831832886,-0.06863503158092499,0.6591081619262695,0.8311673998832703,-0.09527599066495895,0.6685941815376282,0.8513212203979492,-0.12026394158601761,0.664874792098999,0.6571298241615295,-0.06685132533311844,0.6612666249275208,0.6478271484375,-0.11093316227197647,0.6498208045959473,0.6431472301483154,-0.14213785529136658,0.6391168236732483,0.6459896564483643,-0.16155169904232025,0.7074357271194458,0.6311543583869934,-0.06388045102357864,0.6967156529426575,0.7766526341438293,-0.10366630554199219,0.6778900027275085,0.8410032987594604,-0.1108284667134285,0.6710572838783264,0.8491754531860352,-0.11218293011188507,0.7466970682144165,0.6550818085670471,-0.0651848316192627,0.7364218831062317,0.8060247302055359,-0.09327414631843567,0.7149139642715454,0.8336788415908813,-0.07997900992631912,0.7057706117630005,0.8166964650154114,-0.06857243180274963,0.7798445224761963,0.6951782703399658,-0.07170236855745316,0.7661008834838867,0.8071689605712891,-0.09612786024808884,0.746465265750885,0.8302289247512817,-0.09211131185293198,0.7384873628616333,0.8116825819015503,-0.08451339602470398,fullstop
0.7231850624084473,0.7855692505836487,-2.1560963148203882e-07,0.6878849864006042,0.7949196696281433,-0.03406630456447601,0.6578262448310852,0.7930008172988892,-0.06169375032186508,0.658037543296814,0.8272337913513184,-0.08482595533132553,0.6750335097312927,0.8444940447807312,-0.10692024230957031,0.6700668334960938,0.6607757210731506,-0.06531956046819687,0.6644426584243774,0.6552056074142456,-0.10738394409418106,0.6503408551216125,0.6452632546424866,-0.1378801316022873,0.6377342939376831,0.6364713311195374,-0.15707823634147644,0.71122807264328,0.6317033767700195,-0.06238621473312378,0.7030298113822937,0.7778189182281494,-0.09778375923633575,0.6811949610710144,0.830206036567688,-0.1032482460141182,0.671966016292572,0.8241261839866638,-0.10391503572463989,0.7493832111358643,0.654178261756897,-0.06320187449455261,0.7379504442214966,0.8023583292961121,-0.0888177827000618,0.7147901058197021,0.8231819868087769,-0.0750582367181778,0.70522141456604,0.7998542785644531,-0.0628344938158989,0.7795136570930481,0.6918262243270874,-0.06875623762607574,0.763185977935791,0.8035405874252319,-0.093144491314888,0.7436915040016174,0.819431722164154,-0.0887998417019844,0.736615002155304,0.7967061400413513,-0.0800713449716568,fullstop
0.7219458222389221,0.7896372079849243,-2.2353773942995758e-07,0.6888390183448792,0.7959010004997253,-0.0336613692343235,0.6601921319961548,0.794788122177124,-0.061914194375276566,0.6596444845199585,0.8253470063209534,-0.08622218668460846,0.6699337363243103,0.8438876271247864,-0.10952267795801163,0.6683139801025391,0.6580120921134949,-0.06455063074827194,0.6620720624923706,0.6535645127296448,-0.10632612556219101,0.6504564881324768,0.6437471508979797,-0.1364506185054779,0.6399970650672913,0.6366816759109497,-0.1553044617176056,0.7095687389373779,0.6313923001289368,-0.062353432178497314,0.6970248222351074,0.7864200472831726,-0.09876826405525208,0.6747304797172546,0.8372937440872192,-0.10526128113269806,0.6650317311286926,0.8345147371292114,-0.10668646544218063,0.7479939460754395,0.6552796363830566,-0.06382530182600021,0.7328700423240662,0.8106043934822083,-0.09063630551099777,0.7086202502250671,0.8290233612060547,-0.07796991616487503,0.6978351473808289,0.8078864812850952,-0.06649969518184662,0.7793143391609192,0.6945580244064331,-0.07002545893192291,0.7619971632957458,0.8082194924354553,-0.09549577534198761,0.7413092255592346,0.8220108151435852,-0.0922483280301094,0.7327549457550049,0.7992019653320312,-0.08429335802793503,fullstop
0.718246579170227,0.791450560092926,-1.9064135869939491e-07,0.6843108534812927,0.799739420413971,-0.03699411824345589,0.6557145714759827,0.7972252368927002,-0.06713986396789551,0.6555987000465393,0.8329933881759644,-0.09269347786903381,0.6721624135971069,0.8518981337547302,-0.11698012799024582,0.6638931035995483,0.6565570831298828,-0.06855233758687973,0.6596764326095581,0.6556228995323181,-0.11380932480096817,0.6497020721435547,0.6483448147773743,-0.14573979377746582,0.6408994197845459,0.6390594244003296,-0.16547220945358276,0.7073054313659668,0.6309928297996521,-0.06547658890485764,0.6983259320259094,0.7843576073646545,-0.10448457300662994,0.67744380235672,0.8401477932929993,-0.10958393663167953,0.6681329607963562,0.83781898021698,-0.1090138703584671,0.7472827434539795,0.6578816175460815,-0.06667064130306244,0.7330154776573181,0.8128470182418823,-0.09473933279514313,0.7088751196861267,0.8338238000869751,-0.07810819149017334,0.6984865069389343,0.8106778264045715,-0.06314487010240555,0.7786805033683777,0.7004780769348145,-0.07309301942586899,0.760026216506958,0.8153128027915955,-0.09901045262813568,0.7390749454498291,0.8303442597389221,-0.09362625330686569,0.7314577102661133,0.8064350485801697,-0.08353306353092194,fullstop
0.7236199975013733,0.785194456577301,-1.5202913061784784e-07,0.690581202507019,0.795926034450531,-0.036699142307043076,0.6618347764015198,0.7983944416046143,-0.06641092896461487,0.6598309874534607,0.8337292075157166,-0.09114837646484375,0.6721829771995544,0.8483503460884094,-0.11480855196714401,0.667762041091919,0.6628034114837646,-0.07176193594932556,0.6619319319725037,0.6611440777778625,-0.11686719954013824,0.6513382196426392,0.6495419144630432,-0.1501466929912567,0.6414052248001099,0.6376495361328125,-0.1709110289812088,0.710154116153717,0.6345821022987366,-0.06787840276956558,0.6993600130081177,0.7954326272010803,-0.10655590891838074,0.6783441305160522,0.8372728824615479,-0.11335080116987228,0.6681773662567139,0.8321337103843689,-0.11427818238735199,0.7501945495605469,0.6587775349617004,-0.06755201518535614,0.7336481213569641,0.8167823553085327,-0.09443185478448868,0.7140068411827087,0.8246667981147766,-0.07772707939147949,0.7064433097839355,0.7981585264205933,-0.06265868991613388,0.7808144688606262,0.6987054944038391,-0.07242955267429352,0.7616885900497437,0.8165905475616455,-0.09828655421733856,0.7466915249824524,0.8177437782287598,-0.09247547388076782,0.7429807186126709,0.7822471857070923,-0.08157990872859955,fullstop
