0,1,2,3,4,5,6,7,8,9,10,11,12,13,14,15,16,17,18,19,20,21,22,23,24,25,26,27,28,29,30,31,32,33,34,35,36,37,38,39,40,41,42,43,44,45,46,47,48,49,50,51,52,53,54,55,56,57,58,59,60,61,62,label
0.4912717044353485,0.3230341672897339,-6.932704366136022e-08,0.4546980857849121,0.23934629559516907,-0.0017453636974096298,0.3833766281604767,0.19943678379058838,-0.006933253724128008,0.3215133547782898,0.20415332913398743,-0.012248964980244637,0.28063130378723145,0.23349758982658386,-0.018036631867289543,0.3620787262916565,0.1978394091129303,-0.019017640501260757,0.28598302602767944,0.22375886142253876,-0.037133507430553436,0.2932501435279846,0.23684118688106537,-0.048220571130514145,0.3135705590248108,0.24228698015213013,-0.05263460427522659,0.3607754111289978,0.262890100479126,-0.024575835093855858,0.2899434268474579,0.2906644940376282,-0.0360683873295784,0.3023046553134918,0.29997706413269043,-0.03975669667124748,0.32292601466178894,0.3041399419307709,-0.042207904160022736,0.36498215794563293,0.3295626640319824,-0.029559466987848282,0.30488187074661255,0.3535696864128113,-0.03901783749461174,0.3182336390018463,0.35660091042518616,-0.033603228628635406,0.33998173475265503,0.3567008078098297,-0.029282482340931892,0.3735581934452057,0.39067578315734863,-0.03401181101799011,0.32465267181396484,0.39827531576156616,-0.03884078562259674,0.33898746967315674,0.3981037437915802,-0.029104463756084442,0.3607443869113922,0.39865684509277344,-0.020407669246196747,G
0.2180917114019394,0.42843759059906006,-1.6900187915780407e-07,0.2801792025566101,0.35244661569595337,0.017483752220869064,0.3472695052623749,0.32742345333099365,0.012869982048869133,0.39484697580337524,0.3488503694534302,0.0008812188752926886,0.41956695914268494,0.3849290907382965,-0.008739878423511982,0.3935937285423279,0.2823706865310669,0.010473303496837616,0.45921963453292847,0.32266712188720703,-0.0024561495520174503,0.44237449765205383,0.35642701387405396,-0.011385546997189522,0.41081133484840393,0.3624849021434784,-0.014976853504776955,0.39337387681007385,0.33017951250076294,-0.008978455327451229,0.4533422589302063,0.38350778818130493,-0.013363398611545563,0.4318545162677765,0.4161049425601959,-0.014510717242956161,0.399854838848114,0.418571799993515,-0.015659358352422714,0.38777968287467957,0.3914140462875366,-0.028255190700292587,0.44345101714134216,0.4452756941318512,-0.028333256021142006,0.4193355441093445,0.47078877687454224,-0.018885785713791847,0.3880020081996918,0.4707838296890259,-0.013693614862859249,0.3776865601539612,0.4567042887210846,-0.04738382622599602,0.4235216975212097,0.5048945546150208,-0.039373982697725296,0.3985576927661896,0.519700825214386,-0.02475498430430889,0.3708168864250183,0.516532301902771,-0.014685289934277534,G
0.5474817752838135,0.164162740111351,-4.1966688968386734e-07,0.5006265640258789,0.08074194192886353,0.01747938059270382,0.4301277995109558,0.046288974583148956,0.01999463513493538,0.3821598291397095,0.0661216676235199,0.01656964421272278,0.3596051335334778,0.11428369581699371,0.013332832604646683,0.38666874170303345,0.009450346231460571,0.009518003091216087,0.3099384903907776,0.05701138824224472,-0.002670494606718421,0.32975712418556213,0.08694784343242645,-0.01036444865167141,0.3560274839401245,0.08219119906425476,-0.014560104347765446,0.37946030497550964,0.04613427817821503,-0.006122124381363392,0.3027249872684479,0.09938521683216095,-0.013618286699056625,0.32851314544677734,0.12529565393924713,-0.011434463784098625,0.3571677505970001,0.11473958939313889,-0.00904966052621603,0.3810458481311798,0.09509950876235962,-0.02109403908252716,0.31615546345710754,0.15788547694683075,-0.02321011759340763,0.34440794587135315,0.1732228398323059,-0.013979152776300907,0.3684775233268738,0.15377390384674072,-0.009313329122960567,0.38884514570236206,0.15077418088912964,-0.03541351854801178,0.34553951025009155,0.19732865691184998,-0.03588706627488136,0.3703078627586365,0.20147749781608582,-0.02675773948431015,0.39307674765586853,0.184068500995636,-0.019762882962822914,G
0.5319281816482544,0.12790679931640625,-5.050874847256637e-07,0.48468223214149475,0.06323115527629852,0.029829416424036026,0.4243839979171753,0.03370261564850807,0.035049982368946075,0.37856006622314453,0.03805890306830406,0.030548717826604843,0.351940393447876,0.066486656665802,0.026274332776665688,0.381801038980484,-0.006029866635799408,0.01883518509566784,0.2978246212005615,0.02774658054113388,0.005560534540563822,0.3195839524269104,0.0596524253487587,-0.0025478466413915157,0.3454712927341461,0.05512407422065735,-0.007814268581569195,0.3800949156284332,0.010861776769161224,-0.004647744353860617,0.29493600130081177,0.05417050048708916,-0.013815491460263729,0.31995314359664917,0.08613657206296921,-0.010917356237769127,0.3469572365283966,0.0741492360830307,-0.008902241475880146,0.3846999406814575,0.04445353522896767,-0.027055181562900543,0.3053207993507385,0.09792216122150421,-0.029876669868826866,0.330801397562027,0.12580817937850952,-0.01576935686171055,0.35565418004989624,0.10568011552095413,-0.008642563596367836,0.3915477991104126,0.08900629729032516,-0.04829133301973343,0.32903435826301575,0.1398608386516571,-0.05019116401672363,0.3483163118362427,0.15680573880672455,-0.0394379124045372,0.3740099370479584,0.1405613124370575,-0.03203052654862404,G
0.5109391212463379,0.09158041328191757,-4.468266752155614e-07,0.4571313261985779,0.030588433146476746,0.025888370350003242,0.3992639183998108,0.004177190363407135,0.02839610166847706,0.3535210192203522,0.009146884083747864,0.02136635221540928,0.3236050307750702,0.029877884313464165,0.01409339252859354,0.38027969002723694,-0.02580474689602852,0.014639577828347683,0.30110353231430054,0.0025858208537101746,-0.003186878515407443,0.31821534037590027,0.031998999416828156,-0.0124717578291893,0.3440695106983185,0.02971632406115532,-0.016666311770677567,0.3823705315589905,-0.007448922842741013,-0.008881996385753155,0.302645206451416,0.033668167889118195,-0.023811571300029755,0.32292601466178894,0.06129583343863487,-0.02429824136197567,0.3496968746185303,0.051976386457681656,-0.022994400933384895,0.38722655177116394,0.02532895654439926,-0.03212931379675865,0.31292644143104553,0.07503409683704376,-0.04334249719977379,0.33635297417640686,0.10033347457647324,-0.032609615474939346,0.36220359802246094,0.08458913117647171,-0.02490484155714512,0.39258113503456116,0.06715735048055649,-0.05387144163250923,0.3341591954231262,0.11190345883369446,-0.061022497713565826,0.35183316469192505,0.12755076587200165,-0.05139913037419319,0.37626928091049194,0.11527199298143387,-0.04324726387858391,G
0.5131304860115051,0.09034605324268341,-4.456454689716338e-07,0.46215179562568665,0.03606562688946724,0.024964407086372375,0.40766826272010803,0.013294700533151627,0.026256730780005455,0.36657100915908813,0.02087758108973503,0.018629886209964752,0.33934956789016724,0.047819048166275024,0.01045292615890503,0.3839864134788513,-0.02056373655796051,0.007291555870324373,0.3037881851196289,0.012587200850248337,-0.009491992183029652,0.31815752387046814,0.0457901656627655,-0.016604678705334663,0.34361758828163147,0.044776879251003265,-0.019241562113165855,0.3881581127643585,-0.0006458982825279236,-0.015544249676167965,0.30342674255371094,0.0407596156001091,-0.029486384242773056,0.3218744993209839,0.07339991629123688,-0.028223909437656403,0.34885653853416443,0.06420622766017914,-0.025519512593746185,0.39705604314804077,0.03559128940105438,-0.0374588668346405,0.31970563530921936,0.0830182284116745,-0.048122067004442215,0.3375636041164398,0.11248009651899338,-0.038174908608198166,0.3619474172592163,0.10019110143184662,-0.030669067054986954,0.4063705503940582,0.08164342492818832,-0.05769118666648865,0.34803488850593567,0.11948160827159882,-0.06560511142015457,0.3542369604110718,0.13711950182914734,-0.05816179886460304,0.372265100479126,0.12935906648635864,-0.05142128840088844,G
0.2527503967285156,0.40550339221954346,-2.5186366769958113e-07,0.30279541015625,0.32546472549438477,0.008298859931528568,0.36500266194343567,0.2881353497505188,0.0014641758752986789,0.41428273916244507,0.30499720573425293,-0.010117621161043644,0.44391879439353943,0.3444945216178894,-0.018321702256798744,0.4029296338558197,0.24682071805000305,-0.0009950841777026653,0.47406208515167236,0.29269981384277344,-0.018508262932300568,0.45855167508125305,0.3180219233036041,-0.03048642724752426,0.4300621449947357,0.3145110011100769,-0.0370568223297596,0.40867531299591064,0.3052612841129303,-0.016891155391931534,0.4733373522758484,0.3499873876571655,-0.024666329845786095,0.45422473549842834,0.37072649598121643,-0.026248877868056297,0.4270235002040863,0.3653945326805115,-0.028086891397833824,0.4097236394882202,0.3716856837272644,-0.03312249109148979,0.4662292003631592,0.4101264178752899,-0.03540711849927902,0.44337356090545654,0.4257619380950928,-0.024705979973077774,0.41537365317344666,0.4206695258617401,-0.019100414589047432,0.40427646040916443,0.4396857023239136,-0.049893490970134735,0.43951696157455444,0.46411600708961487,-0.04653123766183853,0.41804778575897217,0.47364771366119385,-0.03287284076213837,0.3965812623500824,0.4712766408920288,-0.02321600168943405,G
0.5433527231216431,0.20542305707931519,-4.405539755225618e-07,0.5027874708175659,0.11784262210130692,0.009088082239031792,0.43134623765945435,0.07056617736816406,0.007307246793061495,0.36889615654945374,0.07828974723815918,0.0021219379268586636,0.3295338749885559,0.11011778563261032,-0.00135632639285177,0.3953586518764496,0.031039975583553314,-0.0026890344452112913,0.31158310174942017,0.0804239809513092,-0.023328721523284912,0.3352418839931488,0.10892762988805771,-0.033364903181791306,0.36485055088996887,0.10209405422210693,-0.037274979054927826,0.39046069979667664,0.07911798357963562,-0.015677176415920258,0.3065033257007599,0.13321414589881897,-0.03257254883646965,0.3357277512550354,0.15650534629821777,-0.03076961822807789,0.3665807843208313,0.14573004841804504,-0.026694392785429955,0.3911287188529968,0.1375611573457718,-0.029081152752041817,0.3228081166744232,0.1966630518436432,-0.042316146194934845,0.35527271032333374,0.21093253791332245,-0.03144297003746033,0.3824530839920044,0.19326470792293549,-0.02238960564136505,0.3982830345630646,0.19991913437843323,-0.04202495142817497,0.35480228066444397,0.2447863519191742,-0.04988313838839531,0.3825099766254425,0.25074246525764465,-0.04148411378264427,0.4057045578956604,0.23521530628204346,-0.03304558992385864,G
0.2588273286819458,0.5659472942352295,-4.237624295910791e-07,0.3158099949359894,0.48302382230758667,0.011699742637574673,0.38149020075798035,0.4481378495693207,0.009240633808076382,0.4396776556968689,0.4410783648490906,0.003927812911570072,0.48096397519111633,0.44349920749664307,0.0018278954084962606,0.41900205612182617,0.4440697729587555,-0.007526773028075695,0.490959107875824,0.45776787400245667,-0.018881140276789665,0.4682053327560425,0.4819982945919037,-0.022179201245307922,0.4371364116668701,0.48265770077705383,-0.02124185673892498,0.42166027426719666,0.5025270581245422,-0.02021602913737297,0.4872480034828186,0.5237409472465515,-0.020102733746170998,0.4620811939239502,0.5398120880126953,-0.014003684744238853,0.43214133381843567,0.5332764983177185,-0.010750045999884605,0.416282594203949,0.565932035446167,-0.031608521938323975,0.4659610986709595,0.5862444043159485,-0.0279688760638237,0.4411141574382782,0.5947867035865784,-0.01399034634232521,0.4144049882888794,0.5877057313919067,-0.0073423669673502445,0.4037676155567169,0.6264033317565918,-0.04241075739264488,0.436457097530365,0.6358860731124878,-0.034258339554071426,0.4133519232273102,0.6373974084854126,-0.017985282465815544,0.3923773765563965,0.6312696933746338,-0.007092802319675684,G
0.5587602257728577,0.2176932543516159,-4.1751442836357455e-07,0.5164085626602173,0.13217204809188843,0.0062531461007893085,0.4380896985530853,0.08039380609989166,0.0029125141445547342,0.36454272270202637,0.08327630907297134,-0.0024248117115348577,0.3167363107204437,0.11337077617645264,-0.006832094397395849,0.41056540608406067,0.0440756157040596,-0.010579210706055164,0.32430005073547363,0.09508491307497025,-0.029778683558106422,0.3445574939250946,0.12217104434967041,-0.03916634991765022,0.37223100662231445,0.11927416920661926,-0.04315001890063286,0.4095103442668915,0.09388848394155502,-0.021814102306962013,0.31958723068237305,0.14660897850990295,-0.03615973889827728,0.3463782072067261,0.16826476156711578,-0.03391879051923752,0.3777107894420624,0.1603998988866806,-0.030815377831459045,0.4126124083995819,0.15400874614715576,-0.03263520449399948,0.3381143808364868,0.2063712626695633,-0.045919377356767654,0.36715441942214966,0.22128647565841675,-0.03411400690674782,0.3952132761478424,0.20846574008464813,-0.02467579022049904,0.4195195734500885,0.2191123068332672,-0.042696502059698105,0.36809173226356506,0.25526612997055054,-0.0517328605055809,0.3910974860191345,0.26435786485671997,-0.042315054684877396,0.413441926240921,0.2565110921859741,-0.033140599727630615,G
0.2563745379447937,0.5616299510002136,-3.9718756283946277e-07,0.3091561794281006,0.47692015767097473,0.010877752676606178,0.3714723289012909,0.4419015645980835,0.00950426235795021,0.4268378019332886,0.43585145473480225,0.005856039933860302,0.46486955881118774,0.43634745478630066,0.004921115003526211,0.41322702169418335,0.4388051927089691,-0.00844753347337246,0.4809688925743103,0.45354247093200684,-0.016306297853589058,0.4610094428062439,0.4740941524505615,-0.017139874398708344,0.4322426915168762,0.47214746475219727,-0.015015656128525734,0.4172702431678772,0.4983307123184204,-0.019662117585539818,0.47843101620674133,0.5151677131652832,-0.01625237986445427,0.45638349652290344,0.5277472734451294,-0.009297981858253479,0.4277205467224121,0.5225013494491577,-0.006276649422943592,0.4121359884738922,0.5623677968978882,-0.029244232922792435,0.46444573998451233,0.5743296146392822,-0.02438436821103096,0.44083982706069946,0.5791515111923218,-0.01087911706417799,0.41261419653892517,0.573333203792572,-0.004795797169208527,0.3986288905143738,0.6223106384277344,-0.03801232576370239,0.43343088030815125,0.6242076754570007,-0.030489230528473854,0.4114638566970825,0.6228560209274292,-0.014574961736798286,0.38888248801231384,0.6188052892684937,-0.0037715586367994547,G
0.5291132926940918,0.24120548367500305,-3.918393929325248e-07,0.4885595142841339,0.16092035174369812,0.0038765124045312405,0.419500470161438,0.10376647114753723,-0.0009482462191954255,0.3515228033065796,0.10149127244949341,-0.006747744977474213,0.30765587091445923,0.1290137618780136,-0.011706812307238579,0.39499130845069885,0.06352724134922028,-0.01652064174413681,0.31116658449172974,0.11061777174472809,-0.03495163470506668,0.3304135203361511,0.1421285718679428,-0.042367417365312576,0.3553979992866516,0.13895782828330994,-0.04572020098567009,0.3938919007778168,0.10963275283575058,-0.027322256937623024,0.30420157313346863,0.16064591705799103,-0.04294334724545479,0.329654335975647,0.1880558282136917,-0.040041256695985794,0.3602881133556366,0.18370208144187927,-0.036590855568647385,0.39516568183898926,0.16765865683555603,-0.03765689209103584,0.3196439743041992,0.22377941012382507,-0.05172386392951012,0.3468860387802124,0.24431180953979492,-0.04129604250192642,0.37437233328819275,0.2348194569349289,-0.03321557119488716,0.3987252414226532,0.23240560293197632,-0.04738358035683632,0.34983471035957336,0.2808486223220825,-0.058719195425510406,0.37030717730522156,0.2953610420227051,-0.05281498283147812,0.38951489329338074,0.28887298703193665,-0.04634576663374901,G
0.24933767318725586,0.5459879636764526,-3.3752999684111273e-07,0.3000548183917999,0.46247708797454834,0.013949171639978886,0.35833850502967834,0.4294697940349579,0.011198187246918678,0.40500327944755554,0.4361235499382019,0.005165796261280775,0.43619588017463684,0.45940664410591125,0.0013965039979666471,0.4020722806453705,0.41234520077705383,-0.008568519726395607,0.47156858444213867,0.43286073207855225,-0.01635116897523403,0.45323997735977173,0.4588325321674347,-0.017255481332540512,0.4256385862827301,0.4571215808391571,-0.01573830470442772,0.4094770848751068,0.4703366756439209,-0.022167876362800598,0.47130364179611206,0.4958680272102356,-0.017821576446294785,0.44934338331222534,0.5142631530761719,-0.01039876788854599,0.42137372493743896,0.50780189037323,-0.007628194987773895,0.406972199678421,0.5349698066711426,-0.03380901366472244,0.45628154277801514,0.5535564422607422,-0.025599636137485504,0.4326567053794861,0.5644935369491577,-0.011296926997601986,0.4054575562477112,0.5581749677658081,-0.005941083654761314,0.3957173228263855,0.5961498618125916,-0.04481254890561104,0.4262867569923401,0.6023500561714172,-0.03383138030767441,0.40428081154823303,0.6054428815841675,-0.016858745366334915,0.3822941482067108,0.6010286211967468,-0.006205469835549593,G
0.5231485366821289,0.25942274928092957,-3.817293361407792e-07,0.47885286808013916,0.18803368508815765,0.0011211152886971831,0.40252649784088135,0.14933860301971436,-0.009360460564494133,0.3302410840988159,0.18684668838977814,-0.020734967663884163,0.28621992468833923,0.2376825511455536,-0.030160222202539444,0.3842669427394867,0.08068801462650299,-0.01625923067331314,0.29571032524108887,0.13604919612407684,-0.03655339032411575,0.3170628547668457,0.16759733855724335,-0.046784188598394394,0.34283751249313354,0.16083157062530518,-0.05243506282567978,0.38140004873275757,0.1288822591304779,-0.026722686365246773,0.29113852977752686,0.18411247432231903,-0.043334875255823135,0.31809645891189575,0.21023696660995483,-0.0424361489713192,0.3481099605560303,0.2031496912240982,-0.04101672023534775,0.38174694776535034,0.18733468651771545,-0.03696932643651962,0.3064209818840027,0.24732375144958496,-0.04797721654176712,0.33714911341667175,0.2645881474018097,-0.03615652397274971,0.36427631974220276,0.25162655115127563,-0.028802113607525826,0.3845254182815552,0.25192728638648987,-0.047249920666217804,0.33573827147483826,0.29868558049201965,-0.05456210672855377,0.3612072169780731,0.3097953796386719,-0.04597640410065651,0.3831106126308441,0.2990272045135498,-0.03879212588071823,G
0.24667738378047943,0.5390232801437378,-3.9193207612697734e-07,0.2952156960964203,0.45663920044898987,0.013190091587603092,0.3526660203933716,0.4194808006286621,0.010376826860010624,0.4031810164451599,0.4156893491744995,0.004212031606584787,0.43992558121681213,0.425956666469574,0.0005647369544021785,0.3965744078159332,0.4009828567504883,-0.005752236116677523,0.46171724796295166,0.417348712682724,-0.014751922339200974,0.4434470534324646,0.44209831953048706,-0.017980249598622322,0.4157244563102722,0.4413096606731415,-0.01828707382082939,0.4026613235473633,0.4558887481689453,-0.019599713385105133,0.4581071734428406,0.4805210828781128,-0.01713791862130165,0.43611180782318115,0.4988115727901459,-0.011727280914783478,0.408622145652771,0.4929693341255188,-0.010457299649715424,0.40055376291275024,0.5183598399162292,-0.031870655715465546,0.44682416319847107,0.5391022562980652,-0.02657344751060009,0.42345550656318665,0.5504732131958008,-0.01294162217527628,0.39646655321121216,0.545134961605072,-0.007652330212295055,0.3908998370170593,0.5789347290992737,-0.04355410486459732,0.42096495628356934,0.5862433910369873,-0.03547335043549538,0.3981407880783081,0.5900266766548157,-0.019218845292925835,0.3761768639087677,0.5863785147666931,-0.008689436130225658,G
0.5162003040313721,0.2806967794895172,-4.362404979474377e-07,0.4720574617385864,0.2020009458065033,0.005959181115031242,0.4009869396686554,0.15935203433036804,0.0007564270053990185,0.33539125323295593,0.17603126168251038,-0.007116529159247875,0.2973725497722626,0.21308846771717072,-0.01328963041305542,0.3711613714694977,0.10607639700174332,-0.008700571954250336,0.2833336591720581,0.15911974012851715,-0.029352407902479172,0.3055916726589203,0.194163516163826,-0.03899281844496727,0.3331916034221649,0.190419539809227,-0.043348800390958786,0.371360719203949,0.15162548422813416,-0.021508457139134407,0.2845737934112549,0.20989523828029633,-0.038645189255476,0.312604695558548,0.23476143181324005,-0.03661888465285301,0.3413693606853485,0.2245812863111496,-0.03365018218755722,0.37525513768196106,0.20903871953487396,-0.034610308706760406,0.30244338512420654,0.2694534659385681,-0.04830959811806679,0.3334532082080841,0.2867647409439087,-0.036382272839546204,0.3602302670478821,0.2706344723701477,-0.027601711452007294,0.38250595331192017,0.27173706889152527,-0.04754379764199257,0.33226531744003296,0.318108469247818,-0.057208120822906494,0.358041912317276,0.3293224275112152,-0.04908480495214462,0.3808847665786743,0.31706658005714417,-0.04135551676154137,G
0.23895877599716187,0.5327835083007812,-3.824660552709247e-07,0.2847430408000946,0.44835036993026733,0.012922445312142372,0.33935093879699707,0.4010445475578308,0.00935521349310875,0.38679951429367065,0.3859051465988159,0.002267800737172365,0.4186602532863617,0.3871917426586151,-0.002405310980975628,0.3811016380786896,0.38707107305526733,-0.008081434294581413,0.4527151882648468,0.40113958716392517,-0.019909609109163284,0.43368884921073914,0.4292895197868347,-0.02533993124961853,0.4048069417476654,0.43064582347869873,-0.026925494894385338,0.38835909962654114,0.4432724118232727,-0.02285175397992134,0.4525592029094696,0.4628600776195526,-0.023172028362751007,0.4302178621292114,0.48301348090171814,-0.018222397193312645,0.400348424911499,0.4782797694206238,-0.016668623313307762,0.3878976106643677,0.506301999092102,-0.03617554157972336,0.44081616401672363,0.5210363268852234,-0.032291531562805176,0.417001336812973,0.5342904925346375,-0.01770344376564026,0.3889085650444031,0.5306586623191833,-0.011384846642613411,0.37994906306266785,0.5682380199432373,-0.04896768182516098,0.41549062728881836,0.571809709072113,-0.042073167860507965,0.3922075927257538,0.5773784518241882,-0.025179903954267502,0.3693505525588989,0.5766323804855347,-0.013994522392749786,G
0.5102905035018921,0.277624249458313,-4.0353288000005705e-07,0.4681228697299957,0.20127545297145844,0.0049562654457986355,0.397806853055954,0.1623886525630951,-0.001686958479695022,0.33155643939971924,0.18543563783168793,-0.010903546586632729,0.29278773069381714,0.22382394969463348,-0.018681352958083153,0.36837002635002136,0.10632705688476562,-0.0106663778424263,0.28316324949264526,0.1595781296491623,-0.03226698189973831,0.3041119873523712,0.191727876663208,-0.042650360614061356,0.3309650421142578,0.18639324605464935,-0.04752415046095848,0.36989229917526245,0.15327312052249908,-0.023587295785546303,0.2837434411048889,0.2112475335597992,-0.04137143865227699,0.3112616240978241,0.23479251563549042,-0.03973550722002983,0.3397212326526642,0.2234344631433487,-0.03722647577524185,0.37524938583374023,0.21173834800720215,-0.03683328256011009,0.301518976688385,0.27082857489585876,-0.051953598856925964,0.3320154547691345,0.2868903875350952,-0.04002334922552109,0.3587360978126526,0.2706057131290436,-0.030982162803411484,0.3839813470840454,0.2749324142932892,-0.04980853199958801,0.3320228159427643,0.31743812561035156,-0.06048249453306198,0.3570097088813782,0.3275705873966217,-0.05179932713508606,0.38017037510871887,0.3163067698478699,-0.043458521366119385,G
0.24112041294574738,0.536076009273529,-3.820508993612748e-07,0.28292638063430786,0.45188602805137634,0.014933761209249496,0.33120080828666687,0.4027852416038513,0.011570571921765804,0.3696039915084839,0.39079156517982483,0.0039934031665325165,0.3939392864704132,0.3989829123020172,-0.0012251896550878882,0.3816003203392029,0.38471758365631104,-0.007763577159494162,0.4572884440422058,0.3996618986129761,-0.018988100811839104,0.43852946162223816,0.42407622933387756,-0.02367350086569786,0.40897032618522644,0.42229557037353516,-0.024958156049251556,0.3898913860321045,0.44162946939468384,-0.023531122133135796,0.4555499255657196,0.46028557419776917,-0.02226085029542446,0.433973103761673,0.4802582561969757,-0.01648375391960144,0.40595120191574097,0.4761873483657837,-0.01519949734210968,0.39038482308387756,0.5049073696136475,-0.037567220628261566,0.4424521028995514,0.518639326095581,-0.03153185918927193,0.41895782947540283,0.5339606404304504,-0.015908366069197655,0.3914233148097992,0.5321287512779236,-0.009664664044976234,0.3832334578037262,0.5664586424827576,-0.051078662276268005,0.4193114936351776,0.5684460401535034,-0.04215697571635246,0.3965209424495697,0.5750865936279297,-0.024264192208647728,0.37350085377693176,0.57479327917099,-0.013016583397984505,G
0.5044722557067871,0.2850950062274933,-4.2485982021389646e-07,0.4618681073188782,0.20921219885349274,0.003489758586511016,0.39303058385849,0.16060009598731995,-0.0013444352662190795,0.32804226875305176,0.16168546676635742,-0.007873195223510265,0.2865618169307709,0.1854502558708191,-0.012819350697100163,0.36562490463256836,0.11462593823671341,-0.01284762378782034,0.28129851818084717,0.16862131655216217,-0.034147799015045166,0.3001985251903534,0.20241206884384155,-0.043345898389816284,0.3265489637851715,0.19935765862464905,-0.04718655347824097,0.3667013645172119,0.15984317660331726,-0.02401830442249775,0.28151628375053406,0.21888402104377747,-0.04157267510890961,0.3064187169075012,0.24396896362304688,-0.0393189862370491,0.33436232805252075,0.2332172840833664,-0.036513976752758026,0.37115606665611267,0.2175932377576828,-0.03567769378423691,0.2995798885822296,0.27852070331573486,-0.05131186544895172,0.32796740531921387,0.29662954807281494,-0.040123190730810165,0.35404476523399353,0.2807285189628601,-0.031657468527555466,0.37857377529144287,0.2804969251155853,-0.04716162756085396,0.3316013813018799,0.3284567892551422,-0.059410467743873596,0.35425013303756714,0.3397379219532013,-0.05325718969106674,0.37466874718666077,0.3274332880973816,-0.04672478511929512,G
0.23653821647167206,0.5414313673973083,-3.720919039551518e-07,0.2709607481956482,0.46202707290649414,0.016064312309026718,0.3129739761352539,0.4128285050392151,0.012555290944874287,0.337999552488327,0.3848326504230499,0.004563002847135067,0.34391677379608154,0.3673963248729706,-0.0019646184518933296,0.3782387375831604,0.3845115602016449,-0.005609285086393356,0.45359838008880615,0.40304797887802124,-0.01535604614764452,0.4343913197517395,0.4293653964996338,-0.019491493701934814,0.40574032068252563,0.42849767208099365,-0.020877595990896225,0.3890603482723236,0.4389508068561554,-0.02249232865869999,0.4547143876552582,0.4622097313404083,-0.020657429471611977,0.4307976961135864,0.4817011058330536,-0.014775101095438004,0.4013480246067047,0.476865291595459,-0.013303658924996853,0.3907642662525177,0.5014625787734985,-0.03767035901546478,0.4422242343425751,0.5208864212036133,-0.03117760270833969,0.4171951413154602,0.5356537103652954,-0.01715713180601597,0.3896472454071045,0.5320352911949158,-0.012131311930716038,0.38454705476760864,0.5630941987037659,-0.05221796780824661,0.41710561513900757,0.570803165435791,-0.04228181019425392,0.3929094672203064,0.5771927237510681,-0.025734102353453636,0.3701268434524536,0.5750135183334351,-0.015864521265029907,G
0.5025676488876343,0.2815679609775543,-3.879490577674005e-07,0.4590608775615692,0.20341047644615173,0.00641654385253787,0.39022547006607056,0.16461998224258423,0.0002019141975324601,0.32760319113731384,0.18104538321495056,-0.008876495063304901,0.2902568578720093,0.21529455482959747,-0.01687242090702057,0.3614997863769531,0.11365048587322235,-0.012484753504395485,0.2759850323200226,0.16801820695400238,-0.034799713641405106,0.295454740524292,0.1999710500240326,-0.045523740351200104,0.32166287302970886,0.1942172646522522,-0.05064433440566063,0.36420685052871704,0.15821564197540283,-0.026062173768877983,0.27880045771598816,0.21865791082382202,-0.043745946139097214,0.3034340739250183,0.2421870082616806,-0.042292844504117966,0.33094322681427,0.22922354936599731,-0.04039091244339943,0.37039241194725037,0.21544408798217773,-0.03977761045098305,0.29850220680236816,0.27936479449272156,-0.05388617143034935,0.32634565234184265,0.29699423909187317,-0.04287717863917351,0.35198140144348145,0.27874159812927246,-0.035210367292165756,0.3794287443161011,0.27774301171302795,-0.05323402211070061,0.33010968565940857,0.32910865545272827,-0.0636192038655281,0.3521575331687927,0.339588463306427,-0.05660530924797058,0.37346315383911133,0.32499733567237854,-0.04991820454597473,G
0.23416581749916077,0.5403228998184204,-3.8460231621684215e-07,0.2716127038002014,0.4587845504283905,0.0168099794536829,0.3189598619937897,0.41410598158836365,0.013606995344161987,0.3541346490383148,0.3994060158729553,0.005861427169293165,0.3718828558921814,0.4012569785118103,0.00016499287448823452,0.3738863468170166,0.38098427653312683,-0.005878063850104809,0.45111513137817383,0.3988773822784424,-0.015232661738991737,0.4313993752002716,0.42523252964019775,-0.017763348296284676,0.4027363061904907,0.4250921607017517,-0.017909174785017967,0.3855108618736267,0.43764612078666687,-0.022846348583698273,0.45351213216781616,0.4557342529296875,-0.02127947472035885,0.4290187656879425,0.47615543007850647,-0.014386153779923916,0.3991897404193878,0.4743892252445221,-0.011829663999378681,0.3882073760032654,0.5016711354255676,-0.03794669732451439,0.44190293550491333,0.5144335627555847,-0.03139694780111313,0.4162195324897766,0.5302689671516418,-0.016030019149184227,0.3880854845046997,0.5298263430595398,-0.009886871092021465,0.3827586770057678,0.5641520023345947,-0.052354857325553894,0.4146895110607147,0.5682812333106995,-0.04201419651508331,0.390718013048172,0.575423538684845,-0.024771302938461304,0.36825987696647644,0.5752524733543396,-0.01429758220911026,G
0.503196120262146,0.2786765694618225,-4.1424394225941796e-07,0.45937579870224,0.20073117315769196,0.006054530385881662,0.3909105658531189,0.15958097577095032,-0.00020631516235880554,0.3286588191986084,0.17436808347702026,-0.009035296738147736,0.29368019104003906,0.21007445454597473,-0.016684193164110184,0.3607881963253021,0.11167089641094208,-0.01439131423830986,0.27281683683395386,0.1689031422138214,-0.03639792650938034,0.2928009629249573,0.20325885713100433,-0.04612858220934868,0.31913065910339355,0.19769416749477386,-0.05053534358739853,0.3637133836746216,0.154404416680336,-0.02731265313923359,0.27622145414352417,0.2213798612356186,-0.04504358023405075,0.30264878273010254,0.24543961882591248,-0.04223344847559929,0.33040449023246765,0.2302616834640503,-0.0394434779882431,0.3700356185436249,0.21035656332969666,-0.04034929722547531,0.29487454891204834,0.2792310118675232,-0.054029036313295364,0.32511067390441895,0.29649147391319275,-0.042457953095436096,0.35128262639045715,0.27648603916168213,-0.03466029465198517,0.3791956603527069,0.2726576626300812,-0.05316329747438431,0.3294340968132019,0.32700347900390625,-0.0637974813580513,0.3540625274181366,0.33453601598739624,-0.057460758835077286,0.37605926394462585,0.3166944682598114,-0.05136287957429886,G
0.2356242537498474,0.5354923009872437,-3.724079533640179e-07,0.2687826454639435,0.4575263261795044,0.01843690313398838,0.3067897856235504,0.4088151454925537,0.015034915879368782,0.3280809819698334,0.38008707761764526,0.006699851248413324,0.32990866899490356,0.35954079031944275,-0.0006036650738678873,0.3728153109550476,0.3800310492515564,-0.00665175961330533,0.45009666681289673,0.395561546087265,-0.015619490295648575,0.43182456493377686,0.42280423641204834,-0.018283748999238014,0.4031290113925934,0.42282938957214355,-0.018541065976023674,0.3847053349018097,0.43438398838043213,-0.02471844293177128,0.4524560570716858,0.45339882373809814,-0.022636018693447113,0.42783480882644653,0.4736218750476837,-0.015843801200389862,0.39664483070373535,0.47039029002189636,-0.013534578494727612,0.38736632466316223,0.4967799186706543,-0.04061652719974518,0.440573126077652,0.512336790561676,-0.03326597064733505,0.41504132747650146,0.5277805924415588,-0.01859036646783352,0.3869234323501587,0.5255269408226013,-0.013253046199679375,0.3820223808288574,0.5583086609840393,-0.05562756210565567,0.4144957661628723,0.5644407868385315,-0.04483969509601593,0.39061862230300903,0.5707224011421204,-0.027860762551426888,0.36813658475875854,0.5696743130683899,-0.017868584021925926,G
0.49619442224502563,0.27925345301628113,-4.0200185935646005e-07,0.4545692205429077,0.20091502368450165,0.003824100363999605,0.38575804233551025,0.15801669657230377,-0.0018612926360219717,0.32298028469085693,0.16328495740890503,-0.009498555213212967,0.2844727635383606,0.18956772983074188,-0.01583791710436344,0.35791683197021484,0.11303902417421341,-0.01557398121803999,0.2719247341156006,0.17168189585208893,-0.03895096480846405,0.2912229597568512,0.20301394164562225,-0.0492929145693779,0.31672853231430054,0.1974625438451767,-0.05351978912949562,0.3593977391719818,0.15980187058448792,-0.02741812914609909,0.2743847370147705,0.22467565536499023,-0.046468593180179596,0.29997938871383667,0.2476048767566681,-0.044096656143665314,0.3273182511329651,0.23433324694633484,-0.04121406748890877,0.36408674716949463,0.21847280859947205,-0.0397539958357811,0.2928202748298645,0.2821645140647888,-0.05626529082655907,0.3220081031322479,0.29792842268943787,-0.04449872672557831,0.34844398498535156,0.28035977482795715,-0.035539690405130386,0.37186944484710693,0.28223782777786255,-0.05190380662679672,0.3243204355239868,0.329685240983963,-0.06447873264551163,0.3491940200328827,0.3371480703353882,-0.057533375918865204,0.37124091386795044,0.32144734263420105,-0.05025546997785568,G
0.2358885407447815,0.5314968228340149,-3.9062356904651097e-07,0.2749956548213959,0.44773802161216736,0.017182152718305588,0.32356905937194824,0.40203946828842163,0.01493188738822937,0.3623082935810089,0.38631394505500793,0.008216776885092258,0.3848572075366974,0.38757333159446716,0.00364000559784472,0.37582212686538696,0.37627875804901123,-0.0037960554473102093,0.44989824295043945,0.39049291610717773,-0.01119653508067131,0.43049514293670654,0.4169142544269562,-0.012590820901095867,0.401606947183609,0.4170273542404175,-0.01203472912311554,0.3873763978481293,0.43046897649765015,-0.02035379409790039,0.45280182361602783,0.4473346471786499,-0.017889801412820816,0.42838752269744873,0.46588122844696045,-0.011431926861405373,0.39718690514564514,0.46264132857322693,-0.00890667550265789,0.38991883397102356,0.4930478632450104,-0.03483074903488159,0.4406417906284332,0.5067550539970398,-0.027132319286465645,0.41554468870162964,0.5199735164642334,-0.012379487045109272,0.3874894082546234,0.5178097486495972,-0.006698580924421549,0.38379669189453125,0.5543820858001709,-0.0485379584133625,0.41484612226486206,0.5578179359436035,-0.037256695330142975,0.39174583554267883,0.5631312727928162,-0.019949927926063538,0.3697093725204468,0.5625388622283936,-0.009372003376483917,G
0.48955756425857544,0.28080275654792786,-3.900434819570364e-07,0.44656044244766235,0.20354408025741577,0.006099059246480465,0.3806498944759369,0.16464164853096008,-0.001178419217467308,0.3198181390762329,0.18011854588985443,-0.011079132556915283,0.28539711236953735,0.21614611148834229,-0.02027488499879837,0.3535003066062927,0.11873947829008102,-0.016667820513248444,0.26687896251678467,0.17642834782600403,-0.03985559940338135,0.28716060519218445,0.20646309852600098,-0.050567205995321274,0.31356120109558105,0.20076051354408264,-0.055346935987472534,0.3569171726703644,0.16500477492809296,-0.030384715646505356,0.2697922885417938,0.22861148416996002,-0.04872329533100128,0.29535308480262756,0.2499861866235733,-0.0466151162981987,0.3232826590538025,0.23668140172958374,-0.044393591582775116,0.36370566487312317,0.22301605343818665,-0.04404759779572487,0.2893563508987427,0.2864665985107422,-0.05937936529517174,0.3186092972755432,0.30113664269447327,-0.04732349142432213,0.3454897701740265,0.2828686535358429,-0.038680631667375565,0.3730349540710449,0.2858220040798187,-0.05722080171108246,0.31996387243270874,0.33234989643096924,-0.06866346299648285,0.3444691598415375,0.3391335606575012,-0.06022856384515762,0.3677067756652832,0.3237519860267639,-0.052305545657873154,G
0.23403997719287872,0.5321189761161804,-3.725162969203666e-07,0.276272177696228,0.4482191205024719,0.01684047281742096,0.32881465554237366,0.40604135394096375,0.014042992144823074,0.3727321922779083,0.40421608090400696,0.006803268566727638,0.40097054839134216,0.42044952511787415,0.001933155581355095,0.37345433235168457,0.3729799687862396,-0.00518376287072897,0.449133038520813,0.39081820845603943,-0.0133307920768857,0.4319857954978943,0.4194446802139282,-0.014652605168521404,0.40369662642478943,0.42079317569732666,-0.014003025367856026,0.3847620189189911,0.42827191948890686,-0.022013934329152107,0.4520966410636902,0.4473753869533539,-0.020231207832694054,0.42914682626724243,0.46886396408081055,-0.013683412224054337,0.39879268407821655,0.4667185842990875,-0.011087694205343723,0.38785284757614136,0.49233055114746094,-0.03679892048239708,0.4412962794303894,0.506683886051178,-0.029714979231357574,0.4167799651622772,0.5224286913871765,-0.01454333309084177,0.3889954090118408,0.5209508538246155,-0.00849110260605812,0.3828032910823822,0.5562278032302856,-0.05090312287211418,0.41588613390922546,0.5597509741783142,-0.039986319839954376,0.3928258419036865,0.5666755437850952,-0.02227170765399933,0.37060970067977905,0.5657655596733093,-0.011362370103597641,G
0.4914926588535309,0.27475959062576294,-3.4981891872121196e-07,0.44935816526412964,0.19956648349761963,0.002388502238318324,0.3816051185131073,0.15753617882728577,-0.005312885623425245,0.3203805387020111,0.167449951171875,-0.014688101597130299,0.28413447737693787,0.19817645847797394,-0.022853652015328407,0.3564700782299042,0.11322052776813507,-0.019178392365574837,0.27135714888572693,0.1715213656425476,-0.042606599628925323,0.29265204071998596,0.19953593611717224,-0.053041934967041016,0.3168167769908905,0.19038376212120056,-0.05759512633085251,0.35877037048339844,0.15970784425735474,-0.0307261161506176,0.273668110370636,0.22280238568782806,-0.05042869597673416,0.2997693717479706,0.24281258881092072,-0.04813843220472336,0.32688063383102417,0.2276749610900879,-0.045158784836530685,0.3633439242839813,0.21745291352272034,-0.04260038211941719,0.28976958990097046,0.2793597877025604,-0.058774419128894806,0.3190568685531616,0.29410281777381897,-0.0466543585062027,0.34546709060668945,0.27505457401275635,-0.03750423714518547,0.36993837356567383,0.2793554663658142,-0.05443314462900162,0.320293128490448,0.3263661861419678,-0.06635017693042755,0.34511619806289673,0.3342479467391968,-0.05887665972113609,0.36726105213165283,0.31881749629974365,-0.051371682435274124,G
0.2390308976173401,0.5260557532310486,-3.4883558441833884e-07,0.2852317988872528,0.44190847873687744,0.013876100070774555,0.340254008769989,0.40297743678092957,0.009234514087438583,0.38813504576683044,0.4098937213420868,0.00012073652032995597,0.4210018515586853,0.43805810809135437,-0.006528383586555719,0.3797321617603302,0.37241581082344055,-0.0032137285452336073,0.45276564359664917,0.3912612795829773,-0.014532490633428097,0.4332730770111084,0.41921842098236084,-0.02034194953739643,0.4049363434314728,0.42049500346183777,-0.022672107443213463,0.38878002762794495,0.4270051419734955,-0.01915031112730503,0.4534452557563782,0.45024052262306213,-0.01969372108578682,0.4306940734386444,0.47065263986587524,-0.01657886803150177,0.4012453258037567,0.466396689414978,-0.016182059422135353,0.39077451825141907,0.49011969566345215,-0.03375322371721268,0.4414423108100891,0.5084192156791687,-0.028635891154408455,0.4169943630695343,0.5228650569915771,-0.014851225540041924,0.38982996344566345,0.51953125,-0.00923128891736269,0.3854726254940033,0.5527207255363464,-0.048072803765535355,0.41885653138160706,0.557809591293335,-0.03817945346236229,0.39465874433517456,0.5647962093353271,-0.02061615325510502,0.372408390045166,0.5643457174301147,-0.009512634016573429,G
0.4989321827888489,0.27832967042922974,-3.249055566811876e-07,0.4536869525909424,0.20124885439872742,0.004731159191578627,0.3834364116191864,0.16101622581481934,-0.0026792180724442005,0.3214327096939087,0.18055066466331482,-0.012697928585112095,0.28799816966056824,0.2197524905204773,-0.021681834012269974,0.35399216413497925,0.116262286901474,-0.013389308005571365,0.27061498165130615,0.17366525530815125,-0.03656262159347534,0.2922632098197937,0.19821926951408386,-0.04863527789711952,0.31719428300857544,0.18792934715747833,-0.05455132573843002,0.3568542003631592,0.16324838995933533,-0.026882342994213104,0.2730802297592163,0.22303737699985504,-0.045771870762109756,0.29976677894592285,0.2405213862657547,-0.04523046687245369,0.3280867636203766,0.2265026718378067,-0.04361629858613014,0.3633081018924713,0.2208476960659027,-0.0406944639980793,0.29100343585014343,0.2800547480583191,-0.05546783283352852,0.3204014301300049,0.29239192605018616,-0.044317323714494705,0.347579687833786,0.2737904191017151,-0.03603578358888626,0.3720938265323639,0.28253161907196045,-0.05443695932626724,0.32153213024139404,0.32656556367874146,-0.06443293392658234,0.3458680510520935,0.3321433663368225,-0.05639295279979706,0.3682335913181305,0.3161695599555969,-0.04887542873620987,G
0.2410447746515274,0.5257951021194458,-3.6917023749083455e-07,0.2856457233428955,0.4432326555252075,0.013500303961336613,0.34103989601135254,0.4041840136051178,0.00897233933210373,0.3896368443965912,0.41481614112854004,-0.0001560068194521591,0.42324182391166687,0.4443097412586212,-0.006847200449556112,0.37879759073257446,0.3691059350967407,-0.0019497248576954007,0.45337244868278503,0.39044007658958435,-0.013637061230838299,0.4345276653766632,0.4162152409553528,-0.01998177170753479,0.4064020812511444,0.41676974296569824,-0.02280154637992382,0.387859582901001,0.42393243312835693,-0.018121616914868355,0.4542236924171448,0.44721469283103943,-0.020036207512021065,0.43096923828125,0.46858078241348267,-0.01793336682021618,0.40122342109680176,0.46557173132896423,-0.01800624653697014,0.3907316327095032,0.48738038539886475,-0.03315724432468414,0.44430598616600037,0.5046006441116333,-0.029755564406514168,0.41834187507629395,0.5206948518753052,-0.01627417281270027,0.38989245891571045,0.5178899168968201,-0.01038416475057602,0.3862307369709015,0.5510213971138,-0.04788590595126152,0.4234974980354309,0.5549091100692749,-0.03979415446519852,0.39770591259002686,0.5632843971252441,-0.02245369739830494,0.3731589913368225,0.5624155402183533,-0.011295908130705357,G
0.502044677734375,0.2898845672607422,-3.701455568716483e-07,0.4574460983276367,0.21124356985092163,0.005188402254134417,0.38729679584503174,0.1688808798789978,-0.0007564964471384883,0.32563328742980957,0.18418829143047333,-0.009322482161223888,0.2902482748031616,0.2205093652009964,-0.01664217747747898,0.3574434518814087,0.12221266329288483,-0.011500135995447636,0.2728100121021271,0.17869774997234344,-0.03422446921467781,0.2927647531032562,0.2071007788181305,-0.045606356114149094,0.3182286322116852,0.1987791806459427,-0.050846170634031296,0.3583574891090393,0.16766948997974396,-0.024368315935134888,0.27497607469558716,0.22975578904151917,-0.042574211955070496,0.30092909932136536,0.25071147084236145,-0.04139313846826553,0.32869642972946167,0.236008882522583,-0.039349351078271866,0.36315274238586426,0.2243971973657608,-0.03770650923252106,0.29212307929992676,0.28743070363998413,-0.051366060972213745,0.32180413603782654,0.30333390831947327,-0.04024391621351242,0.3481810688972473,0.284501314163208,-0.03236278519034386,0.37141668796539307,0.28608575463294983,-0.051093075424432755,0.32304808497428894,0.33433130383491516,-0.06039644777774811,0.3472743630409241,0.3424975275993347,-0.05307164043188095,0.36891838908195496,0.32657477259635925,-0.04619977995753288,G
0.2438635230064392,0.5304760932922363,-3.6433920058698277e-07,0.2841493785381317,0.4491797685623169,0.011945794336497784,0.3350955843925476,0.4085405766963959,0.006048313807696104,0.3804490268230438,0.4126858413219452,-0.0036393781192600727,0.4133996367454529,0.4350200593471527,-0.010801034979522228,0.3753281831741333,0.3780539035797119,-0.010011573322117329,0.4481223225593567,0.39384180307388306,-0.021737897768616676,0.42962846159935,0.42181119322776794,-0.025713736191391945,0.40196895599365234,0.4242515563964844,-0.02689812146127224,0.3850843906402588,0.4315037727355957,-0.025926385074853897,0.4535835385322571,0.44959917664527893,-0.029118971899151802,0.42999067902565,0.47233739495277405,-0.024921756237745285,0.3996051847934723,0.47009924054145813,-0.02323688380420208,0.3873484432697296,0.49371206760406494,-0.04032476246356964,0.4438450038433075,0.5075019598007202,-0.03853418678045273,0.4184664189815521,0.5244424939155579,-0.02385667897760868,0.39029014110565186,0.5218501687049866,-0.01714717410504818,0.38167107105255127,0.5565640330314636,-0.054302364587783813,0.42043519020080566,0.5605592131614685,-0.04883825406432152,0.3956332504749298,0.5683643817901611,-0.03202667832374573,0.3716982305049896,0.5668487548828125,-0.021084148436784744,G
0.4957309365272522,0.29106369614601135,-3.731506694748532e-07,0.45049405097961426,0.2154061496257782,0.008528592064976692,0.3812336325645447,0.1779325008392334,0.003092423314228654,0.3221108019351959,0.2000838816165924,-0.005479502025991678,0.2893252968788147,0.24234020709991455,-0.013819060288369656,0.35149431228637695,0.1322159767150879,-0.010765292681753635,0.2691044807434082,0.19054549932479858,-0.029702316969633102,0.28890323638916016,0.22033244371414185,-0.039503343403339386,0.31407225131988525,0.2139369249343872,-0.04427236691117287,0.35309725999832153,0.18063607811927795,-0.024749351665377617,0.2687302231788635,0.23985709249973297,-0.039287663996219635,0.2931455969810486,0.26147109270095825,-0.03726029768586159,0.32119491696357727,0.2500227689743042,-0.03528650104999542,0.3587976396083832,0.23878337442874908,-0.038272418081760406,0.2863479256629944,0.2949082553386688,-0.0498659685254097,0.3146360516548157,0.3079334795475006,-0.03894326463341713,0.3418695330619812,0.2912779748439789,-0.03138856962323189,0.367338091135025,0.30052483081817627,-0.05113780498504639,0.31535935401916504,0.3364626467227936,-0.059504687786102295,0.3401162326335907,0.3415314257144928,-0.05035073682665825,0.3642880916595459,0.32865840196609497,-0.04206186160445213,G
0.249306321144104,0.5422791838645935,-3.170020761444903e-07,0.292288213968277,0.45593658089637756,0.012053748592734337,0.3462662398815155,0.41874581575393677,0.007868300192058086,0.3940781354904175,0.4281127452850342,7.056992762954906e-05,0.42549097537994385,0.45573997497558594,-0.005380725953727961,0.3840219974517822,0.3949081301689148,-0.006790057756006718,0.45386606454849243,0.40950047969818115,-0.01747864857316017,0.43595197796821594,0.4353134036064148,-0.02157263457775116,0.4091063141822815,0.4357568919658661,-0.022631783038377762,0.39374738931655884,0.4473455846309662,-0.020992498844861984,0.45787113904953003,0.46339279413223267,-0.021464619785547256,0.4361618161201477,0.48348718881607056,-0.016503233462572098,0.40793880820274353,0.4813290238380432,-0.014483156614005566,0.3958389163017273,0.5085260272026062,-0.03388524428009987,0.4502863883972168,0.5200710296630859,-0.030571892857551575,0.425915390253067,0.5336397886276245,-0.016764504835009575,0.39843249320983887,0.5316855907440186,-0.01035869587212801,0.3898910582065582,0.5702007412910461,-0.04637835547327995,0.42371776700019836,0.574092447757721,-0.03951003775000572,0.40039917826652527,0.5799989700317383,-0.023603349924087524,0.3787091076374054,0.5793150067329407,-0.013057383708655834,G
0.5028625130653381,0.3111600875854492,-3.5792717767435533e-07,0.4579485058784485,0.2385760247707367,0.006618586368858814,0.3897066116333008,0.20137664675712585,0.00040494874701835215,0.32798781991004944,0.21590223908424377,-0.008381415158510208,0.290751576423645,0.25118014216423035,-0.01618986204266548,0.36204642057418823,0.15601485967636108,-0.01323795411735773,0.276193767786026,0.2059316337108612,-0.034308552742004395,0.2947750687599182,0.23210985958576202,-0.043761685490608215,0.31925010681152344,0.22759917378425598,-0.04749439284205437,0.3628276288509369,0.2046440988779068,-0.026410603895783424,0.27689313888549805,0.2581882178783417,-0.042781345546245575,0.3007459342479706,0.2755386531352997,-0.04035283625125885,0.3268570303916931,0.2648903727531433,-0.0375325009226799,0.36698436737060547,0.2635764479637146,-0.0395088791847229,0.29291844367980957,0.315458744764328,-0.05394003167748451,0.3221849799156189,0.3268483877182007,-0.0415690653026104,0.34845468401908875,0.311453253030777,-0.0321648046374321,0.37372493743896484,0.32674315571784973,-0.05202372372150421,0.32219797372817993,0.36215534806251526,-0.06275639683008194,0.3482433259487152,0.36742034554481506,-0.053342729806900024,0.3710474371910095,0.35533276200294495,-0.04423517361283302,G
0.2661983072757721,0.5968409776687622,-3.621072153237037e-07,0.3122273087501526,0.5042600035667419,0.012994196265935898,0.36849865317344666,0.4685637354850769,0.01095315720885992,0.41580474376678467,0.4773246943950653,0.005558297503739595,0.44556689262390137,0.5022505521774292,0.002088381676003337,0.4017484784126282,0.46265241503715515,-0.006337117403745651,0.47051215171813965,0.46991533041000366,-0.015962211415171623,0.4502565264701843,0.4865493178367615,-0.019653519615530968,0.42335495352745056,0.4888607859611511,-0.019889498129487038,0.4095700681209564,0.5217487215995789,-0.018763115629553795,0.47309595346450806,0.5259810090065002,-0.017825789749622345,0.4503621459007263,0.5366427302360535,-0.011944100260734558,0.421981543302536,0.5389107465744019,-0.008792458102107048,0.40962421894073486,0.5837470889091492,-0.02960279770195484,0.4624124765396118,0.5833603143692017,-0.02441336400806904,0.4406827688217163,0.5880220532417297,-0.011116303503513336,0.4148339033126831,0.5887775421142578,-0.0047779022715985775,0.4024253785610199,0.6411301493644714,-0.039714813232421875,0.43532946705818176,0.632387638092041,-0.029778700321912766,0.4152156114578247,0.6320928931236267,-0.01305172499269247,0.3956034183502197,0.6333519816398621,-0.0020512861665338278,G
0.5160847902297974,0.3710184097290039,-3.9871932244750496e-07,0.46776971220970154,0.29608505964279175,0.00937790796160698,0.39625540375709534,0.2500385344028473,0.005233319476246834,0.3357395529747009,0.2388877272605896,-0.002016877755522728,0.2939758598804474,0.25870218873023987,-0.00880953948944807,0.37726372480392456,0.22120405733585358,-0.01642303355038166,0.29619091749191284,0.2508300542831421,-0.039619412273168564,0.3141898512840271,0.27920201420783997,-0.05000244081020355,0.34272313117980957,0.2815607190132141,-0.05354779213666916,0.3800559639930725,0.27451515197753906,-0.03129439055919647,0.29621633887290955,0.3237515687942505,-0.049419425427913666,0.32250258326530457,0.3434154689311981,-0.046455733478069305,0.35327693819999695,0.3340265154838562,-0.042823418974876404,0.38613396883010864,0.33819907903671265,-0.0458294115960598,0.31289467215538025,0.38672807812690735,-0.0624345988035202,0.3408268094062805,0.39721551537513733,-0.04862815514206886,0.36953088641166687,0.38292959332466125,-0.037686508148908615,0.3947494924068451,0.40401485562324524,-0.05909330025315285,0.3387039601802826,0.4323476552963257,-0.07009129226207733,0.3632899820804596,0.4366576075553894,-0.05766374245285988,0.3895275294780731,0.4266005754470825,-0.046136606484651566,G
0.28201740980148315,0.6168544292449951,-3.0314222954075376e-07,0.3261801600456238,0.5245473980903625,0.010198552161455154,0.38129425048828125,0.49148207902908325,0.00638703303411603,0.4272580146789551,0.5084856152534485,-0.000558149185962975,0.4523007273674011,0.5416766405105591,-0.005543398205190897,0.41239798069000244,0.48116686940193176,-0.008179719559848309,0.4818684160709381,0.48850762844085693,-0.01876971498131752,0.46145421266555786,0.505817711353302,-0.02309473045170307,0.4348800778388977,0.5089710354804993,-0.023635385558009148,0.4199528992176056,0.5411444306373596,-0.019948866218328476,0.48437806963920593,0.5435632467269897,-0.02062983252108097,0.46214723587036133,0.5522968173027039,-0.015564681962132454,0.43300238251686096,0.5535961985588074,-0.012293833307921886,0.41979169845581055,0.603823721408844,-0.030462898313999176,0.473080039024353,0.5999317765235901,-0.02689099684357643,0.45099085569381714,0.6034172177314758,-0.014055733568966389,0.42422476410865784,0.6047484278678894,-0.007138886954635382,0.41308289766311646,0.6629413366317749,-0.04051956906914711,0.4479438364505768,0.650763988494873,-0.032129447907209396,0.4281141757965088,0.6498530507087708,-0.015902021899819374,0.4079738259315491,0.6530652046203613,-0.004727769177407026,G
0.5202758312225342,0.3743048310279846,-3.6198704833623196e-07,0.47112300992012024,0.2973247766494751,0.0034551669377833605,0.39532047510147095,0.24957546591758728,-0.002107695909217,0.3284229636192322,0.2356266975402832,-0.00927911326289177,0.2793765366077423,0.2459743320941925,-0.01604621671140194,0.3836115896701813,0.22598466277122498,-0.02129397541284561,0.3020513951778412,0.2676032483577728,-0.044720374047756195,0.3221868872642517,0.29363471269607544,-0.05591019615530968,0.34971240162849426,0.29275432229042053,-0.06000809371471405,0.38706380128860474,0.28173917531967163,-0.03232035040855408,0.3034098148345947,0.33144137263298035,-0.05046848952770233,0.3288687765598297,0.34895840287208557,-0.04861808940768242,0.3597504198551178,0.33862361311912537,-0.04624338075518608,0.39173439145088196,0.34471964836120605,-0.043248869478702545,0.31855645775794983,0.3889167606830597,-0.05961347371339798,0.34494495391845703,0.3997158408164978,-0.04675399884581566,0.3742710053920746,0.3871006369590759,-0.03663242235779762,0.39719969034194946,0.40860655903816223,-0.05348392203450203,0.34510836005210876,0.43343091011047363,-0.06479647755622864,0.3678445816040039,0.438523530960083,-0.05437543988227844,0.3920145332813263,0.4300159513950348,-0.04441708326339722,G
0.2710043489933014,0.6170088648796082,-3.56650105004519e-07,0.3184635639190674,0.5243744850158691,0.011098155751824379,0.3765849173069,0.49178969860076904,0.009713927283883095,0.42365792393684387,0.5103776454925537,0.005009690765291452,0.4483219087123871,0.5455268025398254,0.002186102792620659,0.41514724493026733,0.4865208566188812,-0.003766673384234309,0.48273929953575134,0.4913681149482727,-0.011494679376482964,0.4607282876968384,0.5042095184326172,-0.0138164097443223,0.432635098695755,0.5067347884178162,-0.013080344535410404,0.4226122796535492,0.5483255386352539,-0.014865824021399021,0.4838576912879944,0.5471221208572388,-0.013393421657383442,0.460681289434433,0.5512247085571289,-0.008400890976190567,0.4317672550678253,0.5523875951766968,-0.005208681803196669,0.42080727219581604,0.6105474233627319,-0.024649981409311295,0.47262459993362427,0.6043939590454102,-0.020329616963863373,0.4502110779285431,0.6031758189201355,-0.00917199719697237,0.4230729937553406,0.6038324236869812,-0.003235809737816453,0.41155895590782166,0.6669111847877502,-0.03376752883195877,0.4462440013885498,0.6539716720581055,-0.025675471872091293,0.42680227756500244,0.6499913334846497,-0.010599316097795963,0.4059889614582062,0.6521640419960022,8.791090658633038e-05,G
0.5137306451797485,0.370758593082428,-3.683284717226343e-07,0.46675869822502136,0.2927570641040802,0.004081576131284237,0.3915552496910095,0.24092665314674377,-0.002027123235166073,0.3259645104408264,0.2302074134349823,-0.009578395634889603,0.2822941839694977,0.25591790676116943,-0.016488656401634216,0.37517249584198,0.2252967357635498,-0.026359202340245247,0.2898361086845398,0.2747231125831604,-0.05121774226427078,0.31440621614456177,0.2953897714614868,-0.06170191243290901,0.34407931566238403,0.2871891260147095,-0.0651526227593422,0.37932679057121277,0.28259533643722534,-0.03841748088598251,0.2965508699417114,0.34157514572143555,-0.058638300746679306,0.3243360221385956,0.35484886169433594,-0.0557415597140789,0.35439297556877136,0.34107667207717896,-0.051980916410684586,0.3854770064353943,0.345976322889328,-0.05013333633542061,0.3159024119377136,0.3990228772163391,-0.0670798122882843,0.34334221482276917,0.40439221262931824,-0.05359777808189392,0.3707893490791321,0.3867853879928589,-0.042918551713228226,0.39301860332489014,0.4090784788131714,-0.06111627444624901,0.344350129365921,0.44129884243011475,-0.07245957851409912,0.36891210079193115,0.44522824883461,-0.06180637329816818,0.3922046720981598,0.4341021478176117,-0.05162913352251053,G
0.2686316668987274,0.6255984902381897,-3.41464243547307e-07,0.30405911803245544,0.5345302224159241,0.010714355856180191,0.34842467308044434,0.49073126912117004,0.007524915039539337,0.3880961537361145,0.5052061676979065,0.0006810394115746021,0.4073295593261719,0.5388593077659607,-0.004847194533795118,0.4175398647785187,0.4864545464515686,-0.0021261400543153286,0.4698253870010376,0.49746203422546387,-0.00797329843044281,0.4510647654533386,0.5150929689407349,-0.012377877719700336,0.42643028497695923,0.5160840153694153,-0.01473140623420477,0.42912396788597107,0.5495052337646484,-0.013981842435896397,0.4720686078071594,0.5548837780952454,-0.008132929913699627,0.4520740509033203,0.5662658214569092,-0.004228033125400543,0.42493414878845215,0.5672063231468201,-0.004150083754211664,0.4293566346168518,0.6119759678840637,-0.024698743596673012,0.45964235067367554,0.6132203340530396,-0.016594750806689262,0.44011178612709045,0.6205312013626099,-0.007749014534056187,0.4140126407146454,0.6212571263313293,-0.00549540389329195,0.4204586446285248,0.668350875377655,-0.035312023013830185,0.43984121084213257,0.6627441644668579,-0.02607637085020542,0.4206269681453705,0.6647922396659851,-0.013051774352788925,0.39879563450813293,0.6659307479858398,-0.004546203650534153,G
0.5215011239051819,0.36710333824157715,-3.4366726708867645e-07,0.4730162024497986,0.2922532558441162,0.00876528024673462,0.40589550137519836,0.2579851448535919,0.00592315336689353,0.3528718054294586,0.26668792963027954,-0.0002277139574289322,0.3219083547592163,0.3027646243572235,-0.005696170497685671,0.3709088861942291,0.22696973383426666,-0.005885681137442589,0.29968035221099854,0.2776166796684265,-0.02465464361011982,0.32053303718566895,0.3002321422100067,-0.03457636013627052,0.3489747941493988,0.2946557104587555,-0.03874397277832031,0.37024205923080444,0.27911844849586487,-0.018178466707468033,0.3017677962779999,0.3440571427345276,-0.03267380967736244,0.32766029238700867,0.35728874802589417,-0.03133067488670349,0.3544391393661499,0.34066739678382874,-0.029055064544081688,0.3756924271583557,0.3395056128501892,-0.030643710866570473,0.32067763805389404,0.39917734265327454,-0.04219261556863785,0.3479953706264496,0.4054875075817108,-0.03246243670582771,0.3713915944099426,0.3853234648704529,-0.02505933865904808,0.3862467408180237,0.4003230929374695,-0.04249532148241997,0.34967008233070374,0.4391367435455322,-0.049367956817150116,0.3729649782180786,0.4426252841949463,-0.04056248441338539,0.392782986164093,0.4293445348739624,-0.03223012387752533,G
0.2746817469596863,0.6338523626327515,-4.1898459812728106e-07,0.29184025526046753,0.5330392122268677,0.003211214439943433,0.33188754320144653,0.46794217824935913,0.0006079337908886373,0.37361541390419006,0.46196842193603516,-0.003334516892209649,0.39502424001693726,0.49129781126976013,-0.006247071083635092,0.42758017778396606,0.48704713582992554,-0.003970919642597437,0.4452609419822693,0.4690166115760803,-0.001788509078323841,0.42196983098983765,0.4764767289161682,-0.002046026522293687,0.4017385244369507,0.48936498165130615,-0.0038479971699416637,0.4393234848976135,0.551027238368988,-0.010180613957345486,0.4509041905403137,0.5253028273582458,-0.0023928312584757805,0.4277651607990265,0.5250182151794434,0.0001863783982116729,0.4040355384349823,0.538314938545227,-0.000895510776899755,0.4353639781475067,0.6114766001701355,-0.01482850406318903,0.4457453191280365,0.5835358500480652,-0.00945956539362669,0.4243849217891693,0.5809515714645386,-0.005404191557317972,0.4000111222267151,0.5925942659378052,-0.005473175551742315,0.42302200198173523,0.6635456681251526,-0.019330142065882683,0.4289633333683014,0.6366527080535889,-0.015612284652888775,0.4106396436691284,0.6313220262527466,-0.007828379981219769,0.3909159302711487,0.6396337747573853,-0.0019168967846781015,G
0.52618008852005,0.37510621547698975,-3.015056222466228e-07,0.4754600524902344,0.29212138056755066,0.010113813914358616,0.39832594990730286,0.24471759796142578,0.009107979014515877,0.3320504426956177,0.23289108276367188,0.004985051229596138,0.28440186381340027,0.25199800729751587,-0.00020995011436752975,0.37097179889678955,0.22424280643463135,-0.00846870243549347,0.2921205163002014,0.2352389693260193,-0.023615578189492226,0.26813870668411255,0.26532894372940063,-0.03118017688393593,0.26067018508911133,0.28882625699043274,-0.03508872166275978,0.3703065812587738,0.2795651853084564,-0.020804207772016525,0.3092079162597656,0.3260769844055176,-0.033445123583078384,0.335608571767807,0.34067368507385254,-0.03142600506544113,0.36202389001846313,0.3307289481163025,-0.030064092949032784,0.3754183053970337,0.34376460313796997,-0.03231486305594444,0.32864612340927124,0.3850582540035248,-0.04351088032126427,0.3544107973575592,0.39179888367652893,-0.03177640587091446,0.3787792921066284,0.380472868680954,-0.024102695286273956,0.3836676776409149,0.4067530632019043,-0.04290572181344032,0.3483522832393646,0.43109720945358276,-0.04870669171214104,0.3725764751434326,0.4361407160758972,-0.037267424166202545,0.3950612545013428,0.430286705493927,-0.028061984106898308,G
0.2817578613758087,0.6275926828384399,-4.482974986785848e-07,0.2917145788669586,0.5264552235603333,0.0028709201142191887,0.3329159617424011,0.46134454011917114,0.003521169535815716,0.3717036247253418,0.4626811742782593,0.0032578178215771914,0.3891506791114807,0.4961897134780884,0.0033997977152466774,0.4275209307670593,0.4841535687446594,0.002197779482230544,0.4233347475528717,0.4659228026866913,0.0034510421101003885,0.3995031416416168,0.47634100914001465,-0.0009641906945034862,0.3824217915534973,0.49071428179740906,-0.005600258708000183,0.4428980350494385,0.5457665324211121,-0.0035125731956213713,0.43212106823921204,0.522361159324646,0.005188903771340847,0.4087236225605011,0.527736246585846,0.005129768513143063,0.3903282582759857,0.5446408987045288,0.002352384617552161,0.44114622473716736,0.6053287386894226,-0.008187714032828808,0.43348103761672974,0.5806317925453186,-0.003231574548408389,0.4118266701698303,0.5808453559875488,-0.0017600666033104062,0.3924856185913086,0.5932406783103943,-0.002946329303085804,0.4297625422477722,0.657049298286438,-0.0130195626989007,0.42408743500709534,0.6335241794586182,-0.010176192969083786,0.4048868417739868,0.6308467388153076,-0.003535083495080471,0.38835304975509644,0.6392295360565186,0.0022238718811422586,G
0.5461035966873169,0.39841651916503906,-2.1070337652417948e-07,0.5047406554222107,0.2887747287750244,0.008236587047576904,0.4471859931945801,0.23720458149909973,0.006113095674663782,0.3931320011615753,0.24856558442115784,0.00019562742090784013,0.36301079392433167,0.29278919100761414,-0.006656665820628405,0.3825122117996216,0.2395927608013153,0.0006751184700988233,0.3179784417152405,0.22304943203926086,-0.01161835715174675,0.3044821321964264,0.23860350251197815,-0.021905535832047462,0.30808091163635254,0.25864848494529724,-0.02794623374938965,0.3651547431945801,0.2972024083137512,-0.008861188776791096,0.33699044585227966,0.3034335970878601,-0.012833835557103157,0.36083441972732544,0.31278151273727417,-0.01424306072294712,0.3875952959060669,0.31536293029785156,-0.016739584505558014,0.36397647857666016,0.3606879711151123,-0.017980720847845078,0.3463843762874603,0.3609895408153534,-0.01834644190967083,0.3682096302509308,0.36478522419929504,-0.010677006095647812,0.39319556951522827,0.3667483925819397,-0.00805373303592205,0.36996400356292725,0.421647846698761,-0.027077779173851013,0.35684359073638916,0.41886892914772034,-0.023898497223854065,0.37895283102989197,0.4181731939315796,-0.012846614234149456,0.4000811278820038,0.41976308822631836,-0.004652461502701044,G
0.29672402143478394,0.6655299067497253,-4.5285227656677307e-07,0.3009544610977173,0.5620350241661072,0.0020284061320126057,0.3391917645931244,0.4877018928527832,0.003557297633960843,0.3748382031917572,0.47630685567855835,0.00428462028503418,0.3897205889225006,0.5051588416099548,0.005696658510714769,0.43573588132858276,0.5193737149238586,0.0035585674922913313,0.4328804612159729,0.49326610565185547,0.0036522923037409782,0.40832552313804626,0.5029976963996887,-0.0018234720919281244,0.3913533091545105,0.5200423002243042,-0.006792206782847643,0.4507609009742737,0.579012930393219,-0.0013231660705059767,0.44154247641563416,0.5469467639923096,0.006113483104854822,0.41876110434532166,0.5511514544487,0.0063546691089868546,0.4024486541748047,0.5704774856567383,0.004232082050293684,0.44939306378364563,0.6355496644973755,-0.005697951652109623,0.44241222739219666,0.6006532311439514,-0.001661387039348483,0.4215606451034546,0.6008321046829224,0.00010689930786611512,0.4052610993385315,0.6170787215232849,-0.00060018349904567,0.4386906325817108,0.6839175820350647,-0.010326209478080273,0.433572918176651,0.6499164700508118,-0.008570696227252483,0.4152796268463135,0.6475929617881775,-0.002551468089222908,0.40041378140449524,0.6606044173240662,0.002899010432884097,G
0.5244664549827576,0.40604540705680847,-1.877389621540715e-07,0.513221263885498,0.3097577691078186,-0.00592106394469738,0.4690212905406952,0.23746944963932037,-0.010966104455292225,0.42000991106033325,0.22497493028640747,-0.014427072368562222,0.3937438726425171,0.26099908351898193,-0.01793687790632248,0.38951945304870605,0.24983714520931244,-0.012757627293467522,0.37494808435440063,0.2618767023086548,-0.026856647804379463,0.4014030396938324,0.2796477675437927,-0.041554443538188934,0.4267609715461731,0.2875266671180725,-0.05017228052020073,0.367059588432312,0.30921268463134766,-0.014802404679358006,0.3667738437652588,0.3169235289096832,-0.018290378153324127,0.39168640971183777,0.32924219965934753,-0.022322459146380424,0.41662362217903137,0.3354550302028656,-0.02613377943634987,0.3606579899787903,0.3722211718559265,-0.016777239739894867,0.36530303955078125,0.37264835834503174,-0.019412679597735405,0.3879883587360382,0.37776294350624084,-0.016597839072346687,0.4119666814804077,0.38036778569221497,-0.015726260840892792,0.363777756690979,0.42817631363868713,-0.019508011639118195,0.36793965101242065,0.42507123947143555,-0.02183527871966362,0.3917006254196167,0.42887988686561584,-0.015473851934075356,0.4108778238296509,0.43182313442230225,-0.008997314609587193,G
0.29869595170021057,0.6725383996963501,-4.2600410665727395e-07,0.3057917356491089,0.573180079460144,0.003078965237364173,0.34413713216781616,0.5054841637611389,0.004586799070239067,0.38007837533950806,0.5001307725906372,0.005388826131820679,0.3946164846420288,0.5283951759338379,0.0067495121620595455,0.44386187195777893,0.523341953754425,0.0032815071754157543,0.44374600052833557,0.5132166147232056,0.004626674577593803,0.41983115673065186,0.522805392742157,-0.0003177618491463363,0.4033351242542267,0.5346418023109436,-0.005459214560687542,0.4578109383583069,0.5880622267723083,-0.0028058099560439587,0.4549286961555481,0.5686069130897522,0.006237746216356754,0.4328867793083191,0.5714166164398193,0.006978568155318499,0.4147800803184509,0.5871326327323914,0.004887482151389122,0.4551805257797241,0.6490675210952759,-0.008099325001239777,0.45169293880462646,0.6252854466438293,-0.0022563438396900892,0.4308932423591614,0.6239010095596313,-1.8486622138880193e-05,0.41282182931900024,0.6366701126098633,-0.0007773549295961857,0.44325166940689087,0.7003756165504456,-0.013607044704258442,0.44044065475463867,0.6760762333869934,-0.010329519398510456,0.4229483902454376,0.6728734374046326,-0.003640179755166173,0.40798723697662354,0.6828145384788513,0.001987467985600233,G
0.5302449464797974,0.409324586391449,-2.549467126300442e-07,0.5070071220397949,0.31816205382347107,0.0008458067895844579,0.4489167630672455,0.2673085927963257,-0.0007270153146237135,0.39677658677101135,0.283458948135376,-0.0022127844858914614,0.3715418577194214,0.3249737024307251,-0.004235490690916777,0.3853982090950012,0.2527085542678833,-0.006286995485424995,0.3495435416698456,0.30024945735931396,-0.017822615802288055,0.36812710762023926,0.32309743762016296,-0.02908918634057045,0.3946181833744049,0.32509779930114746,-0.03582431375980377,0.3669145405292511,0.31280624866485596,-0.01146301906555891,0.34749647974967957,0.35589978098869324,-0.014674514532089233,0.3721281886100769,0.36959007382392883,-0.017401421442627907,0.3984564542770386,0.3658987879753113,-0.019990211352705956,0.3656395673751831,0.37767499685287476,-0.016020886600017548,0.3589273691177368,0.4126508831977844,-0.019024036824703217,0.3826421797275543,0.4152490794658661,-0.016027992591261864,0.4056801497936249,0.4058758318424225,-0.015225989744067192,0.373425155878067,0.43968647718429565,-0.020650189369916916,0.3748612701892853,0.4629926383495331,-0.024443788453936577,0.40021035075187683,0.46295928955078125,-0.0189485065639019,0.4181457757949829,0.4556077718734741,-0.013073141686618328,G
0.28110891580581665,0.6424952149391174,-3.488776201265864e-07,0.324426531791687,0.5512274503707886,0.014456180855631828,0.3810237646102905,0.520424485206604,0.014787285588681698,0.42401769757270813,0.5436961054801941,0.011735432781279087,0.4434046149253845,0.5828264355659485,0.009826348163187504,0.43133628368377686,0.5068301558494568,3.0233333745854907e-05,0.48807281255722046,0.523414671421051,-0.0021104314364492893,0.4669027626514435,0.5444409251213074,-0.0028270429465919733,0.4395543038845062,0.5442613959312439,-0.0025346833281219006,0.4399891197681427,0.5725380778312683,-0.01167591754347086,0.4866408109664917,0.5843242406845093,-0.0019718727562576532,0.46407803893089294,0.5964401364326477,0.004319316241890192,0.4359133839607239,0.5941911935806274,0.0057350932620465755,0.4378119111061096,0.6388792991638184,-0.02142876572906971,0.4745542109012604,0.6418217420578003,-0.009696767665445805,0.45315563678741455,0.6485884189605713,0.0011708945967257023,0.42680755257606506,0.6470442414283752,0.004276808351278305,0.4270581305027008,0.6975864171981812,-0.030444474890828133,0.4499163031578064,0.6899853348731995,-0.017160475254058838,0.4299934208393097,0.6905273199081421,-0.0015615209704264998,0.40942901372909546,0.6898618340492249,0.008019625209271908,G
0.5417540073394775,0.3926355540752411,-3.3200981874870195e-07,0.49392956495285034,0.3180280029773712,0.007959472015500069,0.41979944705963135,0.2871740460395813,0.005597810726612806,0.3610926568508148,0.3132759928703308,0.0002698975440580398,0.3310920000076294,0.3652263581752777,-0.005219261161983013,0.3838886022567749,0.2608151137828827,-0.0028202401008456945,0.31482309103012085,0.32245707511901855,-0.018166091293096542,0.3327445983886719,0.3434164524078369,-0.028334636241197586,0.3578168451786041,0.3351849317550659,-0.03356897458434105,0.38557764887809753,0.3133992552757263,-0.014381635002791882,0.3121817111968994,0.3842692971229553,-0.02579720877110958,0.33504438400268555,0.39813095331192017,-0.02603975497186184,0.36147940158843994,0.38373222947120667,-0.025242401286959648,0.3936067819595337,0.37307944893836975,-0.025578398257493973,0.3320654034614563,0.4375164806842804,-0.03551066666841507,0.3565175235271454,0.44150540232658386,-0.026795508340001106,0.3798336386680603,0.42195284366607666,-0.0201451163738966,0.4064468443393707,0.4326843321323395,-0.03598389774560928,0.3609010577201843,0.4727686643600464,-0.04211007058620453,0.3834057152271271,0.47282859683036804,-0.03211287036538124,0.4060346484184265,0.4603561758995056,-0.023069186136126518,G
0.2747584581375122,0.6436346173286438,-2.9400388257272425e-07,0.32549619674682617,0.5525547862052917,0.009428028017282486,0.38645467162132263,0.5259394645690918,0.004663247615098953,0.4341528117656708,0.550605297088623,-0.0020455950871109962,0.45784032344818115,0.5906895995140076,-0.006404310930520296,0.416324645280838,0.5090813636779785,-0.015335381031036377,0.49095773696899414,0.5301607251167297,-0.023748623207211494,0.47120893001556396,0.5502572059631348,-0.02474353089928627,0.44253069162368774,0.5504879355430603,-0.02339022420346737,0.42294299602508545,0.57685387134552,-0.02622363716363907,0.4899978041648865,0.5908970832824707,-0.02404853142797947,0.467187762260437,0.5996466279029846,-0.017179278656840324,0.43753305077552795,0.5955567359924316,-0.014171021990478039,0.4209617078304291,0.6457664370536804,-0.03515459597110748,0.4778900146484375,0.6478171348571777,-0.02868618257343769,0.45466870069503784,0.650356113910675,-0.015129921957850456,0.426486074924469,0.6478006839752197,-0.009272146038711071,0.41181448101997375,0.7067602872848511,-0.04350960627198219,0.4448220133781433,0.6940363049507141,-0.03315458074212074,0.4240607023239136,0.6908100247383118,-0.01685194857418537,0.4026792645454407,0.6906599998474121,-0.006569552235305309,G
0.5356729626655579,0.4060171842575073,-3.840395095267013e-07,0.49434641003608704,0.3314375579357147,0.008806985802948475,0.42290616035461426,0.2943847179412842,0.005411846563220024,0.3621053099632263,0.29750490188598633,-0.0004344874178059399,0.3227849006652832,0.31756749749183655,-0.006022193469107151,0.39487549662590027,0.2679329514503479,-0.015677612274885178,0.31144091486930847,0.3214418292045593,-0.034991707652807236,0.3293193578720093,0.3431592285633087,-0.043436553329229355,0.3555251657962799,0.3352813124656677,-0.04650142788887024,0.3996984660625458,0.32135388255119324,-0.028588924556970596,0.31017759442329407,0.3838226795196533,-0.044577740132808685,0.33417364954948425,0.3983338177204132,-0.041726984083652496,0.36355262994766235,0.3850184679031372,-0.03829127550125122,0.40741899609565735,0.381425142288208,-0.0406881608068943,0.33025848865509033,0.4380614757537842,-0.05487057566642761,0.3561696410179138,0.44048354029655457,-0.04289669170975685,0.3828018307685852,0.42092999815940857,-0.03334583342075348,0.41807782649993896,0.44102534651756287,-0.05159911885857582,0.3619430661201477,0.4755338132381439,-0.0625428780913353,0.3851010203361511,0.4728306531906128,-0.053071361035108566,0.4098721146583557,0.45829540491104126,-0.0437464565038681,G
0.27383750677108765,0.6470949053764343,-3.224370175303193e-07,0.32695016264915466,0.5535295605659485,0.011446977034211159,0.3909401297569275,0.5248439311981201,0.007586920168250799,0.4413987994194031,0.5466137528419495,0.00125481269787997,0.46840786933898926,0.5846645832061768,-0.0028670853935182095,0.4171476364135742,0.5113890171051025,-0.014944694936275482,0.49492961168289185,0.5305324792861938,-0.02309594675898552,0.47595834732055664,0.5508657693862915,-0.023238619789481163,0.44760793447494507,0.5506218671798706,-0.021278003230690956,0.4216776192188263,0.5795025825500488,-0.026949165388941765,0.49110352993011475,0.592569887638092,-0.024325326085090637,0.46858248114585876,0.6006779670715332,-0.01638396829366684,0.4390103816986084,0.5951722264289856,-0.013139567337930202,0.4184357225894928,0.648530125617981,-0.0367916077375412,0.48023921251296997,0.6490774154663086,-0.03017313778400421,0.4579041004180908,0.6501750946044922,-0.014928346499800682,0.4293617308139801,0.6462929844856262,-0.008292622864246368,0.4088377356529236,0.7093445658683777,-0.04585599899291992,0.4489935040473938,0.6935997009277344,-0.03520473837852478,0.42928680777549744,0.6899325847625732,-0.017294859513640404,0.4070378839969635,0.6902682781219482,-0.006172223016619682,G
0.5285384058952332,0.3957022428512573,-3.5528020703168295e-07,0.48592907190322876,0.31906867027282715,0.009075677022337914,0.41699403524398804,0.2804490327835083,0.005833656061440706,0.3590751588344574,0.2723024785518646,-0.00021833392383996397,0.32063403725624084,0.2801535725593567,-0.005704379174858332,0.3953540325164795,0.2640368938446045,-0.019870348274707794,0.30951809883117676,0.3117573857307434,-0.04204505309462547,0.3304084837436676,0.32944318652153015,-0.05045565962791443,0.3601135313510895,0.3193739056587219,-0.05233339965343475,0.3999979496002197,0.3199306130409241,-0.03326527774333954,0.3103935718536377,0.3751693069934845,-0.05133535712957382,0.33512550592422485,0.38379567861557007,-0.0474165715277195,0.364351749420166,0.36615249514579773,-0.04271697625517845,0.4069960415363312,0.3812471032142639,-0.04593941196799278,0.32677778601646423,0.43155020475387573,-0.062018249183893204,0.3537333905696869,0.43155282735824585,-0.04856381192803383,0.381367027759552,0.41066163778305054,-0.03737131878733635,0.41677963733673096,0.4406512677669525,-0.057487696409225464,0.35903221368789673,0.4725800156593323,-0.06926421821117401,0.38101500272750854,0.46933531761169434,-0.05913207307457924,0.40604040026664734,0.45565560460090637,-0.04889681562781334,G
0.27068030834198,0.640587329864502,-3.5367608575143095e-07,0.3251478672027588,0.5466493368148804,0.011358498595654964,0.39019060134887695,0.5181995034217834,0.006823408883064985,0.4421643018722534,0.538865327835083,5.199386941967532e-05,0.4725704789161682,0.5727521777153015,-0.0043517122976481915,0.4132862985134125,0.5040021538734436,-0.0187174491584301,0.49717584252357483,0.5190178155899048,-0.027732793241739273,0.47544732689857483,0.5399283170700073,-0.028033234179019928,0.4464332163333893,0.5417935252189636,-0.026056045666337013,0.41788744926452637,0.5723702311515808,-0.03071148879826069,0.4947110116481781,0.5824591517448425,-0.029006171971559525,0.4690338671207428,0.5914519429206848,-0.020453739911317825,0.43731358647346497,0.5875711441040039,-0.016422471031546593,0.41423630714416504,0.6416712999343872,-0.040235769003629684,0.48156553506851196,0.6397550106048584,-0.033213477581739426,0.4570322334766388,0.6405284404754639,-0.016634875908493996,0.42675289511680603,0.6369231939315796,-0.009183109737932682,0.40388333797454834,0.702301025390625,-0.048961736261844635,0.4472788870334625,0.6847726702690125,-0.037853751331567764,0.4272746443748474,0.6796306371688843,-0.019383231177926064,0.40423354506492615,0.6788544654846191,-0.008022035472095013,G
0.5304078459739685,0.4095442593097687,-3.833888797544205e-07,0.4884399175643921,0.3311426639556885,0.007106952369213104,0.420066237449646,0.29002153873443604,0.001662866328842938,0.35667526721954346,0.28501275181770325,-0.005733001511543989,0.31815195083618164,0.29696202278137207,-0.013094712048768997,0.40500199794769287,0.26956915855407715,-0.026161039248108864,0.30981311202049255,0.3125012516975403,-0.04834163933992386,0.3282603621482849,0.3372931480407715,-0.0566432885825634,0.3588283956050873,0.33339640498161316,-0.05870368331670761,0.41087666153907776,0.32411548495292664,-0.03867180645465851,0.3100985884666443,0.37427613139152527,-0.05603579059243202,0.33288949728012085,0.3918244242668152,-0.0517282597720623,0.36390116810798645,0.38044604659080505,-0.04742594063282013,0.41709136962890625,0.38609299063682556,-0.05004850775003433,0.3257508873939514,0.43058687448501587,-0.06598441302776337,0.35047122836112976,0.43943944573402405,-0.05173952504992485,0.3801843225955963,0.4246247112751007,-0.04033417999744415,0.42374271154403687,0.4481979012489319,-0.060199592262506485,0.3553251028060913,0.4773067831993103,-0.07297009974718094,0.37587547302246094,0.4781442880630493,-0.06251377612352371,0.4024905562400818,0.46707290410995483,-0.05228269845247269,G
0.2684982717037201,0.6333591938018799,-3.3582765013306926e-07,0.32143041491508484,0.5504409670829773,-0.004885575734078884,0.39736253023147583,0.5160613656044006,-0.018897954374551773,0.46892473101615906,0.5262370109558105,-0.03183131292462349,0.5131896138191223,0.5636343359947205,-0.039879582822322845,0.3827183246612549,0.5153697729110718,-0.048334505409002304,0.48568081855773926,0.5232939720153809,-0.07104014605283737,0.46191278100013733,0.5415849089622498,-0.07460787147283554,0.429744154214859,0.5514290928840637,-0.07283806055784225,0.3798917829990387,0.5830637216567993,-0.05705432966351509,0.4839884042739868,0.5958367586135864,-0.07339775562286377,0.45395994186401367,0.5994653701782227,-0.06382471323013306,0.41737714409828186,0.596343994140625,-0.056049708276987076,0.37536272406578064,0.6502103805541992,-0.06464783102273941,0.4729796350002289,0.6559349298477173,-0.0724540501832962,0.443905770778656,0.6514393091201782,-0.04912005737423897,0.40992024540901184,0.6472811698913574,-0.03393099457025528,0.3690676987171173,0.7115052342414856,-0.0729396790266037,0.44093549251556396,0.7072321772575378,-0.07195951044559479,0.4186895787715912,0.6970524787902832,-0.05246201902627945,0.39096206426620483,0.6928980350494385,-0.0396270714700222,G
0.5063315033912659,0.4198185205459595,-4.1342690337842214e-07,0.46803632378578186,0.3506420850753784,0.002407859778031707,0.4046710729598999,0.29524314403533936,-0.004583684261888266,0.34352487325668335,0.2716832458972931,-0.012503649108111858,0.30358412861824036,0.28446316719055176,-0.020740391686558723,0.40945863723754883,0.2748772203922272,-0.03507543355226517,0.3123389184474945,0.28930720686912537,-0.05705108493566513,0.3210832178592682,0.32874172925949097,-0.06233677268028259,0.3479098677635193,0.34012219309806824,-0.06263481080532074,0.4192465543746948,0.3234439492225647,-0.046814799308776855,0.3130015730857849,0.3456076681613922,-0.0647636279463768,0.32784488797187805,0.3784703016281128,-0.05881715193390846,0.3567779064178467,0.3787796199321747,-0.05380956828594208,0.4264027774333954,0.38237878680229187,-0.057456787675619125,0.33303672075271606,0.4019945561885834,-0.07651171833276749,0.34993380308151245,0.4261898696422577,-0.062426455318927765,0.3788832724094391,0.4234655201435089,-0.05102287977933884,0.4285604655742645,0.44406944513320923,-0.06688341498374939,0.3545275926589966,0.45885369181632996,-0.08221854269504547,0.3673146665096283,0.4719237685203552,-0.07297798246145248,0.3921722173690796,0.46963387727737427,-0.06431689858436584,G
0.26569610834121704,0.6393765807151794,-3.3244245400965156e-07,0.31645625829696655,0.5573373436927795,-0.0059408522211015224,0.3929532468318939,0.5204333066940308,-0.020292997360229492,0.46578702330589294,0.5280023813247681,-0.03349440544843674,0.5050489902496338,0.5721297264099121,-0.04180995002388954,0.3776428997516632,0.5267451405525208,-0.049227774143218994,0.48113399744033813,0.5317814350128174,-0.07356365025043488,0.45629793405532837,0.5475679636001587,-0.07860154658555984,0.4247795045375824,0.5574594736099243,-0.07775766402482986,0.3737027645111084,0.5943131446838379,-0.05764401704072952,0.480025976896286,0.6045905947685242,-0.07643412798643112,0.4483543634414673,0.6063601970672607,-0.06685615330934525,0.41100794076919556,0.6049917936325073,-0.05800631642341614,0.36858755350112915,0.6601539850234985,-0.06523551046848297,0.4677763879299164,0.6648610830307007,-0.07490286231040955,0.438561350107193,0.6580938100814819,-0.05194593966007233,0.4041983187198639,0.6549222469329834,-0.03590865805745125,0.3620988726615906,0.7199451923370361,-0.07366017997264862,0.43603581190109253,0.7168185114860535,-0.07339638471603394,0.4153127372264862,0.705523669719696,-0.05453692004084587,0.38739097118377686,0.7029826045036316,-0.041719384491443634,G
0.5030575394630432,0.4202133119106293,-3.3771829066608916e-07,0.4672451913356781,0.3505347967147827,0.0011831724550575018,0.40371760725975037,0.2971399128437042,-0.007921830751001835,0.3407094180583954,0.2774902284145355,-0.01711469329893589,0.30282971262931824,0.2891230285167694,-0.026532024145126343,0.418779194355011,0.276988685131073,-0.04068222641944885,0.32345259189605713,0.28157347440719604,-0.061210472136735916,0.32719552516937256,0.315065860748291,-0.065504290163517,0.35233670473098755,0.3268231153488159,-0.06583644449710846,0.42504167556762695,0.33035823702812195,-0.05206054076552391,0.3166491687297821,0.3412969708442688,-0.06978356838226318,0.32780784368515015,0.36881574988365173,-0.06476924568414688,0.3572663366794586,0.37220096588134766,-0.0609133280813694,0.4282803237438202,0.3909972310066223,-0.06157216057181358,0.3333791494369507,0.399711936712265,-0.08035460859537125,0.3514888286590576,0.41797640919685364,-0.06687501817941666,0.38315466046333313,0.4168691635131836,-0.05621030554175377,0.4275450110435486,0.4523790180683136,-0.0696956217288971,0.3562850058078766,0.4589148759841919,-0.08590725809335709,0.37098443508148193,0.46515539288520813,-0.07719721645116806,0.3979506492614746,0.4616537392139435,-0.06899265944957733,G
0.26724281907081604,0.6380698680877686,-2.8834355703111214e-07,0.3181620240211487,0.5574329495429993,-0.004554154351353645,0.392643004655838,0.5180883407592773,-0.01923222653567791,0.4644719362258911,0.5222375988960266,-0.033072300255298615,0.5038533806800842,0.5643693208694458,-0.04218479245901108,0.37884804606437683,0.5161622166633606,-0.04814189672470093,0.4811939299106598,0.5211909413337708,-0.07230609655380249,0.46055370569229126,0.5457427501678467,-0.07773922383785248,0.4300385117530823,0.5577021241188049,-0.07748513668775558,0.37655365467071533,0.5815913081169128,-0.05807480961084366,0.48169034719467163,0.5945324301719666,-0.07697520405054092,0.45126932859420776,0.6048998832702637,-0.06849288940429688,0.41398024559020996,0.6035419702529907,-0.060761041939258575,0.3721376657485962,0.6487411260604858,-0.06689854711294174,0.46990662813186646,0.6544595956802368,-0.07687680423259735,0.4400712251663208,0.6553446650505066,-0.05394766107201576,0.405539333820343,0.6524748802185059,-0.03826214373111725,0.36557313799858093,0.7117254734039307,-0.07642363011837006,0.43740731477737427,0.7085333466529846,-0.07717099785804749,0.4150722324848175,0.7028442621231079,-0.05807003006339073,0.38740038871765137,0.7005175352096558,-0.04504905268549919,G
0.5099864602088928,0.41030025482177734,-3.232728431612486e-07,0.4751411974430084,0.3387943506240845,0.0007932903245091438,0.41312965750694275,0.2834664583206177,-0.009038432501256466,0.35154202580451965,0.2610383629798889,-0.01931506209075451,0.3097415566444397,0.2674308717250824,-0.029823703691363335,0.42658406496047974,0.2646799087524414,-0.03856541961431503,0.3303636610507965,0.2735757827758789,-0.06186895817518234,0.33113428950309753,0.30174753069877625,-0.06841493397951126,0.35227707028388977,0.31363600492477417,-0.0698743537068367,0.4334523379802704,0.3186194598674774,-0.05141361057758331,0.3238300085067749,0.33211588859558105,-0.07282625883817673,0.3374535143375397,0.35365766286849976,-0.06981786340475082,0.3664786219596863,0.35437992215156555,-0.06669226288795471,0.4376755952835083,0.3796067237854004,-0.06287997215986252,0.3417196273803711,0.38989725708961487,-0.08508836477994919,0.362309992313385,0.4032735824584961,-0.07152979075908661,0.39319971203804016,0.3990625739097595,-0.059951119124889374,0.4371579885482788,0.44198086857795715,-0.07313329726457596,0.3632194995880127,0.44884657859802246,-0.0913909524679184,0.37903890013694763,0.45151227712631226,-0.08259160071611404,0.4050891399383545,0.444444864988327,-0.07389108836650848,G
0.2643769383430481,0.6368218660354614,-2.7849833372783905e-07,0.31633704900741577,0.5567958354949951,-0.003235750598832965,0.3892785906791687,0.5174006819725037,-0.01764153689146042,0.4600764811038971,0.5180095434188843,-0.03143314644694328,0.49907293915748596,0.5582416653633118,-0.040306657552719116,0.37709805369377136,0.5126018524169922,-0.046565599739551544,0.47948601841926575,0.5120737552642822,-0.06961681693792343,0.4610498547554016,0.5383719205856323,-0.07360231131315231,0.4309934675693512,0.5509889125823975,-0.0723823755979538,0.3762885332107544,0.5762456655502319,-0.0574706606566906,0.4819749593734741,0.5862187743186951,-0.07662927359342575,0.45242002606391907,0.5992974042892456,-0.06780101358890533,0.41540518403053284,0.5986961126327515,-0.05947614461183548,0.37280160188674927,0.6422725319862366,-0.06717438995838165,0.4711648225784302,0.6486658453941345,-0.0775098130106926,0.442252516746521,0.651570737361908,-0.05452536419034004,0.40862876176834106,0.6484252214431763,-0.03857509419322014,0.3663961589336395,0.7049832344055176,-0.07745566964149475,0.43965092301368713,0.7044552564620972,-0.07832065969705582,0.4176756739616394,0.6999499797821045,-0.058966014534235,0.3896685540676117,0.6958782076835632,-0.04564077779650688,G
0.5048622488975525,0.4011269509792328,-2.9213597940724867e-07,0.47343653440475464,0.3326721787452698,-0.0010475781746208668,0.4156646132469177,0.2766672372817993,-0.012226726859807968,0.3568439185619354,0.25379154086112976,-0.023202572017908096,0.31485408544540405,0.26025617122650146,-0.03476101905107498,0.42996856570243835,0.25873997807502747,-0.04452056810259819,0.3329935669898987,0.2663637101650238,-0.06912167370319366,0.330326110124588,0.29780206084251404,-0.07578324526548386,0.3499380946159363,0.3132985830307007,-0.0771011933684349,0.43633896112442017,0.311828076839447,-0.05681268125772476,0.3242065906524658,0.3220010995864868,-0.08010371774435043,0.33469757437705994,0.34753304719924927,-0.07737549394369125,0.36306288838386536,0.35323235392570496,-0.0738079696893692,0.43919625878334045,0.3730967342853546,-0.06755951046943665,0.34168827533721924,0.3842085301876068,-0.09130730479955673,0.36157795786857605,0.3984003961086273,-0.07865792512893677,0.39341095089912415,0.39462408423423767,-0.0672183409333229,0.43660396337509155,0.4359148442745209,-0.077028289437294,0.36083903908729553,0.4455969035625458,-0.09753911942243576,0.3756542503833771,0.4477514922618866,-0.09032260626554489,0.4021826386451721,0.43922102451324463,-0.08223506063222885,G
0.27042531967163086,0.6344169974327087,-2.5521876523271203e-07,0.3159857392311096,0.5543007850646973,-0.005804216954857111,0.3887355625629425,0.5084284543991089,-0.022495422512292862,0.45897728204727173,0.5033848881721497,-0.03850384056568146,0.5084715485572815,0.5336344242095947,-0.0495898611843586,0.36899295449256897,0.5062606334686279,-0.05535627901554108,0.4727672040462494,0.5016013979911804,-0.08401947468519211,0.45685073733329773,0.5301482677459717,-0.09108294546604156,0.4258575737476349,0.5424582362174988,-0.09080423414707184,0.3654769957065582,0.5661422610282898,-0.0662783533334732,0.4767144024372101,0.5744277238845825,-0.08886313438415527,0.4486807584762573,0.5912846326828003,-0.07987267524003983,0.41031205654144287,0.593058705329895,-0.07141688466072083,0.3621123433113098,0.631813645362854,-0.07654184103012085,0.4697232246398926,0.6392580270767212,-0.09013058245182037,0.4406270980834961,0.6450923681259155,-0.06743965297937393,0.40525901317596436,0.6445067524909973,-0.0511840358376503,0.3582310676574707,0.6976354122161865,-0.08757231384515762,0.44008439779281616,0.7026715278625488,-0.09128990024328232,0.4186770021915436,0.6973121762275696,-0.0740344300866127,0.38807615637779236,0.6915736794471741,-0.0619870200753212,G
0.48797354102134705,0.3925032615661621,-2.6855551027438196e-07,0.4606364369392395,0.3297911286354065,-0.002950225258246064,0.4072403907775879,0.2703200876712799,-0.015217895619571209,0.354989230632782,0.2392517328262329,-0.026348480954766273,0.3178677260875702,0.23031648993492126,-0.03852985054254532,0.43285030126571655,0.26061588525772095,-0.05609092488884926,0.33887961506843567,0.24742746353149414,-0.07843038439750671,0.3311885595321655,0.2819673717021942,-0.08258107304573059,0.34779202938079834,0.29984453320503235,-0.08312150090932846,0.4415943920612335,0.31509023904800415,-0.06721236556768417,0.33352896571159363,0.30675357580184937,-0.08973941951990128,0.337651789188385,0.3318178653717041,-0.0854412093758583,0.3646913468837738,0.3381761312484741,-0.08171042054891586,0.44309714436531067,0.3757723569869995,-0.07611735910177231,0.3439163565635681,0.3665422797203064,-0.09780170768499374,0.3528236448764801,0.38207605481147766,-0.08486033231019974,0.38161611557006836,0.3825356364250183,-0.07413588464260101,0.4358096718788147,0.43600499629974365,-0.0836905688047409,0.3582795560359955,0.43014052510261536,-0.10307852923870087,0.3628150224685669,0.4312434494495392,-0.09655633568763733,0.3849811851978302,0.42618614435195923,-0.08959100395441055,G
0.26623281836509705,0.6436216831207275,-2.4485396465934173e-07,0.312507688999176,0.5618706941604614,-0.004889874253422022,0.3834840655326843,0.5162885189056396,-0.02183431014418602,0.45285987854003906,0.510805070400238,-0.0380968302488327,0.5034066438674927,0.5320263504981995,-0.04945628345012665,0.3663555085659027,0.5137614011764526,-0.05685680732131004,0.4701823592185974,0.510429859161377,-0.08604493737220764,0.45561572909355164,0.5383070111274719,-0.092965267598629,0.4258353114128113,0.5492486357688904,-0.09233897179365158,0.36134374141693115,0.5736720561981201,-0.06820844858884811,0.4739234149456024,0.5833883881568909,-0.09209185093641281,0.446419358253479,0.598568320274353,-0.08273458480834961,0.4081939160823822,0.5987406373023987,-0.07372346520423889,0.3570396304130554,0.6395748853683472,-0.07868077605962753,0.46607643365859985,0.6478032469749451,-0.0929524376988411,0.4363524317741394,0.6527197360992432,-0.06903398782014847,0.4006379246711731,0.6515116691589355,-0.05167810246348381,0.35204264521598816,0.7055785059928894,-0.08980455249547958,0.4355887472629547,0.7106925845146179,-0.0935245081782341,0.4137236475944519,0.7047672867774963,-0.07523161172866821,0.3826574683189392,0.698475182056427,-0.06219763308763504,G
0.48119989037513733,0.3990286886692047,-2.328817600982802e-07,0.4548075795173645,0.3374200761318207,-0.006550033576786518,0.4025031626224518,0.27782532572746277,-0.02111758291721344,0.3494516611099243,0.2504216730594635,-0.0340379923582077,0.3112112879753113,0.24300777912139893,-0.047701939940452576,0.42914798855781555,0.27136489748954773,-0.058616142719984055,0.33690688014030457,0.2625596523284912,-0.08461841195821762,0.3323758840560913,0.2930891513824463,-0.09124153107404709,0.35145410895347595,0.30952784419059753,-0.09252624213695526,0.4369802176952362,0.3265288770198822,-0.0690133348107338,0.3256149888038635,0.3198810815811157,-0.09528005123138428,0.332752525806427,0.3442457318305969,-0.09259872883558273,0.36367976665496826,0.35112127661705017,-0.08874770253896713,0.43713802099227905,0.3877668082714081,-0.07773818075656891,0.33600521087646484,0.3828898072242737,-0.10281118750572205,0.3463437855243683,0.3971146047115326,-0.09002894908189774,0.37760815024375916,0.39630207419395447,-0.07807821035385132,0.42753416299819946,0.4492899477481842,-0.0853814110159874,0.34866124391555786,0.442249059677124,-0.10637427866458893,0.35410061478614807,0.4424363672733307,-0.09916717559099197,0.37851211428642273,0.43824315071105957,-0.09097038209438324,G
0.2625730633735657,0.642379879951477,-2.2708147184857808e-07,0.3098289966583252,0.5604951977729797,-0.00471824686974287,0.37955912947654724,0.5157879590988159,-0.02121354639530182,0.4469250738620758,0.5108816623687744,-0.03763430938124657,0.4955187439918518,0.5335463285446167,-0.04906253516674042,0.36333751678466797,0.5094423890113831,-0.05075354874134064,0.4676532447338104,0.5106986165046692,-0.08025280386209488,0.45219922065734863,0.536099910736084,-0.08885426819324493,0.4211936295032501,0.5457141399383545,-0.08926984667778015,0.3598419427871704,0.5688889026641846,-0.06237833946943283,0.47324174642562866,0.5776205062866211,-0.0852251872420311,0.44653573632240295,0.5936261415481567,-0.0772373229265213,0.4083405137062073,0.5969207882881165,-0.0690251812338829,0.3568999767303467,0.6346074342727661,-0.07361816614866257,0.4653366506099701,0.6411533355712891,-0.08728796243667603,0.43587490916252136,0.6466940641403198,-0.06457147747278214,0.39958199858665466,0.646999716758728,-0.04795040190219879,0.35301876068115234,0.7012722492218018,-0.08570627123117447,0.4358252286911011,0.7058115005493164,-0.08923348039388657,0.41309359669685364,0.7008081674575806,-0.07137816399335861,0.38114458322525024,0.6959088444709778,-0.05856887996196747,G
0.48496013879776,0.37830740213394165,-8.650791727404794e-08,0.4560436010360718,0.2993367314338684,-0.0041123791597783566,0.3909223973751068,0.24559634923934937,-0.018089577555656433,0.3286706507205963,0.22899821400642395,-0.030163466930389404,0.28423836827278137,0.2374209761619568,-0.04272044077515602,0.407181054353714,0.25254619121551514,-0.05829289183020592,0.3071657717227936,0.2708156108856201,-0.08402453362941742,0.3225255310535431,0.2788316607475281,-0.0900002270936966,0.3516732454299927,0.2790454030036926,-0.08993707597255707,0.41007280349731445,0.3158985376358032,-0.06776998937129974,0.29534807801246643,0.3336382210254669,-0.08952775597572327,0.31768572330474854,0.33501189947128296,-0.08420702815055847,0.35199564695358276,0.33332768082618713,-0.0798298642039299,0.4086393117904663,0.38110166788101196,-0.07504347711801529,0.30572065711021423,0.3957850933074951,-0.0919659286737442,0.32704871892929077,0.3921332359313965,-0.07614396512508392,0.35893014073371887,0.38486453890800476,-0.06464556604623795,0.4028925895690918,0.4444161355495453,-0.08149881660938263,0.322299987077713,0.45243963599205017,-0.09453347325325012,0.3362220227718353,0.44265273213386536,-0.08440404385328293,0.36121389269828796,0.43123742938041687,-0.07561662048101425,G
0.2694258391857147,0.6487743854522705,-3.4201949006273935e-07,0.3222179412841797,0.560192346572876,0.0016750544309616089,0.3937603235244751,0.5235883593559265,-0.0091121606528759,0.4636155664920807,0.5236301422119141,-0.02014254219830036,0.5080544352531433,0.5442944169044495,-0.026643339544534683,0.3951285183429718,0.5030840635299683,-0.031545963138341904,0.4917791485786438,0.5117897391319275,-0.05030106008052826,0.47001564502716064,0.5374345183372498,-0.0543636716902256,0.43785959482192993,0.5475220084190369,-0.05350331589579582,0.4004986584186554,0.5709089040756226,-0.04257714003324509,0.49528223276138306,0.5808913111686707,-0.05258135125041008,0.46674150228500366,0.5955694913864136,-0.04469246044754982,0.43174153566360474,0.5963379144668579,-0.03901498764753342,0.40214774012565613,0.6416431665420532,-0.052449360489845276,0.4883662164211273,0.6454751491546631,-0.05580225959420204,0.4590384066104889,0.6490095257759094,-0.03533552214503288,0.42642635107040405,0.6471139192581177,-0.022962260991334915,0.39928507804870605,0.7084121704101562,-0.062437087297439575,0.45835864543914795,0.6987181901931763,-0.05802644044160843,0.43243324756622314,0.6962859630584717,-0.03844746574759483,0.40626466274261475,0.6966466903686523,-0.025561435148119926,G
0.5034825205802917,0.38233262300491333,-2.9100971232765005e-07,0.46560508012771606,0.30408594012260437,0.00040527942474000156,0.3959939479827881,0.26953375339508057,-0.003698986256495118,0.33329808712005615,0.2727349102497101,-0.008191388100385666,0.2921009063720703,0.2889719009399414,-0.012073916383087635,0.3777404725551605,0.2584412097930908,-0.022130580618977547,0.30326709151268005,0.2924196422100067,-0.041181884706020355,0.32163500785827637,0.3113994598388672,-0.04963364824652672,0.3494703471660614,0.30640074610710144,-0.05269781872630119,0.3747176229953766,0.32008564472198486,-0.02919198013842106,0.3011172115802765,0.36030322313308716,-0.043247513473033905,0.32354873418807983,0.37041282653808594,-0.04085296764969826,0.3502914309501648,0.3574925661087036,-0.03849777206778526,0.3769592046737671,0.3830956220626831,-0.03594415634870529,0.308241069316864,0.41861724853515625,-0.04892055317759514,0.3332351744174957,0.42101243138313293,-0.03760999068617821,0.3603764772415161,0.40554213523864746,-0.02907962165772915,0.383890300989151,0.44194960594177246,-0.04212402552366257,0.33691322803497314,0.46700870990753174,-0.05188780650496483,0.35693252086639404,0.4642000198364258,-0.0431721955537796,0.3790387213230133,0.45165932178497314,-0.034824516624212265,G
0.26695507764816284,0.65826815366745,-3.6373828038449574e-07,0.3156224489212036,0.5576654076576233,0.01507870014756918,0.3737623691558838,0.5240568518638611,0.014238880015909672,0.4202752411365509,0.5423946380615234,0.009994704276323318,0.4458051323890686,0.5788261890411377,0.007610395550727844,0.4195648729801178,0.5095868110656738,-0.004449083935469389,0.48276790976524353,0.5195035338401794,-0.0069649964570999146,0.4639020264148712,0.5431809425354004,-0.004891952034085989,0.4358648657798767,0.5449562072753906,-0.0021387699525803328,0.4297688901424408,0.5747315883636475,-0.016784310340881348,0.48466432094573975,0.5827436447143555,-0.008573747240006924,0.46209603548049927,0.597244381904602,-0.0007610819884575903,0.4320621192455292,0.5964497923851013,0.0019420264288783073,0.429114431142807,0.6435340046882629,-0.026670387014746666,0.4760582447052002,0.643762469291687,-0.015836169943213463,0.4536629617214203,0.6511206030845642,-0.003237008349969983,0.42471200227737427,0.6505144834518433,0.0010299452114850283,0.4191468060016632,0.7061795592308044,-0.03561149165034294,0.44622573256492615,0.6972876787185669,-0.022867068648338318,0.4268246591091156,0.6982852816581726,-0.006414264440536499,0.4054216146469116,0.6988452076911926,0.003943257499486208,G
0.5009561777114868,0.3923432230949402,-2.749728480466729e-07,0.4601276218891144,0.3080488443374634,0.0009613530128262937,0.3843626081943512,0.26126420497894287,-0.004578629042953253,0.3181268572807312,0.25543051958084106,-0.010150117799639702,0.2790828347206116,0.28393077850341797,-0.015592186711728573,0.3739806115627289,0.25778597593307495,-0.028082503005862236,0.2951251268386841,0.2893888056278229,-0.05034121870994568,0.3149353265762329,0.3073420822620392,-0.05978073924779892,0.34340113401412964,0.30491945147514343,-0.06264568120241165,0.3744780123233795,0.3203958570957184,-0.03678290918469429,0.2961190342903137,0.3590128421783447,-0.052269347012043,0.3198532164096832,0.36888256669044495,-0.04881603270769119,0.3467400074005127,0.3584362864494324,-0.045948177576065063,0.37816840410232544,0.38654133677482605,-0.044916458427906036,0.3080059289932251,0.42024409770965576,-0.058928363025188446,0.3341016173362732,0.4222361445426941,-0.0452851764857769,0.3613530099391937,0.40921419858932495,-0.035334501415491104,0.38442015647888184,0.44971945881843567,-0.052297789603471756,0.3343358039855957,0.46927881240844727,-0.06128699332475662,0.3570737838745117,0.4672432243824005,-0.04950603097677231,0.3792327642440796,0.4573855400085449,-0.03940814360976219,G
0.2546394169330597,0.6962774395942688,-3.896614941822918e-07,0.3094991445541382,0.5975051522254944,0.011535540223121643,0.37260809540748596,0.562811553478241,0.010249110870063305,0.4209092855453491,0.5830141305923462,0.0062365103513002396,0.44599437713623047,0.6188320517539978,0.004276725929230452,0.4174247682094574,0.5679612755775452,-0.0086338110268116,0.48748210072517395,0.5736663937568665,-0.015264712274074554,0.4654234051704407,0.5933928489685059,-0.015839120373129845,0.4350309371948242,0.597032368183136,-0.013886217959225178,0.4238349497318268,0.6377788782119751,-0.019575491547584534,0.4865880012512207,0.6419886946678162,-0.01447855681180954,0.46286123991012573,0.6506087779998779,-0.006950316485017538,0.4321928322315216,0.6490585803985596,-0.0035438244231045246,0.41900399327278137,0.7058444619178772,-0.028701335191726685,0.47286269068717957,0.7038698196411133,-0.02050401084125042,0.4498799443244934,0.705172061920166,-0.007479156833142042,0.4209107458591461,0.7027558088302612,-0.0021485909819602966,0.4053691029548645,0.7656718492507935,-0.037141118198633194,0.43980804085731506,0.7537169456481934,-0.0267843808978796,0.4199907183647156,0.7497016787528992,-0.010240767151117325,0.3977843225002289,0.7490872740745544,0.0007350036175921559,G
0.5126623511314392,0.39488735795021057,-1.2907612756407616e-07,0.47682926058769226,0.3095887303352356,-0.00472208671271801,0.3969998061656952,0.25002095103263855,-0.012277829460799694,0.32438337802886963,0.24134576320648193,-0.01759164407849312,0.27453184127807617,0.27148717641830444,-0.02434186451137066,0.38661104440689087,0.2282077670097351,-0.032375041395425797,0.29955920577049255,0.24344754219055176,-0.05288729816675186,0.2588251829147339,0.2730844020843506,-0.06223034858703613,0.2376997470855713,0.30160415172576904,-0.06708461046218872,0.38058486580848694,0.2915695309638977,-0.0388617180287838,0.2985028028488159,0.33442139625549316,-0.0572335384786129,0.3215426206588745,0.35594597458839417,-0.054754678159952164,0.35119444131851196,0.3534294068813324,-0.052260056138038635,0.3786841928958893,0.36598262190818787,-0.044608499854803085,0.3062770962715149,0.4031766355037689,-0.06371573358774185,0.3336259722709656,0.41265150904655457,-0.050402551889419556,0.36398664116859436,0.4052560031414032,-0.040074173361063004,0.37998127937316895,0.44212445616722107,-0.04976995661854744,0.3358428180217743,0.4634556174278259,-0.06594712287187576,0.36251208186149597,0.4655759036540985,-0.05722137913107872,0.38753336668014526,0.4565998613834381,-0.048629336059093475,G
0.25038331747055054,0.667039692401886,-3.670839134883863e-07,0.3044355511665344,0.5737247467041016,0.01474697981029749,0.3672534227371216,0.5449976325035095,0.014106386341154575,0.41492947936058044,0.5686054825782776,0.010134575888514519,0.43929600715637207,0.607279896736145,0.008019201457500458,0.41391023993492126,0.5347855687141418,-0.00567154586315155,0.4829377830028534,0.5480746030807495,-0.008925344794988632,0.46219602227211,0.5720013380050659,-0.007232907228171825,0.43323516845703125,0.5743082761764526,-0.0044305892661213875,0.41985976696014404,0.6025557518005371,-0.017922716215252876,0.4806874692440033,0.6152467131614685,-0.010728766210377216,0.4568629264831543,0.6277429461479187,-0.002931935014203191,0.42547523975372314,0.624334990978241,0.0002858662628568709,0.4148823320865631,0.6709481477737427,-0.027770059183239937,0.4667489528656006,0.6750233769416809,-0.017032179981470108,0.44424813985824585,0.6796615123748779,-0.0037095784209668636,0.4149053990840912,0.675841748714447,0.0012421420542523265,0.40139734745025635,0.7312910556793213,-0.03674698248505592,0.4354092478752136,0.7252793312072754,-0.023463662713766098,0.41618695855140686,0.7233410477638245,-0.006070837378501892,0.39402058720588684,0.7210816144943237,0.004902211483567953,G
0.5043784379959106,0.42243313789367676,-2.741852256349375e-07,0.4641530513763428,0.3406843841075897,0.0006058103172108531,0.39578431844711304,0.2974526882171631,-0.006123106926679611,0.3316084146499634,0.29855871200561523,-0.013120695017278194,0.28719842433929443,0.31825709342956543,-0.019573284313082695,0.377838671207428,0.2839934825897217,-0.023056330159306526,0.2998294532299042,0.32464075088500977,-0.04377792775630951,0.31816717982292175,0.3405570387840271,-0.0540153905749321,0.34499597549438477,0.33435219526290894,-0.05801812931895256,0.3756600320339203,0.3459383547306061,-0.031228266656398773,0.295918345451355,0.3852694034576416,-0.04670132324099541,0.31724658608436584,0.3953441083431244,-0.04566219076514244,0.34443387389183044,0.3861426115036011,-0.044302117079496384,0.37641867995262146,0.40962767601013184,-0.0389166958630085,0.30566009879112244,0.4439643621444702,-0.05212819576263428,0.3299076557159424,0.44697830080986023,-0.04000140726566315,0.35618820786476135,0.43438467383384705,-0.03101000003516674,0.3801087737083435,0.469016432762146,-0.046080563217401505,0.3293546140193939,0.48800188302993774,-0.0554007887840271,0.3517797589302063,0.48934054374694824,-0.044960010796785355,0.37389758229255676,0.48121774196624756,-0.03546176850795746,G
0.25282418727874756,0.665152370929718,-3.476735059848579e-07,0.30547818541526794,0.567640483379364,0.014534492045640945,0.36607813835144043,0.5351831912994385,0.014427774585783482,0.4128227233886719,0.5542510151863098,0.010764257051050663,0.43598318099975586,0.590430736541748,0.008805283345282078,0.4156612753868103,0.5280088782310486,-0.004336689133197069,0.48324763774871826,0.5410012006759644,-0.007153006736189127,0.4645170271396637,0.5622817277908325,-0.004947677720338106,0.43593835830688477,0.5651559233665466,-0.0015427926555275917,0.4220927357673645,0.5958312749862671,-0.016467342153191566,0.4809720814228058,0.6058209538459778,-0.008191906847059727,0.45887887477874756,0.61590576171875,-0.00022631809406448156,0.4290409982204437,0.6145469546318054,0.002960792975500226,0.4170919358730316,0.6644467115402222,-0.026377703994512558,0.4683043956756592,0.6660076379776001,-0.015533600933849812,0.4470778703689575,0.6683923602104187,-0.003092963481321931,0.41805627942085266,0.6663533449172974,0.0014144307933747768,0.40383702516555786,0.7249448299407959,-0.03537113964557648,0.4406999349594116,0.7159451246261597,-0.021967381238937378,0.42304670810699463,0.7122117280960083,-0.004718049429357052,0.39996951818466187,0.7111599445343018,0.006296777632087469,G
0.5041581392288208,0.4221687912940979,-3.1270820954887313e-07,0.4659065008163452,0.3421236574649811,0.0028022027108818293,0.3977878987789154,0.29945334792137146,-0.0027274240273982286,0.334978312253952,0.3001304566860199,-0.008960061706602573,0.29170823097229004,0.3212054669857025,-0.014770280569791794,0.3777121901512146,0.28174346685409546,-0.021489152684807777,0.29967790842056274,0.32383280992507935,-0.04193246364593506,0.3189419209957123,0.34205132722854614,-0.05120576173067093,0.346990168094635,0.33650943636894226,-0.05455268546938896,0.3762609362602234,0.3399563431739807,-0.030673997476696968,0.2949875593185425,0.3871994614601135,-0.04631959646940231,0.3179534375667572,0.3994060158729553,-0.04430696740746498,0.34634923934936523,0.3894454836845398,-0.04205694794654846,0.378434419631958,0.40188074111938477,-0.03932635113596916,0.30739158391952515,0.44740426540374756,-0.052550408989191055,0.3328559696674347,0.4519329369068146,-0.04045677185058594,0.3595999479293823,0.4372921884059906,-0.03157703951001167,0.3842419981956482,0.4606425166130066,-0.04728846624493599,0.33502739667892456,0.4917834401130676,-0.057015858590602875,0.35764333605766296,0.49468380212783813,-0.04769447073340416,0.3798230290412903,0.48409438133239746,-0.0390329509973526,G
0.25726842880249023,0.6640832424163818,-3.4520266467552574e-07,0.3086356520652771,0.5676078796386719,0.014146672561764717,0.36729055643081665,0.5363756418228149,0.012384625151753426,0.4149349331855774,0.5582082271575928,0.007521046791225672,0.439363569021225,0.5972994565963745,0.004801789298653603,0.40949663519859314,0.5232651829719543,-0.007265516556799412,0.48078107833862305,0.5364230275154114,-0.01107775792479515,0.46022188663482666,0.5583950877189636,-0.009166097268462181,0.43167948722839355,0.5600217580795288,-0.006129840854555368,0.41836708784103394,0.589512050151825,-0.018960054963827133,0.4814228415489197,0.5989722013473511,-0.012228277511894703,0.45771467685699463,0.6112784743309021,-0.0038277192506939173,0.4266704320907593,0.6096165776252747,-1.1327430001983885e-05,0.4170113503932953,0.657500147819519,-0.028243962675333023,0.468767374753952,0.6589382886886597,-0.017400257289409637,0.44639572501182556,0.6644471883773804,-0.004064802546054125,0.4175426661968231,0.662407636642456,0.0009503895416855812,0.4071800708770752,0.7184970378875732,-0.03669208288192749,0.4380981922149658,0.7107511162757874,-0.023231470957398415,0.41926467418670654,0.7110918760299683,-0.0064153955318033695,0.3983480930328369,0.7113733887672424,0.004206385463476181,G
0.49555322527885437,0.40678542852401733,-2.520517057291727e-07,0.45910805463790894,0.32420024275779724,0.0009778731036931276,0.3946741819381714,0.2776704728603363,-0.007598113734275103,0.33319374918937683,0.2827898859977722,-0.015843475237488747,0.2931827902793884,0.30945369601249695,-0.023733215406537056,0.37539270520210266,0.27110305428504944,-0.03479880467057228,0.28981703519821167,0.31063637137413025,-0.055609576404094696,0.3132220506668091,0.3219570815563202,-0.06365710496902466,0.34284254908561707,0.3127380609512329,-0.06600841134786606,0.37453779578208923,0.33773326873779297,-0.043055057525634766,0.2913244962692261,0.3732965290546417,-0.05805586278438568,0.3165972828865051,0.377474844455719,-0.054216817021369934,0.3452315330505371,0.36882156133651733,-0.05139027535915375,0.37591034173965454,0.4021732807159424,-0.0498553104698658,0.2995060086250305,0.4319387674331665,-0.0614871010184288,0.32689395546913147,0.42986825108528137,-0.047216612845659256,0.35562238097190857,0.4179895520210266,-0.03745806962251663,0.38052189350128174,0.4613403379917145,-0.05595601722598076,0.3256984353065491,0.47933080792427063,-0.06461860984563828,0.3478181064128876,0.47644686698913574,-0.053249552845954895,0.37044525146484375,0.46945762634277344,-0.04336869344115257,G
0.25800496339797974,0.6601865291595459,-3.4578459917611326e-07,0.3084380328655243,0.5659957528114319,0.012870860286056995,0.3664345145225525,0.5338959097862244,0.009868989698588848,0.41114798188209534,0.5577728152275085,0.003396261017769575,0.4323333203792572,0.6012251377105713,-0.0011295268777757883,0.41147521138191223,0.5177384614944458,-0.006839495152235031,0.481020450592041,0.5314001441001892,-0.013544471934437752,0.459358274936676,0.5553922653198242,-0.014835176058113575,0.42975741624832153,0.558559000492096,-0.013919786550104618,0.4211907386779785,0.5844850540161133,-0.01920703798532486,0.4820215106010437,0.5965357422828674,-0.01458840724080801,0.4576253592967987,0.6098197102546692,-0.007928931154310703,0.4262188673019409,0.6078363656997681,-0.005306921433657408,0.42014211416244507,0.6535772681236267,-0.02973134070634842,0.4717644155025482,0.658058762550354,-0.02094940096139908,0.44807055592536926,0.6644255518913269,-0.00822261068969965,0.418442964553833,0.6620697975158691,-0.003331397194415331,0.4104783236980438,0.7161860466003418,-0.03968307003378868,0.440365731716156,0.7092195749282837,-0.027861077338457108,0.4198526442050934,0.7092700004577637,-0.011404338292777538,0.3982006907463074,0.7083342671394348,-0.0009399228147231042,G
0.49804872274398804,0.4118255376815796,-2.808449153235415e-07,0.4601844847202301,0.3371627628803253,0.0029215870890766382,0.39586663246154785,0.2936764061450958,-0.003859001910313964,0.333050400018692,0.29546964168548584,-0.010946751572191715,0.29338955879211426,0.32022467255592346,-0.018293675035238266,0.3774259388446808,0.2763681709766388,-0.028291210532188416,0.2911826968193054,0.3149269223213196,-0.047311313450336456,0.3021377921104431,0.33861517906188965,-0.05467147380113602,0.32749927043914795,0.337995707988739,-0.05678432062268257,0.3786858320236206,0.3367370665073395,-0.03746931999921799,0.29081010818481445,0.3780135214328766,-0.05064846947789192,0.3067049980163574,0.39219236373901367,-0.04749169200658798,0.3327409625053406,0.38453352451324463,-0.0453336276113987,0.3822883069515228,0.40058818459510803,-0.0454692505300045,0.30540740489959717,0.43601053953170776,-0.055867359042167664,0.3217456042766571,0.44102221727371216,-0.044265665113925934,0.3442191779613495,0.4299311935901642,-0.03674982115626335,0.38733935356140137,0.46194347739219666,-0.052588868886232376,0.333747535943985,0.48594337701797485,-0.06029538810253143,0.35045015811920166,0.4844261109828949,-0.05082210898399353,0.3702748715877533,0.47431260347366333,-0.04284854233264923,G
0.25806331634521484,0.6586465835571289,-3.552552243490936e-07,0.3073421120643616,0.5594265460968018,0.010280813090503216,0.36748531460762024,0.5250169634819031,0.007212972734123468,0.4167168438434601,0.5460666418075562,0.0018411518540233374,0.44122400879859924,0.585641086101532,-0.001432490418665111,0.4107248783111572,0.5180415511131287,-0.013016624376177788,0.4808034896850586,0.5289655327796936,-0.01832766830921173,0.45850253105163574,0.547386109828949,-0.016719095408916473,0.42760956287384033,0.5487804412841797,-0.013762644492089748,0.4187789261341095,0.5874120593070984,-0.023440398275852203,0.479854941368103,0.592061460018158,-0.01842246577143669,0.45534467697143555,0.5997554659843445,-0.01010278332978487,0.42376604676246643,0.5993626117706299,-0.006341070868074894,0.4165453016757965,0.6563315987586975,-0.03164965286850929,0.46938183903694153,0.6507850885391235,-0.02312164381146431,0.4457814395427704,0.6528241634368896,-0.008974005468189716,0.4157601296901703,0.65268474817276,-0.0029726773500442505,0.4055000841617584,0.7164096832275391,-0.03919988125562668,0.4400130808353424,0.7022143602371216,-0.028151758015155792,0.42053118348121643,0.6989824771881104,-0.01073968131095171,0.39820536971092224,0.700032114982605,0.0006828340701758862,G
0.5004684925079346,0.41170841455459595,-2.9900843401264865e-07,0.4595010578632355,0.33556491136550903,0.006827948149293661,0.39457079768180847,0.3005196750164032,-0.0002512412902433425,0.3340786099433899,0.3066461980342865,-0.008696899749338627,0.2942279875278473,0.3306479752063751,-0.017558760941028595,0.3723588287830353,0.2758884131908417,-0.026380715891718864,0.2854967713356018,0.3123946189880371,-0.04541417956352234,0.2979215383529663,0.3408428728580475,-0.05279464274644852,0.32545068860054016,0.3407798111438751,-0.05509801208972931,0.3726101517677307,0.3361161947250366,-0.0377468504011631,0.28138968348503113,0.3785102367401123,-0.05259279906749725,0.3003179728984833,0.3965376317501068,-0.04900611937046051,0.33101341128349304,0.3877701163291931,-0.04568183794617653,0.37654900550842285,0.3987158536911011,-0.04748963192105293,0.29414868354797363,0.43840429186820984,-0.05904511734843254,0.3163639307022095,0.44828885793685913,-0.04565872251987457,0.3451019525527954,0.4364239573478699,-0.03623848408460617,0.38432690501213074,0.45757585763931274,-0.055994339287281036,0.32679250836372375,0.4854944348335266,-0.06489069759845734,0.3463989198207855,0.4869982600212097,-0.05448724329471588,0.37028905749320984,0.47482526302337646,-0.04513411223888397,G
0.26155710220336914,0.6676028966903687,-3.500548189094843e-07,0.30614855885505676,0.570720374584198,0.009782080538570881,0.3611414134502411,0.5293135643005371,0.004757866263389587,0.40996628999710083,0.5415265560150146,-0.002414291026070714,0.43838346004486084,0.5746683478355408,-0.007236905861645937,0.4098765552043915,0.5203948020935059,-0.015382731333374977,0.4801616370677948,0.5337472558021545,-0.02277088537812233,0.458237886428833,0.556117057800293,-0.023292705416679382,0.4290982484817505,0.5586264729499817,-0.021807707846164703,0.41998857259750366,0.589343786239624,-0.02632397785782814,0.48209261894226074,0.5997675657272339,-0.022170880809426308,0.4576965272426605,0.6131266951560974,-0.014240709133446217,0.4262547492980957,0.6121999025344849,-0.01087273471057415,0.41919806599617004,0.6585306525230408,-0.03512983396649361,0.46972596645355225,0.6597163081169128,-0.02701370231807232,0.44624242186546326,0.6672857999801636,-0.013178414665162563,0.4165448844432831,0.6668509244918823,-0.007802666164934635,0.4100075960159302,0.7204777002334595,-0.0434107705950737,0.4397628605365753,0.7107439637184143,-0.03364363685250282,0.4195512533187866,0.7118764519691467,-0.01769958809018135,0.3976576328277588,0.7127650380134583,-0.007344902493059635,G
0.5155086517333984,0.4363667368888855,-3.221059046154551e-07,0.47209781408309937,0.35749363899230957,0.006539744790643454,0.40722838044166565,0.31956133246421814,-0.0002785646647680551,0.3447131812572479,0.31746119260787964,-0.008120007812976837,0.30313223600387573,0.33428487181663513,-0.01571875438094139,0.3847530484199524,0.3049210011959076,-0.031145699322223663,0.2896379232406616,0.32806751132011414,-0.047430574893951416,0.3083381652832031,0.3551791310310364,-0.051127899438142776,0.3401101529598236,0.35453274846076965,-0.051196303218603134,0.3848314881324768,0.36576926708221436,-0.04140494018793106,0.289641797542572,0.39140400290489197,-0.05419539287686348,0.31428635120391846,0.405625581741333,-0.04821241274476051,0.3478868305683136,0.39734745025634766,-0.04332311823964119,0.3891562223434448,0.4273044466972351,-0.04940014332532883,0.3031684160232544,0.4486085772514343,-0.05853034183382988,0.3269643485546112,0.4549787640571594,-0.04409003257751465,0.3572523593902588,0.4474114179611206,-0.034473080188035965,0.396126925945282,0.48419511318206787,-0.05612550675868988,0.33958491683006287,0.49715563654899597,-0.06371491402387619,0.3575204908847809,0.49718764424324036,-0.053436703979969025,0.3812342584133148,0.49176985025405884,-0.04446863383054733,G
0.26996490359306335,0.7110705971717834,-3.94649788404422e-07,0.3160034418106079,0.6131889224052429,0.010373211465775967,0.3735329210758209,0.5752488970756531,0.007311706431210041,0.422592431306839,0.5914886593818665,0.0014005184639245272,0.44953280687332153,0.6253920197486877,-0.0024547316133975983,0.4176395833492279,0.5631952285766602,-0.008478382602334023,0.48352280259132385,0.5714429616928101,-0.01593600958585739,0.46294543147087097,0.5894463062286377,-0.017308644950389862,0.43405774235725403,0.5918424129486084,-0.01624780148267746,0.4271722435951233,0.6302103996276855,-0.019765833392739296,0.48653122782707214,0.6323789954185486,-0.016456283628940582,0.46387410163879395,0.6440102458000183,-0.010319559834897518,0.4343220293521881,0.6465070843696594,-0.007703246548771858,0.427242636680603,0.6981943249702454,-0.029407981783151627,0.47784343361854553,0.6908118724822998,-0.022984297946095467,0.45484459400177,0.6960529685020447,-0.010460308752954006,0.42664235830307007,0.6982467174530029,-0.004974912386387587,0.41917330026626587,0.7600377202033997,-0.038469504565000534,0.45215827226638794,0.7415399551391602,-0.028571080416440964,0.43153053522109985,0.7407134771347046,-0.011979710310697556,0.4100493788719177,0.7446439862251282,-0.0010194508358836174,G
0.502846896648407,0.46950775384902954,-3.084891488924768e-07,0.46196073293685913,0.3950244188308716,0.002370032947510481,0.39503365755081177,0.3596859276294708,0.00011379924399079755,0.3337707817554474,0.35302817821502686,-0.003345286240801215,0.2896363139152527,0.3453528881072998,-0.0062598371878266335,0.3653496205806732,0.3469516634941101,-0.011818181723356247,0.2957081198692322,0.3862534463405609,-0.026718799024820328,0.31513527035713196,0.4097594618797302,-0.03437047079205513,0.34211283922195435,0.40660279989242554,-0.03739279881119728,0.3632925748825073,0.4043087661266327,-0.018309006467461586,0.292812705039978,0.4446331262588501,-0.02843957394361496,0.3158889412879944,0.4619637727737427,-0.02664557471871376,0.3423822820186615,0.4537447988986969,-0.02512635663151741,0.36754438281059265,0.4627046287059784,-0.024538083001971245,0.30583029985427856,0.4993255138397217,-0.034485578536987305,0.33041417598724365,0.510084867477417,-0.02448173426091671,0.35652095079421997,0.49964749813079834,-0.017140215262770653,0.37667059898376465,0.5172748565673828,-0.030206721276044846,0.33188849687576294,0.5397634506225586,-0.03783172741532326,0.35168272256851196,0.5468932390213013,-0.02953181602060795,0.3726097047328949,0.5397264361381531,-0.02160688303411007,G
0.26792746782302856,0.7355310916900635,-3.4774157597894373e-07,0.31365373730659485,0.6407654285430908,0.010334756225347519,0.36897140741348267,0.6045795679092407,0.007293692324310541,0.41647958755493164,0.6204851865768433,0.0015752636827528477,0.442089706659317,0.6548998355865479,-0.002023916458711028,0.4096865653991699,0.5874034762382507,-0.008740259334445,0.4729647636413574,0.5982891321182251,-0.01533377356827259,0.45259997248649597,0.6221450567245483,-0.015968728810548782,0.42416486144065857,0.6239673495292664,-0.014766843989491463,0.4209693372249603,0.6495004296302795,-0.020276732742786407,0.47699296474456787,0.6573781371116638,-0.017469123005867004,0.45370781421661377,0.6721085906028748,-0.01131353434175253,0.42371222376823425,0.6705726385116577,-0.008419603109359741,0.4222240447998047,0.7158336043357849,-0.030087081715464592,0.4728945791721344,0.7166293859481812,-0.025118667632341385,0.44880831241607666,0.724943995475769,-0.012909360229969025,0.4194850027561188,0.7234633564949036,-0.007195483427494764,0.4139465093612671,0.7778729200363159,-0.03929710388183594,0.44215279817581177,0.7712857127189636,-0.03241759538650513,0.42129021883010864,0.7732670903205872,-0.017756028100848198,0.3999243378639221,0.7730053067207336,-0.0075335255824029446,G
0.48840874433517456,0.5004019141197205,-2.746788823060342e-07,0.4408147931098938,0.4373111426830292,0.006843957584351301,0.3755040168762207,0.41494637727737427,0.004214182961732149,0.3308740556240082,0.4357938766479492,-0.0011599697172641754,0.3067261278629303,0.47354960441589355,-0.007921434007585049,0.33776676654815674,0.38729241490364075,-0.008788222447037697,0.26861560344696045,0.44056177139282227,-0.020264461636543274,0.260066956281662,0.4727745056152344,-0.026442481204867363,0.2577283978462219,0.48147445917129517,-0.030968382954597473,0.33754414319992065,0.43430253863334656,-0.019422240555286407,0.27303868532180786,0.4967688322067261,-0.031096437945961952,0.2983606457710266,0.512295126914978,-0.03024378791451454,0.3258543908596039,0.4995170831680298,-0.029029089957475662,0.34689831733703613,0.4874853491783142,-0.029034405946731567,0.2876140773296356,0.5444849729537964,-0.039604123681783676,0.31404951214790344,0.5539686679840088,-0.031558629125356674,0.34007900953292847,0.5380953550338745,-0.02568432129919529,0.361538290977478,0.5417668223381042,-0.03799625113606453,0.31947001814842224,0.5777356028556824,-0.04795077443122864,0.33903932571411133,0.5824226140975952,-0.041898213326931,0.3613225221633911,0.5715359449386597,-0.03560754284262657,G
0.25363677740097046,0.7409815788269043,-3.270973820690415e-07,0.29912951588630676,0.6482427716255188,0.011952241882681847,0.35402119159698486,0.6115956902503967,0.009426857344806194,0.39971259236335754,0.6244430541992188,0.00418658135458827,0.42523911595344543,0.6572794914245605,0.0010111756855621934,0.39223986864089966,0.5880380272865295,-0.00852044578641653,0.45576751232147217,0.6033079028129578,-0.014663576148450375,0.4374750554561615,0.6256996989250183,-0.01444645319133997,0.4093432128429413,0.6245558261871338,-0.012494894675910473,0.403643399477005,0.649627685546875,-0.020856942981481552,0.4612816572189331,0.6604912281036377,-0.01754057966172695,0.43975934386253357,0.6768109798431396,-0.01107269711792469,0.41046032309532166,0.6751300096511841,-0.007982216775417328,0.40627360343933105,0.7161937355995178,-0.03117392212152481,0.45679470896720886,0.7199434638023376,-0.02556079439818859,0.433544397354126,0.7299603819847107,-0.013208194635808468,0.4044674336910248,0.7283296585083008,-0.007466242182999849,0.39971819519996643,0.778373122215271,-0.040699828416109085,0.42886480689048767,0.7723758816719055,-0.032632190734148026,0.4077998697757721,0.7763933539390564,-0.01732703670859337,0.38638901710510254,0.7768601179122925,-0.006824361626058817,G
0.4727371335029602,0.5004122257232666,-2.2189779258496856e-07,0.4314544200897217,0.43226778507232666,0.011272157542407513,0.3751072883605957,0.40671926736831665,0.011703484691679478,0.337142676115036,0.4206778109073639,0.008476191200315952,0.3175181448459625,0.45549026131629944,0.004344018641859293,0.33274051547050476,0.3885529637336731,0.0028724505100399256,0.27704253792762756,0.42973729968070984,-0.005573775619268417,0.2911275327205658,0.45272254943847656,-0.01174999587237835,0.31395423412323,0.4519321620464325,-0.015037789940834045,0.3265802562236786,0.43947529792785645,-0.007600041106343269,0.27211621403694153,0.4811978340148926,-0.012682400643825531,0.29397958517074585,0.49685654044151306,-0.012005084194242954,0.320085734128952,0.4891139268875122,-0.010898609645664692,0.3307957053184509,0.49390169978141785,-0.017096130177378654,0.2826923727989197,0.5321717262268066,-0.020818909630179405,0.3067587614059448,0.5420260429382324,-0.014227865263819695,0.3300006687641144,0.5304784178733826,-0.009954583831131458,0.3434295952320099,0.5458548069000244,-0.02562044747173786,0.3122811019420624,0.570723295211792,-0.028694765642285347,0.333432137966156,0.5741623044013977,-0.02071208506822586,0.3533557951450348,0.5644146800041199,-0.013343886472284794,G
0.25092974305152893,0.7426648736000061,-3.2085549150906445e-07,0.2953331768512726,0.6484876871109009,0.01126057468354702,0.3494207262992859,0.6115306615829468,0.008369091898202896,0.3954528570175171,0.6246321797370911,0.002760461065918207,0.42042216658592224,0.6593996286392212,-0.0007914355373941362,0.3873770534992218,0.5940573215484619,-0.009629061445593834,0.45207124948501587,0.6064687371253967,-0.016441799700260162,0.43255147337913513,0.6286377906799316,-0.01645609922707081,0.4028972089290619,0.6294910907745361,-0.014283807016909122,0.3988082706928253,0.6565135717391968,-0.021109506487846375,0.4565889239311218,0.665539562702179,-0.0179159976541996,0.43430057168006897,0.6812970638275146,-0.011206822469830513,0.4043886959552765,0.6809229850769043,-0.007951570674777031,0.401080846786499,0.7225252985954285,-0.03066595457494259,0.452089786529541,0.7252617478370667,-0.024569708853960037,0.42872530221939087,0.734367311000824,-0.011926007457077503,0.3992392420768738,0.7336775064468384,-0.0060842400416731834,0.394513875246048,0.7830982208251953,-0.039528217166662216,0.42310693860054016,0.7762599587440491,-0.030427806079387665,0.4030822515487671,0.7791295051574707,-0.015067714266479015,0.3823147118091583,0.7798042297363281,-0.00477772019803524,G
0.4729619026184082,0.4806381165981293,-3.223373994387657e-07,0.42582976818084717,0.4154459536075592,0.01075611263513565,0.3713633716106415,0.3919510841369629,0.009747897274792194,0.33261579275131226,0.405657559633255,0.00448232376947999,0.31082651019096375,0.43868958950042725,-0.0014482693513855338,0.3291921019554138,0.3693208694458008,0.004561522509902716,0.27918002009391785,0.42431387305259705,-0.006496970076113939,0.29651156067848206,0.4471745491027832,-0.01478947326540947,0.31851452589035034,0.4444163143634796,-0.01944923587143421,0.32495805621147156,0.4154464602470398,-0.007163661532104015,0.27752476930618286,0.4711085557937622,-0.01381179690361023,0.2993394434452057,0.4873204827308655,-0.01456917729228735,0.3225576877593994,0.4771541357040405,-0.01515527069568634,0.3309338390827179,0.46715623140335083,-0.018472399562597275,0.28572753071784973,0.5172173976898193,-0.025400297716259956,0.31037476658821106,0.5293132066726685,-0.019125405699014664,0.33236056566238403,0.5157244205474854,-0.015031952410936356,0.34370937943458557,0.519037127494812,-0.028952499851584435,0.31052008271217346,0.5543330907821655,-0.03470843285322189,0.3322323262691498,0.5601046085357666,-0.02688172087073326,0.3518996238708496,0.5492710471153259,-0.01945430412888527,G
0.25686144828796387,0.7420002818107605,-3.3511085462123447e-07,0.30055853724479675,0.6466904282569885,0.009479628875851631,0.3573230504989624,0.6093192100524902,0.006114932708442211,0.4043956696987152,0.6266124844551086,-4.307348717702553e-05,0.43046027421951294,0.661008894443512,-0.004145803861320019,0.39419126510620117,0.5900441408157349,-0.007731403224170208,0.4595243036746979,0.6040910482406616,-0.016513599082827568,0.43892669677734375,0.6260745525360107,-0.019930966198444366,0.4109434485435486,0.6266304850578308,-0.020583903416991234,0.4052751660346985,0.6531079411506653,-0.019410815089941025,0.46360647678375244,0.6615314483642578,-0.018296770751476288,0.440828412771225,0.6754627823829651,-0.013550450094044209,0.41124388575553894,0.6748771667480469,-0.011464106850326061,0.4076640009880066,0.719551146030426,-0.029768498614430428,0.4579833447933197,0.7185850739479065,-0.025238865986466408,0.43449217081069946,0.7283100485801697,-0.012902574613690376,0.40646713972091675,0.729107141494751,-0.007031857501715422,0.40185317397117615,0.7818542718887329,-0.039733387529850006,0.4312552809715271,0.7707924842834473,-0.03172563016414642,0.4102820158004761,0.7748612761497498,-0.015840668231248856,0.3900044560432434,0.7777251601219177,-0.00498308427631855,G
0.48486822843551636,0.49391722679138184,-2.512001913146378e-07,0.44248437881469727,0.42839515209198,0.006722981575876474,0.3876119554042816,0.4077247679233551,0.00360794342122972,0.35204002261161804,0.42847129702568054,-0.0024511991068720818,0.3352178633213043,0.4688647389411926,-0.009198350831866264,0.34752169251441956,0.3774965703487396,-0.0003733746998477727,0.30109304189682007,0.4289643168449402,-0.011182446032762527,0.31969204545021057,0.4493660032749176,-0.020040642470121384,0.3444588780403137,0.4467649757862091,-0.02533671446144581,0.3371390402317047,0.4275943636894226,-0.010138960555195808,0.29383501410484314,0.47561365365982056,-0.015723401680588722,0.3156641721725464,0.49255549907684326,-0.017168166115880013,0.34113338589668274,0.48496055603027344,-0.018393496051430702,0.33886831998825073,0.4831547737121582,-0.01951620914041996,0.2939889430999756,0.5254529118537903,-0.024998897686600685,0.3198670744895935,0.5393230319023132,-0.01939086802303791,0.3438490331172943,0.5281028151512146,-0.016112802550196648,0.3492129445075989,0.5382108688354492,-0.028442898765206337,0.31905996799468994,0.567840576171875,-0.034529559314250946,0.34246185421943665,0.5741303563117981,-0.02752694860100746,0.3628064692020416,0.5636116862297058,-0.020629411563277245,G
0.2531507909297943,0.7205928564071655,-3.2383684356318554e-07,0.29993700981140137,0.6262168288230896,0.011061259545385838,0.359427273273468,0.5880870223045349,0.008161991834640503,0.4099887013435364,0.5995423197746277,0.0025976053439080715,0.43725934624671936,0.6323869228363037,-0.0006673046154901385,0.39506131410598755,0.5694696307182312,-0.00889143068343401,0.46213045716285706,0.5858393907546997,-0.016700778156518936,0.4419620931148529,0.6068295836448669,-0.01800818182528019,0.41294097900390625,0.6064112186431885,-0.016777662560343742,0.4039169251918793,0.6338697075843811,-0.021000035107135773,0.46622419357299805,0.6420891880989075,-0.0187419131398201,0.4438125789165497,0.657036304473877,-0.012288238853216171,0.41390514373779297,0.6576745510101318,-0.00880097784101963,0.4047320485115051,0.7020586133003235,-0.031300138682127,0.4609684646129608,0.7024511694908142,-0.026187563315033913,0.4369905889034271,0.7107749581336975,-0.01283517200499773,0.4069788157939911,0.7105538845062256,-0.005985925905406475,0.3973020613193512,0.7657102942466736,-0.040924616158008575,0.4320520758628845,0.7566346526145935,-0.032409388571977615,0.4114190340042114,0.7592934966087341,-0.016181686893105507,0.39001044631004333,0.7615136504173279,-0.00487344479188323,G
0.478606641292572,0.45661282539367676,-2.519931285860366e-07,0.44001612067222595,0.3823468089103699,0.0010079385247081518,0.3745485842227936,0.3407900929450989,-0.0035534987691789865,0.31717535853385925,0.3218039572238922,-0.009308876469731331,0.27922552824020386,0.2919032573699951,-0.015206136740744114,0.3510642945766449,0.3308871388435364,-0.020342102274298668,0.27260392904281616,0.36790961027145386,-0.035563621670007706,0.27308815717697144,0.39798879623413086,-0.041115667670965195,0.28626731038093567,0.4070111811161041,-0.043380383402109146,0.34985342621803284,0.38434526324272156,-0.028345463797450066,0.2722935378551483,0.42289087176322937,-0.041752081364393234,0.2842472493648529,0.43780651688575745,-0.04158395901322365,0.30123767256736755,0.43442603945732117,-0.04091329872608185,0.35451915860176086,0.4420926868915558,-0.03541107103228569,0.2864045798778534,0.4777364730834961,-0.05002141371369362,0.31315329670906067,0.48125746846199036,-0.04038405045866966,0.33986935019493103,0.4701470136642456,-0.03224150463938713,0.3620545268058777,0.4980228841304779,-0.04169394448399544,0.3154965937137604,0.5193592309951782,-0.05492277443408966,0.3366289734840393,0.519939661026001,-0.0477631576359272,0.3577292859554291,0.5125275254249573,-0.039825212210416794,G
0.23594555258750916,0.6783528923988342,-3.3836533930298174e-07,0.2836844027042389,0.5743336081504822,0.007650973740965128,0.3446561098098755,0.5358227491378784,0.002812691032886505,0.39762943983078003,0.5565677881240845,-0.004010060802102089,0.4232051372528076,0.597042441368103,-0.0083001172170043,0.3768962323665619,0.529491126537323,-0.014852944761514664,0.4535762667655945,0.5363346338272095,-0.023474859073758125,0.4304625988006592,0.5554780960083008,-0.02468985877931118,0.3997872769832611,0.5585492849349976,-0.023481590673327446,0.3881314992904663,0.601676344871521,-0.02508697286248207,0.4573371112346649,0.5993016958236694,-0.02394402027130127,0.4326445758342743,0.6082366108894348,-0.017425669357180595,0.4004906117916107,0.6091009974479675,-0.014113900251686573,0.3903736472129822,0.6720479726791382,-0.03358807414770126,0.452358216047287,0.6597102880477905,-0.028059659525752068,0.42768046259880066,0.664061963558197,-0.013701042160391808,0.3964180648326874,0.6657569408416748,-0.006675427779555321,0.3844270408153534,0.7341259121894836,-0.04173162207007408,0.42327794432640076,0.7143189907073975,-0.033178821206092834,0.40327730774879456,0.7126773595809937,-0.016516685485839844,0.3810792565345764,0.7156980037689209,-0.005218994338065386,G
0.47045624256134033,0.41303256154060364,-3.2698218888072006e-07,0.4299781322479248,0.3335459232330322,0.004846593365073204,0.3625933527946472,0.2869964838027954,0.00032339710742235184,0.30159810185432434,0.27225935459136963,-0.005974545609205961,0.25894078612327576,0.25709742307662964,-0.01206038985401392,0.34135109186172485,0.2768169641494751,-0.022994205355644226,0.2554311156272888,0.3100263476371765,-0.04209413006901741,0.27250558137893677,0.3320135474205017,-0.04892832040786743,0.30315807461738586,0.32892119884490967,-0.050532516092061996,0.34121325612068176,0.3364046514034271,-0.03332188352942467,0.2547239661216736,0.3763234317302704,-0.04810095950961113,0.27731579542160034,0.38865166902542114,-0.044657111167907715,0.3063249886035919,0.37762555480003357,-0.041727472096681595,0.34513598680496216,0.3991340696811676,-0.04272529482841492,0.26783204078674316,0.43509340286254883,-0.05599656328558922,0.2946985065937042,0.43849456310272217,-0.04246828705072403,0.3233567774295807,0.42449405789375305,-0.03277696669101715,0.35223230719566345,0.4591004252433777,-0.05117957293987274,0.29673850536346436,0.4825228452682495,-0.062119513750076294,0.3199881315231323,0.4825381934642792,-0.051912009716033936,0.3442094624042511,0.47273167967796326,-0.04243643954396248,G
0.2198820561170578,0.6557574272155762,-3.2650308412485174e-07,0.26758214831352234,0.5517529845237732,0.010071096941828728,0.32555311918258667,0.5139875411987305,0.0050595770590007305,0.3776094913482666,0.5326553583145142,-0.0021715452894568443,0.40538108348846436,0.5724731683731079,-0.006807130761444569,0.36500808596611023,0.4982573390007019,-0.014785383827984333,0.4403420388698578,0.5155336260795593,-0.021830152720212936,0.4185950756072998,0.5364580154418945,-0.02104370668530464,0.3872925639152527,0.5360236167907715,-0.01854589581489563,0.37628304958343506,0.569667637348175,-0.025977622717618942,0.44337737560272217,0.5779687762260437,-0.022620229050517082,0.41935262084007263,0.5908523797988892,-0.014519029296934605,0.38659757375717163,0.5902350544929504,-0.010716077871620655,0.3779447078704834,0.6421922445297241,-0.03500251844525337,0.4364694356918335,0.6404146552085876,-0.02794075384736061,0.41259250044822693,0.6480282545089722,-0.013304968364536762,0.38077113032341003,0.6479973196983337,-0.006736885290592909,0.370843768119812,0.7071713805198669,-0.04336729645729065,0.40630167722702026,0.6951892375946045,-0.03338185325264931,0.3857857882976532,0.6971544623374939,-0.016339154914021492,0.3632080554962158,0.6990542411804199,-0.0050946976989507675,G
0.45084792375564575,0.3942781090736389,-2.888570804771007e-07,0.41493040323257446,0.31005847454071045,0.00019865974900312722,0.346972793340683,0.2574020028114319,-0.005334871355444193,0.2817699909210205,0.24393773078918457,-0.011137145571410656,0.23727914690971375,0.22766517102718353,-0.016903264448046684,0.32910481095314026,0.2555661201477051,-0.027744494378566742,0.24795475602149963,0.2938644587993622,-0.047680776566267014,0.26529359817504883,0.31354638934135437,-0.05468621850013733,0.2929860055446625,0.3081842064857483,-0.056596968322992325,0.3278349041938782,0.3196094036102295,-0.03593607619404793,0.24415817856788635,0.35811054706573486,-0.05165822058916092,0.26766031980514526,0.36968761682510376,-0.04834580048918724,0.2964828610420227,0.3589487373828888,-0.045521970838308334,0.33111509680747986,0.3843859136104584,-0.043497078120708466,0.2558518648147583,0.4201224148273468,-0.05869803577661514,0.28284305334091187,0.4244360029697418,-0.045046672224998474,0.31114891171455383,0.4113346040248871,-0.03498425707221031,0.3375345766544342,0.4464169144630432,-0.050252482295036316,0.28416216373443604,0.46909254789352417,-0.06315642595291138,0.3079971373081207,0.46834197640419006,-0.05366591364145279,0.33126938343048096,0.45655325055122375,-0.04448681324720383,G
0.22634266316890717,0.6540030837059021,-3.256979255183978e-07,0.2748834490776062,0.5524816513061523,0.0107087641954422,0.3335837721824646,0.5157462954521179,0.006662261206656694,0.38573524355888367,0.5330739617347717,0.00030147217330522835,0.41419559717178345,0.5708526968955994,-0.0034642356913536787,0.37324532866477966,0.5001816153526306,-0.012231259606778622,0.44658100605010986,0.5164119601249695,-0.01896282285451889,0.42429229617118835,0.5378921627998352,-0.01838659681379795,0.39261317253112793,0.5380900502204895,-0.015916507691144943,0.3835001289844513,0.5710523128509521,-0.023470737040042877,0.449720561504364,0.5794645547866821,-0.019697662442922592,0.4249129891395569,0.5923098921775818,-0.011840877123177052,0.39244788885116577,0.5921204686164856,-0.008022751659154892,0.38407012820243835,0.6433486938476562,-0.032625794410705566,0.44241267442703247,0.6432837843894958,-0.025565695017576218,0.417719304561615,0.6492993235588074,-0.011649825610220432,0.38652390241622925,0.6487298607826233,-0.005366992671042681,0.37584206461906433,0.708321750164032,-0.04101736843585968,0.41041386127471924,0.6980836391448975,-0.031212948262691498,0.3899341821670532,0.6978480815887451,-0.014868859201669693,0.3679506778717041,0.6987307071685791,-0.00398460915312171,G
0.4679993987083435,0.3996885418891907,-2.8233878879291296e-07,0.4325481057167053,0.3131968677043915,-0.002273992169648409,0.3663371801376343,0.2519211769104004,-0.009579135105013847,0.29876288771629333,0.2370176911354065,-0.0169302336871624,0.25042474269866943,0.22446654736995697,-0.024174129590392113,0.3426116704940796,0.2521938979625702,-0.02825908735394478,0.2570853531360626,0.29334786534309387,-0.050417203456163406,0.27481013536453247,0.31298133730888367,-0.059974078088998795,0.30495285987854004,0.3060651123523712,-0.06294107437133789,0.3413201570510864,0.31849509477615356,-0.03539767116308212,0.2545197606086731,0.35673263669013977,-0.05215860903263092,0.27565881609916687,0.3697681427001953,-0.05049414932727814,0.3051457107067108,0.3585587739944458,-0.04856913909316063,0.3443332612514496,0.3851451277732849,-0.04229724034667015,0.2664896249771118,0.41904208064079285,-0.05720169469714165,0.29071351885795593,0.4259929955005646,-0.04376930743455887,0.31929025053977966,0.4123494029045105,-0.033722154796123505,0.3507491946220398,0.4490037262439728,-0.048825934529304504,0.293872594833374,0.4695850610733032,-0.06023187190294266,0.31645289063453674,0.47106266021728516,-0.04995003342628479,0.3407594561576843,0.4598023593425751,-0.04021565243601799,G
0.23163366317749023,0.6587527394294739,-3.416119795929262e-07,0.28049424290657043,0.5559872984886169,0.010358285158872604,0.34075286984443665,0.5181828737258911,0.00633861543610692,0.3934127986431122,0.5382605195045471,0.00033526387414895,0.42006915807724,0.5795133113861084,-0.003253873670473695,0.3824511468410492,0.5036641359329224,-0.015968291088938713,0.45581579208374023,0.5223092436790466,-0.021512780338525772,0.43332362174987793,0.5450872778892517,-0.0190972238779068,0.40158870816230774,0.544573962688446,-0.015855802223086357,0.39373543858528137,0.5752464532852173,-0.0272605549544096,0.4580771327018738,0.5878514647483826,-0.022507136687636375,0.4329317808151245,0.6008679866790771,-0.013364194892346859,0.40025845170021057,0.5983564853668213,-0.009347975254058838,0.39461812376976013,0.648927628993988,-0.03614569082856178,0.4506494402885437,0.6513913869857788,-0.0283953957259655,0.425136536359787,0.6588200330734253,-0.013221166096627712,0.3936367630958557,0.6578895449638367,-0.006852141115814447,0.3861040472984314,0.7150338888168335,-0.04434671625494957,0.4184960126876831,0.7068590521812439,-0.03483089432120323,0.39604485034942627,0.7076846361160278,-0.017744749784469604,0.37328994274139404,0.7080820798873901,-0.006666571367532015,G
0.47658926248550415,0.39512160420417786,-3.5174778645341576e-07,0.4335533380508423,0.3117329478263855,0.004980303812772036,0.3609435558319092,0.2679399847984314,-7.441744673997164e-05,0.29493099451065063,0.25182604789733887,-0.006952637806534767,0.2493228018283844,0.22452345490455627,-0.013546456582844257,0.3453899025917053,0.2565986216068268,-0.025398826226592064,0.2581528127193451,0.2934204936027527,-0.04631534963846207,0.28096529841423035,0.31531181931495667,-0.05353684723377228,0.3143041431903839,0.30990222096443176,-0.05493754521012306,0.34668976068496704,0.3198584318161011,-0.035786084830760956,0.2602326273918152,0.3590238094329834,-0.05093638226389885,0.28580886125564575,0.37220078706741333,-0.04619951546192169,0.3152416944503784,0.36079564690589905,-0.042508576065301895,0.35207781195640564,0.3860088884830475,-0.04531821981072426,0.27425485849380493,0.4229236841201782,-0.059299781918525696,0.30359145998954773,0.4272235333919525,-0.044545743614435196,0.33391445875167847,0.4121098518371582,-0.033842384815216064,0.360744833946228,0.44921937584877014,-0.053705424070358276,0.301749050617218,0.47290152311325073,-0.06456073373556137,0.32621392607688904,0.4719204902648926,-0.05359689146280289,0.3522312045097351,0.45885878801345825,-0.04352135211229324,G
0.24718405306339264,0.6319774389266968,-3.493663314202422e-07,0.299855500459671,0.5315843224525452,0.010366395115852356,0.3624212145805359,0.49424371123313904,0.005660039838403463,0.4158376455307007,0.5172821283340454,-0.0013197616208344698,0.44329920411109924,0.5606750249862671,-0.005627383477985859,0.4036537706851959,0.47444942593574524,-0.014306041412055492,0.4799865484237671,0.4960137903690338,-0.0219032634049654,0.45808789134025574,0.5199255347251892,-0.021707987412810326,0.42660024762153625,0.518665075302124,-0.019932791590690613,0.4139835238456726,0.546509325504303,-0.02675911784172058,0.4828914999961853,0.5602560043334961,-0.024180743843317032,0.45743459463119507,0.5756713151931763,-0.016422100365161896,0.4245341122150421,0.5719178915023804,-0.012848067097365856,0.4147653579711914,0.6209877729415894,-0.03708617761731148,0.4748671352863312,0.6254845857620239,-0.031067917123436928,0.44847291707992554,0.6339766383171082,-0.015848955139517784,0.4163350760936737,0.6301177740097046,-0.008844098076224327,0.4058394432067871,0.6890077590942383,-0.04681611806154251,0.44212806224823,0.6814552545547485,-0.03853222727775574,0.41874369978904724,0.6837167739868164,-0.021074078977108,0.3952409625053406,0.6829712390899658,-0.009289165958762169,G
0.5052928924560547,0.379143089056015,-4.1285659335699165e-07,0.460050106048584,0.3003161549568176,0.0033686193637549877,0.3832755982875824,0.26084595918655396,-0.003130238736048341,0.3122676610946655,0.2481791228055954,-0.011379161849617958,0.2619934380054474,0.22114579379558563,-0.018855206668376923,0.36917853355407715,0.232990100979805,-0.02281126007437706,0.27904146909713745,0.28006604313850403,-0.046258628368377686,0.2997732162475586,0.3089718520641327,-0.055354874581098557,0.33008870482444763,0.3035961985588074,-0.05822894722223282,0.3724365234375,0.29215288162231445,-0.03371068090200424,0.2808404564857483,0.34774264693260193,-0.0533941425383091,0.3072045147418976,0.36608368158340454,-0.050029855221509933,0.33697980642318726,0.3513965308666229,-0.04660193994641304,0.37860971689224243,0.35755452513694763,-0.04450315609574318,0.29518723487854004,0.41028791666030884,-0.06359132379293442,0.3257473409175873,0.4211426377296448,-0.048682115972042084,0.35564395785331726,0.4043710231781006,-0.03672272711992264,0.3872600793838501,0.42125481367111206,-0.05434759333729744,0.3254570960998535,0.45754045248031616,-0.06938403099775314,0.35144972801208496,0.46192285418510437,-0.05989724397659302,0.3771325647830963,0.4477137327194214,-0.05019540712237358,G
0.2533455491065979,0.6195816397666931,-3.5922636243412853e-07,0.3049984574317932,0.5225386023521423,0.01103898510336876,0.3644101321697235,0.4854069948196411,0.005671789404004812,0.41409268975257874,0.5049446821212769,-0.0023105493746697903,0.4407796263694763,0.546297550201416,-0.007814493961632252,0.41133618354797363,0.46378815174102783,-0.015449192374944687,0.4815511107444763,0.4820207357406616,-0.023811396211385727,0.4595828652381897,0.5097165107727051,-0.02362973801791668,0.4279375970363617,0.5092436671257019,-0.02153007499873638,0.42097797989845276,0.5314949154853821,-0.02878185361623764,0.4844117760658264,0.5490761995315552,-0.026816828176379204,0.4577838182449341,0.5686149597167969,-0.019330784678459167,0.4248448610305786,0.5648524165153503,-0.015820659697055817,0.4206753671169281,0.6043054461479187,-0.03983954340219498,0.47640904784202576,0.6146036386489868,-0.03478860482573509,0.44851404428482056,0.6258562207221985,-0.02004079893231392,0.4162121117115021,0.6217004060745239,-0.013147233985364437,0.41066357493400574,0.6725457906723022,-0.050189848989248276,0.4452991187572479,0.6712738871574402,-0.042304906994104385,0.42068180441856384,0.6742632985115051,-0.02478068321943283,0.39666587114334106,0.6718515157699585,-0.012781350873410702,G
0.4787142872810364,0.34087446331977844,-3.640461727627553e-07,0.4340331256389618,0.2671855688095093,0.0015163335483521223,0.3576830327510834,0.2320687174797058,-0.006240725517272949,0.28859472274780273,0.22312286496162415,-0.014779208227992058,0.24203599989414215,0.1962326616048813,-0.022634295746684074,0.3490220904350281,0.20408083498477936,-0.02934681437909603,0.26154786348342896,0.2582416236400604,-0.051933713257312775,0.2816787362098694,0.28411370515823364,-0.06003423407673836,0.30997005105018616,0.27741459012031555,-0.06262011080980301,0.35436391830444336,0.26373887062072754,-0.039255570620298386,0.2640734910964966,0.3240568935871124,-0.05827026441693306,0.2890831232070923,0.33831948041915894,-0.05401201173663139,0.3176821768283844,0.3232462704181671,-0.05039804056286812,0.3615756332874298,0.32856670022010803,-0.048746753484010696,0.2817615866661072,0.38435858488082886,-0.0659550204873085,0.31004130840301514,0.3899962306022644,-0.0510832704603672,0.3376163840293884,0.3709380328655243,-0.03995588421821594,0.3699883818626404,0.3915715515613556,-0.05748341977596283,0.31197941303253174,0.43008121848106384,-0.07162393629550934,0.33619362115859985,0.4309943914413452,-0.06276973336935043,0.35965466499328613,0.4155856668949127,-0.05408499389886856,G
0.22170712053775787,0.6149493455886841,-4.079867039763485e-07,0.2736673057079315,0.5197358727455139,0.011044013313949108,0.33650901913642883,0.4817172884941101,0.005746627226471901,0.3883085250854492,0.49879756569862366,-0.0025694495998322964,0.4179253876209259,0.5378952622413635,-0.008154668845236301,0.38224679231643677,0.45562073588371277,-0.010792788118124008,0.4504464268684387,0.4790511429309845,-0.019324960187077522,0.42900392413139343,0.5046719312667847,-0.021245650947093964,0.39873579144477844,0.5036798119544983,-0.02145025134086609,0.39192235469818115,0.5217185616493225,-0.025561196729540825,0.45452457666397095,0.541181206703186,-0.025575954467058182,0.42800766229629517,0.5604363679885864,-0.02070022001862526,0.3948769271373749,0.5565612316131592,-0.01888292282819748,0.3930604159832001,0.5942469835281372,-0.03831755742430687,0.4474557638168335,0.6064591407775879,-0.03522384911775589,0.4189085066318512,0.6185113191604614,-0.021450234577059746,0.38663265109062195,0.6140336990356445,-0.014938806183636189,0.384233295917511,0.6634925603866577,-0.0505123995244503,0.4205176830291748,0.6653420925140381,-0.04443613439798355,0.39313235878944397,0.6693710684776306,-0.027230892330408096,0.3668769598007202,0.6669516563415527,-0.01527309138327837,G
0.45967233180999756,0.3432060480117798,-4.082250484316319e-07,0.4136123061180115,0.2703356146812439,0.0023527820594608784,0.3353975713253021,0.23566482961177826,-0.0045282719656825066,0.26434749364852905,0.23053370416164398,-0.01246950589120388,0.21467989683151245,0.2069225013256073,-0.019576294347643852,0.32071852684020996,0.20752489566802979,-0.026946280151605606,0.23349498212337494,0.26535850763320923,-0.049714595079422,0.2573920786380768,0.292857825756073,-0.05772051215171814,0.2882041335105896,0.2853679060935974,-0.060103487223386765,0.3257640302181244,0.2665710747241974,-0.03730211406946182,0.23641377687454224,0.32941874861717224,-0.0562288798391819,0.26391568779945374,0.34414801001548767,-0.052127406001091,0.2929382920265198,0.3271888196468353,-0.048511721193790436,0.3338949680328369,0.32992780208587646,-0.047214943915605545,0.25443556904792786,0.3898005485534668,-0.0652199536561966,0.28612229228019714,0.3965283930301666,-0.05018065497279167,0.3147531747817993,0.37649938464164734,-0.03871752321720123,0.34434884786605835,0.3915101885795593,-0.05624600127339363,0.28593185544013977,0.4337148368358612,-0.07147348672151566,0.31283649802207947,0.4351256489753723,-0.062409572303295135,0.33752962946891785,0.4180412292480469,-0.05315527692437172,G
0.21888764202594757,0.6038160920143127,-3.434958557591017e-07,0.2728697657585144,0.5044011473655701,0.013370024971663952,0.33620041608810425,0.46715039014816284,0.00878023449331522,0.3886188864707947,0.48667988181114197,0.0009723913972266018,0.41758227348327637,0.5271429419517517,-0.004322833847254515,0.3777397572994232,0.43651190400123596,-0.011257655918598175,0.4537321627140045,0.4621277451515198,-0.018653100356459618,0.433773010969162,0.4887559711933136,-0.018785905092954636,0.40343013405799866,0.48572248220443726,-0.017703646793961525,0.3889765739440918,0.5033021569252014,-0.026424959301948547,0.45738595724105835,0.5239831209182739,-0.023851947858929634,0.43089866638183594,0.5443128943443298,-0.016542350873351097,0.3973987102508545,0.540488600730896,-0.01349910069257021,0.3911226987838745,0.5771461129188538,-0.039275024086236954,0.4506855607032776,0.5905301570892334,-0.032272666692733765,0.4219653308391571,0.6031184196472168,-0.016361864283680916,0.3890310525894165,0.5989385843276978,-0.009496182203292847,0.3828882575035095,0.6473562121391296,-0.05160202458500862,0.41719722747802734,0.650110125541687,-0.04179081693291664,0.39126095175743103,0.6549407839775085,-0.02377389371395111,0.3669689893722534,0.6527499556541443,-0.012141467072069645,G
0.4600948691368103,0.3408360183238983,-4.112354190510814e-07,0.41051486134529114,0.2697390615940094,0.0023104448337107897,0.3337308168411255,0.23588407039642334,-0.005686694756150246,0.2641127407550812,0.22934430837631226,-0.015322905033826828,0.21415236592292786,0.20519113540649414,-0.02402419224381447,0.3231889605522156,0.20685744285583496,-0.025451721623539925,0.23369689285755157,0.2645784318447113,-0.05008864775300026,0.25646305084228516,0.2900882363319397,-0.060119595378637314,0.2857609689235687,0.28120559453964233,-0.06368300318717957,0.3304104506969452,0.26526758074760437,-0.03657987713813782,0.23865766823291779,0.3299495279788971,-0.057282984256744385,0.26628169417381287,0.3432285487651825,-0.05427194759249687,0.29485416412353516,0.3256010413169861,-0.051337290555238724,0.3402525782585144,0.3282426595687866,-0.04765187203884125,0.2555968761444092,0.3870604336261749,-0.06756267696619034,0.2873220145702362,0.3930681645870209,-0.05226054787635803,0.3166682720184326,0.37387147545814514,-0.040046028792858124,0.3517327904701233,0.3895212709903717,-0.05798656493425369,0.29002147912979126,0.428170770406723,-0.07404785603284836,0.3155662417411804,0.4285792410373688,-0.06487147510051727,0.34002137184143066,0.4127659201622009,-0.05545602738857269,G
0.22734251618385315,0.604042112827301,-3.267546162533108e-07,0.2793084979057312,0.5061011910438538,0.013092434033751488,0.3409028649330139,0.46879294514656067,0.007357276044785976,0.394142210483551,0.48827430605888367,-0.001406506635248661,0.4239237904548645,0.5299420952796936,-0.00765643734484911,0.38236185908317566,0.43908339738845825,-0.015182025730609894,0.458148330450058,0.4657436013221741,-0.02408592961728573,0.4378591775894165,0.4930414855480194,-0.024117181077599525,0.4068031311035156,0.49083685874938965,-0.022545723244547844,0.3923952579498291,0.5068193078041077,-0.030398858711123466,0.46237415075302124,0.5299185514450073,-0.029439013451337814,0.43617334961891174,0.5509945750236511,-0.021684778854250908,0.4027297794818878,0.5475998520851135,-0.01813504844903946,0.39382830262184143,0.5808181762695312,-0.043195318430662155,0.45478981733322144,0.5968198776245117,-0.03781064599752426,0.4259883165359497,0.609367311000824,-0.021447038277983665,0.3928357660770416,0.6044719815254211,-0.013975412584841251,0.38568630814552307,0.6506946086883545,-0.05535663291811943,0.421670138835907,0.6565859317779541,-0.04657113179564476,0.39540696144104004,0.6609649658203125,-0.02863517589867115,0.3708266615867615,0.6574034690856934,-0.016984613612294197,G
0.4680059552192688,0.3335934281349182,-4.11047523130037e-07,0.41893094778060913,0.26144179701805115,0.0035854086745530367,0.34000352025032043,0.22698011994361877,-0.0029620060231536627,0.27075719833374023,0.221510648727417,-0.011203383095562458,0.2221757471561432,0.1976090967655182,-0.018676890060305595,0.3260098695755005,0.20078566670417786,-0.02403651364147663,0.23926612734794617,0.2591593861579895,-0.047458767890930176,0.26257991790771484,0.284408837556839,-0.05683232471346855,0.2922450304031372,0.27569183707237244,-0.05996875464916229,0.33313581347465515,0.26000237464904785,-0.03541656211018562,0.24391703307628632,0.32356736063957214,-0.05490729212760925,0.27189069986343384,0.33675315976142883,-0.05153041332960129,0.30078965425491333,0.31868448853492737,-0.048252008855342865,0.343024343252182,0.32273972034454346,-0.046513717621564865,0.26167023181915283,0.3793652653694153,-0.0654481053352356,0.2930487096309662,0.3855687379837036,-0.05034255236387253,0.32200193405151367,0.3659989833831787,-0.03828797861933708,0.3548838794231415,0.3832574188709259,-0.056742120534181595,0.29513198137283325,0.42016494274139404,-0.07184299826622009,0.32115593552589417,0.42133790254592896,-0.06213916838169098,0.34596672654151917,0.4061650335788727,-0.052259694784879684,G
0.2370302975177765,0.6013716459274292,-3.268868056238716e-07,0.28858375549316406,0.5042784214019775,0.012696804478764534,0.34857723116874695,0.4688631594181061,0.006358757149428129,0.3985186517238617,0.4914277195930481,-0.003156137652695179,0.4252341687679291,0.5369783043861389,-0.010204728692770004,0.3903213143348694,0.4384519159793854,-0.014882528223097324,0.4650416374206543,0.46240153908729553,-0.023571616038680077,0.4443047344684601,0.49192824959754944,-0.024138854816555977,0.41360989212989807,0.49237608909606934,-0.023291651159524918,0.4015505313873291,0.5050363540649414,-0.03044290840625763,0.46935218572616577,0.5296629071235657,-0.028937676921486855,0.44309622049331665,0.551130473613739,-0.021470293402671814,0.41053617000579834,0.5473288297653198,-0.018520087003707886,0.40328407287597656,0.5779322981834412,-0.043684154748916626,0.4617127776145935,0.5960870981216431,-0.03764401003718376,0.4334671199321747,0.6093515157699585,-0.02161090075969696,0.40209296345710754,0.6042850017547607,-0.014913160353899002,0.39536336064338684,0.6471832990646362,-0.05643361434340477,0.4292622208595276,0.6546138525009155,-0.0473102368414402,0.40312379598617554,0.6594242453575134,-0.02924632839858532,0.37929269671440125,0.6553181409835815,-0.01783108152449131,G
0.4755050241947174,0.3403623700141907,-4.165357267993386e-07,0.4289082884788513,0.2661709785461426,0.0026766108348965645,0.35153883695602417,0.22996863722801208,-0.0049050552770495415,0.2816486656665802,0.22111880779266357,-0.013982277363538742,0.23200783133506775,0.19480225443840027,-0.022311750799417496,0.3404172956943512,0.20094573497772217,-0.026262369006872177,0.24982357025146484,0.25540876388549805,-0.049992941319942474,0.271602600812912,0.2830604910850525,-0.059027235954999924,0.3007141649723053,0.2757423520088196,-0.06206312030553818,0.3459639549255371,0.25910472869873047,-0.037144970148801804,0.25427982211112976,0.3210638761520386,-0.056907717138528824,0.2812063694000244,0.3363099694252014,-0.05320651829242706,0.3097915053367615,0.3195924460887909,-0.04998800903558731,0.35414910316467285,0.32198894023895264,-0.04780888929963112,0.2704850733280182,0.37915554642677307,-0.06645869463682175,0.30170291662216187,0.3865039050579071,-0.05123519524931908,0.3306055963039398,0.367173969745636,-0.0395226888358593,0.36413609981536865,0.38262224197387695,-0.05766814947128296,0.30313602089881897,0.4214206039905548,-0.07283154129981995,0.3289240598678589,0.4228154718875885,-0.06375530362129211,0.3534848988056183,0.40657052397727966,-0.05462059751152992,G
0.23853619396686554,0.6025453209877014,-3.298927140349406e-07,0.2906535565853119,0.5060505867004395,0.01351650059223175,0.3507084846496582,0.4704718589782715,0.008219842799007893,0.4005230963230133,0.49091827869415283,-0.0004479078925214708,0.4281066060066223,0.5332869291305542,-0.006546662654727697,0.39291656017303467,0.43828991055488586,-0.011621388606727123,0.4672650396823883,0.46387410163879395,-0.01902400143444538,0.44647786021232605,0.4934448003768921,-0.01898801699280739,0.41628730297088623,0.49314382672309875,-0.017822321504354477,0.4047714173793793,0.5050461292266846,-0.027008209377527237,0.47213783860206604,0.5289568901062012,-0.024096261709928513,0.44708240032196045,0.5509475469589233,-0.016649434342980385,0.41491931676864624,0.547809362411499,-0.013770991936326027,0.4069735109806061,0.5782796740531921,-0.04010480269789696,0.464084655046463,0.5941175222396851,-0.03298855200409889,0.43726712465286255,0.6088081002235413,-0.017549801617860794,0.40624484419822693,0.6054378747940063,-0.01127633173018694,0.39972200989723206,0.6481325030326843,-0.05263650417327881,0.4316711723804474,0.6533427238464355,-0.042812738567590714,0.4070604741573334,0.658581554889679,-0.02511167712509632,0.38371479511260986,0.6554965376853943,-0.013883990235626698,G
0.48289674520492554,0.34097427129745483,-4.347139679339307e-07,0.435218870639801,0.26928460597991943,0.003402536967769265,0.35743117332458496,0.23375803232192993,-0.004442389588803053,0.28707483410835266,0.22324389219284058,-0.013773071579635143,0.23750174045562744,0.19614487886428833,-0.022346407175064087,0.34712329506874084,0.1991003453731537,-0.026434646919369698,0.25542783737182617,0.2526993453502655,-0.05001543089747429,0.275781512260437,0.28134381771087646,-0.058936748653650284,0.3047572672367096,0.2755771577358246,-0.06187254562973976,0.3534550368785858,0.256658136844635,-0.037919700145721436,0.2589811682701111,0.31821224093437195,-0.05715620145201683,0.2844920754432678,0.3356597423553467,-0.05323118716478348,0.31288740038871765,0.3206397294998169,-0.05010058358311653,0.362081378698349,0.3201274275779724,-0.04902917519211769,0.2753851115703583,0.3770322799682617,-0.06777530163526535,0.3048434555530548,0.38618284463882446,-0.052435245364904404,0.33362236618995667,0.3688028156757355,-0.04065327346324921,0.37203794717788696,0.3823225200176239,-0.05915317311882973,0.30675363540649414,0.4207041263580322,-0.07446064800024033,0.33166244626045227,0.42324936389923096,-0.06492292881011963,0.35683074593544006,0.40877532958984375,-0.055444054305553436,G
0.24096350371837616,0.6017554402351379,-3.2829484553076327e-07,0.2951207756996155,0.5047131776809692,0.014066574163734913,0.3569929301738739,0.46740007400512695,0.00992361456155777,0.4077584445476532,0.4863708019256592,0.0017833581659942865,0.434834361076355,0.5282288789749146,-0.0038795769214630127,0.39873206615448,0.4356686472892761,-0.00481958594173193,0.4702235162258148,0.46321386098861694,-0.013161486946046352,0.4487486183643341,0.4888540804386139,-0.01566665805876255,0.41787880659103394,0.4856780469417572,-0.01599612645804882,0.40894952416419983,0.5030076503753662,-0.02072443626821041,0.4752822518348694,0.5277290344238281,-0.01864558644592762,0.449908971786499,0.547252357006073,-0.013156763277947903,0.4170094132423401,0.5428627729415894,-0.011078066192567348,0.41021227836608887,0.5766133069992065,-0.03489525988698006,0.4679032266139984,0.5940470099449158,-0.028367843478918076,0.43983569741249084,0.6064610481262207,-0.013928174041211605,0.40776342153549194,0.6012519598007202,-0.007719468791037798,0.4018767476081848,0.6464507579803467,-0.04863039776682854,0.43530258536338806,0.6526153683662415,-0.03834836930036545,0.4092741012573242,0.6574696898460388,-0.020655527710914612,0.3852533996105194,0.6544850468635559,-0.009300634264945984,G
0.48024827241897583,0.32836076617240906,-4.1242341808356286e-07,0.4351552426815033,0.25961339473724365,0.002207232639193535,0.3576190769672394,0.22477835416793823,-0.005161194130778313,0.28882554173469543,0.21528002619743347,-0.013742911629378796,0.24009844660758972,0.19128599762916565,-0.021470963954925537,0.3435972332954407,0.19325941801071167,-0.027155684307217598,0.25558269023895264,0.25413691997528076,-0.050912950187921524,0.2771851122379303,0.2819664776325226,-0.05968637764453888,0.3055928945541382,0.2746134102344513,-0.06256527453660965,0.35014456510543823,0.24877560138702393,-0.03812429681420326,0.25871074199676514,0.3164563775062561,-0.058154091238975525,0.28411391377449036,0.33138272166252136,-0.05445949360728264,0.31149229407310486,0.3136635422706604,-0.05121389403939247,0.3590277433395386,0.31072184443473816,-0.048874519765377045,0.2765737473964691,0.3720942735671997,-0.06844708323478699,0.30540481209754944,0.3803493082523346,-0.053941190242767334,0.33212175965309143,0.3604546785354614,-0.04253064841032028,0.369162917137146,0.37181758880615234,-0.058811381459236145,0.30875080823898315,0.41344302892684937,-0.07522086054086685,0.3328319787979126,0.41610193252563477,-0.06708605587482452,0.35613468289375305,0.40026769042015076,-0.058384548872709274,G
0.23794901371002197,0.5973252058029175,-3.163112864967843e-07,0.29190894961357117,0.502322256565094,0.012868448160588741,0.35261270403862,0.4652595520019531,0.006855768617242575,0.4021868109703064,0.48576560616493225,-0.0025532832369208336,0.42885154485702515,0.5293641686439514,-0.009461725130677223,0.3938788175582886,0.43170052766799927,-0.011549381539225578,0.4665771424770355,0.4588512182235718,-0.02060459367930889,0.44604581594467163,0.4868714213371277,-0.02252865396440029,0.4153645634651184,0.4847817122936249,-0.022576231509447098,0.4035488963127136,0.497502863407135,-0.0275014229118824,0.4713903069496155,0.5227278470993042,-0.02619192562997341,0.44629088044166565,0.5439810156822205,-0.019937952980399132,0.41369885206222534,0.5395554304122925,-0.017618998885154724,0.4045012891292572,0.5703421831130981,-0.041337113827466965,0.4633173942565918,0.5883578658103943,-0.03516874089837074,0.4354792535305023,0.6021959185600281,-0.019628848880529404,0.4040455222129822,0.597199022769928,-0.01302605215460062,0.39577236771583557,0.640177845954895,-0.054733701050281525,0.4313218295574188,0.645236611366272,-0.0450354628264904,0.40529105067253113,0.6510138511657715,-0.02657300792634487,0.38135719299316406,0.6483923196792603,-0.014750150963664055,G
0.4769190549850464,0.33806174993515015,-4.0300716364072287e-07,0.43189024925231934,0.26849567890167236,0.0024374318309128284,0.35554954409599304,0.2335357367992401,-0.004550768993794918,0.28651705384254456,0.22448578476905823,-0.013395696878433228,0.23914729058742523,0.1967778205871582,-0.021221213042736053,0.3465350270271301,0.20185847580432892,-0.025632290169596672,0.2537580132484436,0.25276103615760803,-0.05029003322124481,0.2738240659236908,0.28008806705474854,-0.05952230468392372,0.3037416338920593,0.27375566959381104,-0.062386080622673035,0.35191610455513,0.2574297785758972,-0.0367497056722641,0.2574642598628998,0.3178156018257141,-0.05781259387731552,0.2824645936489105,0.3346908390522003,-0.05526759475469589,0.31077542901039124,0.3181830644607544,-0.05227679759263992,0.36022451519966125,0.3199790418148041,-0.047841332852840424,0.27257800102233887,0.3748219609260559,-0.06811273843050003,0.30053946375846863,0.3868553638458252,-0.054383549839258194,0.3294699192047119,0.3690751791000366,-0.04280420392751694,0.3703252077102661,0.3820450007915497,-0.05821198225021362,0.3085783123970032,0.4193378984928131,-0.07531867921352386,0.3272704482078552,0.4266420602798462,-0.06874548643827438,0.34932535886764526,0.4152728021144867,-0.06082244589924812,G
0.23364658653736115,0.6082198619842529,-3.1141232170739386e-07,0.28809016942977905,0.5144425630569458,0.014473279006779194,0.3466007113456726,0.47893959283828735,0.00943506695330143,0.3949364423751831,0.4973435699939728,0.00027442010468803346,0.4226333796977997,0.5375030636787415,-0.0063251955434679985,0.3881306052207947,0.44576001167297363,-0.007181287277489901,0.4612254798412323,0.46982651948928833,-0.01680963672697544,0.441493421792984,0.49878838658332825,-0.01956813968718052,0.41088342666625977,0.49766480922698975,-0.01977815292775631,0.3989623486995697,0.5093991756439209,-0.02369813062250614,0.46697354316711426,0.5339970588684082,-0.022463195025920868,0.44247275590896606,0.5572169423103333,-0.01665307953953743,0.4100223481655121,0.5538209080696106,-0.014291966333985329,0.40057373046875,0.580535888671875,-0.03838525712490082,0.4592885971069336,0.6006390452384949,-0.03228917717933655,0.431682825088501,0.6147909760475159,-0.01757623255252838,0.39979100227355957,0.6093374490737915,-0.011257607489824295,0.3922785818576813,0.6498333215713501,-0.05266279727220535,0.42546898126602173,0.6604892015457153,-0.04324939474463463,0.4001040458679199,0.665674090385437,-0.02610691823065281,0.3762519061565399,0.6614348888397217,-0.014975620433688164,G
0.4718022346496582,0.3353526294231415,-3.8653351452921925e-07,0.4258783459663391,0.2646547853946686,0.001965315081179142,0.35315456986427307,0.22939538955688477,-0.004847741220146418,0.2886418104171753,0.2203521877527237,-0.013233348727226257,0.2422865331172943,0.1960468590259552,-0.020949309691786766,0.34027358889579773,0.20314136147499084,-0.023768512532114983,0.25469252467155457,0.2531690001487732,-0.0470893420279026,0.27371323108673096,0.28121286630630493,-0.056682366877794266,0.3027030825614929,0.2765929400920868,-0.05984137952327728,0.3448925018310547,0.2576464116573334,-0.034128785133361816,0.2580201029777527,0.31490862369537354,-0.05257757753133774,0.2816464602947235,0.3321390450000763,-0.04998834803700447,0.3086116909980774,0.31799203157424927,-0.04739882051944733,0.35275599360466003,0.3184308409690857,-0.04453234747052193,0.27444514632225037,0.3711313307285309,-0.06282123178243637,0.30095529556274414,0.381683886051178,-0.04961157962679863,0.327419251203537,0.3656928539276123,-0.038926150649785995,0.36191892623901367,0.37838226556777954,-0.05419494956731796,0.30286455154418945,0.4145910143852234,-0.06896688789129257,0.3247188925743103,0.42076098918914795,-0.06039801612496376,0.34756970405578613,0.4103958308696747,-0.051480215042829514,G
0.23380407691001892,0.6071649193763733,-3.3112783626165765e-07,0.2848703861236572,0.5133121609687805,0.012119290418922901,0.3459276258945465,0.475101113319397,0.006936491467058659,0.3968343734741211,0.492081880569458,-0.001236331881955266,0.42578834295272827,0.531693160533905,-0.006736305542290211,0.38357269763946533,0.4478236436843872,-0.012815910391509533,0.45762622356414795,0.4730629324913025,-0.020606564357876778,0.4369729161262512,0.5018259286880493,-0.021029142662882805,0.4072454869747162,0.500220775604248,-0.02018430083990097,0.3931361436843872,0.5135443210601807,-0.027280293405056,0.4598182439804077,0.5390569567680359,-0.025164922699332237,0.4354321360588074,0.5592523813247681,-0.018239062279462814,0.4041726589202881,0.5522254109382629,-0.01581723242998123,0.3945293128490448,0.585042417049408,-0.039516158401966095,0.4508630335330963,0.6038948893547058,-0.033258743584156036,0.42435222864151,0.6172432899475098,-0.01801193132996559,0.3942726254463196,0.6106263995170593,-0.011816319078207016,0.3873535394668579,0.6528443098068237,-0.051232922822237015,0.4227184057235718,0.6601502299308777,-0.04202801361680031,0.39716264605522156,0.6657819747924805,-0.024424483999609947,0.37340429425239563,0.6617720723152161,-0.013311916030943394,G
0.4767339825630188,0.36089199781417847,-3.9456273270843667e-07,0.4335135221481323,0.2903077304363251,0.0009241641382686794,0.3604204058647156,0.2495976835489273,-0.006294386461377144,0.2919786870479584,0.2405470907688141,-0.01422610878944397,0.24316711723804474,0.21921944618225098,-0.02112925797700882,0.3445131182670593,0.2182512730360031,-0.0267715435475111,0.25237277150154114,0.2753123641014099,-0.04925629124045372,0.2712323069572449,0.30485305190086365,-0.05816544219851494,0.30087143182754517,0.30102571845054626,-0.06095222383737564,0.3474358022212982,0.27590179443359375,-0.0357385091483593,0.25622308254241943,0.3381618857383728,-0.05259238928556442,0.27810585498809814,0.3567676842212677,-0.04947163164615631,0.30516937375068665,0.343604177236557,-0.04730422794818878,0.35249313712120056,0.33893638849258423,-0.044472381472587585,0.2716200053691864,0.3956608772277832,-0.0603020116686821,0.297044038772583,0.4080331325531006,-0.04699461907148361,0.3239489197731018,0.39264732599258423,-0.03735313192009926,0.35921579599380493,0.40169546008110046,-0.05262144282460213,0.3013255298137665,0.44096142053604126,-0.06614834815263748,0.32428058981895447,0.44769760966300964,-0.05829882621765137,0.3469254672527313,0.43516799807548523,-0.05038580670952797,G
0.23213417828083038,0.6175111532211304,-3.26919519011426e-07,0.28637558221817017,0.5217486023902893,0.013742667622864246,0.3477284610271454,0.48651033639907837,0.008870059624314308,0.39937371015548706,0.5052845478057861,0.0008725848165340722,0.4272906184196472,0.5470467805862427,-0.004234320484101772,0.3835194706916809,0.45380520820617676,-0.010914268903434277,0.4592113792896271,0.4778232276439667,-0.017800752073526382,0.4389822781085968,0.5071119070053101,-0.017308320850133896,0.4080006778240204,0.5063098669052124,-0.01553770899772644,0.39523935317993164,0.5204989910125732,-0.02548850141465664,0.46367084980010986,0.5421284437179565,-0.022300275042653084,0.4385547339916229,0.5641689896583557,-0.014814323745667934,0.4061416983604431,0.5599732398986816,-0.011744003742933273,0.39879634976387024,0.5937330722808838,-0.037637755274772644,0.4578748047351837,0.6068668961524963,-0.029704920947551727,0.43083736300468445,0.6212482452392578,-0.014043962582945824,0.39905786514282227,0.6174649596214294,-0.007427879609167576,0.39277294278144836,0.6630499362945557,-0.049182213842868805,0.42590686678886414,0.6642788648605347,-0.038315605372190475,0.40180614590644836,0.6708312034606934,-0.02065240778028965,0.3791389465332031,0.6698570847511292,-0.00941306073218584,G
0.4789482653141022,0.3500910997390747,-3.9022307873892714e-07,0.4366496205329895,0.27870750427246094,-4.0119175537256524e-05,0.3617756962776184,0.23743581771850586,-0.0063927751034498215,0.2943536043167114,0.22906740009784698,-0.013649965636432171,0.24560397863388062,0.20736032724380493,-0.01954549178481102,0.3435029089450836,0.2072405219078064,-0.023214243352413177,0.25650012493133545,0.2622217833995819,-0.046557847410440445,0.2781943380832672,0.2890344262123108,-0.05663111060857773,0.30818337202072144,0.28216618299484253,-0.060043059289455414,0.34657022356987,0.26523980498313904,-0.03218798711895943,0.2592056691646576,0.32436269521713257,-0.05025038123130798,0.2841331958770752,0.34202513098716736,-0.047944601625204086,0.3118264973163605,0.32773450016975403,-0.045624230057001114,0.35272467136383057,0.3286055326461792,-0.0414433591067791,0.27432307600975037,0.38299623131752014,-0.05896579101681709,0.3022955358028412,0.3957225978374481,-0.045897550880908966,0.3303603529930115,0.3795050084590912,-0.0355607271194458,0.3612818419933319,0.39166587591171265,-0.050321534276008606,0.30397820472717285,0.4286162555217743,-0.06465227901935577,0.3275027573108673,0.43629077076911926,-0.05666545405983925,0.35118430852890015,0.42419400811195374,-0.04818403348326683,G
0.23824691772460938,0.6144854426383972,-3.2904901559049904e-07,0.2897433638572693,0.5207750797271729,0.012119640596210957,0.34998950362205505,0.48606088757514954,0.006374148186296225,0.40030166506767273,0.5040885806083679,-0.0024354078341275454,0.4283645749092102,0.5432673692703247,-0.008689778856933117,0.3885583281517029,0.45677849650382996,-0.01274504978209734,0.46173492074012756,0.4791649580001831,-0.02287144400179386,0.44087904691696167,0.5056887269020081,-0.025506986305117607,0.40967217087745667,0.5038489699363708,-0.02545383758842945,0.39798635244369507,0.5233176946640015,-0.027577072381973267,0.4646652340888977,0.5436459183692932,-0.026955367997288704,0.4398000240325928,0.5634987354278564,-0.020748458802700043,0.4075542688369751,0.5593194961547852,-0.018033789470791817,0.3987729549407959,0.5958255529403687,-0.04041124880313873,0.4579527974128723,0.6088738441467285,-0.035967957228422165,0.4312068223953247,0.6217801570892334,-0.020973943173885345,0.39973869919776917,0.6175225377082825,-0.0138760507106781,0.3903912901878357,0.6645705699920654,-0.052653416991233826,0.42614954710006714,0.6675428748130798,-0.04492935165762901,0.40153607726097107,0.6724350452423096,-0.02749132737517357,0.37784358859062195,0.6698439121246338,-0.01568724401295185,G
0.4777359962463379,0.34471452236175537,-3.9686801756033674e-07,0.4345310926437378,0.2762860655784607,-3.5740828252528445e-07,0.35892218351364136,0.2386442869901657,-0.0072794146835803986,0.29165664315223694,0.22949853539466858,-0.01538723986595869,0.24505078792572021,0.2055090218782425,-0.022137140855193138,0.34417715668678284,0.2080259770154953,-0.026376426219940186,0.25586044788360596,0.2613389492034912,-0.050145406275987625,0.27731263637542725,0.2907788157463074,-0.059629809111356735,0.3067171573638916,0.2848741114139557,-0.06289369612932205,0.34789249300956726,0.26490065455436707,-0.0358528308570385,0.2577357292175293,0.3235336244106293,-0.05516088381409645,0.28228455781936646,0.3423071503639221,-0.05207603797316551,0.31030815839767456,0.32730868458747864,-0.04905979335308075,0.3544560670852661,0.32654789090156555,-0.04542668163776398,0.27518150210380554,0.38085880875587463,-0.06362175196409225,0.3025432229042053,0.39288264513015747,-0.049842558801174164,0.32991573214530945,0.37503257393836975,-0.03902074322104454,0.3628143072128296,0.3865165412425995,-0.054568834602832794,0.30522847175598145,0.4230981469154358,-0.06937362998723984,0.3282462954521179,0.4295579791069031,-0.06137770041823387,0.35151126980781555,0.41609999537467957,-0.05299430340528488,G
0.23794734477996826,0.6192935705184937,-3.297973591998016e-07,0.29210320115089417,0.5223190188407898,0.01309273112565279,0.35217320919036865,0.4856604039669037,0.00800828356295824,0.40164029598236084,0.5008600950241089,-0.00040174589958041906,0.428878515958786,0.5392057299613953,-0.006387027911841869,0.39148348569869995,0.4610987603664398,-0.011506148613989353,0.4625878632068634,0.4844123125076294,-0.020951904356479645,0.4412955641746521,0.5087978839874268,-0.022939831018447876,0.4097650647163391,0.5058342218399048,-0.022336237132549286,0.4005763530731201,0.5277805328369141,-0.026291342452168465,0.46618643403053284,0.5468029379844666,-0.02443103864789009,0.44154924154281616,0.5657615065574646,-0.017485762014985085,0.40901702642440796,0.5630061626434326,-0.014408794231712818,0.401069700717926,0.600153386592865,-0.03899892792105675,0.46020060777664185,0.6119058132171631,-0.033238038420677185,0.4332028925418854,0.623877763748169,-0.018050963059067726,0.4005555212497711,0.620688259601593,-0.011017746292054653,0.3920201063156128,0.6681806445121765,-0.05110993608832359,0.42671483755111694,0.6696376204490662,-0.04253606125712395,0.4022943675518036,0.6743226051330566,-0.02517751231789589,0.3782152831554413,0.6733991503715515,-0.013443351723253727,G
0.47607749700546265,0.34312704205513,-3.6785760926250077e-07,0.4359055757522583,0.26720714569091797,6.765814032405615e-05,0.36238420009613037,0.22797927260398865,-0.007877932861447334,0.2938900887966156,0.22132179141044617,-0.01662478782236576,0.24655824899673462,0.19950145483016968,-0.024092748761177063,0.34893739223480225,0.19525350630283356,-0.025731518864631653,0.25957369804382324,0.24993610382080078,-0.051727063953876495,0.28150099515914917,0.27310478687286377,-0.06309153139591217,0.3111194968223572,0.26666542887687683,-0.0669131800532341,0.35161834955215454,0.2546536326408386,-0.03538225591182709,0.2624414563179016,0.310686320066452,-0.054120663553476334,0.28733572363853455,0.324217289686203,-0.05129850283265114,0.3137827515602112,0.3107295334339142,-0.049128737300634384,0.35654017329216003,0.3202114701271057,-0.045450374484062195,0.27719563245773315,0.36922669410705566,-0.06391101330518723,0.3065168261528015,0.3774465322494507,-0.04910682141780853,0.33398547768592834,0.36175355315208435,-0.03777115419507027,0.3626136779785156,0.38694602251052856,-0.05498741194605827,0.3039223551750183,0.41976356506347656,-0.0699312686920166,0.3300631642341614,0.42147788405418396,-0.060638677328825,0.35405397415161133,0.40737950801849365,-0.05130007863044739,G
0.24807563424110413,0.6331319808959961,-3.432836876982037e-07,0.2997865080833435,0.5356725454330444,0.013865728862583637,0.3605281114578247,0.4992606043815613,0.009460287168622017,0.4101215600967407,0.5182622671127319,0.0018401024863123894,0.437756210565567,0.5582970380783081,-0.0033820210956037045,0.39971494674682617,0.47757041454315186,-0.011371439322829247,0.47046738862991333,0.49824416637420654,-0.018732694908976555,0.4488765001296997,0.5240299701690674,-0.01953563094139099,0.4197048842906952,0.5227341651916504,-0.018951723352074623,0.4084514081478119,0.5433237552642822,-0.02600579336285591,0.47391170263290405,0.5628687143325806,-0.022587880492210388,0.44950154423713684,0.5817545056343079,-0.01512498315423727,0.41863110661506653,0.5782083868980408,-0.012343131937086582,0.40874361991882324,0.6146489977836609,-0.03825436905026436,0.46448713541030884,0.6278674006462097,-0.030806200578808784,0.4390943944454193,0.6398520469665527,-0.015493523329496384,0.40943482518196106,0.6362100839614868,-0.009148978628218174,0.40009814500808716,0.681991696357727,-0.04980747029185295,0.43421441316604614,0.6846102476119995,-0.03934379667043686,0.41073381900787354,0.6884196996688843,-0.02136058732867241,0.3879021108150482,0.6862689852714539,-0.009885814040899277,G
0.4820215702056885,0.34504368901252747,-3.757652109470655e-07,0.436829149723053,0.26850825548171997,0.004004687070846558,0.3586675226688385,0.23179340362548828,-0.0022801063023507595,0.2890532910823822,0.22408917546272278,-0.010266423225402832,0.24214720726013184,0.2019195258617401,-0.017307575792074203,0.34488824009895325,0.19859956204891205,-0.02334928698837757,0.25621742010116577,0.25267165899276733,-0.0473361574113369,0.2792629301548004,0.27510103583335876,-0.057564154267311096,0.3083818852901459,0.26884347200393677,-0.061132147908210754,0.34954023361206055,0.2569511830806732,-0.03522631525993347,0.2589607834815979,0.3133869767189026,-0.05281196907162666,0.28455987572669983,0.3258873224258423,-0.04946131631731987,0.3118267357349396,0.31295135617256165,-0.0470711775124073,0.35608217120170593,0.3225348889827728,-0.046944402158260345,0.2754329741001129,0.3724403977394104,-0.06404425948858261,0.3053624629974365,0.379883348941803,-0.04889019951224327,0.33334919810295105,0.3647889196872711,-0.037624865770339966,0.3638305068016052,0.38968518376350403,-0.05786257982254028,0.3042701184749603,0.4238405227661133,-0.071797676384449,0.32985183596611023,0.42478156089782715,-0.06195696070790291,0.35359078645706177,0.4109839200973511,-0.05236726626753807,G
0.2438422292470932,0.6268699169158936,-3.228206821859203e-07,0.29514628648757935,0.5320621728897095,0.013799993321299553,0.35279378294944763,0.49730974435806274,0.008567201904952526,0.40058669447898865,0.5150535702705383,-0.00028634516638703644,0.42724132537841797,0.5546694993972778,-0.006775275804102421,0.39314067363739014,0.4666633903980255,-0.009884633123874664,0.4641696512699127,0.491252601146698,-0.018839078024029732,0.4431575834751129,0.5187899470329285,-0.020876754075288773,0.4128051996231079,0.5174375176429749,-0.020742645487189293,0.4034281075000763,0.5311062932014465,-0.02523428574204445,0.4682018458843231,0.5534861087799072,-0.023800840601325035,0.44301387667655945,0.5744825601577759,-0.017553510144352913,0.410946786403656,0.5713918209075928,-0.014943582937121391,0.404996782541275,0.6022448539733887,-0.038528475910425186,0.4615240693092346,0.6182036399841309,-0.0327550545334816,0.4348160922527313,0.6325486302375793,-0.018025828525424004,0.40370213985443115,0.6296380758285522,-0.011507573537528515,0.39731672406196594,0.6699604392051697,-0.051242563873529434,0.42864730954170227,0.6762003302574158,-0.042547013610601425,0.4046725630760193,0.6822830438613892,-0.025641603395342827,0.38185325264930725,0.6806014776229858,-0.01444334164261818,G
0.47756093740463257,0.34243956208229065,-3.4889609423771617e-07,0.4344424605369568,0.2672896087169647,0.0012956388527527452,0.3589174151420593,0.22978255152702332,-0.005710819270461798,0.28990843892097473,0.22508291900157928,-0.01392042264342308,0.24302250146865845,0.20434963703155518,-0.021135086193680763,0.34433498978614807,0.20086261630058289,-0.024213692173361778,0.2558490037918091,0.25998401641845703,-0.04925724118947983,0.27603816986083984,0.28137433528900146,-0.06046028435230255,0.30354976654052734,0.27477893233299255,-0.06436590850353241,0.349636435508728,0.25926902890205383,-0.034450944513082504,0.2611258924007416,0.3188334107398987,-0.05327688530087471,0.28582027554512024,0.32938316464424133,-0.051080986857414246,0.3121950030326843,0.31390243768692017,-0.04910463094711304,0.3564237952232361,0.32324743270874023,-0.04487467557191849,0.277660995721817,0.373501181602478,-0.06350318342447281,0.3053566813468933,0.3808656334877014,-0.049742408096790314,0.3323519825935364,0.3650836646556854,-0.038774993270635605,0.36331886053085327,0.38856834173202515,-0.054691340774297714,0.305309534072876,0.4223768711090088,-0.06960409879684448,0.3290843069553375,0.42380717396736145,-0.06104319915175438,0.35182929039001465,0.4101897180080414,-0.051999036222696304,G
0.23792293667793274,0.6161749958992004,-3.167422164551681e-07,0.29083627462387085,0.5232257843017578,0.014570631086826324,0.34936729073524475,0.4896004796028137,0.009440895169973373,0.39659804105758667,0.5091280341148376,0.000713012064807117,0.42316383123397827,0.549949586391449,-0.005630220286548138,0.38839972019195557,0.45774537324905396,-0.011754953302443027,0.46113747358322144,0.48216715455055237,-0.01992936246097088,0.44116681814193726,0.5111525654792786,-0.020588746294379234,0.41176527738571167,0.5098116397857666,-0.019736722111701965,0.3987544775009155,0.5219598412513733,-0.027484621852636337,0.4653915464878082,0.5454868078231812,-0.025158580392599106,0.4401673674583435,0.5673198103904724,-0.01778438873589039,0.4083562195301056,0.5629138946533203,-0.01484760269522667,0.4004552662372589,0.593332827091217,-0.04083292931318283,0.45862188935279846,0.609273374080658,-0.03410912677645683,0.4311605989933014,0.6237746477127075,-0.018370768055319786,0.39985352754592896,0.6196132302284241,-0.011643876321613789,0.39262792468070984,0.6613477468490601,-0.05356059595942497,0.4246826171875,0.6682737469673157,-0.04403558000922203,0.4000178873538971,0.6739118695259094,-0.026572927832603455,0.3769279420375824,0.6707648634910583,-0.015350031666457653,G
0.47755956649780273,0.34977999329566956,-3.6844744499830995e-07,0.4348096251487732,0.2769147753715515,0.0013888567918911576,0.36175477504730225,0.2396543025970459,-0.005665389820933342,0.29531630873680115,0.23328053951263428,-0.01383061334490776,0.2462514340877533,0.21602293848991394,-0.020518053323030472,0.34913888573646545,0.20527014136314392,-0.0245177261531353,0.26234379410743713,0.2569360136985779,-0.04818092659115791,0.28348174691200256,0.28170961141586304,-0.05734788626432419,0.31186309456825256,0.2751657962799072,-0.060186199843883514,0.3514103591442108,0.264297217130661,-0.03520870581269264,0.2616916298866272,0.3192368447780609,-0.05411309003829956,0.2872754633426666,0.3350614011287689,-0.05092097446322441,0.31432679295539856,0.3210740387439728,-0.04796149209141731,0.3564359247684479,0.3295688331127167,-0.045951299369335175,0.2739594280719757,0.37874844670295715,-0.06495997309684753,0.30340898036956787,0.3877161741256714,-0.050161611288785934,0.3317786455154419,0.37150394916534424,-0.03842566907405853,0.36328327655792236,0.3949567377567291,-0.05600891262292862,0.3036573827266693,0.42709463834762573,-0.07175043225288391,0.3280264139175415,0.4297025501728058,-0.06238535791635513,0.35197168588638306,0.4164326786994934,-0.05266104266047478,G
0.2412005066871643,0.6193684339523315,-3.19667492476583e-07,0.29328715801239014,0.524861216545105,0.01408521831035614,0.35179102420806885,0.49029865860939026,0.009155144914984703,0.39966052770614624,0.510318398475647,0.0008399923099204898,0.4254304766654968,0.552854061126709,-0.005229888018220663,0.3919500410556793,0.4609306752681732,-0.012001794762909412,0.4618734121322632,0.48382440209388733,-0.01984613761305809,0.4420013427734375,0.5115764737129211,-0.01985185220837593,0.41079503297805786,0.510234534740448,-0.018176589161157608,0.40233901143074036,0.5254185199737549,-0.0272707249969244,0.4657514691352844,0.5465868711471558,-0.02478944882750511,0.4410279095172882,0.5669209957122803,-0.017452843487262726,0.4089200496673584,0.563254714012146,-0.014373638667166233,0.40369319915771484,0.5972228646278381,-0.04016612470149994,0.4608493447303772,0.6110682487487793,-0.03404651954770088,0.4332204759120941,0.623877227306366,-0.019031567499041557,0.40145042538642883,0.6199074983596802,-0.012453407980501652,0.3952711820602417,0.6656742095947266,-0.05231060832738876,0.4276543855667114,0.6711450815200806,-0.04343166947364807,0.4026246666908264,0.6756323575973511,-0.026193717494606972,0.3792966902256012,0.6723995804786682,-0.014853253960609436,G
0.47462713718414307,0.3476361334323883,-3.620195343501109e-07,0.4324208199977875,0.2737181782722473,0.0018130509415641427,0.361897736787796,0.23151913285255432,-0.006433981936424971,0.2937696576118469,0.2298297882080078,-0.015500560402870178,0.24648842215538025,0.21330761909484863,-0.02434256486594677,0.3486088514328003,0.20840194821357727,-0.030023612082004547,0.263014018535614,0.2604333758354187,-0.052173689007759094,0.2818422317504883,0.2877146005630493,-0.06031831353902817,0.30949369072914124,0.28291887044906616,-0.06311558932065964,0.3527827560901642,0.2700290083885193,-0.04085981100797653,0.2629598379135132,0.3221357464790344,-0.05868152156472206,0.2869938910007477,0.33794164657592773,-0.05493919551372528,0.3160558342933655,0.3250995874404907,-0.0523269847035408,0.36017972230911255,0.3351662755012512,-0.05090656876564026,0.27516376972198486,0.3832041323184967,-0.06884618103504181,0.304311603307724,0.393276572227478,-0.053754281252622604,0.3348202705383301,0.3792717456817627,-0.04250646010041237,0.370192289352417,0.4000389575958252,-0.059937141835689545,0.30738121271133423,0.4343821108341217,-0.07544413208961487,0.33130937814712524,0.43761420249938965,-0.06608396023511887,0.3558403551578522,0.4246289134025574,-0.05683981254696846,G
0.23276285827159882,0.6313230395317078,-3.314328296255553e-07,0.28405749797821045,0.5370021462440491,0.013012965209782124,0.3454478979110718,0.49994611740112305,0.007896925322711468,0.3947071433067322,0.5192245841026306,-0.0011416332563385367,0.4221533238887787,0.5607607364654541,-0.007724214345216751,0.3911062777042389,0.46962621808052063,-0.007427312433719635,0.46212640404701233,0.4921190142631531,-0.01737995259463787,0.44190502166748047,0.5195305943489075,-0.021249765530228615,0.41155123710632324,0.5187017917633057,-0.022414430975914,0.4006739556789398,0.5332760214805603,-0.02311202697455883,0.46545109152793884,0.5565524101257324,-0.021953478455543518,0.4405432939529419,0.5773566961288452,-0.01662912406027317,0.4086076617240906,0.5733766555786133,-0.01483757235109806,0.4011451005935669,0.604682445526123,-0.037203896790742874,0.4593106508255005,0.6227126717567444,-0.03149588033556938,0.4323669970035553,0.6367820501327515,-0.01663093827664852,0.40141648054122925,0.6330111026763916,-0.010200278833508492,0.39223700761795044,0.6738594770431519,-0.05099251866340637,0.4275503158569336,0.6821076273918152,-0.041532013565301895,0.4030941426753998,0.6879755258560181,-0.023769903928041458,0.38005295395851135,0.6856608390808105,-0.012205710634589195,G
0.4738330841064453,0.36745309829711914,-3.9013428931866656e-07,0.432588666677475,0.2916010022163391,0.002181402174755931,0.3597056567668915,0.25710129737854004,-0.004608629737049341,0.2923538088798523,0.2529165744781494,-0.012450764887034893,0.24581485986709595,0.2333698570728302,-0.019466176629066467,0.34562429785728455,0.22740134596824646,-0.02444314956665039,0.2619423270225525,0.27906298637390137,-0.046998873353004456,0.28368261456489563,0.30410847067832947,-0.05585981160402298,0.3121725618839264,0.29799512028694153,-0.05898723751306534,0.3496112823486328,0.2865837812423706,-0.03496067598462105,0.2614422142505646,0.3413757383823395,-0.05396537855267525,0.28816136717796326,0.3550184965133667,-0.05109088495373726,0.3168354332447052,0.34169673919677734,-0.048130061477422714,0.35677093267440796,0.3498440980911255,-0.04517322778701782,0.2768419086933136,0.4018772840499878,-0.06402160227298737,0.307758092880249,0.40793296694755554,-0.04960549250245094,0.33617493510246277,0.3910438120365143,-0.038062434643507004,0.3671024441719055,0.41197651624679565,-0.054446399211883545,0.30772411823272705,0.44885385036468506,-0.06992757320404053,0.3341752886772156,0.4499712288379669,-0.060668155550956726,0.3585793077945709,0.4341268837451935,-0.05118505284190178,G
0.2434946894645691,0.6395316123962402,-3.3959040024456044e-07,0.29393088817596436,0.542918860912323,0.014720476232469082,0.35465875267982483,0.5056236386299133,0.010556699708104134,0.4065878391265869,0.5211019515991211,0.002868243493139744,0.43574389815330505,0.5593904852867126,-0.002311263931915164,0.398090124130249,0.4772178828716278,-0.008931327611207962,0.4706783592700958,0.5009198188781738,-0.016641510650515556,0.4501940608024597,0.5284907221794128,-0.017510728910565376,0.4192107021808624,0.5273860096931458,-0.016596732661128044,0.40886959433555603,0.5427901148796082,-0.024200942367315292,0.47298991680145264,0.5656359195709229,-0.02067705988883972,0.4480980932712555,0.5864096283912659,-0.013353855349123478,0.41709214448928833,0.5832453370094299,-0.010630035772919655,0.41064563393592834,0.615055501461029,-0.03727007284760475,0.4661029577255249,0.6308915615081787,-0.02978634648025036,0.43911805748939514,0.6449069380760193,-0.014183836989104748,0.4084559977054596,0.6419256925582886,-0.007666554301977158,0.402938574552536,0.6833844184875488,-0.04973719269037247,0.4338739514350891,0.6892475485801697,-0.03941294178366661,0.40966933965682983,0.6956045627593994,-0.02194453962147236,0.3875557780265808,0.6938177347183228,-0.010742749087512493,G
0.4882274270057678,0.36316072940826416,-3.7816650433342147e-07,0.44640347361564636,0.2886600196361542,0.0022802995517849922,0.3730611503124237,0.2531614899635315,-0.004702132195234299,0.30474671721458435,0.25147145986557007,-0.012985729612410069,0.25928032398223877,0.2298431396484375,-0.020736699923872948,0.359737753868103,0.2285136580467224,-0.026217559352517128,0.2735917568206787,0.27944040298461914,-0.05003154277801514,0.2949270009994507,0.30464601516723633,-0.0596500001847744,0.32486847043037415,0.29883822798728943,-0.0629405602812767,0.3633453845977783,0.28784897923469543,-0.03674622252583504,0.2747654616832733,0.34175798296928406,-0.05527649074792862,0.2995913624763489,0.35555338859558105,-0.05223109945654869,0.3275934159755707,0.34030839800834656,-0.049807529896497726,0.3702772259712219,0.3507980704307556,-0.04696771875023842,0.2884780466556549,0.40023428201675415,-0.06583690643310547,0.31830403208732605,0.40793535113334656,-0.05148066207766533,0.3480388820171356,0.3910881280899048,-0.04028470441699028,0.37956124544143677,0.4130975604057312,-0.05624408274888992,0.3197241425514221,0.4470631778240204,-0.07219156622886658,0.3444872796535492,0.44823840260505676,-0.06345145404338837,0.3697439134120941,0.4328879714012146,-0.054316580295562744,G
0.2531232237815857,0.6384527683258057,-3.2026309781940654e-07,0.3042316436767578,0.5438124537467957,0.011785481125116348,0.3639153242111206,0.5079537034034729,0.0062342435121536255,0.4150215983390808,0.5267167687416077,-0.0026223212480545044,0.44324883818626404,0.5674731135368347,-0.00901482068002224,0.4080284535884857,0.4817667603492737,-0.01018450129777193,0.4785405993461609,0.5087677240371704,-0.020396945998072624,0.4573217034339905,0.5331182479858398,-0.02395627461373806,0.4269270598888397,0.5292248129844666,-0.0246774572879076,0.4168931245803833,0.5471485257148743,-0.024713369086384773,0.4820590317249298,0.571745753288269,-0.023722920566797256,0.45745038986206055,0.5907560586929321,-0.017895087599754333,0.4256618320941925,0.5865245461463928,-0.01554455142468214,0.41673392057418823,0.6187314987182617,-0.03755306825041771,0.47513651847839355,0.6360545754432678,-0.03287681192159653,0.44832712411880493,0.6489282250404358,-0.018087055534124374,0.41688036918640137,0.6451430916786194,-0.011180954985320568,0.40717554092407227,0.6864601373672485,-0.04999968409538269,0.4426764249801636,0.6942670941352844,-0.04201633855700493,0.41801685094833374,0.6997290849685669,-0.024876616895198822,0.39459770917892456,0.6978912949562073,-0.013341588899493217,G
0.4966158866882324,0.3775937855243683,-4.220088101192232e-07,0.4563523530960083,0.29992181062698364,0.0037540975026786327,0.38450098037719727,0.26091471314430237,-0.0019551608711481094,0.3159301280975342,0.25632989406585693,-0.009181862697005272,0.2678084373474121,0.23649460077285767,-0.015626834705471992,0.36816298961639404,0.23060348629951477,-0.022097032517194748,0.28345543146133423,0.28318217396736145,-0.043335191905498505,0.3041093945503235,0.3112683892250061,-0.05113242566585541,0.3320702910423279,0.30568283796310425,-0.05376441404223442,0.37090015411376953,0.2896619737148285,-0.03320327773690224,0.2830623984336853,0.34694138169288635,-0.05130711942911148,0.30884772539138794,0.36327263712882996,-0.04801071435213089,0.3367918133735657,0.34809643030166626,-0.04514920711517334,0.3770226240158081,0.35264328122138977,-0.04393400624394417,0.29507431387901306,0.4053904414176941,-0.06234060972929001,0.3257235288619995,0.41521918773651123,-0.04795156791806221,0.35485225915908813,0.39785078167915344,-0.036715347319841385,0.38649019598960876,0.41492748260498047,-0.053656358271837234,0.3264937102794647,0.4525771737098694,-0.06950918585062027,0.3518674075603485,0.4565954804420471,-0.06113046780228615,0.376614511013031,0.44114479422569275,-0.05226491391658783,G
0.25225263833999634,0.6344844102859497,-3.4209165278298315e-07,0.30222833156585693,0.5399152636528015,0.01279313862323761,0.3610071837902069,0.505400538444519,0.007699370849877596,0.4106031358242035,0.5257691740989685,-0.0008232531254179776,0.4379308819770813,0.5676242113113403,-0.007050866726785898,0.4097415804862976,0.478701114654541,-0.010105283930897713,0.4784490466117859,0.5026063323020935,-0.018909191712737083,0.4574818015098572,0.5277727246284485,-0.021138712763786316,0.4266038239002228,0.5250160098075867,-0.021090727299451828,0.4202045202255249,0.5447793006896973,-0.02468230202794075,0.4814094603061676,0.5663530826568604,-0.0219704732298851,0.45666757225990295,0.5856446027755737,-0.01545637845993042,0.4248769283294678,0.5829139351844788,-0.013128089718520641,0.42050573229789734,0.6166197061538696,-0.03733464330434799,0.47556203603744507,0.6311806440353394,-0.03160017356276512,0.44836166501045227,0.6434997320175171,-0.017218124121427536,0.4160754382610321,0.6401180028915405,-0.010996118187904358,0.41080355644226074,0.6843301057815552,-0.049470432102680206,0.44161683320999146,0.6897460222244263,-0.041409388184547424,0.41687896847724915,0.6940131783485413,-0.024969937279820442,0.3929457664489746,0.6912894248962402,-0.014028390869498253,G
0.4901183247566223,0.3775638937950134,-3.984627312547673e-07,0.4494829475879669,0.2999013066291809,0.005022079683840275,0.37562695145606995,0.2649857699871063,-0.0002481464180164039,0.30697986483573914,0.26236963272094727,-0.006976031698286533,0.26187238097190857,0.24092552065849304,-0.013401271775364876,0.3623763918876648,0.23690950870513916,-0.023647302761673927,0.27726611495018005,0.28480368852615356,-0.042600519955158234,0.2966614365577698,0.31501373648643494,-0.049049437046051025,0.3247002065181732,0.3121585547924042,-0.05139395594596863,0.36488431692123413,0.2963331341743469,-0.034892939031124115,0.2756655216217041,0.3469797670841217,-0.050718698650598526,0.3013593554496765,0.3662632405757904,-0.04666318744421005,0.33113113045692444,0.35470977425575256,-0.04375438392162323,0.37070903182029724,0.36031800508499146,-0.04511532559990883,0.2888697683811188,0.40803906321525574,-0.06068769097328186,0.3191778063774109,0.4194788336753845,-0.045997943729162216,0.34935036301612854,0.4051011800765991,-0.03538777679204941,0.3797270357608795,0.4239017069339752,-0.05414127930998802,0.32020333409309387,0.45713675022125244,-0.06805720925331116,0.3448043465614319,0.46085837483406067,-0.059160079807043076,0.3696664571762085,0.4462798237800598,-0.05053841695189476,G
0.24813230335712433,0.6400938630104065,-3.4248810720782785e-07,0.29746538400650024,0.5454084873199463,0.014414933510124683,0.35661011934280396,0.5111299753189087,0.0095473388209939,0.40539324283599854,0.5298192501068115,0.0014120930572971702,0.4330693781375885,0.5701773762702942,-0.004314460325986147,0.40049320459365845,0.48088109493255615,-0.012891553342342377,0.4728054106235504,0.5075265169143677,-0.020413627848029137,0.45165881514549255,0.5351925492286682,-0.020265595987439156,0.42116355895996094,0.5332216024398804,-0.01893160678446293,0.4112626910209656,0.5453886985778809,-0.02831144630908966,0.47577592730522156,0.5716524720191956,-0.025029882788658142,0.4502640664577484,0.5923515558242798,-0.016956022009253502,0.4195064604282379,0.587658166885376,-0.013925069943070412,0.41247719526290894,0.6176050305366516,-0.041257329285144806,0.46732276678085327,0.6372125744819641,-0.034720372408628464,0.43975594639778137,0.6507160067558289,-0.019218148663640022,0.4095526337623596,0.6459974646568298,-0.012874885462224483,0.40425905585289,0.6865533590316772,-0.05339024215936661,0.4354172348976135,0.6952909231185913,-0.04412492737174034,0.41023364663124084,0.7001681923866272,-0.026591356843709946,0.3876130282878876,0.6964290142059326,-0.015446510165929794,G
0.48390084505081177,0.37609925866127014,-3.991880532794312e-07,0.4423278272151947,0.29888325929641724,0.004758443683385849,0.36936163902282715,0.2636978328227997,-0.001208787551149726,0.3017827570438385,0.26024582982063293,-0.008700476959347725,0.2558690011501312,0.2402108609676361,-0.01581760123372078,0.3571155071258545,0.2334783673286438,-0.02472686767578125,0.27217891812324524,0.28819769620895386,-0.045385122299194336,0.29265937209129333,0.3154366612434387,-0.052651479840278625,0.32033494114875793,0.3101235032081604,-0.05516711622476578,0.3606574833393097,0.2926948666572571,-0.03631587326526642,0.27199169993400574,0.35063591599464417,-0.05355632305145264,0.29667454957962036,0.3663046956062317,-0.049749426543712616,0.3249235153198242,0.352082759141922,-0.04701397940516472,0.36708810925483704,0.3566500246524811,-0.04710487276315689,0.28549230098724365,0.41064703464508057,-0.06397388875484467,0.31499093770980835,0.41982972621917725,-0.049206946045160294,0.3437146842479706,0.40277865529060364,-0.03841128945350647,0.37635713815689087,0.4196792244911194,-0.05676895007491112,0.31723982095718384,0.45836934447288513,-0.0714409127831459,0.3418709337711334,0.46137765049934387,-0.06268732994794846,0.36585119366645813,0.4452153444290161,-0.05406394600868225,G
0.2445252686738968,0.6429972648620605,-3.1805782896299206e-07,0.29645782709121704,0.5482367277145386,0.012132369913160801,0.356207013130188,0.5137712359428406,0.006194089539349079,0.40675869584083557,0.5354132056236267,-0.0030039320699870586,0.4345551133155823,0.5804787874221802,-0.009532374329864979,0.3975999355316162,0.4840145409107208,-0.011722996830940247,0.4708068370819092,0.5095314979553223,-0.020944558084011078,0.4494515657424927,0.536747932434082,-0.023063331842422485,0.41915786266326904,0.5349386930465698,-0.0231854859739542,0.40852850675582886,0.5498579740524292,-0.026483852416276932,0.4738328456878662,0.5746551156044006,-0.024606892839074135,0.44873273372650146,0.5942907929420471,-0.01788419671356678,0.4175572991371155,0.589461624622345,-0.015424007549881935,0.4104437530040741,0.6216234564781189,-0.03934789076447487,0.4658348560333252,0.640471875667572,-0.03330304101109505,0.4386924207210541,0.6531273722648621,-0.018361644819378853,0.4082302451133728,0.6483864188194275,-0.012041023932397366,0.4028626084327698,0.6897886395454407,-0.051852092146873474,0.4329639673233032,0.6978467702865601,-0.04263829067349434,0.4084016978740692,0.702728271484375,-0.025673316791653633,0.3860946595668793,0.6995356678962708,-0.014722568914294243,G
0.4785758852958679,0.37282228469848633,-3.68915635817757e-07,0.4378170371055603,0.2961982786655426,0.003908633720129728,0.36396217346191406,0.26038265228271484,-0.002607472473755479,0.2960992455482483,0.25696203112602234,-0.010481762699782848,0.2500860393047333,0.23730242252349854,-0.01797138899564743,0.3523802161216736,0.234049990773201,-0.026654645800590515,0.2658873200416565,0.28667742013931274,-0.04947810247540474,0.2874378561973572,0.3106318712234497,-0.058519694954156876,0.3168564736843109,0.3049536943435669,-0.06160704791545868,0.35693567991256714,0.29563769698143005,-0.03812895715236664,0.26638948917388916,0.34911608695983887,-0.05682747811079025,0.2934403419494629,0.3620211184024811,-0.05338041111826897,0.32358917593955994,0.34889405965805054,-0.05041094124317169,0.36388224363327026,0.36088570952415466,-0.04894915223121643,0.28108492493629456,0.40929368138313293,-0.06703899055719376,0.3121141791343689,0.41569432616233826,-0.052059538662433624,0.34257182478904724,0.4000886082649231,-0.04048790782690048,0.37272077798843384,0.4252754747867584,-0.05866214632987976,0.31199055910110474,0.4571138918399811,-0.07384064793586731,0.33782264590263367,0.45720309019088745,-0.06445661187171936,0.36308300495147705,0.4418789744377136,-0.055016178637742996,G
0.23810607194900513,0.6404821276664734,-3.457615491697652e-07,0.2917781174182892,0.5449665784835815,0.014748643152415752,0.35366290807724,0.5103479623794556,0.010251789353787899,0.4038206934928894,0.5292101502418518,0.0017624145839363337,0.4308662712574005,0.5700398683547974,-0.004554975312203169,0.3993876278400421,0.4800370931625366,-0.0059684510342776775,0.46812623739242554,0.507998526096344,-0.016223851591348648,0.444943368434906,0.5343883037567139,-0.021071894094347954,0.4137364327907562,0.5311938524246216,-0.022577911615371704,0.40789687633514404,0.5464748740196228,-0.022334152832627296,0.47245001792907715,0.5704864859580994,-0.021125245839357376,0.44656801223754883,0.5903311967849731,-0.016427624970674515,0.41394224762916565,0.587105929851532,-0.014624573290348053,0.40779027342796326,0.6191765069961548,-0.0368381068110466,0.4645719528198242,0.6366666555404663,-0.03168037533760071,0.43618419766426086,0.6493481993675232,-0.017470870167016983,0.404421865940094,0.6452080607414246,-0.010689044371247292,0.397816002368927,0.6877351403236389,-0.05069988965988159,0.4334455728530884,0.6929031014442444,-0.04115229472517967,0.4066852033138275,0.6981751918792725,-0.022929592058062553,0.3824506402015686,0.696843147277832,-0.010618398897349834,G
0.4816415309906006,0.37900471687316895,-4.046363812904019e-07,0.43977949023246765,0.30261602997779846,0.004042505752295256,0.36642172932624817,0.26747238636016846,-0.0024152102414518595,0.2979212701320648,0.2632111608982086,-0.010413513518869877,0.25094351172447205,0.2434631884098053,-0.01776929385960102,0.354792058467865,0.23417571187019348,-0.02464866265654564,0.26732903718948364,0.2869596779346466,-0.046940889209508896,0.2874431908130646,0.31611812114715576,-0.055375631898641586,0.31519296765327454,0.3110913336277008,-0.058285485953092575,0.35839971899986267,0.294244647026062,-0.036324258893728256,0.2674134373664856,0.3500005006790161,-0.054834797978401184,0.2928169369697571,0.36716383695602417,-0.05126079171895981,0.32122161984443665,0.35284218192100525,-0.048176318407058716,0.3647021949291229,0.3596116900444031,-0.04747430235147476,0.28135237097740173,0.4102919101715088,-0.06570620089769363,0.3116645812988281,0.4197407066822052,-0.05061516538262367,0.34087496995925903,0.4029375910758972,-0.03895949199795723,0.37347713112831116,0.42445868253707886,-0.05756107717752457,0.3131769895553589,0.4581562280654907,-0.07280778139829636,0.3386133909225464,0.46098774671554565,-0.06345731019973755,0.36330512166023254,0.4460597634315491,-0.05403374508023262,G
0.23845785856246948,0.6403723359107971,-3.295739645636786e-07,0.2893640697002411,0.5475795865058899,0.013363739475607872,0.349233478307724,0.512408971786499,0.00831450242549181,0.3975578248500824,0.5325087904930115,-0.00060113804647699,0.424149751663208,0.5743235349655151,-0.007187687326222658,0.39639514684677124,0.48093506693840027,-0.009204557165503502,0.4676830768585205,0.5070529580116272,-0.018387196585536003,0.447454035282135,0.5346341729164124,-0.020828871056437492,0.41746869683265686,0.5320263504981995,-0.021153032779693604,0.4054977297782898,0.5447139739990234,-0.025311144068837166,0.471470445394516,0.5706470012664795,-0.024362243711948395,0.44665443897247314,0.591998279094696,-0.01891324669122696,0.4148973822593689,0.5870516896247864,-0.016910845413804054,0.4050983190536499,0.6158703565597534,-0.0394374243915081,0.46330368518829346,0.6350274682044983,-0.03478142246603966,0.43596863746643066,0.649677574634552,-0.020204346626996994,0.404610812664032,0.644679069519043,-0.01361492183059454,0.39455360174179077,0.684307336807251,-0.053075410425662994,0.4299289584159851,0.6937427520751953,-0.04528331011533737,0.4048151671886444,0.699444591999054,-0.027904363349080086,0.38051852583885193,0.695658266544342,-0.016291504725813866,G
0.47914934158325195,0.3785996735095978,-3.993064865426277e-07,0.43757012486457825,0.3032832145690918,0.003746016649529338,0.36476942896842957,0.26868873834609985,-0.0028211490716785192,0.2975309491157532,0.2667951285839081,-0.010916884988546371,0.2502426505088806,0.24869641661643982,-0.018447639420628548,0.3530478775501251,0.23836469650268555,-0.025174573063850403,0.26682358980178833,0.2912220060825348,-0.047301143407821655,0.28634756803512573,0.3190585970878601,-0.05547540634870529,0.31382840871810913,0.3144493103027344,-0.05828747898340225,0.35660889744758606,0.2982104420661926,-0.03682718798518181,0.2667645514011383,0.3544214069843292,-0.0556260347366333,0.2918405830860138,0.36981862783432007,-0.052448708564043045,0.31984496116638184,0.35513249039649963,-0.04972381517291069,0.36321619153022766,0.3622702956199646,-0.04789343848824501,0.2799709141254425,0.41409042477607727,-0.06688389927148819,0.31023499369621277,0.42249301075935364,-0.052367907017469406,0.3395053744316101,0.4053092300891876,-0.04099229350686073,0.37245121598243713,0.4249960482120514,-0.05786418542265892,0.31229981780052185,0.4608922600746155,-0.0742054134607315,0.33752766251564026,0.4633307158946991,-0.06554261595010757,0.3622046709060669,0.44812262058258057,-0.05651307478547096,G
0.24068830907344818,0.6362082362174988,-3.398181718239357e-07,0.29099616408348083,0.5418262481689453,0.013651636429131031,0.35328954458236694,0.504494309425354,0.008903599344193935,0.40462785959243774,0.5208291411399841,0.0005230213864706457,0.434125155210495,0.5594606995582581,-0.0054425741545856,0.39758768677711487,0.47533443570137024,-0.009399200789630413,0.4691380262374878,0.5040783882141113,-0.018856190145015717,0.4482952058315277,0.5288072228431702,-0.0217838604003191,0.4191409647464752,0.5257427096366882,-0.022535916417837143,0.4052191972732544,0.5414764285087585,-0.025361470878124237,0.47095388174057007,0.5677924156188965,-0.024574346840381622,0.445776104927063,0.5854917764663696,-0.018493378534913063,0.41420841217041016,0.581234872341156,-0.01614658161997795,0.4044961631298065,0.6138730645179749,-0.039424289017915726,0.46261829137802124,0.632818341255188,-0.034629564732313156,0.4352635145187378,0.6448060870170593,-0.019206078723073006,0.40431031584739685,0.6408812403678894,-0.012150355614721775,0.3948571979999542,0.6826521754264832,-0.05298265069723129,0.4306846857070923,0.6901061534881592,-0.04444364458322525,0.4051586389541626,0.6946332454681396,-0.02668875642120838,0.3815406560897827,0.6917378902435303,-0.015070234425365925,G
0.47852087020874023,0.37430110573768616,-3.824379177785886e-07,0.4385703206062317,0.29873669147491455,0.0019776730332523584,0.3653283417224884,0.2648448050022125,-0.003915279638022184,0.2966807782649994,0.26217466592788696,-0.011023802682757378,0.24991677701473236,0.2436211109161377,-0.01713193766772747,0.3500431478023529,0.2356332242488861,-0.0225067138671875,0.26577118039131165,0.28900474309921265,-0.044717591255903244,0.2888827323913574,0.3153679370880127,-0.05370388552546501,0.3182527422904968,0.3091546893119812,-0.05689028650522232,0.3515028953552246,0.29529184103012085,-0.03228840231895447,0.2657575309276581,0.35116150975227356,-0.05019369348883629,0.2920222878456116,0.36574786901474,-0.047093819826841354,0.3196578025817871,0.3509652614593506,-0.04439612478017807,0.3565455377101898,0.35908231139183044,-0.04199681058526039,0.2786101698875427,0.41136959195137024,-0.05983196198940277,0.3097530007362366,0.41952812671661377,-0.045550137758255005,0.3384527862071991,0.40227943658828735,-0.034526288509368896,0.3646756410598755,0.42156898975372314,-0.05095747113227844,0.30962440371513367,0.4587137699127197,-0.06601778417825699,0.3358844518661499,0.4612956643104553,-0.057600703090429306,0.3599803149700165,0.44549888372421265,-0.048820070922374725,G
0.24309252202510834,0.6434040069580078,-3.428850732234423e-07,0.29212841391563416,0.551615834236145,0.012596081010997295,0.3543620705604553,0.5165054798126221,0.008100423961877823,0.4043258726596832,0.5377810001373291,0.0002194505650550127,0.43122050166130066,0.5796326994895935,-0.0051980032585561275,0.3977802097797394,0.4868023991584778,-0.008457256481051445,0.4679105877876282,0.5148211717605591,-0.01720978319644928,0.446608304977417,0.5398512482643127,-0.01998738944530487,0.4176791310310364,0.5378842353820801,-0.020942874252796173,0.4066523313522339,0.5514121055603027,-0.023832302540540695,0.4706026613712311,0.5779415965080261,-0.022473150864243507,0.4455660879611969,0.5956395268440247,-0.016957221552729607,0.415280282497406,0.5905666351318359,-0.015128232538700104,0.40692299604415894,0.6225051879882812,-0.03743970766663551,0.46183109283447266,0.642099142074585,-0.03244152292609215,0.4349071681499481,0.6541621685028076,-0.018155986443161964,0.4056835472583771,0.6493638753890991,-0.011961035430431366,0.3977508246898651,0.6904555559158325,-0.05058129131793976,0.4319101870059967,0.697883129119873,-0.042287979274988174,0.4062741994857788,0.7027772665023804,-0.025014344602823257,0.383212685585022,0.699825644493103,-0.013744527474045753,G
0.4788375198841095,0.3747308552265167,-3.936903851808893e-07,0.4383440613746643,0.2989916503429413,0.003425497328862548,0.3660452961921692,0.26334455609321594,-0.0025851549580693245,0.29867953062057495,0.2620517611503601,-0.00997812207788229,0.2524055540561676,0.24321246147155762,-0.016724959015846252,0.35089775919914246,0.2370729297399521,-0.02471335604786873,0.26486673951148987,0.28886276483535767,-0.04662817716598511,0.2860003113746643,0.31523263454437256,-0.054837483912706375,0.3157053589820862,0.30991655588150024,-0.0574544295668602,0.3542822003364563,0.29694366455078125,-0.03529387712478638,0.26724720001220703,0.35265064239501953,-0.05291827395558357,0.2932213544845581,0.36556553840637207,-0.049323685467243195,0.3210941255092621,0.3496031165122986,-0.046453095972537994,0.36140891909599304,0.36035802960395813,-0.045360367745161057,0.28138279914855957,0.4117944538593292,-0.06316342949867249,0.31255704164505005,0.41716086864471436,-0.048660751432180405,0.34189555048942566,0.39895740151405334,-0.03756704181432724,0.37163007259368896,0.422654926776886,-0.05439067631959915,0.3138241767883301,0.45712336897850037,-0.06993644684553146,0.3397177755832672,0.45674407482147217,-0.061273444443941116,0.36464980244636536,0.4405044615268707,-0.05229731649160385,G
0.24386560916900635,0.6332426071166992,-3.3108332786468964e-07,0.29747700691223145,0.5391674637794495,0.013762314803898335,0.35695135593414307,0.5056165456771851,0.00798196904361248,0.4049527645111084,0.5246298909187317,-0.0017422835808247328,0.4301494359970093,0.5670257210731506,-0.009477602317929268,0.40172460675239563,0.4795985817909241,-0.00946633517742157,0.4686562120914459,0.5067276358604431,-0.020484531298279762,0.4461895227432251,0.5325901508331299,-0.025228075683116913,0.414776086807251,0.528773844242096,-0.026635341346263885,0.4090217351913452,0.5442185401916504,-0.026039613410830498,0.47204136848449707,0.5690792202949524,-0.02589142508804798,0.4465382695198059,0.5878018140792847,-0.02123534306883812,0.41410183906555176,0.5824044942855835,-0.019531024619936943,0.4073004126548767,0.6160745024681091,-0.04065778851509094,0.4638877511024475,0.6337101459503174,-0.036763422191143036,0.4356738030910492,0.6465954184532166,-0.022354286164045334,0.4039648473262787,0.6420419812202454,-0.015405536629259586,0.3957255780696869,0.6844118237495422,-0.05464868247509003,0.4311332106590271,0.6901601552963257,-0.04658538103103638,0.40471500158309937,0.6951631903648376,-0.028414521366357803,0.38018539547920227,0.6930774450302124,-0.016031164675951004,G
0.4828636050224304,0.38948750495910645,-3.9752362113176787e-07,0.44074463844299316,0.31214800477027893,0.004161903169006109,0.3677481710910797,0.2778325080871582,-0.002157717477530241,0.2995161712169647,0.2746794819831848,-0.009972240775823593,0.25366541743278503,0.2532396912574768,-0.017068834975361824,0.35423269867897034,0.24664214253425598,-0.02423090487718582,0.26816031336784363,0.2961101830005646,-0.0460352823138237,0.28768226504325867,0.325340211391449,-0.05399491265416145,0.3156975507736206,0.3216439485549927,-0.05676361545920372,0.3570028245449066,0.3046332895755768,-0.03591720759868622,0.2669942378997803,0.3582914173603058,-0.05441590026021004,0.29323041439056396,0.3764699101448059,-0.05107952281832695,0.3220880925655365,0.3627663850784302,-0.047963690012693405,0.3634475767612457,0.3686818480491638,-0.04695607349276543,0.28102225065231323,0.4191250205039978,-0.0649459958076477,0.3117190897464752,0.42950212955474854,-0.0499778613448143,0.3410179913043976,0.41287538409233093,-0.03843265399336815,0.3729250133037567,0.43274709582328796,-0.0569220595061779,0.3139882981777191,0.46932944655418396,-0.072123222053051,0.33854347467422485,0.47131916880607605,-0.06322094053030014,0.36249876022338867,0.45441383123397827,-0.05416661873459816,G
0.2400260716676712,0.6432306170463562,-3.2817973760757013e-07,0.2934618890285492,0.5536699295043945,0.014280766248703003,0.3535109758377075,0.5202675461769104,0.00885862298309803,0.40204277634620667,0.5397182106971741,-0.000911227660253644,0.42869284749031067,0.5802327394485474,-0.008367771282792091,0.4007869362831116,0.4858799874782562,-0.005546607077121735,0.4686148762702942,0.5165891647338867,-0.01604723185300827,0.4477849006652832,0.5434780716896057,-0.020945684984326363,0.41779327392578125,0.540296196937561,-0.022884337231516838,0.4086350202560425,0.5494521856307983,-0.022747915238142014,0.47171270847320557,0.580590546131134,-0.022427985444664955,0.44709429144859314,0.6023834943771362,-0.018374618142843246,0.41589218378067017,0.5981258153915405,-0.017248833552002907,0.40772536396980286,0.620446503162384,-0.03828747197985649,0.46406951546669006,0.6448871493339539,-0.033986445516347885,0.43601474165916443,0.6593809127807617,-0.01980571262538433,0.40494975447654724,0.6543269753456116,-0.013389361090958118,0.3975624442100525,0.6895016431808472,-0.053427111357450485,0.4325597882270813,0.7025954723358154,-0.04552856460213661,0.40597784519195557,0.7086153626441956,-0.028231346979737282,0.3819139301776886,0.7050338983535767,-0.0166353490203619,G
0.4811739921569824,0.3885272145271301,-3.731641413651232e-07,0.4408256411552429,0.31159040331840515,0.0027272214647382498,0.3669528663158417,0.27797451615333557,-0.0032322490587830544,0.2986045181751251,0.2745857834815979,-0.010446524247527122,0.25196295976638794,0.255607932806015,-0.016859471797943115,0.35401010513305664,0.24883979558944702,-0.023514803498983383,0.2687276005744934,0.30202916264533997,-0.04549381881952286,0.2900622487068176,0.3277333378791809,-0.05420080944895744,0.31782016158103943,0.32120466232299805,-0.05735992267727852,0.35683292150497437,0.30859288573265076,-0.03407689929008484,0.26858311891555786,0.36252883076667786,-0.05194099619984627,0.2938777804374695,0.3772943615913391,-0.04872416332364082,0.3216248154640198,0.3633406162261963,-0.04601119086146355,0.3627675175666809,0.3729020953178406,-0.04436497762799263,0.28306788206100464,0.4222370386123657,-0.06242814287543297,0.31315305829048157,0.4302097260951996,-0.048005808144807816,0.34175819158554077,0.4137934148311615,-0.03679526969790459,0.37127378582954407,0.4361739754676819,-0.053771112114191055,0.31379202008247375,0.46913689374923706,-0.06903807073831558,0.3394497334957123,0.47165486216545105,-0.06023048609495163,0.36361438035964966,0.45709508657455444,-0.051222581416368484,G
0.2399257868528366,0.6476317048072815,-3.240328112497082e-07,0.29365062713623047,0.553167462348938,0.014032484963536263,0.3550623953342438,0.5176444053649902,0.00882717315107584,0.40529999136924744,0.5347176790237427,0.00022855939459986985,0.4345318675041199,0.5736364722251892,-0.005786547902971506,0.3971918523311615,0.48857730627059937,-0.012110629118978977,0.4684506058692932,0.5196712017059326,-0.020551564171910286,0.44818586111068726,0.5454893112182617,-0.021618980914354324,0.4187920391559601,0.541485071182251,-0.02127161994576454,0.4054335355758667,0.5538866519927979,-0.028329767286777496,0.47284775972366333,0.5825682282447815,-0.026582585647702217,0.44827523827552795,0.6018964052200317,-0.019341252744197845,0.417105495929718,0.5965014100074768,-0.01665663532912731,0.40508896112442017,0.6263791918754578,-0.04225720837712288,0.46527406573295593,0.648026168346405,-0.03621484711766243,0.43782299757003784,0.6605215668678284,-0.01988884247839451,0.40684518218040466,0.655211329460144,-0.012951783835887909,0.3952109217643738,0.6955984234809875,-0.05562813580036163,0.4306240379810333,0.7047713398933411,-0.04640433192253113,0.4052112102508545,0.7092577815055847,-0.028367748484015465,0.3818076252937317,0.705451250076294,-0.016954908147454262,G
0.4725765585899353,0.3726445138454437,-3.594315103327972e-07,0.43229591846466064,0.2978140115737915,0.0027164495550096035,0.3617701232433319,0.2648124098777771,-0.0044161612167954445,0.295158714056015,0.26664331555366516,-0.012872081249952316,0.25067830085754395,0.24733330309391022,-0.020939050242304802,0.3501436710357666,0.24261294305324554,-0.027808653190732002,0.2648411691188812,0.29443737864494324,-0.05113331601023674,0.2857059836387634,0.3173782527446747,-0.06057935953140259,0.31529363989830017,0.31159526109695435,-0.06393343955278397,0.35387757420539856,0.3032439947128296,-0.038669832050800323,0.26633593440055847,0.35712048411369324,-0.05712490901350975,0.29207226634025574,0.36829107999801636,-0.05401207506656647,0.32071274518966675,0.35309794545173645,-0.051608793437480927,0.36145663261413574,0.36677494645118713,-0.04896656796336174,0.27997806668281555,0.4158279001712799,-0.06760596483945847,0.3101457357406616,0.4216803014278412,-0.05300154164433479,0.3402692973613739,0.40477102994918823,-0.04173613339662552,0.37158605456352234,0.42909401655197144,-0.05825219675898552,0.31261691451072693,0.4632387161254883,-0.07435179501771927,0.33689936995506287,0.46326377987861633,-0.06549424678087234,0.3619450628757477,0.44793981313705444,-0.05640522390604019,G
0.2411687672138214,0.6447714567184448,-3.332589528781682e-07,0.2933689057826996,0.5529406070709229,0.012679222971200943,0.35438841581344604,0.5179768800735474,0.006889785174280405,0.4031674861907959,0.5379887819290161,-0.0026621834840625525,0.43100088834762573,0.5791023373603821,-0.009362882934510708,0.396686315536499,0.48464536666870117,-0.008963271044194698,0.46601295471191406,0.5159892439842224,-0.018851688131690025,0.44472378492355347,0.5423932075500488,-0.02217491902410984,0.41590559482574463,0.5394001007080078,-0.023673851042985916,0.4050104320049286,0.5484441518783569,-0.025391487404704094,0.469610333442688,0.5803424119949341,-0.02572089061141014,0.4449504017829895,0.6002686023712158,-0.0210558008402586,0.4147697687149048,0.5942081809043884,-0.019761469215154648,0.4054202139377594,0.6200793981552124,-0.040073249489068985,0.45945537090301514,0.6458731889724731,-0.03651032969355583,0.43222829699516296,0.6597341895103455,-0.022472552955150604,0.4032309055328369,0.6538532972335815,-0.016367604956030846,0.3969132900238037,0.6901289820671082,-0.0543709434568882,0.42918726801872253,0.7037473917007446,-0.04696618765592575,0.4033968448638916,0.7090075612068176,-0.030228732153773308,0.38050246238708496,0.7045671343803406,-0.019367974251508713,G
0.47891080379486084,0.37753328680992126,-3.7599139091071265e-07,0.43637412786483765,0.30389881134033203,0.0025258196983486414,0.3628681004047394,0.27032724022865295,-0.004010661039501429,0.2946651577949524,0.26679906249046326,-0.011796142905950546,0.24792620539665222,0.24701716005802155,-0.018712541088461876,0.34763914346694946,0.24315989017486572,-0.025005241855978966,0.26235294342041016,0.297305166721344,-0.04786884784698486,0.2856501042842865,0.3216216266155243,-0.0566076934337616,0.3154630959033966,0.3147066831588745,-0.05925391614437103,0.3517513573169708,0.3011849820613861,-0.03487534821033478,0.26510101556777954,0.3587046265602112,-0.0533859059214592,0.2915469706058502,0.3709322512149811,-0.0499127060174942,0.3191544711589813,0.354909211397171,-0.04691493511199951,0.3587348759174347,0.36429399251937866,-0.04441673308610916,0.28024518489837646,0.4168895184993744,-0.06229788064956665,0.3106594979763031,0.42305245995521545,-0.04783426225185394,0.33935245871543884,0.405503511428833,-0.036591850221157074,0.3679148852825165,0.4268108010292053,-0.053092047572135925,0.3111365735530853,0.4625735282897949,-0.06766610592603683,0.335920125246048,0.4638342261314392,-0.059047941118478775,0.3600744903087616,0.44899967312812805,-0.050121601670980453,G
0.23856791853904724,0.6443686485290527,-3.429079526995338e-07,0.2927602231502533,0.552838921546936,0.01418220903724432,0.3555659055709839,0.5180668830871582,0.00869868602603674,0.4047084450721741,0.5360912680625916,-0.0004931038711220026,0.4328368902206421,0.5766012072563171,-0.00718620466068387,0.39785170555114746,0.4871447682380676,-0.011097678914666176,0.4693733751773834,0.5182947516441345,-0.020131997764110565,0.44799795746803284,0.5445324182510376,-0.02183745615184307,0.41819238662719727,0.5407013893127441,-0.02193770930171013,0.4048270881175995,0.5520249009132385,-0.02776923216879368,0.47052305936813354,0.5814827680587769,-0.02663671225309372,0.4449871778488159,0.6006129384040833,-0.020075036212801933,0.41382551193237305,0.5941902995109558,-0.017813347280025482,0.40386879444122314,0.6243759393692017,-0.04222094267606735,0.46133217215538025,0.6461722254753113,-0.036701515316963196,0.43360480666160583,0.6599113345146179,-0.02043043076992035,0.40333762764930725,0.6546215415000916,-0.013395537622272968,0.3941956162452698,0.6942394971847534,-0.0561092346906662,0.43153950572013855,0.7026498317718506,-0.04695994034409523,0.4048985242843628,0.7085705995559692,-0.028127165511250496,0.3809429705142975,0.7053606510162354,-0.016057053580880165,G
0.48226436972618103,0.3861529529094696,-3.942784019272949e-07,0.4396432638168335,0.3106110095977783,0.004460951779037714,0.3670809268951416,0.27683359384536743,-0.0014255488058552146,0.2986411452293396,0.27261650562286377,-0.008854184299707413,0.2513866424560547,0.2513551115989685,-0.0156400203704834,0.3525565564632416,0.24426665902137756,-0.02196558564901352,0.26759928464889526,0.2925737798213959,-0.0415455624461174,0.2849341034889221,0.32415571808815,-0.04840625077486038,0.3112039864063263,0.3209909200668335,-0.050934989005327225,0.3552645146846771,0.30142906308174133,-0.03351651504635811,0.2652755677700043,0.35538214445114136,-0.05028467997908592,0.28891491889953613,0.376310795545578,-0.04689930006861687,0.3171323835849762,0.36299198865890503,-0.043974388390779495,0.36157840490341187,0.36508843302726746,-0.0443623922765255,0.279102087020874,0.4164882004261017,-0.06109261512756348,0.3074204921722412,0.4287925064563751,-0.04691806808114052,0.33579230308532715,0.41211235523223877,-0.03617069497704506,0.3710065186023712,0.4283236563205719,-0.054114241153001785,0.3120042383670807,0.4667946696281433,-0.0685039833188057,0.33497634530067444,0.47128456830978394,-0.05989867448806763,0.35825181007385254,0.4549640715122223,-0.05125834420323372,G
0.23800577223300934,0.6367484927177429,-3.2591921694802295e-07,0.2908283472061157,0.5424973964691162,0.014460043981671333,0.35088229179382324,0.5063433051109314,0.009317750111222267,0.4005923271179199,0.522650957107544,0.0001968384167412296,0.4296320974826813,0.5609927773475647,-0.006542729213833809,0.3942206799983978,0.4776245355606079,-0.008626295253634453,0.4644145369529724,0.5084058046340942,-0.018854163587093353,0.4435423016548157,0.53431236743927,-0.022864360362291336,0.41418173909187317,0.5305649042129517,-0.024119175970554352,0.401781290769577,0.5420196056365967,-0.02506229840219021,0.46684378385543823,0.5721767544746399,-0.024169763550162315,0.44236281514167786,0.5916019082069397,-0.018635740503668785,0.4110015034675598,0.5863948464393616,-0.0168765839189291,0.4012945890426636,0.6132335662841797,-0.03957789018750191,0.4585748314857483,0.6361569166183472,-0.03437533602118492,0.43131768703460693,0.6487688422203064,-0.01906360685825348,0.4000183045864105,0.6433912515640259,-0.012233645655214787,0.3916734457015991,0.6806743144989014,-0.0536176972091198,0.4269803762435913,0.6915090680122375,-0.04433620348572731,0.4008728563785553,0.6965361833572388,-0.0262810830026865,0.3766312599182129,0.693154513835907,-0.014584043063223362,G
0.4742194414138794,0.36878934502601624,-4.0761457853477623e-07,0.43309032917022705,0.2939302325248718,0.005173411685973406,0.35936304926872253,0.2617321014404297,-0.0001922730152728036,0.2919084429740906,0.2597168982028961,-0.007399188820272684,0.24690654873847961,0.2398104965686798,-0.014065777882933617,0.3433534502983093,0.2308977246284485,-0.022715600207448006,0.2620849907398224,0.2861558198928833,-0.043856728821992874,0.2847460210323334,0.3121230900287628,-0.051177628338336945,0.31310713291168213,0.30529749393463135,-0.053506847470998764,0.3478480577468872,0.29040205478668213,-0.035187043249607086,0.2617843747138977,0.3482156991958618,-0.05365067347884178,0.2899770736694336,0.3613121211528778,-0.05001087114214897,0.3187461793422699,0.3456409275531769,-0.04650503024458885,0.35647252202033997,0.35430634021759033,-0.04698736593127251,0.27500927448272705,0.4083404242992401,-0.06583297997713089,0.3070771098136902,0.4140703082084656,-0.05106756091117859,0.3365640938282013,0.3950318694114685,-0.03924635425209999,0.3687993884086609,0.41735661029815674,-0.05752433463931084,0.30734938383102417,0.4576399326324463,-0.07357542961835861,0.33202284574508667,0.4574541747570038,-0.06461892277002335,0.3567813038825989,0.43925318121910095,-0.055155325680971146,G
0.24025297164916992,0.6363890171051025,-3.2455133691655647e-07,0.29280614852905273,0.5422563552856445,0.01327336672693491,0.3513866066932678,0.5061513185501099,0.0068334550596773624,0.39869073033332825,0.5225182175636292,-0.003538980847224593,0.4250827729701996,0.5624567270278931,-0.011855105869472027,0.3959500789642334,0.4817042946815491,-0.011568419635295868,0.462602436542511,0.5097122192382812,-0.023804862052202225,0.4408694803714752,0.5362058281898499,-0.029240526258945465,0.4099171757698059,0.5328747034072876,-0.03125092759728432,0.4026793837547302,0.5448887944221497,-0.028578342869877815,0.46580013632774353,0.5735114812850952,-0.030061647295951843,0.44032809138298035,0.5935065150260925,-0.02550167217850685,0.40817791223526,0.5882015228271484,-0.023920081555843353,0.400877982378006,0.6156072616577148,-0.04370532184839249,0.45851123332977295,0.6387555599212646,-0.04132203757762909,0.4300786554813385,0.6521806120872498,-0.02639649249613285,0.3983137011528015,0.6466355323791504,-0.01913383975625038,0.38953903317451477,0.6833382844924927,-0.058313362300395966,0.426038533449173,0.6953451633453369,-0.052048616111278534,0.3994344472885132,0.7010591626167297,-0.03435387834906578,0.3751554489135742,0.6978986263275146,-0.02225644327700138,G
0.4761904180049896,0.3813893496990204,-3.890257289640431e-07,0.43388330936431885,0.30540964007377625,0.005333280190825462,0.3603126108646393,0.27117079496383667,-0.00032804079819470644,0.2928919494152069,0.26891952753067017,-0.00784044899046421,0.24760961532592773,0.24798312783241272,-0.014926844276487827,0.3456975221633911,0.24108058214187622,-0.021363846957683563,0.2637781500816345,0.2916924059391022,-0.04210115224123001,0.2827608585357666,0.31895825266838074,-0.05003062263131142,0.30982986092567444,0.3137323558330536,-0.05291824787855148,0.34971800446510315,0.3006747364997864,-0.03373593091964722,0.26177555322647095,0.3553902804851532,-0.05118653550744057,0.2870182991027832,0.3717886507511139,-0.04794662818312645,0.3156704902648926,0.3575887680053711,-0.04503330588340759,0.357621431350708,0.36505016684532166,-0.04545144736766815,0.27598294615745544,0.41623634099960327,-0.06333816051483154,0.30563586950302124,0.42439305782318115,-0.049072567373514175,0.3346295654773712,0.406722754240036,-0.03789110854268074,0.3688141405582428,0.4284188747406006,-0.05589650943875313,0.3082427978515625,0.4643527865409851,-0.0707993283867836,0.33275359869003296,0.4662185609340668,-0.061399783939123154,0.35740986466407776,0.4503260552883148,-0.05191213637590408,G
0.23857690393924713,0.6419245600700378,-3.3637374485806504e-07,0.292165070772171,0.5511854290962219,0.015780646353960037,0.35024532675743103,0.5168055295944214,0.01060120202600956,0.3970642387866974,0.5339788198471069,0.001024891622364521,0.4241938292980194,0.5741284489631653,-0.0062618074007332325,0.3953496217727661,0.48495247960090637,-0.007582695223391056,0.46476009488105774,0.5123803615570068,-0.017003990709781647,0.4446597993373871,0.5412774085998535,-0.019710706546902657,0.4143952429294586,0.5391820669174194,-0.020172346383333206,0.40469756722450256,0.5478709936141968,-0.02520623244345188,0.46808797121047974,0.5771374106407166,-0.024258840829133987,0.4429019093513489,0.600220263004303,-0.018926696851849556,0.4113302230834961,0.5958024263381958,-0.0171562060713768,0.40523990988731384,0.6190065145492554,-0.04069415107369423,0.46145421266555786,0.6422492861747742,-0.03563815355300903,0.4329580068588257,0.6575388312339783,-0.020615113899111748,0.40161922574043274,0.6520791053771973,-0.014011269435286522,0.3958744406700134,0.6880935430526733,-0.05556439608335495,0.42846885323524475,0.7009186744689941,-0.047391314059495926,0.40208950638771057,0.7066582441329956,-0.02997743710875511,0.37825480103492737,0.7018770575523376,-0.01847904734313488,G
0.47150254249572754,0.38053855299949646,-3.6768034306078334e-07,0.4318139851093292,0.3052825629711151,0.005002968013286591,0.3595072031021118,0.2716637849807739,-0.001040158444084227,0.2924150228500366,0.27046942710876465,-0.008219646289944649,0.24861738085746765,0.2508474588394165,-0.015406475402414799,0.3481486439704895,0.24639388918876648,-0.02737235650420189,0.2652558386325836,0.2953307330608368,-0.04741976410150528,0.28324300050735474,0.3201412558555603,-0.05438599735498428,0.31064891815185547,0.3173092305660248,-0.05661777779459953,0.35272833704948425,0.30672135949134827,-0.038883648812770844,0.26350194215774536,0.35849374532699585,-0.054888222366571426,0.2874026894569397,0.3733193278312683,-0.05072742700576782,0.31615278124809265,0.3613626956939697,-0.047926563769578934,0.36007624864578247,0.37042802572250366,-0.04920303821563721,0.2783130705356598,0.4174616038799286,-0.06542794406414032,0.3058532178401947,0.42508116364479065,-0.05087604373693466,0.33461275696754456,0.4102965295314789,-0.04022861272096634,0.36932140588760376,0.4328124523162842,-0.058118678629398346,0.30810970067977905,0.465520441532135,-0.07206910848617554,0.3310365378856659,0.46664705872535706,-0.06257995218038559,0.3549887537956238,0.4520334005355835,-0.05353396758437157,G
0.23274753987789154,0.6498845219612122,-3.53517407347681e-07,0.2853407561779022,0.5598291158676147,0.015923330560326576,0.34782010316848755,0.526572048664093,0.011981881223618984,0.3959592282772064,0.5470051765441895,0.0035887458361685276,0.4232901334762573,0.5893696546554565,-0.002300834283232689,0.3925151228904724,0.49125587940216064,-0.004187653306871653,0.46203625202178955,0.5204693078994751,-0.012426112778484821,0.4408261775970459,0.5481787919998169,-0.015042589977383614,0.410523921251297,0.5472343564033508,-0.015891600400209427,0.4024107754230499,0.5535423159599304,-0.02146703191101551,0.465503066778183,0.5846032500267029,-0.019016029313206673,0.4405388832092285,0.6057323813438416,-0.013843376189470291,0.41009142994880676,0.6011301279067993,-0.012682799249887466,0.4032823145389557,0.624331533908844,-0.0368514321744442,0.45713701844215393,0.6490277647972107,-0.029982266947627068,0.4291544556617737,0.6636783480644226,-0.01557236723601818,0.3995281457901001,0.6586779356002808,-0.01006527803838253,0.39463871717453003,0.6933044791221619,-0.05175654962658882,0.42601603269577026,0.706250011920929,-0.041244711726903915,0.3999180495738983,0.7121194005012512,-0.023776419460773468,0.37694206833839417,0.7078262567520142,-0.013013510033488274,G
0.4720037579536438,0.38304850459098816,-3.7853283174626995e-07,0.4310762286186218,0.3078565001487732,0.003194262506440282,0.3585837781429291,0.27441075444221497,-0.002695599338039756,0.29137781262397766,0.2737465500831604,-0.009953097440302372,0.2482215166091919,0.2516309916973114,-0.01653658226132393,0.34380826354026794,0.24835455417633057,-0.022619200870394707,0.26239675283432007,0.30054971575737,-0.0439092218875885,0.2833099961280823,0.32560640573501587,-0.05237464979290962,0.3110237419605255,0.31929269433021545,-0.05560736358165741,0.34850916266441345,0.30736351013183594,-0.03313009813427925,0.2636898159980774,0.3631146550178528,-0.05081794783473015,0.28869199752807617,0.37679052352905273,-0.047767508774995804,0.31586939096450806,0.36163094639778137,-0.045242566615343094,0.3562646210193634,0.3697417676448822,-0.043286800384521484,0.2787967026233673,0.42243772745132446,-0.06119890138506889,0.30794820189476013,0.4290443956851959,-0.047515589743852615,0.3359203338623047,0.41103625297546387,-0.036885835230350494,0.36648479104042053,0.43131011724472046,-0.05245615914463997,0.30890509486198425,0.46864455938339233,-0.06739847362041473,0.33381637930870056,0.46934133768081665,-0.058966729789972305,0.3579161763191223,0.45239269733428955,-0.050305936485528946,G
0.23583446443080902,0.6559457778930664,-3.03194610751234e-07,0.2894606590270996,0.561495840549469,0.013095050118863583,0.349776953458786,0.5249238014221191,0.0075402092188596725,0.39813461899757385,0.5440831184387207,-0.001805619103834033,0.4248868227005005,0.5873069763183594,-0.008606224320828915,0.3943294584751129,0.4954991042613983,-0.009944597259163857,0.46620893478393555,0.523627519607544,-0.01962689496576786,0.4455285370349884,0.5522613525390625,-0.022733086720108986,0.4156569242477417,0.5499875545501709,-0.02364053949713707,0.40340709686279297,0.5600140690803528,-0.025922343134880066,0.4688107967376709,0.5904413461685181,-0.02433040179312229,0.44493305683135986,0.6117457747459412,-0.018650153651833534,0.4146854281425476,0.6065622568130493,-0.017079703509807587,0.4032455384731293,0.6312323212623596,-0.040049031376838684,0.4592703580856323,0.6566909551620483,-0.03421064466238022,0.43260878324508667,0.6706648468971252,-0.019658004865050316,0.4023292064666748,0.6646921038627625,-0.013827183283865452,0.3938693702220917,0.6992219686508179,-0.053882017731666565,0.4264730215072632,0.7131094932556152,-0.04500386863946915,0.40106725692749023,0.7188284397125244,-0.028048306703567505,0.3775618076324463,0.7142422199249268,-0.01723787561058998,G
0.48153895139694214,0.3936752378940582,-3.926752185634541e-07,0.43986833095550537,0.31704241037368774,0.002580316737294197,0.36572763323783875,0.28184428811073303,-0.003958788700401783,0.29689115285873413,0.2791571319103241,-0.011609814129769802,0.2506423592567444,0.258360892534256,-0.018264252692461014,0.35158535838127136,0.2496545910835266,-0.024629028514027596,0.26624298095703125,0.3051375150680542,-0.04674746096134186,0.28770390152931213,0.3313868045806885,-0.05489327758550644,0.3146324157714844,0.32408037781715393,-0.05763130262494087,0.35478657484054565,0.3115280866622925,-0.03525576367974281,0.2656137943267822,0.36903971433639526,-0.054252974689006805,0.29206112027168274,0.38396307826042175,-0.05085177719593048,0.3199310302734375,0.36796408891677856,-0.04763762280344963,0.36087357997894287,0.3768792450428009,-0.04551969841122627,0.27861088514328003,0.4283605217933655,-0.06442736834287643,0.3096383213996887,0.4352605640888214,-0.049959007650613785,0.3386508822441101,0.41639813780784607,-0.03837543725967407,0.3697451949119568,0.44099491834640503,-0.05482475459575653,0.3100070059299469,0.4757837653160095,-0.07075462490320206,0.3359185755252838,0.4764404892921448,-0.06218082085251808,0.3607235252857208,0.4595581293106079,-0.05298479273915291,G
0.2378389984369278,0.6533539295196533,-3.2995913556987944e-07,0.2920114994049072,0.5592606067657471,0.013367814011871815,0.3521009385585785,0.5230312347412109,0.007874632254242897,0.400906503200531,0.5397829413414001,-0.0013120290823280811,0.42931991815567017,0.5786520838737488,-0.008102349005639553,0.39527878165245056,0.4965916872024536,-0.01117569487541914,0.46527227759361267,0.525693953037262,-0.02140505425632,0.4441213607788086,0.5514529943466187,-0.024555321782827377,0.4137200117111206,0.5466473698616028,-0.02520626410841942,0.4021960496902466,0.5609680414199829,-0.027255022898316383,0.46744289994239807,0.5895864367485046,-0.0264907144010067,0.4426618814468384,0.6090986132621765,-0.0204827468842268,0.4111545979976654,0.6032847762107849,-0.018461663275957108,0.4006653130054474,0.6327841281890869,-0.041340023279190063,0.4597741365432739,0.6542965173721313,-0.03682954981923103,0.43205127120018005,0.666999340057373,-0.021396219730377197,0.4002865254878998,0.661371648311615,-0.014484536834061146,0.38983720541000366,0.7014344334602356,-0.05491100251674652,0.42607739567756653,0.7108689546585083,-0.04712271690368652,0.40012961626052856,0.715207040309906,-0.029367635026574135,0.37581735849380493,0.7117042541503906,-0.017651241272687912,G
0.4759899079799652,0.39597877860069275,-3.861989910092234e-07,0.4353023171424866,0.3189481794834137,0.00449806172400713,0.36265331506729126,0.28420013189315796,-0.0011950634652748704,0.29496195912361145,0.28065821528434753,-0.008315354585647583,0.2478119283914566,0.26266518235206604,-0.01492794044315815,0.34875401854515076,0.2545444369316101,-0.025114981457591057,0.26385995745658875,0.30534276366233826,-0.045480433851480484,0.2835787534713745,0.3327847719192505,-0.05191165208816528,0.3113057613372803,0.3281595706939697,-0.05365541949868202,0.35144171118736267,0.31503283977508545,-0.03676266968250275,0.2619260549545288,0.3686574101448059,-0.05391179397702217,0.28784096240997314,0.38574931025505066,-0.0495237335562706,0.31681028008461,0.37203922867774963,-0.045868948101997375,0.3577095568180084,0.38066282868385315,-0.04754796624183655,0.2747539281845093,0.42975345253944397,-0.06451553851366043,0.30525410175323486,0.43878376483917236,-0.04928209260106087,0.3350287079811096,0.4219299554824829,-0.037732064723968506,0.3676460385322571,0.44500207901000977,-0.05715443566441536,0.30766451358795166,0.4795185625553131,-0.07173854857683182,0.3314971327781677,0.48128777742385864,-0.0623604953289032,0.35595837235450745,0.4654148519039154,-0.052977122366428375,G
0.2303244173526764,0.656812846660614,-3.123244596281438e-07,0.28335660696029663,0.562855064868927,0.013466534204781055,0.34322160482406616,0.5268691182136536,0.007589846849441528,0.3911857306957245,0.5467690825462341,-0.0020009062718600035,0.41862019896507263,0.5882265567779541,-0.009028726257383823,0.38688117265701294,0.4967162609100342,-0.012044684030115604,0.4587886929512024,0.5264174938201904,-0.02185518480837345,0.4382871687412262,0.5545944571495056,-0.024143047630786896,0.40934306383132935,0.5521304607391357,-0.024567976593971252,0.39519593119621277,0.5610567927360535,-0.028532903641462326,0.46218162775039673,0.591346025466919,-0.028285367414355278,0.43740472197532654,0.6123603582382202,-0.022058073431253433,0.40658167004585266,0.6071850657463074,-0.019663630053400993,0.3946763873100281,0.6328257322311401,-0.04290517419576645,0.45243459939956665,0.6566765904426575,-0.038179147988557816,0.4247570037841797,0.671081006526947,-0.022262869402766228,0.3943431079387665,0.6659723520278931,-0.015040312893688679,0.38471463322639465,0.7022091150283813,-0.0568525493144989,0.41949859261512756,0.7147029042243958,-0.04862146079540253,0.39401304721832275,0.7201185822486877,-0.030742956325411797,0.3707631528377533,0.7157042622566223,-0.019004950299859047,G
0.46752259135246277,0.3932577669620514,-3.640451211595064e-07,0.4287932515144348,0.31732675433158875,0.001987704075872898,0.3558886647224426,0.28044819831848145,-0.004291059914976358,0.2878868877887726,0.27731260657310486,-0.011435136198997498,0.24278506636619568,0.2554266154766083,-0.017878727987408638,0.3401457667350769,0.25292783975601196,-0.025885509327054024,0.25595808029174805,0.30253952741622925,-0.047113414853811264,0.27740687131881714,0.326840341091156,-0.05526067316532135,0.30669042468070984,0.3213682472705841,-0.05793597921729088,0.34320738911628723,0.3140076994895935,-0.03549441322684288,0.25701287388801575,0.36532002687454224,-0.05210910364985466,0.2820380926132202,0.3787515461444855,-0.04853440448641777,0.31015700101852417,0.3657821714878082,-0.04589473083615303,0.3494311273097992,0.3785823881626129,-0.0445655956864357,0.2701200246810913,0.42494726181030273,-0.06116139888763428,0.29845765233039856,0.4326722025871277,-0.046913035213947296,0.3278893828392029,0.41874048113822937,-0.03604409843683243,0.3579399585723877,0.44208160042762756,-0.052745651453733444,0.29726442694664,0.47368451952934265,-0.06643018126487732,0.320118248462677,0.4759712219238281,-0.05719577521085739,0.3444865942001343,0.46404969692230225,-0.04798176512122154,G
0.22342222929000854,0.6553827524185181,-3.372503840637364e-07,0.2797964811325073,0.5639429688453674,0.01623505912721157,0.34208640456199646,0.5298886299133301,0.011578635312616825,0.3908059298992157,0.5479448437690735,0.0024240114726126194,0.419189989566803,0.5886015892028809,-0.004343435633927584,0.3843613862991333,0.49865466356277466,-0.00584246963262558,0.4541429877281189,0.5301932096481323,-0.014640812762081623,0.43362441658973694,0.5573631525039673,-0.017314719036221504,0.4040724039077759,0.5539302825927734,-0.0181275624781847,0.392521470785141,0.5615248680114746,-0.023730933666229248,0.45660632848739624,0.5928659439086914,-0.021997295320034027,0.43143269419670105,0.6135923862457275,-0.016102835536003113,0.40004852414131165,0.6077576279640198,-0.01426673773676157,0.3922635316848755,0.6326231956481934,-0.03958733752369881,0.44820636510849,0.6582003831863403,-0.033355142921209335,0.42012619972229004,0.6715502142906189,-0.017866313457489014,0.38944733142852783,0.664957582950592,-0.011403718963265419,0.3826131224632263,0.7020469307899475,-0.05488705262541771,0.4169813096523285,0.7146777510643005,-0.045043524354696274,0.3904426395893097,0.7197490930557251,-0.02682025171816349,0.3665182888507843,0.7149771451950073,-0.01524143386632204,G
0.466282457113266,0.39763712882995605,-3.2436335573038377e-07,0.4259885549545288,0.32055559754371643,0.0003824278828687966,0.353698194026947,0.2865642309188843,-0.005388443358242512,0.2875746786594391,0.28378766775131226,-0.011881290934979916,0.24259239435195923,0.2637544274330139,-0.017246831208467484,0.33557993173599243,0.2631435990333557,-0.0220301765948534,0.25395849347114563,0.31321051716804504,-0.043609619140625,0.2743762731552124,0.33457285165786743,-0.052791155874729156,0.30269843339920044,0.327885240316391,-0.05585559457540512,0.33797329664230347,0.3220067322254181,-0.030510934069752693,0.2545338571071625,0.3731650710105896,-0.04655912518501282,0.27659812569618225,0.38690251111984253,-0.043947815895080566,0.302396297454834,0.3736351728439331,-0.04180808365345001,0.34318482875823975,0.38570481538772583,-0.03910420089960098,0.2696131765842438,0.429208368062973,-0.0555427186191082,0.2957269549369812,0.43573376536369324,-0.042242396622896194,0.32247161865234375,0.4202631413936615,-0.031861595809459686,0.35058945417404175,0.44888758659362793,-0.04710446298122406,0.29611968994140625,0.4766162633895874,-0.060304876416921616,0.3201662600040436,0.477704793214798,-0.05096084624528885,0.34363746643066406,0.4651656448841095,-0.04166148230433464,G
0.22218665480613708,0.6606032848358154,-3.2888962664401333e-07,0.27755412459373474,0.567904531955719,0.01438251230865717,0.3387351930141449,0.5306368470191956,0.009348390623927116,0.3905613124370575,0.5442637801170349,0.0004967928398400545,0.4220361113548279,0.579552412033081,-0.005618553142994642,0.3790489137172699,0.5030661821365356,-0.008722754195332527,0.4496886134147644,0.5329189300537109,-0.01872890815138817,0.4299629330635071,0.5595410466194153,-0.021709075197577477,0.4004109799861908,0.556428849697113,-0.022204237058758736,0.3864535987377167,0.5664395093917847,-0.025554707273840904,0.4536285698413849,0.5962314605712891,-0.02543812245130539,0.42889896035194397,0.616420567035675,-0.019780762493610382,0.3971867859363556,0.6108390092849731,-0.017551973462104797,0.38576072454452515,0.6373395919799805,-0.04041418433189392,0.445427268743515,0.6611470580101013,-0.036070629954338074,0.41760772466659546,0.6740089058876038,-0.020441537722945213,0.38607874512672424,0.668168306350708,-0.01322563923895359,0.3756684958934784,0.7054941058158875,-0.05471950024366379,0.4123119115829468,0.7167858481407166,-0.04654029384255409,0.38608622550964355,0.7215286493301392,-0.028510022908449173,0.36180543899536133,0.7178704142570496,-0.016627280041575432,G
0.46291202306747437,0.40125054121017456,-3.335034080009791e-07,0.419944167137146,0.3246217370033264,0.0018482418963685632,0.349102258682251,0.2893279194831848,-0.0047573125921189785,0.28168725967407227,0.2882869243621826,-0.012320718728005886,0.23513509333133698,0.26940804719924927,-0.019016947597265244,0.329077810049057,0.2704094648361206,-0.024285344406962395,0.24648508429527283,0.31748124957084656,-0.04598419740796089,0.26743456721305847,0.33780136704444885,-0.05491345748305321,0.2956817150115967,0.33017075061798096,-0.05784323811531067,0.33208173513412476,0.32984763383865356,-0.033682264387607574,0.24788445234298706,0.37824705243110657,-0.04909978061914444,0.2693736255168915,0.3909313976764679,-0.045428402721881866,0.294842392206192,0.3774079978466034,-0.04273882508277893,0.3391382396221161,0.3925054669380188,-0.042788680642843246,0.2641642689704895,0.43533581495285034,-0.057909898459911346,0.2896140217781067,0.44087091088294983,-0.043277304619550705,0.31592124700546265,0.4248948395252228,-0.03239535912871361,0.34960222244262695,0.4532432556152344,-0.05117298290133476,0.29338324069976807,0.48124635219573975,-0.06283776462078094,0.31624945998191833,0.480632483959198,-0.05213352292776108,0.33916833996772766,0.46768051385879517,-0.04210306331515312,G
0.2264721393585205,0.6502319574356079,-3.0956616114963253e-07,0.28083181381225586,0.5597439408302307,0.014930220320820808,0.33806711435317993,0.5255492925643921,0.008586455136537552,0.38590481877326965,0.5423683524131775,-0.0018539171433076262,0.4143345057964325,0.5814274549484253,-0.009890681132674217,0.3817632794380188,0.49181801080703735,-0.009791232645511627,0.4501130282878876,0.5198379755020142,-0.01987932063639164,0.4305095374584198,0.5500040054321289,-0.02319112978875637,0.4012652337551117,0.5479068756103516,-0.024263544008135796,0.3906821608543396,0.5540668964385986,-0.027663836255669594,0.4542200565338135,0.5836778283119202,-0.026599479839205742,0.43012216687202454,0.6075942516326904,-0.020907698199152946,0.39987972378730774,0.6023979187011719,-0.019321726635098457,0.390620619058609,0.6250587701797485,-0.04345528781414032,0.44745609164237976,0.6502113938331604,-0.038603898137807846,0.4195992946624756,0.6659706830978394,-0.02303781546652317,0.38925331830978394,0.6600896120071411,-0.01632644794881344,0.3807727098464966,0.6947923898696899,-0.05869770050048828,0.41593316197395325,0.7085890173912048,-0.05090182274580002,0.38928958773612976,0.7149636745452881,-0.03305002674460411,0.3653685748577118,0.710469126701355,-0.021329987794160843,G
0.46873190999031067,0.36559638381004333,-3.620534414494614e-07,0.42873942852020264,0.29127082228660583,0.0003502797335386276,0.35674238204956055,0.25232332944869995,-0.006027713883668184,0.28840938210487366,0.2505568265914917,-0.01280688215047121,0.24050897359848022,0.25103259086608887,-0.018635284155607224,0.338998943567276,0.22236177325248718,-0.025936104357242584,0.2540528476238251,0.2769351005554199,-0.0485372468829155,0.2707776725292206,0.3018099069595337,-0.05675066262483597,0.2977876663208008,0.2980315387248993,-0.05895785242319107,0.33992719650268555,0.27961522340774536,-0.03514374420046806,0.25164011120796204,0.33893388509750366,-0.0529290996491909,0.27284616231918335,0.3548097014427185,-0.049955159425735474,0.29960936307907104,0.34220758080482483,-0.04740488901734352,0.34369584918022156,0.3426802456378937,-0.044316116720438004,0.2637059986591339,0.39882946014404297,-0.06152975186705589,0.2889368236064911,0.4073273539543152,-0.048938021063804626,0.3163304626941681,0.3907639980316162,-0.03934188187122345,0.3498256206512451,0.4062713086605072,-0.0528750978410244,0.29200324416160583,0.44784459471702576,-0.0673612430691719,0.31359806656837463,0.45183831453323364,-0.0598924495279789,0.33664655685424805,0.43829166889190674,-0.051975350826978683,G
