0,1,2,3,4,5,6,7,8,9,10,11,12,13,14,15,16,17,18,19,20,21,22,23,24,25,26,27,28,29,30,31,32,33,34,35,36,37,38,39,40,41,42,43,44,45,46,47,48,49,50,51,52,53,54,55,56,57,58,59,60,61,62,label
0.598139762878418,0.9985430836677551,6.811892490077298e-07,0.5268458127975464,0.9770420789718628,-0.013485558331012726,0.46506860852241516,0.9220176935195923,-0.023538272827863693,0.428286075592041,0.8667841553688049,-0.03490867465734482,0.40846332907676697,0.8220725655555725,-0.047731660306453705,0.4747132658958435,0.7977455854415894,-0.021148094907402992,0.44208666682243347,0.7054295539855957,-0.0484173446893692,0.42348143458366394,0.6445000171661377,-0.07086377590894699,0.4094315767288208,0.5883570909500122,-0.08629139512777328,0.5072752237319946,0.7791746854782104,-0.033658258616924286,0.4743804633617401,0.6769070029258728,-0.056934986263513565,0.45621371269226074,0.603535532951355,-0.07745712995529175,0.4431862235069275,0.5361098647117615,-0.09155119210481644,0.5465414524078369,0.7772222757339478,-0.04837046563625336,0.5205020904541016,0.6859608888626099,-0.07355968654155731,0.5077651739120483,0.6186158657073975,-0.0883883386850357,0.49581342935562134,0.5574900507926941,-0.09767180681228638,0.5928633213043213,0.7909969091415405,-0.06424398720264435,0.5841058492660522,0.7144255638122559,-0.08617731928825378,0.5805021524429321,0.6644418239593506,-0.09178928285837173,0.5763116478919983,0.6208897233009338,-0.09452716261148453,H
0.19651971757411957,0.641728401184082,5.728959422413027e-07,0.18815270066261292,0.5349124670028687,-0.0015267066191881895,0.21548771858215332,0.4445412755012512,-0.008939940482378006,0.2563670575618744,0.38606131076812744,-0.016328897327184677,0.2742006778717041,0.33619940280914307,-0.025142250582575798,0.28059300780296326,0.4233590364456177,-0.02729814499616623,0.3533104956150055,0.3483387231826782,-0.04521415755152702,0.39802786707878113,0.30619728565216064,-0.05569581314921379,0.4336758852005005,0.274711549282074,-0.06105242297053337,0.3114996552467346,0.46689993143081665,-0.03883380815386772,0.39389336109161377,0.385994553565979,-0.05117536708712578,0.4464324116706848,0.33833128213882446,-0.05879008397459984,0.48642420768737793,0.30331844091415405,-0.06424176692962646,0.3336392343044281,0.5216864347457886,-0.04955841600894928,0.4113137722015381,0.45026400685310364,-0.060388073325157166,0.4613645076751709,0.4082663357257843,-0.06746993958950043,0.4993848204612732,0.376392126083374,-0.07276146858930588,0.34722527861595154,0.5822911858558655,-0.05983354523777962,0.4067343473434448,0.5248939394950867,-0.06917967647314072,0.4427809715270996,0.49054718017578125,-0.0702013373374939,0.4729089140892029,0.46253517270088196,-0.06989771872758865,H
0.6504639983177185,0.6478060483932495,4.0631579167893506e-07,0.5735693573951721,0.6236107349395752,-0.01671736128628254,0.5062990784645081,0.547268271446228,-0.023972610011696815,0.4710771441459656,0.47886407375335693,-0.032316211611032486,0.45315471291542053,0.42030176520347595,-0.04027267172932625,0.5050841569900513,0.41325706243515015,-0.0036903934087604284,0.470922589302063,0.3192278742790222,-0.02352811023592949,0.4506682753562927,0.26557931303977966,-0.04205144941806793,0.43182915449142456,0.21553468704223633,-0.055840201675891876,0.5447558164596558,0.38967400789260864,-0.0138548007234931,0.5110360383987427,0.27921658754348755,-0.030964747071266174,0.48981690406799316,0.21020522713661194,-0.04857609048485756,0.47034090757369995,0.14831319451332092,-0.06079160422086716,0.5910422801971436,0.3881727457046509,-0.028211189433932304,0.5647196769714355,0.28524547815322876,-0.047772157937288284,0.5466434955596924,0.21975255012512207,-0.06054169684648514,0.5282005667686462,0.16150203347206116,-0.06918429583311081,0.6428966522216797,0.40468141436576843,-0.04470353573560715,0.6273109912872314,0.3228934109210968,-0.06104559823870659,0.6179696321487427,0.27143797278404236,-0.06451365351676941,0.606157124042511,0.22421087324619293,-0.06654136627912521,H
0.2058625966310501,0.5949864387512207,3.352187434302323e-07,0.20124280452728271,0.48425352573394775,0.011446953751146793,0.22670969367027283,0.39478909969329834,0.012028021737933159,0.2629082500934601,0.3345600366592407,0.009596481919288635,0.2862021327018738,0.290696382522583,0.005800028797239065,0.28359726071357727,0.3670750856399536,-0.008646232075989246,0.354068398475647,0.29009827971458435,-0.021765097975730896,0.3959207534790039,0.24851615726947784,-0.029149416834115982,0.42853647470474243,0.2173410803079605,-0.03289579600095749,0.31438279151916504,0.40272843837738037,-0.024860728532075882,0.3949899971485138,0.3169272243976593,-0.03375662863254547,0.4423598349094391,0.26519539952278137,-0.04045765474438667,0.4772581458091736,0.22596479952335358,-0.04538421332836151,0.33779045939445496,0.4507432281970978,-0.039573490619659424,0.41298261284828186,0.3749169707298279,-0.04758160933852196,0.45938095450401306,0.33227846026420593,-0.053377553820610046,0.4926483631134033,0.29921507835388184,-0.058119796216487885,0.35299307107925415,0.50641930103302,-0.05309451371431351,0.4113989770412445,0.45036816596984863,-0.059519995003938675,0.4435354471206665,0.41644924879074097,-0.058959368616342545,0.4684666097164154,0.38726913928985596,-0.05798092857003212,H
0.6303587555885315,0.5725031495094299,3.7798747598571936e-07,0.5537962317466736,0.5585031509399414,-0.01741878315806389,0.48494288325309753,0.4981604814529419,-0.024594297632575035,0.44824835658073425,0.4348982870578766,-0.032690759748220444,0.4344905614852905,0.3758641481399536,-0.03995722532272339,0.47742027044296265,0.377798855304718,0.0017396078910678625,0.4349197745323181,0.2991030216217041,-0.01536277774721384,0.4091973900794983,0.2542622685432434,-0.03232617303729057,0.38542479276657104,0.21168792247772217,-0.04492422938346863,0.5119999647140503,0.3473893404006958,-0.005386020056903362,0.4713582694530487,0.2495768815279007,-0.018195392563939095,0.44336581230163574,0.19080041348934174,-0.03282221406698227,0.41797298192977905,0.13783827424049377,-0.04366304352879524,0.5539749264717102,0.335771381855011,-0.01706981658935547,0.5194335579872131,0.24554017186164856,-0.03093697316944599,0.4944200813770294,0.18793271481990814,-0.03989681228995323,0.47101470828056335,0.1388607770204544,-0.04674442857503891,0.6022161841392517,0.33924415707588196,-0.0314372256398201,0.5775701999664307,0.26775825023651123,-0.04155642166733742,0.5617177486419678,0.22417853772640228,-0.042122527956962585,0.5447680354118347,0.18629935383796692,-0.04289521276950836,H
0.20211614668369293,0.6105461716651917,3.369529224528378e-07,0.19068142771720886,0.5031057000160217,0.0073178536258637905,0.20897960662841797,0.413386732339859,0.0052213845774531364,0.24347440898418427,0.35071995854377747,0.0009750006138347089,0.2704380452632904,0.3081306219100952,-0.0043280599638819695,0.273878276348114,0.38218164443969727,-0.011735704727470875,0.3414096236228943,0.3024804890155792,-0.025003181770443916,0.3803008198738098,0.2590745687484741,-0.03258901089429855,0.41052931547164917,0.22498102486133575,-0.036552269011735916,0.3056771457195282,0.4153587818145752,-0.02575870044529438,0.3813854455947876,0.32740330696105957,-0.03433219715952873,0.42483365535736084,0.27397358417510986,-0.0407579243183136,0.4567577838897705,0.2330552041530609,-0.04560845345258713,0.329796701669693,0.4615848660469055,-0.03861255198717117,0.4000580906867981,0.38290274143218994,-0.04641871154308319,0.4437776803970337,0.33669567108154297,-0.052082959562540054,0.47535771131515503,0.30089080333709717,-0.05662381649017334,0.34537509083747864,0.5165932774543762,-0.05061280354857445,0.4015745222568512,0.4553287923336029,-0.05679740384221077,0.43216586112976074,0.41923826932907104,-0.056128013879060745,0.4562738537788391,0.38831281661987305,-0.05491813272237778,H
0.6093805432319641,0.6021106243133545,4.055298745697655e-07,0.5290964841842651,0.5893794894218445,-0.016908535733819008,0.45287227630615234,0.5226050615310669,-0.02264469303190708,0.4163484573364258,0.45810556411743164,-0.029862331226468086,0.41259413957595825,0.4011648893356323,-0.036546383053064346,0.4466165602207184,0.40979060530662537,0.002109613036736846,0.4100838005542755,0.32777759432792664,-0.01499828789383173,0.38536137342453003,0.27996644377708435,-0.03221334517002106,0.36222362518310547,0.23794226348400116,-0.04520709812641144,0.4814222455024719,0.37897613644599915,-0.0055683683604002,0.4448951184749603,0.28159964084625244,-0.01918276771903038,0.4153381586074829,0.22398968040943146,-0.034291308373212814,0.3884245455265045,0.17483820021152496,-0.04513964056968689,0.5238515138626099,0.3656582832336426,-0.01777149923145771,0.4924703538417816,0.27460598945617676,-0.031397268176078796,0.4663899838924408,0.22356469929218292,-0.0405789278447628,0.44141900539398193,0.18339097499847412,-0.047568079084157944,0.5731388926506042,0.3675665557384491,-0.032788462936878204,0.5533317923545837,0.2955529987812042,-0.04227273911237717,0.5368120670318604,0.25026261806488037,-0.04353330284357071,0.5183549523353577,0.2112998217344284,-0.04500531032681465,H
0.20072820782661438,0.6091780662536621,3.3842928814920015e-07,0.18909800052642822,0.5029151439666748,0.008462859317660332,0.20547951757907867,0.4151630103588104,0.006292396225035191,0.23843514919281006,0.3534347414970398,0.0020034778863191605,0.2640071213245392,0.308833509683609,-0.003530337940901518,0.2634974718093872,0.3866134285926819,-0.015572212636470795,0.3293688893318176,0.30760449171066284,-0.029244735836982727,0.366645872592926,0.2632938623428345,-0.0358525887131691,0.39533889293670654,0.22921200096607208,-0.038741931319236755,0.29619643092155457,0.4183056950569153,-0.030000584200024605,0.37121355533599854,0.3276599645614624,-0.0391874834895134,0.41573330760002136,0.2729809880256653,-0.04422649368643761,0.44952958822250366,0.23119111359119415,-0.047756507992744446,0.3217451870441437,0.46330687403678894,-0.042895540595054626,0.3924395740032196,0.3823344111442566,-0.05114300921559334,0.43707722425460815,0.33537349104881287,-0.05654077231884003,0.4695720076560974,0.2989497780799866,-0.06086168438196182,0.33868536353111267,0.5170325040817261,-0.0546322762966156,0.39127740263938904,0.45758292078971863,-0.06116742640733719,0.4207500219345093,0.4209196865558624,-0.06059446558356285,0.4440844655036926,0.38921448588371277,-0.05942607671022415,H
0.5759128928184509,0.6558372974395752,3.1736249184177723e-07,0.5009739398956299,0.6508670449256897,-0.015079525299370289,0.42482873797416687,0.5895034074783325,-0.021127747371792793,0.3829743266105652,0.5321674346923828,-0.028893306851387024,0.3608328104019165,0.4787735044956207,-0.037060659378767014,0.41255301237106323,0.4827597141265869,-0.002809489844366908,0.36843758821487427,0.4058067500591278,-0.023614972829818726,0.3371105492115021,0.35629990696907043,-0.042572811245918274,0.3122407793998718,0.3122636675834656,-0.05713428929448128,0.4426835775375366,0.4480896294116974,-0.0133368456736207,0.39942362904548645,0.35468053817749023,-0.03233207017183304,0.3685690760612488,0.2956356406211853,-0.051006969064474106,0.3428197503089905,0.24180541932582855,-0.06478076428174973,0.4804210960865021,0.42922431230545044,-0.028064938262104988,0.4451776146888733,0.3359715938568115,-0.0483366958796978,0.42328354716300964,0.28010493516921997,-0.06245860084891319,0.40231195092201233,0.23147746920585632,-0.07291659712791443,0.5248327255249023,0.4243451952934265,-0.04497428238391876,0.4968741238117218,0.3569534420967102,-0.06318914890289307,0.4759542644023895,0.3154967725276947,-0.07083942741155624,0.4542243778705597,0.27811282873153687,-0.07671137154102325,H
0.20375055074691772,0.6088052988052368,3.8601834262408374e-07,0.18912550806999207,0.4957367181777954,0.006537697743624449,0.21138976514339447,0.4052703082561493,0.004021295811980963,0.24961835145950317,0.3429875671863556,-4.1452898585703224e-05,0.28101587295532227,0.2979152500629425,-0.005078976042568684,0.26819539070129395,0.3835373818874359,-0.015956008806824684,0.3321225643157959,0.30034375190734863,-0.029807303100824356,0.3709161579608917,0.25736504793167114,-0.03633222356438637,0.40285342931747437,0.22555771470069885,-0.038961101323366165,0.3015325665473938,0.41894960403442383,-0.0284869447350502,0.37389233708381653,0.32541623711586,-0.037955813109874725,0.4181315302848816,0.2707940936088562,-0.042733654379844666,0.4532851576805115,0.23015473783016205,-0.04585866257548332,0.32657158374786377,0.4662870764732361,-0.039665501564741135,0.39620721340179443,0.383375346660614,-0.04763191193342209,0.43907737731933594,0.3376004099845886,-0.051269713789224625,0.4710894227027893,0.30146756768226624,-0.05404403433203697,0.3425545394420624,0.5202972888946533,-0.04989170283079147,0.3968998193740845,0.45927008986473083,-0.054845623672008514,0.42764800786972046,0.4213956594467163,-0.052828721702098846,0.45173048973083496,0.38718077540397644,-0.05062849819660187,H
0.5646018385887146,0.708383321762085,2.387643860402022e-07,0.48803216218948364,0.7117316722869873,-0.011260656639933586,0.40619149804115295,0.6583285331726074,-0.014088447205722332,0.3544214367866516,0.605194628238678,-0.018831618130207062,0.31517237424850464,0.5599642395973206,-0.023635007441043854,0.39317774772644043,0.5573683977127075,0.004838094115257263,0.34353864192962646,0.483122318983078,-0.014326035045087337,0.30967026948928833,0.43447938561439514,-0.03252013772726059,0.2818339467048645,0.3929683566093445,-0.046112608164548874,0.41909632086753845,0.5197583436965942,-0.006016829051077366,0.37139981985092163,0.43244922161102295,-0.023317504674196243,0.33794939517974854,0.3757491111755371,-0.03946315124630928,0.30844324827194214,0.3218379616737366,-0.05143824592232704,0.45046770572662354,0.49284887313842773,-0.02130718156695366,0.41429823637008667,0.40344059467315674,-0.04012367129325867,0.3913937211036682,0.3438991606235504,-0.04988202080130577,0.37074434757232666,0.28935325145721436,-0.05661843344569206,0.4886026382446289,0.4753570258617401,-0.03892983868718147,0.45395877957344055,0.39886051416397095,-0.055145904421806335,0.43315044045448303,0.35279542207717896,-0.058855023235082626,0.4148719310760498,0.3136851191520691,-0.06141594424843788,H
0.1994866132736206,0.6140962839126587,3.9194571854750393e-07,0.18833523988723755,0.5039525628089905,0.006242016796022654,0.2115408033132553,0.41185426712036133,0.0029144221916794777,0.2492433786392212,0.34999072551727295,-0.0020693126134574413,0.27997422218322754,0.3068540692329407,-0.007999055087566376,0.2646499574184418,0.38921403884887695,-0.01840604469180107,0.33034008741378784,0.3070145547389984,-0.03396078944206238,0.3714556396007538,0.2635016441345215,-0.0420733317732811,0.40408068895339966,0.2321893721818924,-0.04572533071041107,0.29756665229797363,0.4240585267543793,-0.032042618840932846,0.3719291687011719,0.3305429220199585,-0.04311107471585274,0.4180210828781128,0.2754537761211395,-0.049491144716739655,0.4535215497016907,0.2336147278547287,-0.05364934727549553,0.32340627908706665,0.47098585963249207,-0.044143300503492355,0.3935210406780243,0.38701656460762024,-0.053509920835494995,0.43783435225486755,0.3394452631473541,-0.05857998877763748,0.4697040319442749,0.3024798631668091,-0.0623369999229908,0.340329647064209,0.5252971053123474,-0.055265992879867554,0.3937809467315674,0.4631577432155609,-0.06213345006108284,0.424714058637619,0.42489320039749146,-0.06109292060136795,0.448830246925354,0.39103934168815613,-0.05936811491847038,H
0.6186290383338928,0.5877991914749146,3.6281275583860406e-07,0.5483364462852478,0.5779353976249695,-0.015894198790192604,0.47716256976127625,0.5225884914398193,-0.021276267245411873,0.4360808730125427,0.4736905097961426,-0.027257680892944336,0.42485010623931885,0.4236695468425751,-0.032412752509117126,0.46766015887260437,0.40328696370124817,-0.0005096520762890577,0.42349734902381897,0.32520562410354614,-0.016559576615691185,0.39611321687698364,0.2840959429740906,-0.03178918734192848,0.371798574924469,0.2491985559463501,-0.04258247837424278,0.5013186931610107,0.37266504764556885,-0.007122912909835577,0.4612950086593628,0.27673977613449097,-0.017973335459828377,0.43374618887901306,0.2203810065984726,-0.030126169323921204,0.41014406085014343,0.17420315742492676,-0.038469716906547546,0.5424978733062744,0.35915765166282654,-0.01777057535946369,0.5073331594467163,0.2736027240753174,-0.0284915529191494,0.48204654455184937,0.21811218559741974,-0.035010144114494324,0.45908045768737793,0.17223462462425232,-0.04014674574136734,0.589669942855835,0.36156439781188965,-0.0309101901948452,0.5683498382568359,0.29585686326026917,-0.037476617842912674,0.5550392270088196,0.25206926465034485,-0.035369426012039185,0.5417579412460327,0.21367666125297546,-0.03416009992361069,H
0.1907072365283966,0.6282261610031128,3.9530570461465686e-07,0.1786867082118988,0.5157011151313782,0.007373712491244078,0.19760867953300476,0.4281946122646332,0.005088471341878176,0.23171070218086243,0.3680027723312378,0.000728115439414978,0.2579302191734314,0.3207729458808899,-0.004732402507215738,0.2555072009563446,0.40441232919692993,-0.01544246356934309,0.322709321975708,0.32029181718826294,-0.030688578262925148,0.3629581332206726,0.27539074420928955,-0.03809385374188423,0.39585769176483154,0.24144452810287476,-0.041075192391872406,0.28919345140457153,0.43784934282302856,-0.029707608744502068,0.3661279082298279,0.34271490573883057,-0.0408376008272171,0.4115845859050751,0.28403621912002563,-0.047575805336236954,0.44623249769210815,0.23858535289764404,-0.05200616642832756,0.315364271402359,0.483015775680542,-0.04261321946978569,0.38791829347610474,0.40088048577308655,-0.05212393030524254,0.4323459267616272,0.351894348859787,-0.057784222066402435,0.4642132520675659,0.31289970874786377,-0.06172703579068184,0.3323032259941101,0.5360506772994995,-0.054491523653268814,0.38783732056617737,0.4741487503051758,-0.06066359952092171,0.4177718162536621,0.4369478225708008,-0.05919749289751053,0.4402039051055908,0.4045058488845825,-0.0572567954659462,H
0.6359162926673889,0.5645493865013123,3.7890833937126445e-07,0.5623515844345093,0.5554414391517639,-0.02112562209367752,0.49188652634620667,0.49708670377731323,-0.02731296233832836,0.4497431516647339,0.4334701895713806,-0.033035580068826675,0.4209989905357361,0.37967389822006226,-0.03706074506044388,0.48823827505111694,0.3780299723148346,-6.7543049226515e-05,0.45308181643486023,0.29526057839393616,-0.01595737412571907,0.43275198340415955,0.25129467248916626,-0.03171814978122711,0.41267818212509155,0.21120059490203857,-0.042916931211948395,0.5230875015258789,0.3470657765865326,-0.0033099642023444176,0.4854918420314789,0.25217145681381226,-0.013569541275501251,0.46261557936668396,0.19413083791732788,-0.024641554802656174,0.44193559885025024,0.14337433874607086,-0.0323229655623436,0.5644563436508179,0.33585286140441895,-0.011587695218622684,0.5307210683822632,0.25126534700393677,-0.022173793986439705,0.5095394849777222,0.19913719594478607,-0.02681925520300865,0.4889879822731018,0.15403693914413452,-0.030229007825255394,0.612281322479248,0.3394574522972107,-0.023163698613643646,0.590076208114624,0.2728295922279358,-0.030136818066239357,0.5764809250831604,0.23252935707569122,-0.028036197647452354,0.562498152256012,0.19707217812538147,-0.026314392685890198,H
0.19615307450294495,0.622795581817627,3.86388023798645e-07,0.1825181245803833,0.5132296681404114,0.006244169548153877,0.20270758867263794,0.4258018434047699,0.003841136582195759,0.23774607479572296,0.3641813397407532,-2.904330540332012e-05,0.2618434429168701,0.3147880434989929,-0.0052538905292749405,0.2588683068752289,0.3984309732913971,-0.017452742904424667,0.3267722725868225,0.31504756212234497,-0.03278183564543724,0.36786478757858276,0.26979219913482666,-0.04036802425980568,0.40107929706573486,0.23461030423641205,-0.043287795037031174,0.29412978887557983,0.4337999224662781,-0.029846055433154106,0.36953920125961304,0.3395252227783203,-0.04005298390984535,0.4150950610637665,0.282296359539032,-0.046225015074014664,0.45009663701057434,0.23828387260437012,-0.05062251538038254,0.321553498506546,0.4784030020236969,-0.04079459235072136,0.3914112150669098,0.39571332931518555,-0.04915168881416321,0.4341413974761963,0.3455943167209625,-0.05453425645828247,0.46529221534729004,0.30594971776008606,-0.058471839874982834,0.3395521640777588,0.5271694660186768,-0.050791747868061066,0.39385566115379333,0.4604014754295349,-0.05661258101463318,0.42456892132759094,0.4208732843399048,-0.056007884442806244,0.44919922947883606,0.3864322304725647,-0.054692938923835754,H
0.6172550320625305,0.6254557967185974,3.5822574773192173e-07,0.5392942428588867,0.6175256967544556,-0.01852918416261673,0.46451008319854736,0.5584815740585327,-0.026206230744719505,0.41874411702156067,0.49910974502563477,-0.034788377583026886,0.39122089743614197,0.4455157220363617,-0.04243739694356918,0.45308688282966614,0.4469849467277527,-0.0004896949394606054,0.40756529569625854,0.3711135685443878,-0.01970316655933857,0.3787124454975128,0.3264492154121399,-0.03752315416932106,0.3539618253707886,0.28600013256073,-0.05043298006057739,0.4856131076812744,0.41286948323249817,-0.007821688428521156,0.4402664601802826,0.32256269454956055,-0.024029891937971115,0.40847358107566833,0.2671254277229309,-0.040335286408662796,0.3820391297340393,0.21953696012496948,-0.05139131471514702,0.5267728567123413,0.39611363410949707,-0.01975388079881668,0.48825231194496155,0.3129007816314697,-0.03654246777296066,0.4608639180660248,0.26333561539649963,-0.04677249491214752,0.4356856346130371,0.22232979536056519,-0.05370620638132095,0.5753083229064941,0.3941274881362915,-0.034354086965322495,0.551956295967102,0.3248515725135803,-0.04696604982018471,0.5342699289321899,0.2816741466522217,-0.0495733767747879,0.5158253908157349,0.24361106753349304,-0.051169950515031815,H
0.20133759081363678,0.6163045167922974,4.067857446443668e-07,0.1866978406906128,0.5093139410018921,0.006656313315033913,0.2017325907945633,0.4257719814777374,0.0025967780966311693,0.23531268537044525,0.3654893636703491,-0.003243932733312249,0.2621854841709137,0.31928837299346924,-0.010618823580443859,0.25893598794937134,0.3969583809375763,-0.02054736576974392,0.3254900872707367,0.3172641396522522,-0.03694763779640198,0.3657175302505493,0.27432602643966675,-0.04510484263300896,0.39745157957077026,0.2417178899049759,-0.04855060204863548,0.292996346950531,0.4285409450531006,-0.03441868722438812,0.3707713186740875,0.33817189931869507,-0.04564755782485008,0.4157196283340454,0.2827644944190979,-0.05126115307211876,0.449529767036438,0.24143999814987183,-0.05495939776301384,0.3197077810764313,0.4734758734703064,-0.046710431575775146,0.39316457509994507,0.39147835969924927,-0.05608709529042244,0.43819743394851685,0.34530407190322876,-0.06096813827753067,0.4714590311050415,0.30988651514053345,-0.0647929236292839,0.33714911341667175,0.5269293785095215,-0.057934749871492386,0.39235323667526245,0.46692609786987305,-0.06459051370620728,0.4232097864151001,0.4314943552017212,-0.06309739500284195,0.4481216073036194,0.4005674123764038,-0.06118424981832504,H
0.588564395904541,0.695451557636261,3.6520216895041813e-07,0.5148037672042847,0.6971958875656128,-0.022570354864001274,0.43437349796295166,0.6414504647254944,-0.03134213760495186,0.38309815526008606,0.5913972854614258,-0.04037758335471153,0.34803202748298645,0.5454978942871094,-0.04947878047823906,0.4192124605178833,0.521087646484375,-0.006251453422009945,0.371696412563324,0.4433688521385193,-0.02852422557771206,0.3384695053100586,0.3928025960922241,-0.04896644502878189,0.3119349479675293,0.3487429618835449,-0.06427020579576492,0.4489925801753998,0.48544079065322876,-0.013804004527628422,0.4043825566768646,0.3910136818885803,-0.03371123597025871,0.3742811679840088,0.3281809091567993,-0.0531008318066597,0.35057589411735535,0.2725631594657898,-0.06708093732595444,0.48598846793174744,0.46777158975601196,-0.02646546997129917,0.44836071133613586,0.3750559687614441,-0.04750838875770569,0.4275744557380676,0.31440719962120056,-0.06090943515300751,0.40933382511138916,0.2607669234275818,-0.07034328579902649,0.5292331576347351,0.46400323510169983,-0.0421195812523365,0.49527162313461304,0.395904541015625,-0.060512784868478775,0.474122017621994,0.35228195786476135,-0.06698859483003616,0.45486980676651,0.31310921907424927,-0.07145610451698303,H
0.19895857572555542,0.6237838268280029,3.8135266322569805e-07,0.18672776222229004,0.5183439254760742,0.006351255811750889,0.20406024158000946,0.43112698197364807,0.0021690037101507187,0.23845165967941284,0.37033340334892273,-0.0035900925286114216,0.26431238651275635,0.32572513818740845,-0.010463719256222248,0.2620476484298706,0.40110963582992554,-0.01999303698539734,0.32860803604125977,0.3202616572380066,-0.03558529168367386,0.3687833547592163,0.2768700122833252,-0.04369790107011795,0.40086665749549866,0.2444964051246643,-0.04732520878314972,0.2957097589969635,0.4341776371002197,-0.03370398283004761,0.37153056263923645,0.342099666595459,-0.044291526079177856,0.41733241081237793,0.2861311137676239,-0.050373196601867676,0.45241743326187134,0.24353015422821045,-0.05471624433994293,0.32187390327453613,0.4800887405872345,-0.04586740583181381,0.39477482438087463,0.3978446125984192,-0.055296964943408966,0.43981850147247314,0.34895992279052734,-0.061527956277132034,0.47134777903556824,0.3109970688819885,-0.06634504348039627,0.3393835723400116,0.5341281890869141,-0.05696466192603111,0.3965921103954315,0.474513441324234,-0.06435689330101013,0.42770373821258545,0.43726012110710144,-0.06447866559028625,0.45037660002708435,0.40438058972358704,-0.06373618543148041,H
0.5833878517150879,0.7075444459915161,3.489354583052773e-07,0.5079007148742676,0.7070367336273193,-0.017733510583639145,0.43056970834732056,0.6529183387756348,-0.024795133620500565,0.38118910789489746,0.6061849594116211,-0.03281909599900246,0.34230348467826843,0.5661171078681946,-0.04110274463891983,0.4143039584159851,0.5363960266113281,-0.0026511054020375013,0.3685791790485382,0.4587307572364807,-0.023947827517986298,0.3363769054412842,0.4075026512145996,-0.04400401934981346,0.3096883296966553,0.3626480996608734,-0.058942101895809174,0.4419807195663452,0.5038723349571228,-0.011992029845714569,0.3977726697921753,0.4129084348678589,-0.031224675476551056,0.3675469160079956,0.3494713306427002,-0.05007270351052284,0.3427359461784363,0.29055580496788025,-0.06357300281524658,0.47769883275032043,0.4867401123046875,-0.025931788608431816,0.4408670961856842,0.39635658264160156,-0.04593057557940483,0.4210740923881531,0.33328989148139954,-0.05804704129695892,0.40339431166648865,0.2755471467971802,-0.06658106297254562,0.5209369659423828,0.4825449585914612,-0.04256515949964523,0.488454669713974,0.41366925835609436,-0.05985117331147194,0.468099445104599,0.36859947443008423,-0.0651351809501648,0.4486909508705139,0.32635414600372314,-0.06874264031648636,H
0.19864408671855927,0.6239481568336487,4.328013574195211e-07,0.18587076663970947,0.5154154300689697,0.0062337531708180904,0.20271196961402893,0.4296879172325134,0.002393310656771064,0.2361491471529007,0.3679314851760864,-0.0030421107076108456,0.2630319595336914,0.3230757713317871,-0.009738878346979618,0.2553316354751587,0.4007194936275482,-0.0194667037576437,0.325038343667984,0.31979823112487793,-0.03570430725812912,0.366765558719635,0.27596181631088257,-0.043963219970464706,0.39969539642333984,0.24257567524909973,-0.047441594302654266,0.2898532450199127,0.434873104095459,-0.03244144842028618,0.36862432956695557,0.3453049659729004,-0.04281742498278618,0.41425269842147827,0.28965115547180176,-0.049186281859874725,0.4483676552772522,0.24736249446868896,-0.05376899987459183,0.31758207082748413,0.47934117913246155,-0.04379069060087204,0.3884296417236328,0.39877939224243164,-0.05182115361094475,0.4331853985786438,0.35155561566352844,-0.05713739991188049,0.4662076234817505,0.31536757946014404,-0.06162670999765396,0.33569619059562683,0.5290378332138062,-0.05418301373720169,0.3888906240463257,0.470253586769104,-0.060088519006967545,0.4200953245162964,0.4348495900630951,-0.05929259955883026,0.44605958461761475,0.4045213460922241,-0.05805740877985954,H
0.6338469386100769,0.6116733551025391,3.2086950341181364e-07,0.5598827600479126,0.6004541516304016,-0.01748957484960556,0.48895683884620667,0.5397316217422485,-0.022350886836647987,0.44454503059387207,0.4826999306678772,-0.02814437448978424,0.4188791811466217,0.43165871500968933,-0.03304499760270119,0.48817217350006104,0.4223450720310211,0.004435901064425707,0.4439035654067993,0.34541940689086914,-0.011347442865371704,0.4182959198951721,0.30469977855682373,-0.02721688151359558,0.39457839727401733,0.2684248089790344,-0.03891619294881821,0.5213080048561096,0.39109182357788086,-0.002406770596280694,0.479397714138031,0.29529815912246704,-0.014153345488011837,0.4518886208534241,0.23850379884243011,-0.028222618624567986,0.42737823724746704,0.1898740828037262,-0.03830420598387718,0.5622389316558838,0.37881746888160706,-0.014034769497811794,0.526979386806488,0.2912612855434418,-0.027628006413578987,0.5034945011138916,0.23563478887081146,-0.03599824756383896,0.4804628789424896,0.18669673800468445,-0.04197452962398529,0.6088928580284119,0.3805476427078247,-0.02831508405506611,0.5845934748649597,0.30956533551216125,-0.038207825273275375,0.5722107291221619,0.2654787302017212,-0.03773302584886551,0.5589926242828369,0.22589662671089172,-0.03745143860578537,H
0.19915232062339783,0.6187034249305725,4.0557543456998246e-07,0.1838351935148239,0.5110517740249634,0.004149589687585831,0.199102982878685,0.4236906170845032,-5.922066520724911e-06,0.2328706979751587,0.36279770731925964,-0.0054559605196118355,0.2572607696056366,0.31649070978164673,-0.012045958079397678,0.261037677526474,0.39779728651046753,-0.02087453566491604,0.3246547281742096,0.3154580593109131,-0.03707526624202728,0.3638036251068115,0.27148136496543884,-0.04549733176827431,0.39603307843208313,0.2377435564994812,-0.04932151734828949,0.2949216961860657,0.43180716037750244,-0.0339689701795578,0.3694056272506714,0.337924599647522,-0.04655876383185387,0.4143567681312561,0.2795523703098297,-0.05419193208217621,0.4488818049430847,0.23406754434108734,-0.05905472859740257,0.32063329219818115,0.47799429297447205,-0.04564814269542694,0.39095181226730347,0.39645546674728394,-0.05664612725377083,0.4355684816837311,0.34737372398376465,-0.06326080113649368,0.46811148524284363,0.3084738850593567,-0.06765014678239822,0.3368529677391052,0.5316190123558044,-0.0564098097383976,0.39159274101257324,0.47099074721336365,-0.06390304118394852,0.42231032252311707,0.43453407287597656,-0.06297323852777481,0.44631636142730713,0.4034827947616577,-0.0611952506005764,H
0.6485427021980286,0.5807051062583923,3.766837437524373e-07,0.576309084892273,0.5669111013412476,-0.020562034100294113,0.5094684362411499,0.5105135440826416,-0.027357367798686028,0.4660494923591614,0.4514874219894409,-0.033884335309267044,0.43289852142333984,0.4023106098175049,-0.03890176862478256,0.5076470375061035,0.3891841471195221,-0.000589069677516818,0.4681556224822998,0.3061847686767578,-0.016557147726416588,0.4455833435058594,0.2593899369239807,-0.0321112684905529,0.4256548583507538,0.21653597056865692,-0.04329315572977066,0.5421197414398193,0.3584402799606323,-0.004700048360973597,0.5022575855255127,0.2630313038825989,-0.015616691671311855,0.4787404239177704,0.20309235155582428,-0.027979394420981407,0.45866701006889343,0.15051598846912384,-0.03680848702788353,0.582703709602356,0.34769877791404724,-0.013624376617372036,0.5488088130950928,0.261108934879303,-0.024634551256895065,0.5278118252754211,0.207887202501297,-0.03127044439315796,0.5075666904449463,0.16166925430297852,-0.03629474341869354,0.6292524337768555,0.3527250587940216,-0.02567889541387558,0.6088789701461792,0.28457099199295044,-0.03329373896121979,0.5952348113059998,0.24270975589752197,-0.03294815495610237,0.5809540152549744,0.20593023300170898,-0.03266692906618118,H
0.19731247425079346,0.6191486120223999,3.896977887052344e-07,0.18516559898853302,0.5126075148582458,0.007783068343997002,0.20092736184597015,0.42596909403800964,0.004905570298433304,0.23358812928199768,0.3647073805332184,0.0003139983455184847,0.25900036096572876,0.3185850977897644,-0.005442691966891289,0.25724977254867554,0.3987307846546173,-0.019263409078121185,0.32517799735069275,0.31608152389526367,-0.035041745752096176,0.36591801047325134,0.27215713262557983,-0.042304910719394684,0.3988747000694275,0.23954707384109497,-0.04507157579064369,0.29187750816345215,0.43305468559265137,-0.03288515657186508,0.3685809373855591,0.3412918448448181,-0.043858714401721954,0.41390711069107056,0.285541296005249,-0.049516208469867706,0.448318749666214,0.24341510236263275,-0.05343851447105408,0.3195410966873169,0.4782058000564575,-0.044788554310798645,0.39119309186935425,0.3985234498977661,-0.05376746878027916,0.43568968772888184,0.35359326004981995,-0.058423303067684174,0.4676307439804077,0.3188636302947998,-0.06190280243754387,0.3379545211791992,0.5292744636535645,-0.055516377091407776,0.3936734199523926,0.4683834910392761,-0.06127595156431198,0.4237157106399536,0.433427631855011,-0.05941800773143768,0.44658154249191284,0.40338805317878723,-0.05724934861063957,H
0.6243321895599365,0.6283979415893555,2.3905457169348665e-07,0.5526814460754395,0.6225139498710632,-0.017004359513521194,0.4795069098472595,0.560835063457489,-0.022502386942505836,0.4353039860725403,0.5025144815444946,-0.02906801924109459,0.40501415729522705,0.4538818895816803,-0.034445758908987045,0.4715012311935425,0.444186806678772,0.0035583176650106907,0.4212005138397217,0.37278708815574646,-0.01395043358206749,0.39029234647750854,0.3373390734195709,-0.03045603260397911,0.363832026720047,0.3072124123573303,-0.04214370250701904,0.50278639793396,0.4106787443161011,-0.004021355416625738,0.4560714662075043,0.3212888538837433,-0.018762042745947838,0.42390576004981995,0.268144816160202,-0.034287869930267334,0.39597395062446594,0.22312863171100616,-0.04498780146241188,0.5439116358757019,0.3956177830696106,-0.01644953154027462,0.5084710121154785,0.31122007966041565,-0.03299332037568092,0.4824436604976654,0.25840091705322266,-0.04434053227305412,0.45751529932022095,0.2142423838376999,-0.05217074230313301,0.5916496515274048,0.3960980772972107,-0.03129474073648453,0.5713068246841431,0.3266489803791046,-0.043788619339466095,0.5561182498931885,0.2835541367530823,-0.0470067597925663,0.539617657661438,0.24565839767456055,-0.04935178905725479,H
0.1988309621810913,0.6214422583580017,4.33127695487201e-07,0.18615910410881042,0.5176045298576355,0.004971921909600496,0.2021561861038208,0.4306860566139221,0.00024266898981295526,0.23555201292037964,0.36733323335647583,-0.0060525331646203995,0.2608734965324402,0.3195943832397461,-0.013948594219982624,0.25939399003982544,0.397377073764801,-0.021296339109539986,0.3274392783641815,0.316434383392334,-0.03891228884458542,0.3700067400932312,0.2706490159034729,-0.049091637134552,0.4040099084377289,0.23542743921279907,-0.05418849736452103,0.2936202585697174,0.43077582120895386,-0.034598469734191895,0.3713035583496094,0.33989548683166504,-0.04614035785198212,0.4179943799972534,0.28382861614227295,-0.05424613878130913,0.4537530243396759,0.240088552236557,-0.06023944169282913,0.32045838236808777,0.4758046567440033,-0.046349234879016876,0.3911590576171875,0.39354464411735535,-0.05597499758005142,0.4359777569770813,0.3462706506252289,-0.06284135580062866,0.4687356650829315,0.30931586027145386,-0.0684790387749672,0.33834776282310486,0.5272423624992371,-0.057224445044994354,0.39170169830322266,0.46804749965667725,-0.06458937376737595,0.4227789342403412,0.4324510097503662,-0.06482509523630142,0.44844716787338257,0.40091684460639954,-0.06441282480955124,H
0.6047335863113403,0.6707709431648254,3.173405218603875e-07,0.5270675420761108,0.6663663387298584,-0.020664436742663383,0.45152848958969116,0.6103339791297913,-0.029133256524801254,0.4038570523262024,0.5595153570175171,-0.03813875839114189,0.3709394335746765,0.5111701488494873,-0.04692714288830757,0.4384131133556366,0.49407413601875305,-0.004128242377191782,0.39038553833961487,0.4213034510612488,-0.02648821286857128,0.3562018871307373,0.374470978975296,-0.046804264187812805,0.3283805251121521,0.3321307897567749,-0.062089890241622925,0.4683144688606262,0.45960482954978943,-0.01262401882559061,0.4203106462955475,0.37364137172698975,-0.03328420966863632,0.38624072074890137,0.3171282410621643,-0.05296967923641205,0.3581119775772095,0.26614469289779663,-0.06684353947639465,0.5074214935302734,0.44376054406166077,-0.02603774517774582,0.4685326814651489,0.3584742248058319,-0.04760771244764328,0.44431737065315247,0.30413663387298584,-0.06114756688475609,0.421670526266098,0.2548622786998749,-0.07050282508134842,0.55402672290802,0.44295138120651245,-0.042204953730106354,0.5247349143028259,0.3759954273700714,-0.060881681740283966,0.5040333271026611,0.3328855037689209,-0.0677446722984314,0.48293158411979675,0.29191118478775024,-0.07242511212825775,H
0.2034704089164734,0.6246445178985596,4.047911659199599e-07,0.19030731916427612,0.5200042724609375,0.0050810943357646465,0.20488813519477844,0.4347735345363617,0.0007000910118222237,0.23853377997875214,0.37304484844207764,-0.005033929832279682,0.26433563232421875,0.32718604803085327,-0.011999828740954399,0.26373714208602905,0.40498387813568115,-0.02059040777385235,0.32811078429222107,0.3252294063568115,-0.03634277731180191,0.36664557456970215,0.28125685453414917,-0.04471541941165924,0.39723172783851624,0.24734236299991608,-0.048532769083976746,0.29782599210739136,0.4373023509979248,-0.033749110996723175,0.3741566836833954,0.3479008674621582,-0.04463619366288185,0.41958728432655334,0.29251980781555176,-0.05126231163740158,0.45428240299224854,0.25018757581710815,-0.05576890707015991,0.32406240701675415,0.48210564255714417,-0.04537370055913925,0.39563706517219543,0.40268614888191223,-0.05485180765390396,0.44144123792648315,0.35677072405815125,-0.061107076704502106,0.47500160336494446,0.32106560468673706,-0.0658203586935997,0.3408464193344116,0.5340489745140076,-0.056001052260398865,0.39479097723960876,0.47509679198265076,-0.06269737333059311,0.4254224896430969,0.44043731689453125,-0.061689332127571106,0.4497849941253662,0.4107532203197479,-0.06012210249900818,H
0.5850032567977905,0.6968922019004822,2.9631388542838977e-07,0.5095643997192383,0.6956093907356262,-0.016229165717959404,0.4312558174133301,0.636439859867096,-0.02081192098557949,0.3825749158859253,0.5856735110282898,-0.026688536629080772,0.3454296588897705,0.5442870259284973,-0.033219024538993835,0.420301616191864,0.5262619853019714,-0.0012743023689836264,0.37361541390419006,0.45127880573272705,-0.022033043205738068,0.33962327241897583,0.4022468328475952,-0.04119189828634262,0.31189531087875366,0.3597404956817627,-0.05574095621705055,0.44868534803390503,0.4911935329437256,-0.01136219035834074,0.4049074947834015,0.39739835262298584,-0.030254164710640907,0.3748198449611664,0.3349020779132843,-0.04871993511915207,0.350069135427475,0.2786329984664917,-0.06211365386843681,0.48481249809265137,0.47348475456237793,-0.026031751185655594,0.44769880175590515,0.3804343044757843,-0.04637107998132706,0.42736250162124634,0.31997811794281006,-0.05967384949326515,0.408084899187088,0.2648131251335144,-0.06924010068178177,0.527518093585968,0.46896982192993164,-0.04315364360809326,0.4951315224170685,0.3998458981513977,-0.06169908866286278,0.4749075472354889,0.3565364480018616,-0.06853912770748138,0.4555235803127289,0.31642699241638184,-0.07350625842809677,H
0.20170214772224426,0.6228963136672974,4.0541229395785194e-07,0.18654446303844452,0.5183453559875488,0.006448807194828987,0.20186719298362732,0.430791437625885,0.0025908220559358597,0.23767104744911194,0.370083749294281,-0.002719779033213854,0.2643691301345825,0.32547569274902344,-0.00931733287870884,0.26237398386001587,0.40241551399230957,-0.021542375907301903,0.3275723159313202,0.31928694248199463,-0.03714520484209061,0.36760011315345764,0.2751678228378296,-0.045043908059597015,0.3997644782066345,0.24282628297805786,-0.04826506972312927,0.2964446246623993,0.43596401810646057,-0.03500913456082344,0.37146949768066406,0.34236782789230347,-0.04608558863401413,0.41755855083465576,0.286138117313385,-0.052374858409166336,0.45258161425590515,0.24409125745296478,-0.056402530521154404,0.3228164315223694,0.4821763336658478,-0.04662289842963219,0.39360231161117554,0.39938995242118835,-0.05631968751549721,0.4383804202079773,0.3512200713157654,-0.06256543099880219,0.4691455662250519,0.3141855001449585,-0.06693235039710999,0.3398232161998749,0.5362145900726318,-0.05701763555407524,0.39608854055404663,0.47472548484802246,-0.06356804072856903,0.4254683256149292,0.4391421675682068,-0.062179021537303925,0.4455607533454895,0.4090033769607544,-0.06007412075996399,H
0.5738106966018677,0.7096942663192749,3.2650112302690104e-07,0.49940401315689087,0.7080332636833191,-0.01738571561872959,0.42321282625198364,0.6541169881820679,-0.023947490379214287,0.3740062415599823,0.6082316040992737,-0.03147208318114281,0.3368642330169678,0.5668583512306213,-0.0392790287733078,0.40733417868614197,0.5417089462280273,-0.0019427508814260364,0.3599441647529602,0.46604305505752563,-0.02331598289310932,0.3263772130012512,0.417085200548172,-0.043245814740657806,0.29942572116851807,0.37464749813079834,-0.05779217928647995,0.43467074632644653,0.5078460574150085,-0.011037026531994343,0.3898940682411194,0.41648542881011963,-0.030429448932409286,0.3593752682209015,0.35381609201431274,-0.04927750304341316,0.33467113971710205,0.2960531711578369,-0.06275298446416855,0.4692258834838867,0.4886285066604614,-0.02474219910800457,0.4329177737236023,0.3976745307445526,-0.044670525938272476,0.41482895612716675,0.3359358310699463,-0.056706201285123825,0.39958250522613525,0.2805820107460022,-0.06502184271812439,0.5109774470329285,0.4814891219139099,-0.04111761599779129,0.4777333736419678,0.410746306180954,-0.05807971581816673,0.4583277702331543,0.36599695682525635,-0.0629786029458046,0.4410437047481537,0.3272871971130371,-0.06628760695457458,H
0.20923840999603271,0.6390372514724731,4.242469913151581e-07,0.18140628933906555,0.5308972597122192,-0.006213365122675896,0.19014427065849304,0.4384296238422394,-0.013010585680603981,0.2277001589536667,0.3694639503955841,-0.01796182245016098,0.2560296952724457,0.31949353218078613,-0.022772764787077904,0.2710963487625122,0.4098759889602661,-0.02680814266204834,0.3370216190814972,0.32664763927459717,-0.040817055851221085,0.3773658871650696,0.2825509011745453,-0.04831623286008835,0.4102686047554016,0.25004249811172485,-0.051146138459444046,0.3115880489349365,0.44858843088150024,-0.031153954565525055,0.38120514154434204,0.3536528944969177,-0.039551835507154465,0.42312929034233093,0.2989065647125244,-0.043175846338272095,0.4556291699409485,0.2598167955875397,-0.04494166374206543,0.3387811481952667,0.4942387342453003,-0.0346861369907856,0.40282681584358215,0.4070650637149811,-0.04147932678461075,0.4421970248222351,0.3584839701652527,-0.04431527107954025,0.4703213572502136,0.3231687545776367,-0.04586803913116455,0.35260552167892456,0.5428361296653748,-0.03824283927679062,0.4030663073062897,0.47867855429649353,-0.04146300256252289,0.4307171702384949,0.44147786498069763,-0.03781868517398834,0.4516386389732361,0.411841481924057,-0.033629409968853,H
0.6241549849510193,0.5985775589942932,2.979651583245868e-07,0.5528860092163086,0.5896306037902832,-0.010545757599174976,0.4834347069263458,0.5352048277854919,-0.013464527204632759,0.4456550180912018,0.4878700077533722,-0.018013881519436836,0.42676860094070435,0.4498012363910675,-0.022370819002389908,0.4706955552101135,0.4197459816932678,0.0030066820327192545,0.42896467447280884,0.3482028543949127,-0.010755476541817188,0.40265098214149475,0.3106561303138733,-0.024044286459684372,0.3780374526977539,0.2767218053340912,-0.03413912281394005,0.5038866400718689,0.3870525658130646,-0.006992046721279621,0.46312886476516724,0.29586219787597656,-0.018931124359369278,0.4345436692237854,0.24026845395565033,-0.03186223283410072,0.4081241488456726,0.19198782742023468,-0.040832340717315674,0.5450417399406433,0.37225040793418884,-0.020516473799943924,0.5120453238487244,0.28505608439445496,-0.03470217064023018,0.4874417781829834,0.2336682826280594,-0.04425116628408432,0.4630580544471741,0.19067145884037018,-0.05099879205226898,0.5934638977050781,0.3728759288787842,-0.03564098849892616,0.5728446245193481,0.30541276931762695,-0.04631981998682022,0.5587084293365479,0.26258236169815063,-0.047406185418367386,0.5425668358802795,0.22504201531410217,-0.04837193340063095,H
0.21078339219093323,0.6542355418205261,4.435129596913612e-07,0.1844337284564972,0.5440869331359863,-0.010497378185391426,0.1937415599822998,0.4478583037853241,-0.019215935841202736,0.22058647871017456,0.3725845217704773,-0.02537694200873375,0.23903320729732513,0.3133866786956787,-0.03046891652047634,0.2848387062549591,0.4184744358062744,-0.023976288735866547,0.35320717096328735,0.3406144082546234,-0.036654021590948105,0.39521294832229614,0.29948362708091736,-0.04356805607676506,0.42945969104766846,0.27003416419029236,-0.046004410833120346,0.32315513491630554,0.4625163972377777,-0.026533350348472595,0.3946745693683624,0.3721473217010498,-0.03456990420818329,0.43782976269721985,0.3234444856643677,-0.03729713335633278,0.4715934097766876,0.28852933645248413,-0.03829409182071686,0.34723106026649475,0.5112276673316956,-0.02926001138985157,0.4118999242782593,0.42887765169143677,-0.036485705524683,0.45270660519599915,0.38283461332321167,-0.03817853704094887,0.4822008013725281,0.34925681352615356,-0.03817038610577583,0.3592251241207123,0.5604925155639648,-0.032476142048835754,0.41071459650993347,0.49362361431121826,-0.03521546348929405,0.4397462010383606,0.45839375257492065,-0.030518047511577606,0.4608047604560852,0.43081966042518616,-0.025274043902754784,H
0.6382312178611755,0.581998884677887,3.400738251002622e-07,0.566737174987793,0.5722770094871521,-0.014379547908902168,0.49572110176086426,0.5151790976524353,-0.018670616671442986,0.45505771040916443,0.4592638909816742,-0.023871634155511856,0.43405669927597046,0.4116164743900299,-0.02841293439269066,0.4869786202907562,0.4015940725803375,0.001553791225887835,0.4487120509147644,0.3248424530029297,-0.014189867302775383,0.4250316023826599,0.2831370532512665,-0.029768021777272224,0.4019409418106079,0.24479614198207855,-0.041184861212968826,0.5198485851287842,0.3718562722206116,-0.0058181206695735455,0.4794541299343109,0.28025874495506287,-0.018079323694109917,0.4527040123939514,0.22432491183280945,-0.03065621107816696,0.428426057100296,0.17524810135364532,-0.039119869470596313,0.5615752935409546,0.35921692848205566,-0.017193345353007317,0.5251110792160034,0.2754249572753906,-0.030165357515215874,0.500781238079071,0.22197704017162323,-0.03694126009941101,0.4787040948867798,0.17590594291687012,-0.04165859892964363,0.6099490523338318,0.3605097234249115,-0.030878650024533272,0.5855631828308105,0.2938401699066162,-0.039548277854919434,0.5714002847671509,0.25138747692108154,-0.03825563192367554,0.5571879148483276,0.21286790072917938,-0.03734482452273369,H
0.21145391464233398,0.6535331010818481,4.3936231008956383e-07,0.18714368343353271,0.5438005328178406,-0.008833232335746288,0.19288307428359985,0.4455330967903137,-0.017880434170365334,0.21196690201759338,0.3687465190887451,-0.024547815322875977,0.2212442010641098,0.30929189920425415,-0.03022627718746662,0.2890867590904236,0.4224244952201843,-0.02164030820131302,0.3571295440196991,0.3450685441493988,-0.032331518828868866,0.398037314414978,0.3040790557861328,-0.037815362215042114,0.43098124861717224,0.2758348882198334,-0.03919170796871185,0.32741400599479675,0.46546703577041626,-0.02354225516319275,0.4004710018634796,0.37636810541152954,-0.029978079721331596,0.44282740354537964,0.32854485511779785,-0.030904505401849747,0.475507915019989,0.29688531160354614,-0.030186478048563004,0.3511296808719635,0.5131063461303711,-0.025366395711898804,0.4174537658691406,0.43054649233818054,-0.030238287523388863,0.4565454125404358,0.38450348377227783,-0.030625425279140472,0.48443159461021423,0.3531981110572815,-0.02972148358821869,0.36231228709220886,0.5622185468673706,-0.027423866093158722,0.41321876645088196,0.497811496257782,-0.0273908618837595,0.4406958222389221,0.46367147564888,-0.020918844267725945,0.4601314067840576,0.4384315311908722,-0.01450751256197691,H
0.6281099915504456,0.6132442951202393,3.1648781373405654e-07,0.5543690323829651,0.6053370237350464,-0.013139273971319199,0.4806411862373352,0.5515457987785339,-0.02037518285214901,0.4386081397533417,0.5031406879425049,-0.02940976992249489,0.4223482608795166,0.45924267172813416,-0.038418736308813095,0.46827906370162964,0.43496593832969666,-0.0035650492645800114,0.4280889630317688,0.3587245047092438,-0.02352135255932808,0.40011197328567505,0.319580614566803,-0.04169387370347977,0.37238436937332153,0.2878335118293762,-0.05526568368077278,0.5003418922424316,0.405690997838974,-0.014648587442934513,0.46027466654777527,0.31349220871925354,-0.033527083694934845,0.42570170760154724,0.26268213987350464,-0.050993844866752625,0.392072856426239,0.22218166291713715,-0.06277546286582947,0.5410919189453125,0.3926770091056824,-0.029384175315499306,0.5053263902664185,0.30491700768470764,-0.04895623400807381,0.47536319494247437,0.2568511962890625,-0.061493728309869766,0.44539129734039307,0.2187439352273941,-0.0699702724814415,0.5884078741073608,0.39504238963127136,-0.04584677517414093,0.5666265487670898,0.32741743326187134,-0.06154746189713478,0.5489593148231506,0.2844243049621582,-0.06615036725997925,0.5290566682815552,0.24661841988563538,-0.06932063400745392,H
0.21194976568222046,0.6491070985794067,4.1321777644043323e-07,0.1879216432571411,0.5436951518058777,-0.0057261330075562,0.19469812512397766,0.44335824251174927,-0.01275936234742403,0.21060016751289368,0.36630988121032715,-0.018595565110445023,0.21251559257507324,0.3104643225669861,-0.024178478866815567,0.2844944894313812,0.4219386577606201,-0.018882479518651962,0.352753609418869,0.344461590051651,-0.030152130872011185,0.3937506675720215,0.30122238397598267,-0.036395225673913956,0.4258002042770386,0.2710995078086853,-0.038682810962200165,0.32278868556022644,0.4626922905445099,-0.023684479296207428,0.39630457758903503,0.3757508397102356,-0.02962152473628521,0.44081610441207886,0.3258301019668579,-0.03185204789042473,0.47541606426239014,0.2913341224193573,-0.033023733645677567,0.34770530462265015,0.5085834264755249,-0.028423862531781197,0.41534632444381714,0.42928439378738403,-0.033008672297000885,0.45678144693374634,0.3822568655014038,-0.03527595475316048,0.4872438311576843,0.3490349054336548,-0.036792851984500885,0.360897034406662,0.5567807555198669,-0.03335028514266014,0.41132643818855286,0.4971027672290802,-0.03525904566049576,0.4404965043067932,0.4609754979610443,-0.0316045768558979,0.46256399154663086,0.4323180615901947,-0.027829010039567947,H
0.5850768089294434,0.6838480830192566,2.346845207057413e-07,0.511759340763092,0.6906402707099915,-0.014651008881628513,0.4323541224002838,0.6450899243354797,-0.019706647843122482,0.3804205060005188,0.604286253452301,-0.026351990178227425,0.3436451852321625,0.5650892853736877,-0.033403970301151276,0.41211551427841187,0.5434300899505615,0.001516824821010232,0.3588492274284363,0.48098352551460266,-0.0189305879175663,0.32332250475883484,0.4410214126110077,-0.03852441906929016,0.2937682271003723,0.40525248646736145,-0.05289314314723015,0.43912237882614136,0.5043101906776428,-0.008189409039914608,0.39019954204559326,0.4256099462509155,-0.025011081248521805,0.3551632761955261,0.3771175444126129,-0.04226531833410263,0.3254931569099426,0.3333340883255005,-0.055661868304014206,0.4735172390937805,0.4775736927986145,-0.02247185818850994,0.43529677391052246,0.3947502672672272,-0.040606822818517685,0.4102570116519928,0.3439822494983673,-0.05214657261967659,0.38907191157341003,0.30040329694747925,-0.06075388938188553,0.5145632028579712,0.46225860714912415,-0.039328332990407944,0.4785289466381073,0.39223846793174744,-0.05582643300294876,0.45878294110298157,0.35186880826950073,-0.06047136336565018,0.44373342394828796,0.3194790184497833,-0.06376906484365463,H
0.21427172422409058,0.6459923386573792,4.6190046987248934e-07,0.18555575609207153,0.5389598608016968,-0.008629871532320976,0.18894217908382416,0.4431181252002716,-0.017080003395676613,0.20802487432956696,0.3703612983226776,-0.02370048128068447,0.21931549906730652,0.31423717737197876,-0.029888659715652466,0.28646355867385864,0.4198206067085266,-0.022458871826529503,0.3514706492424011,0.3442540168762207,-0.03483318164944649,0.39174607396125793,0.30102044343948364,-0.04228796809911728,0.4245957136154175,0.27070853114128113,-0.04520855098962784,0.32477790117263794,0.46253708004951477,-0.025976942852139473,0.3956788182258606,0.3757748603820801,-0.034201789647340775,0.43917298316955566,0.3225119113922119,-0.038429442793130875,0.47400039434432983,0.28603771328926086,-0.040535371750593185,0.34782159328460693,0.5100380182266235,-0.02946324460208416,0.41473156213760376,0.4328429400920868,-0.03645201399922371,0.4537881314754486,0.3850160241127014,-0.03996371850371361,0.4821432828903198,0.351428747177124,-0.04153391718864441,0.35804256796836853,0.5591418743133545,-0.03322329744696617,0.4096270203590393,0.5049851536750793,-0.036513812839984894,0.4390752911567688,0.4714965522289276,-0.03324150666594505,0.46128422021865845,0.44450661540031433,-0.029139319434762,H
0.566699743270874,0.7095363736152649,2.0363295050174202e-07,0.4959930181503296,0.721254825592041,-0.0124763622879982,0.4179561734199524,0.6843885183334351,-0.017082054167985916,0.3657628893852234,0.6467475295066833,-0.02299208752810955,0.32762324810028076,0.6098656058311462,-0.02830636315047741,0.3959670960903168,0.5820854902267456,0.004462806973606348,0.3439381420612335,0.5264190435409546,-0.01545952819287777,0.3093211054801941,0.4885708689689636,-0.034801822155714035,0.27849704027175903,0.45683449506759644,-0.04883040860295296,0.4209766983985901,0.5422230362892151,-0.004716240335255861,0.37077921628952026,0.47634974122047424,-0.021234747022390366,0.3335650563240051,0.435322642326355,-0.03608812764286995,0.29836636781692505,0.3987683653831482,-0.046567920595407486,0.4519035220146179,0.5107224583625793,-0.018264245241880417,0.41367006301879883,0.4392467141151428,-0.03497067466378212,0.38546860218048096,0.38989949226379395,-0.04022597894072533,0.3571016490459442,0.34431007504463196,-0.043442048132419586,0.49107545614242554,0.48755404353141785,-0.03447458893060684,0.45679789781570435,0.42017990350723267,-0.048326052725315094,0.43460965156555176,0.3774477243423462,-0.048301637172698975,0.41333693265914917,0.34041619300842285,-0.047409724444150925,H
0.20797371864318848,0.6562497019767761,4.1279116658188286e-07,0.18031659722328186,0.5499246120452881,-0.004309411160647869,0.18691705167293549,0.45468735694885254,-0.011225063353776932,0.21126839518547058,0.38335150480270386,-0.017356479540467262,0.23199905455112457,0.3297347128391266,-0.022738659754395485,0.2805193066596985,0.425791472196579,-0.0167289637029171,0.3469216227531433,0.3482377529144287,-0.02826974168419838,0.3870055079460144,0.30600857734680176,-0.035221535712480545,0.4193721413612366,0.27677035331726074,-0.037797532975673676,0.3177768588066101,0.46562865376472473,-0.02262505330145359,0.3911120593547821,0.37704718112945557,-0.029626956209540367,0.4352898597717285,0.32507455348968506,-0.033064547926187515,0.4712485373020172,0.28930938243865967,-0.03459404408931732,0.34136712551116943,0.5128214359283447,-0.028445983305573463,0.410915732383728,0.4334492087364197,-0.03411319851875305,0.4521086812019348,0.3870930075645447,-0.03599028289318085,0.4822446405887604,0.3547273874282837,-0.0365678109228611,0.35295405983924866,0.5633339881896973,-0.03444066643714905,0.4063233435153961,0.5051509737968445,-0.03620768338441849,0.436894953250885,0.4692073166370392,-0.03150646761059761,0.46001961827278137,0.44079020619392395,-0.026493091136217117,H
0.6035823822021484,0.6399523019790649,2.597962804884446e-07,0.5296324491500854,0.6362725496292114,-0.013150587677955627,0.4552423059940338,0.5916522145271301,-0.0208735391497612,0.4096047878265381,0.551827073097229,-0.03134363517165184,0.3884957432746887,0.5042323470115662,-0.041980061680078506,0.4429362714290619,0.4778434932231903,0.0009675354813225567,0.4003295302391052,0.40832698345184326,-0.02063514105975628,0.3652665913105011,0.36727768182754517,-0.041106466203927994,0.33360734581947327,0.3339163661003113,-0.05645257234573364,0.4694496989250183,0.44479453563690186,-0.010317930020391941,0.4265964925289154,0.35790693759918213,-0.03096119314432144,0.3876197040081024,0.3101598024368286,-0.049494195729494095,0.3521994352340698,0.27310389280319214,-0.062398359179496765,0.5039875507354736,0.4252781271934509,-0.02577068656682968,0.46518564224243164,0.33985644578933716,-0.045724328607320786,0.43493685126304626,0.29742684960365295,-0.05672745406627655,0.4054528474807739,0.26590967178344727,-0.0641012117266655,0.5463798642158508,0.4178861379623413,-0.043541088700294495,0.5201146006584167,0.34744518995285034,-0.059310708194971085,0.4974152147769928,0.30653923749923706,-0.06380293518304825,0.4721953272819519,0.27352118492126465,-0.06678888201713562,H
0.20444533228874207,0.6496524810791016,4.5061295850246097e-07,0.1828414499759674,0.5447332262992859,-0.009361166507005692,0.18744829297065735,0.44389984011650085,-0.020209917798638344,0.1997622698545456,0.3670273423194885,-0.03012547828257084,0.19843308627605438,0.3104802370071411,-0.03986731171607971,0.27881696820259094,0.41951024532318115,-0.021710431203246117,0.3441704213619232,0.34257805347442627,-0.03695141151547432,0.3851556181907654,0.2993122935295105,-0.04745720699429512,0.41797035932540894,0.2678397297859192,-0.05299009382724762,0.31540268659591675,0.45849743485450745,-0.02776285633444786,0.38658177852630615,0.37133002281188965,-0.03685794770717621,0.43082934617996216,0.3196635842323303,-0.04283729940652847,0.46551254391670227,0.2826884984970093,-0.04696807265281677,0.34044256806373596,0.5048792958259583,-0.034319862723350525,0.4070426821708679,0.42259520292282104,-0.04147547855973244,0.44856715202331543,0.3750951290130615,-0.04568751901388168,0.47899436950683594,0.34181827306747437,-0.04868675768375397,0.35485410690307617,0.5554683804512024,-0.04157961905002594,0.40573519468307495,0.4937560260295868,-0.04552817344665527,0.43567439913749695,0.4577837586402893,-0.042890775948762894,0.45876649022102356,0.4302898049354553,-0.03995857760310173,H
0.6302641034126282,0.601836085319519,3.3827606671366084e-07,0.5574568510055542,0.589076042175293,-0.014489882625639439,0.4880906045436859,0.5308979153633118,-0.02044890634715557,0.4465884268283844,0.48091405630111694,-0.02720876783132553,0.41995692253112793,0.44184044003486633,-0.03360200673341751,0.475319504737854,0.4188682436943054,-0.0031073216814547777,0.43488824367523193,0.344582200050354,-0.021494045853614807,0.40909266471862793,0.3058529198169708,-0.038416992872953415,0.38384488224983215,0.27067986130714417,-0.050608810037374496,0.5096272230148315,0.38861778378486633,-0.01179593801498413,0.46851828694343567,0.29837408661842346,-0.026867622509598732,0.44078558683395386,0.24218912422657013,-0.041376277804374695,0.4157189130783081,0.1923418492078781,-0.05111991614103317,0.5531851649284363,0.3761971890926361,-0.0242452509701252,0.5177025198936462,0.29176491498947144,-0.04026475176215172,0.4934695065021515,0.23704782128334045,-0.04927708953619003,0.4705394208431244,0.18896740674972534,-0.0552712045609951,0.6033310294151306,0.3789767622947693,-0.038699109107255936,0.5796997547149658,0.30974704027175903,-0.05067223682999611,0.5651131868362427,0.2656358480453491,-0.05141248553991318,0.5493971109390259,0.22573797404766083,-0.05166689306497574,H
0.20464998483657837,0.6508762240409851,4.4501609863800695e-07,0.18478229641914368,0.5454245805740356,-0.01054486446082592,0.19071893393993378,0.44486406445503235,-0.02249554917216301,0.20227459073066711,0.3676838278770447,-0.033245597034692764,0.20121347904205322,0.3084481954574585,-0.04360249638557434,0.2829204201698303,0.4156297445297241,-0.02242736704647541,0.3481413424015045,0.3398047685623169,-0.03844241797924042,0.3895975649356842,0.29731690883636475,-0.04972466453909874,0.4229605793952942,0.2655828595161438,-0.05584631860256195,0.3191359043121338,0.45567893981933594,-0.02841682732105255,0.38977891206741333,0.3704182505607605,-0.038174811750650406,0.43393370509147644,0.3196830749511719,-0.044375527650117874,0.46845605969429016,0.28187137842178345,-0.048624660819768906,0.34321126341819763,0.5039018392562866,-0.035102058202028275,0.4100206196308136,0.4236154556274414,-0.0434194952249527,0.45240193605422974,0.37795260548591614,-0.04698270186781883,0.4834975302219391,0.3458178639411926,-0.04904120787978172,0.35664916038513184,0.556544303894043,-0.042584553360939026,0.4083106517791748,0.490802526473999,-0.04748093709349632,0.43880313634872437,0.453782856464386,-0.04428444057703018,0.4620644450187683,0.4254910945892334,-0.040532249957323074,H
0.6114205121994019,0.6522062420845032,3.0340331136358145e-07,0.5374746918678284,0.646746814250946,-0.01735309325158596,0.4582703709602356,0.5926246643066406,-0.026568550616502762,0.4082614779472351,0.5447627305984497,-0.03737598657608032,0.3893260359764099,0.49273061752319336,-0.04838861897587776,0.4491667151451111,0.4808165431022644,-0.005284210201352835,0.40464282035827637,0.41068771481513977,-0.02892429195344448,0.3696519136428833,0.37087345123291016,-0.05004763975739479,0.3388701379299164,0.3376505672931671,-0.06560908257961273,0.4791737198829651,0.4474261701107025,-0.014779264107346535,0.43564146757125854,0.3598495125770569,-0.036699701100587845,0.3984697163105011,0.3126400113105774,-0.05575110390782356,0.36465373635292053,0.2740784287452698,-0.0686352401971817,0.5173335075378418,0.4294111728668213,-0.0285485927015543,0.4786595404148102,0.3437712788581848,-0.050123199820518494,0.44866424798965454,0.29977864027023315,-0.061704546213150024,0.4190649688243866,0.26320451498031616,-0.06950748711824417,0.5621094107627869,0.4259781837463379,-0.04470936954021454,0.537971019744873,0.35741621255874634,-0.061584603041410446,0.5181010365486145,0.3155561089515686,-0.0663430243730545,0.49629470705986023,0.2776455879211426,-0.06954878568649292,H
0.20598988234996796,0.6580418944358826,4.265050392859848e-07,0.18464696407318115,0.5535334944725037,-0.008499719202518463,0.19039732217788696,0.4529554545879364,-0.01879846677184105,0.20354026556015015,0.3760617971420288,-0.027592673897743225,0.2048300951719284,0.3161153793334961,-0.035789426416158676,0.284205824136734,0.42650485038757324,-0.022187210619449615,0.3524032533168793,0.34888243675231934,-0.03569947928190231,0.39296576380729675,0.30509132146835327,-0.043782755732536316,0.4245462417602539,0.2739037573337555,-0.04726170375943184,0.3206959664821625,0.4662524163722992,-0.026694269850850105,0.3937344551086426,0.37851348519325256,-0.03461188077926636,0.4376294016838074,0.32837432622909546,-0.03769142925739288,0.4717646837234497,0.29319289326667786,-0.03922416642308235,0.34497717022895813,0.5126186609268188,-0.031364720314741135,0.4120073616504669,0.4313284754753113,-0.03705781698226929,0.4532039165496826,0.3855094313621521,-0.037999898195266724,0.4834190011024475,0.353797972202301,-0.03825820982456207,0.35811862349510193,0.5624902248382568,-0.03662719577550888,0.40913230180740356,0.49945175647735596,-0.03893793746829033,0.4397604167461395,0.4636540114879608,-0.0340023972094059,0.463401734828949,0.4355120360851288,-0.028923776000738144,H
0.5849146842956543,0.6816498041152954,2.773087715013389e-07,0.5122998952865601,0.6843751072883606,-0.017380960285663605,0.43336620926856995,0.6354933381080627,-0.024601638317108154,0.38361117243766785,0.5894545316696167,-0.03318357840180397,0.35636866092681885,0.5375701785087585,-0.041836488991975784,0.4181278944015503,0.5258813500404358,-0.0009816145757213235,0.3696008324623108,0.45554468035697937,-0.023015890270471573,0.3322216272354126,0.40960264205932617,-0.04372471570968628,0.301074355840683,0.3699798583984375,-0.05929894372820854,0.4462231695652008,0.48899802565574646,-0.010575995780527592,0.39729076623916626,0.40397363901138306,-0.03010496497154236,0.35767048597335815,0.35515928268432617,-0.0486379973590374,0.3219715356826782,0.31196218729019165,-0.062493566423654556,0.48122137784957886,0.4654540717601776,-0.024996256455779076,0.4432166814804077,0.379274845123291,-0.04550871625542641,0.4127438962459564,0.3301074504852295,-0.05738045647740364,0.38439056277275085,0.28827646374702454,-0.06587447226047516,0.5232425332069397,0.4534342885017395,-0.04220721870660782,0.49006468057632446,0.3817610442638397,-0.059553202241659164,0.4650527834892273,0.3417373597621918,-0.06474300473928452,0.44121551513671875,0.30927568674087524,-0.06860403716564178,H
0.2106306403875351,0.6524503231048584,4.567563394175522e-07,0.1846979558467865,0.5484370589256287,-0.010099975392222404,0.18624725937843323,0.4500187337398529,-0.021576501429080963,0.19982501864433289,0.37326163053512573,-0.031746260821819305,0.20098072290420532,0.31459999084472656,-0.041832055896520615,0.28165632486343384,0.43069198727607727,-0.02464061789214611,0.34448888897895813,0.35109782218933105,-0.04023788496851921,0.3850098252296448,0.30745744705200195,-0.050396181643009186,0.41887015104293823,0.27735579013824463,-0.05546125769615173,0.31852051615715027,0.469277560710907,-0.02981538698077202,0.38926994800567627,0.3791446089744568,-0.03981461375951767,0.4334169030189514,0.3258093595504761,-0.04564269259572029,0.4692929983139038,0.2891099452972412,-0.04951907694339752,0.34184524416923523,0.5150812268257141,-0.03540962561964989,0.4100133776664734,0.43672075867652893,-0.043712396174669266,0.4509262144565582,0.390353798866272,-0.04777231439948082,0.4811279773712158,0.35793790221214294,-0.05036153644323349,0.3543100655078888,0.5651406645774841,-0.04165205731987953,0.40747031569480896,0.509212851524353,-0.04659363627433777,0.43845054507255554,0.474423885345459,-0.044141944497823715,0.4622277021408081,0.4459122121334076,-0.041154664009809494,H
0.5679978728294373,0.7056246399879456,2.738406408298033e-07,0.4984000325202942,0.7137813568115234,-0.016326211392879486,0.4195338785648346,0.6726937890052795,-0.022246360778808594,0.3697287142276764,0.6285611987113953,-0.028639767318964005,0.3384091854095459,0.5824149250984192,-0.03476756438612938,0.40145280957221985,0.5618691444396973,-0.003123024944216013,0.35060396790504456,0.49665823578834534,-0.02455352619290352,0.3137635588645935,0.45366308093070984,-0.04419955983757973,0.2826669216156006,0.4169135093688965,-0.058647751808166504,0.42888444662094116,0.5223912000656128,-0.011767163872718811,0.3781043589115143,0.4434047341346741,-0.030754508450627327,0.33930283784866333,0.3942907452583313,-0.047356411814689636,0.3040793538093567,0.3501935601234436,-0.05949530377984047,0.4624953269958496,0.4957858622074127,-0.024852536618709564,0.4268883466720581,0.4143579602241516,-0.04518381506204605,0.4016808569431305,0.3618895411491394,-0.0550406388938427,0.37651684880256653,0.3172919750213623,-0.06154775992035866,0.5037720799446106,0.4806095063686371,-0.040550533682107925,0.474092572927475,0.40853753685951233,-0.05806257575750351,0.454860657453537,0.3698342442512512,-0.06161130964756012,0.435729056596756,0.3409819006919861,-0.0636720284819603,H
0.21249815821647644,0.6585267186164856,4.891973617304757e-07,0.18850447237491608,0.5542583465576172,-0.011324461549520493,0.19186174869537354,0.45663151144981384,-0.024626372382044792,0.2036336064338684,0.3774423599243164,-0.0358402319252491,0.2034708857536316,0.31667160987854004,-0.04664462059736252,0.28508326411247253,0.4329005181789398,-0.0298305694013834,0.3541964292526245,0.35090506076812744,-0.04580245912075043,0.3955985903739929,0.3078283667564392,-0.05466291680932045,0.4285333752632141,0.2793704867362976,-0.05822399631142616,0.3230348527431488,0.47367435693740845,-0.03344857320189476,0.3978915810585022,0.3826597332954407,-0.042962197214365005,0.44277364015579224,0.3307047188282013,-0.04635121673345566,0.4770571291446686,0.29592588543891907,-0.04817105084657669,0.34723660349845886,0.5202823877334595,-0.03719770908355713,0.41713809967041016,0.4416588544845581,-0.04454038664698601,0.45815199613571167,0.39530086517333984,-0.046077631413936615,0.4874706268310547,0.3636542558670044,-0.04680616781115532,0.3601633906364441,0.5694661140441895,-0.041494302451610565,0.4127916097640991,0.5114071369171143,-0.04541796073317528,0.44272100925445557,0.4778210520744324,-0.040981683880090714,0.464640736579895,0.45021429657936096,-0.036217231303453445,H
0.6060697436332703,0.6513515114784241,2.9849309157725656e-07,0.5334766507148743,0.6468002796173096,-0.014969458803534508,0.45812591910362244,0.59819096326828,-0.022878622636198997,0.41391003131866455,0.5544030666351318,-0.03299428150057793,0.39752596616744995,0.5093908905982971,-0.043379247188568115,0.4451446831226349,0.4847339987754822,-0.005969947203993797,0.4025717079639435,0.4126884937286377,-0.028803758323192596,0.3689972460269928,0.36897239089012146,-0.04923899471759796,0.33818894624710083,0.33263009786605835,-0.06468825042247772,0.4742954969406128,0.45236533880233765,-0.01626480184495449,0.4316161274909973,0.3679788112640381,-0.03749764338135719,0.39471033215522766,0.3192647099494934,-0.05586390197277069,0.3595882058143616,0.2781945466995239,-0.06876374781131744,0.5113200545310974,0.4338884651660919,-0.030361929908394814,0.4735185503959656,0.35245048999786377,-0.051672887057065964,0.4455587863922119,0.3101074695587158,-0.06252142041921616,0.41669079661369324,0.275964617729187,-0.06967351585626602,0.55631422996521,0.4278312623500824,-0.046776726841926575,0.5327036380767822,0.3591565489768982,-0.0639975368976593,0.5144570469856262,0.31792008876800537,-0.06844722479581833,0.49399542808532715,0.2837636470794678,-0.0711861103773117,H
0.2094091773033142,0.6618978977203369,4.5506317292165477e-07,0.18866820633411407,0.5576314330101013,-0.011222478933632374,0.19324880838394165,0.4569004774093628,-0.02313171699643135,0.20603330433368683,0.37714600563049316,-0.0332159586250782,0.2029796540737152,0.3200587034225464,-0.04319045692682266,0.28663763403892517,0.433177649974823,-0.027301307767629623,0.35227057337760925,0.3553204834461212,-0.04339032992720604,0.3941299617290497,0.3126413822174072,-0.05370558425784111,0.4283338785171509,0.2828769087791443,-0.05874974653124809,0.3246941864490509,0.47430118918418884,-0.031685031950473785,0.3968146741390228,0.3859913945198059,-0.04173457622528076,0.44136494398117065,0.33428895473480225,-0.046731673181056976,0.47539669275283813,0.298048734664917,-0.04976398125290871,0.35014277696609497,0.5217874646186829,-0.0363534577190876,0.4170992970466614,0.44205623865127563,-0.044250454753637314,0.45886075496673584,0.3943363428115845,-0.04805055633187294,0.48843932151794434,0.36054304242134094,-0.05018742009997368,0.3641819357872009,0.5725237727165222,-0.04168027639389038,0.415900856256485,0.5090358853340149,-0.045727647840976715,0.445026159286499,0.472612589597702,-0.042722493410110474,0.4658944606781006,0.44472259283065796,-0.03911842033267021,H
0.634791374206543,0.6061078310012817,3.5648113794195524e-07,0.5625702738761902,0.597148597240448,-0.014533674344420433,0.49464139342308044,0.5443837642669678,-0.02030308172106743,0.4555673897266388,0.49775469303131104,-0.026777494698762894,0.43202075362205505,0.4579654633998871,-0.03290031850337982,0.48102450370788574,0.43281111121177673,-0.003433607518672943,0.4400154948234558,0.36011695861816406,-0.020049970597028732,0.4140952229499817,0.3199007511138916,-0.03559417650103569,0.3885822296142578,0.2834058105945587,-0.04719657078385353,0.5149723887443542,0.4014347493648529,-0.01194041408598423,0.4738751947879791,0.31225651502609253,-0.026630915701389313,0.4446753263473511,0.25623345375061035,-0.04140850529074669,0.41669410467147827,0.2075689733028412,-0.05145639926195145,0.5575997829437256,0.38742828369140625,-0.02402532286942005,0.5234034061431885,0.3024473786354065,-0.04025029018521309,0.4980382025241852,0.24722176790237427,-0.05067426711320877,0.47361642122268677,0.20000219345092773,-0.05774257332086563,0.6071046590805054,0.3883943259716034,-0.037917591631412506,0.5868076682090759,0.31893351674079895,-0.05003722757101059,0.5740132927894592,0.27408933639526367,-0.05141778290271759,0.5595550537109375,0.23481057584285736,-0.05230363458395004,H
0.2104891538619995,0.6644696593284607,4.634896697552904e-07,0.18941983580589294,0.5594384074211121,-0.012869298458099365,0.1930696964263916,0.45917126536369324,-0.02660577930510044,0.2092726230621338,0.37991204857826233,-0.03822862729430199,0.20952272415161133,0.3212817907333374,-0.04984696954488754,0.2855425179004669,0.43876194953918457,-0.034155819565057755,0.35362738370895386,0.35935747623443604,-0.05244326591491699,0.39594554901123047,0.31563442945480347,-0.06328531354665756,0.43034204840660095,0.28455427289009094,-0.06851397454738617,0.3233632445335388,0.4808139204978943,-0.038546137511730194,0.397812157869339,0.3903319537639618,-0.05049804225564003,0.44273626804351807,0.33837446570396423,-0.05554820969700813,0.4770202934741974,0.30286046862602234,-0.0586978942155838,0.3489653170108795,0.5277417898178101,-0.04308018460869789,0.4178760051727295,0.444752961397171,-0.05203506723046303,0.4595080018043518,0.39816752076148987,-0.05496270954608917,0.48940038681030273,0.36660081148147583,-0.05664243549108505,0.3638489544391632,0.5773836970329285,-0.04846842959523201,0.4174109101295471,0.5123955011367798,-0.05351634696125984,0.4480486810207367,0.4765760898590088,-0.05061676353216171,0.4713689684867859,0.449730783700943,-0.04709319770336151,H
0.6283725500106812,0.6377220153808594,3.225249827210064e-07,0.554466187953949,0.6290136575698853,-0.011739367619156837,0.48063749074935913,0.575864851474762,-0.017480935901403427,0.4391801357269287,0.5267320871353149,-0.025516478344798088,0.425301730632782,0.47707533836364746,-0.033104851841926575,0.4696311354637146,0.4593018591403961,0.0026651660446077585,0.4267503619194031,0.38886260986328125,-0.014879670925438404,0.39663177728652954,0.3503427505493164,-0.031701620668172836,0.3674473762512207,0.3174715042114258,-0.044545579701662064,0.5002229809761047,0.42853793501853943,-0.008761998265981674,0.4561016261577606,0.34236615896224976,-0.025161143392324448,0.4202643036842346,0.290561318397522,-0.04134489968419075,0.3862438201904297,0.2476051300764084,-0.05218295380473137,0.5411162972450256,0.41387486457824707,-0.02408476546406746,0.502839207649231,0.33124449849128723,-0.04294540360569954,0.4730779528617859,0.280671626329422,-0.05551451817154884,0.4438295364379883,0.2395845204591751,-0.0636633038520813,0.5893487930297852,0.4153527617454529,-0.04111200571060181,0.5700611472129822,0.34681835770606995,-0.05622854083776474,0.5560579299926758,0.3024830222129822,-0.060377705842256546,0.5403298139572144,0.26346686482429504,-0.06297095865011215,H
0.21474489569664001,0.6624876260757446,4.339007091402891e-07,0.19053100049495697,0.5610872507095337,-0.012879454530775547,0.19314204156398773,0.46151620149612427,-0.02436613105237484,0.2073267698287964,0.3804253339767456,-0.03369312360882759,0.20599663257598877,0.32376328110694885,-0.042705364525318146,0.28755342960357666,0.43607476353645325,-0.027672631666064262,0.3530505299568176,0.3566225469112396,-0.04351850599050522,0.39417463541030884,0.31241291761398315,-0.05387553200125694,0.4274100363254547,0.28158581256866455,-0.05900859460234642,0.32604363560676575,0.47639596462249756,-0.03053140826523304,0.39545223116874695,0.3884294629096985,-0.03897421434521675,0.4382264018058777,0.33525705337524414,-0.04344883933663368,0.47059544920921326,0.2979045510292053,-0.046582434326410294,0.35113435983657837,0.5233279466629028,-0.03389859199523926,0.4166294038295746,0.44795066118240356,-0.04035326465964317,0.4584972858428955,0.4037765562534332,-0.04370933771133423,0.48826146125793457,0.3736175000667572,-0.046067673712968826,0.3639402389526367,0.5732208490371704,-0.03822758421301842,0.413268506526947,0.5169621706008911,-0.04172471538186073,0.44184303283691406,0.4850665032863617,-0.038606371730566025,0.4630507826805115,0.4608917832374573,-0.03512147068977356,H
0.5997589230537415,0.6872172951698303,2.4625038008707634e-07,0.5295455455780029,0.6915379762649536,-0.019928300753235817,0.4507909119129181,0.6397549510002136,-0.028586100786924362,0.4010172486305237,0.5910605788230896,-0.0383349247276783,0.37043842673301697,0.5414108037948608,-0.04803008586168289,0.4379120469093323,0.5267819762229919,-0.0046263448894023895,0.3891187012195587,0.45835188031196594,-0.02771374024450779,0.3516353964805603,0.41764402389526367,-0.0489703007042408,0.31871211528778076,0.38383203744888306,-0.06481462717056274,0.4661323130130768,0.49074265360832214,-0.013294130563735962,0.4186922311782837,0.40704289078712463,-0.03371180221438408,0.379986971616745,0.359974205493927,-0.05244100093841553,0.34441086649894714,0.32003551721572876,-0.06648055464029312,0.5014353394508362,0.46889686584472656,-0.027006838470697403,0.4632951319217682,0.38370588421821594,-0.04787282645702362,0.4333919286727905,0.33536553382873535,-0.06031862273812294,0.40464335680007935,0.2955631613731384,-0.0693684071302414,0.5427742600440979,0.4592127799987793,-0.043680232018232346,0.5103520750999451,0.3879990577697754,-0.06133992597460747,0.48580873012542725,0.34638434648513794,-0.06757000833749771,0.4618207812309265,0.312490314245224,-0.07225138694047928,H
0.21380433440208435,0.6652023792266846,4.800255055670277e-07,0.18978872895240784,0.5616254806518555,-0.010455911979079247,0.1944524496793747,0.46221888065338135,-0.023267921060323715,0.20790420472621918,0.38203468918800354,-0.0340542308986187,0.20603537559509277,0.3211233615875244,-0.04502660408616066,0.2858300805091858,0.4384195804595947,-0.03192776069045067,0.3521527349948883,0.35860955715179443,-0.04866688698530197,0.3941497206687927,0.3142496347427368,-0.05803968757390976,0.428602933883667,0.2838771939277649,-0.06220942363142967,0.32434728741645813,0.4789474606513977,-0.0364564023911953,0.39757418632507324,0.3896894156932831,-0.04843265935778618,0.4433891773223877,0.3360324501991272,-0.05356572940945625,0.4796704351902008,0.29944008588790894,-0.056429967284202576,0.34806835651397705,0.5264902710914612,-0.04071241617202759,0.41786259412765503,0.4495801031589508,-0.05105351656675339,0.4604988694190979,0.40186935663223267,-0.05540497601032257,0.49166759848594666,0.3684336245059967,-0.057745251804590225,0.359555721282959,0.5767295360565186,-0.045124638825654984,0.4120550751686096,0.5217009782791138,-0.05153878405690193,0.44349873065948486,0.48762086033821106,-0.049648039042949677,0.4677034616470337,0.4585436284542084,-0.04677551984786987,H
0.5765304565429688,0.7237135171890259,2.5582079388186685e-07,0.5043641924858093,0.7291734218597412,-0.0144045976921916,0.4278479218482971,0.6872203946113586,-0.019835909828543663,0.3756358027458191,0.6465684771537781,-0.026929020881652832,0.3359900116920471,0.6063248515129089,-0.03362179547548294,0.4078674018383026,0.5794975161552429,0.005230586975812912,0.3584052622318268,0.5170751214027405,-0.015214717015624046,0.3252231180667877,0.47598984837532043,-0.03486255928874016,0.29685574769973755,0.4405372738838196,-0.04920428246259689,0.4352920651435852,0.5381659865379333,-0.004770281258970499,0.3882157802581787,0.4599306583404541,-0.022523578256368637,0.3556790351867676,0.4098295569419861,-0.03905060887336731,0.32699286937713623,0.3653082549571991,-0.05095280706882477,0.4687688648700714,0.5099772214889526,-0.019691577181220055,0.4345591068267822,0.4277021288871765,-0.03904285654425621,0.4148293733596802,0.37344247102737427,-0.047376904636621475,0.3961309492588043,0.32561495900154114,-0.052437134087085724,0.5099119544029236,0.493405282497406,-0.03734927251935005,0.47977161407470703,0.4193620979785919,-0.05309530720114708,0.46265071630477905,0.3761692941188812,-0.05493011698126793,0.44743239879608154,0.34201082587242126,-0.05554618686437607,H
0.2158423662185669,0.6578922867774963,4.659486876334995e-07,0.19144900143146515,0.5555490255355835,-0.011441289447247982,0.19563010334968567,0.4583468437194824,-0.02422044239938259,0.20961135625839233,0.37871307134628296,-0.03492236137390137,0.2049504816532135,0.31950482726097107,-0.04575803503394127,0.2891506552696228,0.4390913248062134,-0.030388787388801575,0.35089290142059326,0.3579201400279999,-0.04678904265165329,0.3911074101924896,0.31352174282073975,-0.05653299018740654,0.4254871904850006,0.2840787172317505,-0.06109827756881714,0.32766759395599365,0.4795548617839813,-0.034159380942583084,0.39741572737693787,0.38840338587760925,-0.04562917724251747,0.4420076608657837,0.3327779173851013,-0.05154064670205116,0.4779660105705261,0.2950955629348755,-0.05531734973192215,0.35121744871139526,0.5258866548538208,-0.037845950573682785,0.41889044642448425,0.4490640461444855,-0.0475393682718277,0.4592879116535187,0.4016034007072449,-0.05264432728290558,0.488642156124115,0.3678660988807678,-0.05562973394989967,0.3628576099872589,0.5745470523834229,-0.041859593242406845,0.4154849350452423,0.5215545892715454,-0.0470377542078495,0.44569534063339233,0.48853227496147156,-0.04512163624167442,0.4686552584171295,0.4610389769077301,-0.04249483346939087,H
0.5602365732192993,0.7337259650230408,2.202544493457026e-07,0.4900718927383423,0.7441384792327881,-0.011537816375494003,0.4149364233016968,0.7079786658287048,-0.01537392009049654,0.3658811151981354,0.6723551750183105,-0.020814912393689156,0.32881176471710205,0.6399411559104919,-0.025889990851283073,0.39891624450683594,0.6018622517585754,0.004825957119464874,0.3502769470214844,0.5405232310295105,-0.014292328618466854,0.31733161211013794,0.49816104769706726,-0.03298037126660347,0.2880730926990509,0.4631669521331787,-0.046504464000463486,0.42366284132003784,0.5634146332740784,-0.004774863366037607,0.37591448426246643,0.49282002449035645,-0.021070988848805428,0.3402577042579651,0.44677257537841797,-0.03585522621870041,0.306162565946579,0.40384018421173096,-0.04628092795610428,0.45317214727401733,0.5318215489387512,-0.018618933856487274,0.41779419779777527,0.45797446370124817,-0.03482132777571678,0.3916631042957306,0.40496110916137695,-0.04054873436689377,0.36483150720596313,0.3549559414386749,-0.04412563517689705,0.4901350438594818,0.507858157157898,-0.03509238362312317,0.45972907543182373,0.43848666548728943,-0.048208072781562805,0.4407002925872803,0.3943884074687958,-0.04824370518326759,0.4211374521255493,0.3550183176994324,-0.04753997176885605,H
0.21333178877830505,0.6596595644950867,4.432518210251146e-07,0.19255343079566956,0.5584644079208374,-0.007962238043546677,0.19691544771194458,0.4585593044757843,-0.018614530563354492,0.2096114456653595,0.37863272428512573,-0.028019819408655167,0.2045709192752838,0.32096773386001587,-0.037857260555028915,0.28806445002555847,0.44066867232322693,-0.026358194649219513,0.3508886396884918,0.36173176765441895,-0.04172222316265106,0.3919978439807892,0.31818872690200806,-0.05121472850441933,0.4265122711658478,0.28846973180770874,-0.056022077798843384,0.3249313235282898,0.479150652885437,-0.032215747982263565,0.39624983072280884,0.39089179039001465,-0.04176173731684685,0.44169187545776367,0.33659878373146057,-0.04694842919707298,0.47782254219055176,0.29996222257614136,-0.05068498104810715,0.34837040305137634,0.526025116443634,-0.0379379540681839,0.41812312602996826,0.448142945766449,-0.0461730994284153,0.46044933795928955,0.40062493085861206,-0.05087491497397423,0.49116331338882446,0.36784470081329346,-0.054280538111925125,0.3605870306491852,0.5774980187416077,-0.043827734887599945,0.41313445568084717,0.5231428742408752,-0.0493101105093956,0.4440647065639496,0.48980337381362915,-0.04759683459997177,0.4674493074417114,0.46302929520606995,-0.045386847108602524,H
0.5650355219841003,0.7313220500946045,1.563636828905146e-07,0.4917570948600769,0.7406967282295227,-0.009552059695124626,0.415063738822937,0.7034852504730225,-0.012964579276740551,0.3638731837272644,0.6690232157707214,-0.018653251230716705,0.3254478871822357,0.6321741938591003,-0.023547396063804626,0.40372759103775024,0.5987477898597717,0.010547906160354614,0.3531094789505005,0.5425918698310852,-0.007159206550568342,0.3174728751182556,0.5055661797523499,-0.025166211649775505,0.28573036193847656,0.47532927989959717,-0.0382969006896019,0.427864670753479,0.5597721934318542,-9.415815293323249e-05,0.37821006774902344,0.49156373739242554,-0.014935111626982689,0.3391626477241516,0.4481058716773987,-0.02880835346877575,0.3021153509616852,0.40898895263671875,-0.0385982021689415,0.4570225775241852,0.5277180075645447,-0.015119077637791634,0.4191519320011139,0.45385193824768066,-0.030384980142116547,0.39151546359062195,0.4017910361289978,-0.035032037645578384,0.3638666868209839,0.3537657856941223,-0.03781425207853317,0.49289560317993164,0.5040956735610962,-0.032660532742738724,0.4623216688632965,0.4338878393173218,-0.04476885497570038,0.4421517848968506,0.39047765731811523,-0.04338045045733452,0.42175039649009705,0.3533508777618408,-0.04162447154521942,H
0.20926345884799957,0.6715790629386902,4.851304993280792e-07,0.18711327016353607,0.5661938190460205,-0.008457719348371029,0.1936020851135254,0.46355128288269043,-0.019124209880828857,0.20675387978553772,0.3847852349281311,-0.02789573185145855,0.20493286848068237,0.3249861001968384,-0.03659682720899582,0.2825128138065338,0.4426155686378479,-0.028737748041749,0.3534485399723053,0.36035001277923584,-0.042890675365924835,0.3958224356174469,0.31535395979881287,-0.04971403628587723,0.4284595251083374,0.28541100025177,-0.05197453498840332,0.3200283348560333,0.484478235244751,-0.03352034091949463,0.3978024125099182,0.393141508102417,-0.04230540990829468,0.4448801875114441,0.34041696786880493,-0.045175716280937195,0.4796906113624573,0.3046789765357971,-0.046348460018634796,0.3442346453666687,0.5329502820968628,-0.037914544343948364,0.41641077399253845,0.45417535305023193,-0.04491434618830681,0.45994600653648376,0.4081343412399292,-0.04725206270813942,0.4904075562953949,0.3763287663459778,-0.0483245886862278,0.3566643297672272,0.5837932229042053,-0.04238433763384819,0.41009950637817383,0.5246080160140991,-0.04648936167359352,0.4411599338054657,0.4911966621875763,-0.04280199855566025,0.4636080861091614,0.46465814113616943,-0.03849189728498459,H
0.5934185981750488,0.6862764358520508,2.627059245696728e-07,0.5212289094924927,0.6864990592002869,-0.015694497153162956,0.4453592896461487,0.6371796131134033,-0.022785358130931854,0.3978251814842224,0.5959007740020752,-0.031759265810251236,0.3681803345680237,0.5515687465667725,-0.040855176746845245,0.43477553129196167,0.5223917961120605,-0.0015815043589100242,0.3889995813369751,0.4521445035934448,-0.023926859721541405,0.35229384899139404,0.40785419940948486,-0.04487253352999687,0.31976020336151123,0.3702130615711212,-0.0603601299226284,0.46216124296188354,0.4894327223300934,-0.011890341527760029,0.4169488549232483,0.40441927313804626,-0.03225589543581009,0.37711071968078613,0.35584592819213867,-0.05007334426045418,0.3407570719718933,0.3148534297943115,-0.06290142238140106,0.4959883689880371,0.4685748219490051,-0.02676590532064438,0.45924118161201477,0.3826652765274048,-0.047227419912815094,0.4288960099220276,0.3354493975639343,-0.057805366814136505,0.39970406889915466,0.29649561643600464,-0.06469862908124924,0.5366024374961853,0.45823147892951965,-0.04436656832695007,0.5049272179603577,0.38292813301086426,-0.06115446984767914,0.4796557128429413,0.3419652581214905,-0.06520197540521622,0.4548128545284271,0.3105469346046448,-0.06764891743659973,H
0.21211376786231995,0.665906548500061,4.337981351909548e-07,0.190632164478302,0.5602412819862366,-0.013285101391375065,0.1957240253686905,0.4582672715187073,-0.025888968259096146,0.208173006772995,0.37649792432785034,-0.03652352839708328,0.201951801776886,0.316809743642807,-0.046973686665296555,0.28876975178718567,0.43504220247268677,-0.026653088629245758,0.3558615744113922,0.3588294982910156,-0.04255666956305504,0.39804044365882874,0.3166295289993286,-0.05329858884215355,0.4318121671676636,0.2863839268684387,-0.05915379151701927,0.3267062306404114,0.4771571457386017,-0.03078284114599228,0.3983352780342102,0.3918881118297577,-0.04033901169896126,0.44254153966903687,0.3433607220649719,-0.045622553676366806,0.4764469265937805,0.30865293741226196,-0.049535155296325684,0.3510889708995819,0.5246946215629578,-0.03561324626207352,0.4184875190258026,0.4460676610469818,-0.04418071731925011,0.4601694941520691,0.40154755115509033,-0.047465045005083084,0.4898727834224701,0.3699982762336731,-0.04958584904670715,0.36434105038642883,0.5746495127677917,-0.041353464126586914,0.4158012270927429,0.5109446048736572,-0.04645060375332832,0.4451909065246582,0.4766400158405304,-0.04312540963292122,0.46637415885925293,0.45007190108299255,-0.039551474153995514,H
0.6266179084777832,0.6189466714859009,3.4325415754210553e-07,0.5540003776550293,0.6102237105369568,-0.01284258533269167,0.4841243624687195,0.5613300204277039,-0.018989404663443565,0.44550079107284546,0.5207641124725342,-0.02684062533080578,0.427314817905426,0.4801958203315735,-0.034839849919080734,0.47179946303367615,0.4463628828525543,-0.004089400637894869,0.43291139602661133,0.37138140201568604,-0.02302682027220726,0.40559372305870056,0.32901132106781006,-0.04026051610708237,0.37976783514022827,0.2924342155456543,-0.05299462005496025,0.5032235383987427,0.4150952398777008,-0.014689957723021507,0.4612661302089691,0.3266047537326813,-0.0319378525018692,0.42772001028060913,0.27242958545684814,-0.048287734389305115,0.39611196517944336,0.22514912486076355,-0.059465039521455765,0.5437065958976746,0.3984788656234741,-0.02879500202834606,0.5068662166595459,0.31130486726760864,-0.04755587875843048,0.4802381694316864,0.25905314087867737,-0.0597149059176445,0.4539611339569092,0.21466954052448273,-0.06796448677778244,0.5916413068771362,0.39735332131385803,-0.04458780959248543,0.5725852251052856,0.32752126455307007,-0.05979007109999657,0.5602034330368042,0.28292396664619446,-0.06359190493822098,0.5453206300735474,0.24367696046829224,-0.06613139063119888,H
0.21478652954101562,0.6641240119934082,4.725868905097741e-07,0.1937432587146759,0.5586554408073425,-0.015293649397790432,0.1980942338705063,0.4578918218612671,-0.029577193781733513,0.21060681343078613,0.37678372859954834,-0.04162187501788139,0.211655855178833,0.314781129360199,-0.053291600197553635,0.28949761390686035,0.43779346346855164,-0.03128931298851967,0.3570340871810913,0.35877710580825806,-0.05010773241519928,0.3996748924255371,0.3159301280975342,-0.06187498942017555,0.4351575970649719,0.28561440110206604,-0.06759778410196304,0.3274746537208557,0.47982579469680786,-0.03466271609067917,0.4012623131275177,0.3911454975605011,-0.04733145982027054,0.44634097814559937,0.33976131677627563,-0.05344908684492111,0.481475293636322,0.30211615562438965,-0.05722187086939812,0.35260090231895447,0.5260461568832397,-0.03886747360229492,0.4231899380683899,0.4469330906867981,-0.04954463243484497,0.46510952711105347,0.4011442959308624,-0.053255338221788406,0.49512505531311035,0.36801594495773315,-0.05482771620154381,0.36696264147758484,0.5740300416946411,-0.04406236857175827,0.42061781883239746,0.507617712020874,-0.049932487308979034,0.45093345642089844,0.47273531556129456,-0.046859242022037506,0.472885400056839,0.4458472728729248,-0.04294033721089363,H
0.6287533640861511,0.6247842311859131,3.540395141499175e-07,0.5548833012580872,0.6166477203369141,-0.013911612331867218,0.4851253926753998,0.5695623755455017,-0.020755315199494362,0.44579777121543884,0.5296519994735718,-0.029276832938194275,0.42513781785964966,0.4884660840034485,-0.03751479834318161,0.46944066882133484,0.4487695097923279,-0.0011394659522920847,0.4305773079395294,0.3741394579410553,-0.02023402415215969,0.4040326476097107,0.33039188385009766,-0.0387529619038105,0.37854379415512085,0.29159343242645264,-0.052520088851451874,0.5017431378364563,0.4175080955028534,-0.011372239328920841,0.4591851532459259,0.33181828260421753,-0.028007948771119118,0.4258439540863037,0.2790873050689697,-0.044797226786613464,0.3939986228942871,0.23159410059452057,-0.056599244475364685,0.5427268743515015,0.40166300535202026,-0.02559773065149784,0.5068345069885254,0.31615149974823,-0.0438266322016716,0.47964417934417725,0.2639477252960205,-0.05552004650235176,0.45279714465141296,0.21898232400417328,-0.06354647129774094,0.5914655923843384,0.40136200189590454,-0.04182666912674904,0.5715816617012024,0.3323366940021515,-0.05631913244724274,0.5573320388793945,0.28814324736595154,-0.059595558792352676,0.5400510430335999,0.2482404112815857,-0.061821624636650085,H
0.21598437428474426,0.6724118590354919,4.3580314468272263e-07,0.19555464386940002,0.5689728856086731,-0.012611711397767067,0.2004585564136505,0.4689696431159973,-0.025525037199258804,0.21204370260238647,0.38947463035583496,-0.0366307757794857,0.20941610634326935,0.3292813301086426,-0.04776068404316902,0.28935369849205017,0.44944363832473755,-0.02956993505358696,0.355291485786438,0.3706187307834625,-0.047498926520347595,0.3973202109336853,0.32684126496315,-0.05883849412202835,0.4317387044429779,0.29626837372779846,-0.06458919495344162,0.3272712826728821,0.49035316705703735,-0.03388962522149086,0.4007817208766937,0.402321457862854,-0.04552099481225014,0.44532737135887146,0.3518402576446533,-0.05148790404200554,0.4796392321586609,0.3163621425628662,-0.05542968213558197,0.3523840010166168,0.5367729067802429,-0.03863225877285004,0.42287659645080566,0.45755162835121155,-0.048393040895462036,0.4645692706108093,0.4133586883544922,-0.05187980458140373,0.4943224787712097,0.3821936547756195,-0.053728144615888596,0.3665425777435303,0.5856706500053406,-0.04407209903001785,0.4201202392578125,0.5218423008918762,-0.04978072643280029,0.4496094584465027,0.488144189119339,-0.04663359001278877,0.47103121876716614,0.4612245261669159,-0.042916592210531235,H
0.623812198638916,0.6292214393615723,3.439396891735669e-07,0.5508143305778503,0.6187553405761719,-0.012611223384737968,0.4798524081707001,0.5668057203292847,-0.018079839646816254,0.4395587742328644,0.5216068029403687,-0.02538849227130413,0.4253745973110199,0.47829434275627136,-0.03251853957772255,0.46653589606285095,0.45435428619384766,4.2470153857721016e-05,0.4293615221977234,0.3795185983181,-0.018092159181833267,0.40376830101013184,0.3360496163368225,-0.03511032834649086,0.3793164789676666,0.29759877920150757,-0.048143915832042694,0.49924352765083313,0.4240766763687134,-0.010615683160722256,0.45802032947540283,0.3364906311035156,-0.02746869996190071,0.4253547489643097,0.28312796354293823,-0.04381690174341202,0.3940836191177368,0.23597729206085205,-0.055198151618242264,0.5405669212341309,0.40960201621055603,-0.025110606104135513,0.5041381120681763,0.32266074419021606,-0.04472021758556366,0.47740399837493896,0.2709362506866455,-0.05695898458361626,0.4511774182319641,0.22681625187397003,-0.06503380089998245,0.5895642042160034,0.4101495146751404,-0.041278064250946045,0.5685784816741943,0.3406379818916321,-0.05761496350169182,0.5539343357086182,0.2963927388191223,-0.0621313638985157,0.5364075303077698,0.2562621235847473,-0.06521192938089371,H
0.21654832363128662,0.6657945513725281,4.817341618945647e-07,0.19486141204833984,0.5604125261306763,-0.01581648550927639,0.1986614465713501,0.4632250666618347,-0.030213043093681335,0.20902638137340546,0.3824186623096466,-0.042076654732227325,0.20683835446834564,0.32057756185531616,-0.05362584814429283,0.28882139921188354,0.4410971403121948,-0.030489910393953323,0.35439467430114746,0.36045515537261963,-0.04839028790593147,0.3960641026496887,0.3166958689689636,-0.05989432334899902,0.43069377541542053,0.28561627864837646,-0.06580543518066406,0.3270381689071655,0.4827422797679901,-0.03332716226577759,0.39992889761924744,0.3956161141395569,-0.045039791613817215,0.444233238697052,0.3459519147872925,-0.05085888132452965,0.47789162397384644,0.3099249005317688,-0.05479864776134491,0.35188454389572144,0.5295546054840088,-0.03703934699296951,0.4211517572402954,0.45274996757507324,-0.04726196825504303,0.4634208083152771,0.40870988368988037,-0.05075012147426605,0.49335169792175293,0.37733298540115356,-0.052557364106178284,0.3652591109275818,0.5785013437271118,-0.041743021458387375,0.4192141890525818,0.5177890658378601,-0.047312360256910324,0.4494103789329529,0.4891379773616791,-0.04349541664123535,0.4707564115524292,0.4684768319129944,-0.0393323190510273,H
0.6202881336212158,0.6291599869728088,3.6017527804688143e-07,0.5468554496765137,0.6184764504432678,-0.01142016053199768,0.47540283203125,0.5661872029304504,-0.016146065667271614,0.4358147978782654,0.5226486325263977,-0.022840799763798714,0.41798847913742065,0.4818192720413208,-0.029747961089015007,0.46107298135757446,0.45454102754592896,-0.0016923444345593452,0.4249165654182434,0.3779022693634033,-0.019978856667876244,0.3997913599014282,0.33239808678627014,-0.03694722801446915,0.37549060583114624,0.29123181104660034,-0.049990419298410416,0.49359384179115295,0.4242894947528839,-0.01269815769046545,0.4531081020832062,0.3361821174621582,-0.029703738167881966,0.4208775758743286,0.2833426892757416,-0.04651472717523575,0.38956162333488464,0.23508985340595245,-0.05839315801858902,0.534437358379364,0.4096037745475769,-0.02711576782166958,0.5005360245704651,0.32168665528297424,-0.046255454421043396,0.4747406840324402,0.27123934030532837,-0.05883413925766945,0.4482477307319641,0.2275209277868271,-0.06750157475471497,0.5822821259498596,0.4105924367904663,-0.043083079159259796,0.5625664591789246,0.34245604276657104,-0.05966667830944061,0.5477583408355713,0.2984688878059387,-0.06493423879146576,0.5298373699188232,0.25752028822898865,-0.06856229156255722,H
0.22568495571613312,0.6601458787918091,4.113342981781898e-07,0.20226803421974182,0.5578122735023499,-0.011321255005896091,0.2047543227672577,0.4587300717830658,-0.022915063425898552,0.21568766236305237,0.37918874621391296,-0.033024415373802185,0.21461272239685059,0.31870365142822266,-0.04266517236828804,0.2982875108718872,0.43313369154930115,-0.023070676252245903,0.3612024784088135,0.3539981245994568,-0.03808578848838806,0.39857804775238037,0.30886512994766235,-0.048151057213544846,0.4279729127883911,0.27492475509643555,-0.05337516590952873,0.3354692757129669,0.4728553593158722,-0.02778889797627926,0.4064161479473114,0.38752663135528564,-0.03704545646905899,0.4495031237602234,0.3393929600715637,-0.04227330908179283,0.48289889097213745,0.30405712127685547,-0.04579932242631912,0.35963115096092224,0.5187696218490601,-0.03324474021792412,0.4266331195831299,0.4420376121997833,-0.041534293442964554,0.4685749113559723,0.3989228904247284,-0.04496563598513603,0.49905431270599365,0.36732229590415955,-0.04684443771839142,0.3727952539920807,0.5676515698432922,-0.03943439573049545,0.42464351654052734,0.5059323906898499,-0.043643880635499954,0.45445406436920166,0.47352921962738037,-0.039663009345531464,0.4763525724411011,0.4483271539211273,-0.03543794900178909,H
0.6161505579948425,0.6412616968154907,3.195684143975086e-07,0.5427339673042297,0.6270527839660645,-0.010846990160644054,0.47175589203834534,0.5762338638305664,-0.01634904555976391,0.43026530742645264,0.5365177989006042,-0.02453898824751377,0.4144071936607361,0.4921818673610687,-0.03302258625626564,0.4604804813861847,0.46167364716529846,0.0020778290927410126,0.424532413482666,0.38690829277038574,-0.016966210678219795,0.3962555229663849,0.3446895182132721,-0.03512362018227577,0.3693762421607971,0.3078609108924866,-0.04897204041481018,0.49184444546699524,0.4321915805339813,-0.009777618572115898,0.45146143436431885,0.3445894718170166,-0.027721116319298744,0.417744517326355,0.29228392243385315,-0.04563349485397339,0.38522401452064514,0.2449842393398285,-0.05811850726604462,0.5310695171356201,0.4176531434059143,-0.02537781186401844,0.49584877490997314,0.32940244674682617,-0.044953253120183945,0.4703662097454071,0.27948856353759766,-0.05734390765428543,0.44412532448768616,0.2362532913684845,-0.06562598794698715,0.5772535800933838,0.4182965159416199,-0.0426526702940464,0.5569125413894653,0.34828171133995056,-0.05899729207158089,0.5414695739746094,0.30375683307647705,-0.06400420516729355,0.5226051211357117,0.2623615860939026,-0.06735391914844513,H
0.23317015171051025,0.6598807573318481,4.48635148586618e-07,0.21037797629833221,0.5567104816436768,-0.010647481307387352,0.21296486258506775,0.4605795741081238,-0.022211389616131783,0.22396688163280487,0.38354748487472534,-0.032212868332862854,0.2238655388355255,0.32559913396835327,-0.04211174696683884,0.30347537994384766,0.43449556827545166,-0.025356946513056755,0.3686050474643707,0.35546204447746277,-0.04099550098180771,0.4089835286140442,0.31131672859191895,-0.050879333168268204,0.44159531593322754,0.27889978885650635,-0.055720340460538864,0.340586394071579,0.4745347201824188,-0.030027911067008972,0.41146889328956604,0.3868699073791504,-0.04008627310395241,0.45436426997184753,0.3358493447303772,-0.045591916888952255,0.4874812662601471,0.2983614206314087,-0.04922187700867653,0.36524471640586853,0.5206208229064941,-0.0350688174366951,0.43251141905784607,0.4432106614112854,-0.043970320373773575,0.4740161895751953,0.39702436327934265,-0.04771339148283005,0.504112720489502,0.3642188012599945,-0.049721017479896545,0.3791326880455017,0.5688827633857727,-0.04067111760377884,0.43144524097442627,0.5075896382331848,-0.04563963785767555,0.46232980489730835,0.4739050269126892,-0.04255156219005585,0.48583999276161194,0.44721338152885437,-0.03891120105981827,H
0.6127572655677795,0.6435946226119995,2.9326884032343514e-07,0.5391404628753662,0.6257729530334473,-0.010635296814143658,0.4662584662437439,0.5698578953742981,-0.015821287408471107,0.4231269061565399,0.5281881093978882,-0.02355826087296009,0.40166905522346497,0.486023873090744,-0.031726039946079254,0.4552522599697113,0.4606720805168152,0.00027614980353973806,0.42140090465545654,0.38565975427627563,-0.019670555368065834,0.3921910226345062,0.34299540519714355,-0.038522869348526,0.3629910349845886,0.30766499042510986,-0.052773699164390564,0.48666712641716003,0.4324341416358948,-0.01126462034881115,0.44928252696990967,0.34437114000320435,-0.029762567952275276,0.4138201177120209,0.294003963470459,-0.04697262495756149,0.3779941201210022,0.25041311979293823,-0.05901455134153366,0.5257405042648315,0.41902363300323486,-0.02643772028386593,0.49249911308288574,0.3294040560722351,-0.04566332697868347,0.46623653173446655,0.2825719118118286,-0.05632511526346207,0.4374412000179291,0.2435508370399475,-0.06356169283390045,0.5719384551048279,0.4202030301094055,-0.04341243579983711,0.5519800186157227,0.3482738137245178,-0.05954067036509514,0.5350161194801331,0.30498749017715454,-0.06383074820041656,0.5136649012565613,0.2669373154640198,-0.06667565554380417,H
0.23273904621601105,0.6486842036247253,4.547079583971936e-07,0.20790433883666992,0.5487565994262695,-0.010258466936647892,0.2087564766407013,0.45256781578063965,-0.021575529128313065,0.22078873217105865,0.37716108560562134,-0.03132355958223343,0.22136077284812927,0.3192714750766754,-0.04116286337375641,0.2996034026145935,0.42313501238822937,-0.02786518633365631,0.36243534088134766,0.34372010827064514,-0.04364354535937309,0.4023362696170807,0.2992796301841736,-0.053345974534749985,0.43418461084365845,0.26699042320251465,-0.058135271072387695,0.3356032371520996,0.46175506711006165,-0.033292073756456375,0.4056830406188965,0.37253063917160034,-0.043282777070999146,0.44930949807167053,0.32140064239501953,-0.048492465168237686,0.4831525683403015,0.2853691577911377,-0.05204547569155693,0.3597438633441925,0.5078338980674744,-0.03901061415672302,0.4265151023864746,0.42683306336402893,-0.04803137481212616,0.4676830768585205,0.3813236355781555,-0.052525561302900314,0.4976027011871338,0.350040078163147,-0.055339135229587555,0.37411999702453613,0.5578116774559021,-0.04523744434118271,0.42659616470336914,0.4972608983516693,-0.051238276064395905,0.45734941959381104,0.4622986614704132,-0.04974472150206566,0.4815160632133484,0.43502822518348694,-0.04737873375415802,H
0.6100565195083618,0.6353240013122559,2.991974952237797e-07,0.5371614098548889,0.622631311416626,-0.01339738629758358,0.4648532569408417,0.5713477730751038,-0.021628301590681076,0.4201343059539795,0.5327438712120056,-0.031943611800670624,0.39628222584724426,0.48878028988838196,-0.04270445555448532,0.45289620757102966,0.45723724365234375,-0.004795234650373459,0.4165458083152771,0.3843889832496643,-0.0273683350533247,0.38393592834472656,0.3445083200931549,-0.047744270414114,0.35269272327423096,0.31224462389945984,-0.0627860352396965,0.4833930432796478,0.4272034466266632,-0.015993978828191757,0.44372108578681946,0.33922117948532104,-0.03700502961874008,0.4076598286628723,0.29034480452537537,-0.055305663496255875,0.37290632724761963,0.2499256134033203,-0.06785640120506287,0.5210469961166382,0.41179195046424866,-0.030945628881454468,0.4855434000492096,0.32358962297439575,-0.05209822952747345,0.4576564431190491,0.2777610421180725,-0.06334815174341202,0.42842942476272583,0.2401047796010971,-0.0708482414484024,0.5659527778625488,0.4110696017742157,-0.04783230274915695,0.5452477335929871,0.33903682231903076,-0.06487402319908142,0.5281948447227478,0.29486334323883057,-0.0695212185382843,0.5074734687805176,0.2558194398880005,-0.07251564413309097,H
0.2330644130706787,0.6591166853904724,4.6098699613139615e-07,0.20853428542613983,0.5564588308334351,-0.007558905053883791,0.21045896410942078,0.46011483669281006,-0.017813732847571373,0.2211306095123291,0.3843115270137787,-0.027034075930714607,0.221430242061615,0.32604002952575684,-0.03626996651291847,0.3003986179828644,0.4319773316383362,-0.023195400834083557,0.3660062849521637,0.3526177704334259,-0.037904541939496994,0.4068043828010559,0.3082192838191986,-0.046748287975788116,0.4400929808616638,0.27605968713760376,-0.05058702453970909,0.3377813398838043,0.4697716236114502,-0.028613563627004623,0.41083529591560364,0.3800435960292816,-0.03716529905796051,0.45523810386657715,0.3283316195011139,-0.0408935546875,0.4900151491165161,0.29182669520378113,-0.04311321675777435,0.3632870614528656,0.5149539709091187,-0.034076988697052,0.43170052766799927,0.43465402722358704,-0.040163759142160416,0.4715275764465332,0.3891034424304962,-0.04179863631725311,0.4999706447124481,0.3579256236553192,-0.04260934516787529,0.37804746627807617,0.564042866230011,-0.04004170000553131,0.43066340684890747,0.5003982186317444,-0.042284924536943436,0.4611019790172577,0.46520689129829407,-0.03745108097791672,0.4839867055416107,0.4377962052822113,-0.03264947980642319,H
0.6068013310432434,0.6287261843681335,3.004011261964479e-07,0.5289844870567322,0.6111284494400024,-0.00852497760206461,0.4514599144458771,0.5501165390014648,-0.010520822368562222,0.4046018123626709,0.5096234083175659,-0.0152763482183218,0.37631064653396606,0.46973946690559387,-0.020456207916140556,0.4477265775203705,0.4473291337490082,0.0032474943436682224,0.41196125745773315,0.3755881190299988,-0.014006871730089188,0.3826711177825928,0.3320998251438141,-0.030756564810872078,0.35446715354919434,0.29441148042678833,-0.04393743723630905,0.4793608486652374,0.4181630611419678,-0.008428397588431835,0.4393433928489685,0.3333417773246765,-0.026160061359405518,0.4033055007457733,0.2832946181297302,-0.043011125177145004,0.3675925135612488,0.23883207142353058,-0.05468633770942688,0.5183631181716919,0.4035433828830719,-0.023481596261262894,0.48480576276779175,0.3135039806365967,-0.04238918423652649,0.45673614740371704,0.2649497389793396,-0.05347346514463425,0.42591607570648193,0.2238413691520691,-0.060970909893512726,0.5635114908218384,0.40281426906585693,-0.04001399129629135,0.5439382791519165,0.32896625995635986,-0.05589289590716362,0.528202474117279,0.28390321135520935,-0.06022069230675697,0.5075346231460571,0.24466505646705627,-0.06318815797567368,H
0.24072465300559998,0.6754077076911926,4.1556015162313997e-07,0.21845974028110504,0.5734274387359619,-0.008487594313919544,0.22312967479228973,0.4766088128089905,-0.018342895433306694,0.2349531352519989,0.40179356932640076,-0.02727479487657547,0.2358519583940506,0.34624171257019043,-0.03605204075574875,0.31455710530281067,0.44853532314300537,-0.020046642050147057,0.3789193630218506,0.37288469076156616,-0.03464187681674957,0.41872626543045044,0.3317364454269409,-0.045080333948135376,0.4506295919418335,0.3012951612472534,-0.05073729529976845,0.3504222631454468,0.48871004581451416,-0.026219123974442482,0.42006349563598633,0.40569332242012024,-0.034357950091362,0.4633335471153259,0.3586234152317047,-0.039926838129758835,0.4975910782814026,0.3241977095603943,-0.04396682605147362,0.37435075640678406,0.5362416505813599,-0.032885074615478516,0.43870291113853455,0.4621635377407074,-0.03956316411495209,0.48058459162712097,0.4194009304046631,-0.042425960302352905,0.5121221542358398,0.3890739679336548,-0.044611651450395584,0.38735431432724,0.5874888896942139,-0.04026879370212555,0.4360293745994568,0.5300871729850769,-0.04349057748913765,0.4652091860771179,0.49904197454452515,-0.039014995098114014,0.48841607570648193,0.4757229685783386,-0.03478287160396576,H
0.6006197333335876,0.6359007358551025,2.6458204160917376e-07,0.5254120230674744,0.6187388300895691,-0.007363750133663416,0.4560128152370453,0.5607459545135498,-0.009800241328775883,0.4158328175544739,0.5181083679199219,-0.014831727370619774,0.38710254430770874,0.47639113664627075,-0.020311271771788597,0.44832077622413635,0.455840140581131,0.004543035291135311,0.409956157207489,0.38956978917121887,-0.011232591234147549,0.38101494312286377,0.3501735031604767,-0.027117883786559105,0.3548259139060974,0.3129405975341797,-0.039523184299468994,0.4785193204879761,0.4278024435043335,-0.0069110337644815445,0.4373568296432495,0.3471086025238037,-0.02174435369670391,0.4025996923446655,0.29783689975738525,-0.0369424931704998,0.3701323866844177,0.2521805167198181,-0.04789891839027405,0.5153644680976868,0.412808358669281,-0.021647654473781586,0.48095110058784485,0.3261743485927582,-0.0386972539126873,0.4518139362335205,0.27690988779067993,-0.04954049736261368,0.4223298728466034,0.23404139280319214,-0.057175591588020325,0.5590501427650452,0.41104763746261597,-0.037776850163936615,0.5403816103935242,0.3383840322494507,-0.05294228717684746,0.525686502456665,0.29224348068237305,-0.05693869665265083,0.5070502758026123,0.2522932291030884,-0.059616588056087494,H
0.5913188457489014,0.6249728202819824,3.01171894534491e-07,0.5208443403244019,0.6099702715873718,-0.009297835640609264,0.4513895809650421,0.5515012741088867,-0.011694902554154396,0.4076882600784302,0.5084999203681946,-0.015320442616939545,0.37625616788864136,0.46824511885643005,-0.019572505727410316,0.44264620542526245,0.4580174684524536,-0.004658008925616741,0.40508028864860535,0.3890914022922516,-0.02189444750547409,0.37937238812446594,0.3452391028404236,-0.037019867449998856,0.3572514057159424,0.3024631142616272,-0.048872776329517365,0.47418656945228577,0.425643652677536,-0.014125377871096134,0.4317145049571991,0.3422127664089203,-0.030916200950741768,0.4011088013648987,0.28626298904418945,-0.04566401243209839,0.3739175498485565,0.23365063965320587,-0.056398771703243256,0.5132845044136047,0.40683844685554504,-0.026378978043794632,0.4797750413417816,0.3214034140110016,-0.04644206911325455,0.4530986249446869,0.26806333661079407,-0.05901263654232025,0.4257640838623047,0.22172993421554565,-0.06760063767433167,0.5590338706970215,0.401157945394516,-0.03959520533680916,0.540557861328125,0.33085495233535767,-0.059227582067251205,0.5258486270904541,0.28399497270584106,-0.06660671532154083,0.5072703957557678,0.24404899775981903,-0.07152167707681656,H
0.5971205234527588,0.6266064047813416,3.558290586624935e-07,0.5242157578468323,0.619969367980957,-0.012274915352463722,0.4548119306564331,0.572910487651825,-0.016966687515378,0.4104861319065094,0.5326633453369141,-0.022167576476931572,0.37918856739997864,0.49516141414642334,-0.028136642649769783,0.44033968448638916,0.466471403837204,-0.007938047870993614,0.4029466509819031,0.39117828011512756,-0.026064325124025345,0.37698447704315186,0.342489093542099,-0.04198567569255829,0.3541221618652344,0.298916757106781,-0.053873397409915924,0.47404876351356506,0.4309956133365631,-0.016183795407414436,0.4300578832626343,0.3416517674922943,-0.03167242556810379,0.40005791187286377,0.2829957902431488,-0.046747349202632904,0.37498438358306885,0.23352012038230896,-0.057851579040288925,0.5143746733665466,0.4119454026222229,-0.02714245580136776,0.47579872608184814,0.32672691345214844,-0.04437922313809395,0.44898077845573425,0.272291898727417,-0.05637931078672409,0.4241756498813629,0.22846969962120056,-0.06470558792352676,0.5597633719444275,0.40742063522338867,-0.03939971327781677,0.5360779762268066,0.3393345773220062,-0.05672067403793335,0.5197997093200684,0.2934529781341553,-0.06261622160673141,0.5022028088569641,0.25658416748046875,-0.06595957279205322,H
0.5991243124008179,0.627570629119873,3.1173689762908907e-07,0.5283050537109375,0.6146414279937744,-0.010088165290653706,0.46009430289268494,0.565380334854126,-0.012912907637655735,0.416776567697525,0.5284298062324524,-0.017177993431687355,0.3853554129600525,0.49417054653167725,-0.022516995668411255,0.44096964597702026,0.4596605896949768,-0.0023706983774900436,0.40339231491088867,0.38784652948379517,-0.01951250061392784,0.3766744136810303,0.341387003660202,-0.03564003109931946,0.3526279628276825,0.2996029257774353,-0.04786253720521927,0.4732469618320465,0.42444470524787903,-0.011700816452503204,0.43020546436309814,0.33872586488723755,-0.026250043883919716,0.40132850408554077,0.2832706868648529,-0.0412280298769474,0.37660568952560425,0.23559647798538208,-0.05237650126218796,0.5123326778411865,0.40557602047920227,-0.02397722192108631,0.47681689262390137,0.32209622859954834,-0.040359996259212494,0.4504631757736206,0.2693394422531128,-0.0521053820848465,0.4255875051021576,0.2268151342868805,-0.06051032617688179,0.5569937825202942,0.4014943242073059,-0.037629202008247375,0.5359386801719666,0.3338371515274048,-0.05318107455968857,0.5210372805595398,0.28780215978622437,-0.05817823484539986,0.5043578743934631,0.25075653195381165,-0.061385806649923325,H
0.6039448976516724,0.6310446858406067,3.020122960606386e-07,0.5287743210792542,0.6191972494125366,-0.009974595159292221,0.45828336477279663,0.5673328638076782,-0.014889698475599289,0.41774678230285645,0.526702344417572,-0.022539805620908737,0.3970264792442322,0.48339879512786865,-0.03066868893802166,0.4494822323322296,0.4538829028606415,0.0023166253231465816,0.4106127619743347,0.3868689239025116,-0.015675365924835205,0.3801972568035126,0.3474655747413635,-0.03323427587747574,0.35215792059898376,0.312004029750824,-0.04685363546013832,0.4795588552951813,0.4245597720146179,-0.009522969834506512,0.4377761483192444,0.34301847219467163,-0.02779054455459118,0.40210843086242676,0.2938544750213623,-0.045742329210042953,0.36754950881004333,0.24934953451156616,-0.05828014016151428,0.5166641473770142,0.4095180630683899,-0.02491091936826706,0.48266738653182983,0.3226590156555176,-0.044438786804676056,0.4541560113430023,0.2756417393684387,-0.05702114477753639,0.423984557390213,0.23549532890319824,-0.06550738215446472,0.5604719519615173,0.4082997143268585,-0.04183587431907654,0.5410252213478088,0.3366873860359192,-0.05779179558157921,0.5245030522346497,0.29256802797317505,-0.06261426955461502,0.5033669471740723,0.25353187322616577,-0.06592632085084915,H
0.20373988151550293,0.653978168964386,4.957724399901053e-07,0.1797633320093155,0.5561040639877319,-0.013114501722157001,0.18055731058120728,0.4602091312408447,-0.026961738243699074,0.19072046875953674,0.3822755515575409,-0.03888910263776779,0.18613962829113007,0.323358952999115,-0.051187921315431595,0.26757460832595825,0.43042200803756714,-0.03483092412352562,0.3301411271095276,0.34818220138549805,-0.05420676991343498,0.3699197769165039,0.3015506863594055,-0.06626179814338684,0.4030369520187378,0.26739415526390076,-0.07258468866348267,0.30338114500045776,0.4678886830806732,-0.04036319628357887,0.3732905983924866,0.3751063346862793,-0.053564995527267456,0.4171568751335144,0.3201640844345093,-0.06122119352221489,0.45198577642440796,0.28014105558395386,-0.06664899736642838,0.32832571864128113,0.513525664806366,-0.04607365280389786,0.3953198194503784,0.42985475063323975,-0.057851649820804596,0.43822282552719116,0.38396602869033813,-0.06371311098337173,0.469687283039093,0.3520743250846863,-0.06737930327653885,0.34336093068122864,0.5627971887588501,-0.052440229803323746,0.39560744166374207,0.49859482049942017,-0.06007237359881401,0.42595601081848145,0.4644840359687805,-0.05900895223021507,0.44946837425231934,0.437593549489975,-0.057077158242464066,H
0.6106389164924622,0.6245702505111694,2.9433323334160377e-07,0.536773681640625,0.6188219785690308,-0.015018654055893421,0.46194756031036377,0.5650047063827515,-0.021662231534719467,0.4164787530899048,0.5158470869064331,-0.030134130269289017,0.401471883058548,0.4657202959060669,-0.03808487206697464,0.4493856430053711,0.4530320167541504,0.0029430310241878033,0.4058955907821655,0.38313859701156616,-0.01554443221539259,0.37568190693855286,0.3467429280281067,-0.033350661396980286,0.3488589823246002,0.31565922498703003,-0.04657142981886864,0.4789141118526459,0.420924574136734,-0.0064607420936226845,0.43290287256240845,0.3372211456298828,-0.022752540186047554,0.3979043662548065,0.2907598614692688,-0.03970402106642723,0.3674752414226532,0.2519734501838684,-0.05117887631058693,0.5182438492774963,0.40391552448272705,-0.020222870633006096,0.4785177409648895,0.3208444118499756,-0.03765982389450073,0.44917163252830505,0.27194079756736755,-0.04927044361829758,0.4222131073474884,0.2315240055322647,-0.05729034170508385,0.5646142959594727,0.40227097272872925,-0.03615226969122887,0.5420895218849182,0.3347131013870239,-0.04936845228075981,0.5258533954620361,0.2915620803833008,-0.05248357355594635,0.5085152983665466,0.253095805644989,-0.054691947996616364,H
0.20067881047725677,0.6557538509368896,4.3735334998018516e-07,0.17703300714492798,0.5552589297294617,-0.009030680172145367,0.17726275324821472,0.4573894739151001,-0.019530948251485825,0.18655920028686523,0.3812650442123413,-0.028665781021118164,0.18325462937355042,0.3261029124259949,-0.03782300278544426,0.2629423439502716,0.42840561270713806,-0.02588484436273575,0.3246326148509979,0.3489557206630707,-0.04159722477197647,0.3638364374637604,0.3035392761230469,-0.051794953644275665,0.39504265785217285,0.27076759934425354,-0.057075321674346924,0.30069825053215027,0.4651281535625458,-0.031863193958997726,0.37014734745025635,0.3781580924987793,-0.040936172008514404,0.413213849067688,0.32682493329048157,-0.04608692228794098,0.4458421468734741,0.2902747392654419,-0.0500420480966568,0.3268950581550598,0.510328471660614,-0.0379779227077961,0.39261406660079956,0.4326742887496948,-0.04553940147161484,0.4334636926651001,0.3892822861671448,-0.04874406009912491,0.46301499009132385,0.35975193977355957,-0.051192961633205414,0.34275612235069275,0.5602425336837769,-0.04466056078672409,0.39320775866508484,0.5004721283912659,-0.04901152849197388,0.42110931873321533,0.4705524444580078,-0.0452355220913887,0.4413676857948303,0.4485338628292084,-0.041524987667798996,H
0.6063127517700195,0.6327331066131592,2.4847136614880583e-07,0.5327045917510986,0.6272708177566528,-0.013846918009221554,0.4596019983291626,0.5776691436767578,-0.02035924419760704,0.41527703404426575,0.5281983017921448,-0.028621243312954903,0.40167465806007385,0.4755748212337494,-0.03630262240767479,0.4485246241092682,0.4645027220249176,0.003027438884600997,0.4024879038333893,0.3969371020793915,-0.014827944338321686,0.3712807893753052,0.36259275674819946,-0.03182167932391167,0.344493567943573,0.33420097827911377,-0.044409625232219696,0.47737228870391846,0.4322148561477661,-0.006486606318503618,0.42989158630371094,0.349497526884079,-0.02252805233001709,0.39466026425361633,0.30536895990371704,-0.03872259706258774,0.3647400736808777,0.26970115303993225,-0.04965413734316826,0.5154720544815063,0.41473883390426636,-0.020143212750554085,0.47537967562675476,0.33100396394729614,-0.037222035229206085,0.44621434807777405,0.2826573848724365,-0.04809701442718506,0.4199345111846924,0.24337860941886902,-0.05566089600324631,0.5609134435653687,0.4124023914337158,-0.03580585867166519,0.5385777354240417,0.3452807068824768,-0.04875485226511955,0.5218590497970581,0.3021969795227051,-0.05161568522453308,0.5043631792068481,0.2643994092941284,-0.05363025143742561,H
0.1925044059753418,0.664656400680542,4.4299122237134725e-07,0.17287006974220276,0.5631139278411865,-0.009516834281384945,0.1755896508693695,0.4641667604446411,-0.021217498928308487,0.18578305840492249,0.38745811581611633,-0.031616948544979095,0.18344107270240784,0.3313892185688019,-0.04211410507559776,0.2606024444103241,0.4376090466976166,-0.029749099165201187,0.32200849056243896,0.3550642132759094,-0.04775222763419151,0.36161595582962036,0.3087521195411682,-0.05868625268340111,0.39398664236068726,0.27490171790122986,-0.06429970264434814,0.295874685049057,0.47550034523010254,-0.03656401485204697,0.36615750193595886,0.3864322006702423,-0.04866092652082443,0.4102584421634674,0.334328830242157,-0.054736051708459854,0.44447076320648193,0.2967073619365692,-0.05886010825634003,0.32033032178878784,0.5214484333992004,-0.043481361120939255,0.3874831199645996,0.44204214215278625,-0.05356329679489136,0.43074071407318115,0.3980347514152527,-0.05746841058135033,0.46312326192855835,0.36773353815078735,-0.05977717787027359,0.33525586128234863,0.5721657872200012,-0.05094430223107338,0.38703086972236633,0.5080999732017517,-0.057120319455862045,0.41710740327835083,0.4738157391548157,-0.054690171033144,0.44072699546813965,0.44743895530700684,-0.051717184484004974,H
0.6044229865074158,0.6323431730270386,3.1321496862801723e-07,0.5303956866264343,0.6258736252784729,-0.015284672379493713,0.45370057225227356,0.5726472735404968,-0.021698124706745148,0.40449097752571106,0.5279859900474548,-0.029619885608553886,0.38211894035339355,0.48392659425735474,-0.03731079772114754,0.4417336583137512,0.46443143486976624,0.0006659250357188284,0.3951062560081482,0.3974638879299164,-0.018922405317425728,0.36253780126571655,0.3604110777378082,-0.036921508610248566,0.33495765924453735,0.32906225323677063,-0.05023128539323807,0.47170528769493103,0.4308287501335144,-0.008525132201611996,0.4253546893596649,0.34615832567214966,-0.026563692837953568,0.38979318737983704,0.29909786581993103,-0.0436454601585865,0.35942697525024414,0.26052263379096985,-0.054868392646312714,0.5107805728912354,0.41353338956832886,-0.022030513733625412,0.4700203239917755,0.32881295680999756,-0.041161149740219116,0.43940916657447815,0.28101545572280884,-0.05289091169834137,0.4114989638328552,0.24088284373283386,-0.06079486012458801,0.5571536421775818,0.4114972651004791,-0.03756929188966751,0.5343156456947327,0.34455710649490356,-0.05306319519877434,0.5167422890663147,0.3008638918399811,-0.05730529502034187,0.49764809012413025,0.26061707735061646,-0.060063686221838,H
0.19424837827682495,0.6586813926696777,4.386315595183987e-07,0.17482450604438782,0.5576625466346741,-0.00849551148712635,0.1758076697587967,0.46140536665916443,-0.019715838134288788,0.18610385060310364,0.3863829970359802,-0.030152009800076485,0.18522688746452332,0.3314356207847595,-0.04084291681647301,0.2643778622150421,0.4298302233219147,-0.027360372245311737,0.3236807882785797,0.34973496198654175,-0.04509325698018074,0.36218807101249695,0.30382829904556274,-0.057275839149951935,0.39434128999710083,0.26953160762786865,-0.06397242844104767,0.30000293254852295,0.46730220317840576,-0.03510390594601631,0.36771050095558167,0.3779812455177307,-0.04565979167819023,0.4104152321815491,0.3231131434440613,-0.05289808288216591,0.4438207745552063,0.2824786305427551,-0.05837947130203247,0.32491016387939453,0.5136252045631409,-0.04293351247906685,0.39006471633911133,0.4357219636440277,-0.05149884149432182,0.431974321603775,0.3901537358760834,-0.05664927139878273,0.4625607132911682,0.3577520251274109,-0.06052567809820175,0.33950087428092957,0.564795732498169,-0.05137784034013748,0.3896104395389557,0.5062512159347534,-0.056828573346138,0.41901737451553345,0.47191348671913147,-0.054947495460510254,0.4421736001968384,0.445093035697937,-0.05260715261101723,H
0.5964794754981995,0.6406413912773132,3.1383692089548276e-07,0.5219501256942749,0.6349180340766907,-0.018047748133540154,0.4475565552711487,0.5873048305511475,-0.02824711799621582,0.399050772190094,0.5409231185913086,-0.03989130258560181,0.3774403929710388,0.48804599046707153,-0.0514012910425663,0.43961670994758606,0.47443199157714844,-0.004965970292687416,0.3941509425640106,0.40557193756103516,-0.027954207733273506,0.3600021302700043,0.36605551838874817,-0.04813266918063164,0.3307279348373413,0.3323095738887787,-0.0626373365521431,0.46893438696861267,0.4422512650489807,-0.013495688326656818,0.4242780804634094,0.35793235898017883,-0.03452790156006813,0.38850098848342896,0.3119794428348541,-0.05261173099279404,0.35669583082199097,0.2736421823501587,-0.0646141916513443,0.5055639147758484,0.4241693615913391,-0.026414163410663605,0.46586838364601135,0.34377768635749817,-0.04708705469965935,0.43712225556373596,0.30201950669288635,-0.05688806623220444,0.4106718897819519,0.2672356367111206,-0.06294907629489899,0.5484042167663574,0.41954585909843445,-0.041901007294654846,0.5228796601295471,0.35161688923835754,-0.05741802230477333,0.5046804547309875,0.30822432041168213,-0.060661301016807556,0.4861204922199249,0.26920419931411743,-0.06238897144794464,H
0.19753798842430115,0.6554331183433533,4.6331865632964764e-07,0.17513670027256012,0.5549241304397583,-0.010130908340215683,0.17643728852272034,0.45941126346588135,-0.022181682288646698,0.1879180371761322,0.38366812467575073,-0.0328858382999897,0.18490993976593018,0.32657405734062195,-0.043872855603694916,0.26333048939704895,0.4283052086830139,-0.029591023921966553,0.32572633028030396,0.3474840521812439,-0.046425845474004745,0.3650352954864502,0.3013024926185608,-0.057226117700338364,0.39738228917121887,0.26763343811035156,-0.06284812837839127,0.3002682626247406,0.4653160274028778,-0.03550490736961365,0.37032097578048706,0.3764939606189728,-0.044647105038166046,0.41404545307159424,0.32425743341445923,-0.05015069246292114,0.44810569286346436,0.28763699531555176,-0.0546225868165493,0.326310396194458,0.5108274221420288,-0.04150525480508804,0.39308372139930725,0.43345582485198975,-0.04864592105150223,0.4336053133010864,0.38895750045776367,-0.052470698952674866,0.4626080393791199,0.35854703187942505,-0.05578341707587242,0.34215348958969116,0.5604807138442993,-0.0482061542570591,0.3924105167388916,0.5024560689926147,-0.05268589034676552,0.4217756986618042,0.4682760238647461,-0.05032596364617348,0.4444177746772766,0.4413502812385559,-0.04782592132687569,H
0.5888996720314026,0.6505364775657654,2.589925145457528e-07,0.5145906805992126,0.649106502532959,-0.015454569831490517,0.43795156478881836,0.6006757020950317,-0.023212013766169548,0.39144793152809143,0.5557061433792114,-0.032694146037101746,0.36973631381988525,0.5063930749893188,-0.04236314445734024,0.4255581796169281,0.4930788576602936,-0.005066811107099056,0.3783870041370392,0.4275834262371063,-0.028086869046092033,0.343047171831131,0.38920164108276367,-0.04802464693784714,0.31224149465560913,0.3560437560081482,-0.06259434670209885,0.4532540440559387,0.4579365849494934,-0.015044478699564934,0.4058467149734497,0.3761720061302185,-0.036795392632484436,0.3687630891799927,0.33017873764038086,-0.0551677942276001,0.33462807536125183,0.29031461477279663,-0.0678502768278122,0.4891337752342224,0.4359893202781677,-0.029146520420908928,0.45010656118392944,0.3550114631652832,-0.05065654590725899,0.4217941462993622,0.3110595643520355,-0.06239712983369827,0.3941229581832886,0.27399447560310364,-0.07022017240524292,0.5321741104125977,0.4265018701553345,-0.04557335749268532,0.505767822265625,0.356407105922699,-0.06264970451593399,0.48534390330314636,0.3134564757347107,-0.06824028491973877,0.4632568061351776,0.27559563517570496,-0.0721081867814064,H
0.19674667716026306,0.6580818295478821,4.596681151269877e-07,0.17451423406600952,0.5575708746910095,-0.007143800612539053,0.17696182429790497,0.459524929523468,-0.01752057485282421,0.18784916400909424,0.38453584909439087,-0.026925578713417053,0.18529504537582397,0.3285759389400482,-0.03666716068983078,0.2618436813354492,0.4311060905456543,-0.02871749736368656,0.3262028098106384,0.34842684864997864,-0.04506831616163254,0.3651210367679596,0.3021368384361267,-0.05445873364806175,0.3955944776535034,0.268627405166626,-0.05913780629634857,0.29730454087257385,0.4686788320541382,-0.03613826632499695,0.37001508474349976,0.3780430853366852,-0.04688374325633049,0.4149254560470581,0.32480543851852417,-0.052201781421899796,0.4492599368095398,0.28659486770629883,-0.055885061621665955,0.3222375512123108,0.515305757522583,-0.04330073669552803,0.39020925760269165,0.4364716112613678,-0.05203256756067276,0.43259456753730774,0.39216679334640503,-0.055768631398677826,0.4637245535850525,0.36098793148994446,-0.058432869613170624,0.3377825617790222,0.5671693086624146,-0.05073115602135658,0.38986724615097046,0.5083844661712646,-0.0570950023829937,0.4213050901889801,0.4749724268913269,-0.055255793035030365,0.4464320242404938,0.4484931230545044,-0.052735984325408936,H
0.5665750503540039,0.670730471611023,1.8480162111700338e-07,0.4917246997356415,0.6698312163352966,-0.010236339643597603,0.4147455394268036,0.6182854175567627,-0.01390701625496149,0.36778637766838074,0.5745839476585388,-0.020211903378367424,0.3391208052635193,0.5300077199935913,-0.027054285630583763,0.4029480516910553,0.5128772854804993,0.0034680217504501343,0.3567078411579132,0.44448256492614746,-0.015964098274707794,0.3198471665382385,0.4060746431350708,-0.03452807664871216,0.2880103588104248,0.3760228157043457,-0.0482921376824379,0.4302983582019806,0.4785130023956299,-0.008557511493563652,0.3866080343723297,0.38764041662216187,-0.02590138651430607,0.3483975827693939,0.34290602803230286,-0.04199888929724693,0.31465303897857666,0.3097672462463379,-0.05389546602964401,0.46363815665245056,0.4577033221721649,-0.02466644160449505,0.4276420474052429,0.3657541275024414,-0.04229453578591347,0.39635756611824036,0.32296252250671387,-0.05225617438554764,0.36919450759887695,0.29186108708381653,-0.0594814233481884,0.5033924579620361,0.44861117005348206,-0.04289144277572632,0.4686765670776367,0.37631046772003174,-0.05691955238580704,0.44267940521240234,0.342404305934906,-0.05954429507255554,0.41940242052078247,0.31986773014068604,-0.06162002682685852,H
0.18878373503684998,0.664201021194458,4.441590419901331e-07,0.16579684615135193,0.5607143640518188,-0.010870520956814289,0.16752058267593384,0.4622689485549927,-0.0236678309738636,0.17791715264320374,0.38261979818344116,-0.03549652919173241,0.17014054954051971,0.3253939747810364,-0.04781854897737503,0.25430384278297424,0.43367746472358704,-0.028125641867518425,0.3150978684425354,0.35156309604644775,-0.04557088762521744,0.353685587644577,0.30312636494636536,-0.05704950541257858,0.38478395342826843,0.26727908849716187,-0.06369580328464508,0.2904103398323059,0.4704148471355438,-0.035271432250738144,0.3600432276725769,0.38096189498901367,-0.047393105924129486,0.4031873345375061,0.3283523917198181,-0.054169945418834686,0.43735575675964355,0.29054421186447144,-0.059068456292152405,0.31502002477645874,0.515683650970459,-0.04287457838654518,0.3806954026222229,0.43324998021125793,-0.053994663059711456,0.4212622046470642,0.38706907629966736,-0.058929443359375,0.45175835490226746,0.3545626699924469,-0.062233906239271164,0.3306262791156769,0.5668824315071106,-0.0511748231947422,0.38093993067741394,0.5055984854698181,-0.05883040651679039,0.41053301095962524,0.47029462456703186,-0.05734364688396454,0.434244841337204,0.4418123960494995,-0.055245280265808105,H
0.5746480822563171,0.6468707323074341,3.092489748723892e-07,0.49758535623550415,0.6423537731170654,-0.01436153706163168,0.42183011770248413,0.5924927592277527,-0.02110038697719574,0.37632209062576294,0.5478202104568481,-0.029878657311201096,0.3505980670452118,0.5048714280128479,-0.03907260671257973,0.40702885389328003,0.48615676164627075,-0.003022099146619439,0.3642098903656006,0.4165763854980469,-0.026157334446907043,0.3310607671737671,0.37371501326560974,-0.047268208116292953,0.300868958234787,0.33642885088920593,-0.06300564110279083,0.4361206889152527,0.4517897665500641,-0.013605758547782898,0.39186033606529236,0.3689461946487427,-0.036165643483400345,0.3545404374599457,0.3228036165237427,-0.055978380143642426,0.3186454772949219,0.28308963775634766,-0.06954076886177063,0.4727475047111511,0.4313725233078003,-0.028198981657624245,0.435271292924881,0.3478745222091675,-0.05090899392962456,0.40611574053764343,0.3062458634376526,-0.06328634917736053,0.37586551904678345,0.272421270608902,-0.07115548849105835,0.5175071954727173,0.42381927371025085,-0.0449991412460804,0.4921148419380188,0.35446640849113464,-0.06368956714868546,0.47086119651794434,0.31364262104034424,-0.06986020505428314,0.4463188946247101,0.2788468599319458,-0.0737188458442688,H
0.19276925921440125,0.6614726781845093,4.879349830844149e-07,0.16716016829013824,0.559902012348175,-0.014314208179712296,0.16771234571933746,0.4652439057826996,-0.028697999194264412,0.17795488238334656,0.3871721029281616,-0.04091630131006241,0.17355462908744812,0.32787662744522095,-0.053146567195653915,0.2536824345588684,0.43472179770469666,-0.03430212661623955,0.3174533545970917,0.34885430335998535,-0.05294085666537285,0.3578481376171112,0.3018571734428406,-0.0639972984790802,0.39105790853500366,0.26777902245521545,-0.06931065768003464,0.2916053533554077,0.4717963933944702,-0.03788711130619049,0.36007779836654663,0.3769708275794983,-0.04977429658174515,0.4016837477684021,0.32272282242774963,-0.054840121418237686,0.43353623151779175,0.2847774028778076,-0.0582190677523613,0.3181588053703308,0.5159835815429688,-0.04185619205236435,0.38245242834091187,0.4338105618953705,-0.05116676911711693,0.42172205448150635,0.3871031403541565,-0.05357017740607262,0.45003166794776917,0.3559567630290985,-0.05503810942173004,0.33501070737838745,0.5639407634735107,-0.04680711776018143,0.38345977663993835,0.49953749775886536,-0.05197311192750931,0.4123266339302063,0.4651787281036377,-0.048387374728918076,0.4347231090068817,0.4382989704608917,-0.044608574360609055,H
0.5785737037658691,0.6311704516410828,2.943849324310577e-07,0.5051636099815369,0.627615749835968,-0.015732089057564735,0.4284626841545105,0.5773124098777771,-0.023412708193063736,0.3818289041519165,0.5341271758079529,-0.03269484266638756,0.35735732316970825,0.4892195463180542,-0.042102448642253876,0.41781795024871826,0.4721585512161255,-0.004313434474170208,0.3730200529098511,0.406872034072876,-0.026371607556939125,0.3385387063026428,0.3669925928115845,-0.04602469503879547,0.3086026906967163,0.33223676681518555,-0.06065880134701729,0.4468614459037781,0.43746912479400635,-0.013999434188008308,0.4000856578350067,0.3573107421398163,-0.035293035209178925,0.36322131752967834,0.30989396572113037,-0.053440384566783905,0.3285217881202698,0.26745331287384033,-0.06565922498703003,0.4834234118461609,0.4161913990974426,-0.027779201045632362,0.4419710636138916,0.3377251625061035,-0.04930602386593819,0.4126288890838623,0.2950856685638428,-0.060028210282325745,0.38345903158187866,0.25835949182510376,-0.06682639569044113,0.5272631645202637,0.4073294401168823,-0.04382317140698433,0.5004648566246033,0.34219759702682495,-0.06046085059642792,0.48142778873443604,0.30051547288894653,-0.06447620689868927,0.46069103479385376,0.26279208064079285,-0.06698146462440491,H
0.19781017303466797,0.6645909547805786,4.5548887328550336e-07,0.17447924613952637,0.5628073215484619,-0.010694431141018867,0.17542651295661926,0.46359050273895264,-0.0227130725979805,0.18539012968540192,0.38687142729759216,-0.0334380678832531,0.18583911657333374,0.32984858751296997,-0.04410001263022423,0.2622031569480896,0.4341641664505005,-0.02788964845240116,0.32219770550727844,0.35224321484565735,-0.045860953629016876,0.3618279695510864,0.3065248727798462,-0.05751523748040199,0.39535143971443176,0.27379870414733887,-0.06361603736877441,0.29951155185699463,0.4697001278400421,-0.033864013850688934,0.36693406105041504,0.3781428337097168,-0.04525725543498993,0.410553514957428,0.3243993818759918,-0.051625385880470276,0.4454960227012634,0.2859662175178528,-0.05589717999100685,0.325201153755188,0.514328122138977,-0.04021807760000229,0.3892480432987213,0.43303459882736206,-0.049569446593523026,0.42988091707229614,0.38800740242004395,-0.05350889638066292,0.4600847363471985,0.35750871896743774,-0.05592285096645355,0.3404398560523987,0.5645887851715088,-0.04729396104812622,0.38901692628860474,0.5008960962295532,-0.05257207900285721,0.4174780249595642,0.46610233187675476,-0.049617644399404526,0.43996337056159973,0.4396660029888153,-0.0462430976331234,H
0.581054151058197,0.6249995231628418,3.420932728204207e-07,0.5079978704452515,0.6169326305389404,-0.015558576211333275,0.43868952989578247,0.5738002061843872,-0.025344280526041985,0.3961106836795807,0.5387027263641357,-0.03672235459089279,0.37357065081596375,0.4965735375881195,-0.04862703010439873,0.427826851606369,0.4619933068752289,-0.010481098666787148,0.38849344849586487,0.3893301486968994,-0.03471755608916283,0.3575221002101898,0.3431391716003418,-0.055693671107292175,0.32992255687713623,0.30227720737457275,-0.0709405466914177,0.4572923183441162,0.43147987127304077,-0.020558280870318413,0.41401511430740356,0.3490453362464905,-0.04389739781618118,0.3787994980812073,0.29944533109664917,-0.0626223161816597,0.3451350927352905,0.25468045473098755,-0.07514915615320206,0.49422430992126465,0.4129924178123474,-0.03421228751540184,0.4561968147754669,0.3333059549331665,-0.057485245168209076,0.4297447204589844,0.2905731797218323,-0.06832653284072876,0.40332838892936707,0.2539549767971039,-0.07455886155366898,0.5389559864997864,0.40664806962013245,-0.050005871802568436,0.5136804580688477,0.33864593505859375,-0.0684560090303421,0.4964922070503235,0.2964847683906555,-0.0729464665055275,0.4776199758052826,0.2593567371368408,-0.0750952735543251,H
0.19960981607437134,0.6584872007369995,4.690193975420698e-07,0.1741160750389099,0.5567933917045593,-0.01181523222476244,0.17122146487236023,0.46183422207832336,-0.024927480146288872,0.180210679769516,0.38568395376205444,-0.036296311765909195,0.18732096254825592,0.3270161747932434,-0.04740088805556297,0.2609981298446655,0.4334741234779358,-0.03181812912225723,0.3245704770088196,0.34974563121795654,-0.049058713018894196,0.3642141819000244,0.30562031269073486,-0.05881088599562645,0.3967694938182831,0.2745671272277832,-0.06335281580686569,0.298190176486969,0.4714719355106354,-0.03667210787534714,0.36838552355766296,0.37893161177635193,-0.04839527979493141,0.41006529331207275,0.3268793821334839,-0.053337108343839645,0.44244110584259033,0.29050570726394653,-0.05642375349998474,0.3240019977092743,0.516852617263794,-0.0418054573237896,0.39023131132125854,0.43693047761917114,-0.051284562796354294,0.4299623966217041,0.39078328013420105,-0.054336320608854294,0.45930272340774536,0.3581808805465698,-0.056235890835523605,0.33973056077957153,0.5667083859443665,-0.047576654702425,0.3895050287246704,0.5062374472618103,-0.053220853209495544,0.41856229305267334,0.47252383828163147,-0.05018428713083267,0.44140440225601196,0.4454983174800873,-0.04669364541769028,H
0.5709971785545349,0.6294615864753723,3.573473748019751e-07,0.49806246161460876,0.6222550272941589,-0.013878108002245426,0.42718133330345154,0.5776568055152893,-0.02218029834330082,0.3875294327735901,0.5413879156112671,-0.03217718377709389,0.36839115619659424,0.4991197884082794,-0.04254915192723274,0.4110426604747772,0.46352413296699524,-0.00923850852996111,0.3721267580986023,0.3913033902645111,-0.032453279942274094,0.34094560146331787,0.345773309469223,-0.052270568907260895,0.31311309337615967,0.3062901496887207,-0.06676580756902695,0.4419615566730499,0.43300536274909973,-0.020070191472768784,0.3988024890422821,0.34846943616867065,-0.04240412637591362,0.36348605155944824,0.29838478565216064,-0.06026865914463997,0.32952064275741577,0.25401973724365234,-0.07212373614311218,0.4808674156665802,0.4150487780570984,-0.03430233523249626,0.4432036876678467,0.33324599266052246,-0.05731384828686714,0.416317343711853,0.29096531867980957,-0.06844812631607056,0.38822370767593384,0.2543056607246399,-0.07492954283952713,0.5278941988945007,0.41032588481903076,-0.05041355639696121,0.5041881799697876,0.341976135969162,-0.0694563016295433,0.48687222599983215,0.2998565435409546,-0.07470414787530899,0.4667445719242096,0.262165367603302,-0.07738582044839859,H
0.19062352180480957,0.667506217956543,4.209543646993552e-07,0.16862741112709045,0.5653371810913086,-0.01054665818810463,0.16936297714710236,0.46901679039001465,-0.022965913638472557,0.17733819782733917,0.3921782672405243,-0.03417147696018219,0.1779620349407196,0.3342583179473877,-0.04547712579369545,0.2552838623523712,0.44086647033691406,-0.02923920378088951,0.3148093819618225,0.35526642203330994,-0.04873969405889511,0.35390108823776245,0.30814167857170105,-0.06107494607567787,0.38674452900886536,0.2748398780822754,-0.06734715402126312,0.29296979308128357,0.4759155213832855,-0.034991491585969925,0.3610021770000458,0.38276034593582153,-0.04762684181332588,0.4036235213279724,0.329708993434906,-0.05441335588693619,0.4373091161251068,0.29211506247520447,-0.05911652371287346,0.3200671076774597,0.5190228223800659,-0.04117966443300247,0.3846622109413147,0.43762317299842834,-0.05126980319619179,0.42427903413772583,0.3916036784648895,-0.055521752685308456,0.45325931906700134,0.3595823347568512,-0.05818140134215355,0.337329626083374,0.5674684047698975,-0.048096202313899994,0.3883935809135437,0.5026325583457947,-0.05436435714364052,0.4177982211112976,0.46685922145843506,-0.05237643048167229,0.44083818793296814,0.438383013010025,-0.049684859812259674,H
0.5755590200424194,0.6284910440444946,3.380232840299868e-07,0.5002889037132263,0.6214879155158997,-0.014825218357145786,0.4262888729572296,0.5721920728683472,-0.022847231477499008,0.38253360986709595,0.5309926867485046,-0.03265782818198204,0.3612576723098755,0.4886647164821625,-0.04286317154765129,0.412921667098999,0.4655604362487793,-0.006968572735786438,0.37157881259918213,0.3947522044181824,-0.029941393062472343,0.3401035964488983,0.3515249490737915,-0.05012254789471626,0.3118787407875061,0.3135530352592468,-0.0650632381439209,0.4430587887763977,0.43323779106140137,-0.017455242574214935,0.39854300022125244,0.35042664408683777,-0.040064092725515366,0.3635985255241394,0.3017922043800354,-0.059340041130781174,0.33021244406700134,0.2583542466163635,-0.07215908169746399,0.48099276423454285,0.41460996866226196,-0.031584449112415314,0.4417549669742584,0.33291012048721313,-0.054411716759204865,0.41321131587028503,0.2895318269729614,-0.06641454249620438,0.38429757952690125,0.2528710663318634,-0.07384445518255234,0.5268047451972961,0.40895742177963257,-0.04770226404070854,0.5015707015991211,0.341296911239624,-0.06592383235692978,0.4832671284675598,0.2988847494125366,-0.07101332396268845,0.4625825881958008,0.2611691653728485,-0.07396259158849716,H
0.18775911629199982,0.6684069633483887,4.7055627305780945e-07,0.16690754890441895,0.5676392316818237,-0.009784811176359653,0.1700935959815979,0.46982717514038086,-0.02206621691584587,0.17636941373348236,0.39342376589775085,-0.03288627788424492,0.17215698957443237,0.33475548028945923,-0.04377652704715729,0.2540901005268097,0.4380715489387512,-0.030844392254948616,0.3162791430950165,0.35104498267173767,-0.04855924844741821,0.35655108094215393,0.30578070878982544,-0.05859491229057312,0.39011451601982117,0.27491387724876404,-0.06301911920309067,0.2914043664932251,0.4751489758491516,-0.036467887461185455,0.3619558811187744,0.38087695837020874,-0.04735112562775612,0.4066462516784668,0.3285207152366638,-0.052506279200315475,0.4417889416217804,0.2918790876865387,-0.05596105009317398,0.31815969944000244,0.5207850337028503,-0.04211004450917244,0.3847006559371948,0.43909570574760437,-0.050638094544410706,0.4255139231681824,0.3949761986732483,-0.053979262709617615,0.45505014061927795,0.3647356331348419,-0.05604703724384308,0.3352172374725342,0.5711625814437866,-0.048247892409563065,0.38723453879356384,0.5063767433166504,-0.05282644182443619,0.4170682430267334,0.4722766578197479,-0.04958527535200119,0.4397711455821991,0.44533610343933105,-0.046070437878370285,H
0.5696984529495239,0.6274958848953247,3.367920271557523e-07,0.49661985039711,0.6198367476463318,-0.014901804737746716,0.4215160310268402,0.571163535118103,-0.023168709129095078,0.37539350986480713,0.5331541299819946,-0.03309137001633644,0.3485574722290039,0.49480733275413513,-0.043557941913604736,0.40748846530914307,0.4633021354675293,-0.009159964509308338,0.36813753843307495,0.39196884632110596,-0.03278956562280655,0.3366445302963257,0.3470357060432434,-0.05348017066717148,0.3076990842819214,0.3077079951763153,-0.0690365806221962,0.43804624676704407,0.43202105164527893,-0.02000483125448227,0.3945721983909607,0.3500089645385742,-0.04319418594241142,0.3583483397960663,0.30187585949897766,-0.06227194145321846,0.32238173484802246,0.25859981775283813,-0.07516700774431229,0.47620829939842224,0.41460415720939636,-0.034428443759679794,0.437835693359375,0.3323015570640564,-0.058083388954401016,0.4088144898414612,0.28842446208000183,-0.0699574425816536,0.37783461809158325,0.2507436275482178,-0.07743421196937561,0.5226994156837463,0.40960797667503357,-0.050816167145967484,0.49837779998779297,0.3421096205711365,-0.07022146880626678,0.47974127531051636,0.3005891442298889,-0.07558378577232361,0.45770397782325745,0.2638952136039734,-0.07877364754676819,H
0.18857139348983765,0.6640011072158813,4.873358534496219e-07,0.16764524579048157,0.561389684677124,-0.010304687544703484,0.17015621066093445,0.46550604701042175,-0.02259294129908085,0.1776341050863266,0.390670508146286,-0.03340568765997887,0.17362678050994873,0.3332440257072449,-0.04446686431765556,0.25320446491241455,0.43814969062805176,-0.03197957202792168,0.3148067593574524,0.35168012976646423,-0.05026942864060402,0.3552345633506775,0.30500996112823486,-0.060438986867666245,0.3892733156681061,0.2726501226425171,-0.06505178660154343,0.28995460271835327,0.47548940777778625,-0.037922315299510956,0.36124998331069946,0.3806030750274658,-0.05012282729148865,0.4064016044139862,0.3259073793888092,-0.05593479424715042,0.4422645568847656,0.2875664234161377,-0.05982007831335068,0.31578683853149414,0.5203809142112732,-0.04396163672208786,0.38331958651542664,0.43887731432914734,-0.05389475077390671,0.4241250157356262,0.3930264115333557,-0.05823484808206558,0.4543225169181824,0.36125117540359497,-0.060953930020332336,0.33189404010772705,0.5693209171295166,-0.05051236227154732,0.3834170699119568,0.5074647665023804,-0.05641423165798187,0.41346830129623413,0.47211843729019165,-0.05458188056945801,0.4371836483478546,0.4435146152973175,-0.05224908888339996,H
0.5699335336685181,0.6253517270088196,3.4872240917138697e-07,0.4937329888343811,0.6160116195678711,-0.013601522892713547,0.41851818561553955,0.5665828585624695,-0.02103029377758503,0.37423717975616455,0.5280063152313232,-0.030399400740861893,0.35270971059799194,0.48486173152923584,-0.040071990340948105,0.40578943490982056,0.45975223183631897,-0.007564160041511059,0.3675417900085449,0.38535380363464355,-0.030497798696160316,0.33635327219963074,0.33885666728019714,-0.050308793783187866,0.30825769901275635,0.29908931255340576,-0.06486619263887405,0.43703216314315796,0.42952412366867065,-0.01836548186838627,0.39359137415885925,0.34565815329551697,-0.04078568518161774,0.3564765751361847,0.2973434627056122,-0.058559052646160126,0.3212948441505432,0.255279004573822,-0.07025819271802902,0.4759962260723114,0.41165536642074585,-0.03268798440694809,0.4380379915237427,0.32792627811431885,-0.05530194565653801,0.4100089967250824,0.28571146726608276,-0.0657610073685646,0.38141927123069763,0.2507403790950775,-0.07187021523714066,0.5227819085121155,0.40616872906684875,-0.04896056652069092,0.4982393682003021,0.33723098039627075,-0.06729786098003387,0.4790072441101074,0.29574429988861084,-0.07187420129776001,0.4566960632801056,0.2600511312484741,-0.07418394088745117,H
0.19675859808921814,0.6643818616867065,4.514915019626642e-07,0.17457778751850128,0.5627068877220154,-0.0098287807777524,0.17296946048736572,0.46942126750946045,-0.0219277236610651,0.17649775743484497,0.3919515311717987,-0.03311802074313164,0.1789293885231018,0.3332958221435547,-0.04407485947012901,0.2580551207065582,0.4456256926059723,-0.02587585709989071,0.31941697001457214,0.35896244645118713,-0.04367488622665405,0.359406054019928,0.31333887577056885,-0.05423111096024513,0.39282384514808655,0.2814721167087555,-0.05931752175092697,0.29463985562324524,0.47932958602905273,-0.03168207034468651,0.3630296587944031,0.38588687777519226,-0.04399454593658447,0.4055519104003906,0.33198726177215576,-0.05004166439175606,0.4383775293827057,0.2940131425857544,-0.05385722219944,0.32104501128196716,0.5214647650718689,-0.03801685944199562,0.3855057656764984,0.44326043128967285,-0.047171544283628464,0.42629337310791016,0.3972572982311249,-0.05085015296936035,0.4561098515987396,0.3646013140678406,-0.05328769236803055,0.3377684950828552,0.5693652033805847,-0.045084573328495026,0.3870486319065094,0.5115390419960022,-0.05002020671963692,0.4168989062309265,0.4776739478111267,-0.047202326357364655,0.4408392608165741,0.45064616203308105,-0.04414656385779381,H
0.5695499181747437,0.6246989369392395,2.9554482239291247e-07,0.49462324380874634,0.6150913834571838,-0.011280817911028862,0.4201335310935974,0.5646508932113647,-0.016957685351371765,0.37720003724098206,0.5236871242523193,-0.025182563811540604,0.3603426218032837,0.47962746024131775,-0.033891670405864716,0.4106455445289612,0.4561210572719574,-0.0028145259711891413,0.37137144804000854,0.3838861584663391,-0.023916015401482582,0.33902233839035034,0.34057754278182983,-0.042776018381118774,0.3098943829536438,0.3038146495819092,-0.0568411685526371,0.44121217727661133,0.42635175585746765,-0.014238934032619,0.397614061832428,0.3432692289352417,-0.03495219722390175,0.3602052628993988,0.29677847027778625,-0.05257797986268997,0.32506290078163147,0.2578984498977661,-0.06430688500404358,0.4788961708545685,0.4095500111579895,-0.029077881947159767,0.44292783737182617,0.3260759115219116,-0.05032701790332794,0.4151696264743805,0.2861279249191284,-0.0607658252120018,0.3870963454246521,0.25516027212142944,-0.06692095845937729,0.5236145257949829,0.40527984499931335,-0.045701686292886734,0.5000998973846436,0.33681559562683105,-0.06283413618803024,0.4810025095939636,0.295889288187027,-0.06711445748806,0.45873451232910156,0.2617035508155823,-0.06931973248720169,H
0.19838327169418335,0.6679106950759888,4.83202995837928e-07,0.17707663774490356,0.5677210688591003,-0.012441899627447128,0.17584511637687683,0.47461557388305664,-0.026906099170446396,0.1788213551044464,0.39694464206695557,-0.04031100496649742,0.18002808094024658,0.3356650471687317,-0.053370602428913116,0.2629724144935608,0.4446435570716858,-0.027305826544761658,0.3228785991668701,0.36066967248916626,-0.046392232179641724,0.36246219277381897,0.315845787525177,-0.058585017919540405,0.3959161639213562,0.2840498387813568,-0.0648747906088829,0.2988995313644409,0.47842904925346375,-0.033099278807640076,0.3688621520996094,0.38748228549957275,-0.04569518566131592,0.412556529045105,0.33397531509399414,-0.052866410464048386,0.44661447405815125,0.2954390347003937,-0.05762023478746414,0.32403191924095154,0.5218966007232666,-0.03974273428320885,0.38922396302223206,0.4435827136039734,-0.049258388578891754,0.42932766675949097,0.3984922766685486,-0.05328534170985222,0.45848846435546875,0.36639705300331116,-0.05598520115017891,0.3393818140029907,0.5719162225723267,-0.047427818179130554,0.38888055086135864,0.5131875276565552,-0.05290519446134567,0.41872504353523254,0.47967782616615295,-0.05024666711688042,0.4427616596221924,0.4531746804714203,-0.04722399637103081,H
0.5746030211448669,0.6183444261550903,3.119497762327228e-07,0.4983516335487366,0.6083341836929321,-0.011492333374917507,0.4244881272315979,0.556845486164093,-0.01726311258971691,0.37962302565574646,0.5166060328483582,-0.02590838074684143,0.35931161046028137,0.4740695059299469,-0.03507481515407562,0.4152374565601349,0.4475283920764923,-0.00013089514686726034,0.3790901303291321,0.3727954924106598,-0.02080468460917473,0.3492080569267273,0.3281148672103882,-0.040077704936265945,0.32128074765205383,0.29023319482803345,-0.0543852299451828,0.4452693462371826,0.41854000091552734,-0.011341240257024765,0.40449759364128113,0.33383917808532715,-0.03157344460487366,0.3674902021884918,0.28795289993286133,-0.04958273470401764,0.33234065771102905,0.25067850947380066,-0.06154591590166092,0.4822350740432739,0.40222257375717163,-0.026160990819334984,0.4473567306995392,0.3170287311077118,-0.04646451026201248,0.42072099447250366,0.2792254686355591,-0.05593777447938919,0.39437657594680786,0.25134193897247314,-0.061303868889808655,0.526070237159729,0.3984220027923584,-0.042968641966581345,0.5025364756584167,0.328632116317749,-0.05836523696780205,0.4849661588668823,0.28652119636535645,-0.06132686883211136,0.4650772213935852,0.2510433793067932,-0.06263501942157745,H
0.19505605101585388,0.6607257723808289,5.152909920980164e-07,0.17371082305908203,0.5622073411941528,-0.009748389013111591,0.17234227061271667,0.46811357140541077,-0.02184796705842018,0.1742963194847107,0.392423540353775,-0.03306671231985092,0.1717134416103363,0.3363547921180725,-0.04455522075295448,0.25850895047187805,0.4360975921154022,-0.0275393258780241,0.3206419348716736,0.3518817722797394,-0.044942520558834076,0.35961300134658813,0.3056715726852417,-0.05579005181789398,0.39178380370140076,0.2720046043395996,-0.06129886955022812,0.2950672209262848,0.47090446949005127,-0.03391183167695999,0.3654339015483856,0.3793380856513977,-0.04499968886375427,0.4095423221588135,0.32509660720825195,-0.051576994359493256,0.44299206137657166,0.2856597304344177,-0.056140247732400894,0.3214787542819977,0.5149558186531067,-0.04057396203279495,0.386787474155426,0.435705304145813,-0.049065038561820984,0.42766204476356506,0.39013320207595825,-0.05347975715994835,0.4572663903236389,0.3573954105377197,-0.05664825066924095,0.33755820989608765,0.5643242597579956,-0.047917962074279785,0.38762301206588745,0.5059913396835327,-0.0530666783452034,0.41850394010543823,0.4726933240890503,-0.05088764801621437,0.44352346658706665,0.44662222266197205,-0.04829258471727371,H
0.5739292502403259,0.61883944272995,3.512029422836349e-07,0.5008198022842407,0.6121922135353088,-0.014080565422773361,0.427309513092041,0.5650332570075989,-0.02130933105945587,0.38423222303390503,0.5247550010681152,-0.030689049512147903,0.3667815327644348,0.47993868589401245,-0.04019394889473915,0.41265150904655457,0.45079970359802246,-0.004384046886116266,0.37342917919158936,0.37567049264907837,-0.024713149294257164,0.3438463807106018,0.3311568796634674,-0.04268812760710716,0.31674039363861084,0.2932227849960327,-0.05583740770816803,0.44313350319862366,0.4205753803253174,-0.014467214234173298,0.39940398931503296,0.3349388837814331,-0.03363791108131409,0.36233311891555786,0.28795647621154785,-0.050351742655038834,0.32830026745796204,0.2500190734863281,-0.06133563444018364,0.4814823567867279,0.40404969453811646,-0.028223659843206406,0.4445038437843323,0.31899628043174744,-0.04840466380119324,0.41646426916122437,0.27973121404647827,-0.05857532098889351,0.38979053497314453,0.24977345764636993,-0.06447139382362366,0.5272498726844788,0.4012077748775482,-0.04396791011095047,0.5033215880393982,0.3330153226852417,-0.05967176333069801,0.48581355810165405,0.29109013080596924,-0.06303796917200089,0.4662872850894928,0.2548985481262207,-0.0645761713385582,H
0.1932481974363327,0.6746552586555481,4.7135338832049456e-07,0.1699664294719696,0.5753577947616577,-0.008265429176390171,0.1707828789949417,0.47840288281440735,-0.01868836209177971,0.1766296625137329,0.40016424655914307,-0.028095703572034836,0.17098481953144073,0.3436391353607178,-0.03772956132888794,0.2564062774181366,0.44812437891960144,-0.026841916143894196,0.3174048364162445,0.3609142303466797,-0.04354153200984001,0.3562931418418884,0.31267082691192627,-0.05323907732963562,0.38868653774261475,0.2781616747379303,-0.05783160775899887,0.2928840219974518,0.4813116788864136,-0.03292955830693245,0.36261481046676636,0.3851786255836487,-0.043351009488105774,0.4068027138710022,0.32938021421432495,-0.048747822642326355,0.44113051891326904,0.29020148515701294,-0.052358344197273254,0.31902700662612915,0.5240867137908936,-0.03906294330954552,0.38465577363967896,0.4419751465320587,-0.047255512326955795,0.4265466332435608,0.39677727222442627,-0.05154085531830788,0.4574596881866455,0.36538374423980713,-0.0543813481926918,0.33497390151023865,0.5721834897994995,-0.04565681144595146,0.38600099086761475,0.5106522440910339,-0.05056757852435112,0.41651466488838196,0.47660455107688904,-0.04861421883106232,0.4410582482814789,0.44969502091407776,-0.04615708068013191,H
0.572368323802948,0.6239005923271179,3.3189868986482907e-07,0.4996322691440582,0.6176156997680664,-0.013458226807415485,0.4247167706489563,0.5706329941749573,-0.020957471802830696,0.3786431849002838,0.5348313450813293,-0.030702488496899605,0.3580784797668457,0.4933840334415436,-0.04087293520569801,0.4131171405315399,0.45600026845932007,-0.005685039330273867,0.375175416469574,0.38071373105049133,-0.027122817933559418,0.34426093101501465,0.33760589361190796,-0.04581193998456001,0.3157498240470886,0.3018844425678253,-0.059506889432668686,0.44329124689102173,0.42650943994522095,-0.016306152567267418,0.4004024863243103,0.33973413705825806,-0.03702470287680626,0.36353904008865356,0.29408279061317444,-0.05410008132457733,0.32956910133361816,0.25911492109298706,-0.06518629193305969,0.4808104634284973,0.41050589084625244,-0.030479781329631805,0.44297921657562256,0.323662668466568,-0.05171189829707146,0.4150579869747162,0.2859543561935425,-0.061690255999565125,0.3882690370082855,0.25936365127563477,-0.06728342175483704,0.5255331993103027,0.40760061144828796,-0.04655889794230461,0.5014231204986572,0.3374069333076477,-0.06324814260005951,0.4827272891998291,0.2951606214046478,-0.06734753400087357,0.4616784453392029,0.2599342465400696,-0.06936051696538925,H
0.19543971121311188,0.6791439056396484,4.630826992979564e-07,0.17094725370407104,0.579776406288147,-0.008123173378407955,0.1706829071044922,0.48323774337768555,-0.018892953172326088,0.17781198024749756,0.4066355526447296,-0.028770092874765396,0.17383623123168945,0.35107421875,-0.03892502188682556,0.2570570409297943,0.45228463411331177,-0.02736065164208412,0.3184998035430908,0.36329519748687744,-0.04436792433261871,0.3582106828689575,0.3152586817741394,-0.05412210524082184,0.39120256900787354,0.28204116225242615,-0.058598391711711884,0.2934476435184479,0.48761698603630066,-0.03370936959981918,0.36184823513031006,0.38994017243385315,-0.04449089989066124,0.40550634264945984,0.33463960886001587,-0.049742601811885834,0.43975767493247986,0.29654115438461304,-0.053048476576805115,0.3195285499095917,0.5318264365196228,-0.04010434448719025,0.38446176052093506,0.44863587617874146,-0.04860663041472435,0.4253101348876953,0.40152066946029663,-0.05261493846774101,0.4553079605102539,0.3690161108970642,-0.05515673756599426,0.33620843291282654,0.5811317563056946,-0.04693995788693428,0.3853885531425476,0.5189526081085205,-0.05223248153924942,0.414767324924469,0.4836181402206421,-0.050131313502788544,0.43868011236190796,0.45561689138412476,-0.04738607630133629,H
0.5740776062011719,0.629559338092804,3.5710277757061704e-07,0.5013138055801392,0.621650755405426,-0.011212726123631,0.42696258425712585,0.5723752975463867,-0.016728941351175308,0.38332700729370117,0.5345525741577148,-0.025068053975701332,0.36159375309944153,0.49596109986305237,-0.03389682620763779,0.4145728051662445,0.458941251039505,0.0005063978023827076,0.3770532011985779,0.3856086730957031,-0.01864372380077839,0.34881407022476196,0.34006622433662415,-0.03695709630846977,0.3222554624080658,0.29971426725387573,-0.05111304670572281,0.4437524676322937,0.4299558997154236,-0.0111528430134058,0.4000479578971863,0.3471710979938507,-0.02986273355782032,0.3635989725589752,0.298330157995224,-0.04744010791182518,0.32855212688446045,0.2547428607940674,-0.059616442769765854,0.48116692900657654,0.4149860739707947,-0.026480693370103836,0.44245028495788574,0.33009812235832214,-0.04602622613310814,0.41346532106399536,0.28640082478523254,-0.05679646134376526,0.3842886686325073,0.24915599822998047,-0.06392106413841248,0.5259848833084106,0.41314080357551575,-0.04371356964111328,0.5020954012870789,0.34424370527267456,-0.05929005518555641,0.4849749207496643,0.3011736273765564,-0.06315826624631882,0.46450749039649963,0.2617013454437256,-0.0657835453748703,H
0.1929388791322708,0.6945412158966064,4.080143582996243e-07,0.17211580276489258,0.5932493805885315,-0.007724665105342865,0.17583967745304108,0.49395692348480225,-0.017927635461091995,0.18429499864578247,0.41625654697418213,-0.027362428605556488,0.18303494155406952,0.3582095503807068,-0.03709370270371437,0.26084181666374207,0.46515530347824097,-0.024982471019029617,0.32108089327812195,0.3780706226825714,-0.042065367102622986,0.3595021069049835,0.33044958114624023,-0.052871543914079666,0.3909752368927002,0.2962472438812256,-0.05853841081261635,0.2968904376029968,0.5008231401443481,-0.03154481202363968,0.3649764657020569,0.40618714690208435,-0.04266195744276047,0.40670278668403625,0.3517425060272217,-0.04937305301427841,0.4382806420326233,0.3126208186149597,-0.05395594239234924,0.32256773114204407,0.545039713382721,-0.03826623409986496,0.3881358206272125,0.461676687002182,-0.04757034033536911,0.4288930892944336,0.4123809039592743,-0.05337248742580414,0.4583454430103302,0.37633994221687317,-0.05734033137559891,0.3386891484260559,0.5952115058898926,-0.04528599604964256,0.38872843980789185,0.5326298475265503,-0.051735248416662216,0.41825515031814575,0.49622607231140137,-0.05137377604842186,0.44179803133010864,0.465835303068161,-0.050036098808050156,H
0.5740059018135071,0.6293028593063354,2.976509563268337e-07,0.5001858472824097,0.6195265054702759,-0.01117188110947609,0.4275727868080139,0.5701618790626526,-0.01718253642320633,0.3843235373497009,0.5322897434234619,-0.025421639904379845,0.3573070168495178,0.49345850944519043,-0.03418273106217384,0.41556644439697266,0.46023616194725037,-0.0028033957350999117,0.37567615509033203,0.391525000333786,-0.021501772105693817,0.344987690448761,0.35023313760757446,-0.03906472772359848,0.31697994470596313,0.3141217827796936,-0.05265532433986664,0.4453110992908478,0.4313068389892578,-0.014003564603626728,0.40145400166511536,0.3491808772087097,-0.03274637833237648,0.36363503336906433,0.30121782422065735,-0.04994816333055496,0.32778775691986084,0.25944316387176514,-0.061814554035663605,0.4827152192592621,0.4156944155693054,-0.02844782918691635,0.444446861743927,0.33080747723579407,-0.04809512570500374,0.4133244752883911,0.2846413850784302,-0.05934165418148041,0.38197892904281616,0.24512454867362976,-0.06697628647089005,0.5276485681533813,0.4133427143096924,-0.04451669007539749,0.5060667395591736,0.3425414264202118,-0.061008021235466,0.48846960067749023,0.29827654361724854,-0.06533408164978027,0.46732309460639954,0.2593415379524231,-0.06814149767160416,H
0.2031397819519043,0.6804757118225098,4.686087322625099e-07,0.1795806586742401,0.578691840171814,-0.0044960458762943745,0.1812686175107956,0.4782547950744629,-0.013388149440288544,0.18823042511940002,0.3983321487903595,-0.021959207952022552,0.18359486758708954,0.3401757776737213,-0.03142008185386658,0.2571691572666168,0.44805699586868286,-0.024771133437752724,0.3195924162864685,0.3600117564201355,-0.041042715311050415,0.35937777161598206,0.31153246760368347,-0.05027960613369942,0.39185693860054016,0.2766835391521454,-0.05445681884884834,0.2945702373981476,0.482053279876709,-0.032228387892246246,0.3671836256980896,0.38464924693107605,-0.041993219405412674,0.41160812973976135,0.329754114151001,-0.047203704714775085,0.44609594345092773,0.29102686047554016,-0.05079932138323784,0.3226449191570282,0.5257803797721863,-0.039349231868982315,0.39023730158805847,0.44242364168167114,-0.046801723539829254,0.4322105944156647,0.3950771391391754,-0.05155844986438751,0.4627269208431244,0.3609321117401123,-0.05513305589556694,0.34134748578071594,0.5745126605033875,-0.04644610360264778,0.39355015754699707,0.5105196237564087,-0.050158243626356125,0.42331451177597046,0.4735702872276306,-0.047970328480005264,0.4468495845794678,0.44219931960105896,-0.045809268951416016,H
0.5775045156478882,0.6288623809814453,3.1516040621681896e-07,0.5025144815444946,0.6236162185668945,-0.013463986106216908,0.4266982674598694,0.5770902037620544,-0.02057609334588051,0.38214027881622314,0.5370761752128601,-0.029541974887251854,0.36234185099601746,0.4900684952735901,-0.038650110363960266,0.4082210958003998,0.46815869212150574,-0.003644571639597416,0.3672334551811218,0.3993419408798218,-0.02458121068775654,0.336050808429718,0.35934725403785706,-0.043539859354496,0.30775558948516846,0.325008749961853,-0.05775636434555054,0.43916645646095276,0.43498021364212036,-0.014289667829871178,0.3953205347061157,0.35209545493125916,-0.034623824059963226,0.359963059425354,0.30455833673477173,-0.052713386714458466,0.3261528015136719,0.26286759972572327,-0.06501996517181396,0.47779691219329834,0.41497933864593506,-0.02863394282758236,0.4381917417049408,0.3317710757255554,-0.04929208755493164,0.4085310995578766,0.28840726613998413,-0.06065503880381584,0.3786289095878601,0.25231075286865234,-0.0681377425789833,0.5242983102798462,0.40817689895629883,-0.04489259049296379,0.4991757571697235,0.33999115228652954,-0.06163186952471733,0.4803967773914337,0.29748156666755676,-0.06626851111650467,0.4592888653278351,0.25994521379470825,-0.069186270236969,H
0.20084960758686066,0.6893338561058044,4.845643388762255e-07,0.17669422924518585,0.5879655480384827,-0.010337399318814278,0.17452841997146606,0.4883865416049957,-0.022329434752464294,0.17976336181163788,0.40927088260650635,-0.03333647921681404,0.17651616036891937,0.34949859976768494,-0.044543568044900894,0.2545057237148285,0.4578119218349457,-0.028414281085133553,0.3121357262134552,0.3730955421924591,-0.0475219301879406,0.3505557179450989,0.32394397258758545,-0.05982545390725136,0.38322341442108154,0.2876541316509247,-0.06656377762556076,0.2932165265083313,0.489835262298584,-0.035392146557569504,0.36037296056747437,0.39541786909103394,-0.04714275896549225,0.4042587876319885,0.33898812532424927,-0.05390345677733421,0.44004714488983154,0.2974601984024048,-0.05913962051272392,0.3221765160560608,0.5321611166000366,-0.042905569076538086,0.385286420583725,0.4483086168766022,-0.0530409999191761,0.4257895052433014,0.4007313549518585,-0.05736258625984192,0.45692557096481323,0.36701148748397827,-0.06059647351503372,0.34196072816848755,0.5813840627670288,-0.05116039887070656,0.3901488780975342,0.5171472430229187,-0.05789141729474068,0.4196101427078247,0.4819439947605133,-0.05605871230363846,0.4440850615501404,0.4536031484603882,-0.05393855646252632,H
0.5667895078659058,0.6220609545707703,3.366679663940886e-07,0.48871102929115295,0.6144735217094421,-0.008923135697841644,0.4108647108078003,0.5598084926605225,-0.011974858120083809,0.3649703860282898,0.519471287727356,-0.017577705904841423,0.33402347564697266,0.4797745645046234,-0.023593740537762642,0.402887761592865,0.45244163274765015,0.0009089063969440758,0.36464470624923706,0.3752659261226654,-0.016340607777237892,0.33499377965927124,0.3293772339820862,-0.032683901488780975,0.30643153190612793,0.2898995280265808,-0.04534026235342026,0.43399399518966675,0.42256221175193787,-0.010410544462502003,0.3908528685569763,0.33618420362472534,-0.027237942442297935,0.3533250689506531,0.2884175181388855,-0.0424678735435009,0.3166065216064453,0.24709650874137878,-0.05298248305916786,0.47270485758781433,0.4058379530906677,-0.024955593049526215,0.43473073840141296,0.3178837299346924,-0.04242999851703644,0.4049564599990845,0.2753641605377197,-0.05092300847172737,0.37475723028182983,0.24084849655628204,-0.05656731501221657,0.5190066695213318,0.40142443776130676,-0.04120730236172676,0.49481937289237976,0.3297865390777588,-0.05532495304942131,0.4756864309310913,0.28746673464775085,-0.057655926793813705,0.4531308114528656,0.25143903493881226,-0.05897336080670357,H
0.2006739377975464,0.6944867968559265,4.5920245383967995e-07,0.17691971361637115,0.5876855850219727,-0.005862841848284006,0.178099125623703,0.4858262836933136,-0.014684280380606651,0.18359534442424774,0.4070432186126709,-0.022839155048131943,0.17936721444129944,0.3487698435783386,-0.031493980437517166,0.2585734724998474,0.4537937045097351,-0.02306220680475235,0.3204222321510315,0.3697058856487274,-0.038952283561229706,0.3599678575992584,0.3204970061779022,-0.04889911040663719,0.39170897006988525,0.2841038703918457,-0.05403608828783035,0.29720431566238403,0.4910173714160919,-0.030494507402181625,0.3675629198551178,0.3978651165962219,-0.03951432555913925,0.41255736351013184,0.3418824076652527,-0.045128703117370605,0.4477384686470032,0.2992405295372009,-0.04946359619498253,0.3246382772922516,0.5380890369415283,-0.0378432460129261,0.38871458172798157,0.45485323667526245,-0.04584108665585518,0.4300630986690521,0.4075146019458771,-0.05012349411845207,0.4606778025627136,0.37291622161865234,-0.053305476903915405,0.34175366163253784,0.5905229449272156,-0.045310188084840775,0.38827428221702576,0.5259961485862732,-0.050198864191770554,0.41613900661468506,0.49081069231033325,-0.04748871922492981,0.4380842447280884,0.46215930581092834,-0.044634558260440826,H
0.5676447153091431,0.6334238052368164,3.179006284881325e-07,0.4885946810245514,0.6249384880065918,-0.010897323489189148,0.4115043878555298,0.5689593553543091,-0.015078703872859478,0.3673720359802246,0.5259243249893188,-0.02147662453353405,0.3377804756164551,0.4849518835544586,-0.028340797871351242,0.40368303656578064,0.4642763137817383,-0.0014973013894632459,0.3667236566543579,0.3878512382507324,-0.02085796184837818,0.3372725546360016,0.34190452098846436,-0.039167627692222595,0.30891701579093933,0.3024469316005707,-0.05327136442065239,0.434593141078949,0.4335044026374817,-0.012590748257935047,0.39262881875038147,0.3483462929725647,-0.03235340490937233,0.3544434607028961,0.2996669113636017,-0.05022219568490982,0.31612086296081543,0.25746744871139526,-0.062448155134916306,0.4728577733039856,0.41495516896247864,-0.02707616798579693,0.4350796937942505,0.3281126618385315,-0.04713853821158409,0.4032638669013977,0.28219208121299744,-0.05881524085998535,0.3694150745868683,0.2443980723619461,-0.06657153367996216,0.5183416604995728,0.4090346097946167,-0.043325312435626984,0.4936530888080597,0.3375575542449951,-0.06048358604311943,0.4733831286430359,0.2946951985359192,-0.0656454786658287,0.44947853684425354,0.2587728202342987,-0.06888524442911148,H
0.20091474056243896,0.6913684606552124,4.778644893121964e-07,0.17567922174930573,0.5882210731506348,-0.00512974476441741,0.1800040900707245,0.48794469237327576,-0.015024645254015923,0.19255970418453217,0.40752941370010376,-0.024398857727646828,0.18516653776168823,0.34942179918289185,-0.03428729996085167,0.2638823986053467,0.4540637135505676,-0.023343920707702637,0.32943829894065857,0.3738008141517639,-0.03833911567926407,0.37190109491348267,0.3297120928764343,-0.0478074811398983,0.40573811531066895,0.2974473237991333,-0.05227015167474747,0.3015764355659485,0.4929669499397278,-0.030595526099205017,0.3727893829345703,0.3999490439891815,-0.038954779505729675,0.4177330732345581,0.34630173444747925,-0.04320143908262253,0.45246827602386475,0.3065597116947174,-0.04607890173792839,0.3286064565181732,0.5386514663696289,-0.03748997673392296,0.3918205499649048,0.4503718614578247,-0.043263401836156845,0.4318079650402069,0.3979075849056244,-0.045893315225839615,0.46062490344047546,0.36021220684051514,-0.048028234392404556,0.34623491764068604,0.5880787372589111,-0.04463586211204529,0.3940080404281616,0.5195645689964294,-0.046914540231227875,0.4230201244354248,0.4794381856918335,-0.04316185414791107,0.44539451599121094,0.4472399055957794,-0.03958635777235031,H
0.5702980756759644,0.6284115314483643,2.9089679287608305e-07,0.49152398109436035,0.6206759810447693,-0.008706371299922466,0.41482943296432495,0.5706983804702759,-0.012413500808179379,0.37133097648620605,0.5317758321762085,-0.018870705738663673,0.348584920167923,0.488442599773407,-0.025960087776184082,0.4084286093711853,0.4653853476047516,0.0029858790803700686,0.37126222252845764,0.39208731055259705,-0.015225118957459927,0.3415854275226593,0.3481431305408478,-0.03331011161208153,0.31388992071151733,0.30945637822151184,-0.04750202223658562,0.43735119700431824,0.43456658720970154,-0.008611544966697693,0.3932652771472931,0.35127103328704834,-0.026810504496097565,0.3561601936817169,0.30218976736068726,-0.04418749362230301,0.3196905255317688,0.2584264874458313,-0.056585509330034256,0.473280131816864,0.41631776094436646,-0.023661969229578972,0.43351879715919495,0.32980525493621826,-0.04316222295165062,0.40225523710250854,0.28337424993515015,-0.0550885945558548,0.3697318732738495,0.2462354451417923,-0.0631825253367424,0.5166715383529663,0.4098529815673828,-0.04016716033220291,0.4876680374145508,0.3421313762664795,-0.0571419894695282,0.4651048183441162,0.30519843101501465,-0.06216730922460556,0.4390786290168762,0.2769942581653595,-0.06553131341934204,H
0.20813056826591492,0.6972120404243469,4.40525923295354e-07,0.18047893047332764,0.5960745215415955,-0.0028544198721647263,0.18375633656978607,0.49288222193717957,-0.009131238795816898,0.19568544626235962,0.41385123133659363,-0.015121509321033955,0.19109411537647247,0.3598935306072235,-0.021202120929956436,0.26891615986824036,0.45609167218208313,-0.01559660118073225,0.33333513140678406,0.37997257709503174,-0.027529744431376457,0.3751918077468872,0.3382241725921631,-0.03526236116886139,0.40810415148735046,0.3090338706970215,-0.03862015902996063,0.3077548146247864,0.4925341010093689,-0.022507444024086,0.3776278793811798,0.4022941291332245,-0.029181895777583122,0.4216441512107849,0.3506198227405548,-0.03243093192577362,0.45586127042770386,0.3129568099975586,-0.03426142409443855,0.3357221484184265,0.5368800759315491,-0.0292363278567791,0.39804327487945557,0.4517657160758972,-0.03380877524614334,0.437742680311203,0.4007849395275116,-0.03617976978421211,0.4663216471672058,0.36443227529525757,-0.03772610053420067,0.3538001775741577,0.5860259532928467,-0.03611886873841286,0.4013201594352722,0.5193887948989868,-0.03664379566907883,0.43007344007492065,0.4795621633529663,-0.0321342833340168,0.45177674293518066,0.4483998715877533,-0.027935538440942764,H
0.21950900554656982,0.6763563752174377,5.772624263045145e-07,0.1861867606639862,0.5828056335449219,-0.011354893445968628,0.1837313026189804,0.48828211426734924,-0.023728637024760246,0.19583365321159363,0.41547757387161255,-0.03330128639936447,0.1994880586862564,0.3622172474861145,-0.04308300465345383,0.2713690400123596,0.4534651041030884,-0.03721359744668007,0.34262916445732117,0.37782686948776245,-0.054428987205028534,0.3868755102157593,0.33571857213974,-0.06376801431179047,0.4204779267311096,0.3066152334213257,-0.0670817419886589,0.30998849868774414,0.49336397647857666,-0.04014544188976288,0.38187259435653687,0.40425029397010803,-0.05264831334352493,0.4279617369174957,0.35011640191078186,-0.05779879540205002,0.4621642231941223,0.31185591220855713,-0.05999210104346275,0.3372729420661926,0.5369849801063538,-0.04232177510857582,0.4000307619571686,0.4538711607456207,-0.051876362413167953,0.44129467010498047,0.4019221067428589,-0.05622874200344086,0.47085487842559814,0.3665192723274231,-0.057995472103357315,0.35424068570137024,0.5813252925872803,-0.04463488608598709,0.4015131890773773,0.5179092884063721,-0.049613986164331436,0.4309106767177582,0.47923970222473145,-0.04729620739817619,0.45365750789642334,0.45114943385124207,-0.04360492527484894,H
0.21442946791648865,0.6689756512641907,5.38675067218719e-07,0.18221703171730042,0.5762420296669006,-0.0111831184476614,0.17979997396469116,0.47852203249931335,-0.02310010977089405,0.19049018621444702,0.40086573362350464,-0.03190414607524872,0.1911226511001587,0.3473304808139801,-0.04109567403793335,0.267589271068573,0.44708529114723206,-0.038111425936222076,0.3350376486778259,0.37171342968940735,-0.05486780032515526,0.3780898153781891,0.32985252141952515,-0.0637892559170723,0.4115094542503357,0.3007078170776367,-0.06704410910606384,0.30630114674568176,0.4853593707084656,-0.04035740718245506,0.37805336713790894,0.39511871337890625,-0.05225445702672005,0.4233929514884949,0.3412547707557678,-0.05647781863808632,0.45745885372161865,0.3033910393714905,-0.058008044958114624,0.33316266536712646,0.529319167137146,-0.041626863181591034,0.39605969190597534,0.4466041326522827,-0.05026381090283394,0.4365072548389435,0.3946044147014618,-0.053716227412223816,0.46550434827804565,0.3589920401573181,-0.05498513579368591,0.3496935963630676,0.5754717588424683,-0.04298289865255356,0.39726537466049194,0.5099232792854309,-0.0473419614136219,0.4264165461063385,0.4692518711090088,-0.04466864839196205,0.44940823316574097,0.4394807815551758,-0.04084157571196556,H
0.5631063580513,0.6089894771575928,3.110476143319829e-07,0.48902013897895813,0.6044080853462219,-0.010766349732875824,0.41151347756385803,0.5551276803016663,-0.014876105822622776,0.36656007170677185,0.5201202630996704,-0.021034277975559235,0.34005188941955566,0.4798104763031006,-0.027508173137903214,0.4002231955528259,0.45428022742271423,-0.0012699513463303447,0.36212337017059326,0.38650956749916077,-0.02113456465303898,0.33317530155181885,0.34362882375717163,-0.04021400585770607,0.30674630403518677,0.3047657310962677,-0.05467100068926811,0.42721906304359436,0.42155754566192627,-0.01148019079118967,0.38270819187164307,0.34095317125320435,-0.030479971319437027,0.3470863699913025,0.29142922163009644,-0.04744213819503784,0.31349125504493713,0.2474202811717987,-0.059433963149785995,0.4612061381340027,0.4014613628387451,-0.02521561272442341,0.4215945899486542,0.31626051664352417,-0.04499053955078125,0.38892662525177,0.27026718854904175,-0.05725032463669777,0.35556572675704956,0.23437346518039703,-0.06548753380775452,0.5031968355178833,0.3935319781303406,-0.04064767807722092,0.47655969858169556,0.32149115204811096,-0.0579899325966835,0.45384496450424194,0.28347542881965637,-0.06385068595409393,0.42744529247283936,0.25782012939453125,-0.06773929297924042,H
0.5602480173110962,0.6148016452789307,2.9699981496378314e-07,0.48734790086746216,0.6143720149993896,-0.01196584664285183,0.41523802280426025,0.5669571161270142,-0.017540862783789635,0.3757452964782715,0.5258767008781433,-0.02490830235183239,0.3522747755050659,0.48430073261260986,-0.03254043683409691,0.39879098534584045,0.4634799063205719,-0.0017081423429772258,0.3612293303012848,0.39540088176727295,-0.020532598719000816,0.3337801396846771,0.3524720370769501,-0.03913960978388786,0.30910754203796387,0.31322312355041504,-0.053358349949121475,0.426884263753891,0.42984142899513245,-0.011167217046022415,0.3832131624221802,0.35044509172439575,-0.028908034786581993,0.3489161729812622,0.30199387669563293,-0.04516249895095825,0.31586527824401855,0.2580375075340271,-0.05683038383722305,0.46116235852241516,0.4080987274646759,-0.024136872962117195,0.42156457901000977,0.32528412342071533,-0.04259742423892021,0.38971441984176636,0.27977991104125977,-0.05306946486234665,0.35786888003349304,0.24344035983085632,-0.06009018048644066,0.5034935474395752,0.3975442051887512,-0.03904400020837784,0.47523096203804016,0.3272326588630676,-0.05470575764775276,0.4530344307422638,0.289197713136673,-0.058440275490283966,0.42772814631462097,0.2626264989376068,-0.0607132650911808,H
0.56038498878479,0.6112886071205139,2.395888429873594e-07,0.4857511520385742,0.6076200008392334,-0.009284564293920994,0.41079777479171753,0.5560466051101685,-0.011483278125524521,0.3692707419395447,0.5143296718597412,-0.015734629705548286,0.3424084782600403,0.4741431474685669,-0.02005145139992237,0.3985663652420044,0.4609741270542145,0.002889205701649189,0.36178675293922424,0.3964029550552368,-0.013826708309352398,0.335300475358963,0.3555336594581604,-0.03025810979306698,0.3112938404083252,0.31762564182281494,-0.04298779368400574,0.4269292950630188,0.4267141819000244,-0.006986322812736034,0.3849644362926483,0.35037127137184143,-0.023116253316402435,0.35171055793762207,0.3023543953895569,-0.03740526735782623,0.31986069679260254,0.25767529010772705,-0.047646794468164444,0.46184539794921875,0.40417489409446716,-0.02047921158373356,0.4244668483734131,0.323281466960907,-0.038463786244392395,0.3945213556289673,0.27715104818344116,-0.048750560730695724,0.3644474744796753,0.23905272781848907,-0.055528443306684494,0.504692554473877,0.3927319049835205,-0.03564910218119621,0.47707921266555786,0.3239123523235321,-0.05172829329967499,0.455850213766098,0.2858613133430481,-0.05614209920167923,0.43161192536354065,0.25841131806373596,-0.05889203026890755,H
0.5732216835021973,0.6155200004577637,2.647103372055426e-07,0.4990602433681488,0.612021267414093,-0.010734687559306622,0.4279710352420807,0.5611231923103333,-0.013456998392939568,0.38790276646614075,0.5164107084274292,-0.018178433179855347,0.36138108372688293,0.4747524559497833,-0.023241842165589333,0.4202520549297333,0.457919716835022,0.0033255459275096655,0.38481324911117554,0.39312461018562317,-0.013505390845239162,0.35729867219924927,0.3521941900253296,-0.030948476865887642,0.332027405500412,0.3138101100921631,-0.044750433415174484,0.44861164689064026,0.4237768054008484,-0.006025000475347042,0.4077434539794922,0.3476223349571228,-0.022129904478788376,0.37395113706588745,0.3004077076911926,-0.037923745810985565,0.34144169092178345,0.25665760040283203,-0.04950923100113869,0.4822058081626892,0.40194228291511536,-0.019108382984995842,0.44622907042503357,0.32301875948905945,-0.03686469793319702,0.41587790846824646,0.2790364921092987,-0.04770297929644585,0.38535696268081665,0.2432112693786621,-0.05508416146039963,0.5234489440917969,0.3922402560710907,-0.03413994237780571,0.49884724617004395,0.3238057792186737,-0.04966563731431961,0.47912296652793884,0.2870963215827942,-0.05395563319325447,0.456019788980484,0.2617050111293793,-0.056758519262075424,H
0.5926468372344971,0.6294106245040894,2.939203795904177e-07,0.5185186862945557,0.6230626106262207,-0.010353404097259045,0.4460817277431488,0.5698415637016296,-0.014011463150382042,0.4056330919265747,0.5261867046356201,-0.01982160657644272,0.37972065806388855,0.4844837784767151,-0.02582542411983013,0.4392309784889221,0.4689103364944458,0.0014526465674862266,0.4022502303123474,0.4012349545955658,-0.016677595674991608,0.373910129070282,0.3568574786186218,-0.03471044450998306,0.3485725522041321,0.3159867525100708,-0.048682667315006256,0.46814608573913574,0.4360583424568176,-0.008655180223286152,0.4260156750679016,0.35780608654022217,-0.02569635398685932,0.39106595516204834,0.3082101345062256,-0.04174019396305084,0.35829535126686096,0.26327258348464966,-0.05324309691786766,0.5028927326202393,0.41529035568237305,-0.022346770390868187,0.46615275740623474,0.3322990834712982,-0.0408579558134079,0.4350981116294861,0.2847098112106323,-0.05199939385056496,0.40369951725006104,0.24655790627002716,-0.05952230840921402,0.5452133417129517,0.4062388837337494,-0.03783925250172615,0.5231831073760986,0.3342256247997284,-0.05417558178305626,0.5037137269973755,0.29466596245765686,-0.058858536183834076,0.4798346757888794,0.2666778564453125,-0.06184450909495354,H
0.2488040179014206,0.6716364026069641,5.769340987171745e-07,0.21549823880195618,0.576285719871521,-0.012009200640022755,0.2206786572933197,0.4779118001461029,-0.02400215156376362,0.23684260249137878,0.403475284576416,-0.03358197957277298,0.23504140973091125,0.3488420248031616,-0.04384531453251839,0.306348592042923,0.45279306173324585,-0.03502550348639488,0.3741672933101654,0.3809213638305664,-0.053062763065099716,0.41755416989326477,0.3397291302680969,-0.06433860957622528,0.45103809237480164,0.310945600271225,-0.0696742907166481,0.3429202437400818,0.493956595659256,-0.03949018567800522,0.41471993923187256,0.4111366271972656,-0.05108097940683365,0.46137139201164246,0.359904944896698,-0.05761631578207016,0.49622857570648193,0.32361283898353577,-0.06141911447048187,0.3685655891895294,0.5404969453811646,-0.043684281408786774,0.43179672956466675,0.46395012736320496,-0.05236951261758804,0.4742114543914795,0.41619300842285156,-0.057942021638154984,0.5052096843719482,0.38284310698509216,-0.061519112437963486,0.38407209515571594,0.5888677835464478,-0.048408716917037964,0.43320921063423157,0.5309805274009705,-0.054297659546136856,0.46439415216445923,0.4941416084766388,-0.0534474179148674,0.4897401034832001,0.4654880464076996,-0.05138225480914116,H
0.24586066603660583,0.6702293157577515,6.155204914648493e-07,0.2139148712158203,0.5738458633422852,-0.01375596597790718,0.21858572959899902,0.47649505734443665,-0.02786562778055668,0.2333022654056549,0.40073367953300476,-0.03968721255660057,0.22829625010490417,0.34446436166763306,-0.05237752944231033,0.30427247285842896,0.4531974196434021,-0.03712433949112892,0.37006357312202454,0.38118550181388855,-0.05758489668369293,0.4132029116153717,0.3414168059825897,-0.07102259993553162,0.44736194610595703,0.31375664472579956,-0.07818566262722015,0.3399409055709839,0.4936057925224304,-0.042767349630594254,0.4129156172275543,0.40911993384361267,-0.057364221662282944,0.4607880711555481,0.35391443967819214,-0.06657760590314865,0.4975140392780304,0.31329989433288574,-0.07262322306632996,0.365004301071167,0.5407859086990356,-0.04836879298090935,0.42976003885269165,0.4633563160896301,-0.06064227968454361,0.47133082151412964,0.41495224833488464,-0.06771835684776306,0.5025570392608643,0.3798274099826813,-0.0722874328494072,0.3816574513912201,0.5913552045822144,-0.0545344352722168,0.43121927976608276,0.5340412259101868,-0.063786581158638,0.4610690474510193,0.49669626355171204,-0.06391002982854843,0.48598718643188477,0.46649447083473206,-0.06255985796451569,H
0.5833246111869812,0.6208215951919556,3.140136186630116e-07,0.5104283094406128,0.6113329529762268,-0.011055167764425278,0.4427124261856079,0.5615172386169434,-0.01642092689871788,0.40328890085220337,0.5235464572906494,-0.02369150146842003,0.37791678309440613,0.4854363203048706,-0.03142200782895088,0.43505141139030457,0.4607640504837036,-0.0024995729327201843,0.39723730087280273,0.39459341764450073,-0.021196290850639343,0.3700640797615051,0.3535434305667877,-0.03884144127368927,0.34536346793174744,0.31416189670562744,-0.05239465832710266,0.4635884165763855,0.4313381612300873,-0.012504863552749157,0.4208623468875885,0.3543490171432495,-0.030883396044373512,0.3868381679058075,0.30511045455932617,-0.04774405062198639,0.35460561513900757,0.2578463554382324,-0.05957775190472603,0.49927645921707153,0.41320306062698364,-0.02569298818707466,0.4626271426677704,0.33144494891166687,-0.045832231640815735,0.4323224723339081,0.2846541404724121,-0.057694803923368454,0.4016839861869812,0.24314789474010468,-0.06544279307126999,0.542108416557312,0.40653765201568604,-0.04037551209330559,0.5205944776535034,0.3390127122402191,-0.05803533270955086,0.504580020904541,0.29645106196403503,-0.06309878081083298,0.48531869053840637,0.2589693069458008,-0.06611707806587219,H
0.23206409811973572,0.691699743270874,4.805226012649655e-07,0.2125515341758728,0.5883562564849854,-0.010362520813941956,0.21872931718826294,0.48780062794685364,-0.020933428779244423,0.23258012533187866,0.4082708954811096,-0.029762394726276398,0.23388217389583588,0.34755057096481323,-0.03847077488899231,0.3016645014286041,0.4623984694480896,-0.026752101257443428,0.3686608672142029,0.3845513164997101,-0.04307292029261589,0.41059616208076477,0.34372222423553467,-0.05295250564813614,0.4454096555709839,0.3145862817764282,-0.05760800093412399,0.3374069035053253,0.5027340650558472,-0.03092310205101967,0.4104267656803131,0.41276371479034424,-0.04136703163385391,0.4555097818374634,0.36145341396331787,-0.046979814767837524,0.4908468723297119,0.32346469163894653,-0.05071012303233147,0.36227738857269287,0.5489521026611328,-0.035343024879693985,0.42919033765792847,0.46803930401802063,-0.043859560042619705,0.47093915939331055,0.4205924868583679,-0.048397310078144073,0.5012853741645813,0.3859989643096924,-0.051297083497047424,0.3780399262905121,0.5984850525856018,-0.04029319807887077,0.4304741621017456,0.5363983511924744,-0.0450609028339386,0.46055087447166443,0.5012157559394836,-0.04344450309872627,0.4833962619304657,0.47282874584198,-0.0412076897919178,H
0.5853381752967834,0.6240518093109131,3.274553534993174e-07,0.5126721858978271,0.6154063940048218,-0.010419483296573162,0.444998562335968,0.5668113231658936,-0.01588931865990162,0.4068341851234436,0.5285734534263611,-0.02363741584122181,0.38261905312538147,0.49040496349334717,-0.03186826780438423,0.4374542236328125,0.4590147137641907,-0.0014511375920847058,0.3994399309158325,0.39084702730178833,-0.019580598920583725,0.37267714738845825,0.34922927618026733,-0.03730548918247223,0.3478817343711853,0.30931174755096436,-0.050770748406648636,0.4663827419281006,0.43049851059913635,-0.011948981322348118,0.4235713481903076,0.3514469265937805,-0.029275640845298767,0.3887854814529419,0.3016132116317749,-0.04587099328637123,0.3553839325904846,0.25455141067504883,-0.057556118816137314,0.5022367238998413,0.4138422906398773,-0.02557241916656494,0.46590182185173035,0.33105432987213135,-0.043925222009420395,0.43587324023246765,0.2851793169975281,-0.05463416129350662,0.40578481554985046,0.24578368663787842,-0.06164943426847458,0.5450699925422668,0.4090382158756256,-0.04083491116762161,0.5225528478622437,0.34015771746635437,-0.05597682297229767,0.5060624480247498,0.2972770929336548,-0.05923698842525482,0.486503541469574,0.2600643038749695,-0.061064254492521286,H
0.227778360247612,0.6952602863311768,4.875471404375276e-07,0.20879103243350983,0.5878291726112366,-0.009162814356386662,0.21548093855381012,0.4854468107223511,-0.018900416791439056,0.2300187200307846,0.40689796209335327,-0.02709476836025715,0.23232987523078918,0.3482329845428467,-0.03501080349087715,0.2971732020378113,0.4625205993652344,-0.025088846683502197,0.3653477728366852,0.38350731134414673,-0.040469031780958176,0.40849626064300537,0.34216997027397156,-0.04943755641579628,0.44403815269470215,0.31336164474487305,-0.053396157920360565,0.33400759100914,0.5035847425460815,-0.02967176027595997,0.40781939029693604,0.4124961793422699,-0.03906089439988136,0.45342159271240234,0.3606135845184326,-0.043676164001226425,0.4893382787704468,0.3233668804168701,-0.04658248648047447,0.35986804962158203,0.5505555272102356,-0.03441550210118294,0.42768171429634094,0.46748268604278564,-0.04151296988129616,0.46918612718582153,0.41981181502342224,-0.0446992963552475,0.5000979900360107,0.38574931025505066,-0.0467582568526268,0.3755633533000946,0.6008062362670898,-0.03969014436006546,0.42747145891189575,0.5373525023460388,-0.043147869408130646,0.4580530524253845,0.5013362169265747,-0.04042598605155945,0.48220986127853394,0.47285139560699463,-0.03737993538379669,H
0.5839723348617554,0.6252511143684387,3.163313806453516e-07,0.5111591815948486,0.6141906380653381,-0.009385903365910053,0.44373470544815063,0.5623005628585815,-0.013640614226460457,0.4060336947441101,0.5220960378646851,-0.02015896886587143,0.3813771903514862,0.4839021861553192,-0.027168292552232742,0.4358177185058594,0.4591369032859802,-0.0001645436859689653,0.39787352085113525,0.38961005210876465,-0.017735272645950317,0.37066030502319336,0.34709346294403076,-0.034689728170633316,0.3454066514968872,0.3076303005218506,-0.047583188861608505,0.46466171741485596,0.4308198392391205,-0.010760544799268246,0.4221271574497223,0.35068070888519287,-0.027765892446041107,0.38706088066101074,0.3004424571990967,-0.043921973556280136,0.35324910283088684,0.25353434681892395,-0.05515698716044426,0.5005176663398743,0.4137750267982483,-0.024395881220698357,0.46380969882011414,0.3296545147895813,-0.04289320856332779,0.4333116412162781,0.28264981508255005,-0.05370752513408661,0.4021742641925812,0.24173089861869812,-0.06073851138353348,0.5437618494033813,0.40813684463500977,-0.03952915966510773,0.5215603113174438,0.33810222148895264,-0.055386222898960114,0.5049888491630554,0.29461610317230225,-0.05919906869530678,0.48479321599006653,0.2569403648376465,-0.06131495162844658,H
0.23041319847106934,0.695033609867096,4.922388825434609e-07,0.2086101919412613,0.5887789726257324,-0.011549255810678005,0.21270537376403809,0.4895285964012146,-0.023120954632759094,0.22699768841266632,0.4101329445838928,-0.032816190272569656,0.22676214575767517,0.35066819190979004,-0.04225198179483414,0.29705607891082764,0.4651576280593872,-0.02756037749350071,0.364236056804657,0.3869715929031372,-0.04393588379025459,0.4065120220184326,0.3457143008708954,-0.05384102836251259,0.4420468211174011,0.31627169251441956,-0.05856047943234444,0.3345092535018921,0.5052730441093445,-0.03143409267067909,0.4072420597076416,0.4144730865955353,-0.042108453810214996,0.4522267282009125,0.3630361557006836,-0.04749921336770058,0.48813849687576294,0.32545700669288635,-0.051035862416028976,0.3601841926574707,0.5510653257369995,-0.03562840819358826,0.4264029860496521,0.47012853622436523,-0.04395606368780136,0.467724084854126,0.42268529534339905,-0.04776556044816971,0.4981570243835449,0.3884223997592926,-0.0501675009727478,0.375866562128067,0.6001349687576294,-0.040558695793151855,0.4267114996910095,0.537604570388794,-0.04468593746423721,0.45625030994415283,0.5018324255943298,-0.04221644625067711,0.4791184067726135,0.47329190373420715,-0.039380259811878204,H
0.5868200063705444,0.6293514370918274,3.0918525339984626e-07,0.5120399594306946,0.6175493597984314,-0.009601764380931854,0.43975991010665894,0.5668277740478516,-0.013889919966459274,0.3970547914505005,0.5317740440368652,-0.020432790741324425,0.370434045791626,0.4955544173717499,-0.027532437816262245,0.4377504289150238,0.4623177945613861,-0.0021580499596893787,0.39914312958717346,0.3926963806152344,-0.020381418988108635,0.3709445595741272,0.3503093123435974,-0.03774383291602135,0.3445352613925934,0.31129369139671326,-0.05092116817831993,0.4665783941745758,0.43493911623954773,-0.01286474522203207,0.42323482036590576,0.3546615540981293,-0.03050433099269867,0.3870973289012909,0.30487722158432007,-0.04703276604413986,0.35217565298080444,0.2582858204841614,-0.058476392179727554,0.5028643608093262,0.41799017786979675,-0.026508409529924393,0.46483829617500305,0.3341686725616455,-0.04538116231560707,0.43342626094818115,0.2856748104095459,-0.056867629289627075,0.4010631740093231,0.2434268742799759,-0.06439737230539322,0.5461804270744324,0.41267433762550354,-0.041571591049432755,0.5235589742660522,0.3440130949020386,-0.057686757296323776,0.5065231323242188,0.3010646104812622,-0.06181960552930832,0.4860396683216095,0.26372987031936646,-0.0642356127500534,H
0.22653771936893463,0.6934438943862915,4.755477789331053e-07,0.20603419840335846,0.5861842632293701,-0.007974267937242985,0.21131525933742523,0.4868079125881195,-0.017844051122665405,0.22321952879428864,0.40904802083969116,-0.02632479928433895,0.22456121444702148,0.35048729181289673,-0.034811120480298996,0.29485803842544556,0.4623754918575287,-0.025961492210626602,0.36205121874809265,0.3828040063381195,-0.04125469923019409,0.40436112880706787,0.3404833972454071,-0.04993361607193947,0.43876153230667114,0.3103758692741394,-0.05365036800503731,0.3319768011569977,0.5028836131095886,-0.031253647059202194,0.4058159589767456,0.41144049167633057,-0.040435101836919785,0.4517466425895691,0.3595627546310425,-0.04454021900892258,0.487305223941803,0.32197099924087524,-0.04726392403244972,0.35738715529441833,0.5491750836372375,-0.03658045828342438,0.42474913597106934,0.46690869331359863,-0.04433072730898857,0.46680372953414917,0.4188983738422394,-0.047877054661512375,0.4976276755332947,0.38426440954208374,-0.050165608525276184,0.37286925315856934,0.5981112718582153,-0.042191408574581146,0.42514240741729736,0.5357926487922668,-0.04648388922214508,0.45627856254577637,0.5007328391075134,-0.0441446378827095,0.48030951619148254,0.4722214937210083,-0.04143967479467392,H
0.5900487899780273,0.6320364475250244,2.877038127735432e-07,0.5153524279594421,0.6227403283119202,-0.009435860440135002,0.44341516494750977,0.5758703351020813,-0.014434129931032658,0.400859534740448,0.5436736941337585,-0.022055882960557938,0.3756883144378662,0.5083245038986206,-0.03013920597732067,0.43644484877586365,0.4687053859233856,-0.0009574388968758285,0.397316575050354,0.4022354483604431,-0.020364247262477875,0.3677680492401123,0.3618578612804413,-0.0387129969894886,0.3401424288749695,0.3250921964645386,-0.05253884941339493,0.46437355875968933,0.4390658438205719,-0.012405543588101864,0.4207896888256073,0.35924679040908813,-0.03125195577740669,0.3842424750328064,0.3101668357849121,-0.04794682562351227,0.3490726947784424,0.26490458846092224,-0.05954141169786453,0.49998921155929565,0.42063045501708984,-0.027153311297297478,0.46168068051338196,0.3356693387031555,-0.046807900071144104,0.4318765103816986,0.28822454810142517,-0.05803957208991051,0.4004054069519043,0.24764811992645264,-0.06535382568836212,0.5434411764144897,0.4139748215675354,-0.04346894472837448,0.5217957496643066,0.34129661321640015,-0.05997874215245247,0.5039780139923096,0.29861992597579956,-0.06443771719932556,0.4816921055316925,0.2633797228336334,-0.06721692532300949,H
0.22383764386177063,0.6835072636604309,4.772076636072597e-07,0.20305201411247253,0.578212320804596,-0.006972664967179298,0.2065524458885193,0.4791678190231323,-0.016901815310120583,0.21805045008659363,0.40062767267227173,-0.025390667840838432,0.21794866025447845,0.3418422341346741,-0.03371233865618706,0.2912938892841339,0.4508662521839142,-0.02555510401725769,0.3597925901412964,0.3721979558467865,-0.03921521082520485,0.40103229880332947,0.32923099398612976,-0.04650356248021126,0.4331754744052887,0.29886123538017273,-0.049221232533454895,0.32824066281318665,0.49116942286491394,-0.030467789620161057,0.402871698141098,0.40071791410446167,-0.03836400806903839,0.44702479243278503,0.34954872727394104,-0.04080579802393913,0.4795992970466614,0.31328779458999634,-0.04200968146324158,0.35378336906433105,0.5377106070518494,-0.0350659154355526,0.42083072662353516,0.4557064473628998,-0.040612127631902695,0.4613790214061737,0.4087780714035034,-0.042171601206064224,0.4896571636199951,0.37558725476264954,-0.04308962821960449,0.36933472752571106,0.5874576568603516,-0.03988535329699516,0.4201306998729706,0.5253150463104248,-0.041701726615428925,0.4497116804122925,0.48971134424209595,-0.03755348548293114,0.47209829092025757,0.46100538969039917,-0.03342440351843834,H
0.591181218624115,0.6526942253112793,2.862670385184174e-07,0.5164308547973633,0.6445068717002869,-0.011627129279077053,0.44432327151298523,0.5971442461013794,-0.018213722854852676,0.40167295932769775,0.5620183944702148,-0.027342693880200386,0.37928521633148193,0.5187045931816101,-0.036979347467422485,0.43677783012390137,0.49197623133659363,-0.0028424423653632402,0.39850080013275146,0.4202788770198822,-0.02533050999045372,0.36923104524612427,0.3739059567451477,-0.04575074091553688,0.34225547313690186,0.33254534006118774,-0.06109416484832764,0.4649908244609833,0.4613712430000305,-0.01417470071464777,0.4210677146911621,0.38258612155914307,-0.036816615611314774,0.38620612025260925,0.33323365449905396,-0.05545875057578087,0.35133934020996094,0.286912739276886,-0.06798680126667023,0.5001969337463379,0.4413480758666992,-0.02914174273610115,0.4600573182106018,0.36231282353401184,-0.052401814609766006,0.43074628710746765,0.31698501110076904,-0.06431161612272263,0.3985740840435028,0.27667951583862305,-0.07125130295753479,0.5436292290687561,0.43176987767219543,-0.045862093567848206,0.515104353427887,0.3646025061607361,-0.06504646688699722,0.4939750134944916,0.3272252678871155,-0.07020430266857147,0.46874794363975525,0.2959215044975281,-0.07280801236629486,H
0.22281157970428467,0.6904498934745789,4.6844175471960625e-07,0.2005048394203186,0.5877705812454224,-0.008433511480689049,0.2042607069015503,0.48585569858551025,-0.018851950764656067,0.21584737300872803,0.40662920475006104,-0.027941478416323662,0.21594296395778656,0.3480626940727234,-0.03702343627810478,0.2894475758075714,0.45610639452934265,-0.024870825931429863,0.3577832579612732,0.37803933024406433,-0.039963703602552414,0.400144100189209,0.3351782560348511,-0.04916047677397728,0.43320539593696594,0.3041076362133026,-0.05344274640083313,0.3265218138694763,0.49588605761528015,-0.030140763148665428,0.4004612863063812,0.4070952832698822,-0.0392783023416996,0.4455908238887787,0.35592156648635864,-0.04363580048084259,0.4793062210083008,0.3183535933494568,-0.0462421178817749,0.35230523347854614,0.5428252220153809,-0.0354234017431736,0.41829681396484375,0.45986881852149963,-0.042127881199121475,0.4594621956348419,0.41174259781837463,-0.0448395237326622,0.48851269483566284,0.37745827436447144,-0.046537891030311584,0.3681689202785492,0.593681275844574,-0.041148073971271515,0.4173390567302704,0.5273278951644897,-0.04445931315422058,0.4458441734313965,0.49005892872810364,-0.04089517891407013,0.4673253893852234,0.46058735251426697,-0.03705801069736481,H
0.5835492014884949,0.6432578563690186,2.899523110500013e-07,0.5128406882286072,0.6354126930236816,-0.011478408239781857,0.44140806794166565,0.5874900221824646,-0.017629602923989296,0.40143507719039917,0.5497562885284424,-0.02557295933365822,0.38283613324165344,0.5041706562042236,-0.033754754811525345,0.42710405588150024,0.47572842240333557,-0.0036673638969659805,0.3909449577331543,0.40183842182159424,-0.023963946849107742,0.3612082898616791,0.356131374835968,-0.04223150014877319,0.3341776132583618,0.31809309124946594,-0.05613506957888603,0.4577447175979614,0.44615036249160767,-0.014231018722057343,0.41780757904052734,0.36090779304504395,-0.0345437154173851,0.3830602467060089,0.31469467282295227,-0.050341371446847916,0.3487391471862793,0.27744612097740173,-0.061195533722639084,0.4943343997001648,0.4280596375465393,-0.028330150991678238,0.4587549567222595,0.34212082624435425,-0.049230773001909256,0.4277075231075287,0.29849737882614136,-0.0590716116130352,0.395315557718277,0.26504433155059814,-0.06514358520507812,0.5389825105667114,0.4211280047893524,-0.044138845056295395,0.5098285675048828,0.3506479859352112,-0.06251402199268341,0.48507630825042725,0.3126504719257355,-0.0673058032989502,0.4569762051105499,0.2854912281036377,-0.06982786953449249,H
0.5884485244750977,0.6575977802276611,2.701729613363568e-07,0.5163096785545349,0.6525309085845947,-0.010977977886795998,0.44453030824661255,0.6072143316268921,-0.016558649018406868,0.40514832735061646,0.5722391605377197,-0.02445201203227043,0.3865494728088379,0.5294302701950073,-0.032829899340867996,0.43329909443855286,0.49324309825897217,-0.002298925071954727,0.39469069242477417,0.4230117201805115,-0.02401306852698326,0.3630205988883972,0.37757351994514465,-0.0436917282640934,0.33487677574157715,0.33869925141334534,-0.058563727885484695,0.46196356415748596,0.46177637577056885,-0.013915047980844975,0.41874077916145325,0.3795209228992462,-0.03591044247150421,0.3824536204338074,0.33006078004837036,-0.053345102816820145,0.3465583324432373,0.28760480880737305,-0.06516504287719727,0.49697333574295044,0.4422869086265564,-0.02926798351109028,0.45921236276626587,0.3598657548427582,-0.051962316036224365,0.4292200803756714,0.3143784999847412,-0.06345556676387787,0.39640873670578003,0.27701061964035034,-0.07033982872962952,0.5404029488563538,0.4347672462463379,-0.046387117356061935,0.5129042267799377,0.3651866912841797,-0.06624698638916016,0.4906015694141388,0.3267785310745239,-0.07215416431427002,0.46335744857788086,0.29710015654563904,-0.07537147402763367,H
0.5925557613372803,0.665190577507019,2.029378123324932e-07,0.5174855589866638,0.6566982269287109,-0.011025448329746723,0.44304394721984863,0.6082634925842285,-0.016993921250104904,0.400981605052948,0.5690944194793701,-0.025473525747656822,0.3822188973426819,0.523515522480011,-0.0340765155851841,0.43450605869293213,0.5004376769065857,-0.0019237968372181058,0.3965732753276825,0.42890292406082153,-0.024383148178458214,0.365325003862381,0.38729485869407654,-0.04476628080010414,0.3349584937095642,0.352701872587204,-0.059746161103248596,0.4630085825920105,0.46808257699012756,-0.01311450731009245,0.42086827754974365,0.3857719898223877,-0.03469990938901901,0.3847506642341614,0.33879196643829346,-0.051675692200660706,0.34884196519851685,0.2974628210067749,-0.06329544633626938,0.49776244163513184,0.4468753933906555,-0.028124254196882248,0.4602936804294586,0.36477380990982056,-0.0498167984187603,0.43006396293640137,0.32118672132492065,-0.06011291593313217,0.39794301986694336,0.2850187122821808,-0.06616882979869843,0.540582537651062,0.4359608590602875,-0.04511547461152077,0.5109288692474365,0.3650979697704315,-0.06307701021432877,0.48527991771698,0.32958000898361206,-0.06772811710834503,0.4559890329837799,0.30357784032821655,-0.07011584937572479,H
0.2242072969675064,0.6816695928573608,4.5141283067096083e-07,0.20046725869178772,0.5826315879821777,-0.007266162894666195,0.2047359049320221,0.4800846576690674,-0.01785329170525074,0.2169145941734314,0.40139177441596985,-0.02698742225766182,0.21402645111083984,0.3437787890434265,-0.03666846081614494,0.28684476017951965,0.45115482807159424,-0.030460791662335396,0.35322055220603943,0.3727380037307739,-0.046777885407209396,0.3955223858356476,0.32934537529945374,-0.05600353330373764,0.4279274642467499,0.2982579171657562,-0.06009932607412338,0.3232225179672241,0.4908200800418854,-0.03678172454237938,0.3971550464630127,0.40337732434272766,-0.0472395233809948,0.4426170587539673,0.35168182849884033,-0.051412977278232574,0.4761286675930023,0.3133392930030823,-0.05392296239733696,0.34933456778526306,0.5376630425453186,-0.042677368968725204,0.41678565740585327,0.45665863156318665,-0.05122808367013931,0.4584980309009552,0.40728819370269775,-0.05468606948852539,0.48761558532714844,0.3718307912349701,-0.05672347918152809,0.36713775992393494,0.5877267122268677,-0.04859244450926781,0.4187101125717163,0.5203191041946411,-0.054317936301231384,0.4488939642906189,0.4809301793575287,-0.05209949612617493,0.4718227684497833,0.4493470788002014,-0.049067649990320206,H
0.2361593246459961,0.6558539271354675,6.049274361430435e-07,0.2003597617149353,0.5658885836601257,-0.014869719743728638,0.2023943066596985,0.46914437413215637,-0.029735101386904716,0.21729493141174316,0.3935725688934326,-0.042161308228969574,0.21202847361564636,0.33658143877983093,-0.05591827630996704,0.2867095172405243,0.440529465675354,-0.039717115461826324,0.3493305742740631,0.3711581826210022,-0.060743268579244614,0.39150476455688477,0.3283664882183075,-0.07497864216566086,0.42564111948013306,0.29686686396598816,-0.08312790095806122,0.3245915472507477,0.4787772297859192,-0.04501620680093765,0.3940350413322449,0.3983747959136963,-0.05949367210268974,0.441051721572876,0.34556347131729126,-0.07001034170389175,0.4788481295108795,0.3052465319633484,-0.07758474349975586,0.35096484422683716,0.5246634483337402,-0.050187066197395325,0.4143616259098053,0.44897520542144775,-0.06346789002418518,0.45514386892318726,0.4018111228942871,-0.07328873872756958,0.4858754277229309,0.36711573600769043,-0.07997879385948181,0.36697185039520264,0.5747900605201721,-0.05581878125667572,0.41577211022377014,0.5197575688362122,-0.06658189743757248,0.44581326842308044,0.4836960732936859,-0.06947477161884308,0.47068309783935547,0.4532860517501831,-0.07031206786632538,H
0.5910413265228271,0.6580336689949036,2.465482680236164e-07,0.5176575183868408,0.6490989923477173,-0.009799483232200146,0.44225671887397766,0.5980204343795776,-0.01379645150154829,0.4011979103088379,0.560155987739563,-0.020284386351704597,0.38315096497535706,0.5171723365783691,-0.02699976973235607,0.43077823519706726,0.4866431653499603,-0.0002318043989362195,0.39465537667274475,0.4137209951877594,-0.020687581971287727,0.36518701910972595,0.36807727813720703,-0.039568331092596054,0.3375849723815918,0.3290137052536011,-0.054014164954423904,0.45984524488449097,0.45692577958106995,-0.011445672251284122,0.41866230964660645,0.3745272755622864,-0.031968485563993454,0.3837333023548126,0.3269580900669098,-0.04792790114879608,0.34837713837623596,0.28623533248901367,-0.05880450829863548,0.4959270656108856,0.43829545378685,-0.026368398219347,0.4596296548843384,0.35492658615112305,-0.047671910375356674,0.4309455454349518,0.3095412850379944,-0.05756343528628349,0.3989246189594269,0.27239370346069336,-0.06351020187139511,0.540390133857727,0.4307122528553009,-0.04309393838047981,0.5124018788337708,0.35942399501800537,-0.06205902248620987,0.48944446444511414,0.32079747319221497,-0.06740859150886536,0.46123141050338745,0.29129689931869507,-0.070319764316082,H
0.5887414216995239,0.6518359184265137,2.778817815851653e-07,0.5157728791236877,0.6444858908653259,-0.012587284669280052,0.44260135293006897,0.59569251537323,-0.019377633929252625,0.40154552459716797,0.5579197406768799,-0.028119010850787163,0.38266247510910034,0.5146753787994385,-0.0370291993021965,0.42983880639076233,0.48154696822166443,-0.005378996022045612,0.3938755691051483,0.40684935450553894,-0.027242129668593407,0.3655812740325928,0.3602740168571472,-0.046973783522844315,0.3390001952648163,0.32004880905151367,-0.06166157126426697,0.4596463739871979,0.45201605558395386,-0.015436092391610146,0.41891780495643616,0.3687233328819275,-0.03604528307914734,0.3850848078727722,0.32144010066986084,-0.05190281942486763,0.35121703147888184,0.28050389885902405,-0.06294061988592148,0.49618086218833923,0.4337502419948578,-0.029180394485592842,0.4611812233924866,0.3514214754104614,-0.050086311995983124,0.4342549443244934,0.30878883600234985,-0.05921711400151253,0.4049378037452698,0.2744261622428894,-0.06466533988714218,0.5405594706535339,0.426985502243042,-0.0449942909181118,0.5130654573440552,0.35763901472091675,-0.06278393417596817,0.4905208945274353,0.3214675486087799,-0.0670875534415245,0.46372708678245544,0.29456520080566406,-0.06925118714570999,H
0.589432954788208,0.6551015377044678,2.5887106858135667e-07,0.5164992213249207,0.646850049495697,-0.011543013155460358,0.4392094016075134,0.5938786268234253,-0.01601845771074295,0.3954979181289673,0.5555551052093506,-0.022527936846017838,0.3708038926124573,0.5145115852355957,-0.029167404398322105,0.42905333638191223,0.48388415575027466,-0.0016290227649733424,0.3934406042098999,0.4111839532852173,-0.02270113304257393,0.36436834931373596,0.36457717418670654,-0.042269330471754074,0.33684372901916504,0.32463037967681885,-0.05714093893766403,0.4591690003871918,0.45327258110046387,-0.01217405591160059,0.417841374874115,0.3718051612377167,-0.03268028423190117,0.3832024931907654,0.32332152128219604,-0.04908547177910805,0.3477640151977539,0.28090858459472656,-0.06044628471136093,0.49534764885902405,0.4343002140522003,-0.026602886617183685,0.45841196179389954,0.352428674697876,-0.0479702353477478,0.4295859932899475,0.3066864609718323,-0.05846846103668213,0.3973136842250824,0.2690742015838623,-0.06487233191728592,0.5390027761459351,0.42659926414489746,-0.042983461171388626,0.5099184513092041,0.35684433579444885,-0.061911944299936295,0.4867033362388611,0.3191685676574707,-0.06747589260339737,0.45902523398399353,0.29074257612228394,-0.07058615237474442,H
0.22490155696868896,0.6819168925285339,4.852993811255146e-07,0.20011752843856812,0.5829600095748901,-0.009345730766654015,0.20571020245552063,0.4809029996395111,-0.0201270654797554,0.2185688018798828,0.40309789776802063,-0.02953958511352539,0.21571078896522522,0.3451213240623474,-0.039270106703042984,0.2883461117744446,0.4515366852283478,-0.027834728360176086,0.3537403345108032,0.3737615644931793,-0.044051576405763626,0.39567095041275024,0.3304893672466278,-0.0541231706738472,0.4288715720176697,0.2987688183784485,-0.05904701352119446,0.3251412808895111,0.48955971002578735,-0.03357134014368057,0.3975106477737427,0.4026995897293091,-0.04366686940193176,0.4437764286994934,0.35081690549850464,-0.049155715852975845,0.47901231050491333,0.3118988573551178,-0.052729226648807526,0.3523486852645874,0.5352669954299927,-0.039307061582803726,0.41792333126068115,0.4535427391529083,-0.04747427627444267,0.4591143727302551,0.4052445590496063,-0.051474981009960175,0.4881439805030823,0.37084874510765076,-0.05386858060956001,0.37083178758621216,0.5849818587303162,-0.04551166668534279,0.42069584131240845,0.51686030626297,-0.05041529983282089,0.45000994205474854,0.47813892364501953,-0.048109713941812515,0.47219932079315186,0.44822031259536743,-0.04510227218270302,H
0.22783413529396057,0.6737332344055176,5.104773777020455e-07,0.20151497423648834,0.580976665019989,-0.011510849930346012,0.20582470297813416,0.4807530641555786,-0.023958411067724228,0.21840789914131165,0.4030323326587677,-0.03463791683316231,0.21471275389194489,0.34519678354263306,-0.045970618724823,0.28985512256622314,0.4509129524230957,-0.03243118152022362,0.3532765507698059,0.37602558732032776,-0.05085623264312744,0.3959144949913025,0.33405962586402893,-0.06292073428630829,0.430076539516449,0.30379077792167664,-0.0693514421582222,0.32554003596305847,0.4880390763282776,-0.038104359060525894,0.3969331681728363,0.40453797578811646,-0.05058251693844795,0.444344699382782,0.3538007438182831,-0.05796026811003685,0.4803377389907837,0.31618738174438477,-0.06288248300552368,0.3516247272491455,0.5333337187767029,-0.04381473734974861,0.4163598120212555,0.45521220564842224,-0.054819826036691666,0.4580436944961548,0.40724748373031616,-0.061180636286735535,0.48737162351608276,0.37365439534187317,-0.06520199775695801,0.3695265054702759,0.5832585096359253,-0.04995180666446686,0.4200820326805115,0.5207092761993408,-0.05857640504837036,0.4509459435939789,0.4836181402206421,-0.05882151424884796,0.47484004497528076,0.45510607957839966,-0.05745202302932739,H
0.23535704612731934,0.661944568157196,6.098547942201549e-07,0.199055016040802,0.5726765394210815,-0.015379193238914013,0.203197181224823,0.47585994005203247,-0.029740193858742714,0.21875381469726562,0.39967143535614014,-0.04097515717148781,0.21433070302009583,0.34282931685447693,-0.05347200855612755,0.2892497479915619,0.45082443952560425,-0.04168517142534256,0.3523285686969757,0.37810108065605164,-0.06089925765991211,0.393127977848053,0.33404093980789185,-0.07302036136388779,0.42593446373939514,0.30139973759651184,-0.07979243248701096,0.3256813585758209,0.4907650649547577,-0.0458352193236351,0.3949247896671295,0.4095958471298218,-0.05946962535381317,0.44075483083724976,0.3571642339229584,-0.06844042241573334,0.47709113359451294,0.3178425133228302,-0.07482372224330902,0.35096704959869385,0.5377345085144043,-0.0496060810983181,0.41408342123031616,0.46182867884635925,-0.06180557236075401,0.45562565326690674,0.4136732816696167,-0.07029798626899719,0.48756685853004456,0.3783680200576782,-0.07623875141143799,0.3655656576156616,0.5875415205955505,-0.05379161238670349,0.41409140825271606,0.5309684872627258,-0.0642063319683075,0.4457453489303589,0.4944908916950226,-0.06665485352277756,0.47281700372695923,0.46386921405792236,-0.06721644103527069,H
0.5894232392311096,0.656043291091919,2.8174815724923974e-07,0.5159388780593872,0.6485792398452759,-0.011928273364901543,0.44226929545402527,0.600334882736206,-0.017930684611201286,0.4009469747543335,0.5655755996704102,-0.026256417855620384,0.38125163316726685,0.5217093825340271,-0.03473775461316109,0.4332980513572693,0.48619982600212097,-0.0030738713685423136,0.3964790105819702,0.41155296564102173,-0.024545442312955856,0.36706477403640747,0.3644949197769165,-0.0441301092505455,0.3395925760269165,0.3232671618461609,-0.05877142772078514,0.4624306261539459,0.45685720443725586,-0.013543004170060158,0.4202946722507477,0.37469348311424255,-0.034417539834976196,0.38495272397994995,0.32658302783966064,-0.050944726914167404,0.3494255542755127,0.2831401526927948,-0.062263209372758865,0.4980241060256958,0.4377829134464264,-0.02772175520658493,0.46155664324760437,0.3556230664253235,-0.04885918274521828,0.4334182143211365,0.3127308487892151,-0.0586169995367527,0.40218544006347656,0.2769068479537964,-0.06430266797542572,0.541217029094696,0.42958950996398926,-0.04391457512974739,0.5129691958427429,0.36063140630722046,-0.061725299805402756,0.4903953969478607,0.32510799169540405,-0.06600286066532135,0.46331608295440674,0.29796409606933594,-0.068010114133358,H
0.5848966836929321,0.6543545126914978,2.798163620809646e-07,0.5126376748085022,0.6458078622817993,-0.011638632044196129,0.4362369179725647,0.5885884165763855,-0.01485422346740961,0.39256551861763,0.5439408421516418,-0.01976155862212181,0.36622434854507446,0.503193199634552,-0.024836760014295578,0.42775851488113403,0.4867040514945984,-0.000847596034873277,0.3916940689086914,0.41449809074401855,-0.020527731627225876,0.3621991276741028,0.3664882183074951,-0.03876982629299164,0.3350903391838074,0.3250672519207001,-0.05287114903330803,0.457782119512558,0.45628663897514343,-0.010509037412703037,0.41624724864959717,0.37458157539367676,-0.030436987057328224,0.3814285397529602,0.32573309540748596,-0.046380411833524704,0.34593743085861206,0.2818114459514618,-0.05715489760041237,0.49400588870048523,0.4377456307411194,-0.0238995049148798,0.4578239917755127,0.35488778352737427,-0.04507678747177124,0.4293210208415985,0.3071977496147156,-0.055327728390693665,0.39739054441452026,0.2666448950767517,-0.06148659437894821,0.5383870005607605,0.4301999509334564,-0.039151813834905624,0.5121431350708008,0.3600022792816162,-0.058070357888936996,0.4912119209766388,0.3198493719100952,-0.06357730180025101,0.4656042754650116,0.28740039467811584,-0.06662575155496597,H
0.5910610556602478,0.6593405604362488,2.8377769467624603e-07,0.5203440189361572,0.6534920930862427,-0.015128694474697113,0.4464283585548401,0.6066527962684631,-0.023694582283496857,0.40263667702674866,0.5676672458648682,-0.03450624272227287,0.384871244430542,0.5208996534347534,-0.04551586136221886,0.43741944432258606,0.48917514085769653,-0.004667529370635748,0.39858919382095337,0.4163203835487366,-0.027107706293463707,0.3678821325302124,0.3708595633506775,-0.047677237540483475,0.3396793305873871,0.33105340600013733,-0.06304840743541718,0.4658588767051697,0.4587785601615906,-0.014603867195546627,0.42292770743370056,0.37549182772636414,-0.036001067608594894,0.3869205415248871,0.32648730278015137,-0.05374966189265251,0.35176798701286316,0.2830681800842285,-0.0660245269536972,0.50080406665802,0.44059398770332336,-0.028620777651667595,0.46297746896743774,0.35835620760917664,-0.05032099038362503,0.4343957006931305,0.3162715435028076,-0.06102680042386055,0.4041893184185028,0.28150275349617004,-0.06743092834949493,0.5432514548301697,0.43369778990745544,-0.04499781131744385,0.5152904391288757,0.3638315200805664,-0.06262411922216415,0.49258360266685486,0.3266538977622986,-0.06725285947322845,0.46595072746276855,0.29761168360710144,-0.06970202177762985,H
0.5908585786819458,0.6539261937141418,2.9985574201418785e-07,0.518222987651825,0.6453750133514404,-0.013867316767573357,0.44276484847068787,0.5942535400390625,-0.021214181557297707,0.397977352142334,0.5535501837730408,-0.030901091173291206,0.3770219683647156,0.5092108249664307,-0.04096116125583649,0.4329129755496979,0.48379746079444885,-0.0043711913749575615,0.3948586881160736,0.4102994501590729,-0.026611294597387314,0.3650273084640503,0.3641650974750519,-0.046995777636766434,0.33753177523612976,0.32316046953201294,-0.062356237322092056,0.4621371030807495,0.45328474044799805,-0.014679301530122757,0.41907328367233276,0.3707043528556824,-0.03624119237065315,0.3834530711174011,0.3224186897277832,-0.05415167659521103,0.3484002947807312,0.2794678211212158,-0.06647289544343948,0.4981052279472351,0.43472716212272644,-0.02885153517127037,0.4598156809806824,0.3519138991832733,-0.05097438022494316,0.4311925172805786,0.30966246128082275,-0.06210598349571228,0.4001656174659729,0.27476024627685547,-0.0689273551106453,0.5420666337013245,0.4269181191921234,-0.04515818879008293,0.5148018598556519,0.35702836513519287,-0.06349688768386841,0.49318739771842957,0.31972551345825195,-0.06866074353456497,0.4669646918773651,0.2907080352306366,-0.0715760663151741,H
0.5887966156005859,0.6590916514396667,2.3188381703675987e-07,0.5166555047035217,0.6515049338340759,-0.012324998155236244,0.4409446716308594,0.6007087230682373,-0.018650365993380547,0.3976540267467499,0.5567086935043335,-0.027338815852999687,0.3792630732059479,0.5084422826766968,-0.036467064172029495,0.4334120750427246,0.49491021037101746,-0.003845531726256013,0.39423131942749023,0.4238666296005249,-0.02531554363667965,0.362515926361084,0.3815590739250183,-0.04505428299307823,0.3331022262573242,0.34491851925849915,-0.059987664222717285,0.46201956272125244,0.4632948040962219,-0.014492230489850044,0.41868191957473755,0.3806198239326477,-0.03534027189016342,0.38233548402786255,0.3326113224029541,-0.052883561700582504,0.34695494174957275,0.2896053194999695,-0.06509169936180115,0.4973023533821106,0.44350606203079224,-0.028745397925376892,0.4579000473022461,0.3612844944000244,-0.04996812716126442,0.4276862144470215,0.3179676830768585,-0.06092821806669235,0.3958370089530945,0.28180983662605286,-0.06790315359830856,0.5406894683837891,0.4342254400253296,-0.044960834085941315,0.5123767256736755,0.3643306791782379,-0.06249382346868515,0.4890938997268677,0.3270885944366455,-0.06728483736515045,0.4619872570037842,0.29794442653656006,-0.07014073431491852,H
0.5893746018409729,0.6574479341506958,2.9283367553034623e-07,0.5160019397735596,0.6480664014816284,-0.012539606541395187,0.43862736225128174,0.5922836065292358,-0.017334239557385445,0.3924504816532135,0.5504034161567688,-0.024347882717847824,0.36681750416755676,0.5074554085731506,-0.03159547969698906,0.42956316471099854,0.4890899360179901,-0.00154853705316782,0.393075168132782,0.4156966805458069,-0.022500760853290558,0.36415737867355347,0.36804813146591187,-0.04179768264293671,0.3372425436973572,0.3261876702308655,-0.056530024856328964,0.45982059836387634,0.4580773711204529,-0.011524191126227379,0.4178416430950165,0.376428484916687,-0.031925518065690994,0.382616251707077,0.32815539836883545,-0.049114055931568146,0.3470921814441681,0.28452935814857483,-0.06095140054821968,0.4967014491558075,0.43862131237983704,-0.02535669319331646,0.4596843123435974,0.35700440406799316,-0.04689260944724083,0.4325171709060669,0.31393203139305115,-0.05787660554051399,0.40224340558052063,0.2780478596687317,-0.06454740464687347,0.5410262942314148,0.42974671721458435,-0.041176602244377136,0.5146603584289551,0.36157870292663574,-0.059781428426504135,0.4941850006580353,0.32368195056915283,-0.06554019451141357,0.46899914741516113,0.2928909659385681,-0.06883656233549118,H
0.2275763750076294,0.6770676374435425,5.138823553352267e-07,0.20109331607818604,0.5800594687461853,-0.011038005352020264,0.20548617839813232,0.48219728469848633,-0.022259285673499107,0.2201550006866455,0.4048953652381897,-0.03174074739217758,0.2175317406654358,0.3475564122200012,-0.04153481498360634,0.2910512387752533,0.4521986246109009,-0.028750242665410042,0.3565160930156708,0.3774682283401489,-0.04448946192860603,0.3983111083507538,0.3355109989643097,-0.05434556305408478,0.4315201938152313,0.30484330654144287,-0.059226907789707184,0.32657578587532043,0.490013986825943,-0.033645112067461014,0.399250328540802,0.4044049382209778,-0.04314154386520386,0.445624440908432,0.3526836633682251,-0.04806483909487724,0.48139238357543945,0.31499171257019043,-0.051290858536958694,0.3513897955417633,0.5358889102935791,-0.038725368678569794,0.4168263375759125,0.45694395899772644,-0.046569716185331345,0.4582034945487976,0.40996411442756653,-0.050374798476696014,0.4884474277496338,0.37740516662597656,-0.05283883586525917,0.3672463297843933,0.5863726735115051,-0.04447128623723984,0.41579073667526245,0.5252826809883118,-0.04932629317045212,0.4451805353164673,0.4892902374267578,-0.047186970710754395,0.46831950545310974,0.4618374705314636,-0.04446718096733093,H
0.22870853543281555,0.6737682819366455,5.501036071109411e-07,0.19995972514152527,0.5793164372444153,-0.011869910173118114,0.20322249829769135,0.48232775926589966,-0.024625131860375404,0.21559268236160278,0.405794620513916,-0.03529835492372513,0.21471118927001953,0.34834495186805725,-0.04646633192896843,0.28819864988327026,0.45190152525901794,-0.033540062606334686,0.35264313220977783,0.37757542729377747,-0.051196761429309845,0.39481204748153687,0.33644694089889526,-0.06209594011306763,0.42847418785095215,0.30703479051589966,-0.067522332072258,0.3236006200313568,0.4901650846004486,-0.038423143327236176,0.3956751823425293,0.40609753131866455,-0.050105731934309006,0.44348523020744324,0.355281800031662,-0.056398794054985046,0.4803195595741272,0.31859639286994934,-0.060370802879333496,0.3485594093799591,0.537092387676239,-0.04322934150695801,0.41279810667037964,0.4598819613456726,-0.05304018035531044,0.45553356409072876,0.41315990686416626,-0.058305270969867706,0.4868306517601013,0.3811558485031128,-0.06156841292977333,0.3647856116294861,0.5887265205383301,-0.048485323786735535,0.41445446014404297,0.5291189551353455,-0.055136680603027344,0.44500571489334106,0.49306073784828186,-0.054107166826725006,0.4693813621997833,0.4659615755081177,-0.05198479816317558,H
0.5923243761062622,0.6606793403625488,3.216684376639023e-07,0.520405650138855,0.6517632007598877,-0.013494571670889854,0.44386017322540283,0.5965248346328735,-0.0195356085896492,0.39978116750717163,0.5522215366363525,-0.027593599632382393,0.37828153371810913,0.5066280961036682,-0.03599339351058006,0.43621060252189636,0.4887376129627228,-0.0041616871021687984,0.3989157974720001,0.41472581028938293,-0.024894874542951584,0.37014347314834595,0.3672916293144226,-0.04368119314312935,0.3434644341468811,0.32480329275131226,-0.05824426934123039,0.46635663509368896,0.458697110414505,-0.014539433643221855,0.4243052303791046,0.3754691481590271,-0.03522532433271408,0.38914695382118225,0.32541343569755554,-0.052885834127664566,0.35411638021469116,0.27898120880126953,-0.06494560092687607,0.5039777159690857,0.4413408637046814,-0.02855732850730419,0.46687769889831543,0.35679471492767334,-0.050433944910764694,0.4392073452472687,0.3105945289134979,-0.06168109551072121,0.4088718593120575,0.26978325843811035,-0.06866920739412308,0.5491722822189331,0.4359271228313446,-0.044525690376758575,0.5239352583885193,0.3661733865737915,-0.06312169134616852,0.5050921440124512,0.32424396276474,-0.06840387731790543,0.48238271474838257,0.287026584148407,-0.07144526392221451,H
0.21639811992645264,0.6851699352264404,4.90431375510525e-07,0.19537192583084106,0.5801172256469727,-0.008955067954957485,0.19880209863185883,0.4823490083217621,-0.02052311971783638,0.20903795957565308,0.40502867102622986,-0.030863013118505478,0.20494508743286133,0.3469681739807129,-0.04124511033296585,0.2796487510204315,0.4539376199245453,-0.026178866624832153,0.34684914350509644,0.3763159513473511,-0.041835807263851166,0.38845452666282654,0.3334403932094574,-0.050946835428476334,0.42156514525413513,0.30305367708206177,-0.05519421398639679,0.3155379891395569,0.49235764145851135,-0.031525563448667526,0.3878917694091797,0.40330541133880615,-0.04137925058603287,0.43166443705558777,0.35322001576423645,-0.045684605836868286,0.4653586149215698,0.3178267776966095,-0.04862014949321747,0.3414064049720764,0.5372012853622437,-0.03705978021025658,0.4086974561214447,0.45392823219299316,-0.045195456594228745,0.4485596716403961,0.4072725772857666,-0.048181358724832535,0.47754743695259094,0.3748183846473694,-0.050179269164800644,0.35867005586624146,0.5861458778381348,-0.04301708564162254,0.4104960858821869,0.5227264165878296,-0.04786170274019241,0.44154658913612366,0.4868769347667694,-0.04562296345829964,0.4663901627063751,0.4578453302383423,-0.042993176728487015,H
0.5989165306091309,0.661005973815918,3.2759726309450343e-07,0.5244513750076294,0.6526903510093689,-0.015520628541707993,0.448325514793396,0.5982553362846375,-0.023499194532632828,0.40272194147109985,0.5517393946647644,-0.03333590552210808,0.3821865916252136,0.5060839653015137,-0.043498530983924866,0.4427598714828491,0.4940473139286041,-0.005940665025264025,0.4012242555618286,0.4214288592338562,-0.028259243816137314,0.36973750591278076,0.37688764929771423,-0.04783244431018829,0.3420591950416565,0.33700668811798096,-0.06239432096481323,0.47268572449684143,0.46257656812667847,-0.015856005251407623,0.4280259609222412,0.37737447023391724,-0.038190003484487534,0.3915305733680725,0.32661718130111694,-0.05720175802707672,0.35700878500938416,0.28113657236099243,-0.0697440505027771,0.509628176689148,0.4440916180610657,-0.02957070991396904,0.46973472833633423,0.36087754368782043,-0.052337903529405594,0.4396198093891144,0.3168896436691284,-0.06451182067394257,0.409414678812027,0.2795540690422058,-0.07182762771844864,0.5537934303283691,0.43730002641677856,-0.04534753039479256,0.5271449089050293,0.3691227436065674,-0.06301865726709366,0.507016658782959,0.3269905149936676,-0.06803271919488907,0.484602689743042,0.28979915380477905,-0.07098111510276794,H
0.20987474918365479,0.6863680481910706,4.778597144650121e-07,0.1889093965291977,0.5844396948814392,-0.008089389652013779,0.19234739243984222,0.48389407992362976,-0.017819121479988098,0.20165488123893738,0.4053666591644287,-0.025976018980145454,0.19829042255878448,0.346451997756958,-0.03394639119505882,0.27257609367370605,0.4543488323688507,-0.024666815996170044,0.33765819668769836,0.3729182779788971,-0.03851788863539696,0.37774908542633057,0.32831281423568726,-0.04621201753616333,0.40974241495132446,0.2966894209384918,-0.04945176839828491,0.30969640612602234,0.4924825131893158,-0.029298225417733192,0.3812634348869324,0.4025578200817108,-0.03726252540946007,0.4239937365055084,0.3505873382091522,-0.04033508524298668,0.45639294385910034,0.3132549524307251,-0.04220505803823471,0.33593928813934326,0.5374146699905396,-0.03385655954480171,0.40140092372894287,0.4546261429786682,-0.03967371582984924,0.44091635942459106,0.4087268114089966,-0.041573088616132736,0.46944892406463623,0.3763604164123535,-0.042883582413196564,0.35195109248161316,0.5857512950897217,-0.03877118229866028,0.39991968870162964,0.522425651550293,-0.04094545543193817,0.42777860164642334,0.4884384274482727,-0.03699203208088875,0.44943755865097046,0.4619159996509552,-0.03324109688401222,H
0.5994337201118469,0.6651466488838196,3.3436683111176535e-07,0.5246289372444153,0.6584489345550537,-0.01896173693239689,0.4503805637359619,0.607685387134552,-0.029326731339097023,0.40386301279067993,0.5629842877388,-0.040979478508234024,0.381893515586853,0.5139217376708984,-0.05277938023209572,0.4393604099750519,0.4944766163825989,-0.006095838267356157,0.39596113562583923,0.42480725049972534,-0.02969389595091343,0.3628830313682556,0.3835368752479553,-0.05124363675713539,0.33283117413520813,0.3469617962837219,-0.06736008822917938,0.47005048394203186,0.4623982906341553,-0.015558033250272274,0.42560553550720215,0.37835055589675903,-0.0382179357111454,0.38884127140045166,0.32980260252952576,-0.05894482135772705,0.3537229299545288,0.28639286756515503,-0.07300807535648346,0.5087382793426514,0.4460301399230957,-0.02933989092707634,0.46992194652557373,0.3625982105731964,-0.052250757813453674,0.43934229016304016,0.31657177209854126,-0.06556175649166107,0.40836307406425476,0.27612948417663574,-0.07421480864286423,0.5545715093612671,0.44414573907852173,-0.04553619772195816,0.5285167098045349,0.37694084644317627,-0.06351335346698761,0.5089510679244995,0.3353181481361389,-0.06861928850412369,0.4878067672252655,0.29673585295677185,-0.07180431485176086,H
0.2066865861415863,0.687688946723938,4.6755445737289847e-07,0.18727749586105347,0.5828791260719299,-0.009825337678194046,0.18937575817108154,0.48336976766586304,-0.021927569061517715,0.19758403301239014,0.40685421228408813,-0.03310946375131607,0.19437572360038757,0.34850573539733887,-0.04422205314040184,0.26862436532974243,0.4545694589614868,-0.0268920436501503,0.3327508866786957,0.37438732385635376,-0.04433150961995125,0.373691588640213,0.3285808563232422,-0.055296655744314194,0.40633082389831543,0.29556652903556824,-0.061133697628974915,0.3048208951950073,0.4922104775905609,-0.03367941826581955,0.37467244267463684,0.4044981598854065,-0.045243654400110245,0.41754814982414246,0.3524077236652374,-0.05142935737967491,0.4508713483810425,0.31423360109329224,-0.055751025676727295,0.3304157257080078,0.5372660756111145,-0.04082915931940079,0.39500555396080017,0.4552345275878906,-0.05018677935004234,0.4347100555896759,0.4089125990867615,-0.05410848185420036,0.46399837732315063,0.3761456310749054,-0.056895412504673004,0.3469831645488739,0.586761474609375,-0.04866071045398712,0.3939623236656189,0.5247675180435181,-0.0544588677585125,0.4215402603149414,0.4891156852245331,-0.052368514239788055,0.44323983788490295,0.4605509638786316,-0.04991695284843445,H
0.6015452742576599,0.6666179299354553,3.3549795830367657e-07,0.5243992805480957,0.659771740436554,-0.016924522817134857,0.44652339816093445,0.6037728786468506,-0.025296973064541817,0.3992237448692322,0.5555963516235352,-0.03503889963030815,0.3763260841369629,0.5084753036499023,-0.044973112642765045,0.43566492199897766,0.49671921133995056,-0.005882550030946732,0.39088356494903564,0.42536383867263794,-0.02856372855603695,0.3581776022911072,0.3832893371582031,-0.04882687330245972,0.3285868763923645,0.346196711063385,-0.06388717889785767,0.46661168336868286,0.46527302265167236,-0.015524130314588547,0.42171385884284973,0.37894225120544434,-0.03731081634759903,0.38639992475509644,0.3292948007583618,-0.05668529123067856,0.3535149395465851,0.2852317690849304,-0.0697152316570282,0.5059258341789246,0.4492379426956177,-0.029197873547673225,0.4663150906562805,0.36577123403549194,-0.05142925679683685,0.4370381236076355,0.32139116525650024,-0.06403713673353195,0.4083823263645172,0.2826944589614868,-0.0721750259399414,0.552375316619873,0.4461570084095001,-0.04506957158446312,0.5259981155395508,0.37820225954055786,-0.06260232627391815,0.5070658326148987,0.33561649918556213,-0.06762814521789551,0.4868820309638977,0.29528504610061646,-0.07081106305122375,H
0.20620295405387878,0.6783407926559448,4.80644075651071e-07,0.18784475326538086,0.5768536925315857,-0.009796512313187122,0.1888873279094696,0.48292025923728943,-0.02269062027335167,0.19580954313278198,0.4075075387954712,-0.03437408059835434,0.1898472011089325,0.3516124486923218,-0.04616948962211609,0.2702378034591675,0.4512743353843689,-0.02893693745136261,0.33344897627830505,0.3718339800834656,-0.04594029113650322,0.37327060103416443,0.3274654746055603,-0.05630919337272644,0.40577298402786255,0.2956612706184387,-0.06153227761387825,0.30636340379714966,0.4880125820636749,-0.034901246428489685,0.3765256702899933,0.399100124835968,-0.04546165466308594,0.4182358682155609,0.34728100895881653,-0.05045130476355553,0.45033296942710876,0.3102741837501526,-0.05396999791264534,0.33195602893829346,0.5326952934265137,-0.040951963514089584,0.3973577916622162,0.4518013596534729,-0.0487404391169548,0.4357868731021881,0.40619492530822754,-0.051624003797769547,0.4629237651824951,0.3745783567428589,-0.05390416458249092,0.34814104437828064,0.5824742317199707,-0.047671012580394745,0.3968222737312317,0.5217435956001282,-0.051518019288778305,0.4250263571739197,0.4874623119831085,-0.04815684258937836,0.44679391384124756,0.46033918857574463,-0.04496096074581146,H
0.6019536256790161,0.6683760285377502,3.522524139043526e-07,0.5242229104042053,0.6604907512664795,-0.016013415530323982,0.44783562421798706,0.6060659289360046,-0.024731885641813278,0.40207263827323914,0.5594255328178406,-0.035190630704164505,0.3837350308895111,0.5084618330001831,-0.0459844246506691,0.4383060932159424,0.497606098651886,-0.005783444736152887,0.39487090706825256,0.4260437488555908,-0.028779231011867523,0.3628871738910675,0.38288170099258423,-0.04938138276338577,0.33415842056274414,0.34411755204200745,-0.06477551907300949,0.46816927194595337,0.4680245816707611,-0.016099154949188232,0.42335328459739685,0.38250303268432617,-0.038823824375867844,0.38742688298225403,0.33197471499443054,-0.05917416512966156,0.35439634323120117,0.28583723306655884,-0.07287994772195816,0.507007360458374,0.45303279161453247,-0.030258439481258392,0.46705761551856995,0.3701919615268707,-0.05346766114234924,0.43864768743515015,0.32492595911026,-0.06700248271226883,0.41109156608581543,0.28481870889663696,-0.07561194151639938,0.552949070930481,0.4513210654258728,-0.046483661979436874,0.5273737907409668,0.382599413394928,-0.06505177915096283,0.5084363222122192,0.3389601707458496,-0.07117083668708801,0.4880300760269165,0.2975603938102722,-0.07504726201295853,H
0.20822232961654663,0.6822879314422607,4.757642955155461e-07,0.18844908475875854,0.5772146582603455,-0.006772007327526808,0.19059255719184875,0.4797336161136627,-0.01730104722082615,0.19893327355384827,0.40460556745529175,-0.027237745001912117,0.19423556327819824,0.35091811418533325,-0.03732864186167717,0.2704795002937317,0.45088642835617065,-0.024998364970088005,0.33408889174461365,0.3717672526836395,-0.04022781550884247,0.37388876080513,0.32760459184646606,-0.049395304173231125,0.4061225652694702,0.2958609163761139,-0.053787071257829666,0.3056556284427643,0.48775234818458557,-0.032168131321668625,0.37572529911994934,0.39716434478759766,-0.04103413224220276,0.4182014465332031,0.34479543566703796,-0.045428793877363205,0.45168009400367737,0.3074890077114105,-0.048627037554979324,0.3312511742115021,0.5325859189033508,-0.039293672889471054,0.39822423458099365,0.44919639825820923,-0.0458097904920578,0.4372825026512146,0.4026184678077698,-0.04905495047569275,0.46563440561294556,0.37022334337234497,-0.05165867507457733,0.34781646728515625,0.5820868611335754,-0.046836093068122864,0.39845797419548035,0.5198150277137756,-0.049661971628665924,0.42757749557495117,0.4842633605003357,-0.04656722769141197,0.4505982995033264,0.45593756437301636,-0.04371492937207222,H
0.6033302545547485,0.6701645255088806,3.361406584190263e-07,0.5247907638549805,0.6618130803108215,-0.016669148579239845,0.44889459013938904,0.6088228225708008,-0.02620033361017704,0.40308213233947754,0.5613160133361816,-0.037682272493839264,0.3853638172149658,0.5080025792121887,-0.04939528554677963,0.4408133625984192,0.5008624792098999,-0.00431881844997406,0.39747968316078186,0.42993080615997314,-0.02779165655374527,0.36488160490989685,0.3896573781967163,-0.04886142164468765,0.3353920578956604,0.35383912920951843,-0.06443116068840027,0.47047317028045654,0.46977686882019043,-0.014741134829819202,0.42611461877822876,0.3829541802406311,-0.037895865738391876,0.3904300332069397,0.33325275778770447,-0.058725275099277496,0.3578642010688782,0.2890814542770386,-0.0725579634308815,0.5087823867797852,0.45375990867614746,-0.029295574873685837,0.4700118899345398,0.36862289905548096,-0.052521318197250366,0.4410938620567322,0.3236871063709259,-0.06603890657424927,0.4127269983291626,0.284578800201416,-0.07453206181526184,0.5539044737815857,0.45172247290611267,-0.04603556543588638,0.5285400152206421,0.38152748346328735,-0.06384032964706421,0.5089846849441528,0.33798128366470337,-0.0692998468875885,0.4879230856895447,0.2973782420158386,-0.07270944118499756,H
0.21043947339057922,0.675535261631012,4.86911119423894e-07,0.18823829293251038,0.573889434337616,-0.009821680374443531,0.18778777122497559,0.4781005084514618,-0.021828340366482735,0.1973755657672882,0.40354299545288086,-0.03255787864327431,0.19813401997089386,0.3469310402870178,-0.043217696249485016,0.271393746137619,0.4483291506767273,-0.02893676608800888,0.3344646394252777,0.36792221665382385,-0.045245639979839325,0.3740827143192291,0.32426953315734863,-0.05502522736787796,0.40670979022979736,0.29358384013175964,-0.05964783579111099,0.306829035282135,0.48600074648857117,-0.03456941246986389,0.37624624371528625,0.3959870934486389,-0.044323645532131195,0.41809266805648804,0.3437906801700592,-0.049123067408800125,0.4511800706386566,0.306675523519516,-0.05248497426509857,0.33258113265037537,0.5304517149925232,-0.0403178445994854,0.39870038628578186,0.4480304419994354,-0.047614339739084244,0.437126100063324,0.40041571855545044,-0.05101138725876808,0.4651012122631073,0.3670104742050171,-0.05362437292933464,0.3492775857448578,0.5791594982147217,-0.04668291658163071,0.39901384711265564,0.518267035484314,-0.050522733479738235,0.42743319272994995,0.4827427268028259,-0.047809895128011703,0.4499673843383789,0.4542117118835449,-0.044967226684093475,H
0.6008204817771912,0.672521710395813,3.2361865009988833e-07,0.5248578190803528,0.6639478206634521,-0.015786586329340935,0.44779887795448303,0.6081965565681458,-0.02388159930706024,0.40014415979385376,0.5600454211235046,-0.033955302089452744,0.3798786997795105,0.5099994540214539,-0.044232483953237534,0.43794935941696167,0.5023059248924255,-0.0017321123741567135,0.39419618248939514,0.43224066495895386,-0.02338275872170925,0.36183926463127136,0.3924618363380432,-0.043282657861709595,0.3325333297252655,0.3567803204059601,-0.058255307376384735,0.4679993987083435,0.4716353416442871,-0.011956031434237957,0.42355793714523315,0.3862862288951874,-0.03313760086894035,0.38809871673583984,0.33692649006843567,-0.052866678684949875,0.35471296310424805,0.29283177852630615,-0.06609063595533371,0.5065308809280396,0.4558107852935791,-0.026296257972717285,0.46624043583869934,0.37276291847229004,-0.04815685376524925,0.43622058629989624,0.32893139123916626,-0.06084199249744415,0.4063292443752289,0.2904195487499237,-0.06891084462404251,0.5519571304321289,0.453025221824646,-0.04275248572230339,0.5241320729255676,0.3854861259460449,-0.05962250009179115,0.5042893886566162,0.34386706352233887,-0.0642625018954277,0.4832616448402405,0.30438297986984253,-0.06717047095298767,H
0.20577597618103027,0.6912181377410889,4.7582520323885547e-07,0.18604809045791626,0.5871677398681641,-0.008063395507633686,0.1882948875427246,0.48928752541542053,-0.01911488175392151,0.1965009570121765,0.41200748085975647,-0.029136324301362038,0.19396726787090302,0.35458171367645264,-0.03915676474571228,0.2686517834663391,0.4589304029941559,-0.026606759056448936,0.3337598741054535,0.3778005540370941,-0.042514555156230927,0.3743222653865814,0.33219075202941895,-0.05201186239719391,0.4070420265197754,0.2989480793476105,-0.056542232632637024,0.3051530122756958,0.49563896656036377,-0.03269822522997856,0.37674403190612793,0.40501517057418823,-0.042117323726415634,0.4191703796386719,0.351602703332901,-0.04628743231296539,0.45158326625823975,0.3126281499862671,-0.0490797758102417,0.33144810795783997,0.5398788452148438,-0.03873791918158531,0.39781516790390015,0.45634448528289795,-0.04537973180413246,0.43721479177474976,0.4087977707386017,-0.047649089246988297,0.46528691053390503,0.3753989636898041,-0.04938698559999466,0.34782636165618896,0.5886722207069397,-0.04530085623264313,0.39718711376190186,0.5255621075630188,-0.0481855608522892,0.4260835647583008,0.4899562895298004,-0.04435717687010765,0.44850581884384155,0.4618966281414032,-0.04071114957332611,H
0.6029125452041626,0.675433874130249,3.2679389505574363e-07,0.5268701314926147,0.666437029838562,-0.015237822197377682,0.4490750730037689,0.6092557311058044,-0.023072952404618263,0.40174567699432373,0.5635048747062683,-0.0328669436275959,0.38128653168678284,0.516932487487793,-0.043032076209783554,0.440581351518631,0.49953046441078186,-0.003478934755548835,0.3983166813850403,0.4245346188545227,-0.025725485756993294,0.36701011657714844,0.38192182779312134,-0.04617805778980255,0.33806225657463074,0.34491050243377686,-0.06148531287908554,0.4702576696872711,0.47057148814201355,-0.013860192149877548,0.42818933725357056,0.3820992708206177,-0.03553488850593567,0.39311766624450684,0.3321300745010376,-0.05530792474746704,0.3596424460411072,0.28850269317626953,-0.068536676466465,0.5081927180290222,0.4560505151748657,-0.028163878247141838,0.4690685272216797,0.3695712685585022,-0.049361348152160645,0.43914854526519775,0.32543766498565674,-0.06140049174427986,0.40939611196517944,0.28785449266433716,-0.06934506446123123,0.5528372526168823,0.45440223813056946,-0.04465407133102417,0.5247575640678406,0.38682639598846436,-0.06109653785824776,0.503869354724884,0.34580594301223755,-0.06552214920520782,0.48173412680625916,0.3073013424873352,-0.06840687245130539,H
0.20789098739624023,0.6885740160942078,4.7415244353032904e-07,0.18646013736724854,0.5865635871887207,-0.00971846655011177,0.187238410115242,0.48894059658050537,-0.021166305989027023,0.19724729657173157,0.41391655802726746,-0.03153909370303154,0.19639520347118378,0.35579535365104675,-0.04193825274705887,0.2691195011138916,0.4625011086463928,-0.027659807354211807,0.3312746584415436,0.3813522756099701,-0.04466993361711502,0.37089404463768005,0.33501189947128296,-0.05527331307530403,0.4029373228549957,0.3010357618331909,-0.060874972492456436,0.3048630952835083,0.49804815649986267,-0.03445228934288025,0.37529128789901733,0.4095594882965088,-0.04574640095233917,0.4190215468406677,0.3556089401245117,-0.05196373909711838,0.4530513286590576,0.3157516121864319,-0.056195832788944244,0.3301388919353485,0.5419796109199524,-0.041487373411655426,0.39624330401420593,0.46090078353881836,-0.050849948078393936,0.43707799911499023,0.414070725440979,-0.05524848401546478,0.4672517478466034,0.38019701838493347,-0.05826863646507263,0.3462165594100952,0.5915932655334473,-0.04911017790436745,0.395123153924942,0.5314943194389343,-0.05545327439904213,0.4235425293445587,0.49571382999420166,-0.05377299711108208,0.44595927000045776,0.4675350487232208,-0.05146025866270065,H
0.6024770140647888,0.6672292351722717,3.3087823680943984e-07,0.5276216268539429,0.6592012643814087,-0.01693030633032322,0.4511100947856903,0.6037740111351013,-0.02642408013343811,0.4037621021270752,0.5560005903244019,-0.037707846611738205,0.3846091628074646,0.5060577392578125,-0.04938476160168648,0.4454728066921234,0.4959588944911957,-0.006590328179299831,0.4030120372772217,0.42053908109664917,-0.030128704383969307,0.3711744546890259,0.37751874327659607,-0.05085541680455208,0.3420468866825104,0.3397023379802704,-0.06616053730249405,0.4739302396774292,0.46722695231437683,-0.016613293439149857,0.4299495220184326,0.3776039481163025,-0.039908990263938904,0.39346325397491455,0.3256641626358032,-0.06031305715441704,0.3590322732925415,0.27956804633140564,-0.07387585937976837,0.5102722644805908,0.4519892930984497,-0.030599303543567657,0.46978759765625,0.3661724925041199,-0.053726550191640854,0.4380567967891693,0.32109519839286804,-0.06715872138738632,0.40675032138824463,0.2824367880821228,-0.07564596831798553,0.5530645251274109,0.44888240098953247,-0.046771273016929626,0.5239044427871704,0.3813321590423584,-0.06462516635656357,0.5021358728408813,0.3397464156150818,-0.07026486843824387,0.4791669249534607,0.3011833429336548,-0.07388199120759964,H
0.20868857204914093,0.6748914122581482,4.754737403800391e-07,0.185188889503479,0.5741530060768127,-0.00824095867574215,0.18658488988876343,0.47669517993927,-0.016628948971629143,0.2014065533876419,0.4024917483329773,-0.023634202778339386,0.20660081505775452,0.3489340543746948,-0.030614158138632774,0.2695523798465729,0.44248130917549133,-0.025447705760598183,0.3322296738624573,0.3645747900009155,-0.03948105126619339,0.37231773138046265,0.3212535083293915,-0.04806087538599968,0.405295729637146,0.28996211290359497,-0.05233879014849663,0.3054569363594055,0.4792812168598175,-0.03132888302206993,0.3753609359264374,0.3914424180984497,-0.039666399359703064,0.4186106324195862,0.3399258255958557,-0.04418054595589638,0.45265454053878784,0.3026626706123352,-0.0474158450961113,0.3312685787677765,0.5244486331939697,-0.037282828241586685,0.396658718585968,0.44308993220329285,-0.04413129389286041,0.4365268051624298,0.3961198329925537,-0.04850952327251434,0.46549564599990845,0.36340969800949097,-0.05183098465204239,0.34724491834640503,0.5749833583831787,-0.043772585690021515,0.3963093161582947,0.5138463973999023,-0.04799453914165497,0.42481058835983276,0.47816726565361023,-0.0464131198823452,0.44722092151641846,0.4510330259799957,-0.04445692524313927,H
0.6000688672065735,0.6706445813179016,3.1029045999275695e-07,0.5243574380874634,0.6621705889701843,-0.016329847276210785,0.4479833245277405,0.6070917844772339,-0.025675566866993904,0.40207168459892273,0.5583566427230835,-0.037018876522779465,0.38630223274230957,0.5058366656303406,-0.04863833263516426,0.4425314664840698,0.4988808035850525,-0.004777685273438692,0.4000946879386902,0.42457547783851624,-0.027658673003315926,0.36738115549087524,0.38228118419647217,-0.048207253217697144,0.3376208245754242,0.34574079513549805,-0.06353133916854858,0.47171083092689514,0.46986356377601624,-0.015049515292048454,0.4269767105579376,0.3826325833797455,-0.0373430959880352,0.39015302062034607,0.3322395086288452,-0.05703612044453621,0.35585999488830566,0.28741028904914856,-0.0702555775642395,0.5087871551513672,0.45506972074508667,-0.029361186549067497,0.4682794511318207,0.3703247308731079,-0.05143271014094353,0.4381523132324219,0.32621264457702637,-0.0634751245379448,0.40832144021987915,0.2880750894546509,-0.07115152478218079,0.5521930456161499,0.45325905084609985,-0.04592530429363251,0.523280680179596,0.3863016366958618,-0.06294570863246918,0.5018680691719055,0.3455561399459839,-0.06754350662231445,0.4790744483470917,0.3076634705066681,-0.07040675729513168,H
0.2105293869972229,0.6727220416069031,4.875075205745816e-07,0.18624091148376465,0.5724498629570007,-0.011879833415150642,0.1867130845785141,0.47730955481529236,-0.023290488868951797,0.1989225298166275,0.40394753217697144,-0.03272204473614693,0.20039990544319153,0.34812092781066895,-0.04197080433368683,0.26976051926612854,0.4487740397453308,-0.030707435682415962,0.33224090933799744,0.36732494831085205,-0.04752705991268158,0.37178415060043335,0.32176268100738525,-0.057534534484148026,0.404097318649292,0.2887754440307617,-0.06236043944954872,0.30639731884002686,0.4853552281856537,-0.03512539714574814,0.3754396438598633,0.3965626358985901,-0.04594944417476654,0.41881194710731506,0.34433048963546753,-0.05096770450472832,0.45285487174987793,0.30655843019485474,-0.05429081246256828,0.3323574364185333,0.5287313461303711,-0.039825424551963806,0.395230233669281,0.44818443059921265,-0.04862343519926071,0.4352377951145172,0.40204912424087524,-0.051994238048791885,0.4650688171386719,0.37029826641082764,-0.054168496280908585,0.3488811254501343,0.5763481855392456,-0.04531817510724068,0.395998477935791,0.515130341053009,-0.050639864057302475,0.4236970543861389,0.48077234625816345,-0.048149533569812775,0.4453810453414917,0.4545919895172119,-0.04522336646914482,H
0.6012322306632996,0.6760293841362,3.2193781862588366e-07,0.5256425142288208,0.6667948365211487,-0.016961567103862762,0.4495154917240143,0.6106531023979187,-0.026601942256093025,0.4012279212474823,0.5628818869590759,-0.037950124591588974,0.37891507148742676,0.5145568251609802,-0.049565162509679794,0.4398587942123413,0.5001446008682251,-0.004629735369235277,0.3970806896686554,0.42781826853752136,-0.02783646062016487,0.36493372917175293,0.38697105646133423,-0.04921375960111618,0.33527785539627075,0.3503972887992859,-0.06540780514478683,0.4696672260761261,0.47121769189834595,-0.014928835444152355,0.42565613985061646,0.38717228174209595,-0.03787894919514656,0.3901151418685913,0.33812376856803894,-0.05924339219927788,0.35552215576171875,0.2931978702545166,-0.0735827386379242,0.5078022480010986,0.4572162628173828,-0.029237447306513786,0.46669429540634155,0.3743678629398346,-0.05229071527719498,0.43608224391937256,0.32846564054489136,-0.06566179543733597,0.4048958420753479,0.2874269485473633,-0.07436835765838623,0.5533832907676697,0.4558454155921936,-0.04572077840566635,0.5246167778968811,0.39060670137405396,-0.06372416764497757,0.5038822293281555,0.35067442059516907,-0.06876837462186813,0.48173829913139343,0.3124111294746399,-0.07191095501184464,H
0.20634537935256958,0.6813330054283142,4.801057116310403e-07,0.18490251898765564,0.57956463098526,-0.010701790452003479,0.1861322522163391,0.48075711727142334,-0.022002756595611572,0.197280153632164,0.40394890308380127,-0.03156576305627823,0.19542066752910614,0.34515807032585144,-0.04105532169342041,0.26974257826805115,0.4537070393562317,-0.028397008776664734,0.333039790391922,0.3729659914970398,-0.04418424516916275,0.37234771251678467,0.32778865098953247,-0.05360531806945801,0.4040394723415375,0.29469728469848633,-0.05820547044277191,0.3058399558067322,0.49168410897254944,-0.03331125155091286,0.37572163343429565,0.40185362100601196,-0.04324660450220108,0.41775715351104736,0.34899526834487915,-0.04784851521253586,0.44984373450279236,0.31016069650650024,-0.05089041590690613,0.3309304714202881,0.5365385413169861,-0.03841427341103554,0.39613205194473267,0.4535449147224426,-0.04637706279754639,0.4358173608779907,0.4068056046962738,-0.04959879815578461,0.46457910537719727,0.37343066930770874,-0.05177314579486847,0.3464174270629883,0.5856131911277771,-0.044147592037916183,0.3955304026603699,0.5227808952331543,-0.04889775067567825,0.4243845045566559,0.4873196482658386,-0.04637378454208374,0.4469679892063141,0.4594027101993561,-0.043491117656230927,H
