0,1,2,3,4,5,6,7,8,9,10,11,12,13,14,15,16,17,18,19,20,21,22,23,24,25,26,27,28,29,30,31,32,33,34,35,36,37,38,39,40,41,42,43,44,45,46,47,48,49,50,51,52,53,54,55,56,57,58,59,60,61,62,label
0.680286705493927,0.9797571301460266,-2.3742408927773795e-07,0.6655110120773315,0.8828083276748657,0.007175309117883444,0.6164343357086182,0.8101375102996826,0.0036070565693080425,0.5652300715446472,0.7908673882484436,-0.0032893861643970013,0.5291228890419006,0.8130574226379395,-0.011427530087530613,0.5930410027503967,0.8010014295578003,-0.005566570442169905,0.5259323120117188,0.7813238501548767,-0.022603346034884453,0.5389740467071533,0.8048816919326782,-0.035272374749183655,0.5698955655097961,0.8244082927703857,-0.041434396058321,0.5816248655319214,0.8538429141044617,-0.016668882220983505,0.5188432335853577,0.8422733545303345,-0.028146976605057716,0.5374541282653809,0.8613110184669495,-0.03328165039420128,0.5688941478729248,0.8755175471305847,-0.03641866520047188,0.5758877396583557,0.9113199710845947,-0.02722344920039177,0.5206531286239624,0.8986595869064331,-0.03671697899699211,0.5382720232009888,0.9129930734634399,-0.030827263370156288,0.5646845698356628,0.9232403039932251,-0.026321416720747948,0.5743991732597351,0.9656211733818054,-0.03667256608605385,0.5309585928916931,0.9526058435440063,-0.04169580712914467,0.5471863746643066,0.9628938436508179,-0.030950747430324554,0.5689185261726379,0.9720372557640076,-0.021746831014752388,help
0.3358747661113739,0.8816466331481934,4.867748089054658e-07,0.314089298248291,0.792590320110321,-0.06359899789094925,0.33777499198913574,0.731393575668335,-0.0977417528629303,0.3910672664642334,0.7138955593109131,-0.1192769780755043,0.440817654132843,0.7024121284484863,-0.13747365772724152,0.4342820346355438,0.7792157530784607,-0.08717203140258789,0.517906904220581,0.7407295107841492,-0.12249913811683655,0.5732332468032837,0.7219889760017395,-0.14439135789871216,0.6193422675132751,0.7111567854881287,-0.15646012127399445,0.45840346813201904,0.8253664970397949,-0.06865701079368591,0.5445446968078613,0.7770578861236572,-0.10037863999605179,0.6051152348518372,0.7440967559814453,-0.11798786371946335,0.6575021743774414,0.7231570482254028,-0.12850484251976013,0.4716987609863281,0.8539369702339172,-0.053447917103767395,0.5491572022438049,0.8131768703460693,-0.0794147327542305,0.603079617023468,0.785257875919342,-0.09165772795677185,0.6494253873825073,0.769147515296936,-0.09703183174133301,0.4783073961734772,0.864794135093689,-0.04298538714647293,0.5423899292945862,0.8317887187004089,-0.06454338133335114,0.5856914520263672,0.8116115927696228,-0.07376784831285477,0.6230809688568115,0.797864556312561,-0.07698530703783035,help
0.31404948234558105,0.8804758191108704,5.489746968123654e-07,0.2996227443218231,0.7826825380325317,-0.061697207391262054,0.32804474234580994,0.7210334539413452,-0.09629252552986145,0.38379332423210144,0.7063469290733337,-0.11814656853675842,0.43536022305488586,0.700415313243866,-0.13742421567440033,0.4154243767261505,0.7778735160827637,-0.09234828501939774,0.505441427230835,0.7495877742767334,-0.12823642790317535,0.5629529356956482,0.73581862449646,-0.14909790456295013,0.6101465821266174,0.7304537892341614,-0.16009867191314697,0.4359593689441681,0.8322257995605469,-0.07437260448932648,0.5304408073425293,0.792482316493988,-0.1056399866938591,0.5952131748199463,0.769023597240448,-0.12236005067825317,0.6483418941497803,0.755516767501831,-0.13229072093963623,0.44760504364967346,0.8678510189056396,-0.0589987188577652,0.5330073833465576,0.8289028406143188,-0.08552148938179016,0.5929284691810608,0.8059570789337158,-0.09905989468097687,0.6429590582847595,0.7928796410560608,-0.10554537177085876,0.4541865885257721,0.8849493861198425,-0.047630760818719864,0.5239968299865723,0.8537023067474365,-0.07059384882450104,0.5701091885566711,0.8354966640472412,-0.08108863979578018,0.60908043384552,0.823009729385376,-0.08523531258106232,help
0.5817704796791077,0.6969479918479919,-6.534889962495072e-08,0.559208333492279,0.6108202338218689,-0.002714478177949786,0.5101844668388367,0.5378448367118835,-0.006291142199188471,0.45350226759910583,0.5085909962654114,-0.008808527141809464,0.4159349501132965,0.5406509041786194,-0.012770036235451698,0.4677181541919708,0.5568653345108032,-0.019403526559472084,0.384901762008667,0.5791264176368713,-0.029063845053315163,0.35999545454978943,0.5971364974975586,-0.032560862600803375,0.3494909703731537,0.6035463213920593,-0.03373761847615242,0.4551924169063568,0.6157478094100952,-0.02219899371266365,0.37828752398490906,0.632728636264801,-0.03221609443426132,0.3991187810897827,0.647764265537262,-0.030772706493735313,0.42796212434768677,0.6469296813011169,-0.028105473145842552,0.4496537148952484,0.6776729822158813,-0.023816324770450592,0.3800427317619324,0.6897846460342407,-0.03240656852722168,0.39831778407096863,0.7005715370178223,-0.024166973307728767,0.4247989058494568,0.6983855366706848,-0.01754995994269848,0.44770386815071106,0.7383260130882263,-0.024913473054766655,0.3919926881790161,0.7451388835906982,-0.02982359752058983,0.39313942193984985,0.7504037618637085,-0.023168476298451424,0.4032312035560608,0.7486644983291626,-0.017219701781868935,help
0.26072919368743896,0.9566003680229187,4.848520234190801e-07,0.2673245072364807,0.8712441325187683,-0.057884056121110916,0.30179813504219055,0.8304759860038757,-0.08869277685880661,0.35378211736679077,0.8316534161567688,-0.10962779819965363,0.40206021070480347,0.8320711255073547,-0.12762610614299774,0.3931874632835388,0.9085904359817505,-0.07057861238718033,0.4772956073284149,0.899009644985199,-0.10307841747999191,0.5342782139778137,0.8976377844810486,-0.12527881562709808,0.5818365812301636,0.8990815281867981,-0.13772429525852203,0.40917712450027466,0.952587366104126,-0.05459766089916229,0.496670663356781,0.9257142543792725,-0.08312541991472244,0.5595152378082275,0.908581018447876,-0.0993574932217598,0.612357497215271,0.8973780870437622,-0.1090162843465805,0.416563481092453,0.9771246314048767,-0.04250945895910263,0.4940725266933441,0.946580171585083,-0.06639856100082397,0.5486109256744385,0.9271087050437927,-0.07658633589744568,0.5928382873535156,0.9145275950431824,-0.08041667193174362,0.41832730174064636,0.9837813973426819,-0.0354708693921566,0.4826895296573639,0.9583713412284851,-0.053125135600566864,0.5243109464645386,0.9424352645874023,-0.059185564517974854,0.5577223300933838,0.9294646978378296,-0.06056258827447891,help
0.5798031687736511,0.7432300448417664,-3.588426693568181e-07,0.5580497980117798,0.6518718600273132,-0.000519056455232203,0.508869469165802,0.5791725516319275,-0.003955735359340906,0.45134881138801575,0.5593755841255188,-0.006803644821047783,0.41206011176109314,0.5817306041717529,-0.009191794320940971,0.46169233322143555,0.5500622987747192,-0.016523949801921844,0.39081621170043945,0.6037461757659912,-0.027233673259615898,0.4128056764602661,0.6348650455474854,-0.030893852934241295,0.4361223578453064,0.6327131986618042,-0.033221010118722916,0.4449421167373657,0.6003345251083374,-0.023538727313280106,0.36882251501083374,0.6515750288963318,-0.03291187807917595,0.39627712965011597,0.6804568767547607,-0.02840808406472206,0.4261881411075592,0.6777322888374329,-0.024969467893242836,0.4352427124977112,0.6626185774803162,-0.02982095628976822,0.36329740285873413,0.7092396020889282,-0.041115134954452515,0.3951498866081238,0.7332164645195007,-0.028859732672572136,0.42568540573120117,0.7250039577484131,-0.02015320584177971,0.4330037236213684,0.7319939732551575,-0.03589869290590286,0.38660189509391785,0.7638657689094543,-0.049319952726364136,0.41377055644989014,0.7808340191841125,-0.04143857583403587,0.43872639536857605,0.7760359644889832,-0.03266147896647453,help
0.25645917654037476,0.9496126770973206,5.211347229305829e-07,0.2589479088783264,0.8575547933578491,-0.06573884189128876,0.2927284836769104,0.8146755695343018,-0.10124853998422623,0.3452082574367523,0.8164224028587341,-0.12369673699140549,0.39621666073799133,0.8139451742172241,-0.14271222054958344,0.381160706281662,0.8998785018920898,-0.09177234023809433,0.4781543016433716,0.877103328704834,-0.12514595687389374,0.5384502410888672,0.8677799701690674,-0.14374305307865143,0.5862663984298706,0.8653581142425537,-0.15271776914596558,0.3928925096988678,0.9516770243644714,-0.070706807076931,0.49164456129074097,0.9178420305252075,-0.10162896662950516,0.55454421043396,0.8929370641708374,-0.11577093601226807,0.6061846613883972,0.8765617609024048,-0.1226690411567688,0.39940130710601807,0.9784642457962036,-0.05263502150774002,0.48597586154937744,0.9422087073326111,-0.07839900255203247,0.541061282157898,0.9168326258659363,-0.0867396891117096,0.5857458710670471,0.9016844034194946,-0.08858485519886017,0.40355145931243896,0.980396568775177,-0.039409223943948746,0.4726349115371704,0.9463523626327515,-0.059426214545965195,0.5144103169441223,0.9246225953102112,-0.06503250449895859,0.5485271215438843,0.9088678956031799,-0.06514497101306915,help
0.5623806715011597,0.7923579216003418,-2.1854860676739918e-07,0.5359894633293152,0.6932826042175293,-0.0005811005248688161,0.4776926040649414,0.6335903406143188,-0.006117766257375479,0.4148176312446594,0.6466397047042847,-0.01178085058927536,0.37540119886398315,0.6853823661804199,-0.017809823155403137,0.4325505793094635,0.6093753576278687,-0.0075666937045753,0.37630990147590637,0.6648160219192505,-0.022763391956686974,0.39504876732826233,0.6901869773864746,-0.0357409231364727,0.42070111632347107,0.6882532238960266,-0.04381493106484413,0.41286492347717285,0.6673862338066101,-0.014497000724077225,0.35306358337402344,0.7239116430282593,-0.023783745244145393,0.37670212984085083,0.7456890344619751,-0.025786148384213448,0.4057457447052002,0.7396891117095947,-0.027455821633338928,0.4048579931259155,0.7318543195724487,-0.02141617424786091,0.34981483221054077,0.7805390954017639,-0.03240332379937172,0.376603901386261,0.7945528030395508,-0.025596659630537033,0.40473559498786926,0.7823427319526672,-0.020756756886839867,0.4054768979549408,0.7966727018356323,-0.027989137917757034,0.36584147810935974,0.8308507204055786,-0.03776898235082626,0.3924946188926697,0.8403816223144531,-0.029131243005394936,0.4171690344810486,0.8306748867034912,-0.02026604674756527,help
0.5820907354354858,0.6762869358062744,-2.011846902405523e-07,0.5450306534767151,0.5721001625061035,0.004871476907283068,0.4932766258716583,0.5103330612182617,0.0007355802808888257,0.44324591755867004,0.5008909106254578,-0.004448574967682362,0.412937730550766,0.5254694223403931,-0.011213798075914383,0.43258172273635864,0.49328115582466125,-0.013221080414950848,0.37839221954345703,0.554806649684906,-0.020284481346607208,0.39910751581192017,0.5795825123786926,-0.02521420270204544,0.42610353231430054,0.5802930593490601,-0.028720233589410782,0.4115024507045746,0.5575299859046936,-0.021956123411655426,0.3573876917362213,0.6146285533905029,-0.023194581270217896,0.38026371598243713,0.6402057409286499,-0.02145954594016075,0.4130045175552368,0.6393232345581055,-0.022201169282197952,0.40475887060165405,0.6315100193023682,-0.028811216354370117,0.3544835150241852,0.6803964376449585,-0.031092286109924316,0.3802768588066101,0.7006188631057739,-0.023900430649518967,0.4133889675140381,0.6959393620491028,-0.02158798649907112,0.409288227558136,0.7059217691421509,-0.034996021538972855,0.3789464831352234,0.7448486089706421,-0.041682444512844086,0.4076976478099823,0.7568511962890625,-0.03399375453591347,0.436746746301651,0.749544084072113,-0.026430301368236542,help
0.311204195022583,0.8352559804916382,6.478774139395682e-07,0.29301929473876953,0.7873523235321045,-0.06572037190198898,0.30722635984420776,0.7459521889686584,-0.10274766385555267,0.3375767469406128,0.729827880859375,-0.12853078544139862,0.37217092514038086,0.7281386852264404,-0.15259651839733124,0.4027058482170105,0.7656669020652771,-0.08156505972146988,0.46760955452919006,0.7579508423805237,-0.11803451180458069,0.5205566883087158,0.7552490234375,-0.14487019181251526,0.5639292001724243,0.7580356597900391,-0.16209253668785095,0.4240037500858307,0.7889670133590698,-0.06419821828603745,0.49307918548583984,0.7713519930839539,-0.09881487488746643,0.5525356531143188,0.7634456157684326,-0.1228489801287651,0.6049792766571045,0.7613247036933899,-0.13876360654830933,0.4359888732433319,0.8020086884498596,-0.051085833460092545,0.49931082129478455,0.7833694219589233,-0.08107256889343262,0.5513769388198853,0.776181697845459,-0.09903350472450256,0.5977634191513062,0.7733237743377686,-0.109224334359169,0.4416314363479614,0.8063221573829651,-0.04286867380142212,0.4913388788700104,0.7907311320304871,-0.06643031537532806,0.5299014449119568,0.7842501401901245,-0.07849927246570587,0.5629183053970337,0.7806735634803772,-0.08554201573133469,help
0.5622745156288147,0.6696682572364807,-2.455665253364714e-07,0.5342882871627808,0.5689211487770081,0.0028598567005246878,0.48347410559654236,0.5038915872573853,0.0032813367433845997,0.4313063621520996,0.48916688561439514,0.00283407187089324,0.3990266025066376,0.4883939325809479,0.001830819994211197,0.4132736027240753,0.5076692700386047,0.0027395598590373993,0.37211838364601135,0.5510590672492981,-0.0025133946910500526,0.3940921723842621,0.5766338109970093,-0.010308774188160896,0.4223984479904175,0.5770364999771118,-0.015439409762620926,0.39196181297302246,0.5696424841880798,-0.0019059834303334355,0.35427409410476685,0.6104817390441895,-0.0022555210161954165,0.37861576676368713,0.6345351934432983,-0.005996566731482744,0.41051170229911804,0.633701741695404,-0.008894747123122215,0.38544923067092896,0.6362890601158142,-0.0056879715994000435,0.3538326025009155,0.6719815135002136,-0.0071465084329247475,0.3791154623031616,0.6896871328353882,-0.005387402139604092,0.4088588356971741,0.685005247592926,-0.004995658993721008,0.39026862382888794,0.699803352355957,-0.008978281170129776,0.37113848328590393,0.7281275987625122,-0.01271025836467743,0.3965016007423401,0.742669939994812,-0.006897182669490576,0.4220975637435913,0.7399519085884094,-4.12109584431164e-05,help
0.30446797609329224,0.9167660474777222,7.439074352078023e-07,0.28524714708328247,0.8507975339889526,-0.06778773665428162,0.3035774528980255,0.8021681904792786,-0.10460124909877777,0.34357714653015137,0.7918705344200134,-0.12931641936302185,0.386456698179245,0.7936683893203735,-0.1519620716571808,0.4015485644340515,0.8389601707458496,-0.08462781459093094,0.46956244111061096,0.8320589065551758,-0.12384991347789764,0.5236809253692627,0.8349175453186035,-0.15244898200035095,0.5708139538764954,0.8425387144088745,-0.16977350413799286,0.4279053807258606,0.8613748550415039,-0.06606931239366531,0.5034711956977844,0.8422550559043884,-0.10240322351455688,0.5664779543876648,0.8345792889595032,-0.12691451609134674,0.6217705011367798,0.835574209690094,-0.14301487803459167,0.4418424367904663,0.8700870871543884,-0.05199727416038513,0.5106385946273804,0.8491179347038269,-0.08518601953983307,0.5667471885681152,0.8403700590133667,-0.10601506382226944,0.6164551973342896,0.8405945301055908,-0.11748320609331131,0.44631993770599365,0.8669334650039673,-0.04278700426220894,0.5007069110870361,0.8486807942390442,-0.06909839063882828,0.5426854491233826,0.8412154912948608,-0.08349113911390305,0.5797649621963501,0.840345025062561,-0.09185155481100082,help
0.5617895126342773,0.6973071694374084,-1.4115434510131308e-07,0.5442335605621338,0.6024272441864014,-0.006358522921800613,0.492427796125412,0.5246001482009888,-0.008962186984717846,0.42982691526412964,0.4993101954460144,-0.010351799428462982,0.390837699174881,0.5267909169197083,-0.01241935882717371,0.4125168025493622,0.5560296773910522,-0.00987725704908371,0.3637002408504486,0.589174747467041,-0.018444638699293137,0.3858100473880768,0.6053562760353088,-0.02741582691669464,0.41319704055786133,0.6002758741378784,-0.03296777606010437,0.4001498818397522,0.6246538162231445,-0.010995618999004364,0.3489001393318176,0.6445963978767395,-0.015442300587892532,0.3761836290359497,0.6578762531280518,-0.019056469202041626,0.4111199975013733,0.6562005877494812,-0.021125052124261856,0.4009579122066498,0.69315105676651,-0.011792222037911415,0.3574378788471222,0.7074623107910156,-0.01705099269747734,0.38249239325523376,0.7122313380241394,-0.014859403483569622,0.41478872299194336,0.7068328857421875,-0.013035427778959274,0.41148641705513,0.7574373483657837,-0.012753038667142391,0.38954177498817444,0.765641987323761,-0.01854582317173481,0.41027355194091797,0.7662421464920044,-0.014787735417485237,0.4336722195148468,0.7601086497306824,-0.00956874992698431,help
0.30071884393692017,0.9207602143287659,6.879965894768247e-07,0.28562164306640625,0.8502461314201355,-0.0602436326444149,0.30728664994239807,0.8017454147338867,-0.09209159761667252,0.3471653461456299,0.7909050583839417,-0.11328848451375961,0.38725268840789795,0.7923495173454285,-0.13197697699069977,0.40707796812057495,0.8426265716552734,-0.07039166986942291,0.4770686626434326,0.8344498872756958,-0.10495179146528244,0.5308739542961121,0.8382740616798401,-0.13060179352760315,0.5769871473312378,0.8460432887077332,-0.14577889442443848,0.42887115478515625,0.8711376786231995,-0.05451422929763794,0.5043636560440063,0.8503326773643494,-0.0855354592204094,0.5656909942626953,0.8411951661109924,-0.10667597502470016,0.6196573972702026,0.8384724855422974,-0.12033992260694504,0.4392492175102234,0.8819552659988403,-0.04318782314658165,0.5064963698387146,0.8580853939056396,-0.07094293087720871,0.561371922492981,0.8472024202346802,-0.08770124614238739,0.6102029085159302,0.8439033031463623,-0.09628928452730179,0.44114089012145996,0.878359854221344,-0.0366220586001873,0.4969826638698578,0.8571072816848755,-0.059035371989011765,0.539478600025177,0.8485344648361206,-0.07037528604269028,0.5776015520095825,0.8450008034706116,-0.0761278048157692,help
0.568309485912323,0.6953792572021484,-2.2264565302521078e-07,0.5495989322662354,0.5992216467857361,-0.0071775284595787525,0.49573954939842224,0.517021656036377,-0.008292239159345627,0.4337773025035858,0.49329352378845215,-0.007847253233194351,0.393588125705719,0.5136256217956543,-0.007323061116039753,0.41999754309654236,0.5401545763015747,-0.009879170916974545,0.3686858117580414,0.5765271782875061,-0.016673749312758446,0.39052456617355347,0.5976242423057556,-0.022980742156505585,0.41835150122642517,0.5951734781265259,-0.026901377364993095,0.4053683578968048,0.603297770023346,-0.010113367810845375,0.35222187638282776,0.6325110793113708,-0.013535377569496632,0.3783605694770813,0.6547896265983582,-0.014995166100561619,0.4102734923362732,0.6546630263328552,-0.015983976423740387,0.40252628922462463,0.6683788895606995,-0.010188039392232895,0.35544371604919434,0.6908429861068726,-0.015695320442318916,0.380067378282547,0.7086877226829529,-0.012024183757603168,0.4108605980873108,0.7068865299224854,-0.009331367909908295,0.4086657166481018,0.7318446040153503,-0.010501997545361519,0.37870466709136963,0.7492166757583618,-0.01744021847844124,0.39778733253479004,0.7624509334564209,-0.013183130882680416,0.4209333062171936,0.7614432573318481,-0.00747762992978096,help
0.3049989938735962,0.9180320501327515,7.091784368640219e-07,0.2850373089313507,0.8491711616516113,-0.06301181763410568,0.3028157949447632,0.8018127083778381,-0.09664835035800934,0.34355679154396057,0.7922792434692383,-0.11869412660598755,0.384305864572525,0.7936512231826782,-0.13844339549541473,0.3991366922855377,0.838438093662262,-0.08093471080064774,0.4704185724258423,0.8295594453811646,-0.11866001039743423,0.5254682898521423,0.8323649168014526,-0.14489945769309998,0.5729941129684448,0.8402101993560791,-0.15986844897270203,0.42476773262023926,0.8649070262908936,-0.06416626274585724,0.5032222270965576,0.8397101163864136,-0.09696703404188156,0.5659013986587524,0.8279228210449219,-0.11791466921567917,0.6201270222663879,0.8239282369613647,-0.13116678595542908,0.4375666379928589,0.8744591474533081,-0.051562823355197906,0.5074397325515747,0.8457129001617432,-0.08183891326189041,0.5632390379905701,0.8322848081588745,-0.10009213536977768,0.6123899221420288,0.8273299336433411,-0.10936476290225983,0.4406362473964691,0.8707345724105835,-0.04348849132657051,0.4963933825492859,0.8446663618087769,-0.06783004850149155,0.5388587117195129,0.833322286605835,-0.08014137297868729,0.576608419418335,0.827842116355896,-0.08639510720968246,help
0.5618065595626831,0.6928203701972961,-2.0267873424018035e-07,0.5442478656768799,0.6007901430130005,-0.007817905396223068,0.4933941662311554,0.5191766619682312,-0.009812974371016026,0.43214932084083557,0.4946497082710266,-0.010287909768521786,0.39232662320137024,0.5204960107803345,-0.01068003848195076,0.417596697807312,0.541065514087677,-0.0070315212942659855,0.3651585578918457,0.5766104459762573,-0.01540545467287302,0.3852587342262268,0.598106324672699,-0.02375115267932415,0.41292718052864075,0.5956026911735535,-0.0286992359906435,0.4029397964477539,0.6029494404792786,-0.006886630319058895,0.35112228989601135,0.6326538920402527,-0.011305524036288261,0.37580618262290955,0.6543219089508057,-0.014176536351442337,0.4081929922103882,0.6542494297027588,-0.015872856602072716,0.39918196201324463,0.6671857237815857,-0.0070809912867844105,0.3551565706729889,0.692322850227356,-0.012357848696410656,0.37905025482177734,0.7095432877540588,-0.008848500438034534,0.409040629863739,0.7076382040977478,-0.006342906039208174,0.40360260009765625,0.7293753027915955,-0.007796704303473234,0.37555429339408875,0.7504454851150513,-0.013452842831611633,0.39681747555732727,0.7635478377342224,-0.008730820380151272,0.4201057255268097,0.7608988881111145,-0.002951790578663349,help
0.2966945469379425,0.9128857851028442,6.889254109410103e-07,0.2755424976348877,0.8395638465881348,-0.06095122545957565,0.29295262694358826,0.7887551188468933,-0.09323472529649734,0.33417612314224243,0.776512086391449,-0.1149827316403389,0.37490081787109375,0.7814096212387085,-0.13417206704616547,0.3991299569606781,0.8269370198249817,-0.07056625187397003,0.470550537109375,0.814785361289978,-0.10512601584196091,0.5237212181091309,0.8150998950004578,-0.13024571537971497,0.5696760416030884,0.8206624388694763,-0.1449243277311325,0.4219474494457245,0.85672926902771,-0.05461506545543671,0.4974541962146759,0.8254603147506714,-0.08459606021642685,0.5567767024040222,0.8097296953201294,-0.10476093739271164,0.607800304889679,0.8015305995941162,-0.11763883382081985,0.4318702220916748,0.8688342571258545,-0.04339124262332916,0.49894315004348755,0.8333796858787537,-0.07162095606327057,0.5518207550048828,0.8156049847602844,-0.08847052603960037,0.5982557535171509,0.8056432008743286,-0.09675188362598419,0.4327683746814728,0.8664613366127014,-0.036819424480199814,0.48764240741729736,0.8339043259620667,-0.060458116233348846,0.5283955335617065,0.8188655376434326,-0.07233311235904694,0.5646004676818848,0.8087821006774902,-0.07795766741037369,help
0.5805954933166504,0.7020983695983887,-2.1969003682897892e-07,0.5523350834846497,0.6096727848052979,0.0028241961263120174,0.5009549260139465,0.5313856601715088,0.002647197339683771,0.4371635317802429,0.5042973756790161,0.002020368818193674,0.39280444383621216,0.5293110013008118,0.0003766522859223187,0.43359872698783875,0.5496604442596436,-0.00762882549315691,0.3564991354942322,0.5692278146743774,-0.012206590734422207,0.34797510504722595,0.5963847637176514,-0.014221452176570892,0.35425931215286255,0.6066152453422546,-0.015905272215604782,0.42255139350891113,0.607075035572052,-0.012891042046248913,0.35745370388031006,0.6395831108093262,-0.015150417573750019,0.37910789251327515,0.6612100005149841,-0.01281091757118702,0.4077033996582031,0.6597967147827148,-0.012789668515324593,0.41972842812538147,0.6708315014839172,-0.016897838562726974,0.3665528893470764,0.7012084126472473,-0.019178692251443863,0.3890448212623596,0.7177308201789856,-0.010322747752070427,0.4164782762527466,0.7151512503623962,-0.006699922028928995,0.4213842749595642,0.736721396446228,-0.02051197737455368,0.3843502998352051,0.7567976713180542,-0.02284056320786476,0.4069850742816925,0.7677632570266724,-0.014462967403233051,0.43099871277809143,0.7637243866920471,-0.008094226941466331,help
0.29445189237594604,0.9128372669219971,6.764591375940654e-07,0.2778087258338928,0.8371376991271973,-0.056841108947992325,0.29969310760498047,0.7886478900909424,-0.08745627850294113,0.3426869511604309,0.7812051177024841,-0.10755707323551178,0.3817475438117981,0.7891504168510437,-0.12539002299308777,0.3927805721759796,0.8294360637664795,-0.07199828326702118,0.4635278582572937,0.8201917409896851,-0.10653945803642273,0.51808762550354,0.8222870230674744,-0.13085892796516418,0.5648790597915649,0.8288766145706177,-0.14485540986061096,0.4167739450931549,0.8592068552970886,-0.057032957673072815,0.49161475896835327,0.8358153104782104,-0.08808868378400803,0.5527321696281433,0.8246578574180603,-0.10765340179204941,0.6065639853477478,0.8199854493141174,-0.11992702633142471,0.4289678633213043,0.870873749256134,-0.045855697244405746,0.49494653940200806,0.8442163467407227,-0.07424046844244003,0.5492088794708252,0.8315644264221191,-0.09008672833442688,0.5980454683303833,0.8261706233024597,-0.09768088907003403,0.4327133893966675,0.8677352666854858,-0.038865141570568085,0.4870874881744385,0.8448030948638916,-0.06179910898208618,0.52969890832901,0.8344204425811768,-0.07271555066108704,0.5686825513839722,0.8284572958946228,-0.0778980702161789,help
0.5916903018951416,0.6876331567764282,-2.705090196286619e-07,0.5643911361694336,0.5906491875648499,0.007094713393598795,0.5088942050933838,0.51859050989151,0.009424084797501564,0.44757190346717834,0.4935801029205322,0.010677503421902657,0.40103617310523987,0.4947237968444824,0.010888461023569107,0.4466762840747833,0.5274150967597961,-0.008751175366342068,0.3681710362434387,0.5560564398765564,-0.011832067742943764,0.3680751919746399,0.5841265320777893,-0.011659383773803711,0.37906789779663086,0.5912885665893555,-0.012002299539744854,0.43481314182281494,0.5874348282814026,-0.015248652547597885,0.36591434478759766,0.6216331124305725,-0.01737677864730358,0.3894369304180145,0.6438897848129272,-0.01390100084245205,0.42110687494277954,0.6432509422302246,-0.012758809141814709,0.43131500482559204,0.6533070802688599,-0.019621066749095917,0.37171506881713867,0.6822272539138794,-0.02260049618780613,0.397553414106369,0.6994537115097046,-0.012650584802031517,0.42870035767555237,0.6985630989074707,-0.007660984061658382,0.4337557852268219,0.721987783908844,-0.022989952936768532,0.3969005048274994,0.7431890368461609,-0.02784070000052452,0.42223620414733887,0.7528513669967651,-0.020185573026537895,0.4475081264972687,0.7480166554450989,-0.013445197604596615,help
0.2882239818572998,0.9117411375045776,7.148333907025517e-07,0.2606707811355591,0.8369868397712708,-0.0662069320678711,0.27320173382759094,0.7820311784744263,-0.10304863005876541,0.31409743428230286,0.7659478187561035,-0.12750060856342316,0.3548801839351654,0.7677573561668396,-0.14965146780014038,0.3797798752784729,0.8198551535606384,-0.08788367360830307,0.44676917791366577,0.8037513494491577,-0.1268126517534256,0.4991675019264221,0.8033052086830139,-0.15388529002666473,0.5453648567199707,0.8084296584129333,-0.16932198405265808,0.4057171940803528,0.8509911894798279,-0.06898512691259384,0.4790763258934021,0.8180574774742126,-0.1025555208325386,0.5372760891914368,0.8012903928756714,-0.1226382926106453,0.5879783630371094,0.792672336101532,-0.13522057235240936,0.4175969362258911,0.8651851415634155,-0.054168183356523514,0.4823371171951294,0.8287250399589539,-0.08394551277160645,0.5343819260597229,0.8099072575569153,-0.09976202994585037,0.5804508924484253,0.800945520401001,-0.10736201703548431,0.41930344700813293,0.8650070428848267,-0.044161442667245865,0.47290897369384766,0.832259476184845,-0.0679979994893074,0.5134108662605286,0.8169868588447571,-0.07934073358774185,0.5499365925788879,0.808474600315094,-0.08460206538438797,help
0.5826940536499023,0.6582134962081909,-3.107875272689853e-07,0.5502042770385742,0.5677055716514587,0.0013162924442440271,0.49646347761154175,0.4964911937713623,-0.0011106113670393825,0.4373461902141571,0.4697219133377075,-0.004450912121683359,0.39306607842445374,0.47107917070388794,-0.007871842943131924,0.4398339092731476,0.5040273666381836,-0.012130698189139366,0.37266457080841064,0.5404133200645447,-0.021203411743044853,0.39293384552001953,0.562068521976471,-0.026094984263181686,0.4203820526599884,0.5600872039794922,-0.02867335081100464,0.4287961721420288,0.5604870319366455,-0.01781158521771431,0.36490511894226074,0.5953788757324219,-0.022818738594651222,0.39000430703163147,0.6150290369987488,-0.02184801734983921,0.4197736382484436,0.6094798445701599,-0.022422783076763153,0.42616379261016846,0.6224181652069092,-0.022432925179600716,0.36573031544685364,0.6528920531272888,-0.028320392593741417,0.3921906352043152,0.6690976023674011,-0.019456394016742706,0.42342883348464966,0.6628336310386658,-0.014608440920710564,0.4297042489051819,0.6863471865653992,-0.026688160374760628,0.386614590883255,0.7049229741096497,-0.03424551337957382,0.40895891189575195,0.7132357954978943,-0.027034694328904152,0.43482673168182373,0.7073255181312561,-0.019919276237487793,help
0.27912184596061707,0.9067609906196594,6.993935244281602e-07,0.2510737478733063,0.8353649973869324,-0.06739778071641922,0.26303818821907043,0.7766519784927368,-0.10494149476289749,0.3035820722579956,0.7544242143630981,-0.12920430302619934,0.33964863419532776,0.7715262770652771,-0.15097416937351227,0.36269915103912354,0.8148574233055115,-0.09300054609775543,0.42767998576164246,0.793722927570343,-0.13090164959430695,0.47891777753829956,0.7895475625991821,-0.15624310076236725,0.5239382386207581,0.7909919023513794,-0.17067888379096985,0.39023488759994507,0.8429285883903503,-0.07195735722780228,0.45990797877311707,0.8055695295333862,-0.10555756837129593,0.5171268582344055,0.7867425084114075,-0.12346035242080688,0.5668022632598877,0.7770732641220093,-0.13408544659614563,0.4040258228778839,0.8551743626594543,-0.054375000298023224,0.46479129791259766,0.8166903853416443,-0.08433316648006439,0.5148417949676514,0.7964252233505249,-0.09913887828588486,0.5588071942329407,0.7869547605514526,-0.10550321638584137,0.4077739119529724,0.8551760911941528,-0.041450921446084976,0.45917758345603943,0.8222230672836304,-0.06457756459712982,0.4979124665260315,0.8055170774459839,-0.07520703971385956,0.5325443744659424,0.7956556677818298,-0.07993396371603012,help
0.5751193165779114,0.6644959449768066,-2.803876100188063e-07,0.5453395247459412,0.572984516620636,-0.0007854762952774763,0.4891029894351959,0.4993884265422821,-0.00393333937972784,0.4274201989173889,0.47586703300476074,-0.006844787392765284,0.3813471794128418,0.48901140689849854,-0.009838474914431572,0.43468570709228516,0.5050663352012634,-0.014943581074476242,0.36990922689437866,0.5513494610786438,-0.025430329144001007,0.3923507034778595,0.5734840631484985,-0.03084641695022583,0.41783222556114197,0.5701795220375061,-0.03372739627957344,0.42331722378730774,0.5636426210403442,-0.02016030251979828,0.3614421784877777,0.6019236445426941,-0.026443544775247574,0.3867475390434265,0.6215516328811646,-0.025023940950632095,0.4150730073451996,0.6162453293800354,-0.02513350360095501,0.4198557734489441,0.6263869404792786,-0.024555103853344917,0.3613744378089905,0.6573949456214905,-0.032051049172878265,0.38786956667900085,0.6735410690307617,-0.021938791498541832,0.41650471091270447,0.6666882038116455,-0.01593601331114769,0.42197880148887634,0.69000643491745,-0.028706936165690422,0.3810168206691742,0.7072582840919495,-0.03684576228260994,0.40508130192756653,0.7180428504943848,-0.028543246909976006,0.4281274974346161,0.7123798131942749,-0.020621979609131813,help
0.28130659461021423,0.9152955412864685,6.250647857086733e-07,0.2575320303440094,0.8485108613967896,-0.06564541161060333,0.2708890438079834,0.7948678135871887,-0.10172627866268158,0.30708426237106323,0.7751397490501404,-0.12547118961811066,0.33796682953834534,0.788310706615448,-0.14694203436374664,0.36617279052734375,0.8324253559112549,-0.08870714157819748,0.43099862337112427,0.8133695125579834,-0.12529228627681732,0.4807601869106293,0.8083416223526001,-0.15045975148677826,0.5248881578445435,0.8069107532501221,-0.1653037667274475,0.39053231477737427,0.8607372641563416,-0.06984072923660278,0.4625444710254669,0.8238152861595154,-0.10317513346672058,0.5193161368370056,0.8020551800727844,-0.12272340804338455,0.5697415471076965,0.7874525785446167,-0.13481365144252777,0.4036581218242645,0.8709132671356201,-0.05446227639913559,0.46769410371780396,0.8306398987770081,-0.08368880301713943,0.518832802772522,0.8057715892791748,-0.09988639503717422,0.5637534260749817,0.7903231978416443,-0.10767876356840134,0.40768963098526,0.8664751648902893,-0.0438755601644516,0.46130967140197754,0.831562340259552,-0.06662525236606598,0.50067138671875,0.8122053742408752,-0.07796655595302582,0.5354926586151123,0.7994858622550964,-0.08359222114086151,help
0.5561587810516357,0.6698787808418274,-2.9027469850007037e-07,0.5284298062324524,0.5791901350021362,0.0010912423022091389,0.4713408648967743,0.5117189884185791,0.0010840189643204212,0.41071581840515137,0.48824119567871094,0.0005649634986184537,0.36478191614151,0.47164854407310486,-0.00010920970817096531,0.4154151678085327,0.5229920744895935,-0.010115353390574455,0.3519096374511719,0.5559976100921631,-0.01634754240512848,0.370906800031662,0.5817334055900574,-0.017429746687412262,0.39753615856170654,0.5819900035858154,-0.017508123070001602,0.4048800766468048,0.5806629657745361,-0.014787985011935234,0.34508347511291504,0.6114940643310547,-0.01918693445622921,0.36954617500305176,0.6336583495140076,-0.016688762232661247,0.3984646201133728,0.6293894052505493,-0.015464479103684425,0.40315502882003784,0.6420597434043884,-0.018521420657634735,0.3476236164569855,0.6674946546554565,-0.024932263419032097,0.3743078410625458,0.6851535439491272,-0.016075557097792625,0.4026424288749695,0.6796092987060547,-0.010724597610533237,0.40813589096069336,0.7038520574569702,-0.02160007506608963,0.368619441986084,0.7187646627426147,-0.029494520276784897,0.3934782147407532,0.7297055125236511,-0.02228996343910694,0.41733136773109436,0.724651038646698,-0.014989592134952545,help
0.28491583466529846,0.9170169830322266,6.732321367053373e-07,0.2613977789878845,0.848926305770874,-0.0639234334230423,0.27189165353775024,0.7952225208282471,-0.09972718358039856,0.3059978783130646,0.7765140533447266,-0.12442032247781754,0.3401845395565033,0.7837842702865601,-0.14687341451644897,0.3775286078453064,0.8264976739883423,-0.07842792570590973,0.44155678153038025,0.8116850852966309,-0.11308223009109497,0.4914289116859436,0.8089922666549683,-0.13835571706295013,0.5347979664802551,0.8110701441764832,-0.15388226509094238,0.3999768793582916,0.8571444749832153,-0.06123654916882515,0.46867719292640686,0.8217694163322449,-0.09255633503198624,0.5239925980567932,0.8031184077262878,-0.11305242776870728,0.5723350644111633,0.7920595407485962,-0.12650391459465027,0.40941062569618225,0.8704395890235901,-0.048280179500579834,0.4709109365940094,0.8317861557006836,-0.07590828835964203,0.5204563140869141,0.8115262389183044,-0.09176609665155411,0.5635469555854797,0.7990270256996155,-0.10002027451992035,0.40954506397247314,0.8692797422409058,-0.04021736979484558,0.46193405985832214,0.836306631565094,-0.06278582662343979,0.5002573728561401,0.8197804689407349,-0.0742206871509552,0.5343994498252869,0.8082355856895447,-0.08012210577726364,help
0.5529091358184814,0.679341197013855,-2.510413992240501e-07,0.5266344547271729,0.5892565846443176,-0.0009561807964928448,0.47031691670417786,0.522554337978363,-0.0018365895375609398,0.4098737835884094,0.49860280752182007,-0.0024952345993369818,0.36749356985092163,0.47817349433898926,-0.0032158982940018177,0.4145154356956482,0.5415922403335571,-0.013270022347569466,0.3527933955192566,0.5694068670272827,-0.021280940622091293,0.37225908041000366,0.5882007479667664,-0.024304091930389404,0.40013670921325684,0.5883181095123291,-0.025105739012360573,0.4045722782611847,0.601004421710968,-0.016221536323428154,0.34529149532318115,0.6250634789466858,-0.020449893549084663,0.3680484890937805,0.643258810043335,-0.018813109025359154,0.39684706926345825,0.6414727568626404,-0.018411004915833473,0.4029569625854492,0.6619980931282043,-0.01843678578734398,0.34696435928344727,0.6809497475624084,-0.023529937490820885,0.370568186044693,0.6957154273986816,-0.016071684658527374,0.3991495668888092,0.6935230493545532,-0.012000521644949913,0.4075259566307068,0.7230759859085083,-0.020208947360515594,0.37047192454338074,0.7378501296043396,-0.026830675080418587,0.39196670055389404,0.7442166805267334,-0.020979246124625206,0.41478192806243896,0.7378136515617371,-0.014981260523200035,help
0.28717559576034546,0.9110658168792725,7.45835961879493e-07,0.25960773229599,0.837855339050293,-0.06177915260195732,0.2701725959777832,0.7813503742218018,-0.0966712161898613,0.3083980679512024,0.7614237666130066,-0.11947954446077347,0.34537506103515625,0.7643740177154541,-0.13995470106601715,0.3655286431312561,0.8186267614364624,-0.0858783945441246,0.4381954073905945,0.7987502217292786,-0.12150736153125763,0.49050694704055786,0.7938377261161804,-0.14454132318496704,0.5348665714263916,0.7958787083625793,-0.15665119886398315,0.39187169075012207,0.8524298071861267,-0.06786195933818817,0.46974828839302063,0.8190240263938904,-0.09855436533689499,0.5280731916427612,0.8001758456230164,-0.11562147736549377,0.5784815549850464,0.7906181216239929,-0.12575426697731018,0.40533971786499023,0.8688194155693054,-0.05306857079267502,0.47293591499328613,0.832992434501648,-0.08015143126249313,0.5258697867393494,0.8111205697059631,-0.09446252137422562,0.5721897482872009,0.8005363941192627,-0.10086017102003098,0.40886950492858887,0.8700779676437378,-0.04244495928287506,0.4645061492919922,0.8389068245887756,-0.06329060345888138,0.50603848695755,0.8215401768684387,-0.07254517078399658,0.5426364541053772,0.8118383288383484,-0.07631853222846985,help
0.5534869432449341,0.6976912021636963,-2.8769079563062405e-07,0.5258766412734985,0.6038619875907898,0.0026046030689030886,0.471111923456192,0.5396740436553955,0.003936356864869595,0.4099345803260803,0.5251158475875854,0.004483143799006939,0.3651181161403656,0.5237102508544922,0.0049683148972690105,0.41225168108940125,0.5512113571166992,-0.005190070252865553,0.3432907462120056,0.5867583155632019,-0.010705764405429363,0.3551791310310364,0.6136848330497742,-0.013219674117863178,0.37548893690109253,0.6175047159194946,-0.01460663415491581,0.40349310636520386,0.6073829531669617,-0.009604857303202152,0.33812206983566284,0.6451701521873474,-0.01310791727155447,0.361026406288147,0.6674234867095947,-0.012112950906157494,0.39051520824432373,0.665887176990509,-0.011907832697033882,0.40252333879470825,0.6659985780715942,-0.013085970655083656,0.34626588225364685,0.6980257630348206,-0.017466144636273384,0.3681342303752899,0.7151490449905396,-0.010362687520682812,0.3966098725795746,0.7133229970932007,-0.006078964564949274,0.4079955816268921,0.7243281006813049,-0.015958579257130623,0.3702389597892761,0.7470183968544006,-0.020791485905647278,0.38942593336105347,0.7562322020530701,-0.014578156173229218,0.41226422786712646,0.7509245276451111,-0.008322249166667461,help
0.5535562038421631,0.7058075666427612,-2.1281618955981685e-07,0.523433268070221,0.6123386025428772,0.007732335943728685,0.4700419306755066,0.5463295578956604,0.009234950877726078,0.4087419807910919,0.5247440338134766,0.008755400776863098,0.36536818742752075,0.5395498275756836,0.006496254820376635,0.4063287377357483,0.5538560152053833,-0.0020137846004217863,0.33013004064559937,0.583437979221344,-0.005414417013525963,0.30638235807418823,0.6074905395507812,-0.007417101413011551,0.29428520798683167,0.6180856823921204,-0.009607519954442978,0.3959270417690277,0.6115723848342896,-0.0096919946372509,0.3342527151107788,0.6514220833778381,-0.013755866326391697,0.3565870523452759,0.6682092547416687,-0.012681032530963421,0.3833823800086975,0.6674031019210815,-0.012521093711256981,0.3945607841014862,0.6741262674331665,-0.015634257346391678,0.34504184126853943,0.708045482635498,-0.020429443567991257,0.3680335283279419,0.7181119918823242,-0.012631877325475216,0.39478591084480286,0.7144830822944641,-0.007860768586397171,0.39704716205596924,0.7354018092155457,-0.020622296258807182,0.3577798902988434,0.7538669109344482,-0.023522663861513138,0.37837740778923035,0.7597904205322266,-0.01485465932637453,0.40111032128334045,0.7559210062026978,-0.007368264254182577,help
0.5669876933097839,0.6915768980979919,-2.2522952747294767e-07,0.5296353697776794,0.5978865027427673,0.011967300437390804,0.47075507044792175,0.5375718474388123,0.015195070765912533,0.4139294922351837,0.5193882584571838,0.015332309529185295,0.3716006875038147,0.5262132883071899,0.01320542860776186,0.4188058376312256,0.5428032279014587,0.0012820832198485732,0.3393833637237549,0.5689833760261536,-0.0027278501074761152,0.305195689201355,0.592189610004425,-0.0057946499437093735,0.2830747663974762,0.6058759093284607,-0.008723018690943718,0.41052091121673584,0.5972850322723389,-0.008490885607898235,0.3480854630470276,0.6385335326194763,-0.012745718471705914,0.36924320459365845,0.6541232466697693,-0.012120522558689117,0.3958728015422821,0.6513822674751282,-0.012800763361155987,0.4103130102157593,0.6589775085449219,-0.016461092978715897,0.35245516896247864,0.6908252239227295,-0.020930225029587746,0.37332645058631897,0.7040225863456726,-0.012662220746278763,0.400055468082428,0.7026205658912659,-0.008179922588169575,0.41427046060562134,0.7202138304710388,-0.023198360577225685,0.36499521136283875,0.7400012016296387,-0.026989491656422615,0.37795504927635193,0.7462281584739685,-0.019274450838565826,0.397017240524292,0.7423328161239624,-0.012724300846457481,help
0.5683606863021851,0.6693450212478638,-2.0770029607319884e-07,0.5403776168823242,0.584166944026947,-0.0006100162281654775,0.4815422296524048,0.5167614221572876,-0.00354648195207119,0.42103445529937744,0.4903874397277832,-0.007131459191441536,0.37434494495391846,0.4767473340034485,-0.01185417640954256,0.43196529150009155,0.5173838138580322,-0.012229586020112038,0.3514782190322876,0.5458011031150818,-0.02516970969736576,0.3170390725135803,0.5719104409217834,-0.032046668231487274,0.2973049581050873,0.588644802570343,-0.036334384232759476,0.42208313941955566,0.5675715804100037,-0.017284609377384186,0.3542773127555847,0.6071421504020691,-0.028677301481366158,0.3780561089515686,0.6261329054832458,-0.028094395995140076,0.40539705753326416,0.6208560466766357,-0.027584809809923172,0.41952526569366455,0.6265676617622375,-0.022104749456048012,0.3568585515022278,0.6607917547225952,-0.03377486765384674,0.38186466693878174,0.6799852252006531,-0.02362290397286415,0.4090605676174164,0.6751919388771057,-0.016631146892905235,0.4208003282546997,0.6891710162162781,-0.026821574196219444,0.37980830669403076,0.7122043371200562,-0.03725341334939003,0.39938291907310486,0.7227290868759155,-0.031132781878113747,0.4202646315097809,0.7183347344398499,-0.02479584701359272,help
0.30137544870376587,0.907474160194397,7.6896134260096e-07,0.2711908519268036,0.8298105001449585,-0.06496753543615341,0.2846488356590271,0.7699823975563049,-0.10005104541778564,0.32508745789527893,0.7497304677963257,-0.12246748059988022,0.36266276240348816,0.7517423629760742,-0.14268836379051208,0.3884504437446594,0.8059920072555542,-0.08499518781900406,0.46132543683052063,0.7907066941261292,-0.12036306411027908,0.5149754881858826,0.7904120683670044,-0.1445559561252594,0.559893012046814,0.7979593276977539,-0.1575944721698761,0.41292282938957214,0.842335045337677,-0.06468603760004044,0.489225298166275,0.8157591223716736,-0.09473664313554764,0.5479006767272949,0.8021877408027649,-0.11268460005521774,0.5983909964561462,0.7982376217842102,-0.12371517717838287,0.4257362484931946,0.8616414666175842,-0.04817325621843338,0.49276816844940186,0.8346492648124695,-0.07480397820472717,0.5443328619003296,0.8198872804641724,-0.08970360457897186,0.5899958610534668,0.8153786659240723,-0.09694692492485046,0.4287300407886505,0.8662768006324768,-0.03618702292442322,0.48422858119010925,0.8446102142333984,-0.05669192969799042,0.5250271558761597,0.8348950743675232,-0.06658096611499786,0.5612088441848755,0.8305180668830872,-0.07121925055980682,help
0.5732526183128357,0.6362249851226807,-3.5133993492308946e-07,0.5446173548698425,0.5460308194160461,0.0013620825484395027,0.4869424104690552,0.47922956943511963,-0.0007414573919959366,0.4263375997543335,0.4572910964488983,-0.0026917438954114914,0.38421350717544556,0.4578273594379425,-0.0042190407402813435,0.44083482027053833,0.45993489027023315,-0.014024382457137108,0.3789898157119751,0.5111050009727478,-0.022510139271616936,0.4015265703201294,0.5383983850479126,-0.02586272731423378,0.4271518588066101,0.5382223725318909,-0.028043033555150032,0.4248954951763153,0.5134004354476929,-0.020079752430319786,0.3651859760284424,0.5603293776512146,-0.02546372264623642,0.39220699667930603,0.583649754524231,-0.02244238555431366,0.4212106764316559,0.5796495676040649,-0.02118961326777935,0.41761788725852966,0.5757218599319458,-0.024970518425107002,0.361885666847229,0.616106390953064,-0.03252404183149338,0.39032310247421265,0.6344417333602905,-0.022523771971464157,0.41806381940841675,0.6270797252655029,-0.016492223367094994,0.4180399179458618,0.6408292651176453,-0.029410304501652718,0.38509997725486755,0.6676129102706909,-0.03938339278101921,0.41168567538261414,0.6797903180122375,-0.032588426023721695,0.4337359666824341,0.6747367978096008,-0.02537534572184086,help
0.29884499311447144,0.9033573865890503,7.404964890156407e-07,0.274489164352417,0.8202881217002869,-0.06236570328474045,0.29061782360076904,0.7657490968704224,-0.0960884764790535,0.32997608184814453,0.7499499320983887,-0.11810466647148132,0.3673395812511444,0.7445496320724487,-0.13776624202728271,0.39336255192756653,0.8088383674621582,-0.07952861487865448,0.4688909947872162,0.7892377376556396,-0.11250519007444382,0.5225533246994019,0.7868231534957886,-0.13505837321281433,0.5658428072929382,0.790489137172699,-0.14688588678836823,0.4151661992073059,0.8478425145149231,-0.059847693890333176,0.49071216583251953,0.8170222043991089,-0.08804425597190857,0.5469027757644653,0.8011212348937988,-0.10498648881912231,0.5934023857116699,0.79306560754776,-0.11516931653022766,0.4258671998977661,0.8668621778488159,-0.04396144673228264,0.48921918869018555,0.8300917148590088,-0.06778132915496826,0.5389183163642883,0.8119115829467773,-0.07988271117210388,0.5815326571464539,0.8040044903755188,-0.0851944237947464,0.42858248949050903,0.8671174049377441,-0.032677799463272095,0.48123371601104736,0.8349477648735046,-0.05049477517604828,0.5206300616264343,0.8205289840698242,-0.05768086761236191,0.554797351360321,0.8121387958526611,-0.06025334820151329,help
0.569236695766449,0.6313044428825378,-3.06763865864923e-07,0.5436961054801941,0.5475684404373169,-0.0014692861586809158,0.48789098858833313,0.477305144071579,-0.004316011909395456,0.4256139099597931,0.45464497804641724,-0.005909189116209745,0.3803449869155884,0.4601882994174957,-0.0072098965756595135,0.4339298605918884,0.466898649930954,-0.0177343487739563,0.37120530009269714,0.5212191343307495,-0.024157458916306496,0.39357683062553406,0.5490665435791016,-0.025529664009809494,0.4191979467868805,0.549741268157959,-0.026266291737556458,0.42059940099716187,0.5196455717086792,-0.021819602698087692,0.3635079264640808,0.5656650066375732,-0.026355277746915817,0.39036890864372253,0.586946427822113,-0.023298492655158043,0.4191952347755432,0.5836182832717896,-0.02175772748887539,0.41599011421203613,0.5797311663627625,-0.024494033306837082,0.35948628187179565,0.6174756288528442,-0.03234519064426422,0.3824560046195984,0.6356624364852905,-0.023891041055321693,0.40710318088531494,0.6315086483955383,-0.018517136573791504,0.4175807237625122,0.643142580986023,-0.026627611368894577,0.3810228109359741,0.6669303774833679,-0.037815939635038376,0.4069570302963257,0.6806541681289673,-0.03204115107655525,0.4301857650279999,0.6797146201133728,-0.02505330741405487,help
0.29882824420928955,0.8985499143600464,7.495930276490981e-07,0.27061283588409424,0.8216886520385742,-0.06573457270860672,0.28515225648880005,0.762566864490509,-0.10068020969629288,0.32564401626586914,0.7383114695549011,-0.12283734232187271,0.3628869950771332,0.7375273108482361,-0.14288590848445892,0.3883454501628876,0.7961692810058594,-0.08251460641622543,0.4609013497829437,0.7812513709068298,-0.11645215004682541,0.5154269933700562,0.7779206037521362,-0.1401212066411972,0.5604265928268433,0.7813681960105896,-0.15350250899791718,0.41230541467666626,0.8321230411529541,-0.061367716640233994,0.4878394901752472,0.8054195642471313,-0.09020205587148666,0.5464283227920532,0.7888762354850769,-0.10845227539539337,0.5954675078392029,0.7800469398498535,-0.12031520903110504,0.42408740520477295,0.8525841236114502,-0.044233594089746475,0.4899456799030304,0.8269060850143433,-0.06989109516143799,0.5409305095672607,0.8110049962997437,-0.08531492948532104,0.5846262574195862,0.8025233745574951,-0.09356406331062317,0.42684563994407654,0.8605745434761047,-0.031825046986341476,0.4812031388282776,0.8422011137008667,-0.05248619616031647,0.520825207233429,0.8340151309967041,-0.06361138075590134,0.5555391907691956,0.8282978534698486,-0.06957774609327316,help
0.5559599995613098,0.6512489318847656,-1.3799767373257055e-07,0.5337042808532715,0.5617026090621948,-0.001625452539883554,0.4816720187664032,0.49551671743392944,-0.004120204597711563,0.42420336604118347,0.4728794991970062,-0.006181598175317049,0.38034188747406006,0.4700459837913513,-0.009937296621501446,0.430309921503067,0.488132506608963,-0.01657356508076191,0.3599912226200104,0.5094867944717407,-0.026023605838418007,0.3339610695838928,0.5322072505950928,-0.0304251778870821,0.319793701171875,0.5426331162452698,-0.03402533009648323,0.4163428246974945,0.5460236668586731,-0.021511798724532127,0.35307538509368896,0.5805163979530334,-0.031801119446754456,0.37722623348236084,0.6044272780418396,-0.03003864735364914,0.40818607807159424,0.6038405299186707,-0.028264332562685013,0.41221752762794495,0.6105563640594482,-0.02561211958527565,0.35728585720062256,0.6426764726638794,-0.036674920469522476,0.38356608152389526,0.6610315442085266,-0.026369595900177956,0.41187813878059387,0.6558152437210083,-0.01923704333603382,0.41459426283836365,0.6766675114631653,-0.029369637370109558,0.3780288100242615,0.6964145302772522,-0.039959270507097244,0.40238645672798157,0.707777202129364,-0.032477281987667084,0.4256409704685211,0.7016632556915283,-0.024956850335001945,help
0.29910820722579956,0.8961201906204224,7.267040018632542e-07,0.273090124130249,0.8142327070236206,-0.05750119686126709,0.2892496585845947,0.7577928304672241,-0.08761079609394073,0.32933932542800903,0.7407472133636475,-0.10637429356575012,0.36570048332214355,0.7352065443992615,-0.12288033217191696,0.3927531838417053,0.7946072816848755,-0.07340678572654724,0.4705960750579834,0.7802862524986267,-0.10311488807201385,0.5264998078346252,0.7764497995376587,-0.12335808575153351,0.5721596479415894,0.7794079780578613,-0.13389934599399567,0.41558605432510376,0.8340383172035217,-0.054365698248147964,0.4912334084510803,0.8053377270698547,-0.07875068485736847,0.5483133792877197,0.7883724570274353,-0.09336637705564499,0.597379744052887,0.7805492281913757,-0.10257747769355774,0.4268825948238373,0.8568365573883057,-0.03861316666007042,0.4924924969673157,0.8269661664962769,-0.05982792750000954,0.5421282052993774,0.8073364496231079,-0.07117832452058792,0.5849895477294922,0.7974265813827515,-0.07645805925130844,0.42965176701545715,0.8636543154716492,-0.027104565873742104,0.48489779233932495,0.8379679322242737,-0.04382707178592682,0.5241854190826416,0.8240954279899597,-0.05135667696595192,0.5590987801551819,0.813999354839325,-0.05436577647924423,help
0.5633360743522644,0.6610217094421387,-2.675802477369871e-07,0.5381675958633423,0.5699942708015442,-0.0034517846070230007,0.4840248227119446,0.4995637536048889,-0.006751813925802708,0.4253433346748352,0.477621853351593,-0.009231467731297016,0.38209131360054016,0.4806850254535675,-0.011483250185847282,0.43113765120506287,0.49554741382598877,-0.017178917303681374,0.3702288269996643,0.5331445336341858,-0.029237499460577965,0.3911486268043518,0.5554673671722412,-0.03607200086116791,0.4175131618976593,0.554652214050293,-0.03970164433121681,0.417759507894516,0.554625391960144,-0.021329710260033607,0.3520911931991577,0.5841778516769409,-0.030482996255159378,0.3794921636581421,0.6073406338691711,-0.030372554436326027,0.4117565155029297,0.6084348559379578,-0.029580682516098022,0.41342800855636597,0.6177969574928284,-0.02490994893014431,0.3563470244407654,0.6459704041481018,-0.034602247178554535,0.38365232944488525,0.664283037185669,-0.026670357212424278,0.41357704997062683,0.6617702841758728,-0.020702466368675232,0.41672998666763306,0.6819989681243896,-0.02833285555243492,0.38087737560272217,0.6991406679153442,-0.03811626136302948,0.4029897451400757,0.7106578946113586,-0.03169361501932144,0.4252507984638214,0.7071887254714966,-0.024401934817433357,help
0.2992262542247772,0.902471125125885,6.94323944117059e-07,0.2732928693294525,0.8211338520050049,-0.06289322674274445,0.2880922257900238,0.7652172446250916,-0.09581350535154343,0.32670268416404724,0.7457312941551208,-0.11687193065881729,0.363391637802124,0.7368407249450684,-0.1355285495519638,0.39685699343681335,0.8002631664276123,-0.07451224327087402,0.46997299790382385,0.7818822860717773,-0.10465144366025925,0.5214148759841919,0.7787144184112549,-0.12619061768054962,0.5642017126083374,0.7817161083221436,-0.13826225697994232,0.4190864861011505,0.8394669890403748,-0.05380396172404289,0.49211883544921875,0.8079397678375244,-0.0799420103430748,0.5464701056480408,0.791595995426178,-0.09717844426631927,0.5920820236206055,0.784020185470581,-0.10820766538381577,0.4289695620536804,0.860717236995697,-0.037087492644786835,0.492115318775177,0.8274590969085693,-0.059671953320503235,0.5405544638633728,0.8088092803955078,-0.0729202926158905,0.582094669342041,0.7993859052658081,-0.07966333627700806,0.43052971363067627,0.8655709624290466,-0.025120580568909645,0.4832174479961395,0.8378667235374451,-0.0433913990855217,0.5211195945739746,0.823376476764679,-0.052644696086645126,0.5550161600112915,0.8134452700614929,-0.0570203959941864,help
0.5633228421211243,0.6556211709976196,-3.283684293364786e-07,0.536884605884552,0.5682439208030701,0.0011393148452043533,0.4870535135269165,0.5002127289772034,-0.0005767872789874673,0.4283326268196106,0.47554123401641846,-0.0023435214534401894,0.38451385498046875,0.4856928586959839,-0.004437106195837259,0.43306446075439453,0.49795329570770264,-0.013848474249243736,0.363667368888855,0.5234200954437256,-0.020850490778684616,0.3735065162181854,0.5544838905334473,-0.02395070530474186,0.3901228904724121,0.5626505613327026,-0.026538731530308723,0.420472651720047,0.5507437586784363,-0.018761811777949333,0.35453543066978455,0.5874149203300476,-0.02280171774327755,0.377532035112381,0.613165557384491,-0.01996276155114174,0.40535420179367065,0.613961398601532,-0.019604967907071114,0.41525998711586,0.609971821308136,-0.02249327301979065,0.3594033718109131,0.6475083827972412,-0.027123089879751205,0.38381412625312805,0.6663225889205933,-0.017857510596513748,0.4109313488006592,0.6641549468040466,-0.01336245983839035,0.4155900478363037,0.6721170544624329,-0.02584080770611763,0.380041241645813,0.7008376717567444,-0.031445641070604324,0.4021137058734894,0.7127156257629395,-0.02426651120185852,0.42370596528053284,0.7076851725578308,-0.01810973696410656,help
0.3017396330833435,0.898830771446228,7.054790103211417e-07,0.274894654750824,0.8214777112007141,-0.062334343791007996,0.2864346504211426,0.7653879523277283,-0.09647556394338608,0.3240623474121094,0.7469322085380554,-0.11897671222686768,0.3607320487499237,0.7398137450218201,-0.13908851146697998,0.39315664768218994,0.8019543886184692,-0.07848021388053894,0.4633494019508362,0.7850979566574097,-0.11148139834403992,0.5153995752334595,0.7809727787971497,-0.13471083343029022,0.5595433712005615,0.7830532193183899,-0.14783377945423126,0.4171766936779022,0.8386241793632507,-0.05997283384203911,0.4893394708633423,0.8095676302909851,-0.08848638087511063,0.5450949668884277,0.7926654815673828,-0.10642628371715546,0.5930145382881165,0.7828699350357056,-0.11801838874816895,0.4288404881954193,0.8577104210853577,-0.04541218280792236,0.4919291138648987,0.826971173286438,-0.07054522633552551,0.5418229103088379,0.8085691928863525,-0.08472037315368652,0.5856795907020569,0.7980241775512695,-0.09197139739990234,0.43173348903656006,0.8613975048065186,-0.03550662472844124,0.4854844808578491,0.8359891176223755,-0.05566191300749779,0.5249131917953491,0.8227864503860474,-0.06563238054513931,0.5603044629096985,0.8131362795829773,-0.07053707540035248,help
0.5747848153114319,0.6667886972427368,-3.1783955023456656e-07,0.5453799366950989,0.5711104273796082,0.0016881024930626154,0.4930165708065033,0.4989197850227356,-9.365295409224927e-05,0.4353528916835785,0.47478580474853516,-0.0028551151044666767,0.39369773864746094,0.4816417694091797,-0.005774310790002346,0.43592026829719543,0.49973264336586,-0.009322513826191425,0.3710877001285553,0.5367898941040039,-0.019023915752768517,0.390461266040802,0.5639625787734985,-0.025495998561382294,0.4169113337993622,0.5668261647224426,-0.029112527146935463,0.42269638180732727,0.5555789470672607,-0.014953584410250187,0.35961732268333435,0.5922295451164246,-0.021207444369792938,0.3820171058177948,0.6203310489654541,-0.02205525152385235,0.4128882586956024,0.6233088970184326,-0.023156587034463882,0.41750478744506836,0.6170664429664612,-0.019748471677303314,0.36014342308044434,0.6502247452735901,-0.027461228892207146,0.3801870048046112,0.6774464249610901,-0.022473447024822235,0.4099445343017578,0.6812536120414734,-0.019242262467741966,0.41823533177375793,0.68010014295578,-0.024003997445106506,0.377839058637619,0.7005712389945984,-0.03133483976125717,0.3954217731952667,0.7198530435562134,-0.026252493262290955,0.41957011818885803,0.7224811911582947,-0.020581640303134918,help
0.29987460374832153,0.8969610929489136,7.158267862905632e-07,0.27255013585090637,0.8194916248321533,-0.06230863928794861,0.2875078320503235,0.7627000212669373,-0.09427057206630707,0.3271068036556244,0.7423139214515686,-0.11456826329231262,0.36049991846084595,0.7409278750419617,-0.13232357800006866,0.3951939642429352,0.7993797063827515,-0.07281593233346939,0.4659883379936218,0.7837188839912415,-0.10281477123498917,0.5189071297645569,0.7812333703041077,-0.12417098134756088,0.563035786151886,0.7860328555107117,-0.13613446056842804,0.4190317392349243,0.8357412815093994,-0.052954357117414474,0.4898046851158142,0.8049939870834351,-0.07836976647377014,0.5451202392578125,0.7888553738594055,-0.09443579614162445,0.5921106934547424,0.7821044921875,-0.10462687164545059,0.4299057126045227,0.8557745218276978,-0.03732835501432419,0.4912981688976288,0.8219063878059387,-0.06019941344857216,0.5396234393119812,0.8030432462692261,-0.07344205677509308,0.5822208523750305,0.7944809794425964,-0.07987470179796219,0.43150991201400757,0.860630989074707,-0.026512522250413895,0.4844328761100769,0.830179750919342,-0.045116130262613297,0.5227245092391968,0.8148851990699768,-0.05487366020679474,0.5577000379562378,0.8052622079849243,-0.05955929309129715,help
0.5695109963417053,0.6672803163528442,-3.0344526180670073e-07,0.5500208139419556,0.5757231116294861,0.0032071981113404036,0.5062041878700256,0.5018638372421265,0.0018312693573534489,0.4581870436668396,0.4715925455093384,-0.00022100660135038197,0.4281316101551056,0.4753097891807556,-0.002342523541301489,0.43848109245300293,0.49449342489242554,-0.011146556586027145,0.373810350894928,0.5433752536773682,-0.019357886165380478,0.3917854428291321,0.5714368224143982,-0.023375634104013443,0.41723060607910156,0.57282954454422,-0.02560398168861866,0.42169108986854553,0.5506457090377808,-0.018001694232225418,0.351383239030838,0.5975330471992493,-0.024829639121890068,0.37709924578666687,0.6263397336006165,-0.022938290610909462,0.40919941663742065,0.6259444952011108,-0.02135537564754486,0.41464143991470337,0.613966166973114,-0.023527178913354874,0.3529928922653198,0.6566277146339417,-0.03127263858914375,0.3811684250831604,0.6780964136123657,-0.02302028052508831,0.41340869665145874,0.6724125146865845,-0.017216788604855537,0.4168630838394165,0.6802570819854736,-0.028446024283766747,0.37848836183547974,0.7087350487709045,-0.03750546649098396,0.40232574939727783,0.7214273810386658,-0.031044354662299156,0.428391695022583,0.714693009853363,-0.023716391995549202,help
0.29714542627334595,0.9081345796585083,7.083675654939725e-07,0.27099043130874634,0.8276128768920898,-0.06369391828775406,0.2858359217643738,0.7709886431694031,-0.09740748256444931,0.32489585876464844,0.7503856420516968,-0.11886747926473618,0.3581204116344452,0.7485871911048889,-0.13806042075157166,0.3908020853996277,0.8084278702735901,-0.078780397772789,0.4594193398952484,0.7904375195503235,-0.11048624664545059,0.5102847218513489,0.7869029641151428,-0.1330738067626953,0.5537717342376709,0.7887501120567322,-0.14623118937015533,0.4151698052883148,0.8432658910751343,-0.058745890855789185,0.48739972710609436,0.8135151267051697,-0.08663041144609451,0.5432853102684021,0.7956413626670837,-0.10480677336454391,0.5908854007720947,0.785574197769165,-0.11691268533468246,0.4265706241130829,0.8620116114616394,-0.04258196800947189,0.4908229112625122,0.8324527144432068,-0.06747855991125107,0.5404140949249268,0.8148335814476013,-0.08269096165895462,0.5838411450386047,0.8052958846092224,-0.09097514301538467,0.42849141359329224,0.8665560483932495,-0.03108869679272175,0.48337143659591675,0.8441919684410095,-0.051323920488357544,0.5225500464439392,0.8322864174842834,-0.06251898407936096,0.5581340193748474,0.8237860798835754,-0.06871815025806427,help
0.5656639337539673,0.6699304580688477,-2.576416306965257e-07,0.5480048656463623,0.581528902053833,-0.000900831597391516,0.5031191110610962,0.5076189637184143,-0.003263995982706547,0.45092880725860596,0.4828650653362274,-0.005551617592573166,0.4223499298095703,0.49001944065093994,-0.008373123593628407,0.42712193727493286,0.5176646709442139,-0.014056213200092316,0.36734557151794434,0.5670925378799438,-0.02188100479543209,0.3823636472225189,0.5939409732818604,-0.025510326027870178,0.40455272793769836,0.5946147441864014,-0.027712959796190262,0.4136223793029785,0.5744315981864929,-0.019251074641942978,0.3499528169631958,0.6142475008964539,-0.02500242553651333,0.37286874651908875,0.6375552415847778,-0.022676190361380577,0.4025961756706238,0.6372125744819641,-0.02139647863805294,0.4105086922645569,0.6345962882041931,-0.02342006005346775,0.3527878522872925,0.6664356589317322,-0.03138277679681778,0.37783604860305786,0.6844410300254822,-0.023202942684292793,0.4079727232456207,0.6816898584365845,-0.017451073974370956,0.41607096791267395,0.6966496109962463,-0.027226604521274567,0.371715784072876,0.7183497548103333,-0.03503046929836273,0.38951289653778076,0.7319552302360535,-0.027538133785128593,0.4122302830219269,0.7311074733734131,-0.019808454439044,help
0.29687392711639404,0.9002795219421387,6.671701839877642e-07,0.27266156673431396,0.8233771324157715,-0.058114755898714066,0.2855902910232544,0.7674274444580078,-0.09033028781414032,0.3240309953689575,0.7468364834785461,-0.11185485869646072,0.36210256814956665,0.742633044719696,-0.130759596824646,0.3872912526130676,0.8051746487617493,-0.07348274439573288,0.46118825674057007,0.7855481505393982,-0.10575499385595322,0.512959361076355,0.7804880142211914,-0.12761428952217102,0.5565857887268066,0.781100332736969,-0.13952548801898956,0.4111679792404175,0.8422755599021912,-0.05691760033369064,0.4867945611476898,0.8106983304023743,-0.08474641293287277,0.5423619151115417,0.7921334505081177,-0.10137346386909485,0.5900145173072815,0.7802348136901855,-0.11185024678707123,0.4229147732257843,0.8613474369049072,-0.04421182721853256,0.48821696639060974,0.8289231657981873,-0.06858115643262863,0.5381914377212524,0.8104275465011597,-0.08152620494365692,0.5808613300323486,0.7996214032173157,-0.08773334324359894,0.42620545625686646,0.8640011548995972,-0.03589097782969475,0.48097914457321167,0.8384560346603394,-0.05539120361208916,0.5207690596580505,0.8251492381095886,-0.06450691819190979,0.5558198094367981,0.8154323101043701,-0.06856071949005127,help
0.5652933716773987,0.6639367938041687,-2.559899598963966e-07,0.5460471510887146,0.5751103162765503,-0.0007870249100960791,0.50192791223526,0.5008710622787476,-0.0024872433859854937,0.44950079917907715,0.4794255495071411,-0.004440683871507645,0.415754497051239,0.4821208715438843,-0.0070790862664580345,0.43140682578086853,0.5110251903533936,-0.013673443347215652,0.37209615111351013,0.5546130537986755,-0.022264890372753143,0.38525915145874023,0.5791828632354736,-0.02685156837105751,0.4079304039478302,0.5793800354003906,-0.029180025681853294,0.41935214400291443,0.5699957609176636,-0.018938707187771797,0.3538128137588501,0.6054182648658752,-0.025004630908370018,0.37162864208221436,0.6310778856277466,-0.02439042367041111,0.3990282416343689,0.6316104531288147,-0.0241593886166811,0.41810470819473267,0.6316774487495422,-0.023276137188076973,0.35530853271484375,0.6591326594352722,-0.03138817474246025,0.3755948841571808,0.6785587072372437,-0.024611981585621834,0.4049418270587921,0.6761007308959961,-0.019541610032320023,0.42636001110076904,0.695098340511322,-0.02711811289191246,0.3785824477672577,0.7099610567092896,-0.03507928550243378,0.39256751537323,0.7200501561164856,-0.02809884585440159,0.4152863323688507,0.7173250913619995,-0.020523525774478912,help
0.29981112480163574,0.8978766798973083,8.022676070140733e-07,0.2728472650051117,0.8177913427352905,-0.05938978120684624,0.28862130641937256,0.7591806650161743,-0.09170125424861908,0.32765722274780273,0.7395512461662292,-0.11227735131978989,0.362209677696228,0.7390118837356567,-0.13062520325183868,0.3903958797454834,0.7948961853981018,-0.07874745875597,0.4691880941390991,0.7767134308815002,-0.11148311197757721,0.5263014435768127,0.7730225920677185,-0.1329745501279831,0.5719735026359558,0.7768493890762329,-0.14367632567882538,0.4124937355518341,0.8339792490005493,-0.060047049075365067,0.4906887412071228,0.8056220412254333,-0.08770989626646042,0.5492824912071228,0.7885527610778809,-0.10351284593343735,0.5983619093894958,0.7804111838340759,-0.11258752644062042,0.42372816801071167,0.8549452424049377,-0.044657982885837555,0.4916618764400482,0.8234452605247498,-0.06881869584321976,0.5434306859970093,0.8029420971870422,-0.08143887668848038,0.5883320569992065,0.7935989499092102,-0.08666682243347168,0.4259403944015503,0.8597429990768433,-0.03333701565861702,0.4826482832431793,0.8328233957290649,-0.051507964730262756,0.5240290760993958,0.8193103671073914,-0.05916159227490425,0.5606792569160461,0.8112830519676208,-0.06176050379872322,help
0.5683701038360596,0.6647095084190369,-3.09161464429053e-07,0.5479199886322021,0.5750530958175659,0.008100026287138462,0.5056983828544617,0.505230724811554,0.009637217968702316,0.45640701055526733,0.4816645383834839,0.009806716814637184,0.42820364236831665,0.48282161355018616,0.009047597646713257,0.43222886323928833,0.510869562625885,-0.0073997569270431995,0.3722629249095917,0.5595332980155945,-0.010420553386211395,0.3886454105377197,0.5852835774421692,-0.01025619450956583,0.41249746084213257,0.5856348276138306,-0.0101559367030859,0.4186221957206726,0.5658175945281982,-0.01528988592326641,0.35472571849823,0.6093092560768127,-0.017723122611641884,0.3773430585861206,0.6332771182060242,-0.014461908489465714,0.4075224995613098,0.6306979060173035,-0.012786255218088627,0.4158892333507538,0.6258665919303894,-0.020952580496668816,0.35594624280929565,0.6627328991889954,-0.025484474375844002,0.3819330036640167,0.6802277565002441,-0.017206426709890366,0.4127262532711029,0.6749753952026367,-0.011936912313103676,0.42323270440101624,0.689776599407196,-0.02530275657773018,0.37894994020462036,0.7147092223167419,-0.031109953299164772,0.40018919110298157,0.7229114174842834,-0.023127248510718346,0.425753116607666,0.7159820199012756,-0.015184244140982628,help
0.30160653591156006,0.90172278881073,7.316422170333681e-07,0.2747367024421692,0.8217654824256897,-0.06155720725655556,0.2879815101623535,0.7653120756149292,-0.09412074834108353,0.3254706859588623,0.7461960315704346,-0.11531579494476318,0.3619331419467926,0.7385420799255371,-0.13401144742965698,0.39553675055503845,0.8025054335594177,-0.0742190033197403,0.46958982944488525,0.7828208208084106,-0.10605558007955551,0.523303747177124,0.7775883674621582,-0.12831741571426392,0.567450225353241,0.779399037361145,-0.14041247963905334,0.4191998541355133,0.8385868072509766,-0.055447328835725784,0.4918093681335449,0.804893434047699,-0.08289410173892975,0.5484779477119446,0.7859217524528503,-0.10035838186740875,0.5960525274276733,0.7759850025177002,-0.1113143190741539,0.42970767617225647,0.8574076890945435,-0.040828853845596313,0.49305254220962524,0.8231598138809204,-0.06518185138702393,0.543303906917572,0.8034197688102722,-0.07933476567268372,0.5868919491767883,0.793238639831543,-0.0862407386302948,0.43085840344429016,0.8608589172363281,-0.030755434185266495,0.4846108555793762,0.8326711654663086,-0.05039549618959427,0.5251701474189758,0.8180515170097351,-0.060017820447683334,0.5613093376159668,0.8083547949790955,-0.06432703882455826,help
0.5624144673347473,0.6668604612350464,-2.641226330979407e-07,0.5440858006477356,0.5759945511817932,0.0015780518297106028,0.49922168254852295,0.5023892521858215,0.0012360416585579515,0.4443551003932953,0.47852247953414917,0.0006927146459929645,0.41147953271865845,0.48036253452301025,-0.0007461964269168675,0.42920878529548645,0.5129092931747437,-0.01196044310927391,0.3690102696418762,0.5567909479141235,-0.018470877781510353,0.3842804729938507,0.5823144912719727,-0.02205217257142067,0.40766721963882446,0.5827949047088623,-0.02411782741546631,0.4166404604911804,0.5703279972076416,-0.01696339249610901,0.3526151180267334,0.6085675954818726,-0.020350709557533264,0.373466432094574,0.6313542723655701,-0.01863948255777359,0.40245091915130615,0.6296586394309998,-0.018284354358911514,0.413806289434433,0.631059467792511,-0.02062167041003704,0.35560059547424316,0.6636545062065125,-0.025586411356925964,0.3786548376083374,0.6802637577056885,-0.018402691930532455,0.40816158056259155,0.6764720678329468,-0.01416544709354639,0.4195484220981598,0.6941000819206238,-0.02364027500152588,0.37646904587745667,0.7168921232223511,-0.029652493074536324,0.3950313925743103,0.7249492406845093,-0.022687356919050217,0.4184863269329071,0.7191907167434692,-0.015699477866292,help
0.30078983306884766,0.905066192150116,7.617610435772804e-07,0.2721329927444458,0.8275190591812134,-0.0615820586681366,0.2840506434440613,0.7713847756385803,-0.09575504064559937,0.320715069770813,0.7500351667404175,-0.11808695644140244,0.3571501076221466,0.7428619861602783,-0.13811345398426056,0.39164313673973083,0.8017048835754395,-0.07978558540344238,0.46472233533859253,0.783465564250946,-0.11375845223665237,0.5191648602485657,0.7798663377761841,-0.1370062381029129,0.5639750361442566,0.7845795750617981,-0.1492290496826172,0.41566145420074463,0.8394366502761841,-0.060921549797058105,0.4895334839820862,0.8076562285423279,-0.08919266611337662,0.5471907258033752,0.7896254062652588,-0.1065385639667511,0.5957770347595215,0.780423641204834,-0.11728838086128235,0.42730021476745605,0.8596251606941223,-0.045795738697052,0.4914781153202057,0.8260592818260193,-0.07111092656850815,0.5424827933311462,0.806448757648468,-0.0853985920548439,0.5870398283004761,0.7961639165878296,-0.09225185960531235,0.42941927909851074,0.8645590543746948,-0.034935858100652695,0.4836077094078064,0.8362622857093811,-0.054718662053346634,0.5238242149353027,0.8224713206291199,-0.06385418027639389,0.559324324131012,0.8133121132850647,-0.06777238845825195,help
0.5615060925483704,0.6636077761650085,-2.315178733169887e-07,0.5428516268730164,0.5739800930023193,-0.0029595373198390007,0.4974672198295593,0.49412763118743896,-0.005968513898551464,0.44022470712661743,0.4673653244972229,-0.008207916282117367,0.4019993543624878,0.48770222067832947,-0.010752487927675247,0.4317285418510437,0.5122688412666321,-0.016946695744991302,0.36881428956985474,0.5432837605476379,-0.02563566528260708,0.3837362229824066,0.5646799802780151,-0.030282888561487198,0.4093667268753052,0.5649663209915161,-0.03262583538889885,0.4187566339969635,0.5702913403511047,-0.020315347239375114,0.35299593210220337,0.5969618558883667,-0.0255234744399786,0.37484896183013916,0.6173134446144104,-0.024574849754571915,0.40413039922714233,0.6166618466377258,-0.024519862607121468,0.4149176776409149,0.631824791431427,-0.02272696979343891,0.3533245623111725,0.6525018811225891,-0.0286652110517025,0.376592755317688,0.6674489974975586,-0.02147895283997059,0.4067733883857727,0.6649218797683716,-0.017134275287389755,0.4187731146812439,0.6952400207519531,-0.02486332878470421,0.3741188645362854,0.709417462348938,-0.03161255270242691,0.3911230266094208,0.7165114283561707,-0.025140412151813507,0.41419434547424316,0.7125587463378906,-0.01861640438437462,help
0.29492223262786865,0.9106429815292358,6.581953471140878e-07,0.2662883698940277,0.8282421231269836,-0.056599054485559464,0.2783454954624176,0.7657948136329651,-0.0875084400177002,0.31778255105018616,0.7435659766197205,-0.1075945720076561,0.3547511398792267,0.7380805015563965,-0.1251162588596344,0.3768441379070282,0.8053707480430603,-0.0742538571357727,0.44787511229515076,0.7809889316558838,-0.10649709403514862,0.4993838667869568,0.7734716534614563,-0.1280820369720459,0.5436303615570068,0.7723561525344849,-0.1399303525686264,0.40400978922843933,0.8424164652824402,-0.05853753164410591,0.47853416204452515,0.8076263070106506,-0.0861097052693367,0.5352272987365723,0.7861456871032715,-0.10234488546848297,0.5849337577819824,0.7732230424880981,-0.11276574432849884,0.4177911877632141,0.8621130585670471,-0.04643062502145767,0.48350271582603455,0.8280434608459473,-0.07131629437208176,0.5341693162918091,0.8073004484176636,-0.08498422056436539,0.5779814124107361,0.7951700687408447,-0.09164950251579285,0.42194902896881104,0.866417646408081,-0.03844377398490906,0.477801650762558,0.840179443359375,-0.05875148996710777,0.5182169675827026,0.8250012993812561,-0.06866811215877533,0.554049551486969,0.8135857582092285,-0.07334672659635544,help
0.5575394630432129,0.6656159162521362,-2.785422168471996e-07,0.5313647389411926,0.5753916501998901,-0.002291796263307333,0.47964611649513245,0.5064012408256531,-0.006365207955241203,0.4211771488189697,0.4847913384437561,-0.009911141358315945,0.38105329871177673,0.48030540347099304,-0.0135251609608531,0.4274718463420868,0.5065338611602783,-0.022397184744477272,0.3622925579547882,0.5567841529846191,-0.03244195133447647,0.3793250322341919,0.581067681312561,-0.035526882857084274,0.4014894366264343,0.57900470495224,-0.0370224192738533,0.41546565294265747,0.5651097297668457,-0.027397191151976585,0.35111451148986816,0.6079217195510864,-0.03452875465154648,0.3738424479961395,0.6295209527015686,-0.03173030540347099,0.40072622895240784,0.6246519088745117,-0.03084397129714489,0.4121210277080536,0.6274294257164001,-0.031255777925252914,0.35091036558151245,0.6626142859458923,-0.0392112135887146,0.374485582113266,0.6806119680404663,-0.02930491417646408,0.4026412069797516,0.6748849749565125,-0.02344466745853424,0.4151080846786499,0.6911894083023071,-0.034851230680942535,0.36882978677749634,0.715092658996582,-0.04379398003220558,0.38631224632263184,0.7262639999389648,-0.03664731606841087,0.4074864387512207,0.7213722467422485,-0.0294810701161623,help
0.30015575885772705,0.8998779654502869,7.252033356053289e-07,0.2734803855419159,0.8206645250320435,-0.05653022602200508,0.2859415113925934,0.7643255591392517,-0.0882597491145134,0.323681116104126,0.7465270161628723,-0.10935916006565094,0.35830584168434143,0.7414849400520325,-0.1283065676689148,0.3882744312286377,0.8017222881317139,-0.07463573664426804,0.45957934856414795,0.7804667949676514,-0.10779011249542236,0.511141300201416,0.7737134099006653,-0.13099031150341034,0.5543833374977112,0.7734135985374451,-0.1438579261302948,0.4137296974658966,0.8373265862464905,-0.059209201484918594,0.4880952835083008,0.8062310218811035,-0.08818968385457993,0.5440622568130493,0.7852463722229004,-0.10619521141052246,0.5924462080001831,0.7723436951637268,-0.11781512200832367,0.42629584670066833,0.8555338382720947,-0.0472690649330616,0.4933848977088928,0.8264473676681519,-0.07300000637769699,0.5439842939376831,0.8056588172912598,-0.0875689759850502,0.5876100063323975,0.7935112118721008,-0.09488942474126816,0.42843401432037354,0.8596152663230896,-0.03928123041987419,0.4853042662143707,0.8388711214065552,-0.059627171605825424,0.5260629653930664,0.8254770040512085,-0.0690343976020813,0.5618554353713989,0.8149297833442688,-0.07335968315601349,help
0.5594847202301025,0.6675407290458679,-2.712894797696208e-07,0.5289770364761353,0.582895815372467,0.0022235026117414236,0.46990615129470825,0.5222721099853516,0.0014163603773340583,0.41023653745651245,0.4973219633102417,2.269581818836741e-05,0.3712443709373474,0.472908616065979,-0.001355244079604745,0.4258058965206146,0.5237116813659668,-0.011242283508181572,0.360474169254303,0.5598222613334656,-0.0204246137291193,0.3772737383842468,0.5819588899612427,-0.024626174941658974,0.39966917037963867,0.5803828239440918,-0.026469489559531212,0.4173373878002167,0.5801656246185303,-0.016289394348859787,0.35197383165359497,0.6131983995437622,-0.020815692842006683,0.3722458779811859,0.6335093975067139,-0.017448127269744873,0.3972131311893463,0.6292259693145752,-0.016207726672291756,0.4146208167076111,0.6392563581466675,-0.020724864676594734,0.3553730249404907,0.666716992855072,-0.025463666766881943,0.37700968980789185,0.6833787560462952,-0.015440726652741432,0.4026763439178467,0.6785997748374939,-0.009731320664286613,0.41641372442245483,0.6986080408096313,-0.02469412237405777,0.37359800934791565,0.7196475863456726,-0.028960485011339188,0.39159634709358215,0.7289388179779053,-0.02081190049648285,0.41169318556785583,0.7228114604949951,-0.013686532154679298,help
0.2988230288028717,0.9037508964538574,6.806342867093917e-07,0.2708595395088196,0.82236647605896,-0.06151534616947174,0.28274285793304443,0.7626504302024841,-0.09429052472114563,0.3205818831920624,0.7406500577926636,-0.11538607627153397,0.3562987744808197,0.7364177703857422,-0.133854940533638,0.38986441493034363,0.801385223865509,-0.076694056391716,0.4596947133541107,0.7796892523765564,-0.1076916977763176,0.5109773278236389,0.7720197439193726,-0.1289866864681244,0.554761528968811,0.7711539268493652,-0.14103206992149353,0.41537973284721375,0.8378036022186279,-0.05802986025810242,0.48800158500671387,0.8041328191757202,-0.08455750346183777,0.543161153793335,0.7825327515602112,-0.10072451829910278,0.5904043912887573,0.770592987537384,-0.11128527671098709,0.4275928735733032,0.8573228716850281,-0.043279070407152176,0.49181869626045227,0.8224475979804993,-0.0671936646103859,0.5404807329177856,0.8017272353172302,-0.08070221543312073,0.5828416347503662,0.7902764081954956,-0.08762887120246887,0.429802268743515,0.8608425855636597,-0.033095650374889374,0.484009325504303,0.8331257700920105,-0.05275014042854309,0.5228590369224548,0.8179535269737244,-0.06286260485649109,0.5581755638122559,0.806859016418457,-0.06795478612184525,help
0.5592901706695557,0.6633874773979187,-2.422806915092224e-07,0.5329586863517761,0.577675461769104,-0.0004285767499823123,0.4748609960079193,0.5150527358055115,-0.0014438977232202888,0.4138675928115845,0.4938724637031555,-0.0021839607506990433,0.3715716004371643,0.47677332162857056,-0.002899128943681717,0.4299570620059967,0.5202792286872864,-0.014438464306294918,0.3651655614376068,0.5499612092971802,-0.023719454184174538,0.3818017840385437,0.5702759027481079,-0.027557726949453354,0.4060046970844269,0.5698458552360535,-0.028711967170238495,0.42126381397247314,0.5780879855155945,-0.017748098820447922,0.35598883032798767,0.6019604206085205,-0.022500840947031975,0.3759928345680237,0.6204784512519836,-0.019782183691859245,0.4022696912288666,0.6182778477668762,-0.018422294408082962,0.4191834628582001,0.6376274824142456,-0.020325660705566406,0.35899603366851807,0.6571769714355469,-0.025804826989769936,0.38038280606269836,0.672474205493927,-0.016810670495033264,0.4073256850242615,0.6707906723022461,-0.011181121692061424,0.4225481450557709,0.6973384618759155,-0.02236860804259777,0.37893807888031006,0.7093226313591003,-0.0274887066334486,0.3969244360923767,0.7173412442207336,-0.019585199654102325,0.41847681999206543,0.7135652899742126,-0.012176821939647198,help
0.2964342534542084,0.9036091566085815,7.055641617625952e-07,0.2712915241718292,0.8173689842224121,-0.05640107020735741,0.28831785917282104,0.7568177580833435,-0.08539609611034393,0.3282340168952942,0.7361283898353577,-0.10348322242498398,0.3641621768474579,0.7336505651473999,-0.11894643306732178,0.3945690095424652,0.7961053252220154,-0.0679788812994957,0.4710049033164978,0.7741155028343201,-0.09623906016349792,0.5248350501060486,0.7678030133247375,-0.11582417786121368,0.5690250992774963,0.7683825492858887,-0.12604175508022308,0.4173458218574524,0.836068332195282,-0.0497526153922081,0.49230217933654785,0.801816999912262,-0.07283450663089752,0.546777069568634,0.7818605303764343,-0.08676540106534958,0.5924562215805054,0.7717685699462891,-0.09517711400985718,0.4276963770389557,0.8573284149169922,-0.03518516570329666,0.49198809266090393,0.820304811000824,-0.05553445592522621,0.5405197143554688,0.7992309331893921,-0.06631499528884888,0.581733763217926,0.7889931797981262,-0.0708235502243042,0.4286504089832306,0.8610638380050659,-0.02488011121749878,0.4835488200187683,0.8303262591362,-0.040931541472673416,0.5224523544311523,0.8147733211517334,-0.04792327433824539,0.5570713877677917,0.8041021823883057,-0.05023603141307831,help
0.5597898960113525,0.6608753204345703,-2.393382487753115e-07,0.5338656306266785,0.5745677947998047,-0.0003721423854585737,0.4776310920715332,0.5132290124893188,-0.0014136249665170908,0.4177316129207611,0.49419212341308594,-0.002297160215675831,0.37663713097572327,0.4844449758529663,-0.0030929117929190397,0.431302011013031,0.5149762034416199,-0.014896580949425697,0.36773884296417236,0.5509610772132874,-0.02365906909108162,0.3820607364177704,0.5740569233894348,-0.026453908532857895,0.4056822657585144,0.5766516923904419,-0.02723260410130024,0.41996482014656067,0.5715895295143127,-0.019030703231692314,0.35627710819244385,0.602983295917511,-0.024231690913438797,0.3764744997024536,0.6242632865905762,-0.021557746455073357,0.40339893102645874,0.6223607659339905,-0.020452767610549927,0.415983647108078,0.6314305067062378,-0.022317197173833847,0.35970643162727356,0.6568674445152283,-0.028631675988435745,0.3808697462081909,0.6749746799468994,-0.019699035212397575,0.4075703024864197,0.6723313927650452,-0.014387376606464386,0.41778337955474854,0.6926939487457275,-0.02518138475716114,0.37903180718421936,0.7088645696640015,-0.03160979226231575,0.39687401056289673,0.7202683687210083,-0.0245074313133955,0.4174152910709381,0.7172271013259888,-0.017810089513659477,help
0.3045380711555481,0.8942342400550842,6.968006687202433e-07,0.2780238687992096,0.8165750503540039,-0.057420603930950165,0.2912100553512573,0.7604374885559082,-0.08869389444589615,0.3289397954940796,0.7413990497589111,-0.10933342576026917,0.3639270067214966,0.7337108850479126,-0.12761290371418,0.3961455225944519,0.7943284511566162,-0.07128603756427765,0.4693518280982971,0.7740431427955627,-0.10222025960683823,0.5221991539001465,0.767859697341919,-0.12397915869951248,0.566214919090271,0.7692425847053528,-0.13601523637771606,0.419221967458725,0.8314326405525208,-0.05485839769244194,0.4919348359107971,0.79897540807724,-0.08089157193899155,0.5480961799621582,0.7796522974967957,-0.09763872623443604,0.5958106517791748,0.7692465782165527,-0.10862169414758682,0.43056851625442505,0.8529514670372009,-0.04232368245720863,0.4952758550643921,0.8225518465042114,-0.0655122622847557,0.5448903441429138,0.8044913411140442,-0.07908100634813309,0.5872172713279724,0.7953595519065857,-0.08605585992336273,0.43288201093673706,0.8605940341949463,-0.03414884954690933,0.48845675587654114,0.837099552154541,-0.053340163081884384,0.5280952453613281,0.8251084685325623,-0.06297239661216736,0.562555193901062,0.8162948489189148,-0.06758980453014374,help
0.5676852464675903,0.664082944393158,-2.794457145682827e-07,0.5451388955116272,0.5726525187492371,-0.0019646387081593275,0.4968063235282898,0.49791228771209717,-0.005259851459413767,0.44058141112327576,0.4692656397819519,-0.00790648814290762,0.40258026123046875,0.4768783450126648,-0.010899202898144722,0.44001349806785583,0.5056418180465698,-0.02044961228966713,0.37369871139526367,0.5463980436325073,-0.029996685683727264,0.39105236530303955,0.5697168111801147,-0.03423820808529854,0.41466405987739563,0.56851726770401,-0.03650282695889473,0.4277031123638153,0.5651264190673828,-0.024416377767920494,0.3627639412879944,0.6032220125198364,-0.0297810360789299,0.3836030662059784,0.6247013807296753,-0.027221867814660072,0.4107953608036041,0.6213642954826355,-0.026910001412034035,0.4231184422969818,0.6280800104141235,-0.027424529194831848,0.3627529442310333,0.6597906351089478,-0.03355443850159645,0.38429248332977295,0.6765943765640259,-0.02496948093175888,0.4121474623680115,0.6717885732650757,-0.02037460170686245,0.4245498478412628,0.6915857791900635,-0.03010612726211548,0.3794310390949249,0.712853193283081,-0.036563992500305176,0.39709657430648804,0.7224054932594299,-0.029244136065244675,0.4190388023853302,0.7165469527244568,-0.02253725752234459,help
0.30551648139953613,0.8960557579994202,6.500322911051626e-07,0.2793877124786377,0.814653217792511,-0.054716579616069794,0.2931877076625824,0.754413366317749,-0.08335945755243301,0.3311285376548767,0.7312377691268921,-0.10179495811462402,0.3659636378288269,0.7228643298149109,-0.11771070212125778,0.3983885943889618,0.7889298796653748,-0.0644742026925087,0.47205615043640137,0.7653680443763733,-0.0920921042561531,0.5238544940948486,0.7580936551094055,-0.11179481446743011,0.5670343637466431,0.7584171295166016,-0.12269429862499237,0.4218299686908722,0.8266270160675049,-0.04829368740320206,0.4943750202655792,0.7926084399223328,-0.07135113328695297,0.5487662553787231,0.7736735343933105,-0.08703932911157608,0.5953952670097351,0.7642998695373535,-0.09726274758577347,0.43318846821784973,0.8475260734558105,-0.035803575068712234,0.4961770474910736,0.8130497932434082,-0.0561889186501503,0.5445504188537598,0.7944046258926392,-0.0685606524348259,0.5864394903182983,0.7850046157836914,-0.07489652186632156,0.43525514006614685,0.8527441024780273,-0.027575336396694183,0.4887532889842987,0.8250932097434998,-0.044184084981679916,0.5274217128753662,0.8110844492912292,-0.05246412009000778,0.5620790719985962,0.8014270067214966,-0.05623534321784973,help
0.5668264031410217,0.6544589996337891,-1.5268814479441062e-07,0.5355367064476013,0.5721554160118103,0.008514526300132275,0.4857374131679535,0.523215651512146,0.009054640308022499,0.43366339802742004,0.527994692325592,0.007145189680159092,0.4018450975418091,0.5602431297302246,0.004061832092702389,0.43151968717575073,0.5145623087882996,1.2821838026866317e-05,0.36550742387771606,0.5418915748596191,-0.006852054502815008,0.35491740703582764,0.5692421197891235,-0.010764531791210175,0.3592235743999481,0.5816681385040283,-0.01251805480569601,0.41738858819007874,0.569340169429779,-0.009110323153436184,0.344913512468338,0.5965760350227356,-0.012899274937808514,0.35643163323402405,0.6220983862876892,-0.009998500347137451,0.38034194707870483,0.6301648020744324,-0.00690167723223567,0.4136990010738373,0.6297378540039062,-0.017113419249653816,0.35135284066200256,0.6594666242599487,-0.020625026896595955,0.3709433674812317,0.6754830479621887,-0.011676006950438023,0.3971891403198242,0.6732814908027649,-0.005317300092428923,0.41857627034187317,0.6917548775672913,-0.024210866540670395,0.37421515583992004,0.7110739946365356,-0.025923846289515495,0.3901391625404358,0.7189816236495972,-0.015899697318673134,0.41119712591171265,0.7150055766105652,-0.006980061996728182,help
0.3038918375968933,0.8919333219528198,6.94690243108198e-07,0.2797778844833374,0.8113603591918945,-0.05623868107795715,0.2960580885410309,0.7526053786277771,-0.08430308103561401,0.33544689416885376,0.730787456035614,-0.10187853872776031,0.36844968795776367,0.7296583652496338,-0.11682551354169846,0.407901793718338,0.78779536485672,-0.061309389770030975,0.4833109974861145,0.7686912417411804,-0.08569382131099701,0.5342263579368591,0.762353241443634,-0.10386855155229568,0.5760356187820435,0.7618869543075562,-0.11409664899110794,0.4276074469089508,0.8253471851348877,-0.04333711788058281,0.5009270906448364,0.7934823632240295,-0.06351155042648315,0.5534580945968628,0.7740041613578796,-0.07747677713632584,0.5966190099716187,0.7646621465682983,-0.08666469156742096,0.4358099699020386,0.8463395237922668,-0.02941727451980114,0.5006189346313477,0.8137451410293579,-0.04757443070411682,0.54691481590271,0.7951634526252747,-0.05869002267718315,0.5861824750900269,0.7867240309715271,-0.0643400251865387,0.43570587038993835,0.8521466851234436,-0.02005157247185707,0.4909924268722534,0.8250513076782227,-0.034817393869161606,0.5282806158065796,0.8117968440055847,-0.04235798493027687,0.5614500641822815,0.8030121922492981,-0.0458470955491066,help
0.5758360624313354,0.6565632820129395,-3.1256698207471345e-07,0.5401062965393066,0.5729617476463318,0.0074264612048864365,0.4801836311817169,0.5215097069740295,0.005628013517707586,0.420506089925766,0.5210606455802917,0.0018717286875471473,0.38230177760124207,0.5516746044158936,-0.0017974014626815915,0.43050289154052734,0.5023685693740845,-0.006825357675552368,0.361616313457489,0.5290077924728394,-0.017802484333515167,0.37999704480171204,0.5547322630882263,-0.02462269924581051,0.40631216764450073,0.5564897656440735,-0.028026897460222244,0.41998204588890076,0.561547577381134,-0.016040857881307602,0.35380810499191284,0.5910983085632324,-0.020974421873688698,0.37665170431137085,0.6108834147453308,-0.01798471435904503,0.4038374125957489,0.6068381667137146,-0.01633511111140251,0.4174407422542572,0.6248641610145569,-0.024239860475063324,0.3609779179096222,0.6515920758247375,-0.028544394299387932,0.38623738288879395,0.6648299694061279,-0.017736872658133507,0.4130636155605316,0.6584351658821106,-0.011091556400060654,0.42165854573249817,0.6877156496047974,-0.031688541173934937,0.3809438943862915,0.7024294137954712,-0.03366934508085251,0.4033730924129486,0.7099243998527527,-0.0221024788916111,0.42577823996543884,0.7053695321083069,-0.012438135221600533,help
0.3037562072277069,0.8942191004753113,7.236729402393394e-07,0.2766951620578766,0.8133530616760254,-0.06455908715724945,0.28956425189971924,0.7544902563095093,-0.09933115541934967,0.3299330770969391,0.7308417558670044,-0.12125319242477417,0.365928053855896,0.7342930436134338,-0.1406095176935196,0.39227989315986633,0.7933343052864075,-0.08377185463905334,0.4676467478275299,0.7693037390708923,-0.11520610004663467,0.5207173824310303,0.7609714865684509,-0.1359272599220276,0.5647478699684143,0.7604947686195374,-0.14702385663986206,0.4176720678806305,0.8297911286354065,-0.06201274320483208,0.49261724948883057,0.7944351434707642,-0.08871181309223175,0.5476592779159546,0.7731999754905701,-0.10368605703115463,0.5932511687278748,0.7621972560882568,-0.11296404153108597,0.4305981993675232,0.8494435548782349,-0.04379774630069733,0.49584129452705383,0.8143678307533264,-0.06724921613931656,0.5439534783363342,0.7935890555381775,-0.07981916517019272,0.5854865908622742,0.7831693291664124,-0.08587276935577393,0.4343165159225464,0.8533033728599548,-0.030194660648703575,0.489520788192749,0.8255712389945984,-0.04859217256307602,0.5284697413444519,0.8111605048179626,-0.05776304006576538,0.56348717212677,0.8012733459472656,-0.06214498355984688,help
0.5751920342445374,0.6543580293655396,-2.52061369110379e-07,0.5401684045791626,0.5698890686035156,0.01030033640563488,0.4826200306415558,0.5188300013542175,0.010257765650749207,0.42750242352485657,0.5186132788658142,0.007535228971391916,0.392271488904953,0.549737811088562,0.0040171388536691666,0.43125492334365845,0.501720666885376,-0.0028871081303805113,0.35755449533462524,0.5301218628883362,-0.010143137536942959,0.36051422357559204,0.5580276846885681,-0.014415725134313107,0.37438881397247314,0.5658883452415466,-0.016999518498778343,0.41964098811149597,0.5569871068000793,-0.013171052560210228,0.3505300283432007,0.5838614106178284,-0.01647227630019188,0.3739408850669861,0.6017570495605469,-0.01359087135642767,0.4022415280342102,0.5999144315719604,-0.011905457824468613,0.41782066226005554,0.6184719800949097,-0.02177940495312214,0.3593202233314514,0.6438965797424316,-0.025549566373229027,0.38578149676322937,0.6555039286613464,-0.015290739014744759,0.412983775138855,0.6508447527885437,-0.009050954133272171,0.4231817126274109,0.6823030710220337,-0.029276208952069283,0.3820801377296448,0.6921676397323608,-0.032406728714704514,0.40555307269096375,0.6980380415916443,-0.021253613755106926,0.4283227026462555,0.6952182054519653,-0.011731074191629887,help
0.3039425015449524,0.8852201700210571,7.100754828570643e-07,0.2783013582229614,0.8065473437309265,-0.06410547345876694,0.2925039529800415,0.7506411671638489,-0.09685257822275162,0.3311103284358978,0.7287013530731201,-0.11717870086431503,0.3668252229690552,0.7231236100196838,-0.1347372978925705,0.4023403227329254,0.7889916300773621,-0.07564746588468552,0.4756135046482086,0.7657245993614197,-0.10501129180192947,0.5266886353492737,0.7610798478126526,-0.1255030632019043,0.5687859058380127,0.7634162306785583,-0.13643622398376465,0.4234824776649475,0.8265471458435059,-0.0537286177277565,0.49731016159057617,0.7913161516189575,-0.07825577259063721,0.5518320798873901,0.7728966474533081,-0.09391973167657852,0.5967063903808594,0.7653569579124451,-0.10376060009002686,0.43364447355270386,0.8465647101402283,-0.0358545184135437,0.4981290102005005,0.8135682344436646,-0.057168565690517426,0.54593425989151,0.7947894334793091,-0.06975757330656052,0.5873833298683167,0.7867314219474792,-0.07596497237682343,0.43587276339530945,0.8504023551940918,-0.022885752841830254,0.4899877905845642,0.8247668147087097,-0.039364755153656006,0.5271689295768738,0.8124440908432007,-0.04774637520313263,0.5606873035430908,0.8052451014518738,-0.05157620459794998,help
0.5844706892967224,0.6516261696815491,-2.475304654581123e-07,0.5458014011383057,0.5696918964385986,0.011260095983743668,0.4838709831237793,0.517285943031311,0.011816535145044327,0.4253435730934143,0.5051791071891785,0.009895040653645992,0.38667649030685425,0.518191933631897,0.006146724335849285,0.440640926361084,0.503818929195404,-0.007071761414408684,0.3577125668525696,0.541275143623352,-0.015349434688687325,0.3310657739639282,0.5706695914268494,-0.019960761070251465,0.31845057010650635,0.5859467387199402,-0.02341262251138687,0.43137598037719727,0.5603252649307251,-0.017573632299900055,0.3583260476589203,0.5994867086410522,-0.02403106726706028,0.38183116912841797,0.6123052835464478,-0.020930202677845955,0.41061797738075256,0.6076791286468506,-0.01956825889647007,0.4307955801486969,0.6221489906311035,-0.026106514036655426,0.3645082712173462,0.6506470441818237,-0.032405734062194824,0.3900124430656433,0.6585078835487366,-0.02045896276831627,0.41841113567352295,0.6528294086456299,-0.013422202318906784,0.4352639317512512,0.6848282814025879,-0.03354784846305847,0.38920751214027405,0.6957588195800781,-0.03972695767879486,0.4115184545516968,0.6987974047660828,-0.030024204403162003,0.4345845580101013,0.696341335773468,-0.021915670484304428,help
0.3079400658607483,0.8946269750595093,6.201812539075036e-07,0.28272974491119385,0.8144519329071045,-0.05770903453230858,0.29531118273735046,0.7566034197807312,-0.08909929543733597,0.33335253596305847,0.7348945140838623,-0.10972808301448822,0.36981722712516785,0.722862184047699,-0.1275879293680191,0.399418443441391,0.797814130783081,-0.07207442075014114,0.47151586413383484,0.7691038846969604,-0.10272356122732162,0.5205473899841309,0.759629487991333,-0.12348003685474396,0.5621801614761353,0.7576884031295776,-0.13502557575702667,0.42369046807289124,0.8345674872398376,-0.05578663945198059,0.4989224672317505,0.7954218983650208,-0.08234667778015137,0.553827702999115,0.7722686529159546,-0.09925035387277603,0.6009091138839722,0.7587859630584717,-0.11031540483236313,0.43570905923843384,0.8541419506072998,-0.04330849647521973,0.5020055174827576,0.8176554441452026,-0.06705807149410248,0.5516488552093506,0.7970978021621704,-0.08138054609298706,0.5942665934562683,0.7853181958198547,-0.08893588930368423,0.43890196084976196,0.8581297993659973,-0.035091254860162735,0.49495553970336914,0.830883800983429,-0.05498098209500313,0.5346488356590271,0.8165332078933716,-0.06543068587779999,0.5700132250785828,0.8054628372192383,-0.0706215500831604,help
0.5887345671653748,0.653746485710144,-1.1992649717740278e-07,0.5461496710777283,0.5685406923294067,0.01155854668468237,0.4829346239566803,0.51395583152771,0.015085899271070957,0.42422622442245483,0.50129234790802,0.01591312140226364,0.38417407870292664,0.5182332992553711,0.015424157492816448,0.439839243888855,0.5135166645050049,0.001711297663860023,0.3593571186065674,0.5432827472686768,-0.003347282065078616,0.3247058391571045,0.5627849698066711,-0.006595275364816189,0.30417966842651367,0.5740028023719788,-0.008256153203547001,0.4329334497451782,0.5687323212623596,-0.008328123018145561,0.35149574279785156,0.5999530553817749,-0.00956008955836296,0.33890849351882935,0.6144023537635803,-0.007783778943121433,0.34139111638069153,0.6194486618041992,-0.007304386701434851,0.4329967498779297,0.6279081702232361,-0.016926568001508713,0.3687988519668579,0.6516211032867432,-0.018793409690260887,0.3826676309108734,0.6563210487365723,-0.010043563321232796,0.40503063797950745,0.6515078544616699,-0.004391861148178577,0.43692833185195923,0.6870956420898438,-0.0248438511043787,0.39018815755844116,0.6935989856719971,-0.025302140042185783,0.4010269045829773,0.6951656937599182,-0.015764160081744194,0.4171504080295563,0.6928206086158752,-0.00788301695138216,help
0.3034738004207611,0.8904007077217102,7.225812055366987e-07,0.27914708852767944,0.8075579404830933,-0.059162914752960205,0.29510360956192017,0.7480452060699463,-0.0899447426199913,0.33477669954299927,0.7253463268280029,-0.10916142165660858,0.3675885796546936,0.7246819734573364,-0.12565816938877106,0.4045458436012268,0.7850053310394287,-0.07040379196405411,0.48185664415359497,0.7650527954101562,-0.09669145196676254,0.5331256985664368,0.7586560249328613,-0.11498802155256271,0.5746069550514221,0.7590393424034119,-0.12465318292379379,0.4252236783504486,0.8237470388412476,-0.050078995525836945,0.5009015202522278,0.7912649512290955,-0.07233624905347824,0.5550270080566406,0.7705886960029602,-0.08622107654809952,0.598583996295929,0.7599412202835083,-0.09481935203075409,0.4341953992843628,0.845488429069519,-0.033258259296417236,0.4997376501560211,0.813813328742981,-0.05246881768107414,0.5472754240036011,0.7957757115364075,-0.06345788389444351,0.5863919258117676,0.7877970933914185,-0.06863141059875488,0.4348147213459015,0.8518853187561035,-0.02091059461236,0.49041926860809326,0.8286523222923279,-0.035783469676971436,0.5282424688339233,0.8167794346809387,-0.04280458018183708,0.5607308149337769,0.8084539771080017,-0.04563072323799133,help
0.5947835445404053,0.630972146987915,-6.667248442226992e-08,0.5495745539665222,0.5458082556724548,0.011297796852886677,0.4878120720386505,0.5005035400390625,0.011457308195531368,0.4326179623603821,0.5054450035095215,0.007926163263618946,0.39456719160079956,0.534085750579834,0.0030978010036051273,0.4569668471813202,0.4726753532886505,0.0008059999672695994,0.38183438777923584,0.4980650246143341,-0.00841609574854374,0.3577069938182831,0.5277738571166992,-0.014853323809802532,0.34938669204711914,0.5446807742118835,-0.018560878932476044,0.444137305021286,0.5267952084541321,-0.012216992676258087,0.36152026057243347,0.5460934042930603,-0.017326604574918747,0.3279308080673218,0.5664689540863037,-0.020458638668060303,0.305730938911438,0.575474739074707,-0.02411525510251522,0.4412168860435486,0.587335467338562,-0.023767957463860512,0.3712041974067688,0.6147441267967224,-0.031230667605996132,0.39439305663108826,0.6269025802612305,-0.024307072162628174,0.4226266145706177,0.6232655644416809,-0.019169436767697334,0.44497087597846985,0.6496304273605347,-0.034403711557388306,0.39579081535339355,0.6624429821968079,-0.0404885858297348,0.4165340065956116,0.6690608263015747,-0.030214665457606316,0.4403340518474579,0.6659808158874512,-0.021102532744407654,help
0.29663681983947754,0.901315450668335,7.11600932845613e-07,0.2752228379249573,0.8214174509048462,-0.06043164059519768,0.2930756211280823,0.7631524801254272,-0.09195488691329956,0.33241936564445496,0.7379415035247803,-0.11187098175287247,0.36587047576904297,0.7359690070152283,-0.12943309545516968,0.39903712272644043,0.7933235764503479,-0.07179439067840576,0.47691935300827026,0.7749309539794922,-0.09970373660326004,0.5294549465179443,0.7695344686508179,-0.11956187337636948,0.5721153616905212,0.7712484002113342,-0.13033732771873474,0.4182480275630951,0.8341178297996521,-0.05121215060353279,0.49379488825798035,0.8030872344970703,-0.07468712329864502,0.5478588938713074,0.783836305141449,-0.09000933915376663,0.5920230150222778,0.7743180990219116,-0.09949877858161926,0.4265526831150055,0.8583375811576843,-0.03426552191376686,0.49095582962036133,0.8266022205352783,-0.05422984063625336,0.5388052463531494,0.8086652159690857,-0.06588739901781082,0.5786879658699036,0.8007529973983765,-0.07162061333656311,0.4264930784702301,0.8667805194854736,-0.02192649431526661,0.47927582263946533,0.841539204120636,-0.03712194785475731,0.5160538554191589,0.8283050656318665,-0.04438667744398117,0.5482442378997803,0.8189113736152649,-0.04753778502345085,help
0.5984356999397278,0.6358544826507568,-2.8393156981110224e-07,0.5575759410858154,0.5483474135398865,0.01013133954256773,0.4901263415813446,0.5006948113441467,0.009773781523108482,0.4328916668891907,0.5105040073394775,0.006152095273137093,0.3954019546508789,0.5394586324691772,0.0013905831146985292,0.4539451599121094,0.46701323986053467,-0.0018810281762853265,0.37647387385368347,0.49808037281036377,-0.012854049913585186,0.3612656593322754,0.536110520362854,-0.020175233483314514,0.3591175973415375,0.5548415184020996,-0.025602884590625763,0.43961021304130554,0.5206409692764282,-0.013820914551615715,0.3668932020664215,0.5536980032920837,-0.022749783471226692,0.39023423194885254,0.5754539966583252,-0.021878907456994057,0.4190390110015869,0.5727890133857727,-0.02127043344080448,0.43558594584465027,0.582419216632843,-0.024572988972067833,0.37061792612075806,0.6160757541656494,-0.033899471163749695,0.40083590149879456,0.6298518776893616,-0.023385075852274895,0.42983171343803406,0.6206958889961243,-0.016395730897784233,0.4393899142742157,0.6462935209274292,-0.03434853255748749,0.394797146320343,0.6632963418960571,-0.041547857224941254,0.42040351033210754,0.6692386865615845,-0.030829668045043945,0.44421514868736267,0.6633135676383972,-0.021566471084952354,help
0.29517605900764465,0.8971465826034546,6.848839575468446e-07,0.2737300395965576,0.8165796399116516,-0.058680519461631775,0.28978776931762695,0.7567094564437866,-0.09016446024179459,0.3310856819152832,0.7338365316390991,-0.11013352125883102,0.36347582936286926,0.7371756434440613,-0.1275365799665451,0.38822123408317566,0.8002929091453552,-0.07735010981559753,0.4653613269329071,0.7772344350814819,-0.10696524381637573,0.5174285173416138,0.7716302871704102,-0.1261531114578247,0.5602186322212219,0.7730594277381897,-0.13606788218021393,0.4095536470413208,0.8390386700630188,-0.05876670032739639,0.48780032992362976,0.8041136264801025,-0.08439918607473373,0.5424497127532959,0.7832810282707214,-0.09853921085596085,0.5885375738143921,0.7726764678955078,-0.10681882500648499,0.42071568965911865,0.860270082950592,-0.0433063879609108,0.4874100685119629,0.8250196576118469,-0.06496191769838333,0.5357822179794312,0.8045660853385925,-0.07570717483758926,0.577073872089386,0.7952059507369995,-0.08028889447450638,0.4240041971206665,0.8653006553649902,-0.03226429224014282,0.480016827583313,0.8351670503616333,-0.04863598570227623,0.5175971984863281,0.8191126585006714,-0.055584024637937546,0.5511886477470398,0.8078520894050598,-0.05815575644373894,help
0.6041008830070496,0.6463797092437744,-3.2224471624431317e-07,0.5637688636779785,0.5486640930175781,0.015307839959859848,0.5107610821723938,0.5024704933166504,0.016685547307133675,0.46525269746780396,0.5105681419372559,0.013115775771439075,0.4360795021057129,0.5494115352630615,0.008483217097818851,0.4485629200935364,0.47711220383644104,0.011274575255811214,0.38823550939559937,0.5007833242416382,0.005622192285954952,0.4029408097267151,0.5295121073722839,-0.00035900581860914826,0.42925941944122314,0.5395175218582153,-0.0035734723787754774,0.4292852282524109,0.5355573296546936,-0.0007745479815639555,0.38047322630882263,0.5606331825256348,0.0010698914993554354,0.40466368198394775,0.5835453271865845,0.0020413114689290524,0.43358561396598816,0.5848199129104614,0.001747236237861216,0.4250584840774536,0.6011344194412231,-0.011417724192142487,0.3846973776817322,0.6212085485458374,-0.008738688193261623,0.4111601412296295,0.6360934972763062,-0.0006395794334821403,0.4383031725883484,0.6342001557350159,0.002933128736913204,0.43082040548324585,0.6656769514083862,-0.02102629840373993,0.4024117887020111,0.6697309613227844,-0.01685774140059948,0.4270838797092438,0.6765035390853882,-0.0036521712318062782,0.4504203498363495,0.6756211519241333,0.006909053772687912,help
0.29363876581192017,0.906910240650177,6.89841954226722e-07,0.2700955867767334,0.8246780037879944,-0.05698797479271889,0.28724008798599243,0.7665035128593445,-0.08707643300294876,0.3268545866012573,0.7420356869697571,-0.10607463121414185,0.3590252995491028,0.7398409843444824,-0.12259072810411453,0.3904804587364197,0.8024854063987732,-0.07039505243301392,0.466557115316391,0.7811701893806458,-0.0981065183877945,0.5176479816436768,0.7750717401504517,-0.11700376868247986,0.5590190291404724,0.7761627435684204,-0.12674380838871002,0.4114997684955597,0.8410571813583374,-0.05141238123178482,0.4874946177005768,0.8083092570304871,-0.07456225901842117,0.5417370796203613,0.787625789642334,-0.08864685893058777,0.5858839750289917,0.7768145203590393,-0.09712513536214828,0.4211656451225281,0.863638699054718,-0.03581048175692558,0.4861503839492798,0.8305405974388123,-0.056236837059259415,0.5344029664993286,0.8128135800361633,-0.06804972887039185,0.574213445186615,0.8050646781921387,-0.07348759472370148,0.42242011427879333,0.8715676069259644,-0.02439694292843342,0.4774349331855774,0.8470439910888672,-0.0400271974503994,0.5154705047607422,0.8346660137176514,-0.047513447701931,0.5485159158706665,0.8255256414413452,-0.05059700086712837,help
0.5929957628250122,0.6309589743614197,-2.558045650857821e-07,0.5567007660865784,0.534099817276001,0.011507224291563034,0.5046597719192505,0.4807063341140747,0.011929970234632492,0.45381686091423035,0.48962363600730896,0.00872771441936493,0.4220767915248871,0.5290301442146301,0.004233135376125574,0.44311729073524475,0.4687919616699219,0.005559671204537153,0.37601417303085327,0.4795758128166199,-0.0008601083536632359,0.3675408959388733,0.49836263060569763,-0.00542299123480916,0.3757934868335724,0.5075719356536865,-0.007778618950396776,0.42480501532554626,0.5251613259315491,-0.0044489349238574505,0.3772038221359253,0.5532315373420715,-0.0055667804554104805,0.40031108260154724,0.5720310807228088,-0.004231157246977091,0.4285341799259186,0.5718578100204468,-0.003894002176821232,0.4209362864494324,0.5893818140029907,-0.013223613612353802,0.38256868720054626,0.6137305498123169,-0.012927300296723843,0.40707504749298096,0.6254565119743347,-0.004007101058959961,0.433090478181839,0.6224288940429688,0.00019999162759631872,0.4264565706253052,0.6536930799484253,-0.021149545907974243,0.398160457611084,0.6649839878082275,-0.01861347258090973,0.42118069529533386,0.6696817278862,-0.006199508439749479,0.443912535905838,0.6681356430053711,0.003657650202512741,help
0.29651740193367004,0.9112204313278198,6.575181146217801e-07,0.2711475193500519,0.8306252360343933,-0.058713991194963455,0.2871386408805847,0.7714849710464478,-0.08905065804719925,0.3264773488044739,0.7437888979911804,-0.10799095779657364,0.36105918884277344,0.7348028421401978,-0.12408468872308731,0.3900218904018402,0.803611695766449,-0.07162324339151382,0.46300315856933594,0.77919602394104,-0.101475290954113,0.51425701379776,0.7732166647911072,-0.12179756164550781,0.5567816495895386,0.7749699950218201,-0.1324245184659958,0.4130922853946686,0.8419318795204163,-0.05228477343916893,0.4865669906139374,0.8060390949249268,-0.07789677381515503,0.5410658121109009,0.7863509654998779,-0.09336885809898376,0.5879584550857544,0.776411771774292,-0.10254291445016861,0.42463061213493347,0.8630920052528381,-0.03654340282082558,0.4879847466945648,0.8263087868690491,-0.05976390838623047,0.5374213457107544,0.8066511750221252,-0.07267245650291443,0.579939067363739,0.7968795299530029,-0.07825642824172974,0.4277104437351227,0.8679259419441223,-0.025018515065312386,0.4819950759410858,0.8381265997886658,-0.043121349066495895,0.5212226510047913,0.8228156566619873,-0.0515928752720356,0.5562684535980225,0.8120831251144409,-0.05480397120118141,help
0.5901439189910889,0.6363358497619629,-3.251019506933517e-07,0.5616602301597595,0.5343106985092163,0.010393569245934486,0.5116444826126099,0.4614924192428589,0.012238536961376667,0.45938751101493835,0.44668740034103394,0.011609603650867939,0.4297935366630554,0.47314023971557617,0.009975980967283249,0.4338763654232025,0.47412893176078796,-0.0007791906245984137,0.3755180835723877,0.5154247879981995,-0.004360283724963665,0.39448705315589905,0.536531925201416,-0.006652712821960449,0.42150384187698364,0.5383511185646057,-0.007557075470685959,0.42150816321372986,0.533356249332428,-0.009393972344696522,0.3723333477973938,0.5730234384536743,-0.006971398368477821,0.3970353305339813,0.589009165763855,-0.0041356380097568035,0.4253310263156891,0.5867806673049927,-0.00413019023835659,0.4209548830986023,0.5976649522781372,-0.0159527026116848,0.37797921895980835,0.6263207197189331,-0.0155819496139884,0.403392493724823,0.6368244290351868,-0.007073422893881798,0.4309655427932739,0.6337466239929199,-0.0031655598431825638,0.42949923872947693,0.6617795825004578,-0.021331971511244774,0.39471691846847534,0.6707269549369812,-0.020942000672221184,0.41859832406044006,0.6759428977966309,-0.009067662060260773,0.44192636013031006,0.6754798293113708,0.0007043789955787361,help
0.29893144965171814,0.8960723280906677,6.804934287174547e-07,0.27494490146636963,0.8155376315116882,-0.05705079436302185,0.29181426763534546,0.7580432295799255,-0.08587844669818878,0.3316701054573059,0.7339708805084229,-0.1033857986330986,0.3651641011238098,0.7336830496788025,-0.11816168576478958,0.40296611189842224,0.7951014637947083,-0.06623569130897522,0.47642990946769714,0.7741627097129822,-0.091603122651577,0.5270717740058899,0.76860511302948,-0.1096603199839592,0.5684882402420044,0.7703316807746887,-0.11909312009811401,0.42298346757888794,0.8327859044075012,-0.045741453766822815,0.4943428337574005,0.8003848195075989,-0.06717562675476074,0.5467526316642761,0.7819589376449585,-0.08067307621240616,0.5905935764312744,0.773357093334198,-0.08876056224107742,0.43175560235977173,0.8541117310523987,-0.02868969365954399,0.49283933639526367,0.8217038512229919,-0.04748903587460518,0.5397100448608398,0.8035866618156433,-0.05828307941555977,0.5799840092658997,0.7956183552742004,-0.06294259428977966,0.431857705116272,0.8598397970199585,-0.01591779850423336,0.4849417209625244,0.8335654139518738,-0.02969134785234928,0.52189040184021,0.8206138610839844,-0.03613467141985893,0.5547891855239868,0.812093198299408,-0.03842945024371147,help
0.5878373384475708,0.6365962624549866,-3.046849599286361e-07,0.559276282787323,0.5395233631134033,0.008936825208365917,0.5067779421806335,0.473514586687088,0.011477427557110786,0.45277294516563416,0.4664422571659088,0.011365202255547047,0.42251357436180115,0.4943390488624573,0.009935557842254639,0.43402954936027527,0.4844047427177429,0.0036882758140563965,0.3757273554801941,0.5378633141517639,6.830880738561973e-05,0.3925577402114868,0.5603079199790955,-0.004244488663971424,0.4161643981933594,0.5596403479576111,-0.0067966957576572895,0.4231639504432678,0.5419601202011108,-0.003864023834466934,0.3738529682159424,0.5850189328193665,-0.0027446262538433075,0.3971312642097473,0.600868821144104,-0.0027942040469497442,0.4252270758152008,0.5992895364761353,-0.003784916130825877,0.4232608675956726,0.605255126953125,-0.009860803373157978,0.37977293133735657,0.6354092955589294,-0.011792086996138096,0.40267929434776306,0.6451936960220337,-0.00653439573943615,0.4291622042655945,0.6419181823730469,-0.0034237431827932596,0.431199848651886,0.6698869466781616,-0.014648995362222195,0.3959367871284485,0.6823083758354187,-0.016990115866065025,0.41814783215522766,0.6851046085357666,-0.007895423099398613,0.4409627318382263,0.6824004054069519,0.0007136530475690961,help
0.29919761419296265,0.8918296694755554,7.291362180694705e-07,0.27069371938705444,0.8138700127601624,-0.06502517312765121,0.28364887833595276,0.7561954855918884,-0.09955969452857971,0.3235991597175598,0.7323513627052307,-0.12101386487483978,0.360141783952713,0.7267618775367737,-0.139707550406456,0.3906138837337494,0.7917569875717163,-0.08335933834314346,0.4620914161205292,0.7700241208076477,-0.11476137489080429,0.5127042531967163,0.7651902437210083,-0.13588711619377136,0.5553134679794312,0.7672156691551208,-0.14698757231235504,0.4151178002357483,0.8269256949424744,-0.060450684279203415,0.4890769124031067,0.793494701385498,-0.08580568432807922,0.5427937507629395,0.7741052508354187,-0.09989020228385925,0.5876253247261047,0.7657458186149597,-0.1086745336651802,0.4276489019393921,0.8470408916473389,-0.041231777518987656,0.49226728081703186,0.8157801628112793,-0.06358621269464493,0.5388568043708801,0.7964729070663452,-0.07531615346670151,0.5793374180793762,0.787477433681488,-0.08082066476345062,0.43155723810195923,0.8538662195205688,-0.02671370469033718,0.4865815043449402,0.8287563920021057,-0.043522823601961136,0.5230063199996948,0.8156602382659912,-0.05136988312005997,0.555488646030426,0.8062954545021057,-0.05486448481678963,help
0.5857016444206238,0.6391392946243286,-2.1497858426755556e-07,0.5552241206169128,0.5385940670967102,0.012303235940635204,0.5019029974937439,0.4730052053928375,0.0173918679356575,0.4489724934101105,0.46688538789749146,0.020150911062955856,0.41752639412879944,0.4961196780204773,0.020321274176239967,0.42959079146385193,0.48316141963005066,0.009008068591356277,0.36607611179351807,0.5272581577301025,0.012470604851841927,0.34303805232048035,0.5556300282478333,0.012507090345025063,0.3303457498550415,0.5702505707740784,0.010817193426191807,0.41650015115737915,0.5402675271034241,0.0014982684515416622,0.3724167048931122,0.5830787420272827,0.006677815690636635,0.3910764157772064,0.5988624095916748,0.008738331496715546,0.4152800738811493,0.5983676314353943,0.008495925925672054,0.4164049029350281,0.6046832799911499,-0.00400981679558754,0.37390586733818054,0.6332738995552063,-0.0015327907167375088,0.3820244073867798,0.6436188220977783,0.0033727195113897324,0.39653873443603516,0.6420871019363403,0.004315195605158806,0.4234996438026428,0.6694533824920654,-0.008169448003172874,0.39446505904197693,0.6836957931518555,-0.007592968177050352,0.4137451648712158,0.6842885613441467,0.0008065155707299709,0.4343203902244568,0.6805340647697449,0.007487989496439695,help
0.2972736656665802,0.9034892916679382,6.535459533552057e-07,0.271101176738739,0.8256730437278748,-0.06012663245201111,0.2840804159641266,0.7658483982086182,-0.09261219948530197,0.3235026001930237,0.7407701015472412,-0.11316169798374176,0.3568817675113678,0.7369423508644104,-0.13101667165756226,0.3867253363132477,0.8028258085250854,-0.07852581888437271,0.45379766821861267,0.7811593413352966,-0.10943257063627243,0.5012133121490479,0.7748115062713623,-0.13030824065208435,0.5422794818878174,0.7748724818229675,-0.14177365601062775,0.41155943274497986,0.8370173573493958,-0.059238042682409286,0.4841316044330597,0.803802490234375,-0.0864330530166626,0.537530243396759,0.7828866243362427,-0.10196499526500702,0.5840897560119629,0.7721564173698425,-0.11175505071878433,0.42373743653297424,0.85677170753479,-0.04326212778687477,0.48781466484069824,0.8256057500839233,-0.06709270924329758,0.5349403619766235,0.8071040511131287,-0.07960834354162216,0.5759329199790955,0.7981716394424438,-0.08560396730899811,0.4265054762363434,0.8635715246200562,-0.031647540628910065,0.480529248714447,0.8392513394355774,-0.050035085529088974,0.5173673033714294,0.826158344745636,-0.05890608951449394,0.5510913729667664,0.8161929845809937,-0.06314849853515625,help
0.5795313119888306,0.6358095407485962,-2.3152402661708038e-07,0.5539019107818604,0.5354864001274109,0.01115872897207737,0.504875898361206,0.4670906066894531,0.014553477987647057,0.45538538694381714,0.4520355463027954,0.015123175457119942,0.4246552586555481,0.4797492027282715,0.012790663167834282,0.4241766333580017,0.4804690480232239,0.0056165228597819805,0.3574298620223999,0.5231755971908569,0.0034868652001023293,0.3277866244316101,0.552025318145752,9.63875645538792e-05,0.3106333613395691,0.5692245960235596,-0.0032239144202321768,0.41020262241363525,0.5366002321243286,-0.0028696865774691105,0.3659237325191498,0.5827175974845886,-0.0035850387066602707,0.3900281488895416,0.5984096527099609,-0.003377304645255208,0.4180641770362854,0.5966634154319763,-0.004019905813038349,0.4104992747306824,0.6009964346885681,-0.009592288173735142,0.37314313650131226,0.6353033781051636,-0.011920362710952759,0.3944912254810333,0.6435061097145081,-0.005966325756162405,0.41838201880455017,0.6392999291419983,-0.0031648576259613037,0.4178083837032318,0.6655790209770203,-0.015211810357868671,0.3922468423843384,0.6833375692367554,-0.017208799719810486,0.41547685861587524,0.68418949842453,-0.008825520053505898,0.4368961453437805,0.6795443892478943,-0.0016309155616909266,help
0.29602450132369995,0.9070277810096741,7.740773071418516e-07,0.269611120223999,0.8261105418205261,-0.06426552683115005,0.2860148549079895,0.7670490741729736,-0.09764266014099121,0.32537201046943665,0.7415236234664917,-0.11834238469600677,0.3591213822364807,0.7397119998931885,-0.13654011487960815,0.3935259282588959,0.8013710379600525,-0.07896856963634491,0.46938398480415344,0.7805100679397583,-0.1095876395702362,0.5242604613304138,0.7737496495246887,-0.13065911829471588,0.5682343244552612,0.7740916609764099,-0.14167048037052155,0.41478535532951355,0.8421512246131897,-0.05640057846903801,0.48893505334854126,0.8117321133613586,-0.08256586641073227,0.5442222952842712,0.791732132434845,-0.09811952710151672,0.5896517634391785,0.7808781266212463,-0.10730743408203125,0.4247920513153076,0.8652839064598083,-0.03758379444479942,0.4896443784236908,0.8324242234230042,-0.06107649207115173,0.5381435751914978,0.8112203478813171,-0.07391604036092758,0.5799577236175537,0.80019611120224,-0.07944551855325699,0.4269329607486725,0.871785044670105,-0.02328629232943058,0.48174864053726196,0.8445127010345459,-0.04082596302032471,0.5204031467437744,0.8301427364349365,-0.04898078367114067,0.5551306009292603,0.8198062181472778,-0.05228439345955849,help
0.5844120979309082,0.6403433084487915,-2.557843004069582e-07,0.5544577836990356,0.5410152673721313,0.014164493419229984,0.5039936900138855,0.4730701744556427,0.018475672230124474,0.45417436957359314,0.46242496371269226,0.019255751743912697,0.42423000931739807,0.49223649501800537,0.017545491456985474,0.42248040437698364,0.485896497964859,0.008570818230509758,0.35878831148147583,0.5347827672958374,0.00982773769646883,0.35081708431243896,0.5626710653305054,0.009465368464589119,0.35389381647109985,0.5732836127281189,0.008153274655342102,0.410511314868927,0.5430834889411926,-0.0014145164750516415,0.36285656690597534,0.5873477458953857,0.001512560062110424,0.3862082064151764,0.6029233336448669,0.0024120016023516655,0.4146684408187866,0.6010948419570923,0.0014473742339760065,0.4119780659675598,0.608366847038269,-0.009072764776647091,0.3672627806663513,0.6389772295951843,-0.009814228862524033,0.3885214626789093,0.6477619409561157,-0.004326904658228159,0.41298139095306396,0.6433907151222229,-0.00216816202737391,0.42095375061035156,0.6746350526809692,-0.015093005262315273,0.38915473222732544,0.689037024974823,-0.017252851277589798,0.41336727142333984,0.6896266341209412,-0.008399385958909988,0.43634033203125,0.6847351789474487,-0.0007297263364307582,help
0.2957804203033447,0.8906673789024353,7.064445526339114e-07,0.27078819274902344,0.8104172945022583,-0.06096567213535309,0.28578999638557434,0.7547287940979004,-0.09246034175157547,0.3260757625102997,0.7325356602668762,-0.1115700900554657,0.3615420162677765,0.7279672026634216,-0.12799187004566193,0.39153552055358887,0.7944139838218689,-0.07768240571022034,0.4688670337200165,0.7713826298713684,-0.10522192716598511,0.5208450555801392,0.7644146084785461,-0.12296247482299805,0.5631157159805298,0.7645153999328613,-0.13179592788219452,0.4123631715774536,0.8337770104408264,-0.055797602981328964,0.4891221523284912,0.7999822497367859,-0.07953210175037384,0.5422711968421936,0.7809646129608154,-0.09247681498527527,0.5862464904785156,0.7716235518455505,-0.10001714527606964,0.42279088497161865,0.8558826446533203,-0.037214796990156174,0.4880945086479187,0.8223688006401062,-0.057782210409641266,0.5359845161437988,0.8025003671646118,-0.0686492845416069,0.5771520137786865,0.7925927639007568,-0.07350797951221466,0.4256816506385803,0.8607220649719238,-0.023044507950544357,0.47971925139427185,0.8336910009384155,-0.03845535218715668,0.5168017745018005,0.8196582198143005,-0.0458320714533329,0.5503759980201721,0.8093963861465454,-0.048924770206213,help
0.589871346950531,0.6469858288764954,-3.2286718010254845e-07,0.5629818439483643,0.5454458594322205,0.007055822294205427,0.5111910700798035,0.47447681427001953,0.008954876102507114,0.45654967427253723,0.4626930058002472,0.008191443979740143,0.42278045415878296,0.49106359481811523,0.006088901311159134,0.4340333044528961,0.4830860197544098,0.004432499874383211,0.37220674753189087,0.5410783886909485,-0.0030150446109473705,0.3845252990722656,0.5692289471626282,-0.00939188152551651,0.4094689190387726,0.5734770894050598,-0.01262565329670906,0.4198600947856903,0.5399600863456726,-0.0030192798003554344,0.36777761578559875,0.5906254649162292,-0.007121503818780184,0.39078113436698914,0.6118086576461792,-0.009625405073165894,0.42209622263908386,0.609065055847168,-0.011226258240640163,0.4160360097885132,0.6036618947982788,-0.009591127745807171,0.3715634346008301,0.6425176858901978,-0.015836194157600403,0.3953525722026825,0.658666729927063,-0.011659946292638779,0.4242425560951233,0.6529566645622253,-0.008372819051146507,0.42042455077171326,0.6684771180152893,-0.015324240550398827,0.3876367509365082,0.6885576248168945,-0.020557116717100143,0.4123903810977936,0.6986219882965088,-0.01280706375837326,0.43730613589286804,0.6938447952270508,-0.004548849072307348,help
0.3000079393386841,0.9061564207077026,6.502032761090959e-07,0.2743356227874756,0.8272056579589844,-0.060296282172203064,0.2887650728225708,0.7670184969902039,-0.09267806261777878,0.3288786709308624,0.738595187664032,-0.1130300760269165,0.364524781703949,0.7362005710601807,-0.13063493371009827,0.3903576135635376,0.8012338280677795,-0.07845893502235413,0.46036478877067566,0.7784187197685242,-0.10988983511924744,0.5099399089813232,0.7731121778488159,-0.13090956211090088,0.5516425967216492,0.775325357913971,-0.1419387310743332,0.414702832698822,0.8383837342262268,-0.05819191411137581,0.4891434907913208,0.8044347167015076,-0.08522471785545349,0.5435439944267273,0.7853192687034607,-0.10040007531642914,0.5900387167930603,0.775629997253418,-0.10936087369918823,0.42687004804611206,0.8595515489578247,-0.04119504615664482,0.4908936619758606,0.8250542879104614,-0.0650259256362915,0.5395312905311584,0.8066608309745789,-0.07756423950195312,0.5812528133392334,0.797817587852478,-0.08298759907484055,0.4303337633609772,0.8660183548927307,-0.028450485318899155,0.48422354459762573,0.8372638821601868,-0.046554215252399445,0.522079348564148,0.8225430250167847,-0.055019330233335495,0.5560543537139893,0.8119503855705261,-0.05847596749663353,help
0.5821141600608826,0.631962239742279,-1.9656511085486272e-07,0.5564393997192383,0.5336146950721741,0.01204739511013031,0.5084567070007324,0.4639318287372589,0.015828950330615044,0.45846328139305115,0.4525568187236786,0.016338899731636047,0.4274229407310486,0.4747869372367859,0.014105020090937614,0.42790600657463074,0.4783131182193756,0.007607674691826105,0.36454275250434875,0.5217368006706238,0.006187069229781628,0.33768731355667114,0.5475426316261292,0.00344834360294044,0.32187867164611816,0.5601536631584167,0.0006361795822158456,0.41692396998405457,0.5329276323318481,-0.0017121259588748217,0.36495712399482727,0.5793495774269104,-0.0008279383764602244,0.38272807002067566,0.5985398292541504,8.636875281808898e-05,0.4075624644756317,0.5982083678245544,-0.0005627245409414172,0.41813886165618896,0.5954809784889221,-0.009376616217195988,0.3732505440711975,0.6313081979751587,-0.012250961735844612,0.3925785720348358,0.6464206576347351,-0.006703326944261789,0.41735923290252686,0.6445753574371338,-0.0037393420934677124,0.4261985421180725,0.660332441329956,-0.015785934403538704,0.39196568727493286,0.6781892776489258,-0.01759285107254982,0.4127778708934784,0.683941662311554,-0.009241684339940548,0.435653954744339,0.681161642074585,-0.002194743836298585,help
0.2970651686191559,0.8932651877403259,6.905775080667809e-07,0.2741765081882477,0.8132423162460327,-0.06151439994573593,0.2910490930080414,0.756642758846283,-0.09312961250543594,0.33059975504875183,0.7333170771598816,-0.11272836476564407,0.364955872297287,0.7308483123779297,-0.12950843572616577,0.4003934860229492,0.7921972274780273,-0.07176873832941055,0.47385895252227783,0.7727125883102417,-0.09860768914222717,0.5244805812835693,0.7658992409706116,-0.11770831048488617,0.5658358335494995,0.7654995918273926,-0.12802572548389435,0.4211827218532562,0.8316210508346558,-0.049548860639333725,0.49366939067840576,0.8001137375831604,-0.07238370925188065,0.5461039543151855,0.7791139483451843,-0.08623625338077545,0.5896568894386292,0.7683824896812439,-0.09462844580411911,0.42988088726997375,0.8556963205337524,-0.031048087403178215,0.4932080805301666,0.8245982527732849,-0.05084192752838135,0.5394808053970337,0.8037455081939697,-0.061611223965883255,0.5786154270172119,0.7932347059249878,-0.06638175249099731,0.4304583966732025,0.8648817539215088,-0.017192482948303223,0.4830165207386017,0.8395951390266418,-0.031729716807603836,0.5189604163169861,0.82391756772995,-0.038519054651260376,0.5509148836135864,0.8121030330657959,-0.041226036846637726,help
0.587178647518158,0.6478387713432312,-2.638827538703481e-07,0.559398889541626,0.5463808178901672,0.01342075690627098,0.5075244307518005,0.47331249713897705,0.01897987350821495,0.4526592195034027,0.4619438052177429,0.020864350721240044,0.4230291545391083,0.4970492720603943,0.01992059126496315,0.4308876693248749,0.4854696989059448,0.012901199981570244,0.3667864203453064,0.527409017086029,0.010391036048531532,0.3464740514755249,0.5569416284561157,0.00517646037042141,0.339313805103302,0.5727565288543701,0.001187736983411014,0.41770654916763306,0.5420234203338623,0.002749239793047309,0.36380234360694885,0.5836697220802307,0.0038830963894724846,0.37948694825172424,0.6023796796798706,0.0026632898952811956,0.40332281589508057,0.6040866374969482,0.0006082599284127355,0.4172413945198059,0.6058720946311951,-0.005902444012463093,0.3689787983894348,0.6373268961906433,-0.007543852087110281,0.3869679868221283,0.6493017077445984,-0.002308861119672656,0.41097941994667053,0.6464012861251831,0.00018541011377237737,0.4248410165309906,0.6721441745758057,-0.01332295872271061,0.3873389959335327,0.686103343963623,-0.014296380802989006,0.4080919027328491,0.6891360282897949,-0.00479095010086894,0.43152716755867004,0.684844434261322,0.003130644327029586,help
0.29718175530433655,0.9073807597160339,6.530693212880578e-07,0.2730092406272888,0.8316389918327332,-0.058043815195560455,0.2879043221473694,0.7752044796943665,-0.08801893889904022,0.32737910747528076,0.74830561876297,-0.1066632941365242,0.36163216829299927,0.743800699710846,-0.12244998663663864,0.3950531780719757,0.8034189939498901,-0.06846462190151215,0.46446913480758667,0.781280517578125,-0.09643079340457916,0.5130782723426819,0.7766108512878418,-0.11604973673820496,0.5534977912902832,0.7800806760787964,-0.1266641616821289,0.4193304479122162,0.8393476605415344,-0.04889371618628502,0.4907349944114685,0.8059020638465881,-0.07209746539592743,0.5430303812026978,0.7868978381156921,-0.08628304302692413,0.5868940353393555,0.7787988781929016,-0.09522084146738052,0.4305388331413269,0.8604079484939575,-0.03318313881754875,0.4923824667930603,0.8288615345954895,-0.05422474443912506,0.5387576818466187,0.8113998174667358,-0.06632579863071442,0.5786007046699524,0.8044829368591309,-0.0721825361251831,0.43237197399139404,0.8680954575538635,-0.02181476540863514,0.48384198546409607,0.8433672189712524,-0.03802663832902908,0.5204980969429016,0.8310502767562866,-0.04643559828400612,0.5538560748100281,0.8228148221969604,-0.05040454491972923,help
0.58521568775177,0.6365408301353455,-3.010675868608814e-07,0.5539601445198059,0.5360645651817322,0.012322919443249702,0.5010977387428284,0.463752806186676,0.0162852443754673,0.447197288274765,0.45596006512641907,0.0173158198595047,0.41967856884002686,0.49148011207580566,0.016790373250842094,0.42022648453712463,0.47972583770751953,0.0056609828025102615,0.35637134313583374,0.5275884866714478,0.005799849983304739,0.3685343265533447,0.5509609580039978,0.005620770622044802,0.3898169994354248,0.5528805255889893,0.005395879503339529,0.40978723764419556,0.5392431020736694,-0.0033821924589574337,0.36231303215026855,0.5844438672065735,0.001329776830971241,0.3869917392730713,0.599283754825592,0.0036666044034063816,0.4154426157474518,0.5952163934707642,0.0032074865885078907,0.41172632575035095,0.6042624115943909,-0.010395900346338749,0.3691573739051819,0.6357210278511047,-0.010214852169156075,0.3927469551563263,0.6442619562149048,-0.004747151397168636,0.4190458059310913,0.6391711831092834,-0.0025934302248060703,0.4206821322441101,0.670297384262085,-0.01588166505098343,0.3866061270236969,0.6821045279502869,-0.017058387398719788,0.4107764661312103,0.6866334676742554,-0.007902644574642181,0.43375179171562195,0.6841641664505005,7.709537021582946e-05,help
0.2908075153827667,0.9200451374053955,6.404804366866301e-07,0.26703956723213196,0.8365838527679443,-0.05750580132007599,0.2844393849372864,0.7742656469345093,-0.08756225556135178,0.32434913516044617,0.7451888918876648,-0.10645271837711334,0.357199490070343,0.7445884943008423,-0.12243328988552094,0.3841979205608368,0.8119072318077087,-0.07014037668704987,0.4522509276866913,0.7872948050498962,-0.09989463537931442,0.5013428926467896,0.7791523337364197,-0.12046808749437332,0.5425276160240173,0.7785331010818481,-0.13151903450489044,0.40868401527404785,0.8499161005020142,-0.051935791969299316,0.48189324140548706,0.8125813603401184,-0.0772533267736435,0.536922812461853,0.789605438709259,-0.09197670966386795,0.5843279361724854,0.7776832580566406,-0.10076064616441727,0.4211484491825104,0.8719647526741028,-0.03738878667354584,0.4863230586051941,0.8353158831596375,-0.0600520558655262,0.5354442000389099,0.814619779586792,-0.07189973443746567,0.5774791836738586,0.8046208620071411,-0.07687750458717346,0.42416951060295105,0.8789874315261841,-0.02712189219892025,0.4793683886528015,0.8510175347328186,-0.04417669028043747,0.5173205137252808,0.8368039131164551,-0.051683973520994186,0.5510630011558533,0.8266720771789551,-0.05450894683599472,help
0.5801901817321777,0.6431577205657959,-2.096352034186566e-07,0.5512231588363647,0.5449439883232117,0.01539292000234127,0.4953638017177582,0.47689443826675415,0.02284184657037258,0.4425327181816101,0.4718596041202545,0.026883753016591072,0.41227957606315613,0.4980543255805969,0.028170904144644737,0.4179263412952423,0.49638229608535767,0.010835585184395313,0.34447261691093445,0.5354499220848083,0.011133120395243168,0.3119223415851593,0.5639811158180237,0.009614200331270695,0.29410094022750854,0.5811225175857544,0.007837311364710331,0.4088141918182373,0.5525117516517639,0.0018782009137794375,0.3588067591190338,0.5954635143280029,0.0054246108047664165,0.3817127048969269,0.6086655855178833,0.007845582440495491,0.409521222114563,0.6033790111541748,0.0078022717498242855,0.41130584478378296,0.614374577999115,-0.00514882430434227,0.36828887462615967,0.6436947584152222,-0.00552777573466301,0.39094141125679016,0.6538358926773071,0.0010711165377870202,0.4163605868816376,0.6486735343933105,0.0041013117879629135,0.4188682734966278,0.6765381097793579,-0.010642824694514275,0.38467708230018616,0.6887478232383728,-0.010818028822541237,0.4073764979839325,0.6944491267204285,-0.0017307082889601588,0.42968645691871643,0.6921706199645996,0.00550247635692358,help
0.29634416103363037,0.905121386051178,6.803111887165869e-07,0.27076053619384766,0.8279460072517395,-0.06585748493671417,0.284736305475235,0.7683988809585571,-0.0998389720916748,0.3236362934112549,0.742050290107727,-0.12107989937067032,0.35884228348731995,0.7386550307273865,-0.13969361782073975,0.39352962374687195,0.8017343282699585,-0.0784183070063591,0.45992904901504517,0.7785879969596863,-0.10904277861118317,0.5094436407089233,0.7704750895500183,-0.1311105340719223,0.5513955354690552,0.769457995891571,-0.14377771317958832,0.4167386591434479,0.8374013304710388,-0.0560411736369133,0.48625048995018005,0.8031362295150757,-0.08288464695215225,0.5405388474464417,0.7818573713302612,-0.10008618235588074,0.5866850018501282,0.771294355392456,-0.11136376857757568,0.4270317554473877,0.8586174845695496,-0.037752456963062286,0.4894535541534424,0.8273934125900269,-0.06214223429560661,0.5368772149085999,0.8075802326202393,-0.07678461074829102,0.5781441926956177,0.797484278678894,-0.08436985313892365,0.4283137321472168,0.8663629293441772,-0.024257242679595947,0.4815351366996765,0.8429924845695496,-0.04355901852250099,0.5191302299499512,0.8288052082061768,-0.054193586111068726,0.5530702471733093,0.8182443976402283,-0.059879157692193985,help
0.5858067870140076,0.6502317190170288,-2.699821379792411e-07,0.5558969974517822,0.5506503582000732,0.013086420483887196,0.5000001788139343,0.48541131615638733,0.020968643948435783,0.44531315565109253,0.48026102781295776,0.025427790358662605,0.4139813184738159,0.5134198665618896,0.029226461425423622,0.42959216237068176,0.49146685004234314,0.015849068760871887,0.35975560545921326,0.5119116306304932,0.015451108105480671,0.35925742983818054,0.5397422909736633,0.01417542900890112,0.37517762184143066,0.553857147693634,0.014309415593743324,0.4163142442703247,0.5482968091964722,0.007481774315237999,0.3522891104221344,0.582942545413971,0.014725976623594761,0.35197144746780396,0.6066391468048096,0.016549043357372284,0.3620324432849884,0.6140198111534119,0.015687715262174606,0.4161686301231384,0.6095153093338013,-9.263133688364178e-05,0.36365240812301636,0.6376051902770996,0.0024819376412779093,0.37673401832580566,0.6505250334739685,0.007008385844528675,0.39601752161979675,0.6491140723228455,0.008513852953910828,0.42473283410072327,0.6713233590126038,-0.006502439267933369,0.38793283700942993,0.6848846077919006,-0.005118877626955509,0.4068026840686798,0.6904679536819458,0.0039023070130497217,0.4288565516471863,0.6889663338661194,0.01145786140114069,help
0.2970768213272095,0.9129227995872498,6.260665941226762e-07,0.2691670060157776,0.8287080526351929,-0.05811017006635666,0.2842511236667633,0.7683641314506531,-0.08780868351459503,0.32508817315101624,0.7425009608268738,-0.10568326711654663,0.35869401693344116,0.7345117330551147,-0.12079259008169174,0.3905762732028961,0.8063539862632751,-0.07236280292272568,0.45531901717185974,0.7803081274032593,-0.10149191319942474,0.5027909874916077,0.7719871401786804,-0.12193989008665085,0.5440360903739929,0.7708978652954102,-0.1331743597984314,0.41748517751693726,0.8422046899795532,-0.053165365010499954,0.48748356103897095,0.8036642074584961,-0.07781217247247696,0.5405922532081604,0.780712902545929,-0.09225257486104965,0.5870821475982666,0.7699542045593262,-0.10137724876403809,0.4298662841320038,0.8626822829246521,-0.03752445802092552,0.49216756224632263,0.8252529501914978,-0.06048163026571274,0.5401857495307922,0.8042172193527222,-0.07330378144979477,0.5820922255516052,0.7948863506317139,-0.07923971116542816,0.4318558871746063,0.8692895770072937,-0.026030056178569794,0.48548659682273865,0.8396323919296265,-0.04395335167646408,0.5237550139427185,0.82396000623703,-0.05292470380663872,0.5587000846862793,0.8127187490463257,-0.057053759694099426,help
0.590529203414917,0.6519518494606018,-2.401928327344649e-07,0.5575372576713562,0.5517680048942566,0.016276225447654724,0.5042569041252136,0.4839644134044647,0.02337232045829296,0.4473588764667511,0.4751747250556946,0.026226449757814407,0.41462811827659607,0.5084934234619141,0.02659468725323677,0.4326325058937073,0.4979408383369446,0.01519372221082449,0.365315705537796,0.5299962162971497,0.015469844453036785,0.34673863649368286,0.5573132038116455,0.013900245539844036,0.3414561450481415,0.5729304552078247,0.012516465969383717,0.42007994651794434,0.553279459476471,0.004342728294432163,0.35978543758392334,0.5855210423469543,0.008363872766494751,0.3739381432533264,0.6017928719520569,0.010104866698384285,0.3965162932872772,0.6044654846191406,0.010013253428041935,0.4201030135154724,0.6152433753013611,-0.004690231289714575,0.3703135550022125,0.642036497592926,-0.0030785417184233665,0.3915916979312897,0.6512460112571716,0.003995285835117102,0.4176386594772339,0.6482358574867249,0.007143395021557808,0.4279305338859558,0.6791214346885681,-0.012361949309706688,0.3899805247783661,0.6891114711761475,-0.01020033285021782,0.41211196780204773,0.6905303597450256,0.0007343919714912772,0.435531347990036,0.6867786645889282,0.009202813729643822,help
0.2981569170951843,0.9095589518547058,6.348453780447016e-07,0.2738525867462158,0.8243319392204285,-0.0579015277326107,0.291424959897995,0.7643334865570068,-0.08815240859985352,0.33214977383613586,0.7392712235450745,-0.10693440586328506,0.3632884919643402,0.7378712892532349,-0.12293685972690582,0.3939448595046997,0.8069538474082947,-0.07117070257663727,0.46145278215408325,0.7780963778495789,-0.10081732273101807,0.509725034236908,0.7688547968864441,-0.12141261249780655,0.5501288771629333,0.767025351524353,-0.13262464106082916,0.41751575469970703,0.8450437188148499,-0.052784763276576996,0.4897717535495758,0.8053215742111206,-0.07856476306915283,0.5443037748336792,0.7821940779685974,-0.09402206540107727,0.5910236835479736,0.7707751989364624,-0.10347113013267517,0.428461492061615,0.8662269711494446,-0.038009028881788254,0.49279120564460754,0.8283316493034363,-0.061452437192201614,0.5423327684402466,0.807799756526947,-0.07469360530376434,0.584911048412323,0.7992540597915649,-0.08066955953836441,0.4300343692302704,0.8717745542526245,-0.027379687875509262,0.48515763878822327,0.8428622484207153,-0.045579440891742706,0.5239994525909424,0.8278527855873108,-0.054423920810222626,0.5588768124580383,0.8179693222045898,-0.05826243385672569,help
0.5830453634262085,0.6360560059547424,-2.5693225325085223e-07,0.5572983622550964,0.5396974086761475,0.009789548814296722,0.5052287578582764,0.47569817304611206,0.013336795382201672,0.4555157423019409,0.4773011803627014,0.013982020318508148,0.4278547167778015,0.5097832679748535,0.014255509711802006,0.43324461579322815,0.4869442880153656,0.003062739036977291,0.36288806796073914,0.5081820487976074,-0.0047949934378266335,0.37905019521713257,0.5322727560997009,-0.009826975874602795,0.40729570388793945,0.5366522669792175,-0.01160972286015749,0.4197203516960144,0.5468603372573853,-0.006066382862627506,0.3481866717338562,0.568368673324585,-0.008493567816913128,0.37143296003341675,0.5860965251922607,-0.005517094861716032,0.4022510051727295,0.5869841575622559,-0.0028701492119580507,0.41816282272338867,0.6104053854942322,-0.014357385225594044,0.35745710134506226,0.6295714974403381,-0.018181337043642998,0.3834320902824402,0.639772355556488,-0.009407605975866318,0.4127313494682312,0.6378260254859924,-0.003004778176546097,0.4269551634788513,0.6751666069030762,-0.02156933583319187,0.3852614462375641,0.6826426982879639,-0.023522285744547844,0.407235324382782,0.6859095096588135,-0.01249033585190773,0.4306071102619171,0.6844887733459473,-0.002689862158149481,help
0.3021172285079956,0.9032449722290039,6.319261842691049e-07,0.2732471823692322,0.8206660151481628,-0.059281278401613235,0.28797706961631775,0.7613738775253296,-0.0893172100186348,0.32842400670051575,0.7386598587036133,-0.10731680691242218,0.36191311478614807,0.7306906580924988,-0.12249379605054855,0.3943229019641876,0.8000891804695129,-0.07318493723869324,0.4588640630245209,0.7735729217529297,-0.10290878266096115,0.5054414868354797,0.7632296085357666,-0.1239531859755516,0.5450170040130615,0.757938027381897,-0.1354474276304245,0.42094555497169495,0.8357862830162048,-0.053578294813632965,0.4920070767402649,0.7986270785331726,-0.07880591601133347,0.5460165143013,0.7740166783332825,-0.09431596100330353,0.5928573608398438,0.76030033826828,-0.10421087592840195,0.4333310127258301,0.8554070591926575,-0.03755725175142288,0.4966771900653839,0.8215553164482117,-0.06095052883028984,0.5442202687263489,0.7989528179168701,-0.07483307272195816,0.585320770740509,0.7869682312011719,-0.08139616250991821,0.43586647510528564,0.8602801561355591,-0.02571718767285347,0.4906277656555176,0.831721305847168,-0.043810877948999405,0.528205931186676,0.8141505718231201,-0.05286697670817375,0.5617302656173706,0.8010322451591492,-0.05705402046442032,help
0.587563693523407,0.6482499837875366,-2.857965455405065e-07,0.5577810406684875,0.5519315600395203,0.009595310315489769,0.5052828192710876,0.48934370279312134,0.012962106615304947,0.449147492647171,0.48483604192733765,0.013644558377563953,0.41292405128479004,0.5080901980400085,0.014446418732404709,0.43283143639564514,0.49452897906303406,0.0030070324428379536,0.3608816862106323,0.508534848690033,-0.0026637506671249866,0.37574678659439087,0.5355639457702637,-0.005881300661712885,0.40229228138923645,0.5428552627563477,-0.0068662893027067184,0.41871634125709534,0.552525520324707,-0.005810562055557966,0.3471146821975708,0.5716009736061096,-0.0062271589413285255,0.36909881234169006,0.5907468199729919,-0.0022235873620957136,0.3981918692588806,0.5920170545578003,0.0005364978569559753,0.4164077043533325,0.6150683760643005,-0.013580884784460068,0.354407399892807,0.6317946910858154,-0.015315338969230652,0.379573255777359,0.644415557384491,-0.00548647902905941,0.4082403779029846,0.6442607045173645,0.0006994613795541227,0.42453399300575256,0.6787317991256714,-0.02038073167204857,0.3812972903251648,0.6852498650550842,-0.021562574431300163,0.40256333351135254,0.6910254955291748,-0.01033470593392849,0.4259973168373108,0.691037118434906,-0.0005929008475504816,help
0.29611319303512573,0.903937816619873,6.762568318663398e-07,0.270107626914978,0.8197864890098572,-0.06146848946809769,0.2888152003288269,0.7584263682365417,-0.09354528039693832,0.3314678966999054,0.7328230738639832,-0.1131599098443985,0.3625435531139374,0.7307791709899902,-0.1303199678659439,0.3889410197734833,0.8032498955726624,-0.07781511545181274,0.4521746337413788,0.7744643688201904,-0.10884437710046768,0.49980348348617554,0.7612324953079224,-0.1306966096162796,0.5400450229644775,0.7539169192314148,-0.14311401546001434,0.41348007321357727,0.8400422930717468,-0.05815388262271881,0.4861360192298889,0.8008108735084534,-0.0858035534620285,0.5423440933227539,0.7745004892349243,-0.10255660861730576,0.5898622274398804,0.7588770389556885,-0.11339595913887024,0.4253730773925781,0.8607365489006042,-0.041966214776039124,0.4914317727088928,0.8243780136108398,-0.06652433425188065,0.5403576493263245,0.8012253642082214,-0.08028130233287811,0.5815733671188354,0.7888189554214478,-0.0870167687535286,0.4279598593711853,0.867429256439209,-0.030179552733898163,0.4840105473995209,0.8380025625228882,-0.04883137717843056,0.5222929120063782,0.8211982250213623,-0.05788961052894592,0.5555288791656494,0.8084461688995361,-0.06245890259742737,help
0.5858598947525024,0.662243127822876,-2.7990597573079867e-07,0.5606123208999634,0.5643309950828552,0.01192611362785101,0.509105920791626,0.4978843629360199,0.01759333722293377,0.4523181915283203,0.4924547076225281,0.020615432411432266,0.41771912574768066,0.5182464122772217,0.023592188954353333,0.43552765250205994,0.5041608810424805,0.006399163976311684,0.36124634742736816,0.5151539444923401,0.004142595920711756,0.37417739629745483,0.538676381111145,0.0034701216500252485,0.4005972146987915,0.5465551614761353,0.004367617424577475,0.4194428622722626,0.5614584684371948,-0.001763399806804955,0.34343135356903076,0.5760179162025452,0.0017636106349527836,0.36172571778297424,0.5929068922996521,0.0063611590303480625,0.38998472690582275,0.5971167087554932,0.00909612886607647,0.41594746708869934,0.6238419413566589,-0.008431177586317062,0.3520054221153259,0.6383719444274902,-0.0060544912703335285,0.3746228814125061,0.6463047862052917,0.0024792589247226715,0.4029645323753357,0.645045816898346,0.0069604855962097645,0.42290788888931274,0.6873356103897095,-0.013826970010995865,0.3791036009788513,0.6939667463302612,-0.011202076449990273,0.3980830907821655,0.6966947317123413,-7.474437006749213e-05,0.4212305545806885,0.6958522796630859,0.008689130656421185,help
0.29886916279792786,0.9192352890968323,6.304398425527324e-07,0.27238547801971436,0.8359876871109009,-0.05767378211021423,0.2871263027191162,0.7752899527549744,-0.08846548199653625,0.32901161909103394,0.7512884736061096,-0.10775129497051239,0.3640410006046295,0.7481029629707336,-0.12418709695339203,0.3871127665042877,0.816143274307251,-0.0736134871840477,0.453693687915802,0.7887046337127686,-0.1036602035164833,0.5000666379928589,0.7759352922439575,-0.12386143207550049,0.5395200252532959,0.7703869342803955,-0.13521398603916168,0.4146645665168762,0.853850781917572,-0.05631806328892708,0.48818838596343994,0.8167063593864441,-0.08353880792856216,0.5429325103759766,0.7902203798294067,-0.09998208284378052,0.5902935266494751,0.7744872570037842,-0.11064545065164566,0.4279097616672516,0.874247133731842,-0.04249800369143486,0.4946722686290741,0.84064781665802,-0.06801123172044754,0.5440711975097656,0.8173731565475464,-0.08331787586212158,0.5868360996246338,0.8038552403450012,-0.09108288586139679,0.43092280626296997,0.8802810907363892,-0.03254001587629318,0.4866006672382355,0.8561242818832397,-0.05313060060143471,0.5258359909057617,0.8397572040557861,-0.06422742456197739,0.560816764831543,0.825939416885376,-0.0700027197599411,help
0.5879651308059692,0.6512029767036438,-3.1945788236953376e-07,0.5607467293739319,0.5540592670440674,0.013434148393571377,0.5104654431343079,0.489446222782135,0.01890794187784195,0.4582628607749939,0.4832566976547241,0.02114875055849552,0.4265645146369934,0.5122504234313965,0.02347555011510849,0.4316216707229614,0.4971405863761902,0.005796093959361315,0.3579587936401367,0.5097628235816956,0.002957039512693882,0.37467336654663086,0.5377880334854126,0.0019470369443297386,0.4025742709636688,0.5452108979225159,0.0021738784853368998,0.416306734085083,0.5551852583885193,-0.0041219801642000675,0.3420192301273346,0.5740025639533997,-0.0017339702462777495,0.36548376083374023,0.5942122340202332,0.00387104251421988,0.3957575559616089,0.5953837037086487,0.007347751874476671,0.41444510221481323,0.6176666021347046,-0.012415886856615543,0.3504791855812073,0.6345869898796082,-0.011872121132910252,0.377010703086853,0.6474717855453491,-0.0013218438252806664,0.40675610303878784,0.6468057632446289,0.0051189567893743515,0.42386743426322937,0.681432843208313,-0.019370652735233307,0.3775736689567566,0.6849612593650818,-0.01823989674448967,0.39849668741226196,0.6915250420570374,-0.005680874455720186,0.42302775382995605,0.6926609873771667,0.004633369389921427,help
0.2959696352481842,0.9114205837249756,6.130483711785928e-07,0.27120500802993774,0.8303953409194946,-0.06058593839406967,0.2852606177330017,0.7692971229553223,-0.0926641970872879,0.3247803747653961,0.7439913153648376,-0.11305481195449829,0.3609412908554077,0.7363527417182922,-0.13082455098628998,0.3878246247768402,0.805091142654419,-0.07513339072465897,0.45075589418411255,0.7787973284721375,-0.10707223415374756,0.4975103735923767,0.7662838697433472,-0.13019032776355743,0.5385113954544067,0.7591360211372375,-0.14365960657596588,0.41281071305274963,0.8401621580123901,-0.056811511516571045,0.4843885600566864,0.8032619953155518,-0.0849108025431633,0.5395954251289368,0.7780520915985107,-0.10296238958835602,0.5877885818481445,0.763224184513092,-0.11487024277448654,0.42481034994125366,0.8603812456130981,-0.042237184941768646,0.4897020161151886,0.827039361000061,-0.06716780364513397,0.5386306047439575,0.8044115900993347,-0.08180537819862366,0.5805774331092834,0.7918542623519897,-0.08934592455625534,0.427313894033432,0.867263674736023,-0.032167740166187286,0.48222675919532776,0.8415140509605408,-0.05209222808480263,0.5205401182174683,0.8242049217224121,-0.062357716262340546,0.5542588829994202,0.8111495971679688,-0.06756661832332611,help
0.5872455835342407,0.6536877751350403,-2.991481551362085e-07,0.5613394379615784,0.5571596622467041,0.015182079747319221,0.5091506838798523,0.49106499552726746,0.023575250059366226,0.45571276545524597,0.4833717346191406,0.02875811979174614,0.42525532841682434,0.5138300657272339,0.03380678966641426,0.4328833222389221,0.496966153383255,0.01097328495234251,0.36028149724006653,0.5111177563667297,0.011962845921516418,0.3676089644432068,0.5382860898971558,0.014235710725188255,0.3899688422679901,0.548153281211853,0.016555482521653175,0.415568083524704,0.5531144738197327,0.0019840539898723364,0.34262070059776306,0.5737179517745972,0.006916689220815897,0.36097705364227295,0.5948314070701599,0.013911809772253036,0.3888842761516571,0.5987386703491211,0.018353743478655815,0.411147803068161,0.6153557300567627,-0.00535273551940918,0.34817105531692505,0.6354430913925171,-0.002135459566488862,0.37164023518562317,0.6492360234260559,0.0082250302657485,0.39984700083732605,0.6495134830474854,0.01407849881798029,0.4179500639438629,0.6803985238075256,-0.011303136125206947,0.37378501892089844,0.6891712546348572,-0.007571574300527573,0.3935389518737793,0.6964139342308044,0.004591351840645075,0.41710364818573,0.6972512006759644,0.014089725911617279,help
0.3031514883041382,0.9086353182792664,6.100573841649748e-07,0.27600544691085815,0.827129602432251,-0.057680003345012665,0.2895353436470032,0.7683524489402771,-0.08832590281963348,0.32908445596694946,0.7462048530578613,-0.10770700126886368,0.363567978143692,0.7393419146537781,-0.12419884651899338,0.39124375581741333,0.8070722222328186,-0.07149085402488708,0.45521458983421326,0.7826856970787048,-0.101772740483284,0.5014437437057495,0.7715445756912231,-0.12302853912115097,0.5409307479858398,0.7657995223999023,-0.13502082228660583,0.41742563247680664,0.8432174921035767,-0.05432475730776787,0.4894575774669647,0.8077030181884766,-0.08025889098644257,0.5447965264320374,0.7837579846382141,-0.09640390425920486,0.5928986072540283,0.7703068256378174,-0.10696698725223541,0.430484801530838,0.8636898994445801,-0.0408177450299263,0.49572205543518066,0.8317715525627136,-0.06450388580560684,0.5441544651985168,0.8104882836341858,-0.07831530272960663,0.5853638052940369,0.7985508441925049,-0.08514275401830673,0.4340927004814148,0.8707031607627869,-0.03149808943271637,0.48912227153778076,0.8451299667358398,-0.05029187723994255,0.5275042057037354,0.8284107446670532,-0.05969109386205673,0.561174213886261,0.8153420090675354,-0.06417067348957062,help
0.5906187295913696,0.6574110388755798,-3.274786308793409e-07,0.5617879033088684,0.5605749487876892,0.012971492484211922,0.5102543830871582,0.4946310520172119,0.017628710716962814,0.45590436458587646,0.48537397384643555,0.01920786313712597,0.4231804609298706,0.5145474672317505,0.020545348525047302,0.4355904757976532,0.4964390695095062,0.004337431862950325,0.36256706714630127,0.5129268765449524,0.002074968768283725,0.37759262323379517,0.5407975316047668,0.0018330169841647148,0.4038771092891693,0.5471447110176086,0.002395555144175887,0.42040497064590454,0.5536988973617554,-0.0054479604586958885,0.3481473922729492,0.5758066773414612,-0.0025730072520673275,0.3698032796382904,0.5954530835151672,0.0031026878859847784,0.398514986038208,0.5970281362533569,0.005980739835649729,0.41772881150245667,0.6175847053527832,-0.01353656779974699,0.3522087335586548,0.6371024250984192,-0.012844773009419441,0.37735703587532043,0.6502024531364441,-0.0023887616116553545,0.40683895349502563,0.6500115394592285,0.0033838851377367973,0.42537763714790344,0.6832865476608276,-0.02025032788515091,0.3744703233242035,0.6916438341140747,-0.019688477739691734,0.3944736123085022,0.6983141899108887,-0.007531459908932447,0.4192253351211548,0.6992812752723694,0.0022191121242940426,help
0.3031219244003296,0.9052718877792358,6.020623004587833e-07,0.2770460844039917,0.822895884513855,-0.05641805753111839,0.29282042384147644,0.7643376588821411,-0.08565986901521683,0.3320187032222748,0.741946816444397,-0.1037529781460762,0.3637053370475769,0.7329837083816528,-0.11909419298171997,0.39769983291625977,0.802047073841095,-0.06827536225318909,0.4586419463157654,0.7789408564567566,-0.09735138714313507,0.5029782056808472,0.7668023109436035,-0.11867128312587738,0.5414043068885803,0.7591004967689514,-0.13101620972156525,0.42358219623565674,0.8389178514480591,-0.05128416791558266,0.49349936842918396,0.8057007789611816,-0.07628726214170456,0.5468214750289917,0.7808933258056641,-0.09254498779773712,0.5934301018714905,0.7660179138183594,-0.1033840999007225,0.4351917803287506,0.8595670461654663,-0.038040366023778915,0.4999150037765503,0.8292087912559509,-0.06162949278950691,0.5477752089500427,0.806826114654541,-0.07624892145395279,0.5889534950256348,0.7933384776115417,-0.08367413282394409,0.4364895224571228,0.8662548661231995,-0.028831982985138893,0.49209147691726685,0.8429272174835205,-0.04769411310553551,0.5305381417274475,0.8259755969047546,-0.05770730972290039,0.5646884441375732,0.811845064163208,-0.0628339871764183,help
0.5899333953857422,0.6509752869606018,-3.031209416803904e-07,0.5644127130508423,0.5538528561592102,0.013565094210207462,0.5112260580062866,0.48875945806503296,0.020709797739982605,0.4570922255516052,0.4832364320755005,0.024926604703068733,0.42590445280075073,0.5142266750335693,0.029388654977083206,0.43850693106651306,0.4935697615146637,0.008303551934659481,0.36222153902053833,0.5066968202590942,0.006862809881567955,0.37446677684783936,0.5346633195877075,0.00724323745816946,0.4012520909309387,0.5435405373573303,0.00876736268401146,0.42156532406806946,0.5508549213409424,4.89008889417164e-05,0.3473459780216217,0.5716957449913025,0.0036434601061046124,0.3678916096687317,0.5924311876296997,0.00990377552807331,0.3967301547527313,0.5941751003265381,0.01398453488945961,0.41677558422088623,0.6132223606109619,-0.006727319210767746,0.3546943962574005,0.6319884061813354,-0.004176661372184753,0.3795589208602905,0.6446823477745056,0.006131419911980629,0.40877407789230347,0.6439242362976074,0.01216279249638319,0.42255035042762756,0.6775265336036682,-0.012252640910446644,0.38009610772132874,0.6841808557510376,-0.009025759994983673,0.40047508478164673,0.6898818612098694,0.0029558525420725346,0.4242447018623352,0.6895657777786255,0.012632912024855614,help
0.30649036169052124,0.9019080400466919,6.085670065658633e-07,0.27671825885772705,0.8230816721916199,-0.059852875769138336,0.2892380952835083,0.7637251019477844,-0.09130334109067917,0.32976752519607544,0.7392557263374329,-0.11087144166231155,0.36414802074432373,0.7314762473106384,-0.12753424048423767,0.3906331956386566,0.8019863963127136,-0.07562744617462158,0.45282846689224243,0.7779048085212708,-0.1072288230061531,0.4990326762199402,0.7651482820510864,-0.12922629714012146,0.538563072681427,0.7574940919876099,-0.1418946236371994,0.41983428597450256,0.8366588950157166,-0.057530589401721954,0.49154525995254517,0.8009395599365234,-0.08404016494750977,0.5458712577819824,0.775810956954956,-0.09989786148071289,0.592972993850708,0.7605248093605042,-0.11057554185390472,0.43469664454460144,0.8558235764503479,-0.04324248060584068,0.4996756911277771,0.8234249949455261,-0.06760642677545547,0.5478081703186035,0.8005675673484802,-0.0816921815276146,0.5890495777130127,0.786638617515564,-0.08900962769985199,0.4385833442211151,0.8626969456672668,-0.03330402448773384,0.4938892722129822,0.8368054628372192,-0.052941687405109406,0.5319604277610779,0.8197389841079712,-0.06316974759101868,0.5653386116027832,0.8059300184249878,-0.06852061301469803,help
0.5867029428482056,0.6564189791679382,-2.0159804137165338e-07,0.5597540140151978,0.5605887174606323,0.01426471583545208,0.5099495649337769,0.4968961179256439,0.02171187661588192,0.4565765857696533,0.48720112442970276,0.025989001616835594,0.42305758595466614,0.5112906098365784,0.03004949726164341,0.43641147017478943,0.49816399812698364,0.010287947952747345,0.36308127641677856,0.5105583667755127,0.012242501601576805,0.3597211241722107,0.5357769727706909,0.015384877100586891,0.37318259477615356,0.5487918853759766,0.01832951232790947,0.42080599069595337,0.5551649928092957,0.0011129716876894236,0.3464983105659485,0.5727212429046631,0.0064535620622336864,0.3516611158847809,0.5912534594535828,0.011797893792390823,0.36957454681396484,0.5985733866691589,0.01481948234140873,0.4181610941886902,0.6182080507278442,-0.006248101592063904,0.3566899299621582,0.6350728869438171,-0.0034487119410187006,0.3749697208404541,0.6453996300697327,0.005683518946170807,0.4001893401145935,0.6461317539215088,0.010949907824397087,0.425788015127182,0.6830841302871704,-0.012276175431907177,0.38033297657966614,0.6885736584663391,-0.009103601798415184,0.3965531587600708,0.6930871605873108,0.0026322302874177694,0.4188022017478943,0.6932474374771118,0.012106637470424175,help
0.30063068866729736,0.9053717255592346,6.240985044314584e-07,0.2745503783226013,0.8216007351875305,-0.054486844688653946,0.2881007790565491,0.7588956952095032,-0.08361944556236267,0.32990002632141113,0.7341606020927429,-0.10182347148656845,0.364967405796051,0.7304354310035706,-0.1171044111251831,0.38624343276023865,0.8010900020599365,-0.06987342238426208,0.44976210594177246,0.7755281329154968,-0.09934429079294205,0.49513423442840576,0.7621458172798157,-0.11956087499856949,0.5343910455703735,0.7551714181900024,-0.1311885565519333,0.4133066236972809,0.8363407254219055,-0.05429092422127724,0.4867769181728363,0.8031781315803528,-0.08169316500425339,0.5417173504829407,0.7778607606887817,-0.0988023579120636,0.5896848440170288,0.7627996802330017,-0.110053651034832,0.42674410343170166,0.8558008074760437,-0.04184771701693535,0.4935469329357147,0.8268137574195862,-0.06693971157073975,0.543340265750885,0.8046426177024841,-0.08181797713041306,0.5863085389137268,0.7917896509170532,-0.0894956886768341,0.42999404668807983,0.8634716868400574,-0.033141620457172394,0.48514458537101746,0.8435465693473816,-0.052939679473638535,0.5237274765968323,0.8302220702171326,-0.06315939873456955,0.5580576658248901,0.8186295628547668,-0.06847157329320908,help
0.5829619765281677,0.6456225514411926,-2.4008843979572703e-07,0.5541121959686279,0.5489290356636047,0.012928348034620285,0.5040565729141235,0.4857420325279236,0.01815209910273552,0.44967523217201233,0.4834228754043579,0.02033890224993229,0.4181327819824219,0.5147058963775635,0.022185778245329857,0.431957870721817,0.4932360351085663,0.00521264411509037,0.35546770691871643,0.505803644657135,0.0036061585415154696,0.35928112268447876,0.5309479236602783,0.004595295060425997,0.3791446089744568,0.5432993173599243,0.006492301356047392,0.41753387451171875,0.5518553256988525,-0.0035965382121503353,0.34359562397003174,0.5722001194953918,-0.0001619763788767159,0.3592037856578827,0.589418351650238,0.005086780525743961,0.3839172124862671,0.5934392809867859,0.007507348898798227,0.41490086913108826,0.6147804856300354,-0.01067828293889761,0.3500572741031647,0.6319074630737305,-0.009211430326104164,0.37168264389038086,0.6405574679374695,0.00024058918643277138,0.39980778098106384,0.641094982624054,0.005292536690831184,0.421430766582489,0.6794688105583191,-0.016399826854467392,0.37247949838638306,0.6848199963569641,-0.014617254957556725,0.390922874212265,0.6865588426589966,-0.002913513919338584,0.4149993658065796,0.6864726543426514,0.00646988395601511,help
0.3020281195640564,0.8954935073852539,6.261304292820569e-07,0.27283334732055664,0.8145372867584229,-0.05855082720518112,0.28588396310806274,0.7541732788085938,-0.08978191018104553,0.3252215087413788,0.7281989455223083,-0.10958831012248993,0.35831689834594727,0.7271266579627991,-0.12660546600818634,0.39010971784591675,0.7917861938476562,-0.07170771062374115,0.4492003619670868,0.7681966423988342,-0.10253208130598068,0.49402448534965515,0.7562317848205566,-0.12479689717292786,0.5329219102859497,0.7498451471328735,-0.1377841830253601,0.4174572825431824,0.82721346616745,-0.054162200540304184,0.4870770573616028,0.7928182482719421,-0.08020836114883423,0.5410526990890503,0.7688235640525818,-0.09649760276079178,0.5881936550140381,0.7556209564208984,-0.10738369822502136,0.430848091840744,0.8473096489906311,-0.04039957746863365,0.49486735463142395,0.8168342709541321,-0.06449685245752335,0.541663646697998,0.7963284850120544,-0.07821822166442871,0.5818325281143188,0.7855076193809509,-0.08515612781047821,0.4334441125392914,0.8550387620925903,-0.030931556597352028,0.4870358109474182,0.8322910070419312,-0.04958680644631386,0.5233579277992249,0.8191757798194885,-0.058745238929986954,0.5554389953613281,0.8098267316818237,-0.06337182968854904,help
0.5787380933761597,0.6535763144493103,-2.2587903458770597e-07,0.5566679835319519,0.5585044622421265,0.012054565362632275,0.5053778886795044,0.49259239435195923,0.018998006358742714,0.45156341791152954,0.4869506061077118,0.02312944084405899,0.4196004569530487,0.5144970417022705,0.026563255116343498,0.4276129901409149,0.4997701644897461,0.007982520386576653,0.352364182472229,0.5146574378013611,0.0073456065729260445,0.34758681058883667,0.5386199355125427,0.007910177111625671,0.36034563183784485,0.5516201257705688,0.00929854717105627,0.4128783047199249,0.5581044554710388,0.00017263711197301745,0.340287983417511,0.5811995267868042,0.004143707454204559,0.35210832953453064,0.5990914106369019,0.008758623152971268,0.3755907118320465,0.6038861274719238,0.01092788577079773,0.41034606099128723,0.6216714978218079,-0.0063642156310379505,0.34595978260040283,0.6420348286628723,-0.005215858109295368,0.36416223645210266,0.651557445526123,0.002935917815193534,0.3911947011947632,0.6521819829940796,0.007508331444114447,0.41635140776634216,0.6865765452384949,-0.011629916727542877,0.3666285276412964,0.6966641545295715,-0.009982258081436157,0.3816421627998352,0.6989505887031555,0.0003059757000301033,0.40400221943855286,0.6972808837890625,0.00862580630928278,help
0.29540878534317017,0.9022536873817444,5.794794333269238e-07,0.2663149833679199,0.8195253610610962,-0.052312467247247696,0.2806015610694885,0.7579013705253601,-0.07919389009475708,0.3211638927459717,0.7330340147018433,-0.09576520323753357,0.35449033975601196,0.7212835550308228,-0.10983911901712418,0.3811688721179962,0.7949002981185913,-0.06446095556020737,0.44287732243537903,0.7679303884506226,-0.09379259496927261,0.4882882535457611,0.7539108395576477,-0.11529309302568436,0.5275235176086426,0.7450762391090393,-0.12787680327892303,0.40954136848449707,0.8305923938751221,-0.04999300837516785,0.4791456162929535,0.7966725826263428,-0.07486717402935028,0.5326388478279114,0.7718897461891174,-0.09175845980644226,0.5801398158073425,0.7564788460731506,-0.10333146899938583,0.42328351736068726,0.8500795364379883,-0.03905784711241722,0.48589614033699036,0.8179802894592285,-0.06270072609186172,0.5348070859909058,0.7948389053344727,-0.0781068503856659,0.5775173306465149,0.7813851833343506,-0.0864943265914917,0.42592254281044006,0.856963038444519,-0.03183836117386818,0.479332834482193,0.8320499062538147,-0.05132773518562317,0.5180786848068237,0.8147925734519958,-0.061886344105005264,0.5528883934020996,0.8016048073768616,-0.06754101812839508,help
0.5774751901626587,0.6469772458076477,-2.42600208366639e-07,0.5533047318458557,0.5535494685173035,0.007043302524834871,0.5014265775680542,0.48898014426231384,0.009631526656448841,0.4448123872280121,0.48104164004325867,0.010432147420942783,0.41253113746643066,0.5087771415710449,0.011530844494700432,0.4301295876502991,0.5005730986595154,-0.0014351116260513663,0.3507957458496094,0.5180520415306091,-0.006700546946376562,0.3607805371284485,0.5387383699417114,-0.009291896596550941,0.38564038276672363,0.5446547865867615,-0.009572015143930912,0.4170232117176056,0.5594654679298401,-0.007896394468843937,0.3387105166912079,0.5795467495918274,-0.007669657934457064,0.35432642698287964,0.5927995443344116,-0.004626526962965727,0.3810689151287079,0.5957014560699463,-0.0033077436964958906,0.41420644521713257,0.6216051578521729,-0.013225684873759747,0.34684693813323975,0.638170063495636,-0.013927782885730267,0.36817872524261475,0.6426134705543518,-0.005388085730373859,0.39792126417160034,0.6415419578552246,-0.0005277268355712295,0.4196370840072632,0.6839411854743958,-0.017758065834641457,0.37046143412590027,0.6906430125236511,-0.018334830179810524,0.3883877992630005,0.6901862025260925,-0.008414708077907562,0.41310596466064453,0.6885913610458374,-0.0001440926716895774,help
0.2994915843009949,0.8918198943138123,5.984955464555242e-07,0.27045661211013794,0.8109688758850098,-0.05447135120630264,0.2837594449520111,0.750511884689331,-0.08271220326423645,0.32266098260879517,0.7267717719078064,-0.1003604307770729,0.35519513487815857,0.7167358994483948,-0.11530646681785583,0.3861859142780304,0.7867771983146667,-0.06629616767168045,0.4475415050983429,0.7624391913414001,-0.09590771794319153,0.4935172200202942,0.74896240234375,-0.11744672060012817,0.5330502390861511,0.7399786710739136,-0.13007284700870514,0.41377103328704834,0.8223440647125244,-0.0512518584728241,0.48381471633911133,0.7896658778190613,-0.07664229720830917,0.5381352305412292,0.764784038066864,-0.09366285800933838,0.5861148834228516,0.7486665844917297,-0.10528106242418289,0.4275161921977997,0.8417502641677856,-0.0399567149579525,0.4908641278743744,0.813685953617096,-0.06401772052049637,0.5390552878379822,0.7921538352966309,-0.0794595405459404,0.5809791088104248,0.7785366773605347,-0.08770357072353363,0.4307888448238373,0.8490461707115173,-0.032618507742881775,0.4849185347557068,0.8278862237930298,-0.05209719389677048,0.523351788520813,0.8120583295822144,-0.06272275745868683,0.5573833584785461,0.7990730404853821,-0.06843502074480057,help
0.5799469947814941,0.6469327211380005,-1.6957454818111728e-07,0.556102454662323,0.5535268187522888,0.011919591575860977,0.5056110620498657,0.49029621481895447,0.01670258678495884,0.45116671919822693,0.4848611354827881,0.019018230959773064,0.4166392982006073,0.5121678113937378,0.019750768318772316,0.432720422744751,0.49613264203071594,0.002392466878518462,0.35223934054374695,0.5175153017044067,0.0002490156621206552,0.3301970362663269,0.5432606339454651,-0.000106149454950355,0.32739537954330444,0.559974730014801,0.0004248599580023438,0.41884931921958923,0.5545086860656738,-0.006298063322901726,0.3400619328022003,0.5801074504852295,-0.004063446540385485,0.34549838304519653,0.5982720255851746,0.0003588705149013549,0.3637205958366394,0.6045610308647156,0.0021749106235802174,0.4159408211708069,0.618782639503479,-0.013289540074765682,0.34554266929626465,0.6399306058883667,-0.013420687057077885,0.36163103580474854,0.6485833525657654,-0.004077040124684572,0.386194109916687,0.6483321189880371,0.0010228538885712624,0.4205796420574188,0.6851592063903809,-0.01896410621702671,0.3664987087249756,0.6932327151298523,-0.01884651929140091,0.3825503885746002,0.6953276991844177,-0.007852516137063503,0.405760794878006,0.694217324256897,0.0008187266066670418,help
0.29799342155456543,0.893451452255249,6.026268692949088e-07,0.2697867155075073,0.8085790872573853,-0.05205117538571358,0.2850571274757385,0.7449754476547241,-0.07942745834589005,0.3263651132583618,0.719495952129364,-0.09636794775724411,0.3577587902545929,0.7132759690284729,-0.11071129888296127,0.3819473087787628,0.7875469326972961,-0.0667325034737587,0.444887638092041,0.7613418698310852,-0.09495043754577637,0.49045658111572266,0.7462668418884277,-0.11441481858491898,0.5295367240905762,0.7366287708282471,-0.12555968761444092,0.4104257822036743,0.8260046243667603,-0.05250198766589165,0.483077734708786,0.7900723814964294,-0.07738208770751953,0.5377202033996582,0.7623204588890076,-0.09316103905439377,0.5852313041687012,0.7444360852241516,-0.1037459596991539,0.4246038794517517,0.8469980359077454,-0.04140067473053932,0.4904009699821472,0.813264787197113,-0.06491830199956894,0.5401462912559509,0.787468433380127,-0.07975556701421738,0.5826756954193115,0.7713666558265686,-0.08752833306789398,0.4283071458339691,0.8538945317268372,-0.03388021141290665,0.4837559461593628,0.8278121948242188,-0.053004030138254166,0.522337794303894,0.80916428565979,-0.06317656487226486,0.5560876727104187,0.793813943862915,-0.06853585690259933,help
0.5756990313529968,0.652654230594635,5.888614751370369e-08,0.5511327981948853,0.5572351217269897,0.0011676107533276081,0.4979587495326996,0.4971378445625305,0.0029338530730456114,0.44124776124954224,0.4992796778678894,0.004241728223860264,0.4039005637168884,0.5228055119514465,0.004831868689507246,0.4296438694000244,0.5120580196380615,-0.0012100370367988944,0.35633039474487305,0.5313560962677002,-0.005383163224905729,0.3259887099266052,0.5523117184638977,-0.00910971499979496,0.3132108449935913,0.5685457587242126,-0.010492697358131409,0.41893231868743896,0.5729526877403259,-0.005456149578094482,0.34225067496299744,0.5926080942153931,-0.003198422957211733,0.31309399008750916,0.6037227511405945,-0.002968952525407076,0.29993343353271484,0.6112653613090515,-0.003946778830140829,0.41857990622520447,0.6350188255310059,-0.009420662187039852,0.3526775538921356,0.6500943303108215,-0.008962170220911503,0.3459078073501587,0.6495461463928223,-0.0032229081261903048,0.35186368227005005,0.6454910635948181,2.4710132493055426e-05,0.4261910021305084,0.6963200569152832,-0.013513848185539246,0.37699440121650696,0.7010324597358704,-0.013872620649635792,0.377569317817688,0.6965862512588501,-0.005474403966218233,0.3874916136264801,0.6904311180114746,0.002034689299762249,help
0.2944331765174866,0.9050017595291138,6.095839353292831e-07,0.2657185196876526,0.8184158205986023,-0.05354209616780281,0.2796100080013275,0.7551155090332031,-0.08206644654273987,0.32063210010528564,0.7300849556922913,-0.09966373443603516,0.3548972010612488,0.7204043865203857,-0.11495385318994522,0.3732251524925232,0.7969617247581482,-0.07325346767902374,0.438812255859375,0.7703775763511658,-0.10409025102853775,0.4858425557613373,0.7555807828903198,-0.12510184943675995,0.5261585116386414,0.7448362112045288,-0.13691392540931702,0.4018244445323944,0.8358325958251953,-0.058720894157886505,0.4780254065990448,0.7995055317878723,-0.08478548377752304,0.5334862470626831,0.7709044218063354,-0.10074706375598907,0.5819721221923828,0.75141841173172,-0.1114194318652153,0.41667309403419495,0.8566697239875793,-0.04714212566614151,0.48490580916404724,0.8209429383277893,-0.07121807336807251,0.5359082221984863,0.7925644516944885,-0.08565173298120499,0.5790839791297913,0.7745130062103271,-0.09310347586870193,0.42137640714645386,0.8622030019760132,-0.03920026123523712,0.47928425669670105,0.8331601023674011,-0.058746058493852615,0.5195046663284302,0.8118370175361633,-0.06840640306472778,0.554606556892395,0.7953121662139893,-0.0732404813170433,help
0.5737004280090332,0.6412320733070374,6.843171718173835e-08,0.5518640279769897,0.5484369397163391,0.0004641725681722164,0.4945068657398224,0.4867982566356659,0.0018131802789866924,0.43766582012176514,0.4874526560306549,0.003453504526987672,0.4040810763835907,0.5162400007247925,0.003990986850112677,0.42648613452911377,0.5078978538513184,-0.005310297477990389,0.34986889362335205,0.5286494493484497,-0.00883407425135374,0.31624799966812134,0.5480300188064575,-0.011166207492351532,0.30115288496017456,0.5639752745628357,-0.011740989051759243,0.4166586995124817,0.5711464881896973,-0.008596425876021385,0.336495578289032,0.5901946425437927,-0.00667739100754261,0.3077749013900757,0.5993058681488037,-0.00473814969882369,0.29720109701156616,0.6060833930969238,-0.004045684821903706,0.41664937138557434,0.633342981338501,-0.011545013636350632,0.34146082401275635,0.6462844610214233,-0.011249786242842674,0.3208715319633484,0.6476791501045227,-0.00680915592238307,0.3164084553718567,0.647596001625061,-0.004730694927275181,0.42455896735191345,0.6938871145248413,-0.014340687543153763,0.3701663017272949,0.6980321407318115,-0.015259957872331142,0.35829102993011475,0.6965429186820984,-0.008836389519274235,0.35659265518188477,0.6935717463493347,-0.0032006853725761175,help
0.2971055507659912,0.9001229405403137,6.198358732945053e-07,0.2663043141365051,0.8188046216964722,-0.05947555601596832,0.27678292989730835,0.7570393681526184,-0.09134875237941742,0.31576764583587646,0.7327806949615479,-0.11173097789287567,0.34993645548820496,0.7246639728546143,-0.1292824000120163,0.3795470595359802,0.7974205017089844,-0.07534658908843994,0.4400830864906311,0.7710187435150146,-0.10738978534936905,0.4858162999153137,0.7552441358566284,-0.12974780797958374,0.5260211229324341,0.7445180416107178,-0.14313210546970367,0.4100736081600189,0.8326491117477417,-0.05876469984650612,0.4798411726951599,0.7969256639480591,-0.08808690309524536,0.5343807339668274,0.7692674398422241,-0.10677655041217804,0.582601010799408,0.7515381574630737,-0.11950831860303879,0.4247558116912842,0.8505812883377075,-0.045942481607198715,0.4890959560871124,0.8182401657104492,-0.07354672253131866,0.5380768775939941,0.7937960028648376,-0.09069502353668213,0.5802325010299683,0.7779637575149536,-0.09984969347715378,0.4283379018306732,0.8541383147239685,-0.03716142475605011,0.4834977388381958,0.8293031454086304,-0.05985390767455101,0.5226473212242126,0.8108822107315063,-0.0725831687450409,0.557392954826355,0.7953895330429077,-0.07967282086610794,help
0.5671491026878357,0.6538116335868835,3.801352477239561e-08,0.5519469380378723,0.5609504580497742,0.003683108137920499,0.49982762336730957,0.4977607727050781,0.007918983697891235,0.4471827745437622,0.4921969175338745,0.012049988843500614,0.41725435853004456,0.5181214213371277,0.014838938601315022,0.4199477732181549,0.5136275291442871,0.0004650723421946168,0.34368085861206055,0.5314453840255737,0.00032905765692703426,0.30859529972076416,0.5515239834785461,-0.00017965213919524103,0.291046142578125,0.568386435508728,-0.0002671059628482908,0.4091361463069916,0.5741528868675232,-0.004108603112399578,0.33261796832084656,0.5914404988288879,0.000927986518945545,0.30388355255126953,0.6029347777366638,0.003992320969700813,0.2909916341304779,0.6102184653282166,0.00474441098049283,0.4094972610473633,0.6361303329467773,-0.008349763229489326,0.33697253465652466,0.6466324925422668,-0.0066930316388607025,0.31502074003219604,0.6496953964233398,-0.0025737222749739885,0.3066912591457367,0.6496211886405945,-0.0010539572685956955,0.41744494438171387,0.697295069694519,-0.012226177379488945,0.36501455307006836,0.7025222778320312,-0.012243760749697685,0.35522788763046265,0.7013289928436279,-0.005781103391200304,0.3550471067428589,0.6967074275016785,-0.0004827561497222632,help
0.29474788904190063,0.8953301310539246,6.484252708105487e-07,0.26326704025268555,0.8121837973594666,-0.05713877081871033,0.275204062461853,0.7477733492851257,-0.08847784996032715,0.31521955132484436,0.7222581505775452,-0.1086517795920372,0.34786635637283325,0.717772901058197,-0.1263749897480011,0.3751700222492218,0.7891367673873901,-0.07380792498588562,0.4371491074562073,0.7619737982749939,-0.10589154809713364,0.48365694284439087,0.7474028468132019,-0.12851783633232117,0.5237407088279724,0.7379171848297119,-0.14185431599617004,0.40386587381362915,0.8254745602607727,-0.0583588108420372,0.4756355881690979,0.7902644872665405,-0.08696817606687546,0.5306538343429565,0.7633140683174133,-0.10530612617731094,0.5789206027984619,0.7456206679344177,-0.11760614067316055,0.418326199054718,0.8456966280937195,-0.046429336071014404,0.4843982756137848,0.8139625191688538,-0.07308915257453918,0.5332374572753906,0.7898321151733398,-0.08937948197126389,0.5753305554389954,0.7741973996162415,-0.09787756204605103,0.42229220271110535,0.8534767031669617,-0.038362596184015274,0.4784729480743408,0.8293241262435913,-0.05966731160879135,0.5173465013504028,0.8120250701904297,-0.07087625563144684,0.5516489744186401,0.7975534796714783,-0.07690580189228058,help
0.5704602003097534,0.6473463177680969,5.676621839256768e-08,0.5487221479415894,0.5555733442306519,0.0029358011670410633,0.49777841567993164,0.4958067238330841,0.004790024366229773,0.44261881709098816,0.4918622374534607,0.0061707282438874245,0.40738239884376526,0.5134889483451843,0.006133721675723791,0.42675918340682983,0.5105020403862,-0.0025545821990817785,0.35297712683677673,0.5269317626953125,-0.0063882023096084595,0.31738540530204773,0.5442954897880554,-0.009119441732764244,0.2980457544326782,0.5591162443161011,-0.010182341560721397,0.4164629876613617,0.5704895853996277,-0.008337468840181828,0.33845609426498413,0.5852741599082947,-0.0066475351341068745,0.30521148443222046,0.5954029560089111,-0.0053844088688492775,0.2875686287879944,0.6021362543106079,-0.005183129571378231,0.4164606034755707,0.6318221688270569,-0.013796151615679264,0.3442314863204956,0.643514096736908,-0.013919103890657425,0.317111611366272,0.6460051536560059,-0.010485025122761726,0.30293822288513184,0.6444050073623657,-0.009185903705656528,0.4250282347202301,0.6932821273803711,-0.018916139379143715,0.3713094890117645,0.7006934881210327,-0.020185060799121857,0.3569127321243286,0.7000188231468201,-0.01387594174593687,0.35096418857574463,0.6954982280731201,-0.00828096829354763,help
0.3008960485458374,0.8898287415504456,6.03757200678956e-07,0.26738637685775757,0.8106814026832581,-0.057078033685684204,0.2781441807746887,0.7505863308906555,-0.08670327812433243,0.31775861978530884,0.7271419763565063,-0.10512156784534454,0.3506135046482086,0.7160601615905762,-0.12084118276834488,0.3753803074359894,0.791397213935852,-0.07262687385082245,0.43534529209136963,0.7650419473648071,-0.10318861901760101,0.48152241110801697,0.7498976588249207,-0.12445107102394104,0.5215644836425781,0.7404137849807739,-0.1369946300983429,0.4072057008743286,0.8264574408531189,-0.05676955729722977,0.4768860638141632,0.7933145761489868,-0.08374753594398499,0.5306180715560913,0.7666284441947937,-0.10085699707269669,0.5782408714294434,0.7487198114395142,-0.11249358206987381,0.4239540100097656,0.8439792394638062,-0.044490475207567215,0.48762476444244385,0.8121992349624634,-0.07028624415397644,0.5366032123565674,0.7863359451293945,-0.08645886182785034,0.5794602632522583,0.7687239646911621,-0.09506704658269882,0.42916059494018555,0.8477323055267334,-0.036099497228860855,0.48333293199539185,0.8230487108230591,-0.05755181983113289,0.5219041705131531,0.8039680123329163,-0.0692155510187149,0.5561407804489136,0.7881327867507935,-0.07559183239936829,help
0.5761261582374573,0.6464517712593079,7.167313409439657e-09,0.5522182583808899,0.5510092973709106,0.004157339222729206,0.4978199601173401,0.48973357677459717,0.005523286294192076,0.4457058012485504,0.491767942905426,0.005734346341341734,0.41463908553123474,0.5208767056465149,0.0042480784468352795,0.4285215437412262,0.5122862458229065,-0.006774246692657471,0.34784823656082153,0.5344447493553162,-0.011956842616200447,0.31094619631767273,0.5533254146575928,-0.01540927030146122,0.2910962402820587,0.5679516792297363,-0.01733783259987831,0.4185984432697296,0.5745006799697876,-0.01323164813220501,0.33590179681777954,0.5962839126586914,-0.01253633201122284,0.32705605030059814,0.6008546352386475,-0.009598431177437305,0.33506447076797485,0.6000086069107056,-0.00899206567555666,0.4196244180202484,0.6364410519599915,-0.018600476905703545,0.3409692049026489,0.6515794992446899,-0.019994832575321198,0.3485828936100006,0.649269700050354,-0.010579068213701248,0.369899183511734,0.6434153318405151,-0.00488675432279706,0.42764610052108765,0.6966632008552551,-0.02363681048154831,0.3646215796470642,0.7010813355445862,-0.025261780247092247,0.36890777945518494,0.6944169998168945,-0.014733540825545788,0.38623321056365967,0.6880892515182495,-0.006186996586620808,help
0.30146920680999756,0.8971301317214966,6.271845336414117e-07,0.26783767342567444,0.8160231709480286,-0.06043803319334984,0.2779318392276764,0.7525728940963745,-0.09317269921302795,0.3173889219760895,0.7258532047271729,-0.1136484444141388,0.35316190123558044,0.7172306180000305,-0.13131481409072876,0.37460488080978394,0.793082594871521,-0.08037465810775757,0.43753260374069214,0.7673057913780212,-0.11305144429206848,0.48425203561782837,0.7515639662742615,-0.13517409563064575,0.524397075176239,0.7410431504249573,-0.14799553155899048,0.4058995246887207,0.8305617570877075,-0.062418170273303986,0.47891125082969666,0.794662356376648,-0.08996748924255371,0.5332679152488708,0.7668201923370361,-0.10605825483798981,0.5806093215942383,0.7488529086112976,-0.11697599291801453,0.4225353002548218,0.850597083568573,-0.047948289662599564,0.48863595724105835,0.8167334794998169,-0.07344989478588104,0.5368357300758362,0.7905915975570679,-0.08786856383085251,0.5781845450401306,0.7736019492149353,-0.09531048685312271,0.4284260869026184,0.8561902046203613,-0.03759537264704704,0.48350846767425537,0.8283406496047974,-0.058322034776210785,0.5213303565979004,0.8085751533508301,-0.06882907450199127,0.5546639561653137,0.7923412322998047,-0.07436715066432953,help
0.5746046304702759,0.6584482192993164,-2.4789734709429467e-08,0.5576368570327759,0.5646916627883911,0.004542011301964521,0.5056003928184509,0.501979410648346,0.006201339885592461,0.4562482535839081,0.49888333678245544,0.00705431355163455,0.42852407693862915,0.5250335931777954,0.006192312575876713,0.43140795826911926,0.517372727394104,-0.008984576910734177,0.35103514790534973,0.5355789065361023,-0.014214632101356983,0.31364595890045166,0.553471565246582,-0.017748182639479637,0.29282495379447937,0.5696951746940613,-0.020181195810437202,0.4191387891769409,0.5782831907272339,-0.015332665294408798,0.33920663595199585,0.5932285785675049,-0.016974322497844696,0.3415922522544861,0.5942869782447815,-0.01490867044776678,0.3608044981956482,0.5941969752311707,-0.01457987166941166,0.4182377755641937,0.6418555974960327,-0.02016104757785797,0.34297066926956177,0.6503726840019226,-0.02244783379137516,0.3566443920135498,0.6472277641296387,-0.013609764166176319,0.3829325735569,0.6446726322174072,-0.008513222448527813,0.4239446222782135,0.7046687602996826,-0.024493098258972168,0.36467355489730835,0.7067748308181763,-0.025974944233894348,0.37370359897613525,0.6997405886650085,-0.01630522683262825,0.3938952088356018,0.6955100893974304,-0.008926955051720142,help
0.29845982789993286,0.906149685382843,5.613186431219219e-07,0.267267107963562,0.8257100582122803,-0.056032516062259674,0.27692684531211853,0.7628478407859802,-0.08638840168714523,0.3151788115501404,0.736157238483429,-0.10584089159965515,0.34908396005630493,0.727279543876648,-0.12269021570682526,0.374543160200119,0.8034193515777588,-0.0727362185716629,0.43636852502822876,0.7743052840232849,-0.10448292642831802,0.4824572801589966,0.7582153081893921,-0.1268172711133957,0.5229514837265015,0.7482072114944458,-0.14009526371955872,0.40562546253204346,0.8397936820983887,-0.05789908021688461,0.476622611284256,0.8033321499824524,-0.08580783009529114,0.5304888486862183,0.7754977345466614,-0.10355495661497116,0.5787709951400757,0.7572541832923889,-0.11556055396795273,0.4218790531158447,0.858940839767456,-0.04657955840229988,0.4870747923851013,0.8247647285461426,-0.0728919729590416,0.5370848178863525,0.7976536154747009,-0.08920272439718246,0.5806323885917664,0.7799077033996582,-0.09795796126127243,0.42686182260513306,0.8639932870864868,-0.03912416845560074,0.4820916950702667,0.8389562964439392,-0.061201706528663635,0.5222271084785461,0.8184763789176941,-0.07317031919956207,0.5580911636352539,0.8018212914466858,-0.07964376360177994,help
0.5742186903953552,0.6544442176818848,-3.1237028963460034e-08,0.5523805618286133,0.5596877932548523,0.003511803923174739,0.4979981780052185,0.4985947012901306,0.006059784442186356,0.4429452121257782,0.4992017149925232,0.007886389270424843,0.4134637415409088,0.5309001207351685,0.008285753428936005,0.42575201392173767,0.5243346691131592,-0.0033498560078442097,0.34565871953964233,0.5441098809242249,-0.0069600860588252544,0.3067898154258728,0.5626598000526428,-0.010037140920758247,0.2848167419433594,0.5770277976989746,-0.012181741185486317,0.413421094417572,0.5858117341995239,-0.007970433682203293,0.3341858983039856,0.6069936752319336,-0.00839332863688469,0.34279298782348633,0.611581563949585,-0.006454607471823692,0.36810919642448425,0.6111336350440979,-0.005651706364005804,0.41232550144195557,0.6469100117683411,-0.011337087489664555,0.34371647238731384,0.6587615013122559,-0.0125147495418787,0.35878750681877136,0.6574127674102783,-0.004445102531462908,0.38639143109321594,0.654895007610321,0.0003665199037641287,0.4178828001022339,0.7051315307617188,-0.014386773109436035,0.3631715178489685,0.7044422030448914,-0.014131281524896622,0.3726102113723755,0.6998923420906067,-0.004416899289935827,0.39270544052124023,0.6972233653068542,0.0030994487460702658,help
0.2970740795135498,0.9045461416244507,5.816534098812554e-07,0.2645058333873749,0.8249102234840393,-0.05346094071865082,0.27428382635116577,0.7625944018363953,-0.08238314092159271,0.31280195713043213,0.7364894151687622,-0.10055537521839142,0.3462007939815521,0.7235150933265686,-0.11625712364912033,0.3688373267650604,0.8015652298927307,-0.07254792749881744,0.4316015839576721,0.7727301120758057,-0.1031361073255539,0.47800034284591675,0.7564194202423096,-0.12375476211309433,0.5181067585945129,0.7458909749984741,-0.13585643470287323,0.3999902009963989,0.8376875519752502,-0.05833134055137634,0.47084689140319824,0.8034737706184387,-0.08577688038349152,0.5240377187728882,0.7773727178573608,-0.10267609357833862,0.5718326568603516,0.7601214647293091,-0.11393792182207108,0.4168693423271179,0.8561286330223083,-0.047206949442625046,0.48091888427734375,0.8217218518257141,-0.07334605604410172,0.5309221148490906,0.7945356965065002,-0.0898457020521164,0.5751001238822937,0.7763127088546753,-0.09863249212503433,0.42309772968292236,0.8602145314216614,-0.039518728852272034,0.47673192620277405,0.8334945440292358,-0.06160522997379303,0.5152130126953125,0.811894416809082,-0.07395125925540924,0.55010986328125,0.7940034866333008,-0.08062735944986343,help
0.5695761442184448,0.6435602903366089,6.684619080488119e-08,0.5477908253669739,0.5492126941680908,0.0049229757860302925,0.49440789222717285,0.48861974477767944,0.007337753660976887,0.4407925009727478,0.4874362349510193,0.00903196819126606,0.4114459753036499,0.5176795721054077,0.008975619450211525,0.4276306629180908,0.5060908198356628,-0.007015093695372343,0.3447619378566742,0.5269955396652222,-0.011753980070352554,0.3052968382835388,0.5470724105834961,-0.015152891166508198,0.2830222547054291,0.5642260313034058,-0.016514325514435768,0.41669636964797974,0.5665990114212036,-0.012956327758729458,0.33009183406829834,0.5853389501571655,-0.012627951800823212,0.30068540573120117,0.5937550067901611,-0.011680240742862225,0.2916094660758972,0.6006487607955933,-0.011788036674261093,0.41530555486679077,0.6288644075393677,-0.017378870397806168,0.3405013084411621,0.6403828859329224,-0.017411109060049057,0.33713242411613464,0.6362223029136658,-0.010684501379728317,0.3498581349849701,0.6324228644371033,-0.006520483177155256,0.42081815004348755,0.6905950307846069,-0.02141433022916317,0.3667331337928772,0.6932144165039062,-0.020883919671177864,0.3701751232147217,0.6857590079307556,-0.01101455558091402,0.3849198520183563,0.6790338158607483,-0.002682741731405258,help
0.2945997714996338,0.9016139507293701,6.351502293000522e-07,0.2628095746040344,0.8202286958694458,-0.0551551915705204,0.27338409423828125,0.7559257745742798,-0.08588164299726486,0.31151092052459717,0.7266368269920349,-0.10537253320217133,0.3452070355415344,0.7175583839416504,-0.12262551486492157,0.3672293424606323,0.7931468486785889,-0.07527963072061539,0.42997780442237854,0.76799476146698,-0.10708160698413849,0.47719883918762207,0.7543603181838989,-0.1289111226797104,0.5177093148231506,0.7460466027259827,-0.14157232642173767,0.3969436287879944,0.8314990997314453,-0.060308750718832016,0.4696432054042816,0.7979622483253479,-0.08789250999689102,0.5236020088195801,0.7709594964981079,-0.10499081015586853,0.5711745619773865,0.7519229054450989,-0.1164313554763794,0.4130823612213135,0.8525556325912476,-0.04834641516208649,0.47892311215400696,0.819291353225708,-0.07368587702512741,0.5283786654472351,0.7927194237709045,-0.08859824389219284,0.5712240934371948,0.7747145891189575,-0.09644322842359543,0.418962687253952,0.8593712449073792,-0.039999376982450485,0.47364965081214905,0.832389771938324,-0.060505177825689316,0.5125051736831665,0.8129670023918152,-0.07078049331903458,0.5475867390632629,0.7968819737434387,-0.0760987251996994,help
0.5736625790596008,0.6462715268135071,-3.914793467174604e-08,0.5501787066459656,0.5514926910400391,0.00697873393073678,0.49504974484443665,0.48915624618530273,0.010401122272014618,0.4400171935558319,0.48921892046928406,0.012558282352983952,0.4078963100910187,0.5174527168273926,0.012696795165538788,0.42684468626976013,0.5035755038261414,-0.0023885408882051706,0.34639260172843933,0.5282910466194153,-0.005448930896818638,0.30725550651550293,0.5508366823196411,-0.008060222491621971,0.28464752435684204,0.5692879557609558,-0.009974882006645203,0.41477352380752563,0.5646232962608337,-0.009827351197600365,0.33197689056396484,0.5880901217460632,-0.008320394903421402,0.3191533088684082,0.5975044965744019,-0.0055282083339989185,0.32217395305633545,0.6022102236747742,-0.0052125109359622,0.41372406482696533,0.6283264756202698,-0.0159616582095623,0.33481061458587646,0.6435734629631042,-0.01785397343337536,0.34370243549346924,0.6427627205848694,-0.009117948822677135,0.36445605754852295,0.6391814947128296,-0.0038361838087439537,0.4198004901409149,0.6916731595993042,-0.02141326107084751,0.3592839241027832,0.6964485049247742,-0.02415490336716175,0.36997202038764954,0.6922105550765991,-0.013996523804962635,0.39115363359451294,0.6884865760803223,-0.005539155099540949,help
0.2916939854621887,0.9123339056968689,6.333997930596524e-07,0.2609642446041107,0.8281524777412415,-0.05536980554461479,0.2731657326221466,0.7645457983016968,-0.08542312681674957,0.3114321529865265,0.7394020557403564,-0.10405513644218445,0.34464359283447266,0.7295602560043335,-0.12007762491703033,0.3676513433456421,0.8033791184425354,-0.07577171921730042,0.4332024157047272,0.7741183042526245,-0.10666461288928986,0.4805018901824951,0.7605463266372681,-0.12713342905044556,0.5205541849136353,0.7527958750724792,-0.1384044736623764,0.3974769115447998,0.8417472243309021,-0.059819094836711884,0.4729948043823242,0.8035174012184143,-0.0858234167098999,0.5270079374313354,0.777385413646698,-0.10083707422018051,0.5739166140556335,0.7609710693359375,-0.11038129776716232,0.41330093145370483,0.861801266670227,-0.04678403213620186,0.4803518056869507,0.8229538202285767,-0.0699005201458931,0.5291292667388916,0.7961604595184326,-0.08283844590187073,0.5705997943878174,0.7799575328826904,-0.08922947198152542,0.4184572696685791,0.8665401339530945,-0.03749764338135719,0.4732856750488281,0.8335422277450562,-0.055909525603055954,0.5111705660820007,0.8125259876251221,-0.06441213190555573,0.5445976853370667,0.7965742349624634,-0.06822574883699417,help
0.5714224576950073,0.6528933644294739,-8.872370926837903e-08,0.5488634705543518,0.5574922561645508,0.006067641079425812,0.4948484003543854,0.4969431161880493,0.008483423851430416,0.44232091307640076,0.4991409480571747,0.009441204369068146,0.41216397285461426,0.5278913378715515,0.008278980851173401,0.42433688044548035,0.5146995186805725,-0.005499415099620819,0.34367209672927856,0.5356807708740234,-0.010833818465471268,0.3048601746559143,0.5558065176010132,-0.014591529034078121,0.28108376264572144,0.5718251466751099,-0.017579995095729828,0.4129412770271301,0.575668215751648,-0.012921526096761227,0.3366767466068268,0.5949143171310425,-0.016101785004138947,0.3511996269226074,0.6012747883796692,-0.014085800386965275,0.37871623039245605,0.6018116474151611,-0.01314545888453722,0.4132232069969177,0.6389919519424438,-0.018874092027544975,0.3405592739582062,0.6512974500656128,-0.022850392386317253,0.35952234268188477,0.653582751750946,-0.013273469172418118,0.3882407546043396,0.6517444252967834,-0.007202016189694405,0.4204217493534088,0.7016887068748474,-0.02415718324482441,0.36250221729278564,0.7061416506767273,-0.026712575927376747,0.3751288950443268,0.7029756307601929,-0.016572196036577225,0.3970454931259155,0.7001115083694458,-0.008491402491927147,help
0.29435062408447266,0.9092115163803101,5.924975994275883e-07,0.26262152194976807,0.8296293020248413,-0.05354182422161102,0.27250662446022034,0.7689729332923889,-0.08247511833906174,0.3102792501449585,0.7430118322372437,-0.10098933428525925,0.34312066435813904,0.7303193807601929,-0.11706811934709549,0.37033241987228394,0.8044461011886597,-0.06878507137298584,0.43080922961235046,0.7760506868362427,-0.09860440343618393,0.475666344165802,0.7617558836936951,-0.11936930567026138,0.5149745941162109,0.7544106245040894,-0.13160830736160278,0.4015521705150604,0.8401250839233398,-0.054454803466796875,0.47074973583221436,0.8028145432472229,-0.08036226779222488,0.5234838724136353,0.777259349822998,-0.096718929708004,0.5700086355209351,0.7621936202049255,-0.10793820023536682,0.41796812415122986,0.8601192831993103,-0.043611180037260056,0.4815932512283325,0.8242475986480713,-0.06772596389055252,0.5298302173614502,0.7989723086357117,-0.08273099362850189,0.571567714214325,0.7840954065322876,-0.09095841646194458,0.4234762489795685,0.8673911094665527,-0.036512166261672974,0.4768679738044739,0.8401375412940979,-0.05666869506239891,0.514656662940979,0.8200002312660217,-0.06762541085481644,0.5481877326965332,0.8038718104362488,-0.07363138347864151,help
0.5743590593338013,0.6500726342201233,-1.0184592724726826e-07,0.5523921251296997,0.5564329028129578,0.0040871636010706425,0.4957336485385895,0.49199172854423523,0.005352166946977377,0.44130849838256836,0.4899093508720398,0.00572222238406539,0.41401195526123047,0.5260597467422485,0.004059300757944584,0.42622339725494385,0.5116592049598694,-0.008163496851921082,0.34587159752845764,0.5288679003715515,-0.015747517347335815,0.3057253956794739,0.5479015707969666,-0.021285513415932655,0.28177493810653687,0.5655598044395447,-0.02522440068423748,0.4142020344734192,0.5719968676567078,-0.014956500381231308,0.3352147042751312,0.5920405983924866,-0.02104618027806282,0.35028210282325745,0.5963682532310486,-0.02043304033577442,0.37969034910202026,0.5968418717384338,-0.019714435562491417,0.4129495322704315,0.635258674621582,-0.020329710096120834,0.33774685859680176,0.6482440233230591,-0.026453878730535507,0.35749202966690063,0.6491538286209106,-0.017642445862293243,0.3878597021102905,0.6479145288467407,-0.011444469913840294,0.41886693239212036,0.6980883479118347,-0.025114398449659348,0.3580400347709656,0.7039747834205627,-0.029279418289661407,0.3713139295578003,0.6998353004455566,-0.01962314173579216,0.39470797777175903,0.6967744827270508,-0.011507931165397167,help
0.2977328300476074,0.9095137715339661,5.973016072857718e-07,0.2656709849834442,0.8271459341049194,-0.05754321441054344,0.27324649691581726,0.7620171308517456,-0.09010589122772217,0.31069785356521606,0.7345781326293945,-0.11126399785280228,0.3466762602329254,0.7233293056488037,-0.1296558976173401,0.367382287979126,0.799802839756012,-0.07981420308351517,0.4304557740688324,0.7727084159851074,-0.11398623883724213,0.47769415378570557,0.75634765625,-0.13712027668952942,0.5194219350814819,0.7450448274612427,-0.15064464509487152,0.3990743160247803,0.8368719816207886,-0.06462933868169785,0.4720969796180725,0.7993003129959106,-0.09404080361127853,0.5269635319709778,0.7711791396141052,-0.11125928908586502,0.5761885046958923,0.7524722814559937,-0.1229698657989502,0.4163782298564911,0.8554853200912476,-0.05271092429757118,0.483127236366272,0.8201877474784851,-0.07964152842760086,0.5332064628601074,0.7930329442024231,-0.09463372826576233,0.5760403871536255,0.7746196985244751,-0.10254000127315521,0.4227713346481323,0.8591009378433228,-0.044673290103673935,0.4788985252380371,0.8320632576942444,-0.06680252403020859,0.518419623374939,0.8117542862892151,-0.07777227461338043,0.5533463358879089,0.7952089309692383,-0.08350066840648651,help
0.5773345828056335,0.653714120388031,-1.399715472416574e-07,0.5544320344924927,0.5613996982574463,0.0074249072931706905,0.5035977959632874,0.4984363615512848,0.008944915607571602,0.45404645800590515,0.49044305086135864,0.008660961873829365,0.4241788685321808,0.512647807598114,0.006094741635024548,0.43078354001045227,0.5114654302597046,-0.0066977073438465595,0.3482455015182495,0.5327458381652832,-0.0136609161272645,0.3101052939891815,0.5541185140609741,-0.018855469301342964,0.28656986355781555,0.5736979246139526,-0.02274281345307827,0.42113858461380005,0.5704686641693115,-0.0157857034355402,0.3398866355419159,0.592349112033844,-0.02154070883989334,0.35592079162597656,0.5975080132484436,-0.021166695281863213,0.38538387417793274,0.5986621975898743,-0.02107365056872368,0.4217316508293152,0.6339248418807983,-0.023266587406396866,0.34142398834228516,0.6504773497581482,-0.02939329668879509,0.3615621030330658,0.6528856754302979,-0.020975323393940926,0.39189600944519043,0.6521558165550232,-0.01537380926311016,0.42835015058517456,0.6975874304771423,-0.029845748096704483,0.36328577995300293,0.7065037488937378,-0.035609349608421326,0.37708112597465515,0.7027565836906433,-0.027196530252695084,0.4012291133403778,0.6995027661323547,-0.019948888570070267,help
0.30000826716423035,0.9051003456115723,6.066156856832094e-07,0.2697722315788269,0.8217638731002808,-0.05691317468881607,0.2810554504394531,0.7585212588310242,-0.08766482770442963,0.3197171688079834,0.7320849895477295,-0.10706108063459396,0.3532983660697937,0.7254292964935303,-0.1237896978855133,0.37822631001472473,0.7987934947013855,-0.07474140077829361,0.44104403257369995,0.7691662907600403,-0.10552521049976349,0.4874158799648285,0.7534604668617249,-0.12650759518146515,0.5270773768424988,0.74354487657547,-0.13868223130702972,0.4076406955718994,0.8378059267997742,-0.05866493284702301,0.4789276719093323,0.7978686690330505,-0.08556679636240005,0.5331711769104004,0.7706679701805115,-0.10202240943908691,0.5806771516799927,0.7536894679069519,-0.11296310275793076,0.42313307523727417,0.8587582111358643,-0.04589976370334625,0.48778340220451355,0.8212630748748779,-0.07079654932022095,0.5365526676177979,0.7960839867591858,-0.08555793762207031,0.578400731086731,0.7810144424438477,-0.09315333515405655,0.4284350275993347,0.8645462989807129,-0.03698867931962013,0.483234167098999,0.8363152742385864,-0.05713806301355362,0.5211050510406494,0.8190000653266907,-0.06734364479780197,0.5544103384017944,0.8061492443084717,-0.07249786704778671,help
0.5762943029403687,0.6565290093421936,-5.7013160414953745e-08,0.5540844202041626,0.5626276135444641,0.004061090759932995,0.49928438663482666,0.5016568899154663,0.004822679329663515,0.4417288601398468,0.5051403641700745,0.004789859987795353,0.4047968089580536,0.5308571457862854,0.0030169326346367598,0.4332689046859741,0.5150822997093201,-0.009491406381130219,0.35385555028915405,0.535279393196106,-0.01587178371846676,0.31346040964126587,0.5562707781791687,-0.019619982689619064,0.2895001173019409,0.5740512609481812,-0.021990632638335228,0.42163342237472534,0.576491117477417,-0.015643902122974396,0.34471800923347473,0.5976985692977905,-0.016539596021175385,0.3490837812423706,0.6073471307754517,-0.012405965477228165,0.36771780252456665,0.6096662282943726,-0.01081053912639618,0.42118462920188904,0.6398202776908875,-0.020576130598783493,0.3484320342540741,0.65357905626297,-0.0230381041765213,0.361942321062088,0.6575096845626831,-0.011616275645792484,0.3866247236728668,0.6552361845970154,-0.004810856189578772,0.4275690019130707,0.702792227268219,-0.025079280138015747,0.36980631947517395,0.7061907052993774,-0.02612936682999134,0.37882494926452637,0.703423261642456,-0.014644760638475418,0.39783531427383423,0.699979841709137,-0.00581379234790802,help
0.30073487758636475,0.9082047343254089,6.164887622617243e-07,0.27000880241394043,0.8261227607727051,-0.053623296320438385,0.28112608194351196,0.7633611559867859,-0.08336932212114334,0.31981444358825684,0.7390718460083008,-0.10208521783351898,0.35245588421821594,0.731031596660614,-0.11855149269104004,0.3734307587146759,0.8076467514038086,-0.07665187865495682,0.4389149844646454,0.7767585515975952,-0.10783957690000534,0.48578888177871704,0.761142373085022,-0.12793323397636414,0.5264864563941956,0.7517519593238831,-0.13934539258480072,0.4042028486728668,0.8467230200767517,-0.06260824203491211,0.47878098487854004,0.8090000748634338,-0.09140488505363464,0.5335054397583008,0.7826647758483887,-0.10854499787092209,0.5828086733818054,0.7647905349731445,-0.1195787563920021,0.420423686504364,0.8656174540519714,-0.051219552755355835,0.48778122663497925,0.8262308835983276,-0.07839909195899963,0.5391038656234741,0.799332857131958,-0.0951458066701889,0.5841805934906006,0.781798243522644,-0.1036529541015625,0.42617833614349365,0.8681716322898865,-0.043012313544750214,0.48210766911506653,0.8364481925964355,-0.06551647186279297,0.5217286348342896,0.8145531415939331,-0.07746004313230515,0.5573499202728271,0.7969251871109009,-0.08359336107969284,help
0.5776925086975098,0.6502646207809448,-3.9354780767553166e-08,0.5536162257194519,0.5576926469802856,0.003053208813071251,0.49786049127578735,0.4968107342720032,0.003547484753653407,0.44424548745155334,0.5003061294555664,0.003227298380807042,0.414023220539093,0.5312398076057434,0.0011609380599111319,0.4297739863395691,0.5192905068397522,-0.007488990668207407,0.350823312997818,0.5400688648223877,-0.013497261330485344,0.3128926455974579,0.5567176342010498,-0.017903128638863564,0.29144689440727234,0.5710394382476807,-0.02091827243566513,0.42007309198379517,0.581710159778595,-0.013422342017292976,0.3400117754936218,0.6024900674819946,-0.01725398749113083,0.34668174386024475,0.6049023270606995,-0.01669987477362156,0.36963191628456116,0.6056375503540039,-0.016513358801603317,0.42048826813697815,0.6441818475723267,-0.0180213563144207,0.34483978152275085,0.658400297164917,-0.021685386076569557,0.3579780161380768,0.6548640727996826,-0.013496537692844868,0.3840768039226532,0.6515465974807739,-0.008195575326681137,0.42751577496528625,0.7043302655220032,-0.0221394095569849,0.3650232255458832,0.7083860039710999,-0.024166567251086235,0.37229907512664795,0.701108992099762,-0.014303933829069138,0.3918197751045227,0.6962940096855164,-0.006287670228630304,help
0.2981381416320801,0.9082518219947815,6.338607931866136e-07,0.2670397460460663,0.8268470168113708,-0.05814092606306076,0.275168776512146,0.7628606557846069,-0.0916730985045433,0.3128699064254761,0.7343534827232361,-0.11367467790842056,0.34703466296195984,0.724941074848175,-0.1335311383008957,0.3689400553703308,0.800999104976654,-0.08201007544994354,0.43114978075027466,0.7718809247016907,-0.11640539020299911,0.4779958128929138,0.7548908591270447,-0.13952504098415375,0.519101083278656,0.7444459199905396,-0.1532168835401535,0.3999945819377899,0.8379227519035339,-0.06662562489509583,0.4725002944469452,0.8016757965087891,-0.09796947240829468,0.527824878692627,0.7739790678024292,-0.11672207713127136,0.5762140154838562,0.7559161186218262,-0.12926359474658966,0.4164894223213196,0.8586218357086182,-0.05433518812060356,0.4829169809818268,0.8236435055732727,-0.08316303789615631,0.5334163308143616,0.7961838245391846,-0.09995909035205841,0.5764411687850952,0.7778276801109314,-0.10900372266769409,0.42283153533935547,0.8661081194877625,-0.04571123793721199,0.47768694162368774,0.8403348326683044,-0.06923379004001617,0.5172431468963623,0.8206841349601746,-0.08169761300086975,0.5524379014968872,0.8036680221557617,-0.08867742121219635,help
0.5800789594650269,0.6579710245132446,-1.1612022632334629e-07,0.5567322969436646,0.5659730434417725,0.005773281212896109,0.501766562461853,0.503291666507721,0.007414377760142088,0.446233868598938,0.5021358728408813,0.007624007295817137,0.4156924784183502,0.5345993041992188,0.005712437443435192,0.4326487183570862,0.5180819630622864,-0.006656260695308447,0.35057806968688965,0.5372127890586853,-0.014221531338989735,0.3096591830253601,0.5571852922439575,-0.01906975544989109,0.28470540046691895,0.5746974945068359,-0.022424835711717606,0.4200378358364105,0.576580822467804,-0.014572038315236568,0.33927857875823975,0.5976235866546631,-0.02057756297290325,0.35390299558639526,0.604037880897522,-0.019425757229328156,0.38288551568984985,0.6043309569358826,-0.018171915784478188,0.41929617524147034,0.6387813091278076,-0.021015102043747902,0.3427042067050934,0.6556411981582642,-0.02711164765059948,0.3615066409111023,0.6583976745605469,-0.01773524470627308,0.3911198377609253,0.6556493639945984,-0.01097362395375967,0.42643335461616516,0.7010207772254944,-0.026750599965453148,0.3639909327030182,0.709786057472229,-0.030940720811486244,0.37498271465301514,0.7057997584342957,-0.02118367701768875,0.3972616493701935,0.700892448425293,-0.01282919105142355,help
0.30336862802505493,0.8960432410240173,5.821649438075838e-07,0.2683730721473694,0.8168754577636719,-0.05366142466664314,0.2766484022140503,0.7560765743255615,-0.08176232129335403,0.31520289182662964,0.7320045828819275,-0.0992269366979599,0.3468359112739563,0.721501350402832,-0.11398446559906006,0.3800983726978302,0.7943577766418457,-0.06656278669834137,0.437282532453537,0.7690514326095581,-0.09458266198635101,0.48051929473876953,0.7536354660987854,-0.11456729471683502,0.5188950300216675,0.7444323301315308,-0.12685389816761017,0.4148184657096863,0.8291054368019104,-0.051681000739336014,0.4806064963340759,0.7976984977722168,-0.07598989456892014,0.5308516025543213,0.7718594670295715,-0.09191916137933731,0.5760509371757507,0.7556139230728149,-0.10328774154186249,0.4324140250682831,0.84695965051651,-0.040294088423252106,0.49386245012283325,0.8164095282554626,-0.0642983540892601,0.5396583676338196,0.7908776998519897,-0.08001287281513214,0.5805007219314575,0.774354875087738,-0.08889299631118774,0.4366335868835449,0.8526199460029602,-0.032576821744441986,0.4884806275367737,0.8294727802276611,-0.05301130563020706,0.5240713357925415,0.8104477524757385,-0.06457953155040741,0.556105375289917,0.7950685024261475,-0.07116370648145676,help
0.5776476860046387,0.6503204703330994,-9.929742361691751e-08,0.5527768135070801,0.5571010112762451,0.003606750164180994,0.4996509253978729,0.4998113811016083,0.00396732846274972,0.4481227993965149,0.5011861324310303,0.0028244154527783394,0.41760846972465515,0.5287054777145386,-8.694000280229375e-05,0.4281144142150879,0.5127871632575989,-0.005689071491360664,0.349677711725235,0.5354642868041992,-0.014379546046257019,0.30947303771972656,0.5549538731575012,-0.02084740437567234,0.28359168767929077,0.5720367431640625,-0.025331201031804085,0.4172549247741699,0.572826087474823,-0.012929688207805157,0.341342031955719,0.5953283905982971,-0.020861230790615082,0.3583047688007355,0.6034116148948669,-0.02081725187599659,0.3872487246990204,0.6040167808532715,-0.019928790628910065,0.4169295132160187,0.6354187726974487,-0.019197070971131325,0.3452405333518982,0.6518062949180603,-0.026819584891200066,0.3646528720855713,0.6571786403656006,-0.018004506826400757,0.3936367928981781,0.655771791934967,-0.011160659603774548,0.4232751131057739,0.6967898607254028,-0.025101961567997932,0.36472952365875244,0.7024338245391846,-0.029815349727869034,0.3777373135089874,0.7016671895980835,-0.0201716311275959,0.40058767795562744,0.6993210911750793,-0.011607290245592594,help
0.3006018102169037,0.9044899344444275,6.275147370615741e-07,0.26557719707489014,0.8208648562431335,-0.055633794516325,0.2763015627861023,0.7547305226325989,-0.08478082716464996,0.3163706064224243,0.7291404604911804,-0.10263827443122864,0.3509238660335541,0.7164058089256287,-0.11768094450235367,0.37180501222610474,0.7971858382225037,-0.0720713809132576,0.4346018135547638,0.7728970646858215,-0.10236337780952454,0.4818296432495117,0.7584593296051025,-0.12316969782114029,0.5225492119789124,0.7486857771873474,-0.13513027131557465,0.403329074382782,0.8342956900596619,-0.056412938982248306,0.47595274448394775,0.7975896596908569,-0.08176305890083313,0.5293373465538025,0.7699999213218689,-0.09687714278697968,0.5766231417655945,0.7511971592903137,-0.10701555758714676,0.42071449756622314,0.8533053398132324,-0.04415770247578621,0.4866834282875061,0.8171647191047668,-0.06767326593399048,0.5343998074531555,0.7890392541885376,-0.08113124966621399,0.5751234292984009,0.7700666189193726,-0.08785394579172134,0.42773255705833435,0.8586147427558899,-0.0358041375875473,0.483545184135437,0.8272818922996521,-0.055341001600027084,0.5202966928482056,0.8058980703353882,-0.06479882448911667,0.5520732402801514,0.7881290912628174,-0.06928791850805283,help
0.5784024000167847,0.6481554508209229,-1.3483737859587563e-07,0.5556175112724304,0.555663526058197,0.006457023788243532,0.5024455785751343,0.4968984127044678,0.007196657359600067,0.4486179053783417,0.4962237477302551,0.006046572234481573,0.4162026643753052,0.5242412686347961,0.0029369229450821877,0.42964252829551697,0.5092670321464539,-0.004040271043777466,0.34908774495124817,0.5263944864273071,-0.012099801562726498,0.3108878433704376,0.5468944311141968,-0.017977451905608177,0.2884909510612488,0.5665490627288818,-0.021839555352926254,0.41864460706710815,0.5682274699211121,-0.012161126360297203,0.3430825471878052,0.5879631042480469,-0.019942505285143852,0.3623993396759033,0.5944728851318359,-0.02031615376472473,0.39275580644607544,0.5956698060035706,-0.019514134153723717,0.41862645745277405,0.6308073997497559,-0.01899763196706772,0.34447428584098816,0.6453203558921814,-0.02645138092339039,0.3660247027873993,0.6491789817810059,-0.018152188509702682,0.3961215019226074,0.6487687230110168,-0.01163418684154749,0.42601120471954346,0.6925438642501831,-0.024943238124251366,0.36531129479408264,0.7017890214920044,-0.030083127319812775,0.37685340642929077,0.6997236609458923,-0.021291838958859444,0.39741864800453186,0.6967376470565796,-0.013242647983133793,help
0.30669230222702026,0.9080116152763367,5.714821327273967e-07,0.27318131923675537,0.8267410397529602,-0.055501844733953476,0.2817220389842987,0.7642856240272522,-0.08489522337913513,0.3200589716434479,0.7379841208457947,-0.10314226150512695,0.35531362891197205,0.724877655506134,-0.11846437305212021,0.3778543770313263,0.8050765991210938,-0.07189619541168213,0.43977126479148865,0.7742683291435242,-0.10162709653377533,0.4860306978225708,0.7571765780448914,-0.12139793485403061,0.5256284475326538,0.7465478777885437,-0.13270677626132965,0.40912774205207825,0.842886209487915,-0.05646916851401329,0.4803372025489807,0.8051881194114685,-0.08228749781847,0.5332449674606323,0.7769739031791687,-0.09823563694953918,0.5801280736923218,0.7586167454719543,-0.10888158529996872,0.4259245693683624,0.8618594408035278,-0.04437587037682533,0.49034440517425537,0.8269551992416382,-0.06900602579116821,0.538792073726654,0.8001074194908142,-0.0843348577618599,0.5813373923301697,0.7822061777114868,-0.09239809960126877,0.4319068193435669,0.8649897575378418,-0.035975534468889236,0.48525503277778625,0.8384961485862732,-0.05644757300615311,0.5232468247413635,0.8189751505851746,-0.06741788983345032,0.5577487945556641,0.8034055233001709,-0.07314616441726685,help
0.5795760750770569,0.6462881565093994,-1.1338047301023835e-07,0.5568764209747314,0.5563592910766602,0.005537835881114006,0.5058585405349731,0.4979752004146576,0.006760405842214823,0.459112286567688,0.4960803687572479,0.005996644496917725,0.4336414337158203,0.5260963439941406,0.0034567955881357193,0.4329240918159485,0.5136246681213379,-0.002407024148851633,0.3555310368537903,0.5244261026382446,-0.010726949200034142,0.31643208861351013,0.5416627526283264,-0.016908347606658936,0.2938931882381439,0.5583392381668091,-0.02092626877129078,0.4218626320362091,0.5727887749671936,-0.010292692109942436,0.3481147587299347,0.5916063785552979,-0.018069041892886162,0.36609238386154175,0.6011857390403748,-0.018714455887675285,0.39459624886512756,0.6024377346038818,-0.01807568408548832,0.4217967689037323,0.6341143250465393,-0.01716308854520321,0.3496134281158447,0.6469001770019531,-0.02447868138551712,0.3685389757156372,0.6548295617103577,-0.01617617718875408,0.3961105942726135,0.6557149887084961,-0.009532587602734566,0.42993369698524475,0.6935917139053345,-0.02328643575310707,0.36920127272605896,0.6996126174926758,-0.026876159012317657,0.3777199387550354,0.7029779553413391,-0.016799669712781906,0.3965732455253601,0.7041809558868408,-0.008060905151069164,help
0.30410656332969666,0.8975996375083923,6.41060807993199e-07,0.2707187533378601,0.8197341561317444,-0.05658603832125664,0.27877670526504517,0.7558289766311646,-0.08848864585161209,0.3177267909049988,0.7278041839599609,-0.10890351980924606,0.3554917275905609,0.7093926072120667,-0.12664033472537994,0.3724801242351532,0.7965654134750366,-0.08004707098007202,0.4356032609939575,0.7674675583839417,-0.11292991042137146,0.4834797978401184,0.7510963082313538,-0.13453876972198486,0.5255114436149597,0.7407510280609131,-0.14701347053050995,0.40417996048927307,0.832199215888977,-0.0647844597697258,0.47829610109329224,0.7954941391944885,-0.09317173808813095,0.533365786075592,0.7690721750259399,-0.10959070920944214,0.5815627574920654,0.7520125508308411,-0.12078814208507538,0.42168959975242615,0.8512463569641113,-0.05254604294896126,0.4894046187400818,0.8180490136146545,-0.07849070429801941,0.5394318103790283,0.7927892804145813,-0.09297412633895874,0.5822302103042603,0.7761995196342468,-0.10076092183589935,0.4286770820617676,0.8572394251823425,-0.04405013099312782,0.4857385754585266,0.8327805399894714,-0.06579805910587311,0.5252451300621033,0.8157892823219299,-0.07675319910049438,0.5597005486488342,0.8014503717422485,-0.08258668333292007,help
0.5847476720809937,0.664121150970459,-8.63277378471139e-08,0.562978208065033,0.5742270350456238,0.003430812619626522,0.5100308656692505,0.5137316584587097,0.003637912916019559,0.45793595910072327,0.5113853216171265,0.0025286460295319557,0.42787182331085205,0.5424727201461792,-0.0002226046344731003,0.43975529074668884,0.527877688407898,-0.007454675622284412,0.361936092376709,0.5418471693992615,-0.015858838334679604,0.31906017661094666,0.5582096576690674,-0.021197116002440453,0.290655255317688,0.5739364624023438,-0.024908900260925293,0.4260994791984558,0.5851048827171326,-0.014492773450911045,0.3494621515274048,0.6003648042678833,-0.021744556725025177,0.3656556308269501,0.6088374853134155,-0.020357944071292877,0.39416804909706116,0.6121236085891724,-0.01841207593679428,0.42382845282554626,0.6468282341957092,-0.02038497105240822,0.35084760189056396,0.6584901809692383,-0.02697981335222721,0.37039172649383545,0.663515567779541,-0.016735944896936417,0.4002085030078888,0.6639001369476318,-0.008894577622413635,0.42939141392707825,0.7083582282066345,-0.02595711126923561,0.3700305223464966,0.7142850756645203,-0.02932751178741455,0.37714681029319763,0.7108232975006104,-0.019373314455151558,0.3962990641593933,0.7077745199203491,-0.0108224181458354,help
0.3070850968360901,0.9064414501190186,5.841592951583152e-07,0.2730638384819031,0.8243364095687866,-0.05405383184552193,0.2825523614883423,0.7609708309173584,-0.08282743394374847,0.3218706250190735,0.7343609929084778,-0.10092810541391373,0.3556351363658905,0.7237520217895508,-0.11646817624568939,0.3816990852355957,0.800567626953125,-0.06912500411272049,0.4439498782157898,0.771769106388092,-0.09782935678958893,0.4887181520462036,0.7561495900154114,-0.11746719479560852,0.5277461409568787,0.746397852897644,-0.12893711030483246,0.4136197566986084,0.8381103873252869,-0.05414752662181854,0.48376333713531494,0.8021982312202454,-0.07958349585533142,0.5362423062324524,0.7754135131835938,-0.09565053880214691,0.5830202102661133,0.757887065410614,-0.10654702037572861,0.4297492206096649,0.8575729131698608,-0.042547374963760376,0.49372541904449463,0.8214016556739807,-0.06718677282333374,0.5421369075775146,0.7948073148727417,-0.08293601125478745,0.5850046873092651,0.7775087952613831,-0.09136969596147537,0.43471938371658325,0.8619695901870728,-0.03449135646224022,0.4879821538925171,0.8333309888839722,-0.05508822202682495,0.5263088345527649,0.8122345209121704,-0.06655631959438324,0.5610700845718384,0.7950003743171692,-0.0728609636425972,help
0.5829287767410278,0.6601368188858032,-8.85224267221929e-08,0.5570961236953735,0.5691719651222229,0.005569176282733679,0.5062857866287231,0.5123019814491272,0.0057126181200146675,0.4544788897037506,0.5127997398376465,0.0037999055348336697,0.42091235518455505,0.5397462248802185,0.00028901180485263467,0.44008928537368774,0.5227643251419067,-0.004426747560501099,0.36031073331832886,0.5384659767150879,-0.012987022288143635,0.3183213770389557,0.557353675365448,-0.018533561378717422,0.2907157242298126,0.5746853947639465,-0.022198889404535294,0.42612239718437195,0.5796906352043152,-0.01271640881896019,0.35204148292541504,0.5988253355026245,-0.019800862297415733,0.36764833331108093,0.6096726059913635,-0.01864471472799778,0.395154744386673,0.6122059226036072,-0.01702015846967697,0.42377081513404846,0.6423448324203491,-0.01999695785343647,0.3529317378997803,0.6585638523101807,-0.025928186252713203,0.37142232060432434,0.6662502884864807,-0.015427465550601482,0.39985358715057373,0.6656199097633362,-0.007912549190223217,0.42941439151763916,0.7053645253181458,-0.026844773441553116,0.3722490668296814,0.7156416177749634,-0.029708024114370346,0.3806335926055908,0.7158743143081665,-0.01923859305679798,0.39941373467445374,0.713428258895874,-0.010377855040133,help
0.2965294122695923,0.9055507779121399,5.987067197565921e-07,0.26938721537590027,0.8213706612586975,-0.05150049552321434,0.28221195936203003,0.7589500546455383,-0.08066584169864655,0.3216862976551056,0.7355587482452393,-0.0993892028927803,0.3559300899505615,0.7242084741592407,-0.11600890010595322,0.3745195269584656,0.801369309425354,-0.07286006212234497,0.44040870666503906,0.7701491117477417,-0.10285943001508713,0.4862588942050934,0.7531710267066956,-0.1230582743883133,0.5260908603668213,0.741860032081604,-0.1347934454679489,0.4027903974056244,0.8407490849494934,-0.0597178116440773,0.4777713418006897,0.8030475974082947,-0.08632684499025345,0.531618595123291,0.7751141786575317,-0.10287285596132278,0.5785679817199707,0.7570765614509583,-0.11414024978876114,0.41635802388191223,0.8617715239524841,-0.0491713285446167,0.48543623089790344,0.8248260617256165,-0.07344446331262589,0.535185694694519,0.7977309226989746,-0.08775254338979721,0.5772374272346497,0.780662477016449,-0.09542334824800491,0.4200851023197174,0.8674299120903015,-0.0418899804353714,0.4771466851234436,0.8401270508766174,-0.06179419904947281,0.5166338086128235,0.8210260272026062,-0.0714847594499588,0.5511140823364258,0.8058262467384338,-0.0765046700835228,help
0.5828027129173279,0.6400288939476013,-1.088162591145192e-07,0.5552420020103455,0.5521714091300964,0.004849456250667572,0.49966487288475037,0.4948239326477051,0.004704650025814772,0.44568800926208496,0.49635976552963257,0.002932213945314288,0.41254109144210815,0.524965763092041,-0.000681196921505034,0.4351135194301605,0.5108214020729065,-0.006499575451016426,0.3552795946598053,0.526427149772644,-0.015932176262140274,0.31394994258880615,0.5468514561653137,-0.022714681923389435,0.28818070888519287,0.5674671530723572,-0.0271572507917881,0.42531120777130127,0.5687462091445923,-0.01437655370682478,0.34825196862220764,0.5931400060653687,-0.022454993799328804,0.36437106132507324,0.5997676253318787,-0.022574130445718765,0.3935716152191162,0.6003665924072266,-0.022151252254843712,0.42590948939323425,0.6301543712615967,-0.021175246685743332,0.3498987853527069,0.6482822299003601,-0.028592251241207123,0.36772584915161133,0.6519791483879089,-0.01990320533514023,0.3971498906612396,0.6511955857276917,-0.013651099987328053,0.4330757260322571,0.6910849213600159,-0.027408258989453316,0.37292715907096863,0.7017237544059753,-0.03285686671733856,0.3838036358356476,0.6992077827453613,-0.02422419562935829,0.40569213032722473,0.696306586265564,-0.016512632369995117,help
0.2978631258010864,0.9014605283737183,5.971134555693425e-07,0.26806798577308655,0.8180777430534363,-0.05058726295828819,0.28209367394447327,0.7530568242073059,-0.07754725962877274,0.3229191303253174,0.7253402471542358,-0.09410540759563446,0.35610464215278625,0.71270751953125,-0.10812398791313171,0.3778904974460602,0.7937266826629639,-0.06639141589403152,0.44209328293800354,0.7647644281387329,-0.09395130723714828,0.48817741870880127,0.7486697435379028,-0.11236205697059631,0.5270857810974121,0.738742470741272,-0.12244106084108353,0.40666505694389343,0.8339616656303406,-0.052524715662002563,0.4796086251735687,0.7953333258628845,-0.0764969140291214,0.5326309204101562,0.7671113014221191,-0.09119074046611786,0.5788500905036926,0.7480400800704956,-0.10064664483070374,0.4215569794178009,0.855634331703186,-0.04152862727642059,0.48694735765457153,0.8169323801994324,-0.06413481384515762,0.5357321500778198,0.7889416813850403,-0.07776478677988052,0.577765703201294,0.7704281806945801,-0.08453674614429474,0.426410436630249,0.8611817359924316,-0.033878590911626816,0.48051148653030396,0.8292890787124634,-0.052053675055503845,0.5186915993690491,0.8074858784675598,-0.06106467917561531,0.5527894496917725,0.7898765802383423,-0.06532158702611923,help
0.583566427230835,0.6535068154335022,-6.895142945495536e-08,0.55403071641922,0.5610686540603638,0.002864337991923094,0.49427589774131775,0.5068566203117371,0.002829889999702573,0.4347011148929596,0.5156051516532898,0.0017913061892613769,0.39735785126686096,0.5431773066520691,-0.0008498739334754646,0.43854042887687683,0.5234062075614929,-0.007630778010934591,0.3618728220462799,0.5438752174377441,-0.015314988791942596,0.3221931755542755,0.5608810782432556,-0.020389799028635025,0.296388179063797,0.5758298635482788,-0.02402007207274437,0.42800313234329224,0.5853051543235779,-0.014209041371941566,0.35195690393447876,0.6037983298301697,-0.021581295877695084,0.36783891916275024,0.6060287952423096,-0.021263156086206436,0.3947296142578125,0.6054235696792603,-0.020272869616746902,0.4272680878639221,0.647296667098999,-0.01961413025856018,0.35315603017807007,0.6596805453300476,-0.02725965343415737,0.37313491106033325,0.6586725115776062,-0.018326006829738617,0.4021415114402771,0.6560030579566956,-0.011308173649013042,0.4330778121948242,0.7069878578186035,-0.02443508990108967,0.3704937696456909,0.7104278802871704,-0.029577286913990974,0.38147690892219543,0.7051621079444885,-0.02018575742840767,0.4026963710784912,0.701878547668457,-0.011733454652130604,help
0.30410754680633545,0.9006033539772034,5.77203422835737e-07,0.27043473720550537,0.8182862401008606,-0.05395921319723129,0.28066787123680115,0.7555168271064758,-0.08190010488033295,0.32173287868499756,0.7289654612541199,-0.09916150569915771,0.3571842908859253,0.7173100113868713,-0.11361390352249146,0.382917195558548,0.795271635055542,-0.06710947304964066,0.4439235329627991,0.7684481739997864,-0.09563151746988297,0.4884648323059082,0.7529512643814087,-0.11524739861488342,0.5274308919906616,0.7437704801559448,-0.12677381932735443,0.41557884216308594,0.8309248685836792,-0.0520661398768425,0.48376232385635376,0.795990526676178,-0.07689218968153,0.535025417804718,0.7692589163780212,-0.0922517254948616,0.5805630087852478,0.7523190379142761,-0.10282625257968903,0.43248021602630615,0.8496131896972656,-0.040625959634780884,0.495042622089386,0.8157633543014526,-0.06475459039211273,0.5418249368667603,0.789417564868927,-0.07936793565750122,0.5830686092376709,0.7722749710083008,-0.08706638216972351,0.43729767203330994,0.8547455668449402,-0.03297397494316101,0.4913483262062073,0.8278427720069885,-0.05316772684454918,0.5287887454032898,0.8084669709205627,-0.06391819566488266,0.5620306730270386,0.7926021814346313,-0.0695633590221405,help
0.5866489410400391,0.6400176286697388,5.2981281584152384e-08,0.5636786818504333,0.5519396066665649,0.0008089611073955894,0.5070772171020508,0.49456271529197693,0.0012427185429260135,0.44678163528442383,0.4951799809932709,0.002000396838411689,0.4070988893508911,0.5171707272529602,0.0018597112502902746,0.446235328912735,0.49998989701271057,-0.006301513407379389,0.3730982542037964,0.5200518369674683,-0.01178216002881527,0.3403863310813904,0.5409098863601685,-0.014799889177083969,0.3258846700191498,0.5550681352615356,-0.01566174067556858,0.4343549907207489,0.5608527064323425,-0.010802296921610832,0.3541923463344574,0.5796868801116943,-0.01180760096758604,0.31835275888442993,0.5934851169586182,-0.01055746991187334,0.29895490407943726,0.6022534370422363,-0.009711016900837421,0.43234139680862427,0.6225277781486511,-0.015055101364850998,0.3573664724826813,0.6367712616920471,-0.01766652800142765,0.3267372250556946,0.6433062553405762,-0.013884075917303562,0.31002840399742126,0.6453459858894348,-0.011596704833209515,0.4399300515651703,0.6837712526321411,-0.018872935324907303,0.38586944341659546,0.6866500377655029,-0.021584922447800636,0.36929821968078613,0.6869360208511353,-0.01536285225301981,0.359886109828949,0.6849474906921387,-0.009399451315402985,help
0.3042529225349426,0.9024472236633301,6.056679922039621e-07,0.2720036506652832,0.8182358145713806,-0.05589107796549797,0.283263623714447,0.7523829936981201,-0.08553031086921692,0.324550062417984,0.7260634899139404,-0.10393042117357254,0.36018314957618713,0.714972734451294,-0.11945606023073196,0.3804226517677307,0.7923125624656677,-0.07352165877819061,0.4437839984893799,0.7638676166534424,-0.10549744218587875,0.49040257930755615,0.7479512691497803,-0.1273871511220932,0.5302466750144958,0.7366942167282104,-0.13992275297641754,0.41188663244247437,0.8276560306549072,-0.05802346393465996,0.4837827682495117,0.7909178137779236,-0.08632824569940567,0.5380862951278687,0.7636705636978149,-0.10353614389896393,0.5857334136962891,0.7463381290435791,-0.11489195376634598,0.42856544256210327,0.8462444543838501,-0.04586487263441086,0.4937048852443695,0.8125221133232117,-0.0718754455447197,0.5434097051620483,0.7876608967781067,-0.08703435957431793,0.5859779119491577,0.7726864814758301,-0.0947437658905983,0.43432801961898804,0.8519335389137268,-0.037526462227106094,0.4898693561553955,0.8251400589942932,-0.05877748131752014,0.5291345715522766,0.805906355381012,-0.06947534531354904,0.5635485649108887,0.7903362512588501,-0.07483939826488495,help
0.5908166766166687,0.6445469856262207,-1.3619678895793186e-07,0.5737707018852234,0.558018147945404,0.003977830987423658,0.5223541855812073,0.4992370307445526,0.007331398315727711,0.4665956199169159,0.4931067228317261,0.010641589760780334,0.4322308301925659,0.5126365423202515,0.01423806231468916,0.4512753188610077,0.5010702013969421,0.00020695762941613793,0.38409096002578735,0.5145641565322876,-0.0006385353044606745,0.3895486295223236,0.5387892127037048,0.00047090338193811476,0.40703731775283813,0.5466146469116211,0.0019395961426198483,0.436521053314209,0.5586985945701599,-0.005075748078525066,0.36423343420028687,0.5745130777359009,-0.0035057934001088142,0.3520272970199585,0.5906174778938293,-0.0009243534877896309,0.3513624370098114,0.5944455862045288,0.0013207547599449754,0.43434426188468933,0.6197808980941772,-0.010151990689337254,0.3618311882019043,0.6343873143196106,-0.013732348568737507,0.33494845032691956,0.6413359045982361,-0.01409130822867155,0.3177202045917511,0.639163076877594,-0.014532984234392643,0.44320449233055115,0.6808515787124634,-0.013716076500713825,0.3919006586074829,0.6876056790351868,-0.01757935807108879,0.3908707797527313,0.6893848180770874,-0.011845482513308525,0.39578402042388916,0.686161994934082,-0.006253597792237997,help
0.3100419342517853,0.894223690032959,5.847310262652172e-07,0.276045024394989,0.8122417330741882,-0.05311300605535507,0.2878403067588806,0.7467185258865356,-0.08156083524227142,0.32859277725219727,0.7165653109550476,-0.09912014752626419,0.36124899983406067,0.7102177143096924,-0.11412089318037033,0.38374316692352295,0.786492645740509,-0.06909860670566559,0.44358545541763306,0.7603598833084106,-0.09812004864215851,0.48873621225357056,0.7450138926506042,-0.1181897521018982,0.5271318554878235,0.7350791692733765,-0.12997138500213623,0.41507574915885925,0.8239678740501404,-0.05432024598121643,0.48564139008522034,0.7897136807441711,-0.07934099435806274,0.5374135375022888,0.7626800537109375,-0.09443394839763641,0.5828523635864258,0.7442615032196045,-0.10448526591062546,0.4318980276584625,0.8449745178222656,-0.04273151978850365,0.49672645330429077,0.8121586441993713,-0.06648341566324234,0.5443248748779297,0.7853427529335022,-0.08082808554172516,0.5854520201683044,0.7670936584472656,-0.08825220912694931,0.43776243925094604,0.8528208136558533,-0.034705717116594315,0.4926527738571167,0.8263505101203918,-0.054233476519584656,0.5297621488571167,0.8062704801559448,-0.06448936462402344,0.5628117918968201,0.7894976735115051,-0.06987130641937256,help
0.5844326019287109,0.65128493309021,-9.564246994386849e-08,0.5622149705886841,0.5591554045677185,-0.0013257822720333934,0.5040411353111267,0.506698489189148,-0.0004492543521337211,0.44350066781044006,0.5131176710128784,0.0006251134909689426,0.4048897325992584,0.5293795466423035,0.002610762370750308,0.44581806659698486,0.5106647610664368,-0.004995424300432205,0.3786660134792328,0.5242483019828796,-0.01127669494599104,0.38212156295776367,0.5474635362625122,-0.013572399504482746,0.40031898021698,0.5572530031204224,-0.013393142260611057,0.4335969388484955,0.5717366337776184,-0.008377904072403908,0.3639676868915558,0.5875269770622253,-0.008598648943006992,0.35067084431648254,0.6023026704788208,-0.006591369863599539,0.34956347942352295,0.6068428754806519,-0.005445836577564478,0.43275007605552673,0.6323941946029663,-0.012324363924562931,0.36319735646247864,0.64690101146698,-0.015629645437002182,0.34764209389686584,0.6523683071136475,-0.011165806092321873,0.34310775995254517,0.6483133435249329,-0.00818637479096651,0.4414520859718323,0.6907566785812378,-0.015925051644444466,0.38805586099624634,0.6983328461647034,-0.019389985129237175,0.38351768255233765,0.6976266503334045,-0.012213192880153656,0.3879883289337158,0.6917098164558411,-0.005267428699880838,help
0.30123090744018555,0.9048387408256531,5.315141606843099e-07,0.2704714238643646,0.819801390171051,-0.04826311022043228,0.28460559248924255,0.7526442408561707,-0.07267976552248001,0.32457640767097473,0.7234163880348206,-0.0877656638622284,0.35597100853919983,0.7147873640060425,-0.10040483623743057,0.38113176822662354,0.7923118472099304,-0.056945204734802246,0.44208449125289917,0.761928379535675,-0.08357846736907959,0.4867202639579773,0.7457576990127563,-0.10307732224464417,0.5251212120056152,0.7356414794921875,-0.11455748230218887,0.41174280643463135,0.8294568657875061,-0.0446346178650856,0.4812695384025574,0.7918552160263062,-0.0674828290939331,0.5326164364814758,0.7649250626564026,-0.08274755626916885,0.5780923366546631,0.7484091520309448,-0.09296789765357971,0.4278144836425781,0.8500257730484009,-0.03584926202893257,0.4920075535774231,0.8131389617919922,-0.05800863355398178,0.5395326614379883,0.7858749032020569,-0.07199942320585251,0.5802739262580872,0.7687506675720215,-0.07916755974292755,0.4328116774559021,0.8566710352897644,-0.030519001185894012,0.48765695095062256,0.8277432918548584,-0.04868026822805405,0.5262184143066406,0.8068616986274719,-0.058089207857847214,0.5605635643005371,0.7898852229118347,-0.0628778263926506,help
0.5814923048019409,0.6467657089233398,-2.5649832480212353e-08,0.5656478404998779,0.5603484511375427,-0.0017046356806531549,0.5123993158340454,0.5019326210021973,-0.002465334255248308,0.4554608464241028,0.5010460019111633,-0.0023055679630488157,0.4231445789337158,0.5290669202804565,-0.0020566575694829226,0.44844502210617065,0.5104010701179504,-0.012326995842158794,0.375070720911026,0.5239218473434448,-0.017318658530712128,0.36737072467803955,0.5462984442710876,-0.0180601105093956,0.3770177960395813,0.5584444999694824,-0.017391638830304146,0.4362122714519501,0.5699331760406494,-0.015827521681785583,0.35775867104530334,0.5866541862487793,-0.015833690762519836,0.3351353108882904,0.6000325679779053,-0.013047412969172001,0.32675397396087646,0.6067243814468384,-0.012079417705535889,0.4346702992916107,0.6304612755775452,-0.0190752986818552,0.3570356070995331,0.6437684893608093,-0.023076409474015236,0.3389643728733063,0.6470757722854614,-0.018481232225894928,0.33387768268585205,0.6455338001251221,-0.015723126009106636,0.44157159328460693,0.6903850436210632,-0.021782495081424713,0.3842257559299469,0.6940694451332092,-0.026832757517695427,0.37822914123535156,0.6915908455848694,-0.01991572603583336,0.3823203444480896,0.6867746114730835,-0.013483194634318352,help
0.2959311604499817,0.9060033559799194,6.048853151696676e-07,0.26453515887260437,0.8244222402572632,-0.05226979777216911,0.2743322253227234,0.7576838731765747,-0.08147958666086197,0.3137508034706116,0.7266801595687866,-0.10007064044475555,0.3487758934497833,0.7130325436592102,-0.11652792245149612,0.3652231991291046,0.7936342358589172,-0.07392913103103638,0.43213364481925964,0.7638178467750549,-0.1047191396355629,0.4791560173034668,0.7469151616096497,-0.12499510496854782,0.5196478366851807,0.7357710599899292,-0.13662052154541016,0.39674705266952515,0.8314313292503357,-0.06048133969306946,0.4732532501220703,0.7956098318099976,-0.08757854253053665,0.5280199646949768,0.7675294280052185,-0.10367325693368912,0.5758245587348938,0.7483360171318054,-0.11445263028144836,0.41375845670700073,0.8527340888977051,-0.0498347133398056,0.48283126950263977,0.8174570798873901,-0.07467704266309738,0.5331975221633911,0.7884684205055237,-0.08921749889850616,0.5760520696640015,0.7693198919296265,-0.0970238447189331,0.42052045464515686,0.8596420884132385,-0.042593542486429214,0.4772956073284149,0.8324912190437317,-0.06342045962810516,0.5169938802719116,0.8110779523849487,-0.07402957230806351,0.551842212677002,0.7932363152503967,-0.0796666070818901,help
0.5795938372612,0.649183452129364,-4.0058097283690586e-08,0.5568857789039612,0.5594903230667114,0.0018866659374907613,0.5014817714691162,0.5076447129249573,0.003195417346432805,0.4444909393787384,0.5106021761894226,0.004589428193867207,0.41012364625930786,0.5336313843727112,0.006788623984903097,0.44244468212127686,0.5144635438919067,-0.00472256587818265,0.37443113327026367,0.523772120475769,-0.009197725914418697,0.37303560972213745,0.5451437830924988,-0.009902973659336567,0.3869061768054962,0.5569368600845337,-0.008767829276621342,0.4286012351512909,0.5739683508872986,-0.009460202418267727,0.3529086112976074,0.5879402160644531,-0.00903377402573824,0.3281867504119873,0.6028813123703003,-0.007102662697434425,0.31740856170654297,0.610453724861145,-0.006174218375235796,0.4257410168647766,0.6347931623458862,-0.014066607691347599,0.3514047861099243,0.6468784809112549,-0.016329366713762283,0.32729029655456543,0.6535492539405823,-0.013003654778003693,0.3153788149356842,0.6540101170539856,-0.011289089918136597,0.4332708418369293,0.6939136385917664,-0.017908914014697075,0.37999099493026733,0.6966065168380737,-0.02040668949484825,0.36972764134407043,0.6966130137443542,-0.013542461208999157,0.36714494228363037,0.6930232048034668,-0.007318984251469374,help
0.30083537101745605,0.9045978784561157,5.672088718711166e-07,0.26716530323028564,0.8208552002906799,-0.05126507952809334,0.2793160080909729,0.7543444037437439,-0.07816039025783539,0.3208540678024292,0.7246183156967163,-0.094418965280056,0.3537620007991791,0.7139557600021362,-0.1080905944108963,0.3726824223995209,0.7927073836326599,-0.06868641078472137,0.4356246590614319,0.7620234489440918,-0.09708911925554276,0.48189932107925415,0.7460598349571228,-0.11616862565279007,0.5209814310073853,0.736191987991333,-0.12684643268585205,0.40435460209846497,0.8305503129959106,-0.05456734821200371,0.47731971740722656,0.7920976877212524,-0.07880299538373947,0.5300648212432861,0.7639707922935486,-0.09326303750276566,0.5762044191360474,0.7453354597091675,-0.10279242694377899,0.4216582775115967,0.8504898548126221,-0.04337647929787636,0.48789313435554504,0.8130034804344177,-0.06631395220756531,0.537102460861206,0.7848199009895325,-0.080315001308918,0.5792686343193054,0.7665001153945923,-0.08743320405483246,0.42781829833984375,0.8554250597953796,-0.03561718016862869,0.4832959473133087,0.8242862820625305,-0.05429583415389061,0.5216953158378601,0.8019569516181946,-0.06398162990808487,0.5553543567657471,0.7840154767036438,-0.0688730850815773,help
0.5779067873954773,0.6385723352432251,-2.5263448222290208e-08,0.5524234771728516,0.5503324866294861,-0.0008997499826364219,0.49439892172813416,0.5034652352333069,-0.0010214740177616477,0.4348326027393341,0.5067257881164551,-0.0008738276083022356,0.39652442932128906,0.522222638130188,-8.469366730423644e-05,0.4432419538497925,0.5069308280944824,-0.007223214954137802,0.371920645236969,0.5207123756408691,-0.014924285002052784,0.3693152964115143,0.5417512655258179,-0.018724210560321808,0.3829810321331024,0.5537201166152954,-0.01935948058962822,0.4316779375076294,0.566924512386322,-0.011076102964580059,0.3554544448852539,0.5832626819610596,-0.012325329706072807,0.325579971075058,0.5983730554580688,-0.013118253089487553,0.31071481108665466,0.6081346273422241,-0.014607585035264492,0.42978987097740173,0.626497209072113,-0.015159537084400654,0.35709255933761597,0.6411039233207703,-0.018596846610307693,0.3325948715209961,0.6468350291252136,-0.016621500253677368,0.32103294134140015,0.647131621837616,-0.016110192984342575,0.43696656823158264,0.6836492419242859,-0.01886093057692051,0.3847554624080658,0.6898921728134155,-0.023007502779364586,0.3755938410758972,0.6880409717559814,-0.017660008743405342,0.37448376417160034,0.6822096109390259,-0.012563302181661129,help
0.29276707768440247,0.8931252360343933,5.933379725320265e-07,0.26525193452835083,0.8097243309020996,-0.05185616388916969,0.27806562185287476,0.7451595067977905,-0.08053021878004074,0.31784898042678833,0.7166380286216736,-0.0986880362033844,0.3514285087585449,0.7031415104866028,-0.11457368731498718,0.36872971057891846,0.7825888395309448,-0.07195772975683212,0.433349609375,0.7542464733123779,-0.10203322768211365,0.4799973964691162,0.7387831807136536,-0.12207387387752533,0.5199156999588013,0.7292694449424744,-0.13329719007015228,0.3981374204158783,0.8200254440307617,-0.05813954398036003,0.4729229211807251,0.7807544469833374,-0.08440351486206055,0.5277853012084961,0.7534632682800293,-0.09950356930494308,0.5749838352203369,0.7361132502555847,-0.10939199477434158,0.4145466685295105,0.8418819904327393,-0.047142669558525085,0.4820154905319214,0.8026394248008728,-0.07061570137739182,0.5325309038162231,0.7733980417251587,-0.08343439549207687,0.5747677087783813,0.7556672692298889,-0.08985192328691483,0.42162182927131653,0.8498523235321045,-0.039736486971378326,0.47743889689445496,0.8162511587142944,-0.05837443098425865,0.5163202881813049,0.7925724387168884,-0.06713183224201202,0.5496897101402283,0.7738085389137268,-0.07141465693712234,help
0.5816913843154907,0.6392516493797302,4.4203623872363096e-08,0.5623763203620911,0.5509418845176697,-0.0041560339741408825,0.5061511993408203,0.4923355281352997,-0.0038756339345127344,0.4468775987625122,0.49423691630363464,-0.002598200459033251,0.40883898735046387,0.5087433457374573,-0.0018755208002403378,0.4415128231048584,0.5128324627876282,-0.004540605004876852,0.3682563304901123,0.5428828001022339,-0.009782818146049976,0.3310345411300659,0.5618181824684143,-0.01493297889828682,0.30704063177108765,0.5751002430915833,-0.018144646659493446,0.4340662658214569,0.5720211267471313,-0.005777743179351091,0.36135682463645935,0.5969691872596741,-0.006261375267058611,0.3268740773200989,0.6095314621925354,-0.00862977560609579,0.30633822083473206,0.6184754967689514,-0.011237445287406445,0.4342242479324341,0.6273797154426575,-0.007276632357388735,0.37085428833961487,0.6457204222679138,-0.008072231896221638,0.3453887403011322,0.6521618962287903,-0.0064657083712518215,0.3322705924510956,0.6547479033470154,-0.0063790082931518555,0.44110074639320374,0.6805338263511658,-0.009279309771955013,0.39251765608787537,0.6893762350082397,-0.0110090970993042,0.3774314522743225,0.6910842657089233,-0.006994881667196751,0.36909085512161255,0.6895338296890259,-0.002996922703459859,help
0.3048630952835083,0.8809605836868286,5.757177632403909e-07,0.27048781514167786,0.7974024415016174,-0.05102726072072983,0.2826770842075348,0.7320023775100708,-0.07725492119789124,0.3240765333175659,0.7026156783103943,-0.09319950640201569,0.35654881596565247,0.6877678632736206,-0.10653162747621536,0.38193291425704956,0.7682707905769348,-0.06299319118261337,0.4435228109359741,0.7409858703613281,-0.09006242454051971,0.48887765407562256,0.7255557179450989,-0.10904351621866226,0.5275217294692993,0.7167112827301025,-0.12000633776187897,0.41395658254623413,0.8054170608520508,-0.04892249032855034,0.4851788878440857,0.7711513042449951,-0.07193015515804291,0.5373522043228149,0.7452626824378967,-0.08629444986581802,0.5827208161354065,0.7293263673782349,-0.09598546475172043,0.43026554584503174,0.8264397978782654,-0.03830920159816742,0.49548017978668213,0.792282223701477,-0.060573261231184006,0.5432062149047852,0.7662643194198608,-0.0742996409535408,0.5845483541488647,0.7496598362922668,-0.08145778626203537,0.4348965585231781,0.8337851762771606,-0.03127561882138252,0.4895913600921631,0.8059558272361755,-0.049705326557159424,0.5278061032295227,0.7852738499641418,-0.05958617106080055,0.5618703961372375,0.7683219909667969,-0.06478141248226166,help
0.580629289150238,0.6370061635971069,7.824476710993622e-08,0.5595158934593201,0.5454480648040771,-0.007011091336607933,0.4972965121269226,0.49105304479599,-0.008531705476343632,0.4333708584308624,0.4959949254989624,-0.008112290874123573,0.39207378029823303,0.5082979202270508,-0.008084159344434738,0.4418780505657196,0.513709545135498,-0.0105929309502244,0.36826571822166443,0.543407142162323,-0.017060887068510056,0.3327902853488922,0.5622183084487915,-0.021792471408843994,0.31279903650283813,0.5743124485015869,-0.024288665503263474,0.43391579389572144,0.5778328776359558,-0.010478951036930084,0.35710397362709045,0.6006855368614197,-0.012219059281051159,0.32789045572280884,0.609010636806488,-0.012532120570540428,0.31483593583106995,0.6133751273155212,-0.012985317967832088,0.43391719460487366,0.6348705291748047,-0.010741738602519035,0.3639882504940033,0.6521031856536865,-0.013109613209962845,0.34113600850105286,0.6557654738426208,-0.009433879517018795,0.33219024538993835,0.6545747518539429,-0.00711314519867301,0.44036898016929626,0.6866277456283569,-0.011543156579136848,0.38630756735801697,0.6947880983352661,-0.014220205135643482,0.3701285123825073,0.6944490671157837,-0.009493149816989899,0.36270537972450256,0.6896063685417175,-0.004718234296888113,help
0.2957214415073395,0.8913922309875488,5.755476308877405e-07,0.2657957673072815,0.8035292625427246,-0.048479389399290085,0.2805439233779907,0.733600378036499,-0.07341869175434113,0.3215841054916382,0.7019915580749512,-0.08835019916296005,0.35762032866477966,0.689899742603302,-0.10078795999288559,0.37658044695854187,0.7773783206939697,-0.061144933104515076,0.4420957565307617,0.7451519966125488,-0.08757408708333969,0.4886472225189209,0.7289921641349792,-0.10581465810537338,0.5280123949050903,0.7195537090301514,-0.11594333499670029,0.40596696734428406,0.8167592287063599,-0.047885581851005554,0.4789797365665436,0.7758868932723999,-0.07000094652175903,0.5322615504264832,0.7491864562034607,-0.08365850895643234,0.5785115957260132,0.7327284216880798,-0.09246460348367691,0.4210255742073059,0.8381734490394592,-0.03777391463518143,0.487360417842865,0.7974774837493896,-0.058929458260536194,0.5358754396438599,0.7715017199516296,-0.07117116451263428,0.5775735378265381,0.7557018399238586,-0.0771036446094513,0.42534276843070984,0.8442779779434204,-0.030990775674581528,0.4808918535709381,0.8117609620094299,-0.048795364797115326,0.5196036100387573,0.7915408611297607,-0.05716771259903908,0.5534624457359314,0.7757769823074341,-0.06086508929729462,help
0.5791247487068176,0.6391765475273132,3.060454289993686e-08,0.5597490668296814,0.5468700528144836,-0.0007952572777867317,0.5010677576065063,0.49788805842399597,0.0020254452247172594,0.44414281845092773,0.5000341534614563,0.005100560374557972,0.40696534514427185,0.5111995935440063,0.008371689356863499,0.44135886430740356,0.5110945105552673,-0.00024267425760626793,0.3774680495262146,0.5323538184165955,-0.0029032970778644085,0.3543873727321625,0.5499268174171448,-0.005272796377539635,0.346785306930542,0.560928225517273,-0.006469695828855038,0.43143394589424133,0.5702903866767883,-0.0027837855741381645,0.36260688304901123,0.5911431312561035,-0.0013670343905687332,0.3316580355167389,0.6042786240577698,-0.0014872546307742596,0.31536638736724854,0.6145151257514954,-0.002553485566750169,0.4309024214744568,0.6278008222579956,-0.005679980386048555,0.3670428693294525,0.6453399062156677,-0.006672181189060211,0.3435790240764618,0.6527464389801025,-0.004842869471758604,0.3330027461051941,0.6565737128257751,-0.004373887553811073,0.4383009076118469,0.6826848983764648,-0.008531592786312103,0.3872670531272888,0.6927174925804138,-0.010854317806661129,0.3715696930885315,0.6950808763504028,-0.0070283068343997,0.36423125863075256,0.6954960823059082,-0.0032820517662912607,help
0.29851579666137695,0.8874750137329102,5.778928198196809e-07,0.2658056914806366,0.8059043288230896,-0.05399079993367195,0.2773075997829437,0.7443892955780029,-0.08223368227481842,0.3167956471443176,0.7176731824874878,-0.09943569451570511,0.3480687439441681,0.7016308903694153,-0.11425440013408661,0.37902581691741943,0.7791063189506531,-0.0697382315993309,0.43836480379104614,0.7515481114387512,-0.09843885898590088,0.4836024343967438,0.7360349297523499,-0.11871593445539474,0.5230712294578552,0.7268046140670776,-0.1307583600282669,0.4119681715965271,0.8146477937698364,-0.05405334010720253,0.4811718463897705,0.7805948853492737,-0.07901377975940704,0.5337308645248413,0.7554519176483154,-0.0948205441236496,0.5803056359291077,0.7401424050331116,-0.10569003969430923,0.4282234311103821,0.833742082118988,-0.04147939756512642,0.49125587940216064,0.7997794151306152,-0.06519940495491028,0.5383478999137878,0.7725122570991516,-0.07999062538146973,0.5798189640045166,0.755338191986084,-0.08812371641397476,0.4321528673171997,0.8389824628829956,-0.032537076622247696,0.48409509658813477,0.8114850521087646,-0.05175918713212013,0.5214597582817078,0.7913756966590881,-0.062231454998254776,0.5554003119468689,0.7759128212928772,-0.06805455684661865,help
0.5740755200386047,0.6317042708396912,1.4547273607945499e-08,0.5549528002738953,0.5431638360023499,0.004480073694139719,0.5014715194702148,0.4926326870918274,0.008071064949035645,0.44684287905693054,0.49243414402008057,0.011490640230476856,0.4134480953216553,0.5115398168563843,0.015030075795948505,0.4396393299102783,0.5026172995567322,-0.0023378548212349415,0.36860013008117676,0.5181796550750732,-0.0035365354269742966,0.3565940856933594,0.5350313782691956,-0.002121119759976864,0.3616386353969574,0.5444368124008179,-1.2547686310426798e-05,0.42749935388565063,0.5606861114501953,-0.0072684078477323055,0.3503062427043915,0.5778847932815552,-0.0048843310214579105,0.32015809416770935,0.5906194448471069,-0.001700958819128573,0.30629265308380127,0.5993793606758118,9.605014929547906e-05,0.42630067467689514,0.6193118095397949,-0.011610321700572968,0.3546862304210663,0.6368136405944824,-0.011488405987620354,0.33222293853759766,0.6409541964530945,-0.006963120307773352,0.32264429330825806,0.6399244666099548,-0.004539859015494585,0.4350367486476898,0.676978349685669,-0.015201602131128311,0.38425153493881226,0.6879236102104187,-0.015942398458719254,0.37517210841178894,0.6847562789916992,-0.00911212433129549,0.3739731013774872,0.6766102910041809,-0.0030826532747596502,help
0.2910383939743042,0.8967276811599731,5.824381332786288e-07,0.2562044858932495,0.8139498233795166,-0.05151190981268883,0.2666025459766388,0.7448028922080994,-0.07887043058872223,0.3071140944957733,0.7108907699584961,-0.09577997773885727,0.34249889850616455,0.698495626449585,-0.11010453850030899,0.3643639385700226,0.7798292636871338,-0.06625385582447052,0.4264339804649353,0.7481919527053833,-0.0944800153374672,0.47104886174201965,0.732543408870697,-0.113721564412117,0.5097489953041077,0.7241401076316833,-0.12472838163375854,0.39745038747787476,0.8156602382659912,-0.05203928425908089,0.4697350263595581,0.7788402438163757,-0.07627179473638535,0.5214724540710449,0.7524166107177734,-0.09120070934295654,0.5671747922897339,0.7364933490753174,-0.10115843266248703,0.41487404704093933,0.8366292119026184,-0.04098106548190117,0.4813317358493805,0.8009649515151978,-0.06362731009721756,0.5279041528701782,0.7732813954353333,-0.07688067108392715,0.5691719055175781,0.7555550932884216,-0.08377351611852646,0.4204922020435333,0.8455269932746887,-0.033424485474824905,0.4754793643951416,0.8168634176254272,-0.05169310420751572,0.5129565000534058,0.7967658042907715,-0.06077039986848831,0.5467222929000854,0.7807906270027161,-0.06537646055221558,help
0.5679323673248291,0.6311549544334412,3.5487726535166075e-08,0.5493084788322449,0.5439332127571106,0.001823568600229919,0.4965936243534088,0.4928835332393646,0.003165613394230604,0.4434206485748291,0.492583692073822,0.004873563535511494,0.4108528792858124,0.5147709250450134,0.006186227314174175,0.4333468973636627,0.5013540387153625,-0.006756533868610859,0.3627052307128906,0.523124098777771,-0.009200343862175941,0.33985185623168945,0.5442900657653809,-0.009579838253557682,0.33421415090560913,0.5582571029663086,-0.00890389271080494,0.42173120379447937,0.5600645542144775,-0.010551739484071732,0.34661877155303955,0.5809922814369202,-0.009007766842842102,0.3155333399772644,0.5951473116874695,-0.0060251071117818356,0.30137622356414795,0.6056662797927856,-0.004528525751084089,0.419971227645874,0.6194811463356018,-0.013702396303415298,0.3497667610645294,0.6389529705047607,-0.013310402631759644,0.32845208048820496,0.6437416672706604,-0.00762728089466691,0.32183510065078735,0.6441371440887451,-0.004526528529822826,0.4270216226577759,0.6771694421768188,-0.016519201919436455,0.37520715594291687,0.6884242296218872,-0.016881240531802177,0.3625100255012512,0.6864698529243469,-0.00970484223216772,0.35940858721733093,0.6804708242416382,-0.003469038289040327,help
