0,1,2,3,4,5,6,7,8,9,10,11,12,13,14,15,16,17,18,19,20,21,22,23,24,25,26,27,28,29,30,31,32,33,34,35,36,37,38,39,40,41,42,43,44,45,46,47,48,49,50,51,52,53,54,55,56,57,58,59,60,61,62,label
0.628741443157196,0.9014500379562378,1.7677056263210034e-08,0.6068024635314941,0.8216409683227539,-0.005479594226926565,0.5863964557647705,0.7361809611320496,-0.01930631510913372,0.5647053718566895,0.6833764910697937,-0.03516777604818344,0.5463861227035522,0.6565386056900024,-0.053119905292987823,0.6206318140029907,0.6484261751174927,-0.030804822221398354,0.6093040108680725,0.5640215277671814,-0.06062518060207367,0.6004474759101868,0.49600642919540405,-0.07930644601583481,0.5965304970741272,0.4402199983596802,-0.0943794846534729,0.6340890526771545,0.683037519454956,-0.045936256647109985,0.5171036720275879,0.6517335176467896,-0.07968269288539886,0.504766583442688,0.7055119872093201,-0.0791734978556633,0.5272825956344604,0.7284545302391052,-0.07520720362663269,0.634357213973999,0.7436407208442688,-0.06234121695160866,0.5234213471412659,0.7351617813110352,-0.09558634459972382,0.5297815203666687,0.7723070979118347,-0.07959704846143723,0.560968279838562,0.7817708253860474,-0.06419674307107925,0.629908561706543,0.8125810027122498,-0.07951156795024872,0.5406476259231567,0.8067411184310913,-0.10722567141056061,0.5477529764175415,0.8341994285583496,-0.09846515208482742,0.5759419798851013,0.8431963920593262,-0.08712881803512573,I
0.6011149287223816,0.8436828255653381,-1.840652998907899e-07,0.5550427436828613,0.7444072365760803,0.0008966100867837667,0.5450104475021362,0.6444639563560486,-0.007169400807470083,0.5412880778312683,0.5784017443656921,-0.020624224096536636,0.53580641746521,0.545746922492981,-0.035151172429323196,0.5925840139389038,0.5524755120277405,-0.009513276629149914,0.582133948802948,0.4548252820968628,-0.03581088036298752,0.5737796425819397,0.3832089304924011,-0.04929462447762489,0.567836582660675,0.32880735397338867,-0.05973735451698303,0.6045165061950684,0.5810370445251465,-0.026158075779676437,0.4879579246044159,0.5373049974441528,-0.06362517178058624,0.47265806794166565,0.5994941592216492,-0.0636998787522316,0.49088332056999207,0.635963499546051,-0.05651749297976494,0.6030704379081726,0.6304433345794678,-0.04471563547849655,0.48799338936805725,0.6269691586494446,-0.0760074332356453,0.4913614094257355,0.6745689511299133,-0.06105947121977806,0.5193190574645996,0.6889270544052124,-0.04508935660123825,0.595216691493988,0.6886699199676514,-0.06455864012241364,0.5090675354003906,0.6983632445335388,-0.08345355093479156,0.5120601058006287,0.7311233878135681,-0.07457717508077621,0.5368064045906067,0.7372221946716309,-0.0637294203042984,I
0.5758951306343079,0.820360004901886,-1.502851176837794e-07,0.5069667100906372,0.7354633212089539,-0.002756305504590273,0.4893946051597595,0.6446174383163452,-0.012706082314252853,0.48803243041038513,0.5802964568138123,-0.02688968926668167,0.48678654432296753,0.5438165664672852,-0.0418001227080822,0.5494387149810791,0.5406045913696289,-0.014379511587321758,0.5412044525146484,0.44458839297294617,-0.041142746806144714,0.5333470106124878,0.3751645088195801,-0.056293487548828125,0.5273767709732056,0.3193093538284302,-0.06844152510166168,0.5670897960662842,0.5658637285232544,-0.029064925387501717,0.45489969849586487,0.529109001159668,-0.0651073008775711,0.440222829580307,0.592115581035614,-0.06494014710187912,0.4593334496021271,0.6255908012390137,-0.05874781683087349,0.5692565441131592,0.6118941307067871,-0.04581445828080177,0.45833301544189453,0.6137425303459167,-0.07616548985242844,0.4586963355541229,0.6624593138694763,-0.059702400118112564,0.484205424785614,0.6777716279029846,-0.04347933828830719,0.563430905342102,0.6666755080223083,-0.06436130404472351,0.4806141257286072,0.680980920791626,-0.08431237190961838,0.48069673776626587,0.7155912518501282,-0.07531920075416565,0.5029969811439514,0.7239651679992676,-0.06441833823919296,I
0.5736562609672546,0.8157104849815369,-1.841459749130081e-07,0.5050157308578491,0.7332813739776611,-0.002091728150844574,0.4832521080970764,0.6436784863471985,-0.012317606247961521,0.474692165851593,0.5790255665779114,-0.02670064941048622,0.46563518047332764,0.5431894063949585,-0.04176093637943268,0.5467707514762878,0.5357710123062134,-0.01389856543391943,0.5386384129524231,0.4387533664703369,-0.04058685153722763,0.5307711362838745,0.36974525451660156,-0.05570314824581146,0.5259231925010681,0.31325817108154297,-0.06767536699771881,0.5653371214866638,0.5591320395469666,-0.029447851702570915,0.4559839963912964,0.5234686136245728,-0.0661906898021698,0.4405145049095154,0.5861974954605103,-0.06707000732421875,0.4586912989616394,0.6214373707771301,-0.061269454658031464,0.5682306289672852,0.6037554144859314,-0.046861328184604645,0.45948657393455505,0.6066998243331909,-0.078433558344841,0.4598635137081146,0.6559606194496155,-0.06286849826574326,0.4859519302845001,0.6728385090827942,-0.046742018312215805,0.5630418062210083,0.6572432518005371,-0.06586331129074097,0.4800071716308594,0.6722451448440552,-0.08691634982824326,0.4797268807888031,0.7081502079963684,-0.07847568392753601,0.502216637134552,0.7179980874061584,-0.06769280135631561,I
0.570227861404419,0.8163175582885742,-1.7997939494307502e-07,0.5052440166473389,0.7339365482330322,-0.0034190707374364138,0.4888569414615631,0.6448509097099304,-0.01371511910110712,0.4866999089717865,0.5797110795974731,-0.02823864109814167,0.4836850166320801,0.5404135584831238,-0.04290832206606865,0.5498318672180176,0.5393463373184204,-0.013550261035561562,0.5403592586517334,0.44169068336486816,-0.04114697128534317,0.5320826172828674,0.3722020983695984,-0.05623805522918701,0.526555061340332,0.31687769293785095,-0.06787151843309402,0.5677273869514465,0.5615987777709961,-0.028156699612736702,0.4570135772228241,0.5249548554420471,-0.06604261696338654,0.44170820713043213,0.5880929827690125,-0.06625690311193466,0.45943203568458557,0.6219927072525024,-0.05940864607691765,0.5703097581863403,0.6041051149368286,-0.04510631784796715,0.46068358421325684,0.6065378785133362,-0.07705272734165192,0.4612933397293091,0.6559449434280396,-0.060684315860271454,0.486346572637558,0.6717422008514404,-0.04376655071973801,0.5649000406265259,0.65540611743927,-0.06397105008363724,0.4836686849594116,0.6710125207901001,-0.08477368950843811,0.48250171542167664,0.7062956690788269,-0.07629457861185074,0.5028864741325378,0.7152062058448792,-0.06537702679634094,I
0.5731520056724548,0.836222231388092,-2.0257388655409159e-07,0.5058773159980774,0.7545963525772095,-0.003448508447036147,0.4901677966117859,0.6637052297592163,-0.01309733372181654,0.48947659134864807,0.5976299047470093,-0.0268020611256361,0.4881846010684967,0.5585611462593079,-0.040848445147275925,0.5505715012550354,0.5544760227203369,-0.012023665010929108,0.5444770455360413,0.4585505723953247,-0.03772219642996788,0.5376459360122681,0.38911837339401245,-0.051854219287633896,0.533288836479187,0.33316123485565186,-0.06319086253643036,0.5710036754608154,0.5775254964828491,-0.026749197393655777,0.46360328793525696,0.5347465872764587,-0.06428725272417068,0.44445106387138367,0.5987238883972168,-0.06517984718084335,0.45950445532798767,0.63759845495224,-0.0585060752928257,0.5755817890167236,0.6209298372268677,-0.04370325431227684,0.4663029611110687,0.6141700148582458,-0.07625311613082886,0.46185415983200073,0.6650675535202026,-0.060963068157434464,0.484364777803421,0.6852906346321106,-0.04430016502737999,0.570705771446228,0.673701822757721,-0.06237373873591423,0.48719340562820435,0.6814879775047302,-0.08372791111469269,0.48380011320114136,0.7174445986747742,-0.07549310475587845,0.5042846202850342,0.7299157977104187,-0.0644555389881134,I
0.576305627822876,0.86083984375,-2.0721751070595928e-07,0.507269024848938,0.7758839130401611,-0.001710143988020718,0.48848938941955566,0.6850857138633728,-0.012270333245396614,0.4813631772994995,0.6196170449256897,-0.0276020597666502,0.4708203971385956,0.5787760019302368,-0.04339784383773804,0.5512499213218689,0.5744706988334656,-0.011116609908640385,0.544331431388855,0.47525474429130554,-0.03669377788901329,0.5358007550239563,0.40579020977020264,-0.04981681704521179,0.5292669534683228,0.34993237257003784,-0.06015149876475334,0.5718640685081482,0.5985804200172424,-0.02774621918797493,0.4639541506767273,0.5532835125923157,-0.0671251118183136,0.4441865384578705,0.6192083358764648,-0.0683741495013237,0.4584426283836365,0.661082923412323,-0.061132557690143585,0.5761197805404663,0.6425846815109253,-0.046364013105630875,0.46722063422203064,0.6359751224517822,-0.08097518980503082,0.46475088596343994,0.6903236508369446,-0.06528293341398239,0.4883875548839569,0.713341474533081,-0.047502052038908005,0.5710128545761108,0.69502854347229,-0.06636824458837509,0.4870310127735138,0.7033529281616211,-0.08839581906795502,0.4843962490558624,0.7421237826347351,-0.07922567427158356,0.5053828954696655,0.7561807632446289,-0.06721878051757812,I
0.5843513607978821,0.8811167478561401,-2.3758271083806903e-07,0.5144942402839661,0.7961374521255493,-0.001821101293899119,0.4948025941848755,0.703784704208374,-0.010892348363995552,0.48768550157546997,0.6386733651161194,-0.02419908344745636,0.47757214307785034,0.5974757671356201,-0.03808272257447243,0.5595590472221375,0.5918229818344116,-0.011068525724112988,0.5499151349067688,0.49200913310050964,-0.03774338588118553,0.540840744972229,0.4232513904571533,-0.05231691524386406,0.5353806018829346,0.3666519820690155,-0.06322890520095825,0.5795007944107056,0.6179779171943665,-0.027218550443649292,0.47231525182724,0.5685871839523315,-0.06803188472986221,0.44937843084335327,0.6329049468040466,-0.07148176431655884,0.4605456590652466,0.676715075969696,-0.0650758147239685,0.5831218957901001,0.6640005707740784,-0.04514310881495476,0.4734499752521515,0.6548798680305481,-0.08162716776132584,0.4694388210773468,0.7094465494155884,-0.06826406717300415,0.49280494451522827,0.7328683733940125,-0.050900574773550034,0.5775577425956726,0.718239426612854,-0.06419137865304947,0.4925268590450287,0.7246182560920715,-0.08757287263870239,0.48941802978515625,0.7639474868774414,-0.0791974663734436,0.5111666917800903,0.7782238721847534,-0.06706196069717407,I
0.5904163122177124,0.9020530581474304,-2.4516108965144667e-07,0.5257524847984314,0.8125202655792236,-0.0037798734847456217,0.5056188106536865,0.7188927531242371,-0.013076411560177803,0.4953146278858185,0.6523104310035706,-0.02690001390874386,0.48693621158599854,0.6145683526992798,-0.040917523205280304,0.5702139139175415,0.609070897102356,-0.009187472052872181,0.56488037109375,0.5073445439338684,-0.03558439761400223,0.5557416677474976,0.4372395873069763,-0.04918447881937027,0.5484867095947266,0.38123294711112976,-0.05947854369878769,0.5906323194503784,0.6360270380973816,-0.024746038019657135,0.4829552471637726,0.5923842191696167,-0.06770497560501099,0.46043527126312256,0.6564502716064453,-0.07203128188848495,0.471817284822464,0.700095534324646,-0.06533532589673996,0.5953101515769958,0.6826421618461609,-0.04247284308075905,0.4847021698951721,0.6806998252868652,-0.080927774310112,0.48125189542770386,0.7342106699943542,-0.06880829483270645,0.5045778751373291,0.7552605271339417,-0.05138576403260231,0.5905003547668457,0.7374439239501953,-0.06153764948248863,0.5042639970779419,0.747062623500824,-0.08562182635068893,0.5003731846809387,0.7865653038024902,-0.07754240930080414,0.5215063095092773,0.8000342845916748,-0.06499043852090836,I
0.595578134059906,0.9316561222076416,-2.3849096919548174e-07,0.5285637378692627,0.8381109833717346,-0.002899470506235957,0.5098022222518921,0.7429400086402893,-0.012194373644888401,0.5023347735404968,0.6760443449020386,-0.026174182072281837,0.49737679958343506,0.6367012858390808,-0.04037461802363396,0.5757485628128052,0.6312496066093445,-0.01048875879496336,0.5677155256271362,0.5270767211914062,-0.03767569735646248,0.5586443543434143,0.4551202654838562,-0.05191557854413986,0.5532152652740479,0.3969939351081848,-0.06290232390165329,0.5963967442512512,0.6584850549697876,-0.02699851430952549,0.48511138558387756,0.6112774014472961,-0.07079996913671494,0.46245259046554565,0.6781858205795288,-0.0751732811331749,0.4749540388584137,0.7243107557296753,-0.06860467046499252,0.6013878583908081,0.7065363526344299,-0.045537061989307404,0.48714473843574524,0.7037932276725769,-0.08402134478092194,0.48452678322792053,0.7590885758399963,-0.07120485603809357,0.5091825127601624,0.7820537090301514,-0.05362571403384209,0.5970062017440796,0.763886034488678,-0.0654001533985138,0.5071544647216797,0.7747707366943359,-0.08908311277627945,0.50359046459198,0.8140012621879578,-0.08056101202964783,0.5254958271980286,0.8273016214370728,-0.06799668073654175,I
0.5866760015487671,0.9253040552139282,-2.1643079151090205e-07,0.5185012817382812,0.8343233466148376,-0.00412164768204093,0.49985331296920776,0.7424099445343018,-0.014413253404200077,0.49302005767822266,0.6755655407905579,-0.02942018397152424,0.4873272180557251,0.634172260761261,-0.04456821456551552,0.5706808567047119,0.6294521689414978,-0.011255171149969101,0.5663455724716187,0.5247094631195068,-0.0388154499232769,0.5602973699569702,0.45173776149749756,-0.05360743775963783,0.5568228960037231,0.39306870102882385,-0.06503675878047943,0.5916740894317627,0.6562958359718323,-0.027232374995946884,0.48379218578338623,0.6054545640945435,-0.07130327075719833,0.45969587564468384,0.6706783175468445,-0.07543939352035522,0.47062280774116516,0.7159607410430908,-0.06875871121883392,0.5960884690284729,0.7027203440666199,-0.04547099769115448,0.48395538330078125,0.6978151202201843,-0.08377201855182648,0.4798373579978943,0.7517545223236084,-0.07028420269489288,0.5032792687416077,0.7746814489364624,-0.05246010795235634,0.5905691385269165,0.7576409578323364,-0.06531070172786713,0.5025508999824524,0.7659308314323425,-0.08905252069234848,0.49760565161705017,0.804335355758667,-0.08068271726369858,0.5187946557998657,0.8171501755714417,-0.0683453306555748,I
0.5830827355384827,0.9040597081184387,-2.2043957415007753e-07,0.5164846777915955,0.8128966689109802,-0.0034761354327201843,0.4973965883255005,0.7195618748664856,-0.012411685660481453,0.4887606203556061,0.6526582837104797,-0.026124510914087296,0.4809338450431824,0.6125425696372986,-0.039847973734140396,0.5628398060798645,0.6072374582290649,-0.008032877929508686,0.5619843602180481,0.5044041872024536,-0.03537634015083313,0.5561175346374512,0.43204331398010254,-0.050548408180475235,0.5515070557594299,0.37391364574432373,-0.0621396079659462,0.5845767855644226,0.6339054107666016,-0.024058466777205467,0.4781370460987091,0.587157130241394,-0.06827377527952194,0.45549458265304565,0.6527974605560303,-0.07344742119312286,0.4676826596260071,0.698674738407135,-0.06708059459924698,0.5905376076698303,0.6809984445571899,-0.04244495555758476,0.48017385601997375,0.6771985292434692,-0.0819273442029953,0.4766353368759155,0.732356071472168,-0.0699084922671318,0.5009053945541382,0.7552285194396973,-0.05231866240501404,0.5866016149520874,0.7368218302726746,-0.06222783029079437,0.49991071224212646,0.7445032596588135,-0.0873841643333435,0.4953433871269226,0.7849302291870117,-0.0795951709151268,0.517455518245697,0.7984653115272522,-0.06699354201555252,I
0.5813310742378235,0.9089630842208862,-2.2264669041760499e-07,0.5118614435195923,0.8165004849433899,-0.0012515491107478738,0.4929366409778595,0.7216684818267822,-0.010297468863427639,0.4847618043422699,0.6545518636703491,-0.024861270561814308,0.48059988021850586,0.6119181513786316,-0.03950284421443939,0.5599463582038879,0.6097384691238403,-0.006096806842833757,0.5575153231620789,0.5064907073974609,-0.03271978721022606,0.5503561496734619,0.43380847573280334,-0.04645957052707672,0.5452473759651184,0.3759630024433136,-0.05706474184989929,0.5826883316040039,0.6351138353347778,-0.02381720207631588,0.47433537244796753,0.5835824012756348,-0.06769735366106033,0.4526621401309967,0.6517053842544556,-0.07147672772407532,0.46554720401763916,0.6989263296127319,-0.06396367400884628,0.5893532037734985,0.680985689163208,-0.04379098862409592,0.4767146110534668,0.6764832139015198,-0.08280203491449356,0.4743466377258301,0.7352977991104126,-0.06910402327775955,0.49848073720932007,0.7606023550033569,-0.05050662159919739,0.5855521559715271,0.7359218597412109,-0.06507034599781036,0.496351420879364,0.7451487183570862,-0.08951254189014435,0.491717666387558,0.7876231074333191,-0.08084242790937424,0.5121942162513733,0.8035160899162292,-0.06789599359035492,I
0.5776902437210083,0.9012850522994995,-2.3475875821077352e-07,0.5089800953865051,0.8095203638076782,-0.00270070880651474,0.4897271692752838,0.7147764563560486,-0.011549087241292,0.48241323232650757,0.647872269153595,-0.02551427111029625,0.4788218140602112,0.6049150228500366,-0.03965406119823456,0.5563647150993347,0.6041751503944397,-0.0071463268250226974,0.5528782606124878,0.5005079507827759,-0.03459972143173218,0.5462954044342041,0.4279746413230896,-0.04915650933980942,0.5415847897529602,0.3707141578197479,-0.06001357361674309,0.579793393611908,0.629630982875824,-0.023663926869630814,0.47273650765419006,0.5803858637809753,-0.06816946715116501,0.4479309916496277,0.6491974592208862,-0.07260239869356155,0.4583944082260132,0.6970133781433105,-0.0652134120464325,0.5874128341674805,0.6753261685371399,-0.04254890978336334,0.476504385471344,0.6705479621887207,-0.08133451640605927,0.47099894285202026,0.7275514602661133,-0.06779782474040985,0.49367856979370117,0.7514815330505371,-0.04915591701865196,0.5840386152267456,0.7307454943656921,-0.0628521591424942,0.4964084029197693,0.7392986416816711,-0.0864250436425209,0.49110156297683716,0.7790220975875854,-0.07731273025274277,0.5123348236083984,0.7921186089515686,-0.06395285576581955,I
0.5757082104682922,0.874169111251831,-2.2923759956938738e-07,0.5058184266090393,0.787148654460907,-0.0009309747838415205,0.48703399300575256,0.6948335766792297,-0.010350709781050682,0.47828370332717896,0.6280002593994141,-0.02519608475267887,0.4728914797306061,0.5821595191955566,-0.04009566456079483,0.5538855791091919,0.580958366394043,-0.008226526901125908,0.5486847758293152,0.4738861918449402,-0.03426854684948921,0.5399614572525024,0.4015901982784271,-0.04661477729678154,0.5340988039970398,0.3454958200454712,-0.05600964277982712,0.5766174793243408,0.6061278581619263,-0.0257346760481596,0.4676111936569214,0.5567209124565125,-0.06887362897396088,0.44548094272613525,0.6256965398788452,-0.07074547559022903,0.4588453769683838,0.6709681749343872,-0.06201353669166565,0.5835866928100586,0.651560366153717,-0.045343562960624695,0.4715862274169922,0.6454322338104248,-0.0832594633102417,0.4681927263736725,0.7040446996688843,-0.067496657371521,0.49207401275634766,0.7279226779937744,-0.04794977605342865,0.5801907777786255,0.7063596248626709,-0.0662112757563591,0.4922698438167572,0.714304506778717,-0.08979415893554688,0.4872308075428009,0.7562092542648315,-0.07989448308944702,0.5079509019851685,0.7708350419998169,-0.06624084711074829,I
0.5730465650558472,0.879330039024353,-2.3481139521663863e-07,0.5045122504234314,0.7878409624099731,0.0005689142853952944,0.4878539741039276,0.6910146474838257,-0.007652100175619125,0.48287197947502136,0.6212673783302307,-0.02207125723361969,0.4819202125072479,0.5770403146743774,-0.03654726594686508,0.5511453747749329,0.5776417851448059,-0.003918650560081005,0.5431028008460999,0.47488343715667725,-0.030375683680176735,0.5354921817779541,0.40008285641670227,-0.044103074818849564,0.5317220687866211,0.3418639898300171,-0.0544854961335659,0.573662519454956,0.6012625694274902,-0.022600101307034492,0.46384865045547485,0.5524553656578064,-0.06608345359563828,0.4396934509277344,0.6202203631401062,-0.06907737255096436,0.45200151205062866,0.6646857857704163,-0.060976672917604446,0.5811920166015625,0.6470106244087219,-0.043567512184381485,0.4671791195869446,0.6411954164505005,-0.08024334907531738,0.46110668778419495,0.6974718570709229,-0.06461925059556961,0.48419445753097534,0.7196180820465088,-0.04540722817182541,0.5786946415901184,0.7037343382835388,-0.06601794064044952,0.4892342686653137,0.710850715637207,-0.08634581416845322,0.48333436250686646,0.7483528256416321,-0.07539970427751541,0.5042449235916138,0.7602757215499878,-0.06166110932826996,I
0.571394681930542,0.8959395289421082,-2.324456573887801e-07,0.49834874272346497,0.7991821765899658,-0.0016116779297590256,0.4765394926071167,0.7014619708061218,-0.012016604654490948,0.4673541784286499,0.6348812580108643,-0.02863946184515953,0.463270902633667,0.6011340022087097,-0.045528843998909,0.5470148324966431,0.5847597718238831,-0.005598707124590874,0.5383425951004028,0.4799887537956238,-0.03191492706537247,0.5297302603721619,0.40502047538757324,-0.04646306484937668,0.5243955254554749,0.3440120816230774,-0.05826174095273018,0.5700799822807312,0.6093416810035706,-0.024626126512885094,0.46195361018180847,0.5654229521751404,-0.0662914365530014,0.4405073821544647,0.6313837170600891,-0.06982657313346863,0.45481187105178833,0.6727643609046936,-0.0638323724269867,0.5779937505722046,0.6570942997932434,-0.04615234583616257,0.4658125936985016,0.6501471996307373,-0.08267825841903687,0.45842739939689636,0.7043956518173218,-0.0674859881401062,0.48008742928504944,0.7252315878868103,-0.04962416738271713,0.5747652053833008,0.7159150242805481,-0.06949727982282639,0.4868955910205841,0.7179453372955322,-0.09066121280193329,0.47960397601127625,0.7553669214248657,-0.07954228669404984,0.4989071190357208,0.7694804668426514,-0.06617970764636993,I
0.589397668838501,0.901653528213501,-3.8529574908352515e-07,0.5253657102584839,0.7977247834205627,-0.007687964476644993,0.5134028196334839,0.6901094317436218,-0.017389897257089615,0.5154633522033691,0.6189016103744507,-0.03137533366680145,0.5205144286155701,0.5725696682929993,-0.045027412474155426,0.6000239253044128,0.5819118022918701,-0.011123321950435638,0.5952933430671692,0.4736279845237732,-0.04202832654118538,0.5871332883834839,0.39715296030044556,-0.05972914397716522,0.5806599855422974,0.33460289239883423,-0.07284389436244965,0.628266453742981,0.6090942621231079,-0.027728470042347908,0.5236837863922119,0.559036135673523,-0.07347092777490616,0.49137991666793823,0.6339126229286194,-0.0773882269859314,0.4974379241466522,0.6864516139030457,-0.07028011977672577,0.6358746886253357,0.659559428691864,-0.04761313647031784,0.5221416354179382,0.6481204032897949,-0.08763756603002548,0.5070428252220154,0.7147196531295776,-0.07099250704050064,0.5236793756484985,0.7479517459869385,-0.05108411982655525,0.6297469735145569,0.7223561406135559,-0.06980755925178528,0.5366841554641724,0.7199051976203918,-0.09350739419460297,0.5219627022743225,0.7649555802345276,-0.08110115677118301,0.5362210273742676,0.7865963578224182,-0.06598584353923798,I
0.5929410457611084,0.8735744953155518,-2.9402602308437054e-07,0.5350344777107239,0.7719525098800659,-0.016350170597434044,0.5248398184776306,0.6716654300689697,-0.033566415309906006,0.5282915234565735,0.603217601776123,-0.05474033206701279,0.5405468940734863,0.5567713975906372,-0.07420672476291656,0.620238721370697,0.5564271211624146,-0.01650512032210827,0.622924268245697,0.442216694355011,-0.051094796508550644,0.6217769980430603,0.36509162187576294,-0.06943218410015106,0.6224477291107178,0.30259937047958374,-0.08276141434907913,0.6592060327529907,0.5856842398643494,-0.03056802786886692,0.5627229809761047,0.5332255363464355,-0.08014163374900818,0.5293300747871399,0.6070456504821777,-0.08377143740653992,0.5390608310699463,0.6520885229110718,-0.0751938670873642,0.6746346950531006,0.6368368864059448,-0.04914504289627075,0.5595703721046448,0.6248153448104858,-0.09139520674943924,0.5426223278045654,0.6898415088653564,-0.07200875133275986,0.5644325017929077,0.71480792760849,-0.05007913336157799,0.6702810525894165,0.6973357200622559,-0.07141765207052231,0.5744273662567139,0.6997427940368652,-0.09579246491193771,0.5580626726150513,0.7450758218765259,-0.08249659091234207,0.5767813920974731,0.76261967420578,-0.06646545976400375,I
0.583677351474762,0.8222023248672485,-2.865102715077228e-07,0.5236155986785889,0.7212507128715515,-0.015177122317254543,0.5071548819541931,0.6197527050971985,-0.03074638359248638,0.5075460076332092,0.5524630546569824,-0.050689466297626495,0.5279953479766846,0.5175781846046448,-0.06880943477153778,0.5953999161720276,0.5031910538673401,-0.01315363310277462,0.6024848818778992,0.39508628845214844,-0.04548485204577446,0.5979394912719727,0.3217662274837494,-0.06366930902004242,0.594025731086731,0.2633993625640869,-0.0767395868897438,0.6338445544242859,0.531287670135498,-0.027062958106398582,0.5475879311561584,0.4867434501647949,-0.07386069744825363,0.5146074295043945,0.5539478063583374,-0.0784577876329422,0.5223629474639893,0.5986332893371582,-0.07133889198303223,0.6510043740272522,0.5821155309677124,-0.04544087126851082,0.5493948459625244,0.5723387598991394,-0.0849619060754776,0.5304898619651794,0.6300863027572632,-0.06792857497930527,0.5475752353668213,0.6565573811531067,-0.047886546701192856,0.650578498840332,0.6434007883071899,-0.06748452037572861,0.5693745017051697,0.6414540410041809,-0.08856738358736038,0.5461205840110779,0.6805680990219116,-0.07473836094141006,0.5540036559104919,0.7013745307922363,-0.058723632246255875,I
0.5682082176208496,0.7968153953552246,-3.5298535294714384e-07,0.5018817782402039,0.6916290521621704,-0.00901435874402523,0.488222599029541,0.5835293531417847,-0.021060636267066002,0.4927760362625122,0.5109056234359741,-0.03861474618315697,0.5072020888328552,0.46972009539604187,-0.05491160601377487,0.5766255259513855,0.4795171022415161,-0.004041164647787809,0.5700533986091614,0.37275776267051697,-0.032912615686655045,0.5596703886985779,0.29865357279777527,-0.04918897897005081,0.552529513835907,0.23976653814315796,-0.06178378686308861,0.6084291934967041,0.5010536313056946,-0.021066434681415558,0.5181429386138916,0.44501441717147827,-0.06786516308784485,0.48570096492767334,0.5159429311752319,-0.07208995521068573,0.4922803044319153,0.5670155882835388,-0.0644167885184288,0.6218143105506897,0.5443522930145264,-0.04242371395230293,0.5191811323165894,0.5264444351196289,-0.0820377767086029,0.5030242204666138,0.5909627676010132,-0.06472515314817429,0.5207194089889526,0.6242533326148987,-0.04477981850504875,0.6211915016174316,0.5999065041542053,-0.06695433706045151,0.5364299416542053,0.5977946519851685,-0.0882587805390358,0.516593337059021,0.6416124105453491,-0.0759364515542984,0.5275309085845947,0.6638219952583313,-0.061996232718229294,I
0.548428475856781,0.7719424962997437,-3.928434750832821e-07,0.48998022079467773,0.6664012670516968,-0.008680375292897224,0.4790956377983093,0.5611869096755981,-0.020667362958192825,0.48253950476646423,0.4907080829143524,-0.03813778609037399,0.49601441621780396,0.44347965717315674,-0.05429210513830185,0.5741539597511292,0.4591251611709595,-0.004972756374627352,0.5680980682373047,0.34761565923690796,-0.036367226392030716,0.5599437952041626,0.2725425064563751,-0.054619286209344864,0.5532015562057495,0.2130940556526184,-0.06766418367624283,0.6045454144477844,0.48224571347236633,-0.02274075523018837,0.5197842121124268,0.40769246220588684,-0.0716867670416832,0.48180726170539856,0.4736073911190033,-0.07811480015516281,0.4794727563858032,0.5282703638076782,-0.07085035741329193,0.6167736649513245,0.5250870585441589,-0.04467593505978584,0.5135201215744019,0.4982643127441406,-0.08591371029615402,0.49497389793395996,0.5642343163490295,-0.0703522339463234,0.5087689161300659,0.6015097498893738,-0.05039595067501068,0.6141266226768494,0.58008873462677,-0.06950784474611282,0.5298041701316833,0.5673211216926575,-0.09143521636724472,0.510143518447876,0.6127352714538574,-0.0787942036986351,0.5207069516181946,0.6378264427185059,-0.0639149472117424,I
0.5455309152603149,0.8031343817710876,-3.9341617252830474e-07,0.4864593744277954,0.6882904767990112,-0.009465508162975311,0.4756115674972534,0.5747154355049133,-0.02245367504656315,0.48201194405555725,0.4992257058620453,-0.041032180190086365,0.4989925026893616,0.45496082305908203,-0.05813988670706749,0.5674613118171692,0.4729577302932739,-0.0023751866538077593,0.5637250542640686,0.36669522523880005,-0.03449680656194687,0.554524302482605,0.2929917573928833,-0.053474221378564835,0.5471142530441284,0.23301962018013,-0.06733179837465286,0.6013858318328857,0.4980938136577606,-0.020327128469944,0.516437828540802,0.4330199360847473,-0.06925798207521439,0.4807114005088806,0.5028917193412781,-0.07601204514503479,0.48268210887908936,0.5571001172065735,-0.06939035654067993,0.6146758794784546,0.5441491603851318,-0.042995601892471313,0.5133957266807556,0.5185521245002747,-0.0848991647362709,0.49253255128860474,0.5820416212081909,-0.06979835778474808,0.5055696368217468,0.6178557872772217,-0.05038908123970032,0.6119160652160645,0.6020013093948364,-0.06877628713846207,0.5260487794876099,0.5944430232048035,-0.09140534698963165,0.5038179159164429,0.6380556225776672,-0.07988864928483963,0.5116440057754517,0.663245677947998,-0.06602743268013,I
0.5404489636421204,0.8248991966247559,-4.512016289481835e-07,0.48428577184677124,0.7058101892471313,-0.009975661523640156,0.4759834408760071,0.5905755162239075,-0.02415686473250389,0.4836483597755432,0.5140912532806396,-0.043554313480854034,0.502897322177887,0.47132202982902527,-0.06119558587670326,0.5711976289749146,0.49151796102523804,-0.005413966253399849,0.5637272000312805,0.38492241501808167,-0.0394432358443737,0.5508349537849426,0.31201982498168945,-0.059521228075027466,0.5390322804450989,0.2538686990737915,-0.07358220964670181,0.602897047996521,0.5192257761955261,-0.023397644981741905,0.5091352462768555,0.4563320577144623,-0.07380858063697815,0.47471854090690613,0.5281565189361572,-0.08062486350536346,0.4768407940864563,0.5836415886878967,-0.07403778284788132,0.614509105682373,0.5674669742584229,-0.04604499787092209,0.5061026215553284,0.5455689430236816,-0.08845873922109604,0.4886038303375244,0.6100287437438965,-0.07230504602193832,0.5029938220977783,0.6450455784797668,-0.052149392664432526,0.6108629703521729,0.6270458102226257,-0.0718243196606636,0.5222980976104736,0.616572380065918,-0.09365010261535645,0.5013436675071716,0.6611834168434143,-0.08015691488981247,0.509358823299408,0.6865005493164062,-0.06483117491006851,I
0.5290626883506775,0.8240679502487183,-3.9435789744857175e-07,0.4680766761302948,0.7074236869812012,-0.009103726595640182,0.45422953367233276,0.5996571183204651,-0.024502186104655266,0.4553641676902771,0.5235519409179688,-0.04577281326055527,0.4717295169830322,0.4718804955482483,-0.06476560235023499,0.5570300221443176,0.492236465215683,-0.001709464704617858,0.550404965877533,0.38358747959136963,-0.03533697500824928,0.5347365736961365,0.3121936321258545,-0.054620400071144104,0.5217310190200806,0.2559364140033722,-0.06787408888339996,0.5887553691864014,0.5177553296089172,-0.019902830943465233,0.4982015788555145,0.4422198235988617,-0.06715626269578934,0.4671176075935364,0.5111649632453918,-0.07294425368309021,0.47486743330955505,0.5630461573600769,-0.06627041846513748,0.6001043319702148,0.5610786080360413,-0.04301644489169121,0.48824363946914673,0.5333995819091797,-0.08315008878707886,0.47150665521621704,0.5990774631500244,-0.0670902281999588,0.48982858657836914,0.6329694986343384,-0.0479096844792366,0.5936473608016968,0.6152482032775879,-0.06936157494783401,0.499801367521286,0.6099530458450317,-0.09138653427362442,0.48248839378356934,0.6569709181785583,-0.07993916422128677,0.4967518150806427,0.6812390685081482,-0.0663217082619667,I
0.5036785006523132,0.8113002777099609,-4.034468474856112e-07,0.4446146786212921,0.7013555765151978,-0.016126638278365135,0.4291251599788666,0.5944147109985352,-0.03448402136564255,0.4355332553386688,0.5162864923477173,-0.05690881237387657,0.4587961435317993,0.46716317534446716,-0.07683289051055908,0.5280764102935791,0.4867057502269745,-0.009376859292387962,0.5249437689781189,0.38194096088409424,-0.043899472802877426,0.5091354846954346,0.3122873902320862,-0.06386605650186539,0.49367454648017883,0.2566840648651123,-0.0778164267539978,0.5650660991668701,0.5114302635192871,-0.023967215791344643,0.47611770033836365,0.4547100067138672,-0.07105043530464172,0.4456039071083069,0.5286093950271606,-0.07635930180549622,0.45451924204826355,0.5764349699020386,-0.06963378190994263,0.5803369879722595,0.5573669672012329,-0.04382595419883728,0.474177747964859,0.5407036542892456,-0.08490589261054993,0.45579224824905396,0.6064047813415527,-0.06826305389404297,0.47233378887176514,0.6374400854110718,-0.048528097569942474,0.5775171518325806,0.6142308712005615,-0.06745098531246185,0.4884697198867798,0.6131370663642883,-0.09131444245576859,0.4661092162132263,0.6594766974449158,-0.07970402389764786,0.47376859188079834,0.6836973428726196,-0.06538393348455429,I
0.5069690346717834,0.8113629817962646,-4.0107667587108153e-07,0.4471203088760376,0.7044254541397095,-0.016324391588568687,0.43101730942726135,0.6008880138397217,-0.034503012895584106,0.4354136288166046,0.5249180793762207,-0.05660209059715271,0.45685967803001404,0.47705164551734924,-0.07615839689970016,0.5329838991165161,0.4887823760509491,-0.009298484772443771,0.5306972861289978,0.3848971724510193,-0.043258510529994965,0.5142970085144043,0.31622543931007385,-0.06319351494312286,0.4990193843841553,0.26085928082466125,-0.07740345597267151,0.5704621076583862,0.5134000778198242,-0.02369057387113571,0.48281726241111755,0.45352351665496826,-0.07013998180627823,0.45209476351737976,0.5255789160728455,-0.07578272372484207,0.46089068055152893,0.5746195316314697,-0.06962040066719055,0.5861185193061829,0.5592775344848633,-0.04333483427762985,0.4807046353816986,0.5404517650604248,-0.08433924615383148,0.46188950538635254,0.6062374114990234,-0.06821748614311218,0.47777146100997925,0.6399355530738831,-0.04904647544026375,0.5836060047149658,0.61644047498703,-0.06677564233541489,0.49430280923843384,0.616912841796875,-0.09179585427045822,0.4705742597579956,0.6635607481002808,-0.08143822848796844,0.47684335708618164,0.6890949010848999,-0.06796536594629288,I
0.5186753869056702,0.8283140659332275,-4.3954125317213766e-07,0.4587955176830292,0.7193676233291626,-0.013072683475911617,0.4453808069229126,0.6081005334854126,-0.026907067745923996,0.4530720114707947,0.5324363708496094,-0.04492146894335747,0.47312766313552856,0.48834288120269775,-0.060667868703603745,0.5406036972999573,0.5016847252845764,-0.006161893717944622,0.5356191992759705,0.39696836471557617,-0.03992634639143944,0.5200821161270142,0.32755690813064575,-0.059310365468263626,0.5055050253868103,0.2721876800060272,-0.07305150479078293,0.5761979222297668,0.5272021889686584,-0.021515248343348503,0.48481523990631104,0.4642649292945862,-0.06981533765792847,0.45242488384246826,0.5387641787528992,-0.0753570944070816,0.4590926766395569,0.5922356247901917,-0.06818872690200806,0.590802788734436,0.5743710398674011,-0.042029011994600296,0.48367413878440857,0.5544832944869995,-0.08426491916179657,0.46614888310432434,0.6198460459709167,-0.06883951276540756,0.48228880763053894,0.6528806686401367,-0.049391645938158035,0.588322103023529,0.6334522366523743,-0.06587947905063629,0.49801602959632874,0.6333291530609131,-0.09047096967697144,0.47613295912742615,0.6785489320755005,-0.08021765947341919,0.48349863290786743,0.7018136978149414,-0.06691493093967438,I
0.5284466743469238,0.8603893518447876,-4.650624703117501e-07,0.467731237411499,0.7500497698783875,-0.011084029451012611,0.45253607630729675,0.644430935382843,-0.025809548795223236,0.45403972268104553,0.5740574598312378,-0.04533771798014641,0.46677207946777344,0.5319528579711914,-0.06267893314361572,0.5511836409568787,0.5314311981201172,-0.008036160841584206,0.5460060238838196,0.42514634132385254,-0.04148329794406891,0.5312461256980896,0.35304051637649536,-0.06117317080497742,0.5181214213371277,0.2944405972957611,-0.07588634639978409,0.5872108936309814,0.556551456451416,-0.02525419555604458,0.48937058448791504,0.5028543472290039,-0.073030486702919,0.45876795053482056,0.579210102558136,-0.07861828058958054,0.46846383810043335,0.6319875717163086,-0.07264386862516403,0.6016954183578491,0.6049932837486267,-0.047211967408657074,0.4912828505039215,0.5894221663475037,-0.08835628628730774,0.47629106044769287,0.6552186608314514,-0.07235071063041687,0.4946632981300354,0.6882669925689697,-0.05363311246037483,0.5994890332221985,0.6653152704238892,-0.07253042608499527,0.507992684841156,0.6661398410797119,-0.09756554663181305,0.4844740927219391,0.7102338671684265,-0.08746716380119324,0.49040377140045166,0.7338747382164001,-0.07455512136220932,I
0.5517885088920593,0.899815559387207,-4.129653632389818e-07,0.48483437299728394,0.7869634628295898,-0.005985552445054054,0.47282537817955017,0.6778742074966431,-0.017742758616805077,0.47351914644241333,0.605319619178772,-0.03530631586909294,0.4737100899219513,0.5626115202903748,-0.05205100402235985,0.5647666454315186,0.5590295791625977,-0.005653460044413805,0.5508362054824829,0.4475415349006653,-0.03608978912234306,0.5370681881904602,0.3713671565055847,-0.05426955968141556,0.5263117551803589,0.307087779045105,-0.06851416081190109,0.596583902835846,0.5835772156715393,-0.024365179240703583,0.48940789699554443,0.5333155393600464,-0.06936053186655045,0.4640861749649048,0.6095851063728333,-0.07417593151330948,0.47673165798187256,0.6600242853164673,-0.06888893991708755,0.6053207516670227,0.6330087184906006,-0.046796299517154694,0.4863484799861908,0.6217669248580933,-0.08582889288663864,0.47164034843444824,0.6895772814750671,-0.06972634047269821,0.48898911476135254,0.7219570875167847,-0.051677245646715164,0.5981361865997314,0.6950389742851257,-0.07200809568166733,0.49965786933898926,0.697314441204071,-0.09596119821071625,0.4812486171722412,0.7449601888656616,-0.08542399853467941,0.491926372051239,0.7684504985809326,-0.0724305659532547,I
0.562846839427948,0.8760210871696472,-3.8274740177257627e-07,0.4900507628917694,0.7644588947296143,-0.006050081457942724,0.47318893671035767,0.6568294167518616,-0.016859212890267372,0.46863359212875366,0.5851545333862305,-0.03330503776669502,0.4663503170013428,0.5417270064353943,-0.04899469390511513,0.5580179691314697,0.5310745239257812,-0.00726288789883256,0.5415446758270264,0.41639822721481323,-0.0394858792424202,0.5300523042678833,0.3383628726005554,-0.05854504927992821,0.5207440257072449,0.2727806568145752,-0.07309312373399734,0.5876678824424744,0.5551818013191223,-0.025292549282312393,0.47214439511299133,0.508851170539856,-0.07314459979534149,0.44581836462020874,0.5875343680381775,-0.07864698767662048,0.4569958448410034,0.6415585279464722,-0.07319168746471405,0.5951820611953735,0.6056975722312927,-0.04702398553490639,0.47107839584350586,0.5983240604400635,-0.08903458714485168,0.45882222056388855,0.6679471731185913,-0.073787622153759,0.47711682319641113,0.7021967172622681,-0.05516398698091507,0.5888088345527649,0.6700618267059326,-0.0713181421160698,0.4881584048271179,0.6768743395805359,-0.09765200316905975,0.4699898362159729,0.7235853672027588,-0.08821505308151245,0.47977322340011597,0.7460087537765503,-0.07512569427490234,I
0.5779441595077515,0.845099925994873,-3.713604996846698e-07,0.5094128251075745,0.7288413047790527,0.00020730684627778828,0.48997750878334045,0.6219848394393921,-0.013119732029736042,0.4795045554637909,0.5479030609130859,-0.03360845521092415,0.47739240527153015,0.5085808038711548,-0.05389457941055298,0.5776704549789429,0.5023437738418579,-0.007607155479490757,0.5610483884811401,0.3870694637298584,-0.038622915744781494,0.5505796074867249,0.3063770532608032,-0.05602988600730896,0.5452982783317566,0.24093645811080933,-0.06959555298089981,0.6011552214622498,0.5287484526634216,-0.02946605533361435,0.4818553924560547,0.47986555099487305,-0.07794878631830215,0.453313410282135,0.556304395198822,-0.08291357755661011,0.4639364778995514,0.610073983669281,-0.07649187743663788,0.6056028604507446,0.5776903629302979,-0.0538845956325531,0.4799670875072479,0.5701305270195007,-0.0940433219075203,0.4716309905052185,0.6351181864738464,-0.0778374895453453,0.4935234785079956,0.668462336063385,-0.058614253997802734,0.5975264310836792,0.637347936630249,-0.08024406433105469,0.4953596889972687,0.6421873569488525,-0.10325523465871811,0.47915926575660706,0.6855113506317139,-0.0924907848238945,0.49066799879074097,0.7068071365356445,-0.07889857888221741,I
0.6363422274589539,0.8282402753829956,-3.1950779089129355e-07,0.5715147256851196,0.7174379229545593,-0.007748673669993877,0.5589753985404968,0.6117104291915894,-0.020628374069929123,0.5608834028244019,0.5375728011131287,-0.038201700896024704,0.5633223652839661,0.49342620372772217,-0.05518801137804985,0.6493021845817566,0.5030973553657532,-0.014315620064735413,0.6414066553115845,0.389193594455719,-0.04727081581950188,0.6357948780059814,0.31062737107276917,-0.06692080199718475,0.6341367363929749,0.24441349506378174,-0.08188279718160629,0.6762041449546814,0.530432403087616,-0.030751068145036697,0.565750002861023,0.4789699912071228,-0.07674252986907959,0.5391247272491455,0.5518350005149841,-0.08041674643754959,0.5537344813346863,0.5967142581939697,-0.07439528405666351,0.6809884309768677,0.5793858766555786,-0.05065277963876724,0.5654326677322388,0.5627638697624207,-0.09034425020217896,0.5514992475509644,0.6221345067024231,-0.0730343908071518,0.5708935856819153,0.650764524936676,-0.053615231066942215,0.6717904210090637,0.6388801336288452,-0.07329921424388885,0.5798617005348206,0.6343828439712524,-0.09733046591281891,0.560370683670044,0.6746749877929688,-0.08628460019826889,0.5682265758514404,0.6971099972724915,-0.07251293212175369,I
0.6966263651847839,0.8393175601959229,-3.401086985377333e-07,0.6352116465568542,0.7298806309700012,-0.006879095919430256,0.6268150806427002,0.6239381432533264,-0.01989547163248062,0.6286913156509399,0.5512876510620117,-0.0385928750038147,0.6327677965164185,0.5120329856872559,-0.05674004182219505,0.7201709151268005,0.5116564631462097,-0.009988476522266865,0.7166421413421631,0.3956770896911621,-0.041309233754873276,0.7132831811904907,0.3168220520019531,-0.05922533944249153,0.7127112746238708,0.24977588653564453,-0.0736243948340416,0.7473253011703491,0.5382951498031616,-0.02812083065509796,0.6365470290184021,0.47595489025115967,-0.07484794408082962,0.6100999712944031,0.553584098815918,-0.0784083902835846,0.6247352361679077,0.6040982604026794,-0.07159087061882019,0.7523677349090576,0.5859418511390686,-0.04983309656381607,0.634455680847168,0.5628628134727478,-0.09010721743106842,0.6232467293739319,0.6286702156066895,-0.07225968688726425,0.6456731557846069,0.6607372760772705,-0.05240597203373909,0.7426844239234924,0.6436089277267456,-0.07433400303125381,0.6504822969436646,0.6377338767051697,-0.09940219670534134,0.6344709396362305,0.6824482083320618,-0.08872868865728378,0.6475499272346497,0.7063032984733582,-0.07528818398714066,I
0.7349895238876343,0.8360276818275452,-3.231943139780924e-07,0.6694451570510864,0.7288758754730225,-0.008735294453799725,0.6547023057937622,0.6221115589141846,-0.021431583911180496,0.6500065922737122,0.5488583445549011,-0.03923310339450836,0.6480669379234314,0.5019447207450867,-0.05651131272315979,0.7404801845550537,0.5065189003944397,-0.011261376552283764,0.738929033279419,0.3908647298812866,-0.042708445340394974,0.73961341381073,0.31446582078933716,-0.06161094456911087,0.7434266209602356,0.2464909851551056,-0.0765429213643074,0.7676069140434265,0.5307604670524597,-0.02720669098198414,0.6561173796653748,0.48795086145401,-0.07472892850637436,0.6289997696876526,0.5621567964553833,-0.08117172122001648,0.6414799094200134,0.610484778881073,-0.07680390775203705,0.7729445099830627,0.5789481401443481,-0.046441882848739624,0.653714120388031,0.5723921656608582,-0.0877862498164177,0.6410313844680786,0.6381673216819763,-0.07186290621757507,0.6617101430892944,0.6687610745429993,-0.05294891819357872,0.765442967414856,0.6381980180740356,-0.06841617822647095,0.6704973578453064,0.6421075463294983,-0.09381862729787827,0.6565150618553162,0.6885939836502075,-0.08348304033279419,0.6725870370864868,0.7100840210914612,-0.06976455450057983,I
0.7585275173187256,0.8235989809036255,-2.8800948825846717e-07,0.6847031712532043,0.7124465703964233,0.0008202448370866477,0.6686975359916687,0.60358726978302,-0.011050121858716011,0.6629008054733276,0.5237573981285095,-0.027900833636522293,0.6548523306846619,0.4745095372200012,-0.04488736763596535,0.7550658583641052,0.48829931020736694,-0.01748310960829258,0.7456111311912537,0.3715187907218933,-0.048740584403276443,0.7412382364273071,0.2915802597999573,-0.06767123937606812,0.7403514981269836,0.22377780079841614,-0.08289353549480438,0.7742051482200623,0.515688419342041,-0.03612998500466347,0.6486371159553528,0.45786938071250916,-0.07629645615816116,0.62306809425354,0.5281152725219727,-0.07684096693992615,0.6382666826248169,0.572396457195282,-0.07194757461547852,0.7720583081245422,0.5643736124038696,-0.0566738024353981,0.6453346610069275,0.5411621928215027,-0.0901128277182579,0.6365858316421509,0.6000085473060608,-0.07022616267204285,0.660548985004425,0.6295369267463684,-0.052186861634254456,0.7601413726806641,0.6222403645515442,-0.0790189728140831,0.6612973809242249,0.6142065525054932,-0.1003926545381546,0.6448737382888794,0.6559653878211975,-0.08901315927505493,0.6563766002655029,0.6797370314598083,-0.07644830644130707,I
0.7461339235305786,0.8072507381439209,-2.2530049648139538e-07,0.6984208822250366,0.6904738545417786,0.009600412100553513,0.6803974509239197,0.5792097449302673,-0.0016267993487417698,0.661328911781311,0.5083211660385132,-0.019442113116383553,0.6381412148475647,0.47081002593040466,-0.03891773149371147,0.7387636303901672,0.478444367647171,-0.01659226603806019,0.7277499437332153,0.36152762174606323,-0.046654004603624344,0.7231139540672302,0.2795271873474121,-0.0645095556974411,0.7215701341629028,0.21083727478981018,-0.07952772080898285,0.748022198677063,0.5087869167327881,-0.03915763273835182,0.6172756552696228,0.45346546173095703,-0.07454418390989304,0.6059091687202454,0.5211983323097229,-0.07184629142284393,0.6313697099685669,0.5572621822357178,-0.06734658032655716,0.738797128200531,0.5613105893135071,-0.062429819256067276,0.6111754775047302,0.5343178510665894,-0.09091606736183167,0.6135181784629822,0.5911229252815247,-0.06890901923179626,0.6435433030128479,0.6141180396080017,-0.052070822566747665,0.7228243350982666,0.6209216117858887,-0.08662612736225128,0.6246758103370667,0.6053906083106995,-0.10716966539621353,0.6193682551383972,0.6461251974105835,-0.09572955965995789,0.6380283832550049,0.6659127473831177,-0.08458565175533295,I
0.720707893371582,0.8024340867996216,-1.9570650522382493e-07,0.7028961181640625,0.6859074831008911,0.01202240027487278,0.6822711825370789,0.5725839734077454,0.002728000283241272,0.6450514793395996,0.5043371319770813,-0.012855234555900097,0.6065259575843811,0.4717167615890503,-0.030436161905527115,0.7162908315658569,0.478521466255188,-0.012722440995275974,0.7014769911766052,0.3609248995780945,-0.040562763810157776,0.6946904063224792,0.2791731655597687,-0.056163396686315536,0.6933292150497437,0.21198171377182007,-0.06889765709638596,0.7171615958213806,0.5066420435905457,-0.03482290357351303,0.5922126173973083,0.4495847225189209,-0.0671684741973877,0.585340142250061,0.5125107765197754,-0.06349629163742065,0.6132598519325256,0.5449111461639404,-0.058018676936626434,0.7016288042068481,0.5563588738441467,-0.057165149599313736,0.5788882374763489,0.5293019413948059,-0.0827498659491539,0.5862225294113159,0.5830081105232239,-0.0627303197979927,0.6192401647567749,0.6002270579338074,-0.04771155118942261,0.6805779933929443,0.6132209300994873,-0.07990919053554535,0.5828806757926941,0.605185866355896,-0.09872852265834808,0.5876532196998596,0.6464347243309021,-0.08857686072587967,0.6144173741340637,0.6614813804626465,-0.07873106747865677,I
0.7068609595298767,0.8140139579772949,-1.9722125443877303e-07,0.6793901324272156,0.6981630325317383,0.011566808447241783,0.6618916392326355,0.585594892501831,0.003319102805107832,0.6377583146095276,0.5150402188301086,-0.010850070975720882,0.6110096573829651,0.48071807622909546,-0.026979945600032806,0.6978525519371033,0.4891837239265442,-0.013354774564504623,0.6843198537826538,0.37415534257888794,-0.04292229562997818,0.6788526773452759,0.29337620735168457,-0.06085945665836334,0.6788781881332397,0.2250274121761322,-0.07537776976823807,0.6991374492645264,0.5186033844947815,-0.035086944699287415,0.5712239742279053,0.4607268273830414,-0.06887225061655045,0.5641636252403259,0.5243145823478699,-0.06617528200149536,0.5930141806602478,0.5568972826004028,-0.06118937209248543,0.6850587725639343,0.5701168775558472,-0.057187214493751526,0.5609514117240906,0.543513298034668,-0.0845823884010315,0.5694586634635925,0.5966662168502808,-0.06436478346586227,0.604621171951294,0.6142521500587463,-0.04829723760485649,0.6666638255119324,0.6282982230186462,-0.07964764535427094,0.5687553286552429,0.6155838966369629,-0.09956461191177368,0.5747741460800171,0.656703531742096,-0.08855648338794708,0.6033822894096375,0.6722804307937622,-0.0774722769856453,I
0.7109864354133606,0.8334528207778931,-2.104917484757607e-07,0.6613144278526306,0.721825122833252,0.006357137113809586,0.6374087929725647,0.6101582646369934,-0.0042984685860574245,0.6131470799446106,0.5365830063819885,-0.020723098888993263,0.5863502025604248,0.4990682601928711,-0.03826778754591942,0.6949830651283264,0.5064614415168762,-0.012348123826086521,0.6785290837287903,0.3934379816055298,-0.04133901000022888,0.6709639430046082,0.31387269496917725,-0.05847001075744629,0.6687381267547607,0.24618682265281677,-0.07266814261674881,0.7017232775688171,0.534898042678833,-0.03299843892455101,0.5731053352355957,0.49111413955688477,-0.06937731802463531,0.5680193901062012,0.5574427247047424,-0.06808174401521683,0.5978371500968933,0.5901063084602356,-0.06350197643041611,0.6912176012992859,0.58500075340271,-0.05481380969285965,0.5666224360466003,0.5746999979019165,-0.08440963178873062,0.575838029384613,0.6304154396057129,-0.06428732722997665,0.6099306344985962,0.6471584439277649,-0.04792630672454834,0.6747537851333618,0.6430904865264893,-0.0778314620256424,0.5780449509620667,0.6433402299880981,-0.09839491546154022,0.5843440890312195,0.6854328513145447,-0.08783433586359024,0.6121625304222107,0.6983911991119385,-0.07710761576890945,I
0.6889095902442932,0.863694965839386,-2.5447263851674506e-07,0.6229656934738159,0.7539975643157959,0.0066372728906571865,0.6024625897407532,0.6424875855445862,-0.00195970106869936,0.5901986956596375,0.5661335587501526,-0.016298947855830193,0.5733838081359863,0.5270155668258667,-0.03202115744352341,0.6693733334541321,0.5346660614013672,-0.01198492106050253,0.6532806754112244,0.420747846364975,-0.04050743207335472,0.6457196474075317,0.3384147584438324,-0.05892949551343918,0.6418566107749939,0.26779627799987793,-0.07469465583562851,0.6818967461585999,0.5612102746963501,-0.03247605636715889,0.5493093132972717,0.5153756737709045,-0.06696063280105591,0.5366936922073364,0.5850919485092163,-0.06586645543575287,0.5618873834609985,0.6212077736854553,-0.06231788545846939,0.6768497824668884,0.6115199327468872,-0.054152898490428925,0.5493728518486023,0.5966991782188416,-0.08302299678325653,0.5506574511528015,0.6537656188011169,-0.06277867406606674,0.5814181566238403,0.6755544543266296,-0.04662860929965973,0.6652799248695374,0.6717690825462341,-0.0771416425704956,0.5677652359008789,0.6620938777923584,-0.09824815392494202,0.5638764500617981,0.7056728601455688,-0.08705970644950867,0.5864895582199097,0.725722074508667,-0.07566966116428375,I
0.6846563816070557,0.8843783140182495,-2.889387928917131e-07,0.6087203621864319,0.783818781375885,0.004463998135179281,0.5873637795448303,0.6688867807388306,-0.0032318069133907557,0.5807344317436218,0.5895968079566956,-0.016073519363999367,0.5713239908218384,0.5456299781799316,-0.029742592945694923,0.6570777297019958,0.5458102822303772,-0.01152385026216507,0.6395083069801331,0.4286178946495056,-0.039319176226854324,0.6307674646377563,0.3447595536708832,-0.05715223401784897,0.6253643035888672,0.2718220055103302,-0.07281379401683807,0.6738766431808472,0.5696108341217041,-0.03089335188269615,0.5360564589500427,0.526989221572876,-0.06437962502241135,0.5252072811126709,0.6003406047821045,-0.06266810745000839,0.5523028373718262,0.6367474794387817,-0.05872143805027008,0.6723398566246033,0.6177107095718384,-0.051792487502098083,0.5396068692207336,0.6080245971679688,-0.07953865826129913,0.5419614315032959,0.6691962480545044,-0.05899752676486969,0.5731133222579956,0.690731942653656,-0.04326731711626053,0.6628699898719788,0.6773949265480042,-0.07447640597820282,0.5617347955703735,0.6771489977836609,-0.09607604146003723,0.5604702830314636,0.726146936416626,-0.08575724065303802,0.5850913524627686,0.7465698719024658,-0.07484497874975204,I
0.7025245428085327,0.9360244274139404,-2.5878887299768394e-07,0.6273821592330933,0.8302348852157593,0.0031681074760854244,0.6068730354309082,0.7182992100715637,-0.008328620344400406,0.5995650887489319,0.6397562026977539,-0.02557883784174919,0.5879393815994263,0.5992198586463928,-0.04439837858080864,0.6777275800704956,0.5944989323616028,-0.015671363100409508,0.657518208026886,0.4779786169528961,-0.04746652767062187,0.6475631594657898,0.3915351927280426,-0.0677855834364891,0.6406246423721313,0.31736424565315247,-0.08510925620794296,0.6953628659248352,0.6231526136398315,-0.036440614610910416,0.5566408038139343,0.5803526639938354,-0.07319258153438568,0.547818660736084,0.6546139121055603,-0.07118353247642517,0.5753702521324158,0.6888789534568787,-0.06689033657312393,0.6937207579612732,0.6777613162994385,-0.05901731550693512,0.5571231842041016,0.6627258658409119,-0.09005741775035858,0.5607936382293701,0.7246531844139099,-0.06728287041187286,0.5928998589515686,0.7452357411384583,-0.04978093504905701,0.6836221814155579,0.7439970970153809,-0.08341916650533676,0.5756586790084839,0.7450745701789856,-0.10791188478469849,0.5766295194625854,0.792202353477478,-0.09680325537919998,0.6043400764465332,0.8093586564064026,-0.0851103812456131,I
0.7068020105361938,0.9328645467758179,-2.3340011523487192e-07,0.6281266212463379,0.8261464238166809,-0.002637190278619528,0.6105790138244629,0.7186518907546997,-0.016328688710927963,0.6078194379806519,0.6381317377090454,-0.034355778247117996,0.604346513748169,0.5967957377433777,-0.05311962589621544,0.6932262182235718,0.5961428284645081,-0.02210810035467148,0.6774076223373413,0.4802953600883484,-0.05572407320141792,0.6695157885551453,0.39578402042388916,-0.07689927518367767,0.6649329662322998,0.3229581415653229,-0.0945434421300888,0.7132728099822998,0.624201774597168,-0.04013272002339363,0.5750641822814941,0.5769944190979004,-0.07920091599225998,0.5609601736068726,0.6505461931228638,-0.07746423035860062,0.5860345363616943,0.6856166124343872,-0.07236652076244354,0.7117136716842651,0.6767208576202393,-0.06051819771528244,0.5759389996528625,0.6690167784690857,-0.09267687052488327,0.5777485370635986,0.7281224727630615,-0.0706765279173851,0.608959972858429,0.7470374703407288,-0.05300842598080635,0.6997469067573547,0.7400655150413513,-0.08339553326368332,0.5954009890556335,0.746273934841156,-0.10750498622655869,0.5932832956314087,0.7916014194488525,-0.09702720493078232,0.6172239780426025,0.8082794547080994,-0.08550795167684555,I
0.70778489112854,0.9289952516555786,-2.3956019390425354e-07,0.6296658515930176,0.8190799951553345,-0.00195949780754745,0.6059238910675049,0.713190495967865,-0.017353085801005363,0.5902289152145386,0.6329087018966675,-0.037772972136735916,0.5717198848724365,0.5877664089202881,-0.05872003734111786,0.6955103278160095,0.5894932746887207,-0.018925009295344353,0.6781084537506104,0.47450965642929077,-0.05076901987195015,0.6661159992218018,0.39392736554145813,-0.06830873340368271,0.6591821312904358,0.32532745599746704,-0.0826309472322464,0.715479850769043,0.6203986406326294,-0.03855394199490547,0.5833734273910522,0.5719562768936157,-0.08018339425325394,0.5658040046691895,0.6449511647224426,-0.07913339138031006,0.5878527760505676,0.682045042514801,-0.07281921803951263,0.713827908039093,0.6744349002838135,-0.06048963963985443,0.5830431580543518,0.6636627912521362,-0.09693937748670578,0.5800980925559998,0.7224809527397156,-0.07558941841125488,0.6075922250747681,0.7424662709236145,-0.056064169853925705,0.7019488215446472,0.7371770143508911,-0.08436893671751022,0.599168062210083,0.7388412356376648,-0.10850260406732559,0.5918726921081543,0.7827358245849609,-0.09647920727729797,0.6110004782676697,0.8001266121864319,-0.08323099464178085,I
0.7032572627067566,0.9496452808380127,-2.5867547037705663e-07,0.628331184387207,0.839816153049469,0.003167760791257024,0.6125822067260742,0.728984534740448,-0.007942240685224533,0.6087617874145508,0.6552286148071289,-0.025325970724225044,0.6013014912605286,0.6161125898361206,-0.044163499027490616,0.6893092393875122,0.605718195438385,-0.015036419034004211,0.6719787120819092,0.4877631664276123,-0.04669741168618202,0.662243664264679,0.40250444412231445,-0.06547696888446808,0.6560500264167786,0.3308495879173279,-0.08105546981096268,0.7078704237937927,0.6355313062667847,-0.035787567496299744,0.5706350803375244,0.58610999584198,-0.07487088441848755,0.5555845499038696,0.6597939729690552,-0.07330719381570816,0.5791851282119751,0.6998978853225708,-0.0676816776394844,0.7059909701347351,0.6900299191474915,-0.05844318866729736,0.5701881051063538,0.6774917244911194,-0.09056215733289719,0.57020103931427,0.7381057739257812,-0.06930262595415115,0.5989859700202942,0.7617651224136353,-0.05162797123193741,0.6935969591140747,0.7554230093955994,-0.0829470232129097,0.5899136066436768,0.7589558362960815,-0.10595406591892242,0.5869693756103516,0.8048245310783386,-0.09512058645486832,0.6099483370780945,0.8234047293663025,-0.08332144469022751,I
0.6589257121086121,0.9577332735061646,-2.1904178026943555e-07,0.5915492177009583,0.8413556814193726,0.0021638532634824514,0.5697957873344421,0.7256367206573486,-0.008853391744196415,0.5571805834770203,0.6525131464004517,-0.026696577668190002,0.5399371981620789,0.6153044700622559,-0.04606260731816292,0.6393693685531616,0.6069762706756592,-0.012854866683483124,0.6199393272399902,0.4901491403579712,-0.04659496247768402,0.6115183234214783,0.40381965041160583,-0.06704648584127426,0.6061809659004211,0.3321029543876648,-0.08358979225158691,0.657394289970398,0.6396073698997498,-0.03481052815914154,0.5176789164543152,0.600580096244812,-0.07711615413427353,0.5066608190536499,0.6735827922821045,-0.07788378745317459,0.5333762764930725,0.707572877407074,-0.07306574285030365,0.6560105681419373,0.6984670758247375,-0.05903606489300728,0.5187516808509827,0.6976200938224792,-0.0939355343580246,0.5241588354110718,0.7543196678161621,-0.07351527363061905,0.5568702816963196,0.769507110118866,-0.05549154430627823,0.6439370512962341,0.769465446472168,-0.08524953573942184,0.5387145280838013,0.7814674973487854,-0.10925811529159546,0.5418989658355713,0.8228316307067871,-0.09786008298397064,0.5707434415817261,0.833327054977417,-0.08528640121221542,I
0.6086083650588989,0.9548145532608032,-2.693726628422155e-07,0.5501734018325806,0.8414941430091858,0.007058412302285433,0.5320112109184265,0.7303575873374939,-0.005468330346047878,0.5200657248497009,0.6568087339401245,-0.02513369917869568,0.510833203792572,0.6195961833000183,-0.046730976551771164,0.5838474035263062,0.6118042469024658,-0.01780283823609352,0.5581678152084351,0.4928167462348938,-0.05055056884884834,0.5466359853744507,0.40525904297828674,-0.06853944063186646,0.5405373573303223,0.3336644172668457,-0.08330988138914108,0.602909505367279,0.6445315480232239,-0.041387781500816345,0.45607444643974304,0.6118078827857971,-0.08105248957872391,0.44701164960861206,0.6854739785194397,-0.07836498320102692,0.4743826687335968,0.7192673683166504,-0.07228326052427292,0.6040282249450684,0.7046502232551575,-0.06632515043020248,0.46099936962127686,0.7028820514678955,-0.09820086508989334,0.4665836989879608,0.761498212814331,-0.07607880979776382,0.49926984310150146,0.7766207456588745,-0.05853772908449173,0.596482515335083,0.7754806876182556,-0.09258173406124115,0.48364001512527466,0.7861530780792236,-0.11614254117012024,0.48098015785217285,0.8290379047393799,-0.10547615587711334,0.5041943788528442,0.8414015173912048,-0.09409529715776443,I
0.5673980116844177,0.9612338542938232,-2.50505848953253e-07,0.4944843649864197,0.8514694571495056,0.0023483007680624723,0.47212451696395874,0.7426055669784546,-0.012805228121578693,0.4591629207134247,0.6692928075790405,-0.03476181998848915,0.44876790046691895,0.6332594752311707,-0.0580388605594635,0.5441309809684753,0.6115792393684387,-0.019155513495206833,0.5204975008964539,0.4867091178894043,-0.053736813366413116,0.5068213939666748,0.3969041407108307,-0.07301060855388641,0.49781882762908936,0.32393303513526917,-0.0887797623872757,0.5662041306495667,0.6446263194084167,-0.04175015166401863,0.41939330101013184,0.6083001494407654,-0.08591431379318237,0.4070100784301758,0.683443009853363,-0.08497272431850433,0.43353044986724854,0.7182628512382507,-0.07856366038322449,0.5678220391273499,0.7037486433982849,-0.06623267382383347,0.42298418283462524,0.7073748707771301,-0.10145128518342972,0.42870596051216125,0.767253577709198,-0.0789349377155304,0.46265459060668945,0.7805850505828857,-0.059723395854234695,0.556851327419281,0.7739214301109314,-0.09265072643756866,0.4435136318206787,0.7885259389877319,-0.1171422228217125,0.44182276725769043,0.8317624926567078,-0.10536723583936691,0.46754342317581177,0.8412987589836121,-0.09231504052877426,I
0.534638524055481,0.9700310230255127,-2.51915167837069e-07,0.451339453458786,0.8577788472175598,-0.0009287309367209673,0.42984870076179504,0.7437070608139038,-0.01702718436717987,0.4195624589920044,0.6635199189186096,-0.03994967043399811,0.4073832035064697,0.6180770397186279,-0.06418181955814362,0.5129575729370117,0.6088927388191223,-0.020203327760100365,0.4890221357345581,0.48055005073547363,-0.05490868538618088,0.476157546043396,0.3906788229942322,-0.07366473227739334,0.4671344757080078,0.314445436000824,-0.0888775959610939,0.5376728773117065,0.6449690461158752,-0.042741887271404266,0.3912391662597656,0.608339250087738,-0.08874228596687317,0.3777764141559601,0.6846163868904114,-0.08879157900810242,0.4034765958786011,0.7212866544723511,-0.08296484500169754,0.5388005971908569,0.7054416537284851,-0.06741628795862198,0.3920479416847229,0.706455647945404,-0.10608284920454025,0.3952092230319977,0.772936224937439,-0.08293420821428299,0.4273962080478668,0.7928410768508911,-0.06269164383411407,0.5261650085449219,0.7764531970024109,-0.09428767114877701,0.4103730320930481,0.7895718216896057,-0.12135817110538483,0.40810737013816833,0.8400704264640808,-0.10860981792211533,0.43470335006713867,0.8550866842269897,-0.094320148229599,I
0.5009620785713196,0.9750280380249023,-2.647594214977289e-07,0.42331361770629883,0.8601531386375427,-0.00047675022506155074,0.40264892578125,0.744147539138794,-0.01648605614900589,0.3932272493839264,0.6645600199699402,-0.03885269537568092,0.38525494933128357,0.6205336451530457,-0.06254085898399353,0.4724269509315491,0.6113141179084778,-0.023476671427488327,0.44699811935424805,0.48643404245376587,-0.061029259115457535,0.4360181987285614,0.3978709578514099,-0.08335771411657333,0.42873382568359375,0.3196924924850464,-0.10200561583042145,0.5012919306755066,0.646300196647644,-0.046014007180929184,0.351159006357193,0.6179280877113342,-0.09220271557569504,0.3411293029785156,0.6984607577323914,-0.09157238155603409,0.36861127614974976,0.7339822053909302,-0.0862521380186081,0.5052044987678528,0.7097345590591431,-0.07088196277618408,0.3558385968208313,0.7221600413322449,-0.10816962271928787,0.3626779615879059,0.787391185760498,-0.08407391607761383,0.3969552218914032,0.8038787841796875,-0.06441134214401245,0.4950685501098633,0.7837971448898315,-0.09810231626033783,0.37769582867622375,0.8062517642974854,-0.12574556469917297,0.37546730041503906,0.8551118969917297,-0.11434810608625412,0.40090224146842957,0.8668308258056641,-0.10163556784391403,I
0.4794423282146454,0.9886209964752197,-2.7178589334653225e-07,0.4087984561920166,0.8751727342605591,0.0025549137499183416,0.3843306601047516,0.7580752372741699,-0.011010776273906231,0.3712943494319916,0.6812691688537598,-0.031240548938512802,0.36474883556365967,0.641460657119751,-0.05282276123762131,0.4464765191078186,0.6238799691200256,-0.02101508527994156,0.4247377812862396,0.49292099475860596,-0.057065676897764206,0.41151657700538635,0.4010571241378784,-0.07764124870300293,0.4005095362663269,0.32320576906204224,-0.0951308012008667,0.47305208444595337,0.6587082743644714,-0.04472723230719566,0.3204805254936218,0.6253716945648193,-0.08860564976930618,0.3122914433479309,0.7072073221206665,-0.0863533541560173,0.3435141444206238,0.7412299513816833,-0.08004723489284515,0.47789469361305237,0.7215386629104614,-0.07048194110393524,0.3268759250640869,0.7295423150062561,-0.10513152182102203,0.33522796630859375,0.7946023344993591,-0.08011985570192337,0.3724796175956726,0.807092547416687,-0.06048912554979324,0.47010084986686707,0.7960648536682129,-0.09835956990718842,0.3507723808288574,0.8169419765472412,-0.12344436347484589,0.35395246744155884,0.8651450872421265,-0.11014901101589203,0.38506442308425903,0.8745212554931641,-0.09639515727758408,I
0.433929443359375,1.035638451576233,-3.551121778855304e-07,0.37131690979003906,0.9214534759521484,0.0005674291751347482,0.3442874252796173,0.8034287691116333,-0.0147097148001194,0.3266732692718506,0.7219064235687256,-0.035857442766427994,0.31875869631767273,0.6790423393249512,-0.05815712362527847,0.40173396468162537,0.6593342423439026,-0.029516147449612617,0.37626200914382935,0.5217679142951965,-0.06699672341346741,0.36227723956108093,0.42799055576324463,-0.08868472278118134,0.3499494194984436,0.3477356731891632,-0.10742153972387314,0.4309965968132019,0.692216694355011,-0.05229206755757332,0.272748738527298,0.6713743805885315,-0.09730786830186844,0.2657858431339264,0.7541237473487854,-0.09525256603956223,0.2955000400543213,0.7883651852607727,-0.08977948874235153,0.4365253448486328,0.7579814791679382,-0.07678288966417313,0.2797284722328186,0.7807303667068481,-0.11179901659488678,0.2904598116874695,0.8452788591384888,-0.08709511905908585,0.32795238494873047,0.8574771285057068,-0.06842969357967377,0.4298221170902252,0.8361097574234009,-0.103626549243927,0.30447137355804443,0.8659434914588928,-0.1308245062828064,0.3042287528514862,0.9141639471054077,-0.1192864254117012,0.3313930034637451,0.9251965284347534,-0.10671313852071762,I
0.41906359791755676,1.050333023071289,-3.1204257311401307e-07,0.34741488099098206,0.9320172071456909,0.00450275419279933,0.32210585474967957,0.8122724890708923,-0.010763616301119328,0.3111543357372284,0.7305688858032227,-0.032607220113277435,0.3084472417831421,0.6888996362686157,-0.056582141667604446,0.3852425217628479,0.6752843260765076,-0.03056526556611061,0.35408130288124084,0.5386035442352295,-0.0692271962761879,0.34336256980895996,0.4454846680164337,-0.09312967211008072,0.3362943232059479,0.3613291382789612,-0.1141924187541008,0.4132262170314789,0.710713267326355,-0.056613098829984665,0.2493763267993927,0.6776740550994873,-0.1018524244427681,0.24419239163398743,0.7628520131111145,-0.1007813885807991,0.2770032584667206,0.800911009311676,-0.09699664264917374,0.41741421818733215,0.7786796689033508,-0.08373036235570908,0.2543872594833374,0.7894449830055237,-0.11869365721940994,0.2653888463973999,0.8586727976799011,-0.09341824054718018,0.30450159311294556,0.8770595788955688,-0.07516568154096603,0.40860623121261597,0.8596870303153992,-0.11277271062135696,0.2790752947330475,0.8830162882804871,-0.14116308093070984,0.2824258804321289,0.9329046010971069,-0.12982381880283356,0.3132783770561218,0.9455571174621582,-0.11788880079984665,I
0.4181210994720459,1.054185152053833,-3.2530439852962445e-07,0.3524289131164551,0.9404861927032471,0.0011282716877758503,0.32592323422431946,0.8208305239677429,-0.014244240708649158,0.3122692108154297,0.7365467548370361,-0.03540754318237305,0.3105756938457489,0.6936080455780029,-0.05751577392220497,0.38544273376464844,0.6709420084953308,-0.02919791452586651,0.35841384530067444,0.5308361649513245,-0.06621351838111877,0.3452870547771454,0.4356643855571747,-0.08737092465162277,0.3348723351955414,0.3540489375591278,-0.10594712942838669,0.41375941038131714,0.7044435739517212,-0.05322888866066933,0.2518046796321869,0.677175760269165,-0.09789463132619858,0.2504437267780304,0.7601490616798401,-0.09516038000583649,0.28577178716659546,0.7953968644142151,-0.08924106508493423,0.41900894045829773,0.7715212106704712,-0.07896361500024796,0.25734585523605347,0.7862340807914734,-0.11452683061361313,0.2718695402145386,0.8526440858840942,-0.08912593126296997,0.31335335969924927,0.8662945032119751,-0.06984996050596237,0.4118453860282898,0.8524627089500427,-0.10693852603435516,0.28163647651672363,0.8784430623054504,-0.13490216434001923,0.286347895860672,0.927614688873291,-0.12300102412700653,0.3180491328239441,0.9395256638526917,-0.11002283543348312,I
0.424087256193161,1.0417189598083496,-3.107925010681356e-07,0.36420223116874695,0.9222763776779175,0.0050443545915186405,0.3406275510787964,0.8009087443351746,-0.010334132239222527,0.3244156837463379,0.7224560379981995,-0.0323953703045845,0.31346040964126587,0.6877264976501465,-0.05645987391471863,0.3956063985824585,0.6616304516792297,-0.027307603508234024,0.3711118996143341,0.5222389698028564,-0.06404686719179153,0.3573138117790222,0.42852696776390076,-0.08425538241863251,0.3478536903858185,0.34825339913368225,-0.10173781961202621,0.422556608915329,0.696686863899231,-0.05331871658563614,0.26699894666671753,0.663849949836731,-0.0968567281961441,0.2593424916267395,0.7490347027778625,-0.09259094297885895,0.2922748327255249,0.7835453152656555,-0.08559150993824005,0.4261634051799774,0.7643414735794067,-0.08069238811731339,0.2691596746444702,0.7726548314094543,-0.11558469384908676,0.27811747789382935,0.8416116237640381,-0.08920055627822876,0.31892669200897217,0.8547972440719604,-0.0693868100643158,0.41808319091796875,0.8434463143348694,-0.10970939695835114,0.2889747619628906,0.8645110130310059,-0.13580651581287384,0.2909136414527893,0.9171764850616455,-0.12174654752016068,0.32369738817214966,0.9308395385742188,-0.10774048417806625,I
0.452219158411026,1.0374809503555298,-3.0134467010611843e-07,0.3669663369655609,0.9145544767379761,-0.000763903371989727,0.3443574905395508,0.7927035689353943,-0.018144646659493446,0.34019309282302856,0.7079207897186279,-0.04130309447646141,0.3408888876438141,0.6638616323471069,-0.06587297469377518,0.4317888617515564,0.650090217590332,-0.0286534633487463,0.4160105884075165,0.5148350596427917,-0.06572869420051575,0.40523287653923035,0.4187889099121094,-0.08758926391601562,0.397030770778656,0.33805641531944275,-0.10647843778133392,0.46225568652153015,0.6860912442207336,-0.05249027535319328,0.30582326650619507,0.6424877047538757,-0.09729933738708496,0.2859763205051422,0.7283973097801208,-0.09448404610157013,0.31256330013275146,0.7678809762001038,-0.08845029771327972,0.46499109268188477,0.7516283988952637,-0.07835214585065842,0.3037831783294678,0.7444332838058472,-0.11614865809679031,0.30205991864204407,0.8176340460777283,-0.08993606269359589,0.3380989134311676,0.8411166667938232,-0.0695982500910759,0.45417630672454834,0.8290008306503296,-0.10643389821052551,0.3224862217903137,0.8385328650474548,-0.13618400692939758,0.3178071677684784,0.8949230313301086,-0.12273307889699936,0.3484152555465698,0.9157384634017944,-0.10824892669916153,I
0.4525798261165619,1.0356957912445068,-3.624896294240898e-07,0.38845717906951904,0.9111897349357605,0.00021899565763305873,0.3750877380371094,0.7849899530410767,-0.014707332476973534,0.37299659848213196,0.6993577480316162,-0.03615136072039604,0.37615111470222473,0.6543325781822205,-0.058966509997844696,0.4506368935108185,0.6471755504608154,-0.022497685626149178,0.4359573423862457,0.5065106153488159,-0.05854484811425209,0.4300549626350403,0.4103894531726837,-0.07889774441719055,0.4274030327796936,0.3281168043613434,-0.09663582593202591,0.4802580773830414,0.6820420026779175,-0.04580993950366974,0.327996164560318,0.6326023936271667,-0.09302108734846115,0.30687832832336426,0.7205219268798828,-0.09262879192829132,0.3302518427371979,0.7671513557434082,-0.08687017858028412,0.4838234782218933,0.7459722757339478,-0.07122933119535446,0.3263169825077057,0.7359197735786438,-0.11180240660905838,0.32338395714759827,0.8142891526222229,-0.08860816806554794,0.3574022352695465,0.8429853320121765,-0.06844818592071533,0.47386258840560913,0.8212908506393433,-0.09849053621292114,0.3431485593318939,0.8267886638641357,-0.12917493283748627,0.3352232277393341,0.8844084739685059,-0.11790671199560165,0.36356669664382935,0.9060242176055908,-0.10423671454191208,I
0.45440012216567993,1.0067486763000488,-3.4387386449452606e-07,0.3844349980354309,0.8845160007476807,-0.00606126943603158,0.37406086921691895,0.7648500800132751,-0.02240917459130287,0.3747979998588562,0.6803109645843506,-0.044340040534734726,0.37701359391212463,0.6340717077255249,-0.06706678867340088,0.45884737372398376,0.6263068318367004,-0.024648049846291542,0.44504663348197937,0.48584482073783875,-0.06307685375213623,0.4392940104007721,0.38905322551727295,-0.08642996847629547,0.43664196133613586,0.30638939142227173,-0.10569507628679276,0.4878644347190857,0.6597135663032532,-0.04425470158457756,0.33526188135147095,0.608896791934967,-0.09472386538982391,0.3108735680580139,0.6939108371734619,-0.09739555418491364,0.33164629340171814,0.7428110241889954,-0.09239330142736435,0.4900331497192383,0.7216004729270935,-0.06661180406808853,0.3318881392478943,0.7118352055549622,-0.11047792434692383,0.32504990696907043,0.7883793711662292,-0.09015128761529922,0.35504350066185,0.8207455277442932,-0.06995061039924622,0.47719964385032654,0.795343279838562,-0.09148024767637253,0.3486555218696594,0.8007771968841553,-0.12467504292726517,0.33517900109291077,0.8568969368934631,-0.11563687026500702,0.35715746879577637,0.8814569711685181,-0.10205088555812836,I
0.4444580376148224,0.9800906777381897,-3.7552482012870314e-07,0.36926841735839844,0.8563553094863892,-0.0073907505720853806,0.35675543546676636,0.7404616475105286,-0.024633582681417465,0.3557893931865692,0.6560010313987732,-0.04779097065329552,0.3569062650203705,0.6055177450180054,-0.07137413322925568,0.4557739794254303,0.6084519028663635,-0.02289542928338051,0.442529559135437,0.46852073073387146,-0.062247443944215775,0.4366297125816345,0.37242671847343445,-0.08528468757867813,0.4348399341106415,0.2893676459789276,-0.1040324717760086,0.48321259021759033,0.6420116424560547,-0.04310794174671173,0.3351331949234009,0.5828350186347961,-0.09626661241054535,0.3081479072570801,0.6705929636955261,-0.09923537820577621,0.3287045359611511,0.7220966815948486,-0.09327160567045212,0.4847679138183594,0.7003341317176819,-0.06652829796075821,0.329977422952652,0.688310980796814,-0.11276056617498398,0.32407546043395996,0.7673597931861877,-0.09153492003679276,0.3561227321624756,0.8011283278465271,-0.07001591473817825,0.47131380438804626,0.7698917984962463,-0.09270848333835602,0.34469592571258545,0.7762296795845032,-0.12629656493663788,0.33431434631347656,0.8327166438102722,-0.11633656919002533,0.3598938584327698,0.8572516441345215,-0.10203491896390915,I
0.4328344762325287,0.9813239574432373,-3.866636006932822e-07,0.3602353036403656,0.8531209826469421,-0.008099990896880627,0.35001835227012634,0.7371678352355957,-0.027041107416152954,0.3489629328250885,0.6541031002998352,-0.05193961411714554,0.35118183493614197,0.6052922010421753,-0.07746051996946335,0.4523329436779022,0.6110774278640747,-0.02519397623836994,0.44043225049972534,0.4699631333351135,-0.06438805907964706,0.4358426332473755,0.3739277422428131,-0.08703074604272842,0.43502944707870483,0.2902366816997528,-0.10565970838069916,0.47888410091400146,0.6454453468322754,-0.04614933207631111,0.33111172914505005,0.5849767327308655,-0.09922964125871658,0.30439895391464233,0.6717132925987244,-0.10229548811912537,0.32462650537490845,0.7241972088813782,-0.09677115827798843,0.47859182953834534,0.7042982578277588,-0.07013887166976929,0.3228451609611511,0.6900398135185242,-0.11636389046907425,0.31752127408981323,0.7713683247566223,-0.09513980150222778,0.3493976891040802,0.8070852160453796,-0.07404383271932602,0.463024765253067,0.773944616317749,-0.09696502238512039,0.3354390263557434,0.776069164276123,-0.13076069951057434,0.32605141401290894,0.8340550065040588,-0.1203635185956955,0.3520359694957733,0.8608911633491516,-0.1059565469622612,I
0.4113295078277588,1.0016698837280273,-4.322446898186172e-07,0.35157471895217896,0.8755571842193604,-0.0059131416492164135,0.3465735912322998,0.7553228735923767,-0.022739272564649582,0.3479956388473511,0.6710821986198425,-0.045145709067583084,0.35075339674949646,0.6247414350509644,-0.06793577969074249,0.4432503581047058,0.6287568807601929,-0.024087857455015182,0.4314294755458832,0.4865022301673889,-0.06281585991382599,0.4263631999492645,0.38978633284568787,-0.08554859459400177,0.4249144494533539,0.3056332767009735,-0.10454680025577545,0.46635901927948,0.6632656455039978,-0.0450737401843071,0.3161594867706299,0.5936018228530884,-0.0950225293636322,0.28872084617614746,0.6805657148361206,-0.09610766172409058,0.30890363454818726,0.7317127585411072,-0.09032938629388809,0.4637083113193512,0.722615659236908,-0.06902438402175903,0.3071655035018921,0.695978045463562,-0.11173782497644424,0.3000202178955078,0.7755617499351501,-0.0891675129532814,0.33168748021125793,0.8091744184494019,-0.0686366930603981,0.44688189029693604,0.7937840223312378,-0.09576647728681564,0.31924909353256226,0.7890477180480957,-0.12785829603672028,0.30844584107398987,0.8468098640441895,-0.11724503338336945,0.33478617668151855,0.8727389574050903,-0.10346955806016922,I
0.41975027322769165,0.9865697622299194,-3.5597730629888247e-07,0.3481742739677429,0.8557155728340149,-0.007590943947434425,0.33796021342277527,0.7382265329360962,-0.02584094926714897,0.3399651050567627,0.6548957228660583,-0.049353186041116714,0.34442225098609924,0.6090353727340698,-0.07345155626535416,0.44151678681373596,0.6158477067947388,-0.025959767401218414,0.4294935464859009,0.47798416018486023,-0.06497682631015778,0.4256981909275055,0.38211748003959656,-0.08835139125585556,0.4238958954811096,0.2994301915168762,-0.10783915221691132,0.4695613980293274,0.6510843634605408,-0.046260636299848557,0.31945979595184326,0.5871685147285461,-0.09586911648511887,0.29330432415008545,0.674602746963501,-0.09695422649383545,0.3141355812549591,0.7242471575737,-0.09131806343793869,0.46870842576026917,0.7109135389328003,-0.06968056410551071,0.3110145330429077,0.6907103061676025,-0.11346597969532013,0.3047446310520172,0.7711866497993469,-0.09083110094070435,0.33603528141975403,0.806287407875061,-0.06974222511053085,0.4522043466567993,0.781697690486908,-0.09588272869586945,0.3246638774871826,0.7799285054206848,-0.12938717007637024,0.31315532326698303,0.8380419611930847,-0.11882669478654861,0.335866779088974,0.8658298850059509,-0.10467284172773361,I
0.41914641857147217,0.9844100475311279,-3.839843714104063e-07,0.3512484133243561,0.854508638381958,-0.0042951577343046665,0.3410569131374359,0.7355976700782776,-0.01976087875664234,0.33827051520347595,0.654787540435791,-0.041262973099946976,0.3386310040950775,0.6081336736679077,-0.06313576549291611,0.44250646233558655,0.6121595501899719,-0.01941818743944168,0.42972275614738464,0.4729154109954834,-0.055433280766010284,0.4226573705673218,0.37616798281669617,-0.07604682445526123,0.41807636618614197,0.2944257855415344,-0.09337741881608963,0.4665081202983856,0.6450416445732117,-0.04036015272140503,0.3182947635650635,0.5781562924385071,-0.08904056996107101,0.29433202743530273,0.6594558358192444,-0.09110261499881744,0.31655704975128174,0.707358717918396,-0.08595678955316544,0.4645295739173889,0.7024247050285339,-0.06410253047943115,0.3085237741470337,0.6791887879371643,-0.10661453753709793,0.3030179440975189,0.755062997341156,-0.08629903942346573,0.3350867033004761,0.7857290506362915,-0.06692696362733841,0.44755372405052185,0.7710367441177368,-0.0902862623333931,0.32011678814888,0.7698034644126892,-0.12134500592947006,0.3101238012313843,0.8256562948226929,-0.11142551898956299,0.3358038663864136,0.8496852517127991,-0.09819179773330688,I
0.41364309191703796,0.9852952361106873,-3.5620558946902747e-07,0.3402627408504486,0.8589404225349426,-0.005806383211165667,0.3267210125923157,0.7418206930160522,-0.02480296604335308,0.3226189613342285,0.6559252142906189,-0.049725424498319626,0.320189893245697,0.6044037342071533,-0.07504089921712875,0.4322158098220825,0.6160516738891602,-0.023552903905510902,0.4206666648387909,0.47546643018722534,-0.06001605838537216,0.4144955575466156,0.377367228269577,-0.08006567507982254,0.4100245237350464,0.2967471778392792,-0.09667603671550751,0.45573803782463074,0.6507818698883057,-0.04450296610593796,0.3096817135810852,0.5896875858306885,-0.09288675338029861,0.28591388463974,0.6686654686927795,-0.09317660331726074,0.30786189436912537,0.7127053141593933,-0.08691811561584473,0.45294350385665894,0.7088257074356079,-0.06822611391544342,0.300293892621994,0.6910305023193359,-0.10990871489048004,0.2950175106525421,0.7629461884498596,-0.08711083233356476,0.326223224401474,0.7905856966972351,-0.06642557680606842,0.43527090549468994,0.7761638164520264,-0.09464182704687119,0.31120043992996216,0.7755333781242371,-0.12495920807123184,0.30023378133773804,0.8297813534736633,-0.11327077448368073,0.32336562871932983,0.85273277759552,-0.09879287332296371,I
0.40891462564468384,0.9949289560317993,-3.8661389112348843e-07,0.3383747339248657,0.8676726818084717,-0.0017773279687389731,0.3274034857749939,0.7488598227500916,-0.01697288267314434,0.32233795523643494,0.6647282838821411,-0.03850239887833595,0.3188343346118927,0.6137934923171997,-0.06053172051906586,0.42777371406555176,0.6219550371170044,-0.018409842625260353,0.4130861759185791,0.47966861724853516,-0.053641483187675476,0.4063614010810852,0.3821202516555786,-0.07365463674068451,0.40225017070770264,0.299392968416214,-0.09059908241033554,0.4504518210887909,0.6545854210853577,-0.0403558723628521,0.3016316890716553,0.5880058407783508,-0.0866212546825409,0.2804734706878662,0.6702075600624084,-0.0867478996515274,0.30376678705215454,0.7185535430908203,-0.08084007352590561,0.44730696082115173,0.711175262928009,-0.06486815214157104,0.2918199896812439,0.6929073333740234,-0.10386505722999573,0.2885569632053375,0.7693463563919067,-0.08178029209375381,0.32116901874542236,0.7995923161506653,-0.06248217448592186,0.42992332577705383,0.7784913182258606,-0.09188622236251831,0.3029266595840454,0.7831127643585205,-0.1210891380906105,0.2924399971961975,0.8417478799819946,-0.11073234677314758,0.316636860370636,0.866192638874054,-0.09781735390424728,I
0.40326565504074097,0.9867571592330933,-3.664492851385148e-07,0.3365072011947632,0.8564014434814453,-3.2610027119517326e-05,0.32684963941574097,0.7366631627082825,-0.014680863358080387,0.3225495219230652,0.6539158225059509,-0.03607917204499245,0.3142458200454712,0.6070356369018555,-0.058175601065158844,0.4239066541194916,0.614692747592926,-0.01715528406202793,0.4108792245388031,0.47463083267211914,-0.0519847646355629,0.40310847759246826,0.3786742389202118,-0.07144086062908173,0.39774811267852783,0.2981274127960205,-0.08780340105295181,0.4458494782447815,0.6480181813240051,-0.04000788554549217,0.29858916997909546,0.5825980305671692,-0.08682180941104889,0.27838975191116333,0.6637134552001953,-0.08734026551246643,0.30229541659355164,0.7103081941604614,-0.08132269978523254,0.442352294921875,0.7055653929710388,-0.06522305309772491,0.2881568372249603,0.6856114864349365,-0.10500890761613846,0.28485989570617676,0.7606374025344849,-0.08374246954917908,0.3167518973350525,0.7899655699729919,-0.06450164318084717,0.42552146315574646,0.7739459276199341,-0.09264492988586426,0.30028364062309265,0.7787456512451172,-0.12199734896421432,0.2896214723587036,0.8355515003204346,-0.11185875535011292,0.3123973608016968,0.8587613701820374,-0.09892863035202026,I
0.4102083742618561,0.9947820901870728,-3.354447812853323e-07,0.3348188102245331,0.8695157170295715,-0.0025902166962623596,0.3225799798965454,0.7505589127540588,-0.019287731498479843,0.3192373514175415,0.6641408205032349,-0.04218484088778496,0.31362804770469666,0.613223135471344,-0.06568089872598648,0.4244954288005829,0.6195209622383118,-0.020485974848270416,0.41105473041534424,0.4771682620048523,-0.05594031512737274,0.4035871922969818,0.3788992166519165,-0.07521222531795502,0.3981892466545105,0.2978038191795349,-0.09157338738441467,0.44675642251968384,0.6543982028961182,-0.04263091832399368,0.29785335063934326,0.585990309715271,-0.09026475250720978,0.27572450041770935,0.6717279553413391,-0.08984408527612686,0.29951927065849304,0.7200233936309814,-0.0829613134264946,0.443202942609787,0.713135302066803,-0.06731284409761429,0.2884988486766815,0.6908777356147766,-0.10861522704362869,0.2847195267677307,0.7694591879844666,-0.0856713131070137,0.3179561197757721,0.8001296520233154,-0.0649828314781189,0.42581257224082947,0.7825832962989807,-0.09426312893629074,0.30093398690223694,0.784088134765625,-0.12508076429367065,0.2912822663784027,0.8428443074226379,-0.11411035060882568,0.3164746165275574,0.8668838739395142,-0.10033455491065979,I
0.40323081612586975,1.0034176111221313,-3.9935767404131184e-07,0.33793023228645325,0.8732802867889404,-0.0010174232302233577,0.32937681674957275,0.7525097131729126,-0.01592891290783882,0.32458236813545227,0.6685050129890442,-0.03713790699839592,0.3150360584259033,0.6205506920814514,-0.05930568277835846,0.42628204822540283,0.6275927424430847,-0.01898239180445671,0.4107474982738495,0.48589640855789185,-0.05390883982181549,0.403035044670105,0.3888874351978302,-0.0736910030245781,0.3979296386241913,0.3066028952598572,-0.09021107852458954,0.44933950901031494,0.6613866090774536,-0.0408950038254261,0.3020760118961334,0.6000181436538696,-0.08746517449617386,0.28050389885902405,0.6826924681663513,-0.08849083632230759,0.30254989862442017,0.7307063937187195,-0.08312012255191803,0.44648581743240356,0.7197124361991882,-0.06496091187000275,0.2924114167690277,0.6978409290313721,-0.10625885426998138,0.28699132800102234,0.7756571769714355,-0.08529738336801529,0.317426472902298,0.8087944984436035,-0.06571756303310394,0.42924681305885315,0.7890738248825073,-0.09097609668970108,0.30277520418167114,0.7881081104278564,-0.12173264473676682,0.2922353148460388,0.84798264503479,-0.11097105592489243,0.3166669011116028,0.8757904171943665,-0.0971156656742096,I
0.4095110595226288,0.9978369474411011,-3.790366633893427e-07,0.3422206938266754,0.8680258393287659,0.0012235763715580106,0.3341769874095917,0.746154248714447,-0.012594949454069138,0.3328720033168793,0.6638330221176147,-0.0333377867937088,0.3281479477882385,0.6170800924301147,-0.05508991703391075,0.42597079277038574,0.6201885938644409,-0.01667640544474125,0.4119044840335846,0.47963714599609375,-0.051325615495443344,0.40555280447006226,0.38310757279396057,-0.07174906134605408,0.4017502963542938,0.30144253373146057,-0.08897557854652405,0.44890445470809937,0.65236896276474,-0.03950435295701027,0.2997787594795227,0.5940157175064087,-0.0845336988568306,0.28063148260116577,0.6750551462173462,-0.08505968749523163,0.30557680130004883,0.7211441397666931,-0.08010423928499222,0.44613462686538696,0.7110545635223389,-0.06447415053844452,0.29150983691215515,0.6903848052024841,-0.10285487771034241,0.2887544333934784,0.7666785717010498,-0.0810030847787857,0.32099649310112,0.7986822128295898,-0.062081288546323776,0.42933934926986694,0.7815156579017639,-0.09156092256307602,0.3045405447483063,0.7821080684661865,-0.12068985402584076,0.29598984122276306,0.8407525420188904,-0.10989347845315933,0.3209134638309479,0.8673926591873169,-0.09657388925552368,I
0.4039689898490906,0.9940783977508545,-3.7718169210165797e-07,0.33450746536254883,0.8660526871681213,-0.0017060238169506192,0.3248559832572937,0.7481545805931091,-0.016693314537405968,0.319195955991745,0.6653099656105042,-0.038357798010110855,0.3110256493091583,0.6154190897941589,-0.06095964089035988,0.4237937331199646,0.6219213604927063,-0.016728777438402176,0.4093742370605469,0.481309175491333,-0.05065762996673584,0.4017053246498108,0.3844534158706665,-0.06975837796926498,0.39590325951576233,0.3037637770175934,-0.085886649787426,0.4468318223953247,0.6554909348487854,-0.038340307772159576,0.2974923849105835,0.5979247689247131,-0.0841040164232254,0.27539774775505066,0.6789209246635437,-0.08482629805803299,0.2978997826576233,0.7248479127883911,-0.07948307693004608,0.4440484046936035,0.7136439681053162,-0.06244980916380882,0.2889851927757263,0.6955251097679138,-0.10305177420377731,0.28381532430648804,0.7724511027336121,-0.08197443932294846,0.31460946798324585,0.8038353323936462,-0.06270261108875275,0.4269142746925354,0.7833990454673767,-0.08875785022974014,0.30054306983947754,0.7859183549880981,-0.11952698230743408,0.2903814911842346,0.8443103432655334,-0.10930977016687393,0.31510627269744873,0.8698135614395142,-0.09591970592737198,I
0.39009660482406616,1.007519245147705,-3.791800509134191e-07,0.32168328762054443,0.880406379699707,-0.000812732323538512,0.31309017539024353,0.7592335343360901,-0.014505780301988125,0.31542056798934937,0.6748628616333008,-0.03529365360736847,0.32042381167411804,0.6249526143074036,-0.05673953518271446,0.4061245322227478,0.6259512305259705,-0.016649991273880005,0.3876347541809082,0.4819496273994446,-0.053955078125,0.3804382383823395,0.38174185156822205,-0.07571523636579514,0.37616869807243347,0.2974512279033661,-0.09367586672306061,0.43077486753463745,0.6590800285339355,-0.03865300118923187,0.27870607376098633,0.6002782583236694,-0.0860319435596466,0.25881659984588623,0.6858075261116028,-0.0863187238574028,0.2859550714492798,0.7277162671089172,-0.08038318902254105,0.4300665855407715,0.7171369791030884,-0.06342911720275879,0.2724577486515045,0.6962051391601562,-0.1042509526014328,0.2698102295398712,0.7756840586662292,-0.08065023273229599,0.30543455481529236,0.803459644317627,-0.059789739549160004,0.4144936203956604,0.7881201505661011,-0.09067141264677048,0.28727543354034424,0.7886725664138794,-0.12085635960102081,0.28078797459602356,0.8468235731124878,-0.10891543328762054,0.3111024498939514,0.8692728877067566,-0.09420324862003326,I
0.38974907994270325,0.997076690196991,-3.499793592709466e-07,0.3145519196987152,0.8699229955673218,-0.004160603974014521,0.3033914566040039,0.7495386004447937,-0.019466156139969826,0.30328303575515747,0.6642651557922363,-0.04115351289510727,0.29864829778671265,0.613624632358551,-0.06338610500097275,0.4028884172439575,0.621639609336853,-0.018462328240275383,0.3829208016395569,0.48180341720581055,-0.05331286042928696,0.3739781677722931,0.3839658796787262,-0.07289087027311325,0.368365615606308,0.3031979501247406,-0.08923478424549103,0.4263617694377899,0.654915988445282,-0.03932595252990723,0.2760531008243561,0.6049618721008301,-0.08689290285110474,0.25717002153396606,0.6863430142402649,-0.08834388107061386,0.2840229272842407,0.7275869250297546,-0.08323759585618973,0.4245041012763977,0.7124691009521484,-0.06294627487659454,0.2694110870361328,0.6979210376739502,-0.10546315461397171,0.2669751048088074,0.7745172381401062,-0.08394632488489151,0.30103737115859985,0.802596390247345,-0.06390228867530823,0.40838971734046936,0.7819329500198364,-0.08902551978826523,0.2829456329345703,0.7842736840248108,-0.11949453502893448,0.27675873041152954,0.841561496257782,-0.10786576569080353,0.30489176511764526,0.8644235134124756,-0.09343951940536499,I
0.3880296051502228,1.0061008930206299,-3.487377853161888e-07,0.313580721616745,0.8787292242050171,4.483864177018404e-05,0.3028656542301178,0.7568379640579224,-0.01385502703487873,0.30363330245018005,0.6725928783416748,-0.0344037190079689,0.303707093000412,0.6242660880088806,-0.05585381016135216,0.3986302614212036,0.6258260607719421,-0.018225280568003654,0.3806779980659485,0.4845142960548401,-0.053926557302474976,0.3734939992427826,0.3864697813987732,-0.0741364061832428,0.3699798583984375,0.30377233028411865,-0.0909782350063324,0.4244581460952759,0.6608560085296631,-0.04027337208390236,0.2736416757106781,0.6023120880126953,-0.08566642552614212,0.25360411405563354,0.685001015663147,-0.08538045734167099,0.27985867857933044,0.726990818977356,-0.07960288971662521,0.4244500994682312,0.7204620242118835,-0.06461144983768463,0.26773300766944885,0.7011234164237976,-0.10382473468780518,0.2644439935684204,0.7764549255371094,-0.08073997497558594,0.29866284132003784,0.8037926554679871,-0.06048363447189331,0.40888166427612305,0.7916631102561951,-0.0910777747631073,0.28141486644744873,0.7906529903411865,-0.1198115274310112,0.27329158782958984,0.8470460772514343,-0.1077047735452652,0.30105435848236084,0.8699471354484558,-0.09326920658349991,I
0.3941453695297241,1.001607060432434,-3.7350650927692186e-07,0.31995663046836853,0.8748717308044434,0.000862354296259582,0.3050221800804138,0.7526618838310242,-0.01176090631633997,0.30066221952438354,0.6680254340171814,-0.031066440045833588,0.29468977451324463,0.6204015612602234,-0.05145367607474327,0.39792054891586304,0.6229256987571716,-0.016259461641311646,0.3774852156639099,0.48438066244125366,-0.05087393894791603,0.369778037071228,0.3877783417701721,-0.07147803157567978,0.36526164412498474,0.30555814504623413,-0.08888158947229385,0.42177876830101013,0.6577930450439453,-0.03812652453780174,0.27102988958358765,0.6054073572158813,-0.08259708434343338,0.25271379947662354,0.6870853304862976,-0.08332966268062592,0.2788649797439575,0.7287547588348389,-0.0788564458489418,0.4199867844581604,0.717842698097229,-0.06213156878948212,0.26566874980926514,0.7013923525810242,-0.10072467476129532,0.26316505670547485,0.7752683758735657,-0.07878655940294266,0.29653167724609375,0.8022124767303467,-0.05956745520234108,0.4039660096168518,0.7895013689994812,-0.0881204679608345,0.27935898303985596,0.7881202101707458,-0.11624208837747574,0.2722569704055786,0.8423149585723877,-0.10455811768770218,0.29919862747192383,0.8640499711036682,-0.09070461243391037,I
0.39427369832992554,0.9960619211196899,-3.190239112882409e-07,0.31437766551971436,0.8702541589736938,-0.0023714725393801928,0.30225735902786255,0.7504227161407471,-0.01889699511229992,0.30106133222579956,0.6655774712562561,-0.041965555399656296,0.2955838739871979,0.6184250712394714,-0.06600736081600189,0.40207841992378235,0.620256245136261,-0.019935833290219307,0.3821812868118286,0.4805178940296173,-0.05550239235162735,0.3737204670906067,0.3832736611366272,-0.07591637969017029,0.36918753385543823,0.30170583724975586,-0.09319904446601868,0.42504802346229553,0.6533327102661133,-0.042077865451574326,0.27487945556640625,0.5976616740226746,-0.08908691257238388,0.2577228248119354,0.6815269589424133,-0.08937232941389084,0.285399466753006,0.726085364818573,-0.08377870172262192,0.4224807024002075,0.7113692760467529,-0.06670191138982773,0.26749831438064575,0.696499764919281,-0.10681920498609543,0.2667962312698364,0.7731677293777466,-0.08371491730213165,0.30105164647102356,0.8022496700286865,-0.06369637697935104,0.40602907538414,0.780963122844696,-0.09382004290819168,0.2816106975078583,0.7861161231994629,-0.1231323704123497,0.2753109037876129,0.8445672392845154,-0.11128917336463928,0.3021499216556549,0.8681771755218506,-0.09747370332479477,I
0.3892357051372528,0.9993083477020264,-3.794766314513254e-07,0.31630825996398926,0.8743941187858582,-0.002387927146628499,0.30451202392578125,0.754875659942627,-0.016188716515898705,0.30202269554138184,0.6702609658241272,-0.03627551719546318,0.29932060837745667,0.6210604906082153,-0.056951433420181274,0.40084439516067505,0.624187707901001,-0.017175188288092613,0.3844490051269531,0.4841083884239197,-0.05216478183865547,0.37648120522499084,0.38595759868621826,-0.07201600074768066,0.3708362877368927,0.304274320602417,-0.08841422200202942,0.42532098293304443,0.6582980155944824,-0.03793347254395485,0.2761298418045044,0.6046220660209656,-0.08465363085269928,0.2565956115722656,0.6860044598579407,-0.08612723648548126,0.2813047766685486,0.7302306890487671,-0.0807911679148674,0.4248517155647278,0.7173892855644226,-0.06116686016321182,0.27078133821487427,0.701741099357605,-0.10233379900455475,0.2671623229980469,0.7765228748321533,-0.08139105886220932,0.29951298236846924,0.8044533133506775,-0.06155696138739586,0.409653902053833,0.7885735630989075,-0.08662144839763641,0.2838077247142792,0.7893385887145996,-0.11622846871614456,0.27431628108024597,0.8448206186294556,-0.10497234016656876,0.29979008436203003,0.8677830696105957,-0.09064226597547531,I
0.3971179723739624,0.9948608875274658,-3.473813592336228e-07,0.3187512159347534,0.8708746433258057,-0.0009985232027247548,0.3061838150024414,0.7511125802993774,-0.015508869662880898,0.30557331442832947,0.6670747399330139,-0.03644430264830589,0.3036308288574219,0.6200106143951416,-0.058437176048755646,0.404494047164917,0.6177472472190857,-0.01978727988898754,0.38443723320961,0.4756220281124115,-0.05655069649219513,0.3777846097946167,0.3768680989742279,-0.07908058166503906,0.3748966455459595,0.2927601635456085,-0.09807878732681274,0.42892521619796753,0.6509422659873962,-0.04125499725341797,0.27557483315467834,0.5940544605255127,-0.08769094944000244,0.255281925201416,0.6772024035453796,-0.08860377222299576,0.28160354495048523,0.7203737497329712,-0.08418796211481094,0.4271335005760193,0.7094407081604004,-0.06509667634963989,0.27000749111175537,0.690234363079071,-0.10413460433483124,0.26626625657081604,0.765214741230011,-0.08130643516778946,0.29953160881996155,0.7935231924057007,-0.06198028847575188,0.41101980209350586,0.7801883816719055,-0.09133981168270111,0.2848951816558838,0.7808728218078613,-0.12063007056713104,0.27607616782188416,0.8367610573768616,-0.10952729731798172,0.3024791479110718,0.8592461347579956,-0.09619354456663132,I
0.3959948718547821,0.9953757524490356,-3.37228101443543e-07,0.3227829039096832,0.869914710521698,-0.0010632964549586177,0.31146669387817383,0.7507493495941162,-0.01607542484998703,0.3082239627838135,0.6649743318557739,-0.0374566912651062,0.30037087202072144,0.6180750727653503,-0.05949560925364494,0.4047532081604004,0.6200968027114868,-0.01759837009012699,0.3848288357257843,0.4794541299343109,-0.053208835422992706,0.3779703974723816,0.38167425990104675,-0.07342788577079773,0.374663382768631,0.3003045916557312,-0.09019910544157028,0.4286571741104126,0.6548326015472412,-0.0395735427737236,0.2780943512916565,0.5947390198707581,-0.08629767596721649,0.26115143299102783,0.6778232455253601,-0.08646242320537567,0.2885151505470276,0.7220566868782043,-0.08026805520057678,0.4273422658443451,0.7144562602043152,-0.06405505537986755,0.272523432970047,0.6944636702537537,-0.10450702160596848,0.27045542001724243,0.7692835330963135,-0.08201201260089874,0.30421289801597595,0.79592365026474,-0.061551883816719055,0.4123227000236511,0.7854834794998169,-0.09075435250997543,0.28649118542671204,0.7848219871520996,-0.11999031156301498,0.2763385772705078,0.840951144695282,-0.10837234556674957,0.3000035285949707,0.8632948398590088,-0.09426058828830719,I
0.39778587222099304,0.9970546960830688,-3.642178967311338e-07,0.3301413655281067,0.8677816390991211,-0.0008809915743768215,0.32015588879585266,0.7471712827682495,-0.014376967214047909,0.31781619787216187,0.6627294421195984,-0.03428672254085541,0.30916523933410645,0.6149341464042664,-0.05472057685256004,0.41737276315689087,0.6227893233299255,-0.015549683012068272,0.40351587533950806,0.4864473044872284,-0.04983685538172722,0.3979213833808899,0.3898368775844574,-0.06995416432619095,0.3944961726665497,0.3091925084590912,-0.08710157871246338,0.44005119800567627,0.6572612524032593,-0.03726933151483536,0.2932419180870056,0.599703311920166,-0.08217620849609375,0.27473685145378113,0.6778593063354492,-0.08313421905040741,0.30064210295677185,0.7185895442962646,-0.07855767756700516,0.43673503398895264,0.7159298658370972,-0.061531901359558105,0.28448355197906494,0.6964166164398193,-0.10034577548503876,0.28261756896972656,0.7669810056686401,-0.07916432619094849,0.31624865531921387,0.7920757532119751,-0.060507357120513916,0.41881898045539856,0.7851749062538147,-0.0881446897983551,0.2947924733161926,0.7836169600486755,-0.11664962768554688,0.28678491711616516,0.8353093266487122,-0.10626533627510071,0.31246939301490784,0.8546384572982788,-0.09355325251817703,I
0.40502870082855225,0.9917683601379395,-3.64396072427553e-07,0.33367329835891724,0.8597800731658936,-0.002116472227498889,0.32345739006996155,0.7431371808052063,-0.017445486038923264,0.322213739156723,0.6603550314903259,-0.0391993448138237,0.31734922528266907,0.6117609143257141,-0.06141430139541626,0.4263105094432831,0.6195430755615234,-0.017662057653069496,0.414007306098938,0.4842333197593689,-0.05287325382232666,0.408881276845932,0.3878490924835205,-0.0735776349902153,0.4054061472415924,0.307839035987854,-0.09080476313829422,0.4492543339729309,0.6536034941673279,-0.03933936730027199,0.30181652307510376,0.5960550308227539,-0.08542873710393906,0.2818615436553955,0.6746415495872498,-0.0868983045220375,0.30637127161026,0.7172597646713257,-0.08215168118476868,0.4463185966014862,0.7115877866744995,-0.06357007473707199,0.29307612776756287,0.6940879225730896,-0.10378820449113846,0.2908383011817932,0.766980767250061,-0.08289069682359695,0.32377249002456665,0.7955814599990845,-0.06366090476512909,0.4289557635784149,0.7801077365875244,-0.09020226448774338,0.3042144775390625,0.777508556842804,-0.11967342346906662,0.2958013117313385,0.8312642574310303,-0.10891827195882797,0.320643812417984,0.8545964360237122,-0.09529205411672592,I
0.4192909002304077,0.9943146705627441,-3.7947529563098215e-07,0.3496766984462738,0.8610215187072754,-0.002390562556684017,0.3425823748111725,0.7423002123832703,-0.017913157120347023,0.34265512228012085,0.6596559882164001,-0.04000072553753853,0.3337804079055786,0.6106134057044983,-0.06282395124435425,0.44706764817237854,0.6210033297538757,-0.017766224220395088,0.4322330057621002,0.4836939871311188,-0.05246276035904884,0.4287664294242859,0.3881327509880066,-0.07401039451360703,0.42707017064094543,0.3071121573448181,-0.09234451502561569,0.47169768810272217,0.652669370174408,-0.03961474448442459,0.3268226683139801,0.5960370302200317,-0.08479028195142746,0.3086102306842804,0.6791166663169861,-0.0862373635172844,0.3336452543735504,0.7261294722557068,-0.08199679851531982,0.46875521540641785,0.7088525295257568,-0.06405723839998245,0.31699997186660767,0.6888522505760193,-0.103842593729496,0.31371787190437317,0.7682347297668457,-0.08201728761196136,0.3448461890220642,0.8046063184738159,-0.06255245208740234,0.4505353271961212,0.7765952348709106,-0.09103228896856308,0.3268018960952759,0.771665096282959,-0.12136954814195633,0.3163468837738037,0.8301658630371094,-0.11047736555337906,0.3379972279071808,0.8596218228340149,-0.0967700406908989,I
0.42042094469070435,0.9952092170715332,-3.938772010769753e-07,0.3598845899105072,0.861879289150238,-0.003381243674084544,0.35392603278160095,0.7444390654563904,-0.02025650069117546,0.35503432154655457,0.6629719138145447,-0.04333973303437233,0.3512648940086365,0.6136702299118042,-0.06674880534410477,0.45534926652908325,0.6232922077178955,-0.021485814824700356,0.44151031970977783,0.4850257337093353,-0.058075834065675735,0.43803346157073975,0.3894009590148926,-0.07974309474229813,0.43679341673851013,0.3078036308288574,-0.09776293486356735,0.4805750250816345,0.6569172143936157,-0.04318493977189064,0.33489790558815,0.5963312983512878,-0.08972708135843277,0.31381991505622864,0.6781166791915894,-0.09041103720664978,0.3373909294605255,0.7237854599952698,-0.0854991152882576,0.4785894453525543,0.7144938707351685,-0.06763884425163269,0.3266063928604126,0.691444456577301,-0.10910988599061966,0.32121044397354126,0.7695850133895874,-0.08671155571937561,0.3521883487701416,0.8039312362670898,-0.06661050766706467,0.46172404289245605,0.782500147819519,-0.09460848569869995,0.3375084400177002,0.7733879089355469,-0.12586377561092377,0.3237141966819763,0.8308132886886597,-0.11467019468545914,0.3437831997871399,0.8596089482307434,-0.10064426064491272,I
0.42170506715774536,0.9946016073226929,-4.026815076940693e-07,0.3655872344970703,0.8636389970779419,-0.0035666225012391806,0.3622695505619049,0.7442716956138611,-0.018289819359779358,0.36619237065315247,0.6631661057472229,-0.039395734667778015,0.369390070438385,0.6169283986091614,-0.06077998876571655,0.455472856760025,0.6269172430038452,-0.01865874044597149,0.4430203139781952,0.4858836531639099,-0.05642974376678467,0.43976035714149475,0.3887849748134613,-0.07828398793935776,0.43802687525749207,0.3065369427204132,-0.09609197825193405,0.48227766156196594,0.6618059873580933,-0.03955280780792236,0.33985209465026855,0.5961732864379883,-0.08792182058095932,0.3177017569541931,0.6805481314659119,-0.08885342627763748,0.34035786986351013,0.7256239056587219,-0.0827714055776596,0.48220744729042053,0.7191437482833862,-0.06346172839403152,0.3300456404685974,0.6944762468338013,-0.10537862777709961,0.32586535811424255,0.774387776851654,-0.08278562128543854,0.3590310215950012,0.805503249168396,-0.061739373952150345,0.46622827649116516,0.7868621945381165,-0.08990450203418732,0.3415314257144928,0.777166485786438,-0.11988289654254913,0.3325379192829132,0.8340057134628296,-0.10779200494289398,0.3590543866157532,0.8588622808456421,-0.09287704527378082,I
0.4219212830066681,1.008493423461914,-4.243743489951157e-07,0.37371453642845154,0.8772568702697754,-0.0012907618656754494,0.3714088201522827,0.7559728026390076,-0.01603519916534424,0.3733929693698883,0.6746186017990112,-0.03771008551120758,0.37217381596565247,0.6284902095794678,-0.059902604669332504,0.4596984386444092,0.6354775428771973,-0.018125001341104507,0.44994184374809265,0.4937317371368408,-0.05513026565313339,0.44718337059020996,0.3969118297100067,-0.07551214843988419,0.4461246132850647,0.31563428044319153,-0.09207244217395782,0.48550206422805786,0.6712142825126648,-0.04103090241551399,0.3425831198692322,0.6039999723434448,-0.08899465948343277,0.3182746469974518,0.6879228353500366,-0.08939071744680405,0.33978742361068726,0.7352188229560852,-0.08295129984617233,0.4849322438240051,0.7316811084747314,-0.0666654035449028,0.33305564522743225,0.7016984224319458,-0.10876385122537613,0.32587188482284546,0.782381534576416,-0.08614922314882278,0.3577646017074585,0.8154187798500061,-0.06497001647949219,0.4696255624294281,0.8031204342842102,-0.09449979662895203,0.3432742953300476,0.7887832522392273,-0.12440072745084763,0.33197468519210815,0.8454544544219971,-0.11174061894416809,0.35759058594703674,0.872039794921875,-0.09635521471500397,I
0.41604718565940857,1.0118730068206787,-4.5004776438872796e-07,0.3635517656803131,0.8822906017303467,-0.003959202207624912,0.35980650782585144,0.7591339945793152,-0.018662765622138977,0.3618584871292114,0.6737101674079895,-0.039651013910770416,0.36513447761535645,0.6249421834945679,-0.060808971524238586,0.4541779160499573,0.6365581154823303,-0.01888084225356579,0.441947340965271,0.49342602491378784,-0.05532457306981087,0.4377661943435669,0.39728596806526184,-0.07470770180225372,0.437167227268219,0.316131591796875,-0.09050997346639633,0.4796488881111145,0.6722385883331299,-0.04035778343677521,0.3360244929790497,0.6025545001029968,-0.0890633836388588,0.3103885054588318,0.6865812540054321,-0.08985430747270584,0.3313809335231781,0.7367306351661682,-0.08313213288784027,0.4785970151424408,0.7319343090057373,-0.0647752657532692,0.3255627155303955,0.703574538230896,-0.10779271274805069,0.3188977837562561,0.7841041088104248,-0.0865522027015686,0.35105064511299133,0.8178293108940125,-0.06599091738462448,0.4622206389904022,0.8027611970901489,-0.09159073233604431,0.3352794349193573,0.7923933267593384,-0.12247993797063828,0.3241560757160187,0.8505188226699829,-0.11132025718688965,0.34980636835098267,0.878185510635376,-0.09676604717969894,I
0.40753260254859924,1.006905198097229,-3.6445152318265173e-07,0.35015222430229187,0.8728063106536865,-0.002726061502471566,0.344083696603775,0.7535347938537598,-0.018485570326447487,0.3450436592102051,0.6729792952537537,-0.04066244885325432,0.3421112596988678,0.6257044672966003,-0.06347855180501938,0.44294852018356323,0.6290127635002136,-0.01973472349345684,0.4300980567932129,0.49096202850341797,-0.05551011115312576,0.42718860507011414,0.3952486515045166,-0.07660049200057983,0.42570653557777405,0.31400322914123535,-0.09430300444364548,0.46883323788642883,0.6649399995803833,-0.041953038424253464,0.32368385791778564,0.599635899066925,-0.0889536514878273,0.3008272647857666,0.6830864548683167,-0.09034634381532669,0.32331931591033936,0.7313675880432129,-0.08531171828508377,0.4666372537612915,0.7253358960151672,-0.06675120443105698,0.31372693181037903,0.6991204023361206,-0.10875754058361053,0.30722030997276306,0.7779199481010437,-0.08714136481285095,0.33812201023101807,0.8119692206382751,-0.06700293719768524,0.44891294836997986,0.7965781092643738,-0.09378181397914886,0.3243061900138855,0.7870187759399414,-0.12455002963542938,0.31395331025123596,0.8443558216094971,-0.11279403418302536,0.3381633460521698,0.8713977932929993,-0.09821448475122452,I
0.3931509852409363,1.0208446979522705,-5.011484063288663e-07,0.35197168588638306,0.8940959572792053,-0.00017930410103872418,0.3499928116798401,0.7721763849258423,-0.014491453766822815,0.3477952480316162,0.6874645352363586,-0.03510453179478645,0.34608274698257446,0.6441807150840759,-0.05629461258649826,0.43417590856552124,0.6398864984512329,-0.01875223219394684,0.4241911470890045,0.49896004796028137,-0.05295610800385475,0.41700997948646545,0.40483179688453674,-0.07137397676706314,0.41063231229782104,0.3242039978504181,-0.08739450573921204,0.4565522074699402,0.6751435995101929,-0.042174965143203735,0.30513232946395874,0.6084718704223633,-0.08688173443078995,0.2836098372936249,0.6942103505134583,-0.08594014495611191,0.3071277439594269,0.7443806529045105,-0.07980925589799881,0.4520934522151947,0.7366914749145508,-0.068048395216465,0.2956937551498413,0.7087567448616028,-0.10839390754699707,0.29234442114830017,0.7910151481628418,-0.0873347744345665,0.32610154151916504,0.8250395059585571,-0.06851138919591904,0.434292197227478,0.8100188970565796,-0.09591559320688248,0.3042176365852356,0.8010642528533936,-0.12818290293216705,0.2941223978996277,0.8624109625816345,-0.11882591992616653,0.31955116987228394,0.8920567035675049,-0.10603784024715424,I
0.3959414064884186,1.0327870845794678,-4.4992540892963007e-07,0.3414861857891083,0.902527928352356,0.0023570212069898844,0.33486372232437134,0.7819570302963257,-0.012168411165475845,0.3323374092578888,0.6973085403442383,-0.03387271985411644,0.3271087408065796,0.6496660113334656,-0.05620379000902176,0.4319339394569397,0.646629273891449,-0.01521259918808937,0.420113205909729,0.5031532645225525,-0.04916651174426079,0.41506296396255493,0.40510159730911255,-0.06833264231681824,0.4115369915962219,0.3228738009929657,-0.08493532240390778,0.45494502782821655,0.6819400191307068,-0.039365947246551514,0.30598151683807373,0.6107141375541687,-0.08410023152828217,0.2822640538215637,0.6960752010345459,-0.08323412388563156,0.3053481876850128,0.7458184957504272,-0.07719352841377258,0.45058852434158325,0.7413792014122009,-0.06576511263847351,0.29506561160087585,0.7071322798728943,-0.10513362288475037,0.2882903218269348,0.788794994354248,-0.08215032517910004,0.32057470083236694,0.8242721557617188,-0.062141209840774536,0.4318113923072815,0.8110411167144775,-0.09408232569694519,0.3019046485424042,0.7990788221359253,-0.12445805221796036,0.2899046838283539,0.8597967028617859,-0.11326275765895844,0.31532540917396545,0.8895058631896973,-0.09935399889945984,I
0.3952772915363312,1.03249990940094,-4.1274358864029637e-07,0.34502413868904114,0.9024057984352112,0.00016640602552797645,0.33550816774368286,0.7807356715202332,-0.015326375141739845,0.32937225699424744,0.6969735622406006,-0.037489667534828186,0.32372385263442993,0.6510765552520752,-0.06042597442865372,0.42744532227516174,0.6479811072349548,-0.01927841268479824,0.41573435068130493,0.5038213133811951,-0.05482284352183342,0.4115126430988312,0.40650999546051025,-0.07394934445619583,0.4102412164211273,0.32596200704574585,-0.08997451514005661,0.45040467381477356,0.6850548386573792,-0.04284730181097984,0.3032306730747223,0.6137462854385376,-0.0905958041548729,0.2803758382797241,0.6969537138938904,-0.09104806184768677,0.30464988946914673,0.7445668578147888,-0.08483103662729263,0.4468403458595276,0.7464581727981567,-0.06864160299301147,0.292292058467865,0.7161000370979309,-0.1110767051577568,0.2877887785434723,0.7953251600265503,-0.08947484195232391,0.32270142436027527,0.826540470123291,-0.06903447210788727,0.4292125701904297,0.8178696632385254,-0.09618714451789856,0.30015361309051514,0.8061354756355286,-0.12735971808433533,0.2910972833633423,0.865485429763794,-0.11559177935123444,0.31874486804008484,0.8928753137588501,-0.1006995216012001,I
0.40385866165161133,1.0379576683044434,-4.5129075942895724e-07,0.3566640615463257,0.9064967632293701,0.003509403672069311,0.3494620621204376,0.7869156002998352,-0.009946007281541824,0.3446710705757141,0.7050848007202148,-0.03029436059296131,0.3409004509449005,0.6609750390052795,-0.05148834362626076,0.4359292685985565,0.6555308699607849,-0.016881132498383522,0.42477819323539734,0.5123663544654846,-0.05219758301973343,0.41941195726394653,0.41480588912963867,-0.07331205904483795,0.41472941637039185,0.332222044467926,-0.0916275754570961,0.4589758813381195,0.6918131709098816,-0.0413181371986866,0.31197434663772583,0.6150689721107483,-0.08480161428451538,0.28892195224761963,0.7005624175071716,-0.08342093974351883,0.3131811022758484,0.7490542531013489,-0.07787896692752838,0.4549000859260559,0.7522298097610474,-0.06791852414608002,0.2994948923587799,0.7153884172439575,-0.10464832931756973,0.2937007546424866,0.795913577079773,-0.0803467333316803,0.3291826546192169,0.8287528157234192,-0.0607244148850441,0.43665724992752075,0.8238207101821899,-0.09641112387180328,0.30466389656066895,0.8098223209381104,-0.12471974641084671,0.2952810823917389,0.8698664903640747,-0.1120869517326355,0.32474687695503235,0.8974688649177551,-0.09801864624023438,I
0.4047737717628479,1.0446778535842896,-4.331493244080775e-07,0.3598082661628723,0.9103537201881409,0.00450845155864954,0.35472121834754944,0.7882003784179688,-0.008604185655713081,0.35282662510871887,0.7061559557914734,-0.02905510924756527,0.34994441270828247,0.6605112552642822,-0.05061907321214676,0.44002264738082886,0.659562885761261,-0.017590800300240517,0.4261893332004547,0.5164186954498291,-0.052854254841804504,0.42173653841018677,0.41901078820228577,-0.07356595993041992,0.4185481667518616,0.33657652139663696,-0.09124287217855453,0.4624664783477783,0.6955821514129639,-0.04261426627635956,0.31561416387557983,0.6264193058013916,-0.08744525164365768,0.2966039776802063,0.7094425559043884,-0.08767988532781601,0.32128575444221497,0.7576121091842651,-0.08302374929189682,0.45890483260154724,0.756814181804657,-0.06942835450172424,0.30355143547058105,0.7241349220275879,-0.10800664871931076,0.2992778718471527,0.8048940300941467,-0.08567778021097183,0.33284494280815125,0.8395533561706543,-0.06663168966770172,0.4415585398674011,0.8297779560089111,-0.09787802398204803,0.31071937084198,0.8171895742416382,-0.1268051117658615,0.3017134666442871,0.876987099647522,-0.11493925005197525,0.3292925953865051,0.9055485129356384,-0.10106601566076279,I
0.41064342856407166,1.054488182067871,-4.622217488758906e-07,0.3715636134147644,0.9232252836227417,0.005180397070944309,0.3660017251968384,0.7970114350318909,-0.006559187080711126,0.36377406120300293,0.7095823287963867,-0.0252655241638422,0.36392396688461304,0.6605726480484009,-0.04527775198221207,0.4427168369293213,0.669093668460846,-0.018239231780171394,0.4290967285633087,0.5254713296890259,-0.054072752594947815,0.42684003710746765,0.42799240350723267,-0.07607199996709824,0.42674264311790466,0.3441799581050873,-0.09505301713943481,0.4659484326839447,0.7042673826217651,-0.04309443384408951,0.3175663352012634,0.631416380405426,-0.08548876643180847,0.29785022139549255,0.7150676250457764,-0.08381657302379608,0.3233080506324768,0.7612573504447937,-0.0787045955657959,0.46240589022636414,0.7657400369644165,-0.069840207695961,0.30704477429389954,0.7294270396232605,-0.1052735298871994,0.30257466435432434,0.8069624900817871,-0.08080938458442688,0.33704477548599243,0.8392552733421326,-0.06164321303367615,0.445133239030838,0.8395805954933167,-0.09841851145029068,0.31397736072540283,0.8226805329322815,-0.12655186653137207,0.30445435643196106,0.8802826404571533,-0.11423341929912567,0.331714004278183,0.9090237617492676,-0.10051602125167847,I
0.40557974576950073,1.0573601722717285,-4.2277858369743626e-07,0.36885276436805725,0.923869252204895,0.004956394899636507,0.36370086669921875,0.7974599599838257,-0.007964840158820152,0.35907289385795593,0.7127984166145325,-0.02830333076417446,0.35018742084503174,0.6662260890007019,-0.05031197890639305,0.4421093165874481,0.6676411628723145,-0.01763668656349182,0.4289986491203308,0.5265452861785889,-0.05229080095887184,0.42514482140541077,0.4298408329486847,-0.07272370159626007,0.42278027534484863,0.34763622283935547,-0.09063537418842316,0.4640483260154724,0.7048718333244324,-0.04317229241132736,0.3179238438606262,0.6350721120834351,-0.08654138445854187,0.2982199788093567,0.7179198265075684,-0.08600684255361557,0.32253390550613403,0.7633119225502014,-0.08153880387544632,0.45911434292793274,0.7686154246330261,-0.07048892229795456,0.3064889907836914,0.7333524823188782,-0.10832644999027252,0.3022224009037018,0.8103678822517395,-0.08543398231267929,0.33542266488075256,0.8419886827468872,-0.06663480401039124,0.44076302647590637,0.843612551689148,-0.09933467954397202,0.3122060298919678,0.827321469783783,-0.1284262239933014,0.30347514152526855,0.8837940096855164,-0.11661192774772644,0.33080440759658813,0.9104523658752441,-0.10332287847995758,I
0.40272361040115356,1.0628162622451782,-4.481301516534586e-07,0.36298513412475586,0.9291327595710754,0.004803301300853491,0.3576914370059967,0.8040117621421814,-0.007747932802885771,0.3555625379085541,0.7177055478096008,-0.027575621381402016,0.35493090748786926,0.6716588735580444,-0.04849480465054512,0.43933311104774475,0.6727423071861267,-0.016257837414741516,0.4250030219554901,0.5309426784515381,-0.05128050595521927,0.4197307229042053,0.43336763978004456,-0.07152065634727478,0.41592296957969666,0.3515241742134094,-0.08901005238294601,0.461747407913208,0.7100030779838562,-0.04153072461485863,0.3117850422859192,0.638866126537323,-0.08565438538789749,0.29113301634788513,0.722226619720459,-0.08461470901966095,0.316584974527359,0.769163966178894,-0.07916664332151413,0.4571550488471985,0.773091733455658,-0.0688764676451683,0.30040186643600464,0.7368651032447815,-0.10699635744094849,0.2953812777996063,0.8150318264961243,-0.08414436876773834,0.33026960492134094,0.8466981053352356,-0.06500924378633499,0.4389689564704895,0.8480054140090942,-0.09789390116930008,0.3064805865287781,0.8318989872932434,-0.1271342635154724,0.29636815190315247,0.8888760805130005,-0.11573147773742676,0.3245428502559662,0.9156183004379272,-0.1023065373301506,I
0.40275394916534424,1.0493570566177368,-4.7615321818739176e-07,0.3702646791934967,0.9220710396766663,0.002956563839688897,0.36549875140190125,0.7992600798606873,-0.009621833451092243,0.3599231243133545,0.7136539220809937,-0.028503980487585068,0.35707327723503113,0.6691015958786011,-0.04853387176990509,0.43954920768737793,0.6736050844192505,-0.020994890481233597,0.42635273933410645,0.5312833786010742,-0.055662285536527634,0.4211627244949341,0.43613654375076294,-0.07572751492261887,0.41673544049263,0.3542425036430359,-0.09343334287405014,0.4615896940231323,0.7087478637695312,-0.04454744607210159,0.3094402253627777,0.64111328125,-0.08748195320367813,0.29128316044807434,0.7249318361282349,-0.08621653914451599,0.316362202167511,0.7722765207290649,-0.08130691945552826,0.45650631189346313,0.7706385850906372,-0.06998346745967865,0.2993047833442688,0.7405022978782654,-0.1070159524679184,0.29725679755210876,0.8184641599655151,-0.0854315236210823,0.33119675517082214,0.8511590957641602,-0.06776668131351471,0.4380017817020416,0.8442271947860718,-0.09715063869953156,0.306031197309494,0.8324300050735474,-0.12777462601661682,0.2975233793258667,0.8887052536010742,-0.1188872754573822,0.32375770807266235,0.9160252809524536,-0.10734463483095169,I
0.4019169807434082,1.0631029605865479,-4.455834528016567e-07,0.3665618300437927,0.9319244623184204,0.006448179949074984,0.36433035135269165,0.8048363924026489,-0.005159635562449694,0.36350783705711365,0.7178266048431396,-0.024526730179786682,0.3618818521499634,0.6720227003097534,-0.04548479616641998,0.43995705246925354,0.6756511330604553,-0.014662499539554119,0.42834144830703735,0.5341813564300537,-0.04846176505088806,0.42475736141204834,0.43734899163246155,-0.06788021326065063,0.42318856716156006,0.35554003715515137,-0.08503349125385284,0.46134817600250244,0.7120886445045471,-0.04038523510098457,0.31289610266685486,0.6414411664009094,-0.08291319757699966,0.2930687963962555,0.7231287360191345,-0.08136162161827087,0.31924304366111755,0.7677891254425049,-0.07618822902441025,0.45639827847480774,0.7748730182647705,-0.06796769052743912,0.30171459913253784,0.7353970408439636,-0.10507767647504807,0.2961559295654297,0.8123500943183899,-0.08169917017221451,0.3302120566368103,0.8438130617141724,-0.06271322816610336,0.43859338760375977,0.8491634130477905,-0.0970224142074585,0.3081095218658447,0.8313613533973694,-0.12607614696025848,0.2986242175102234,0.8882228136062622,-0.11460086703300476,0.3268599808216095,0.9149786233901978,-0.10139225423336029,I
0.39948269724845886,1.055811882019043,-4.502028900787991e-07,0.3563786447048187,0.9252606630325317,0.0033827361185103655,0.34836605191230774,0.8015905618667603,-0.009987058117985725,0.34361717104911804,0.7152412533760071,-0.030381813645362854,0.3400430977344513,0.6673859357833862,-0.05171836167573929,0.4358740448951721,0.6694967746734619,-0.018107600510120392,0.42568647861480713,0.5267249345779419,-0.05351853743195534,0.4200591742992401,0.42861124873161316,-0.07328063994646072,0.41561359167099,0.34651780128479004,-0.09039167314767838,0.4597175717353821,0.7071014642715454,-0.042384035885334015,0.30965813994407654,0.6366108059883118,-0.08704104274511337,0.28716713190078735,0.7196700572967529,-0.08529301732778549,0.3122609257698059,0.7638412714004517,-0.07910852134227753,0.45570772886276245,0.7695633769035339,-0.0688614696264267,0.2990543842315674,0.7373743653297424,-0.10756310075521469,0.29351067543029785,0.8132624626159668,-0.08410032093524933,0.3283328413963318,0.8416054248809814,-0.06427911669015884,0.43764644861221313,0.841957688331604,-0.09711774438619614,0.3061586916446686,0.8302674293518066,-0.12706223130226135,0.2953779697418213,0.8850528001785278,-0.11604250967502594,0.3229069709777832,0.908628523349762,-0.10266894102096558,I
0.39685678482055664,1.063058614730835,-4.943285034642031e-07,0.36112064123153687,0.9389405250549316,0.0034573411103338003,0.3545841574668884,0.8150267004966736,-0.009064745157957077,0.3486790955066681,0.727711021900177,-0.02857016585767269,0.34640833735466003,0.6833655834197998,-0.0489913672208786,0.43484461307525635,0.6793535351753235,-0.017559655010700226,0.4216636121273041,0.5340586304664612,-0.05213208124041557,0.41533881425857544,0.4369070827960968,-0.07136671245098114,0.4101085066795349,0.35416433215141296,-0.08847671002149582,0.45653727650642395,0.7152902483940125,-0.04211265593767166,0.30284780263900757,0.6458337903022766,-0.08641782402992249,0.28185081481933594,0.7324721217155457,-0.08479460328817368,0.30741557478904724,0.7796176671981812,-0.07886456698179245,0.4515318274497986,0.7772184610366821,-0.06878390163183212,0.29255762696266174,0.7452811598777771,-0.10704151540994644,0.28885409235954285,0.8256822824478149,-0.08386535942554474,0.3245037794113159,0.856843113899231,-0.06467755883932114,0.43312597274780273,0.8510184288024902,-0.09730152785778046,0.2993275821208954,0.8412289619445801,-0.12774516642093658,0.29095160961151123,0.8984575867652893,-0.11751531809568405,0.32007738947868347,0.9235705137252808,-0.10486284643411636,I
0.39970606565475464,1.0547937154769897,-4.582887243032019e-07,0.3737451136112213,0.9302834272384644,0.005278935190290213,0.3697802424430847,0.8044004440307617,-0.006152643356472254,0.3626115918159485,0.7190209031105042,-0.02441602200269699,0.35680514574050903,0.6744638085365295,-0.044164396822452545,0.43465179204940796,0.6738588213920593,-0.019433485344052315,0.4198795258998871,0.5302866101264954,-0.05480292811989784,0.4135909378528595,0.43344005942344666,-0.07483284175395966,0.40878772735595703,0.3525981903076172,-0.09214502573013306,0.4552590250968933,0.7115224003791809,-0.043944526463747025,0.3026588559150696,0.6433615684509277,-0.08733166754245758,0.2855358123779297,0.7255955934524536,-0.0854286253452301,0.3136606216430664,0.7679433822631836,-0.07986098527908325,0.44977715611457825,0.7752723693847656,-0.07028330862522125,0.2923241853713989,0.7410280704498291,-0.10736340284347534,0.29098743200302124,0.8163280487060547,-0.08453893661499023,0.32826662063598633,0.8435880541801453,-0.06591559201478958,0.4316292107105255,0.850345253944397,-0.0981181412935257,0.29794228076934814,0.8345839977264404,-0.12795448303222656,0.29095131158828735,0.8894992470741272,-0.11763031035661697,0.3207492530345917,0.9138591885566711,-0.10516412556171417,I
0.3980790972709656,1.0656757354736328,-4.39183565958956e-07,0.35997244715690613,0.9351985454559326,0.005795449949800968,0.35299357771873474,0.808597981929779,-0.007189578376710415,0.3464610278606415,0.7212467789649963,-0.027705203741788864,0.33734869956970215,0.6742733716964722,-0.04955640807747841,0.4319762587547302,0.6772801280021667,-0.01674073189496994,0.4188886284828186,0.5360244512557983,-0.0507354810833931,0.4122287631034851,0.4411340653896332,-0.06829537451267242,0.4088455140590668,0.3610849678516388,-0.08372538536787033,0.4541437029838562,0.7163881659507751,-0.042636219412088394,0.3037436008453369,0.6480830311775208,-0.0864960253238678,0.2825339138507843,0.7300729155540466,-0.08399566262960434,0.30880007147789,0.7721826434135437,-0.0775550901889801,0.44883984327316284,0.7809523940086365,-0.0704691931605339,0.293071985244751,0.7481029629707336,-0.10925643146038055,0.28846898674964905,0.8228362202644348,-0.08557438850402832,0.3238343596458435,0.8496622443199158,-0.06572416424751282,0.4305388033390045,0.8549910187721252,-0.09970307350158691,0.29891839623451233,0.840639591217041,-0.12942756712436676,0.2877177894115448,0.8960385322570801,-0.11800165474414825,0.314271479845047,0.9202362895011902,-0.10473044961690903,I
0.40144187211990356,1.070732593536377,-4.691852382165962e-07,0.3664796054363251,0.9438139200210571,0.008011396043002605,0.3602568209171295,0.8155758380889893,-0.003689689328894019,0.35445690155029297,0.7255703210830688,-0.02379908598959446,0.34886085987091064,0.6770747900009155,-0.04520786181092262,0.43049728870391846,0.6778955459594727,-0.012879579328000546,0.41815659403800964,0.5326042175292969,-0.046538785099983215,0.41183727979660034,0.4348500669002533,-0.06398617476224899,0.4081113934516907,0.35384947061538696,-0.0795912817120552,0.4530795216560364,0.7141677737236023,-0.039725419133901596,0.2999816834926605,0.64376300573349,-0.0836261734366417,0.2791704833507538,0.7290093302726746,-0.08002803474664688,0.30651384592056274,0.7736205458641052,-0.07249339669942856,0.4485449492931366,0.7771465182304382,-0.06870885193347931,0.29059356451034546,0.7430709600448608,-0.10666397958993912,0.2863178253173828,0.8209293484687805,-0.08167159557342529,0.32286524772644043,0.8498213887214661,-0.06117089092731476,0.43144527077674866,0.8505501747131348,-0.09919839352369308,0.298565149307251,0.8370405435562134,-0.12877076864242554,0.28565478324890137,0.8938695192337036,-0.117530457675457,0.31124117970466614,0.9192919731140137,-0.10438902676105499,I
0.3998767137527466,1.068429708480835,-4.2681253376031236e-07,0.3550766408443451,0.9357874393463135,0.00651535065844655,0.3488704264163971,0.8098957538604736,-0.005725980270653963,0.3477941155433655,0.7223260402679443,-0.02584822103381157,0.34755194187164307,0.6763573288917542,-0.04709005355834961,0.4270957112312317,0.6727151870727539,-0.01333683356642723,0.41000011563301086,0.5320724844932556,-0.048256341367959976,0.4053577780723572,0.43374788761138916,-0.06888279318809509,0.40382227301597595,0.35167890787124634,-0.08707994222640991,0.4494994580745697,0.7106437683105469,-0.03954952955245972,0.29433098435401917,0.6444237232208252,-0.08266735821962357,0.27500081062316895,0.7301350235939026,-0.080669105052948,0.3045167922973633,0.7726336717605591,-0.07510334253311157,0.4456249475479126,0.7749345302581787,-0.06799603253602982,0.28561127185821533,0.740077018737793,-0.10445097833871841,0.28172507882118225,0.8181679248809814,-0.07951613515615463,0.32007333636283875,0.8452332615852356,-0.05995693430304527,0.42906659841537476,0.8515071868896484,-0.0982549712061882,0.29427099227905273,0.8403888940811157,-0.1264573633670807,0.28577569127082825,0.8969363570213318,-0.1144186481833458,0.3166426122188568,0.9193715453147888,-0.10111387073993683,I
0.3933102786540985,1.0729937553405762,-4.6420680632763833e-07,0.35293328762054443,0.9419386982917786,0.00412406912073493,0.3472481369972229,0.8156895637512207,-0.009486631490290165,0.3427939713001251,0.726355254650116,-0.03076835907995701,0.34053099155426025,0.67896968126297,-0.05298520252108574,0.4285297095775604,0.6796911954879761,-0.015444431453943253,0.41352379322052,0.5343977808952332,-0.050039466470479965,0.40739113092422485,0.43587416410446167,-0.06832517683506012,0.4042845070362091,0.3532353341579437,-0.08440499752759933,0.45029035210609436,0.7153316736221313,-0.04082749783992767,0.29484787583351135,0.6479665040969849,-0.08729912340641022,0.2737184762954712,0.7335106730461121,-0.0863795354962349,0.29957741498947144,0.7799898982048035,-0.08007107675075531,0.44618815183639526,0.7777416110038757,-0.0683961734175682,0.28594785928726196,0.7485098838806152,-0.10873959213495255,0.2824971079826355,0.8281482458114624,-0.08590635657310486,0.31850796937942505,0.8572577238082886,-0.06607420742511749,0.4295658767223358,0.8519642353057861,-0.09771153330802917,0.2946137487888336,0.8441518545150757,-0.12804514169692993,0.28386861085891724,0.9024257063865662,-0.11737377196550369,0.3115149140357971,0.9268536567687988,-0.10419370234012604,I
0.3948243260383606,1.0610377788543701,-4.43488119117319e-07,0.3589298725128174,0.9302482008934021,0.005688220728188753,0.3529582619667053,0.8059821128845215,-0.00748940696939826,0.3470434844493866,0.7185611128807068,-0.028575045987963676,0.3451043665409088,0.671632707118988,-0.05090665817260742,0.4246225357055664,0.6715918183326721,-0.015890849754214287,0.41102638840675354,0.5271830558776855,-0.0514412522315979,0.405712366104126,0.4294111132621765,-0.07078466564416885,0.4030039310455322,0.34654074907302856,-0.08782438188791275,0.44847357273101807,0.7085607647895813,-0.04187806695699692,0.29290756583213806,0.6436485648155212,-0.08752839267253876,0.27108386158943176,0.7295928597450256,-0.08557803183794022,0.29817330837249756,0.7728120684623718,-0.07942622900009155,0.4454343914985657,0.7721554040908813,-0.07009215652942657,0.2848350405693054,0.7415896058082581,-0.10947433114051819,0.2798972725868225,0.8206573724746704,-0.08473914861679077,0.3172370195388794,0.8477765917778015,-0.0644788146018982,0.42980509996414185,0.8470005989074707,-0.09999235719442368,0.2935331165790558,0.8371438384056091,-0.12993763387203217,0.28192272782325745,0.8949368596076965,-0.1181432381272316,0.3106893002986908,0.918496310710907,-0.10460428893566132,I
0.39664894342422485,1.066112995147705,-4.708385574758722e-07,0.36264222860336304,0.9360575675964355,0.00832398235797882,0.3583967387676239,0.809495747089386,-0.0039767008274793625,0.35235971212387085,0.7212144732475281,-0.02466287650167942,0.3466488718986511,0.6750109195709229,-0.0468190461397171,0.43044939637184143,0.6763017177581787,-0.013990095816552639,0.4138147830963135,0.5300453305244446,-0.048596542328596115,0.4066176414489746,0.43069884181022644,-0.06655572354793549,0.4033973813056946,0.3479473292827606,-0.08231178671121597,0.45051810145378113,0.7127365469932556,-0.04114723578095436,0.2954902648925781,0.6428040862083435,-0.08614127337932587,0.2742273211479187,0.7280188798904419,-0.08340579271316528,0.3016297519207001,0.7726669311523438,-0.07661019265651703,0.44536301493644714,0.7753692865371704,-0.07023251056671143,0.2861277461051941,0.7376349568367004,-0.10913776606321335,0.2810403108596802,0.8165609240531921,-0.08440377563238144,0.31775227189064026,0.8450901508331299,-0.06414054334163666,0.4289069175720215,0.8491986393928528,-0.10066913068294525,0.2946983575820923,0.8353584408760071,-0.13017165660858154,0.2838638722896576,0.8926378488540649,-0.11856061965227127,0.3127610385417938,0.9168226718902588,-0.10535406321287155,I
0.3963716924190521,1.0646252632141113,-4.5156903638599033e-07,0.36026665568351746,0.9355396628379822,0.00782057922333479,0.3542693257331848,0.809735894203186,-0.004673419054597616,0.347417414188385,0.7219377160072327,-0.02515280619263649,0.3419156074523926,0.6781160831451416,-0.047049447894096375,0.4274402856826782,0.6730226278305054,-0.016135364770889282,0.4115146994590759,0.5260975360870361,-0.05059077963232994,0.4061957597732544,0.42746707797050476,-0.07004214078187943,0.40423253178596497,0.34392961859703064,-0.08740883320569992,0.4481319487094879,0.7096380591392517,-0.04280414432287216,0.29343143105506897,0.6416265964508057,-0.0860653892159462,0.2747209668159485,0.7260298132896423,-0.08358194679021835,0.30278536677360535,0.7702158093452454,-0.07793767005205154,0.4430350065231323,0.7725874781608582,-0.07119176536798477,0.2845498025417328,0.7382607460021973,-0.10729029774665833,0.28208112716674805,0.8163893818855286,-0.082006074488163,0.3195587396621704,0.8452833890914917,-0.06248912960290909,0.42617443203926086,0.8467428088188171,-0.10118928551673889,0.2927670180797577,0.8350218534469604,-0.12876364588737488,0.2823876440525055,0.8931007385253906,-0.11636439710855484,0.3102836012840271,0.9185392260551453,-0.10310597717761993,I
0.3966391980648041,1.0680053234100342,-4.5886210386925086e-07,0.35929566621780396,0.9394876956939697,0.0068403878249228,0.35245510935783386,0.813555121421814,-0.005768490023910999,0.34578078985214233,0.7248399257659912,-0.026067093014717102,0.34127599000930786,0.6792537569999695,-0.04764564335346222,0.42722174525260925,0.678485631942749,-0.016021117568016052,0.411195307970047,0.5330314636230469,-0.05032135918736458,0.40499553084373474,0.4338635802268982,-0.06940591335296631,0.4016750454902649,0.3507959842681885,-0.08659444749355316,0.4492873549461365,0.7149536609649658,-0.04226091131567955,0.2948858141899109,0.645451009273529,-0.08588121831417084,0.27592572569847107,0.7309589982032776,-0.08310358971357346,0.3042218089103699,0.7751101851463318,-0.07671501487493515,0.4445614814758301,0.7774392366409302,-0.07038413733243942,0.2849842309951782,0.7451343536376953,-0.10715208202600479,0.28290534019470215,0.8224060535430908,-0.08230096101760864,0.32092007994651794,0.8499445915222168,-0.06268467009067535,0.4263761043548584,0.8506129384040833,-0.10014130920171738,0.29160165786743164,0.8400485515594482,-0.12909722328186035,0.2830949127674103,0.8968591690063477,-0.11776984483003616,0.3126071095466614,0.9204448461532593,-0.1049470454454422,I
0.39894112944602966,1.0595998764038086,-4.564725202271802e-07,0.3706282377243042,0.9308943152427673,0.008408356457948685,0.36544519662857056,0.8026060461997986,-0.003213366260752082,0.35622915625572205,0.7123991847038269,-0.023275278508663177,0.35139113664627075,0.6650140881538391,-0.04479143023490906,0.4266766309738159,0.6716356873512268,-0.014963009394705296,0.4095449447631836,0.5236065983772278,-0.049842461943626404,0.40329891443252563,0.4248829483985901,-0.06766121089458466,0.40027058124542236,0.342428982257843,-0.0832073837518692,0.44613707065582275,0.7064745426177979,-0.041822608560323715,0.29053032398223877,0.6396225094795227,-0.087523452937603,0.27214571833610535,0.7236783504486084,-0.08474613726139069,0.30022716522216797,0.7666856646537781,-0.0776231437921524,0.4410707950592041,0.768810510635376,-0.07055443525314331,0.28227388858795166,0.7367953658103943,-0.10928914695978165,0.28112974762916565,0.8142146468162537,-0.08476593345403671,0.3185802400112152,0.8411237597465515,-0.06455010175704956,0.4247761368751526,0.8425281047821045,-0.1007184237241745,0.2920152544975281,0.831979513168335,-0.1300843358039856,0.28293469548225403,0.887488603591919,-0.11902600526809692,0.31086134910583496,0.9099275469779968,-0.1061074286699295,I
0.3946669101715088,1.0536677837371826,-4.3819363781949505e-07,0.3592137098312378,0.9246248602867126,0.00745805911719799,0.3522133231163025,0.7978423833847046,-0.004169981926679611,0.3455948829650879,0.7086723446846008,-0.024066738784313202,0.34192806482315063,0.6590806841850281,-0.04498864337801933,0.4197039306163788,0.6640974283218384,-0.014257898554205894,0.4032576382160187,0.5187902450561523,-0.048463400453329086,0.39831021428108215,0.41966956853866577,-0.06670992821455002,0.3964742124080658,0.3373534679412842,-0.0829165130853653,0.4401457905769348,0.6976587176322937,-0.04037937894463539,0.2859456539154053,0.6349814534187317,-0.08422679454088211,0.26968079805374146,0.7180211544036865,-0.08139365911483765,0.2981017529964447,0.7589234113693237,-0.07484609633684158,0.4356306493282318,0.759247899055481,-0.06854564696550369,0.2774762213230133,0.7323393821716309,-0.10576139390468597,0.27787289023399353,0.8086556196212769,-0.08156711608171463,0.31466859579086304,0.8344119787216187,-0.062102433294057846,0.41938504576683044,0.8332845568656921,-0.0984247550368309,0.2875860631465912,0.8273352980613708,-0.12750761210918427,0.2781100869178772,0.8809136152267456,-0.11747303605079651,0.3031715154647827,0.9015758633613586,-0.10549615323543549,I
0.38928043842315674,1.035815715789795,-3.7804008456987503e-07,0.3498131334781647,0.9042419195175171,0.007276826538145542,0.34017863869667053,0.7761585712432861,-0.004474819637835026,0.32746028900146484,0.6918604969978333,-0.02374434657394886,0.3120882213115692,0.6470877528190613,-0.044609587639570236,0.40576043725013733,0.6494709253311157,-0.01834149844944477,0.3858436346054077,0.5058931112289429,-0.052039165049791336,0.3795417249202728,0.40850356221199036,-0.07149042189121246,0.376495897769928,0.3252650797367096,-0.08881251513957977,0.425350159406662,0.6831536293029785,-0.04363742098212242,0.2688049376010895,0.6282832026481628,-0.0863158330321312,0.25678786635398865,0.7070679664611816,-0.0852595791220665,0.2870694398880005,0.7455632090568542,-0.08121360838413239,0.4205337464809418,0.743843674659729,-0.07027975469827652,0.2633262276649475,0.7232671976089478,-0.10530740022659302,0.26796233654022217,0.7947579622268677,-0.0823725238442421,0.30498290061950684,0.8179144859313965,-0.0649167001247406,0.40532028675079346,0.8160191178321838,-0.09850317239761353,0.2783769965171814,0.8131818771362305,-0.1247626468539238,0.2739124298095703,0.8681114912033081,-0.11336726695299149,0.3002324104309082,0.8895621299743652,-0.1013546958565712,I
0.3850975036621094,1.026149034500122,-3.7723074797213485e-07,0.34149622917175293,0.8934357166290283,0.004438580479472876,0.3309745192527771,0.7644986510276794,-0.007637716829776764,0.3177226483821869,0.6802355051040649,-0.026785511523485184,0.29669809341430664,0.6360397934913635,-0.047542668879032135,0.40186232328414917,0.6384679675102234,-0.017301375046372414,0.3807719945907593,0.498508095741272,-0.04980965703725815,0.37373048067092896,0.40247878432273865,-0.06812115013599396,0.37032121419906616,0.321063756942749,-0.08434097468852997,0.4222135841846466,0.673997163772583,-0.041045092046260834,0.27111536264419556,0.6239028573036194,-0.0831945389509201,0.2588697075843811,0.7015758156776428,-0.08338680863380432,0.28726980090141296,0.7400103211402893,-0.07972679287195206,0.417924702167511,0.7374943494796753,-0.06621920317411423,0.2643536925315857,0.7216769456863403,-0.1027771607041359,0.26741430163383484,0.7913373112678528,-0.08222697675228119,0.3019183874130249,0.8146305680274963,-0.06506899744272232,0.40124064683914185,0.8127945065498352,-0.09288705140352249,0.2761823534965515,0.8087364435195923,-0.1199311837553978,0.271104097366333,0.8607094287872314,-0.10939273238182068,0.2966005504131317,0.8815358877182007,-0.09740526229143143,I
0.3823361396789551,1.0090813636779785,-3.9913680893732817e-07,0.3331241011619568,0.8836182355880737,0.00327933463267982,0.31795036792755127,0.7646068334579468,-0.010391072370111942,0.3027673363685608,0.6800748109817505,-0.030799625441432,0.28835785388946533,0.6331502199172974,-0.05198892205953598,0.396267831325531,0.6325259208679199,-0.019235258921980858,0.3772761821746826,0.4905020594596863,-0.0537070669233799,0.3686174154281616,0.3944840431213379,-0.07307077944278717,0.36215388774871826,0.3118325173854828,-0.09012245386838913,0.41812628507614136,0.6672129034996033,-0.04270552098751068,0.2658122181892395,0.610211193561554,-0.08650784194469452,0.25243687629699707,0.6917928457260132,-0.08533778041601181,0.2808378338813782,0.732703685760498,-0.08023310452699661,0.41465485095977783,0.7276474833488464,-0.06803002953529358,0.2596513330936432,0.7144432663917542,-0.10454832017421722,0.26362937688827515,0.7864106893539429,-0.08212123811244965,0.3000348210334778,0.8095009326934814,-0.06406300514936447,0.3979073166847229,0.7981805801391602,-0.09526079893112183,0.2705122232437134,0.8018880486488342,-0.12343582510948181,0.264285147190094,0.8562114834785461,-0.11358723044395447,0.2905454635620117,0.8759568929672241,-0.10194499045610428,I
0.3806880712509155,1.0054302215576172,-4.061166976043751e-07,0.32035180926322937,0.8793500065803528,0.0027858379762619734,0.30828893184661865,0.759211540222168,-0.010714080184698105,0.3002927899360657,0.674253523349762,-0.03099149838089943,0.28990569710731506,0.6273282170295715,-0.05204078182578087,0.3906135559082031,0.6252613067626953,-0.017643313854932785,0.37109434604644775,0.48445963859558105,-0.05230185389518738,0.3615320324897766,0.3881572186946869,-0.07289011031389236,0.35432708263397217,0.30570054054260254,-0.09091942757368088,0.4130980968475342,0.6571637392044067,-0.04093865677714348,0.25977808237075806,0.6057229042053223,-0.08471968024969101,0.24877765774726868,0.6890208721160889,-0.08422703295946121,0.27811869978904724,0.7320910692214966,-0.07950646430253983,0.4100847840309143,0.7169413566589355,-0.0662052184343338,0.2532474994659424,0.7080321907997131,-0.10251633077859879,0.257698655128479,0.7834284901618958,-0.08006122708320618,0.29368793964385986,0.8094686269760132,-0.06186867877840996,0.3938685953617096,0.7886174321174622,-0.09362253546714783,0.26573336124420166,0.7965309023857117,-0.12205931544303894,0.2579537630081177,0.8537278771400452,-0.11219307780265808,0.2817978262901306,0.8755892515182495,-0.10026330500841141,I
0.3765875995159149,1.0042681694030762,-4.1605707679082116e-07,0.31727030873298645,0.8788192272186279,0.003084490541368723,0.3038252294063568,0.7601425051689148,-0.01069177221506834,0.29432767629623413,0.6767725944519043,-0.031164633110165596,0.2846934199333191,0.6294263601303101,-0.05247240141034126,0.3883729875087738,0.6263478398323059,-0.019740676507353783,0.3697618246078491,0.48596131801605225,-0.05574401840567589,0.3594522476196289,0.389333575963974,-0.0767887756228447,0.35154756903648376,0.3068227469921112,-0.09461559355258942,0.41149821877479553,0.6598891019821167,-0.042828332632780075,0.2584662437438965,0.6066248416900635,-0.08757582306861877,0.2444663643836975,0.6870185732841492,-0.08764369040727615,0.27144020795822144,0.7281127572059631,-0.08304747194051743,0.4087856113910675,0.7198068499565125,-0.06768259406089783,0.2518504858016968,0.7079651951789856,-0.10556311905384064,0.25431615114212036,0.7821080088615417,-0.08391030132770538,0.2892899513244629,0.8081514835357666,-0.06543087959289551,0.3921515643596649,0.7897078394889832,-0.09434854239225388,0.26428210735321045,0.7942845821380615,-0.1237894669175148,0.2554227113723755,0.8507960438728333,-0.11410568654537201,0.27892518043518066,0.8731389045715332,-0.10169203579425812,I
0.37346595525741577,1.0068209171295166,-4.4543619992509775e-07,0.318861186504364,0.8825033903121948,0.0037344174925237894,0.3085087537765503,0.7631012201309204,-0.008416964672505856,0.30253633856773376,0.6797313094139099,-0.026860445737838745,0.3011092245578766,0.6328635811805725,-0.046052590012550354,0.387349396944046,0.6300343871116638,-0.019254211336374283,0.3674883246421814,0.48806053400039673,-0.0549967959523201,0.35951682925224304,0.39306584000587463,-0.07710512727499008,0.35309281945228577,0.3101634085178375,-0.09601860493421555,0.40974947810173035,0.6655564904212952,-0.04205339774489403,0.2564707398414612,0.6100181341171265,-0.08558101952075958,0.24365536868572235,0.6925418972969055,-0.08639570325613022,0.27072083950042725,0.7357668876647949,-0.08285155147314072,0.40689700841903687,0.7260327935218811,-0.06635329872369766,0.24984198808670044,0.7114713191986084,-0.10216835141181946,0.2531191110610962,0.7878641486167908,-0.08034955710172653,0.28892073035240173,0.8150672912597656,-0.06259544938802719,0.3901941776275635,0.7973724603652954,-0.0924588292837143,0.2620113790035248,0.7989562153816223,-0.12119004130363464,0.25821444392204285,0.8572497963905334,-0.11096853017807007,0.2870531380176544,0.880232572555542,-0.098353810608387,I
0.3765251636505127,1.0116384029388428,-4.29126572498717e-07,0.3177156150341034,0.8872745633125305,0.003472665324807167,0.30637165904045105,0.7674175500869751,-0.009368210099637508,0.3007344603538513,0.6823815703392029,-0.02883986569941044,0.2979065775871277,0.6355842351913452,-0.048949580639600754,0.38958820700645447,0.6300504803657532,-0.017953921109437943,0.3689618408679962,0.489984393119812,-0.0524071604013443,0.3600604236125946,0.39396950602531433,-0.07325685024261475,0.35375547409057617,0.3123493492603302,-0.0913161188364029,0.41299548745155334,0.6629913449287415,-0.04056042432785034,0.2588145136833191,0.6142590045928955,-0.08221465349197388,0.24764713644981384,0.6950777769088745,-0.08107978850603104,0.2766018509864807,0.7355615496635437,-0.07649100571870804,0.41044366359710693,0.7235865592956543,-0.06494805216789246,0.2532884478569031,0.7153639197349548,-0.09900126606225967,0.25752708315849304,0.78812575340271,-0.076139897108078,0.29348158836364746,0.8130358457565308,-0.05813685432076454,0.39362195134162903,0.7957645654678345,-0.09145116060972214,0.2652644217014313,0.8002451062202454,-0.11891762167215347,0.25818103551864624,0.8560596108436584,-0.10876655578613281,0.282654345035553,0.8783606886863708,-0.09655360877513885,I
0.3765495717525482,1.0115141868591309,-4.2591335613906267e-07,0.31809183955192566,0.8853805661201477,0.004643390420824289,0.3061259686946869,0.7654625177383423,-0.007544270716607571,0.2999633550643921,0.6823392510414124,-0.02674318291246891,0.2992017865180969,0.6365076899528503,-0.04656701907515526,0.38691240549087524,0.6307203769683838,-0.0160032007843256,0.3653530478477478,0.4892178773880005,-0.05082736909389496,0.35574793815612793,0.39280903339385986,-0.07126542180776596,0.34873831272125244,0.31098780035972595,-0.08890260756015778,0.40957963466644287,0.6643586754798889,-0.039542436599731445,0.2546708583831787,0.6104428768157959,-0.08202280104160309,0.24276015162467957,0.6920782327651978,-0.08071576803922653,0.27331796288490295,0.7312801480293274,-0.07568733394145966,0.4071553945541382,0.7241487503051758,-0.06502843648195267,0.24902863800525665,0.7105079889297485,-0.09926798939704895,0.25344979763031006,0.7840316295623779,-0.07602629065513611,0.29191118478775024,0.805925726890564,-0.05793965235352516,0.39037925004959106,0.7957660555839539,-0.09254778921604156,0.2603214383125305,0.7993828654289246,-0.11900970339775085,0.25614532828330994,0.854962944984436,-0.10808675736188889,0.28568658232688904,0.8742431998252869,-0.09568315744400024,I
0.378033846616745,1.010790228843689,-4.0063977735371736e-07,0.3208753168582916,0.8864948749542236,0.0031565772369503975,0.3071085810661316,0.7645317316055298,-0.010048807598650455,0.29688191413879395,0.6791196465492249,-0.02985372580587864,0.2856464684009552,0.631243884563446,-0.050507813692092896,0.3868483901023865,0.6315642595291138,-0.01907922700047493,0.3659442365169525,0.49041664600372314,-0.05478357896208763,0.35656827688217163,0.39404982328414917,-0.07608430832624435,0.3500823676586151,0.31161734461784363,-0.09417969733476639,0.4082068204879761,0.6656637787818909,-0.0419522225856781,0.2547830641269684,0.6161121129989624,-0.08668766915798187,0.24220845103263855,0.6958756446838379,-0.08724549412727356,0.2704155147075653,0.7357267737388611,-0.08322723954916,0.4047115743160248,0.7262411117553711,-0.06654597073793411,0.24871736764907837,0.7138972878456116,-0.1039663627743721,0.25213423371315,0.7865667343139648,-0.082147978246212,0.2878228724002838,0.810526967048645,-0.0639677569270134,0.3877283036708832,0.7974916696548462,-0.09298404306173325,0.2609405219554901,0.8011079430580139,-0.12184396386146545,0.2551456093788147,0.8569613695144653,-0.11174541711807251,0.28185218572616577,0.8771046996116638,-0.0993044525384903,I
0.3810875117778778,1.0184142589569092,-3.9779374105819443e-07,0.32308831810951233,0.8896158933639526,0.002926741959527135,0.3090290427207947,0.7675069570541382,-0.011028985492885113,0.2992466986179352,0.681626558303833,-0.031569868326187134,0.2866440415382385,0.633499026298523,-0.053090084344148636,0.3879067599773407,0.6316842436790466,-0.020714478567242622,0.3659859895706177,0.4911361634731293,-0.05582442879676819,0.3560560345649719,0.3940529227256775,-0.07651301473379135,0.3487693667411804,0.3114835023880005,-0.09439221024513245,0.4103635549545288,0.6659801006317139,-0.044203534722328186,0.2561977505683899,0.6198519468307495,-0.08846324682235718,0.24464984238147736,0.6999436020851135,-0.08870194852352142,0.27448058128356934,0.7385033965110779,-0.08486638963222504,0.4078143537044525,0.7289635539054871,-0.06927797198295593,0.25041717290878296,0.7170372009277344,-0.10704171657562256,0.2546328604221344,0.7899073958396912,-0.08463672548532486,0.2917143702507019,0.8138843774795532,-0.06632616370916367,0.39199087023735046,0.803553581237793,-0.0961226299405098,0.2620008587837219,0.8058111667633057,-0.1251831203699112,0.25788965821266174,0.8618229627609253,-0.1140863373875618,0.2864120304584503,0.8827344179153442,-0.10113759338855743,I
0.37871164083480835,1.0200029611587524,-4.211553346067376e-07,0.3207176923751831,0.8951289057731628,0.003928673453629017,0.3089083731174469,0.7728904485702515,-0.00875859521329403,0.3028833568096161,0.6868302226066589,-0.02850416675209999,0.2975703477859497,0.6380760073661804,-0.049072571098804474,0.38924795389175415,0.6377479434013367,-0.016842273995280266,0.36728525161743164,0.49563419818878174,-0.051887914538383484,0.3584378957748413,0.3978152573108673,-0.07238589227199554,0.35244449973106384,0.31576570868492126,-0.09002520143985748,0.4113216996192932,0.6704344749450684,-0.04005957394838333,0.256714403629303,0.6178489923477173,-0.08420350402593613,0.24266529083251953,0.6999620795249939,-0.08385224640369415,0.27055424451828003,0.7404593825340271,-0.07889506965875626,0.40869662165641785,0.729904294013977,-0.06508328765630722,0.25070714950561523,0.7174254655838013,-0.10163175314664841,0.2537233531475067,0.7915939092636108,-0.07934673875570297,0.2902301549911499,0.8160669207572937,-0.0609535351395607,0.39222654700279236,0.8012555241584778,-0.09203268587589264,0.26226985454559326,0.8045490980148315,-0.12106209993362427,0.25635194778442383,0.8601799011230469,-0.11142195016145706,0.2842288613319397,0.8808161616325378,-0.09923359751701355,I
0.37453216314315796,1.0255253314971924,-4.1477207446405373e-07,0.329120934009552,0.8994446396827698,0.005134791135787964,0.31638872623443604,0.7740654945373535,-0.007209349889308214,0.3026823401451111,0.6878341436386108,-0.02626001462340355,0.28848370909690857,0.6405723094940186,-0.04625855013728142,0.3872271180152893,0.6414033770561218,-0.019582124426960945,0.36531680822372437,0.4963292181491852,-0.054622795432806015,0.3566160500049591,0.4001396596431732,-0.07397358864545822,0.35059407353401184,0.3168242275714874,-0.09070035070180893,0.4075455963611603,0.6754161715507507,-0.04349769651889801,0.2530782222747803,0.619155764579773,-0.08815900981426239,0.24124756455421448,0.7007980942726135,-0.08768978714942932,0.26952940225601196,0.7420632839202881,-0.08279276639223099,0.403489887714386,0.7362816333770752,-0.06890035420656204,0.24794062972068787,0.723717212677002,-0.10591332614421844,0.2525700330734253,0.7962095737457275,-0.08437998592853546,0.28906020522117615,0.8183630108833313,-0.066538505256176,0.38660889863967896,0.807610809803009,-0.0958603024482727,0.2597660720348358,0.8107328414916992,-0.1235719621181488,0.25405627489089966,0.8659129738807678,-0.11370179802179337,0.2802637815475464,0.8855029344558716,-0.10191668570041656,I
0.3800005614757538,1.0202182531356812,-3.76936441170983e-07,0.3147539794445038,0.8941212296485901,0.0021939363796263933,0.3046380579471588,0.7726181745529175,-0.012345615774393082,0.3015391230583191,0.6872881650924683,-0.033600885421037674,0.29850828647613525,0.6407118439674377,-0.055802881717681885,0.3894798755645752,0.6354169845581055,-0.020630959421396255,0.37126272916793823,0.4923888146877289,-0.05702700465917587,0.3612699806690216,0.39499831199645996,-0.07876717299222946,0.3530791997909546,0.31219246983528137,-0.0972973182797432,0.41126930713653564,0.6702364087104797,-0.043949250131845474,0.2563803195953369,0.6146287322044373,-0.0889105498790741,0.24448533356189728,0.6963598132133484,-0.08859813213348389,0.2744661867618561,0.7370510697364807,-0.08410342037677765,0.40807709097862244,0.7312548756599426,-0.0691855326294899,0.24939531087875366,0.7131990194320679,-0.10673081129789352,0.25268328189849854,0.7890971899032593,-0.08338002115488052,0.2894866466522217,0.8157262206077576,-0.06440845131874084,0.3917238116264343,0.8032642006874084,-0.09647379070520401,0.2629263401031494,0.8040885925292969,-0.12557841837406158,0.2580202519893646,0.8620062470436096,-0.11450724303722382,0.28621095418930054,0.8841404318809509,-0.10146325081586838,I
0.37899351119995117,1.0010287761688232,-3.828703825092816e-07,0.31392529606819153,0.8750178813934326,0.0011917438823729753,0.300387442111969,0.7562171816825867,-0.013388548977673054,0.2929716408252716,0.6726323366165161,-0.034520965069532394,0.2809799313545227,0.6243267059326172,-0.05626747012138367,0.3911363184452057,0.6198054552078247,-0.019641485065221786,0.3737374544143677,0.48041313886642456,-0.05488838627934456,0.3655068576335907,0.3838900029659271,-0.0754975751042366,0.3601808547973633,0.3022947311401367,-0.09307261556386948,0.41448095440864563,0.6545091867446899,-0.04225942865014076,0.2620199918746948,0.6034161448478699,-0.08684229850769043,0.246970072388649,0.6830721497535706,-0.08695556968450546,0.2749524712562561,0.7229107022285461,-0.08237147331237793,0.412104994058609,0.7156143188476562,-0.06688594818115234,0.2559581398963928,0.7029929161071777,-0.10496023297309875,0.2572548985481262,0.7743767499923706,-0.08302442729473114,0.2922918200492859,0.7991760969161987,-0.06437228620052338,0.39581358432769775,0.7870453000068665,-0.09358879923820496,0.26916730403900146,0.7905424237251282,-0.12263566255569458,0.26003241539001465,0.8449991345405579,-0.11225851625204086,0.28362321853637695,0.8664817214012146,-0.09939947724342346,I
0.37607377767562866,0.9913794994354248,-3.431997299685463e-07,0.30866318941116333,0.8649977445602417,0.00025344971800222993,0.30135804414749146,0.7477149367332458,-0.015270279720425606,0.3034498691558838,0.6650734543800354,-0.03767671063542366,0.30150556564331055,0.6170088648796082,-0.06108216568827629,0.4021078646183014,0.6173076629638672,-0.01963702030479908,0.39517635107040405,0.4774709939956665,-0.055192165076732635,0.39369556307792664,0.379303902387619,-0.07594618201255798,0.39426058530807495,0.2974351942539215,-0.09384844452142715,0.4262086749076843,0.6527987718582153,-0.0424615815281868,0.27840226888656616,0.589763879776001,-0.08771660178899765,0.2561306357383728,0.6711464524269104,-0.08747367560863495,0.2806864082813263,0.7144843339920044,-0.08253725618124008,0.42302238941192627,0.7124595642089844,-0.06751846522092819,0.26882830262184143,0.6836899518966675,-0.10688068717718124,0.2627873420715332,0.7598521113395691,-0.08335261791944504,0.29525959491729736,0.7909247279167175,-0.06363406777381897,0.4056684076786041,0.781957745552063,-0.09472119808197021,0.27931830286979675,0.7773279547691345,-0.12598009407520294,0.26901519298553467,0.8338780403137207,-0.11541815847158432,0.29498839378356934,0.858086109161377,-0.10220927000045776,I
0.3761909008026123,0.9966217279434204,-3.372900891918107e-07,0.30889657139778137,0.864486813545227,-0.0019628454465419054,0.3036210834980011,0.7453153133392334,-0.016240421682596207,0.30848994851112366,0.6614059209823608,-0.03703489527106285,0.31249943375587463,0.6124211549758911,-0.05851124972105026,0.40529417991638184,0.6192329525947571,-0.017981654033064842,0.4058230519294739,0.4808298647403717,-0.05454898625612259,0.41192638874053955,0.38454198837280273,-0.07619545608758926,0.419526606798172,0.3020573854446411,-0.09447762370109558,0.4298666715621948,0.6520373225212097,-0.03955286368727684,0.28290054202079773,0.5818228721618652,-0.08679042011499405,0.25772517919540405,0.6639237403869629,-0.08798082172870636,0.2794879376888275,0.7113161087036133,-0.082732655107975,0.42771533131599426,0.7100393176078796,-0.06377210468053818,0.2724350690841675,0.6832876205444336,-0.10469792038202286,0.26568111777305603,0.7605555653572083,-0.08317974209785461,0.2973921000957489,0.7936962842941284,-0.06345101445913315,0.41077467799186707,0.7791054248809814,-0.0904465764760971,0.28219133615493774,0.7754610776901245,-0.12193332612514496,0.2709617614746094,0.8315724730491638,-0.11271490901708603,0.29619231820106506,0.8566793203353882,-0.09974818676710129,I
0.3825703561306,0.9912894368171692,-3.631015488281264e-07,0.31469056010246277,0.855219304561615,-0.0016142240492627025,0.31031298637390137,0.7329668402671814,-0.016069799661636353,0.31332263350486755,0.6462198495864868,-0.037319403141736984,0.308968722820282,0.5943483710289001,-0.05931524187326431,0.4128035306930542,0.615103006362915,-0.014899095520377159,0.4111461937427521,0.47538721561431885,-0.05051695927977562,0.41327086091041565,0.3793852925300598,-0.070624940097332,0.4177486300468445,0.29721158742904663,-0.08752458542585373,0.4376901388168335,0.650517463684082,-0.03804695978760719,0.29512548446655273,0.5793864727020264,-0.08764181286096573,0.26910459995269775,0.6640941500663757,-0.0900036171078682,0.2899094223976135,0.7154120206832886,-0.0841195210814476,0.43515723943710327,0.7097890377044678,-0.0638299435377121,0.28238701820373535,0.6827051639556885,-0.10803622752428055,0.27407658100128174,0.7630138397216797,-0.0871942862868309,0.3051720857620239,0.7983505129814148,-0.06638191640377045,0.4178505837917328,0.7789818048477173,-0.09175562113523483,0.289418488740921,0.7743290066719055,-0.12476324290037155,0.27769723534584045,0.8334072232246399,-0.11468963325023651,0.3029269278049469,0.8601891398429871,-0.10052597522735596,I
0.39626893401145935,0.9923586249351501,-3.366643568369909e-07,0.32291731238365173,0.859979510307312,-0.005138708744198084,0.31617215275764465,0.7417868971824646,-0.022069057449698448,0.3169200122356415,0.6559798121452332,-0.04523438215255737,0.3098720908164978,0.6055788397789001,-0.06893295049667358,0.4217298924922943,0.615864634513855,-0.020097877830266953,0.4201471209526062,0.4727599024772644,-0.05653051286935806,0.420793741941452,0.37553566694259644,-0.07759912312030792,0.4226692318916321,0.2929292321205139,-0.09516610205173492,0.44646894931793213,0.6512929201126099,-0.04159567132592201,0.30552613735198975,0.5826104283332825,-0.0914522260427475,0.2799331843852997,0.6656599640846252,-0.09369742125272751,0.30099478363990784,0.7169995903968811,-0.08808552473783493,0.4428386390209198,0.7104131579399109,-0.06591266393661499,0.2915318012237549,0.683424174785614,-0.11049344390630722,0.2832554280757904,0.7618899345397949,-0.08914395421743393,0.3137208819389343,0.7987520694732666,-0.06817977875471115,0.42426592111587524,0.7784867286682129,-0.09277638792991638,0.2989806532859802,0.7736576199531555,-0.12608414888381958,0.2853291630744934,0.8319946527481079,-0.11553969234228134,0.3073674738407135,0.8605374097824097,-0.10096663236618042,I
0.3994719982147217,0.9906299114227295,-3.216416359919094e-07,0.3283544182777405,0.8602913022041321,-0.00909971073269844,0.31963592767715454,0.740951657295227,-0.028168974444270134,0.3196970820426941,0.654592752456665,-0.052335742861032486,0.3104616403579712,0.6020868420600891,-0.07658001780509949,0.43052124977111816,0.6128110885620117,-0.024281516671180725,0.4260399639606476,0.4745403528213501,-0.06328655779361725,0.4284422993659973,0.378377765417099,-0.08689683675765991,0.4333731234073639,0.29567673802375793,-0.10645263642072678,0.45699775218963623,0.6461806297302246,-0.044645313173532486,0.3117024600505829,0.5787608027458191,-0.09550237655639648,0.2852848470211029,0.6624426245689392,-0.09772726893424988,0.3065774142742157,0.7117528915405273,-0.09226059168577194,0.45344018936157227,0.7049635648727417,-0.06838356703519821,0.29947519302368164,0.6823123693466187,-0.11299030482769012,0.2902347445487976,0.7568609714508057,-0.09092172235250473,0.32009416818618774,0.7896618843078613,-0.06976132094860077,0.43399372696876526,0.7735978364944458,-0.09526291489601135,0.3075910806655884,0.7716569304466248,-0.12884899973869324,0.29417669773101807,0.8268645405769348,-0.11891897022724152,0.31597936153411865,0.8515744209289551,-0.10503282397985458,I
0.4032517373561859,0.9873881340026855,-3.9363567339023575e-07,0.33509114384651184,0.8567764759063721,-0.005235880147665739,0.32530567049980164,0.7402780652046204,-0.023727336898446083,0.32191070914268494,0.655624270439148,-0.048320233821868896,0.31516557931900024,0.6063939332962036,-0.07341915369033813,0.43179669976234436,0.6135174036026001,-0.023123981431126595,0.4247157871723175,0.47370582818984985,-0.061433933675289154,0.42423543334007263,0.37855038046836853,-0.08401457220315933,0.4276536703109741,0.29598763585090637,-0.10263637453317642,0.45848506689071655,0.6472800970077515,-0.04458681493997574,0.31240785121917725,0.5821011066436768,-0.09476249665021896,0.2840632200241089,0.6655382513999939,-0.09640085697174072,0.3038788437843323,0.7163331508636475,-0.09076307713985443,0.45655548572540283,0.7064492702484131,-0.06896276772022247,0.30305081605911255,0.6842148303985596,-0.11284720152616501,0.29221728444099426,0.7598170638084412,-0.09108557552099228,0.3198896646499634,0.7955738306045532,-0.07015456259250641,0.44017156958580017,0.7752552032470703,-0.09606833010911942,0.31414538621902466,0.770155668258667,-0.12909208238124847,0.2950069308280945,0.8238168358802795,-0.11932104825973511,0.3102979063987732,0.8516095876693726,-0.10552164167165756,I
0.4019990563392639,0.9862632751464844,-3.9580470456712646e-07,0.33606693148612976,0.8535744547843933,-0.005430974066257477,0.32822927832603455,0.7365031242370605,-0.0228093471378088,0.3284315764904022,0.6519600749015808,-0.0459589958190918,0.3243873417377472,0.600846529006958,-0.06984351575374603,0.433673232793808,0.6146143674850464,-0.024278387427330017,0.4292164444923401,0.47745463252067566,-0.06450100243091583,0.4312405586242676,0.383230060338974,-0.08981646597385406,0.43584221601486206,0.2991968095302582,-0.11072677373886108,0.46146056056022644,0.6484394669532776,-0.04502322897315025,0.3158027231693268,0.5809950232505798,-0.09538911283016205,0.2850343585014343,0.665435791015625,-0.0976986438035965,0.30221083760261536,0.7174726128578186,-0.09328888356685638,0.4594379961490631,0.707522988319397,-0.06883486360311508,0.3062855303287506,0.6808347702026367,-0.11311668902635574,0.2933542728424072,0.7582398653030396,-0.09135404229164124,0.3193095624446869,0.7977862358093262,-0.07081829756498337,0.44270622730255127,0.7763609290122986,-0.09534616023302078,0.316692978143692,0.7697474956512451,-0.13013847172260284,0.29668718576431274,0.8241974711418152,-0.12155797332525253,0.3121491074562073,0.8528937101364136,-0.10867032408714294,I
0.40851157903671265,0.9961106777191162,-3.831759443073679e-07,0.34394365549087524,0.8645722270011902,-0.006488136015832424,0.334543913602829,0.7496281862258911,-0.024402067065238953,0.3321245014667511,0.667088508605957,-0.04826318100094795,0.3290387988090515,0.621779203414917,-0.07263653725385666,0.4376150071620941,0.620074987411499,-0.02393154799938202,0.43026599287986755,0.47889599204063416,-0.06453800201416016,0.4310328960418701,0.38335561752319336,-0.08986080437898636,0.4352593719959259,0.2995080351829529,-0.11048606038093567,0.4654259979724884,0.6550249457359314,-0.0446547195315361,0.321397066116333,0.587803304195404,-0.0964723750948906,0.29041793942451477,0.6729336977005005,-0.09972245991230011,0.30806559324264526,0.7261266708374023,-0.09520021080970764,0.46435070037841797,0.7159549593925476,-0.06862564384937286,0.3120827376842499,0.688505232334137,-0.11468899995088577,0.2985382080078125,0.7661047577857971,-0.09366827458143234,0.325400710105896,0.8050482273101807,-0.07271043211221695,0.44844290614128113,0.7876075506210327,-0.09531013667583466,0.32290494441986084,0.7763112783432007,-0.12980611622333527,0.3012160658836365,0.8307040929794312,-0.1199965551495552,0.3163902759552002,0.8605847358703613,-0.1058693677186966,I
0.41792675852775574,0.9966630935668945,-4.299144222841278e-07,0.3542167544364929,0.864428699016571,-0.00524713471531868,0.34617316722869873,0.7477053999900818,-0.023023711517453194,0.34423887729644775,0.664591908454895,-0.04698743298649788,0.3433828055858612,0.6164554953575134,-0.07143909484148026,0.4472062885761261,0.6229331493377686,-0.02350727468729019,0.4349256753921509,0.4762904644012451,-0.06365756690502167,0.433787077665329,0.37931567430496216,-0.08817650377750397,0.43686535954475403,0.2944246232509613,-0.10800579935312271,0.4756486713886261,0.6567559242248535,-0.04507681354880333,0.33150601387023926,0.5846741795539856,-0.09810570627450943,0.3007686138153076,0.6726694107055664,-0.10134788602590561,0.3170371949672699,0.7308205366134644,-0.09592702984809875,0.4759622812271118,0.7155520915985107,-0.06957204639911652,0.32219168543815613,0.6852123737335205,-0.11509810388088226,0.3100765645503998,0.7686325907707214,-0.09313654899597168,0.3377918303012848,0.8111790418624878,-0.07152774184942245,0.46133583784103394,0.785447359085083,-0.0967324897646904,0.3346380591392517,0.7740450501441956,-0.1300298124551773,0.31551292538642883,0.832291841506958,-0.11916259676218033,0.3337574303150177,0.864118754863739,-0.10441238433122635,I
0.41230323910713196,0.9908520579338074,-3.627607441103464e-07,0.3527221381664276,0.8592000603675842,-0.005558333359658718,0.34568876028060913,0.74416184425354,-0.022805463522672653,0.3449784517288208,0.6638845801353455,-0.04630640149116516,0.34700915217399597,0.6187384724617004,-0.07030119001865387,0.4462537169456482,0.6231118440628052,-0.02189486101269722,0.447261244058609,0.48537760972976685,-0.06149342656135559,0.4538923501968384,0.39251792430877686,-0.08515565097332001,0.46288925409317017,0.31186145544052124,-0.10421581566333771,0.47382861375808716,0.6584550738334656,-0.04275963082909584,0.33138665556907654,0.5901225209236145,-0.09416112303733826,0.3020859658718109,0.6747419238090515,-0.09672347456216812,0.31899479031562805,0.7278212904930115,-0.09103681892156601,0.47389018535614014,0.7184293866157532,-0.06672213226556778,0.322713166475296,0.6935870051383972,-0.11119997501373291,0.31348249316215515,0.7724103927612305,-0.089376300573349,0.3413481116294861,0.810235857963562,-0.06770560890436172,0.4589543044567108,0.7883015871047974,-0.09336274117231369,0.33608582615852356,0.7794564366340637,-0.12541690468788147,0.3200809061527252,0.8346564173698425,-0.11441056430339813,0.33894094824790955,0.8625810146331787,-0.09951236844062805,I
0.40974098443984985,1.002375841140747,-3.9668563545092184e-07,0.3473639190196991,0.8717122673988342,-0.004416663199663162,0.33990970253944397,0.7573091983795166,-0.02228165790438652,0.33658769726753235,0.6770018339157104,-0.046532515436410904,0.3370307981967926,0.6316584348678589,-0.07133983820676804,0.44564613699913025,0.6320476531982422,-0.02271747589111328,0.43680569529533386,0.49079716205596924,-0.06200183555483818,0.43829160928726196,0.3954160213470459,-0.08605179935693741,0.44377487897872925,0.3127484917640686,-0.10577138513326645,0.4719351828098297,0.6640626788139343,-0.04430103674530983,0.32757455110549927,0.5949971675872803,-0.09442795813083649,0.3015609085559845,0.6795580983161926,-0.09682431071996689,0.3208211064338684,0.7324206233024597,-0.091720812022686,0.4712700843811035,0.7219583988189697,-0.06867564469575882,0.3169841766357422,0.6982578039169312,-0.11094839125871658,0.31012603640556335,0.7760310173034668,-0.08923716098070145,0.3395289480686188,0.812759280204773,-0.06896020472049713,0.45496615767478943,0.791133463382721,-0.0958724096417427,0.32862046360969543,0.7874251008033752,-0.12740379571914673,0.3133799433708191,0.8428511023521423,-0.11734984070062637,0.3328428864479065,0.8705613613128662,-0.1037559062242508,I
0.411972314119339,0.990360677242279,-3.976259392857173e-07,0.35456299781799316,0.8616243004798889,-0.006544412579387426,0.3494785726070404,0.744170606136322,-0.0224514938890934,0.3488500714302063,0.6631000638008118,-0.04385005310177803,0.35056838393211365,0.6156654357910156,-0.065797358751297,0.44723057746887207,0.6233969926834106,-0.024363206699490547,0.44371718168258667,0.4827684760093689,-0.06377430260181427,0.44965049624443054,0.38993343710899353,-0.08850537240505219,0.45841675996780396,0.3075147867202759,-0.10842763632535934,0.4753090739250183,0.6564984917640686,-0.043869197368621826,0.3315456211566925,0.59364914894104,-0.09376388043165207,0.30351245403289795,0.6771963238716125,-0.09731201082468033,0.32010334730148315,0.7317349910736084,-0.09315028041601181,0.47516945004463196,0.7158658504486084,-0.06619065254926682,0.3226451277732849,0.6930974125862122,-0.10910242795944214,0.3131926357746124,0.7728428840637207,-0.08854226768016815,0.33980655670166016,0.8136997818946838,-0.06841512024402618,0.4605804681777954,0.7863206267356873,-0.09132389724254608,0.3362167775630951,0.7793169021606445,-0.12321505695581436,0.31845834851264954,0.8359121084213257,-0.11299899220466614,0.3347089886665344,0.8671072721481323,-0.09875108301639557,I
0.4170088768005371,0.9863770008087158,-3.8858371453898144e-07,0.35792580246925354,0.8548917770385742,-0.005603369791060686,0.35327446460723877,0.7390483021736145,-0.022154249250888824,0.3525787591934204,0.6590183973312378,-0.04434804245829582,0.3526526093482971,0.6125508546829224,-0.06728801876306534,0.45317918062210083,0.617874801158905,-0.025065336376428604,0.4492424428462982,0.479157418012619,-0.06507690250873566,0.4540991187095642,0.3865455687046051,-0.09078536182641983,0.4615715444087982,0.3027694821357727,-0.11176354438066483,0.4823650121688843,0.6532072424888611,-0.04575243964791298,0.3388220965862274,0.5886596441268921,-0.09648724645376205,0.30910247564315796,0.6730406284332275,-0.10073308646678925,0.32399439811706543,0.7297224998474121,-0.09745243191719055,0.48214292526245117,0.7149953842163086,-0.06918957084417343,0.33117377758026123,0.6861968636512756,-0.11377377063035965,0.3187941312789917,0.7661492228507996,-0.09303302317857742,0.3429645299911499,0.8105564117431641,-0.07263855636119843,0.4668559432029724,0.7874795794487,-0.09518899023532867,0.34298914670944214,0.7730799913406372,-0.12939074635505676,0.32181239128112793,0.8287206888198853,-0.11967950314283371,0.3353518843650818,0.861595869064331,-0.10564383119344711,I
0.4320925772190094,0.964496374130249,-3.866711608679907e-07,0.3670468032360077,0.8311859965324402,-0.006552590522915125,0.36299407482147217,0.7143154740333557,-0.02247060276567936,0.3676840364933014,0.6314383745193481,-0.044637273997068405,0.37025830149650574,0.581698477268219,-0.06723276525735855,0.4646969735622406,0.5971329212188721,-0.01968611590564251,0.4596433937549591,0.4608452320098877,-0.05744777247309685,0.4622040390968323,0.3672211766242981,-0.08036945015192032,0.46736598014831543,0.28619346022605896,-0.09870900958776474,0.49299103021621704,0.6306995749473572,-0.039429642260074615,0.3509933054447174,0.5649092793464661,-0.08931142091751099,0.3211698532104492,0.6467069387435913,-0.09273354709148407,0.3375384211540222,0.7001525163650513,-0.0878196656703949,0.49287575483322144,0.6885313391685486,-0.062459465116262436,0.34238019585609436,0.6613168716430664,-0.10739270597696304,0.3279649615287781,0.7394648790359497,-0.08749866485595703,0.35113784670829773,0.7811468839645386,-0.06655345112085342,0.47751379013061523,0.7565015554428101,-0.08823279291391373,0.35737788677215576,0.7413754463195801,-0.12093275785446167,0.33326083421707153,0.7948893308639526,-0.11111683398485184,0.3417363166809082,0.8271906971931458,-0.0967693030834198,I
0.4505382478237152,0.9555496573448181,-3.8423416981459013e-07,0.38061970472335815,0.8161794543266296,-0.005262867081910372,0.37794074416160583,0.6930316686630249,-0.021428653970360756,0.383968710899353,0.6032280921936035,-0.04445768520236015,0.3804965317249298,0.5480127334594727,-0.06795470416545868,0.4884371757507324,0.5757126808166504,-0.015329651534557343,0.48264673352241516,0.44027212262153625,-0.051615841686725616,0.48586663603782654,0.3460962772369385,-0.07464561611413956,0.4911702871322632,0.2638220191001892,-0.09369304776191711,0.5139667391777039,0.60927414894104,-0.03694865480065346,0.3753666877746582,0.5393200516700745,-0.08755224943161011,0.3461451530456543,0.6242714524269104,-0.09252850711345673,0.36207324266433716,0.6823059320449829,-0.08869701623916626,0.5118933916091919,0.6663326621055603,-0.06173267215490341,0.36369210481643677,0.6326404213905334,-0.1074286624789238,0.3491223454475403,0.7150080800056458,-0.08708961308002472,0.37190014123916626,0.7626670598983765,-0.06599940359592438,0.4948832392692566,0.7344133853912354,-0.08928951621055603,0.37427017092704773,0.71637362241745,-0.12249626219272614,0.3522856533527374,0.7724344730377197,-0.11251477897167206,0.3632581830024719,0.807796061038971,-0.09841574728488922,I
0.45488065481185913,0.9715601205825806,-4.0667342204869783e-07,0.38614189624786377,0.8347079157829285,-0.0008365238318219781,0.38518521189689636,0.7133341431617737,-0.015152891166508198,0.3932603597640991,0.6276472806930542,-0.03707455098628998,0.39600974321365356,0.575860321521759,-0.05958008021116257,0.49032989144325256,0.590740978717804,-0.013413826934993267,0.48074960708618164,0.4504012167453766,-0.05012531578540802,0.4840969443321228,0.35516518354415894,-0.07396194338798523,0.49068862199783325,0.27197083830833435,-0.09373866021633148,0.5169726014137268,0.6226280331611633,-0.03622128441929817,0.3767867386341095,0.551182210445404,-0.08442968130111694,0.3497169017791748,0.6359118819236755,-0.08812982589006424,0.36782240867614746,0.6915380954742432,-0.08457404375076294,0.5156292915344238,0.6779578924179077,-0.06189527362585068,0.36472904682159424,0.6415789127349854,-0.10370132327079773,0.3518252968788147,0.7239524126052856,-0.08194601535797119,0.3767006993293762,0.7697266340255737,-0.06181123107671738,0.49870556592941284,0.7439152598381042,-0.0902397409081459,0.3754342496395111,0.7286808490753174,-0.12127497047185898,0.3545505404472351,0.7862915992736816,-0.11093650758266449,0.3679162859916687,0.8209015130996704,-0.09742088615894318,I
0.4527369737625122,0.971295952796936,-3.768747092181002e-07,0.3826625943183899,0.8368512988090515,-0.005532513838261366,0.3790822923183441,0.7170116901397705,-0.021925654262304306,0.3855212330818176,0.6326489448547363,-0.044685643166303635,0.3834863305091858,0.5794826149940491,-0.06786879897117615,0.4884548485279083,0.5965587496757507,-0.019052578136324883,0.47889605164527893,0.4599986672401428,-0.056460294872522354,0.48065629601478577,0.36599645018577576,-0.08023326843976974,0.48462164402008057,0.2842232286930084,-0.09994125366210938,0.5155447125434875,0.6296730041503906,-0.03998415172100067,0.3765462636947632,0.5645406246185303,-0.08855537325143814,0.3495281934738159,0.6477261185646057,-0.0916995033621788,0.36782121658325195,0.6990399956703186,-0.08792726695537567,0.5135094523429871,0.6862286329269409,-0.06414030492305756,0.36522477865219116,0.6558152437210083,-0.10742013901472092,0.3526906371116638,0.7346683740615845,-0.08569744229316711,0.37799137830734253,0.775190532207489,-0.0654335767030716,0.4959641098976135,0.7532336711883545,-0.09122829139232635,0.37449148297309875,0.7425048351287842,-0.12400476634502411,0.35395705699920654,0.7983042001724243,-0.1141224279999733,0.36724379658699036,0.8289932012557983,-0.10080792009830475,I
0.46860653162002563,0.9791068434715271,-3.947441200580215e-07,0.4041636884212494,0.8452171087265015,-0.003952424507588148,0.4004812240600586,0.7266590595245361,-0.02003599889576435,0.4046194851398468,0.6436815857887268,-0.043179817497730255,0.40488991141319275,0.5919919610023499,-0.06665275990962982,0.5031322240829468,0.6077200770378113,-0.017908433452248573,0.496295690536499,0.46729177236557007,-0.05430867522954941,0.49786847829818726,0.3718644082546234,-0.07625166326761246,0.5021504163742065,0.28966057300567627,-0.09435025602579117,0.529826819896698,0.640901505947113,-0.03964279592037201,0.390514612197876,0.5754775404930115,-0.08936773985624313,0.3627311587333679,0.6568840742111206,-0.09294746071100235,0.3806647062301636,0.7090546488761902,-0.08870407938957214,0.5291847586631775,0.6982809901237488,-0.06433325260877609,0.3809424638748169,0.6678423285484314,-0.10813889652490616,0.36691904067993164,0.744871199131012,-0.0874669998884201,0.3911111652851105,0.7848120927810669,-0.06713367998600006,0.5135977268218994,0.7658812403678894,-0.0917244702577591,0.39460691809654236,0.7490290999412537,-0.12309972941875458,0.37073346972465515,0.8011115193367004,-0.11267495155334473,0.3806747794151306,0.8321784734725952,-0.0987745001912117,I
0.49037832021713257,0.9703420400619507,-4.3667196791830065e-07,0.4302867650985718,0.8377722501754761,-0.002660456346347928,0.4282565414905548,0.7233867645263672,-0.018387004733085632,0.43358370661735535,0.6422092914581299,-0.04142070189118385,0.43842270970344543,0.5922825932502747,-0.06458146125078201,0.5295444130897522,0.5988232493400574,-0.016093887388706207,0.5234493613243103,0.46104899048805237,-0.05157582834362984,0.5245517492294312,0.3675503730773926,-0.07362429052591324,0.528805136680603,0.28626611828804016,-0.09204750508069992,0.556913435459137,0.6291714310646057,-0.038188714534044266,0.41752418875694275,0.5629293322563171,-0.08639946579933167,0.38717910647392273,0.6444710493087769,-0.0900944247841835,0.40235400199890137,0.7007887363433838,-0.08626073598861694,0.5571996569633484,0.685123860836029,-0.0631389170885086,0.40906500816345215,0.6563785672187805,-0.10484962165355682,0.39481648802757263,0.7344109416007996,-0.0848291888833046,0.4173390567302704,0.7787579298019409,-0.06559739261865616,0.543458104133606,0.7526899576187134,-0.09084758907556534,0.4240451753139496,0.7407804131507874,-0.12150771915912628,0.3966473639011383,0.7931073307991028,-0.11215980350971222,0.40172508358955383,0.8260816335678101,-0.09929574280977249,I
0.5476524233818054,0.958129346370697,-3.875124718888401e-07,0.4826265573501587,0.8207171559333801,-0.01315099373459816,0.4813219904899597,0.693734884262085,-0.0279522892087698,0.4927816689014435,0.6018307209014893,-0.04701940715312958,0.4915965795516968,0.5362906455993652,-0.06504258513450623,0.5928084850311279,0.5799838900566101,-0.016943709924817085,0.6085242033004761,0.4518182873725891,-0.05530492216348648,0.6250985264778137,0.36164671182632446,-0.07950454205274582,0.6423435807228088,0.2884023189544678,-0.09752081334590912,0.6190308928489685,0.6109399199485779,-0.03360734134912491,0.492510586977005,0.5353972315788269,-0.08893632888793945,0.4494662582874298,0.6143890023231506,-0.09691682457923889,0.4539225101470947,0.6764011383056641,-0.09168883413076401,0.6182647347450256,0.6632614731788635,-0.05444985255599022,0.48252734541893005,0.626423180103302,-0.10242853313684464,0.45876455307006836,0.7004712820053101,-0.08535119891166687,0.47414493560791016,0.7465893030166626,-0.06381187587976456,0.6046082377433777,0.7274606823921204,-0.07874618470668793,0.4923499822616577,0.7063502669334412,-0.10946355015039444,0.46565526723861694,0.756255030632019,-0.09911151975393295,0.4718151092529297,0.7893555760383606,-0.08350422233343124,I
0.5917984843254089,0.9738852977752686,-3.4938508974846627e-07,0.5282708406448364,0.8531277775764465,-0.016213564202189445,0.5154446959495544,0.7353935837745667,-0.03422703221440315,0.515135645866394,0.6532952785491943,-0.056760162115097046,0.5193271040916443,0.5965141654014587,-0.07788552343845367,0.6272311210632324,0.6033646464347839,-0.01987513341009617,0.6414645910263062,0.4711516499519348,-0.060125816613435745,0.6550390124320984,0.382089763879776,-0.08371462672948837,0.6723991632461548,0.3054583668708801,-0.10175362229347229,0.6595571041107178,0.6325962543487549,-0.03659910708665848,0.5330289006233215,0.556395947933197,-0.09477800875902176,0.4924479126930237,0.6455593705177307,-0.10091368854045868,0.5040477514266968,0.7080287337303162,-0.09342505037784576,0.6654824614524841,0.6860086917877197,-0.05810176208615303,0.5283198952674866,0.652794599533081,-0.1098393127322197,0.5046793222427368,0.7316734790802002,-0.09015507996082306,0.5244860053062439,0.7735803127288818,-0.066071055829525,0.6564382314682007,0.7517709732055664,-0.08338633179664612,0.5456119179725647,0.7404061555862427,-0.1172565221786499,0.5181286334991455,0.7932718992233276,-0.10624422878026962,0.5259053111076355,0.8241809606552124,-0.0897630974650383,I
0.6678079962730408,0.9326342344284058,-4.2130514543714526e-07,0.5791401267051697,0.8225966691970825,-0.005776898469775915,0.548930823802948,0.7084478735923767,-0.02238360233604908,0.5335544347763062,0.6272951364517212,-0.04539182037115097,0.5205534100532532,0.581926703453064,-0.06803644448518753,0.6245745420455933,0.549575924873352,-0.016368092969059944,0.5843302607536316,0.4216900169849396,-0.052747152745723724,0.5613453984260559,0.3326147794723511,-0.07403013855218887,0.5457448363304138,0.2564319968223572,-0.09130147099494934,0.6600634455680847,0.5709623098373413,-0.03843417018651962,0.5205811858177185,0.5481805801391602,-0.08788066357374191,0.5076470375061035,0.6399347186088562,-0.08963758498430252,0.5338864922523499,0.6848243474960327,-0.08309883624315262,0.6734095215797424,0.6258589029312134,-0.06426631659269333,0.530593752861023,0.6430203914642334,-0.10647387057542801,0.5299600958824158,0.7223557233810425,-0.08401621133089066,0.5607886910438538,0.7474079728126526,-0.06276161968708038,0.6721089482307434,0.6976601481437683,-0.09331372380256653,0.5586830973625183,0.7197333574295044,-0.11922936886548996,0.5515859723091125,0.7768955230712891,-0.10532361268997192,0.5737844109535217,0.796947717666626,-0.09032586961984634,I
0.7030090689659119,0.8826987743377686,-2.7169065219823096e-07,0.6187360286712646,0.7709821462631226,-0.004980222322046757,0.5939065217971802,0.6523939967155457,-0.020004630088806152,0.5827469825744629,0.5647791624069214,-0.04125789552927017,0.5611684918403625,0.5120280385017395,-0.06256388127803802,0.6693159341812134,0.5103728175163269,-0.012440894730389118,0.6469001173973083,0.38089698553085327,-0.05104612186551094,0.6370654702186584,0.29163050651550293,-0.07428405433893204,0.6352916955947876,0.21207571029663086,-0.09151378273963928,0.6982187032699585,0.5365146994590759,-0.03437133878469467,0.5660583972930908,0.502677857875824,-0.08795610070228577,0.5542885065078735,0.5920286178588867,-0.09154868870973587,0.5823830962181091,0.6397683024406433,-0.08444657921791077,0.7059245705604553,0.5902785062789917,-0.06024928390979767,0.5717113018035889,0.5909982323646545,-0.10765581578016281,0.5698023438453674,0.6703359484672546,-0.08558054268360138,0.6000794768333435,0.7019799947738647,-0.061503816395998,0.7019662261009216,0.657131016254425,-0.088923379778862,0.5901640057563782,0.671471357345581,-0.11840062588453293,0.5836580991744995,0.7291641235351562,-0.10485919564962387,0.6067816019058228,0.7519402503967285,-0.08827359974384308,I
0.724914014339447,0.9147127866744995,-3.408194402254594e-07,0.6438760757446289,0.799103856086731,-0.005172361619770527,0.6213824152946472,0.6804015040397644,-0.020077865570783615,0.6125777363777161,0.5956871509552002,-0.0418231301009655,0.6031101942062378,0.5446086525917053,-0.06393956393003464,0.7082909345626831,0.5401421785354614,-0.012605927884578705,0.6900448799133301,0.4114153981208801,-0.04990370199084282,0.6871805787086487,0.3235393464565277,-0.07358493655920029,0.6908004283905029,0.24453279376029968,-0.09218849986791611,0.7385485172271729,0.5657442808151245,-0.033691052347421646,0.6078916192054749,0.5299071073532104,-0.08581008017063141,0.5873898267745972,0.6152991056442261,-0.09222260862588882,0.6085948944091797,0.6635462641716003,-0.08818812668323517,0.7468541860580444,0.6201462745666504,-0.058216605335474014,0.6112751960754395,0.619451642036438,-0.10372668504714966,0.6023111343383789,0.6937529444694519,-0.08415728807449341,0.6284770369529724,0.7250463962554932,-0.06284365057945251,0.741682231426239,0.6892046332359314,-0.08552558720111847,0.6320127844810486,0.6968166828155518,-0.11463742703199387,0.6210376620292664,0.749660074710846,-0.1025761216878891,0.6421440243721008,0.7726500034332275,-0.08738873898983002,I
0.7194790840148926,0.9056777954101562,-4.3871776256310113e-07,0.6388345956802368,0.789559543132782,0.0005666695651598275,0.6088656783103943,0.6690948009490967,-0.01103590801358223,0.589035153388977,0.588683545589447,-0.029525553807616234,0.5675936937332153,0.5384455323219299,-0.0484481118619442,0.6757883429527283,0.5220254063606262,-0.011513911187648773,0.631304144859314,0.39936012029647827,-0.045304883271455765,0.6057905554771423,0.31476515531539917,-0.06572427600622177,0.5881836414337158,0.2419215738773346,-0.08179115504026413,0.7097752094268799,0.547472357749939,-0.03327300772070885,0.5705842971801758,0.5357558727264404,-0.07772179692983627,0.5603565573692322,0.6148185729980469,-0.08022193610668182,0.5883442759513855,0.6523350477218628,-0.07601666450500488,0.7225001454353333,0.6058830618858337,-0.057728711515665054,0.5824880003929138,0.6254844069480896,-0.09613697975873947,0.5801567435264587,0.6931774020195007,-0.07585912197828293,0.609038233757019,0.7144662141799927,-0.05665164440870285,0.721829354763031,0.6797760725021362,-0.08448998630046844,0.6105908751487732,0.6984463930130005,-0.10849977284669876,0.5979380011558533,0.749925971031189,-0.09497532993555069,0.614434003829956,0.7714194059371948,-0.08016357570886612,I
0.7134628295898438,0.8966237902641296,-4.04110750196196e-07,0.6269810199737549,0.7901908159255981,0.004654410295188427,0.5887029767036438,0.6756011247634888,-0.006335570476949215,0.5618053674697876,0.5999863147735596,-0.025371337309479713,0.5335928797721863,0.5573753714561462,-0.04502355679869652,0.6482491493225098,0.5203776955604553,-0.008012257516384125,0.5980820655822754,0.398524671792984,-0.0394694022834301,0.5692161917686462,0.3145199418067932,-0.056817326694726944,0.5493959188461304,0.2444811761379242,-0.07099165767431259,0.6810213327407837,0.5434597730636597,-0.03179529309272766,0.5363615155220032,0.5421667098999023,-0.07376298308372498,0.5326933860778809,0.6227099895477295,-0.07313623279333115,0.5655301213264465,0.6549819707870483,-0.06707005947828293,0.695040225982666,0.6007620692253113,-0.05809015408158302,0.5522431135177612,0.6347388625144958,-0.09465938061475754,0.5588804483413696,0.7020877599716187,-0.07304161787033081,0.5931344628334045,0.7162869572639465,-0.0538688488304615,0.697130560874939,0.6745057702064514,-0.08634635806083679,0.5849523544311523,0.7099031209945679,-0.11058056354522705,0.5808887481689453,0.7623674869537354,-0.09768140316009521,0.603870689868927,0.7772975564002991,-0.08369387686252594,I
0.7160454988479614,0.8942351341247559,-4.1897487790265586e-07,0.6331799626350403,0.7850971817970276,0.003138874424621463,0.5991632342338562,0.6691758036613464,-0.011960568837821484,0.5739469528198242,0.5894629955291748,-0.03478529304265976,0.5559845566749573,0.552494466304779,-0.05824252590537071,0.6631110310554504,0.5158182382583618,-0.011614791117608547,0.6217329502105713,0.3956693410873413,-0.04381720349192619,0.5970368981361389,0.31359124183654785,-0.06255549192428589,0.5808767676353455,0.24141836166381836,-0.07831895351409912,0.6945293545722961,0.5407877564430237,-0.03614703565835953,0.5532771348953247,0.5283578038215637,-0.07908742129802704,0.545854389667511,0.6091952323913574,-0.07953044027090073,0.5750054121017456,0.6460955142974854,-0.07436352968215942,0.7064345479011536,0.5984296202659607,-0.06299039721488953,0.5673241019248962,0.6216416358947754,-0.10124101489782333,0.5711164474487305,0.6912423968315125,-0.08004710078239441,0.6031126379966736,0.7147071957588196,-0.06060941144824028,0.7073871493339539,0.6695981621742249,-0.09182402491569519,0.5967851281166077,0.6908690929412842,-0.11798346787691116,0.584135115146637,0.7480580806732178,-0.10551998019218445,0.5975897312164307,0.7762993574142456,-0.09154775738716125,I
0.7034096717834473,0.9036881923675537,-3.9043118249537656e-07,0.6150088310241699,0.8011242747306824,-0.0019643190316855907,0.5820986032485962,0.6834182739257812,-0.012986079789698124,0.5667403936386108,0.5978685617446899,-0.030211657285690308,0.5544215440750122,0.5483810901641846,-0.04738466441631317,0.6453379988670349,0.5316709280014038,-0.009755605831742287,0.6028204560279846,0.4092843532562256,-0.042475439608097076,0.5801733136177063,0.32751792669296265,-0.062151096761226654,0.5641655325889587,0.2560262978076935,-0.07807517051696777,0.679740846157074,0.5531646013259888,-0.03005221113562584,0.5398454666137695,0.5354282855987549,-0.07559137046337128,0.5321804285049438,0.6208553910255432,-0.07782220095396042,0.5598695278167725,0.6645862460136414,-0.07224453240633011,0.6940291523933411,0.6067650318145752,-0.0534450002014637,0.5536597371101379,0.628296434879303,-0.09348956495523453,0.5564165115356445,0.7034018635749817,-0.07304926216602325,0.587447464466095,0.7305929660797119,-0.052779898047447205,0.696016788482666,0.6768959760665894,-0.0792909786105156,0.5831360220909119,0.7036017179489136,-0.10535655915737152,0.575499951839447,0.7618646621704102,-0.09307634830474854,0.5948647856712341,0.7856251001358032,-0.07863711565732956,I
0.7217912673950195,0.8781346082687378,-4.154892110364017e-07,0.6322913765907288,0.7747849225997925,0.0022763146553188562,0.5968121886253357,0.6571332216262817,-0.00909831840544939,0.5755279064178467,0.5759154558181763,-0.027490630745887756,0.5577898025512695,0.5313955545425415,-0.04634104669094086,0.6628782749176025,0.5037031173706055,-0.010251558385789394,0.6170233488082886,0.38336971402168274,-0.04218969866633415,0.5911904573440552,0.2999270558357239,-0.06171484664082527,0.5728404521942139,0.2265535593032837,-0.07802088558673859,0.693058431148529,0.5265125632286072,-0.03274562582373619,0.5511947870254517,0.5136002898216248,-0.07494024932384491,0.5467811226844788,0.5952696800231934,-0.07606329023838043,0.5785604119300842,0.631057620048523,-0.0714571550488472,0.7049524784088135,0.5809381008148193,-0.05762055143713951,0.5653549432754517,0.6030153036117554,-0.09414887428283691,0.5692880153656006,0.6710697412490845,-0.07289863377809525,0.6023346185684204,0.691581130027771,-0.053803302347660065,0.7049201130867004,0.6505783200263977,-0.08467597514390945,0.5941091179847717,0.6719374060630798,-0.10881335288286209,0.5878777503967285,0.7255011796951294,-0.0957154631614685,0.6092299222946167,0.7476762533187866,-0.08154331892728806,I
0.729076623916626,0.8885954022407532,-4.0274392176797846e-07,0.6419845223426819,0.781704306602478,-0.001424879184924066,0.6092166304588318,0.667615532875061,-0.0177446361631155,0.5848027467727661,0.5879270434379578,-0.04147014021873474,0.5595111846923828,0.551697313785553,-0.06557115167379379,0.683484673500061,0.5116965770721436,-0.011416478082537651,0.6412979364395142,0.3897932767868042,-0.04450853168964386,0.6162811517715454,0.30837172269821167,-0.06403247267007828,0.6006739735603333,0.2347428798675537,-0.08006206899881363,0.7154616713523865,0.5350303053855896,-0.03441966325044632,0.5806918740272522,0.5251705646514893,-0.07976057380437851,0.5710646510124207,0.6093773245811462,-0.0820598378777504,0.5993438363075256,0.6473708152770996,-0.07736782729625702,0.7265756130218506,0.5910534858703613,-0.060326505452394485,0.5897431969642639,0.6139337420463562,-0.10104747861623764,0.5897840261459351,0.6888846158981323,-0.08034680038690567,0.6210103034973145,0.7159497141838074,-0.06019274890422821,0.7244369387626648,0.6614593863487244,-0.08871851861476898,0.6142134666442871,0.6836345195770264,-0.11529064923524857,0.6014919281005859,0.7419478893280029,-0.10238069295883179,0.6178534030914307,0.7708121538162231,-0.08765284717082977,I
0.7208726406097412,0.916793704032898,-4.0619499941385584e-07,0.6498047709465027,0.8009785413742065,0.0007202940178103745,0.6250428557395935,0.6839267015457153,-0.012636641040444374,0.6063212156295776,0.6029819846153259,-0.03279406577348709,0.5876094698905945,0.55209881067276,-0.05341560021042824,0.6980383992195129,0.5414261817932129,-0.013190887868404388,0.6695606708526611,0.41645967960357666,-0.04674331843852997,0.6573845148086548,0.33179694414138794,-0.06824405491352081,0.6521071195602417,0.25526905059814453,-0.08604367077350616,0.72746741771698,0.5669568181037903,-0.03461319953203201,0.5903493165969849,0.5376737117767334,-0.07772259414196014,0.5742640495300293,0.61802077293396,-0.08018595725297928,0.5980592370033264,0.6619632840156555,-0.07692205160856247,0.7344856858253479,0.6229135990142822,-0.05847277492284775,0.5972344875335693,0.6297181248664856,-0.09603143483400345,0.5913892388343811,0.6995048522949219,-0.07592226564884186,0.6175204515457153,0.7309768795967102,-0.05752096697688103,0.7293285131454468,0.6911728978157043,-0.08455981314182281,0.6213288307189941,0.7022464275360107,-0.11108171194791794,0.6023343801498413,0.7548877000808716,-0.10045761615037918,0.6113107800483704,0.7839861512184143,-0.08774294704198837,I
0.7115669846534729,0.8712623715400696,-3.191452435657993e-07,0.6326971054077148,0.7600343227386475,-0.0006512781837955117,0.6051256656646729,0.6449463367462158,-0.013385453261435032,0.5863839387893677,0.5654637217521667,-0.03262035921216011,0.5661132335662842,0.5163249969482422,-0.052142783999443054,0.6783652305603027,0.5048291683197021,-0.012652691453695297,0.6553505063056946,0.377951979637146,-0.04617486149072647,0.6468619704246521,0.293597549200058,-0.06754778325557709,0.6447645425796509,0.2168329954147339,-0.08450664579868317,0.7064622044563293,0.5308042168617249,-0.0329294316470623,0.5718145966529846,0.5104550719261169,-0.07903937995433807,0.5570502281188965,0.5871583819389343,-0.08473784476518631,0.5815675258636475,0.6274335384368896,-0.0824316218495369,0.7140209078788757,0.5844959020614624,-0.05549017712473869,0.5792132019996643,0.5935152769088745,-0.09549500793218613,0.5752826929092407,0.6602075099945068,-0.07719111442565918,0.6026797294616699,0.6877199411392212,-0.05821821838617325,0.7100690007209778,0.6502364277839661,-0.08009326457977295,0.6023895740509033,0.6583756804466248,-0.10493339598178864,0.5898107886314392,0.7104407548904419,-0.09210183471441269,0.6053712964057922,0.7377524375915527,-0.07694981247186661,I
0.6980987787246704,0.849193811416626,-3.112041611075256e-07,0.6139659881591797,0.7414838075637817,-0.00030604409403167665,0.5862185955047607,0.6306793689727783,-0.013516899198293686,0.570510745048523,0.5529866814613342,-0.032868705689907074,0.5556008219718933,0.5120816230773926,-0.052560411393642426,0.6612248420715332,0.48819223046302795,-0.013178572058677673,0.6388154029846191,0.36805233359336853,-0.04533802345395088,0.6284129023551941,0.283884197473526,-0.06577375531196594,0.6235377788543701,0.20865803956985474,-0.08304979652166367,0.6880102753639221,0.5129872560501099,-0.03419484198093414,0.5525196194648743,0.48470449447631836,-0.07663070410490036,0.5391827821731567,0.5664255619049072,-0.07795653492212296,0.5653477907180786,0.6079736948013306,-0.07364920526742935,0.6947505474090576,0.5657632350921631,-0.05782954767346382,0.5602469444274902,0.5718773603439331,-0.09363426268100739,0.5580568909645081,0.6384180188179016,-0.07235248386859894,0.587701141834259,0.6642376780509949,-0.0533904954791069,0.6908755302429199,0.6306533217430115,-0.08393172174692154,0.5828645825386047,0.6438858509063721,-0.10753507912158966,0.5721431970596313,0.6948106288909912,-0.0952700674533844,0.5900287628173828,0.7188327312469482,-0.08199123293161392,I
0.6812911033630371,0.8428559303283691,-3.156899310852168e-07,0.6068779230117798,0.735392153263092,0.00046959510655142367,0.5902320742607117,0.6280915141105652,-0.01140801701694727,0.5843449831008911,0.54979407787323,-0.028947774320840836,0.5769444108009338,0.5063867568969727,-0.04722292348742485,0.6674184203147888,0.4953012764453888,-0.01531500369310379,0.6492384076118469,0.37576547265052795,-0.04685380682349205,0.6442075967788696,0.2922980785369873,-0.06883330643177032,0.6426594257354736,0.21628150343894958,-0.08781927824020386,0.6919168829917908,0.5176398158073425,-0.03426450490951538,0.5567718148231506,0.47819072008132935,-0.07292674481868744,0.5408244729042053,0.5568190813064575,-0.07416519522666931,0.5628650188446045,0.6022281050682068,-0.07139525562524796,0.6945385932922363,0.5665895938873291,-0.055365316569805145,0.560127854347229,0.5629391074180603,-0.08691617846488953,0.5569913387298584,0.6295486092567444,-0.0669635757803917,0.5837198495864868,0.6633775234222412,-0.050669338554143906,0.6863340139389038,0.6266419291496277,-0.07889997959136963,0.5817853212356567,0.635347843170166,-0.10360366106033325,0.5685172080993652,0.6882755756378174,-0.09505942463874817,0.5824609398841858,0.7179821729660034,-0.08469980955123901,I
0.6381192207336426,0.7976966500282288,-2.1321449139577453e-07,0.5578979253768921,0.6871950626373291,0.00047212440404109657,0.5425308346748352,0.5773051381111145,-0.010481541976332664,0.5366178750991821,0.4934990108013153,-0.027343934401869774,0.5259247422218323,0.4387006461620331,-0.04402381181716919,0.6288042068481445,0.45620107650756836,-0.009928332641720772,0.612412691116333,0.33593571186065674,-0.03904721513390541,0.6090185046195984,0.25563812255859375,-0.05706126615405083,0.608203649520874,0.18543004989624023,-0.07178394496440887,0.6450039148330688,0.4752625524997711,-0.02841256372630596,0.5147176384925842,0.42635443806648254,-0.06894352287054062,0.5004770755767822,0.5009316205978394,-0.07012156397104263,0.5240000486373901,0.5433878898620605,-0.06480026990175247,0.6423861384391785,0.5167472958564758,-0.04899976775050163,0.5117951035499573,0.5083162784576416,-0.08107840269804001,0.5144916772842407,0.5718725919723511,-0.06112455204129219,0.5446374416351318,0.6004905700683594,-0.043291617184877396,0.6292769908905029,0.5694188475608826,-0.07202871143817902,0.5287242531776428,0.5737528204917908,-0.09303168952465057,0.5260095596313477,0.622822105884552,-0.08230654895305634,0.5496712923049927,0.6448857188224792,-0.0699368417263031,I
0.6095913052558899,0.8067803382873535,-3.7023428944849e-07,0.5451108813285828,0.6924983859062195,0.0027252754662185907,0.5374711155891418,0.5802103281021118,-0.00814822968095541,0.5402393937110901,0.49795204401016235,-0.02450575865805149,0.5391311049461365,0.4479936957359314,-0.041623555123806,0.6269406676292419,0.46162503957748413,-0.015490250661969185,0.6181102395057678,0.3374728858470917,-0.0461188443005085,0.6180543899536133,0.2501557469367981,-0.06594164669513702,0.6208539009094238,0.17421776056289673,-0.08300914615392685,0.6446293592453003,0.4851825535297394,-0.03550565242767334,0.508685827255249,0.4176461696624756,-0.07387737929821014,0.4859028160572052,0.494989275932312,-0.07454219460487366,0.5044320821762085,0.5458739399909973,-0.07088754326105118,0.641319215297699,0.5319929122924805,-0.05713501572608948,0.5041868090629578,0.49969246983528137,-0.09020712226629257,0.49677062034606934,0.5684407353401184,-0.07125239074230194,0.5226578712463379,0.6065980195999146,-0.0548207089304924,0.6280848383903503,0.5898900032043457,-0.08046238124370575,0.5201647877693176,0.5730136036872864,-0.10665754973888397,0.5067437887191772,0.6249173879623413,-0.09803435206413269,0.5227870941162109,0.6578863859176636,-0.08693458884954453,I
0.6147648096084595,0.9228289723396301,-4.293515871722775e-07,0.5468364953994751,0.805131733417511,0.003602071199566126,0.5337069034576416,0.6860698461532593,-0.007405695039778948,0.5305394530296326,0.6009732484817505,-0.02486872859299183,0.5268031358718872,0.5497063398361206,-0.04326009750366211,0.6260898113250732,0.5576006770133972,-0.012044748291373253,0.6168172359466553,0.4262411594390869,-0.04209446907043457,0.6145836114883423,0.33740556240081787,-0.06041555479168892,0.6142628192901611,0.25894150137901306,-0.07644210010766983,0.6457834839820862,0.5858992338180542,-0.03380053490400314,0.5092843770980835,0.5232685804367065,-0.07389572262763977,0.4934503138065338,0.6025112867355347,-0.0745532289147377,0.5161815881729126,0.648949146270752,-0.0703510195016861,0.64382004737854,0.636756420135498,-0.05708558112382889,0.5057548880577087,0.6083934307098389,-0.09125792235136032,0.5036197900772095,0.6818811297416687,-0.07020382583141327,0.53249591588974,0.7152381539344788,-0.052165403962135315,0.6303220987319946,0.6977613568305969,-0.08211398869752884,0.518790602684021,0.6842999458312988,-0.10775972157716751,0.5122453570365906,0.7402698397636414,-0.09659887850284576,0.5348533391952515,0.7694288492202759,-0.08352652192115784,I
0.6309026479721069,0.9428868889808655,-2.1319317511370173e-07,0.5826988816261292,0.8558033108711243,-0.0063975839875638485,0.570396900177002,0.7523996829986572,-0.024088889360427856,0.5699428915977478,0.6860758066177368,-0.043373335152864456,0.5612353086471558,0.6512483358383179,-0.06701067835092545,0.6508690118789673,0.6664275527000427,-0.05269355699419975,0.610467255115509,0.5531195402145386,-0.08849290758371353,0.5818257331848145,0.4699355363845825,-0.10855694860219955,0.564271867275238,0.40345850586891174,-0.12422885745763779,0.6724643707275391,0.7072583436965942,-0.07047399878501892,0.5389530658721924,0.6510242223739624,-0.10853678733110428,0.5224226713180542,0.7120922207832336,-0.10481269657611847,0.5485095977783203,0.7445644736289978,-0.09853935241699219,0.674588680267334,0.7750344276428223,-0.08811996877193451,0.5403715968132019,0.7454158067703247,-0.12549270689487457,0.5358405113220215,0.7935395836830139,-0.1041674092411995,0.5683740377426147,0.8149803280830383,-0.08497205376625061,0.6648008227348328,0.8503538370132446,-0.10629444569349289,0.5550032258033752,0.826383650302887,-0.1398763805627823,0.5515914559364319,0.8646944761276245,-0.12747207283973694,0.5840631127357483,0.8849512338638306,-0.11291324347257614,I
0.6447275280952454,1.1157991886138916,-7.527101502091682e-07,0.6224335432052612,0.9898843765258789,-0.0026629839558154345,0.6144740581512451,0.8681116700172424,-0.01438350323587656,0.6075512170791626,0.7846079468727112,-0.03205256536602974,0.6092605590820312,0.7323075532913208,-0.04932154342532158,0.6864751577377319,0.750898540019989,-0.01468857191503048,0.6303350925445557,0.6304628849029541,-0.05222972482442856,0.5895072221755981,0.552649974822998,-0.07268794625997543,0.5593571662902832,0.49008381366729736,-0.08708426356315613,0.714480996131897,0.7908200621604919,-0.035418253391981125,0.5706713199615479,0.7391786575317383,-0.0792168378829956,0.5467365980148315,0.8227800130844116,-0.07835495471954346,0.5704395771026611,0.8672133684158325,-0.0704345628619194,0.7225606441497803,0.8589041233062744,-0.05978492647409439,0.5727697014808655,0.8417219519615173,-0.0959957018494606,0.5671303868293762,0.9154121279716492,-0.07375342398881912,0.6026394367218018,0.9401363134384155,-0.05354020744562149,0.7168470621109009,0.9419384002685547,-0.08672267943620682,0.590390682220459,0.9288594722747803,-0.1081218495965004,0.5822948813438416,0.9764377474784851,-0.09283936768770218,0.6121209859848022,0.9978729486465454,-0.07726701349020004,I
0.6738677024841309,1.1093441247940063,-6.736910904692195e-07,0.6559386253356934,0.9826825857162476,-0.009754668921232224,0.6510079503059387,0.8658631443977356,-0.025943255051970482,0.647119402885437,0.7848599553108215,-0.04507464915513992,0.650337815284729,0.7383032441139221,-0.06310977786779404,0.7442111372947693,0.7665984630584717,-0.02560000866651535,0.6733245253562927,0.6510760188102722,-0.06470028311014175,0.6367334127426147,0.5741094350814819,-0.0877150222659111,0.6128069162368774,0.506159782409668,-0.10418353229761124,0.7659896612167358,0.8109254240989685,-0.041922278702259064,0.6188571453094482,0.7462639808654785,-0.08373841643333435,0.5945791006088257,0.8279489278793335,-0.08241941779851913,0.6186678409576416,0.8698067665100098,-0.07498304545879364,0.7631937861442566,0.8803465962409973,-0.06180655583739281,0.6100915670394897,0.8499054312705994,-0.09651879966259003,0.603969931602478,0.9179803729057312,-0.07596508413553238,0.6393003463745117,0.9404459595680237,-0.05745924636721611,0.7453179955482483,0.9601581692695618,-0.08443237841129303,0.618719756603241,0.9383258819580078,-0.10650894045829773,0.6132538318634033,0.9837819337844849,-0.09307236969470978,0.6428893208503723,1.0040175914764404,-0.07874024659395218,I
0.7203026413917542,1.0849682092666626,-3.8698607340847957e-07,0.7125967741012573,0.949501633644104,0.014403436332941055,0.6689630746841431,0.8267123103141785,0.008517535403370857,0.6084243655204773,0.7641028165817261,-0.0033077693078666925,0.5557118654251099,0.7476403117179871,-0.017200147733092308,0.6719759702682495,0.7332810759544373,-0.006823400966823101,0.5858593583106995,0.6409006118774414,-0.02479131892323494,0.5380474925041199,0.5888357758522034,-0.035817135125398636,0.5025142431259155,0.5446574687957764,-0.0462544709444046,0.6587217450141907,0.7747846245765686,-0.02873975969851017,0.5220447182655334,0.749680757522583,-0.050829097628593445,0.5318760871887207,0.802156925201416,-0.04843127354979515,0.5675860643386841,0.8239182829856873,-0.04765372723340988,0.6372007727622986,0.8362778425216675,-0.04997170716524124,0.5128675699234009,0.8336054086685181,-0.06814717501401901,0.5355933904647827,0.8792738318443298,-0.055635374039411545,0.5757816433906555,0.8874930739402771,-0.04874863475561142,0.613818883895874,0.9068641066551208,-0.071021169424057,0.5210186839103699,0.9010680913925171,-0.08461593836545944,0.5415448546409607,0.9410666227340698,-0.07574275881052017,0.5768693089485168,0.9559143781661987,-0.06881986558437347,I
0.6199479699134827,0.9953861236572266,-2.195019277451138e-07,0.621951699256897,0.8807738423347473,0.009740330278873444,0.5862277150154114,0.781728982925415,0.005572357680648565,0.529221773147583,0.7318930625915527,-0.0020989789627492428,0.47915029525756836,0.7335523366928101,-0.012321033515036106,0.5764318704605103,0.715049147605896,-0.013229562900960445,0.5009442567825317,0.6365222930908203,-0.030206680297851562,0.46182507276535034,0.5839301943778992,-0.03691159933805466,0.43736785650253296,0.5386653542518616,-0.04252757132053375,0.5509645938873291,0.7440586686134338,-0.028041169047355652,0.434268593788147,0.742655336856842,-0.05023190379142761,0.4386504888534546,0.7933675050735474,-0.04544449597597122,0.4682808220386505,0.8121827840805054,-0.03927101567387581,0.522258996963501,0.7940042018890381,-0.04182643070816994,0.42272138595581055,0.8196801543235779,-0.059930477291345596,0.4385213851928711,0.8614715337753296,-0.04666406288743019,0.4698525667190552,0.8661155700683594,-0.036491118371486664,0.4952395558357239,0.8541219234466553,-0.05539675056934357,0.42717671394348145,0.8874591588973999,-0.06828818470239639,0.44564762711524963,0.9238181114196777,-0.060593701899051666,0.47381749749183655,0.9297151565551758,-0.052812185138463974,I
0.6203469038009644,1.0010902881622314,-2.1176705899961235e-07,0.6215394735336304,0.8872435688972473,0.009146878495812416,0.5838028788566589,0.7869004607200623,0.0044276900589466095,0.5257184505462646,0.7409625053405762,-0.0032988928724080324,0.4745566248893738,0.7446728348731995,-0.013502978719770908,0.5735026597976685,0.7234358191490173,-0.017334070056676865,0.5000044107437134,0.6434816122055054,-0.03525509685277939,0.4608433246612549,0.5914431810379028,-0.04225973039865494,0.4368228316307068,0.5471643209457397,-0.047871824353933334,0.5468978881835938,0.7523050308227539,-0.03208770975470543,0.4291786253452301,0.7489445209503174,-0.053915657103061676,0.4336187243461609,0.7972809672355652,-0.048682089895009995,0.4637768268585205,0.8141850233078003,-0.042401041835546494,0.5179457664489746,0.8025831580162048,-0.045618198812007904,0.4172223210334778,0.825796365737915,-0.06289804726839066,0.4332532584667206,0.8640207052230835,-0.049384571611881256,0.4648488759994507,0.8658983707427979,-0.0394199937582016,0.4907599687576294,0.8627737164497375,-0.058937884867191315,0.42308545112609863,0.895078718662262,-0.07124350219964981,0.4413161277770996,0.928294837474823,-0.06320744752883911,0.4694165885448456,0.9323468804359436,-0.05532321706414223,I
0.6149190664291382,0.9887948036193848,-1.630586154988123e-07,0.6137830018997192,0.8786391019821167,0.006853165570646524,0.5765044689178467,0.7815373539924622,4.10903558076825e-05,0.518985390663147,0.7398199439048767,-0.009401834569871426,0.4677255153656006,0.7455325722694397,-0.021635184064507484,0.5680382251739502,0.7227818369865417,-0.022198984399437904,0.4963349401950836,0.6434693336486816,-0.04155905172228813,0.4573246240615845,0.5911955237388611,-0.0496174581348896,0.43297117948532104,0.547406792640686,-0.055902183055877686,0.5423810482025146,0.753765881061554,-0.03683718293905258,0.42407897114753723,0.7492176294326782,-0.060247745364904404,0.42659151554107666,0.7966424226760864,-0.05590718612074852,0.45596250891685486,0.8148753046989441,-0.050041552633047104,0.5142292380332947,0.8057820200920105,-0.05029057338833809,0.41097140312194824,0.8257444500923157,-0.0695357397198677,0.42594027519226074,0.8630106449127197,-0.05652621015906334,0.45801201462745667,0.8671865463256836,-0.04633380472660065,0.48740482330322266,0.8670353293418884,-0.06350389868021011,0.41807252168655396,0.8985155820846558,-0.07791474461555481,0.43526312708854675,0.9291214346885681,-0.07046619802713394,0.46375682950019836,0.932497501373291,-0.06258196383714676,I
0.6127456426620483,0.990193784236908,-1.462117182882139e-07,0.6105060577392578,0.8791760206222534,0.007508975453674793,0.5732009410858154,0.7815700173377991,0.0004909809213131666,0.5175976753234863,0.7403334975242615,-0.009830026887357235,0.4674471616744995,0.7455852627754211,-0.023063596338033676,0.5643212795257568,0.7190552353858948,-0.019576022401452065,0.4947080910205841,0.6389086246490479,-0.039302363991737366,0.4570468068122864,0.5843145847320557,-0.04790021479129791,0.43378037214279175,0.5387852191925049,-0.05471048876643181,0.5386539101600647,0.7523574829101562,-0.03541798144578934,0.4212195873260498,0.7455962896347046,-0.060021817684173584,0.4267650842666626,0.794704020023346,-0.05611854046583176,0.45926186442375183,0.8124422430992126,-0.050255805253982544,0.5108403563499451,0.8068774938583374,-0.05027829483151436,0.4079165756702423,0.8218726515769958,-0.07159767299890518,0.4235014319419861,0.859631359577179,-0.058286312967538834,0.4568667411804199,0.8625038862228394,-0.04725969210267067,0.4848126769065857,0.8699650168418884,-0.06481526046991348,0.41478097438812256,0.8946002721786499,-0.0802299752831459,0.4318036735057831,0.9260810613632202,-0.07173439115285873,0.4610379636287689,0.9306706190109253,-0.062848761677742,I
0.6046082973480225,0.9956696033477783,-1.7433548293865897e-07,0.6062198281288147,0.8839418888092041,0.006563934497535229,0.5719415545463562,0.7846776247024536,-0.000877481943462044,0.5160626173019409,0.7386947274208069,-0.010928189381957054,0.464741051197052,0.7421622276306152,-0.02396448329091072,0.5655507445335388,0.7218590974807739,-0.022752461954951286,0.49604707956314087,0.6410369873046875,-0.04306747764348984,0.4581224322319031,0.5871626138687134,-0.0520954467356205,0.4347532093524933,0.5420562028884888,-0.05913805961608887,0.5409055948257446,0.7534162998199463,-0.03753313794732094,0.4214693009853363,0.74678635597229,-0.061844054609537125,0.4245304465293884,0.7950774431228638,-0.05758539214730263,0.4554344117641449,0.8134146332740784,-0.05194660648703575,0.5124861598014832,0.8065531253814697,-0.05126727744936943,0.40769273042678833,0.8240489363670349,-0.07154209911823273,0.42225709557533264,0.861720085144043,-0.05817276984453201,0.45477092266082764,0.8655049800872803,-0.047726355493068695,0.4850232005119324,0.8684442043304443,-0.06481649726629257,0.41259822249412537,0.8973617553710938,-0.07996416836977005,0.4291149377822876,0.9297284483909607,-0.07233957201242447,0.4575192630290985,0.9340970516204834,-0.0643654391169548,I
0.605681300163269,0.9994281530380249,-1.9646913074211625e-07,0.6080732941627502,0.8900831937789917,0.00709201954305172,0.5748889446258545,0.7900025844573975,0.0005177466664463282,0.5188145637512207,0.7381551861763,-0.008445372804999352,0.4669981002807617,0.7351618409156799,-0.02005363442003727,0.5673071146011353,0.7265806198120117,-0.02278635837137699,0.4978555142879486,0.6422970294952393,-0.043251074850559235,0.45975762605667114,0.586885392665863,-0.05204544961452484,0.43623086810112,0.5411431789398193,-0.058608006685972214,0.5422049760818481,0.756516695022583,-0.03735869377851486,0.4214872121810913,0.7455815672874451,-0.06180528551340103,0.42174115777015686,0.794087827205658,-0.057423993945121765,0.45063886046409607,0.8141358494758606,-0.05133235454559326,0.513200044631958,0.8077919483184814,-0.05073561146855354,0.40720826387405396,0.8225045800209045,-0.07081247121095657,0.42069587111473083,0.8606367707252502,-0.05688871070742607,0.45276227593421936,0.865624189376831,-0.045876115560531616,0.48509833216667175,0.8685129880905151,-0.06384854018688202,0.41278398036956787,0.8953660130500793,-0.0784568339586258,0.4290040135383606,0.9273895025253296,-0.07039347290992737,0.4577944278717041,0.9318016171455383,-0.06192704290151596,I
0.6119843125343323,0.994454562664032,-1.535817943931761e-07,0.6122096180915833,0.8819206953048706,0.007625835482031107,0.5772483348846436,0.782829761505127,0.0005590582150034606,0.5223533511161804,0.7389370203018188,-0.009708521887660027,0.47186756134033203,0.743277907371521,-0.022924326360225677,0.568147599697113,0.7211542725563049,-0.020893458276987076,0.5013718605041504,0.6386571526527405,-0.040849242359399796,0.4645797908306122,0.5838768482208252,-0.04971994832158089,0.4415452480316162,0.5391170382499695,-0.05671178176999092,0.5418236255645752,0.7536060810089111,-0.03669173642992973,0.42508453130722046,0.7467260360717773,-0.06078489124774933,0.43026190996170044,0.7947045564651489,-0.05658039450645447,0.4619321823120117,0.8121724724769592,-0.05096915364265442,0.5132016539573669,0.8076910972595215,-0.0514405332505703,0.41023868322372437,0.8228535652160645,-0.07181542366743088,0.42602241039276123,0.8607881665229797,-0.05805520340800285,0.459114670753479,0.8645213842391968,-0.047236550599336624,0.4866313338279724,0.8704373240470886,-0.06592559814453125,0.41584810614585876,0.8960199952125549,-0.08060819655656815,0.4326883554458618,0.9273406267166138,-0.07199399918317795,0.46175920963287354,0.9319046139717102,-0.06329523772001266,I
0.6114698648452759,0.9997153282165527,-1.6173619599157973e-07,0.6127585172653198,0.889725923538208,0.006624587345868349,0.577126145362854,0.7902466654777527,-0.0014840846415609121,0.5209776759147644,0.7441301941871643,-0.012060224078595638,0.46832555532455444,0.7480537295341492,-0.02540259249508381,0.5696775913238525,0.7257838845252991,-0.02466900460422039,0.4999098479747772,0.6397708058357239,-0.04665764048695564,0.4614827036857605,0.5846825838088989,-0.05637717992067337,0.4389839172363281,0.5413235425949097,-0.0633142963051796,0.5444383025169373,0.7593872547149658,-0.040165599435567856,0.42424100637435913,0.7481566071510315,-0.06523651629686356,0.4279845058917999,0.7962127923965454,-0.060760498046875,0.46048250794410706,0.8145031332969666,-0.054770536720752716,0.51565021276474,0.8141823410987854,-0.05465303733944893,0.40988731384277344,0.8252432942390442,-0.07562573999166489,0.42500224709510803,0.862860381603241,-0.060648348182439804,0.4585266411304474,0.8662471175193787,-0.048856597393751144,0.4885985553264618,0.8772571682929993,-0.0688689649105072,0.4164319634437561,0.8988180160522461,-0.08370327204465866,0.4339253008365631,0.9295886754989624,-0.073905810713768,0.4635663628578186,0.9335517287254333,-0.06427007913589478,I
0.60687255859375,1.0099432468414307,-2.2285530576482415e-07,0.6135879158973694,0.8976917266845703,0.010251731611788273,0.5826947093009949,0.7922472953796387,0.005013589281588793,0.5321503281593323,0.7363815903663635,-0.0036747108679264784,0.48356786370277405,0.7295763492584229,-0.014983726665377617,0.5783547163009644,0.725981593132019,-0.01759280450642109,0.5122696757316589,0.6298977136611938,-0.03922764211893082,0.47522228956222534,0.5708562731742859,-0.04780104011297226,0.45388391613960266,0.5269789695739746,-0.05376684293150902,0.5552613139152527,0.7583581805229187,-0.035021230578422546,0.4312763512134552,0.7280541062355042,-0.0628194585442543,0.4357686936855316,0.7808605432510376,-0.05881691724061966,0.47013428807258606,0.8068211078643799,-0.05136078596115112,0.5270785689353943,0.8116046190261841,-0.0514930784702301,0.4191591441631317,0.8106768131256104,-0.07606685161590576,0.43537458777427673,0.8548740148544312,-0.06142020598053932,0.4699484407901764,0.8624529242515564,-0.047932881861925125,0.4999341070652008,0.8730455040931702,-0.0671195462346077,0.42546120285987854,0.8874838352203369,-0.08446138352155685,0.4451814591884613,0.9230055809020996,-0.07502106577157974,0.4762093722820282,0.9289773106575012,-0.0647241473197937,I
0.6769063472747803,1.1136741638183594,-1.2931272408422956e-07,0.6972954273223877,0.9949507713317871,-0.0022105539683252573,0.6811879873275757,0.8703030943870544,-0.020500803366303444,0.6409371495246887,0.791003942489624,-0.04143764451146126,0.594733715057373,0.7577308416366577,-0.065632164478302,0.695231556892395,0.7674837112426758,-0.043217457830905914,0.6778726577758789,0.6277474164962769,-0.07795398682355881,0.6686285138130188,0.5307255983352661,-0.09642572700977325,0.6653155088424683,0.4523645043373108,-0.11206462979316711,0.6892282366752625,0.8109744191169739,-0.06283145397901535,0.5389492511749268,0.7358387112617493,-0.10466812551021576,0.5331292152404785,0.806306004524231,-0.10095565766096115,0.5688982009887695,0.8460151553153992,-0.09477677196264267,0.665931224822998,0.8794336318969727,-0.08244074136018753,0.5218859314918518,0.8374550938606262,-0.11996322870254517,0.5358842611312866,0.8923209309577942,-0.09799346327781677,0.5790355205535889,0.9121882319450378,-0.07953792065382004,0.6403844356536865,0.9516234993934631,-0.10260417312383652,0.5270880460739136,0.9257986545562744,-0.1332428753376007,0.5437107682228088,0.9675071239471436,-0.12236101925373077,0.5840990543365479,0.9856122732162476,-0.10996177792549133,I
0.6202472448348999,1.130126953125,-2.6100494210368197e-07,0.6375374794006348,1.0043352842330933,0.0013899302575737238,0.6269356608390808,0.8769909739494324,-0.012039047665894032,0.5886774659156799,0.8035813570022583,-0.030561642721295357,0.5468085408210754,0.7723946571350098,-0.05201875418424606,0.6435600519180298,0.7775411009788513,-0.028594018891453743,0.6264902949333191,0.638190507888794,-0.06023348495364189,0.6163350343704224,0.5427601337432861,-0.07675164192914963,0.6094937920570374,0.46619680523872375,-0.09105518460273743,0.6418269276618958,0.8215106725692749,-0.049326471984386444,0.4946722388267517,0.7589327096939087,-0.09067261964082718,0.48691505193710327,0.829295814037323,-0.08993972837924957,0.5192960500717163,0.8639768958091736,-0.08527735620737076,0.6243011951446533,0.8889722228050232,-0.07040300965309143,0.4825475215911865,0.8610870838165283,-0.1054803803563118,0.49529820680618286,0.9197568297386169,-0.08744407445192337,0.5377890467643738,0.9351649880409241,-0.07170405238866806,0.6024425029754639,0.9617522954940796,-0.09219152480363846,0.48929938673973083,0.9463536739349365,-0.1181105226278305,0.5039775371551514,0.9875544905662537,-0.10773306339979172,0.543510377407074,1.0029761791229248,-0.09579939395189285,I
0.6124884486198425,1.130285620689392,-1.8174613103383308e-07,0.6316491961479187,1.0059294700622559,-0.0021299580112099648,0.6232175827026367,0.8802544474601746,-0.018623391166329384,0.5836212635040283,0.8147010207176208,-0.04006742313504219,0.5392446517944336,0.789197564125061,-0.06454663723707199,0.6434385180473328,0.7844100594520569,-0.030807651579380035,0.6208393573760986,0.6482945680618286,-0.06403039395809174,0.611808717250824,0.5541253685951233,-0.08233407139778137,0.6069440245628357,0.47786545753479004,-0.0975484549999237,0.6387231349945068,0.829635500907898,-0.05068723484873772,0.4919446110725403,0.7741987705230713,-0.09433108568191528,0.4864374101161957,0.8408486247062683,-0.09629669785499573,0.5200402736663818,0.8719580769538879,-0.09322836995124817,0.6189042925834656,0.8973778486251831,-0.07106398046016693,0.4802738130092621,0.8715178370475769,-0.10827945917844772,0.49396246671676636,0.9248631000518799,-0.09055645763874054,0.5355947613716125,0.9372169971466064,-0.0744534358382225,0.5954509377479553,0.9690086841583252,-0.09245405346155167,0.4885103702545166,0.9529276490211487,-0.11843106150627136,0.5042039752006531,0.992853045463562,-0.10623041540384293,0.5419670343399048,1.0077662467956543,-0.09295312315225601,I
0.6089750528335571,1.1354268789291382,-2.0567000547089265e-07,0.6313043236732483,1.0143237113952637,-0.0034479359164834023,0.6267363429069519,0.8852282762527466,-0.019820278510451317,0.590922474861145,0.8159410953521729,-0.04047488793730736,0.5488236546516418,0.790865421295166,-0.06419860571622849,0.6497214436531067,0.7880123853683472,-0.03528107330203056,0.6314437389373779,0.6470661163330078,-0.0694209635257721,0.6225778460502625,0.5494112968444824,-0.08787504583597183,0.6174256205558777,0.4737815856933594,-0.10318603366613388,0.6488744616508484,0.8343873620033264,-0.0539245568215847,0.4992761015892029,0.7745260000228882,-0.09708967804908752,0.49073219299316406,0.8438898921012878,-0.0968078225851059,0.5242565274238586,0.8756372928619385,-0.09201602637767792,0.6302137970924377,0.9038390517234802,-0.0730966106057167,0.48683255910873413,0.8774054050445557,-0.10947651416063309,0.4988604784011841,0.9320858120918274,-0.09060075134038925,0.5422847270965576,0.945540189743042,-0.07368624955415726,0.6065680980682373,0.9770669937133789,-0.09337852150201797,0.49372541904449463,0.9572833776473999,-0.12032405287027359,0.5079357624053955,0.9971914887428284,-0.10869339108467102,0.5475959181785583,1.0126813650131226,-0.0954151600599289,I
0.614666223526001,1.159560203552246,-2.55619596600809e-07,0.6362794637680054,1.0339511632919312,0.0005553693627007306,0.6322173476219177,0.8974431753158569,-0.01149426307529211,0.5950675010681152,0.8286250233650208,-0.030137894675135612,0.5541276335716248,0.7981445789337158,-0.05177590623497963,0.6561475396156311,0.7949880361557007,-0.022104142233729362,0.6407148241996765,0.6547850966453552,-0.053081247955560684,0.6321993470191956,0.5572434663772583,-0.06944197416305542,0.627388060092926,0.4815756380558014,-0.08336127549409866,0.6519790291786194,0.841969907283783,-0.04353216663002968,0.5085600018501282,0.7805103659629822,-0.08681359887123108,0.49715229868888855,0.849599301815033,-0.08924250304698944,0.528091549873352,0.884136438369751,-0.08563324064016342,0.6331743001937866,0.9129651784896851,-0.06571441143751144,0.4948943257331848,0.8840585947036743,-0.1033732146024704,0.5056187510490417,0.9437129497528076,-0.08765365928411484,0.547705888748169,0.9603112936019897,-0.07216417789459229,0.6104874610900879,0.9899020791053772,-0.08881750702857971,0.5044044256210327,0.9708880186080933,-0.11533573269844055,0.5174176692962646,1.0126304626464844,-0.10418391972780228,0.5551915168762207,1.0313246250152588,-0.09100566059350967,I
0.611970841884613,1.1384718418121338,-2.5938163616956444e-07,0.6252848505973816,1.0150028467178345,0.0005679313908331096,0.6211979985237122,0.8827263116836548,-0.012751206755638123,0.590048611164093,0.8086665868759155,-0.031741026788949966,0.5537785291671753,0.778355062007904,-0.053364235907793045,0.6479500532150269,0.7769542336463928,-0.026609793305397034,0.6316960453987122,0.6318604350090027,-0.0591745488345623,0.6247087717056274,0.5348657965660095,-0.0748567059636116,0.6208896040916443,0.45837023854255676,-0.08800075948238373,0.6511913537979126,0.8227837085723877,-0.048052821308374405,0.50388103723526,0.7591750621795654,-0.09242208302021027,0.4919946789741516,0.8323478698730469,-0.09208022803068161,0.5223895311355591,0.8674637675285339,-0.0861557126045227,0.6363716125488281,0.8915877342224121,-0.07027464359998703,0.4937088191509247,0.8664992451667786,-0.10817725211381912,0.5042775273323059,0.9280861616134644,-0.08951052278280258,0.5467355251312256,0.9412452578544617,-0.07209809869527817,0.6157706379890442,0.9654808044433594,-0.09332571178674698,0.501430332660675,0.9492175579071045,-0.11905253678560257,0.512902557849884,0.9934155344963074,-0.1062164455652237,0.5505892038345337,1.008518934249878,-0.09202361851930618,I
0.582922101020813,1.003607988357544,-2.681817363736627e-07,0.5660616755485535,0.8781653046607971,0.00682771485298872,0.5583858489990234,0.7556225657463074,-0.0030452606733888388,0.545062243938446,0.675261914730072,-0.020092129707336426,0.5253474116325378,0.6413135528564453,-0.03906501829624176,0.592136561870575,0.6482219696044922,-0.014718598686158657,0.5704382658004761,0.5177819132804871,-0.04591180011630058,0.5610140562057495,0.4295390844345093,-0.061218179762363434,0.5548022985458374,0.36035141348838806,-0.0732564702630043,0.5992663502693176,0.6864446997642517,-0.03739211708307266,0.45705732703208923,0.632472574710846,-0.0793655589222908,0.4491105377674103,0.7032932639122009,-0.07771949470043182,0.47827720642089844,0.7398824691772461,-0.0704205185174942,0.5900352597236633,0.7478500008583069,-0.06110087037086487,0.45264044404029846,0.7341575622558594,-0.09509854018688202,0.46189942955970764,0.7923390865325928,-0.07494933903217316,0.4982685446739197,0.8085245490074158,-0.05652552470564842,0.5739099383354187,0.817279577255249,-0.08576636016368866,0.4668363928794861,0.814283549785614,-0.10643883049488068,0.47409629821777344,0.8544034957885742,-0.0936947613954544,0.5055596828460693,0.86479651927948,-0.08020126074552536,I
0.5629671812057495,0.9051381945610046,-2.06331137064808e-07,0.5167473554611206,0.7920675277709961,0.005156237632036209,0.49953728914260864,0.6810657978057861,-0.006248661316931248,0.48265916109085083,0.6058570742607117,-0.023875949904322624,0.46527957916259766,0.5722492933273315,-0.042793985456228256,0.5451522469520569,0.5681453347206116,-0.014097079634666443,0.5240957736968994,0.44907763600349426,-0.044210948050022125,0.515548586845398,0.3658815622329712,-0.06110403686761856,0.5109542012214661,0.29699546098709106,-0.07504717260599136,0.558094322681427,0.6011500954627991,-0.035337988287210464,0.42053866386413574,0.5634381771087646,-0.07467526197433472,0.4172358512878418,0.6341155767440796,-0.07361597567796707,0.44857245683670044,0.666880190372467,-0.06782693415880203,0.5550059080123901,0.6576926708221436,-0.057886261492967606,0.4248696565628052,0.6556490659713745,-0.09028322994709015,0.435401052236557,0.7106845378875732,-0.0699932649731636,0.46981823444366455,0.7224203944206238,-0.05213620886206627,0.5445801019668579,0.7217874526977539,-0.08162388205528259,0.4438509941101074,0.725217342376709,-0.10180255025625229,0.44799545407295227,0.7665038108825684,-0.08892475813627243,0.4733201265335083,0.7763970494270325,-0.07571940124034882,I
0.5600039958953857,0.8159440755844116,-2.689532152544416e-07,0.49110954999923706,0.7167710065841675,0.005057835020124912,0.47223883867263794,0.6101983189582825,-0.004112168215215206,0.4635528326034546,0.5348029136657715,-0.019207274541258812,0.45364847779273987,0.4946258068084717,-0.03531397879123688,0.5360052585601807,0.49812161922454834,-0.010892162099480629,0.5134633779525757,0.3854188919067383,-0.03665301948785782,0.5025435090065002,0.30752065777778625,-0.05148639529943466,0.4972512722015381,0.24182987213134766,-0.06427263468503952,0.5508896112442017,0.5220003724098206,-0.030462097376585007,0.4256511628627777,0.4857071042060852,-0.06535863876342773,0.41494864225387573,0.5527037382125854,-0.0644775778055191,0.4386034309864044,0.5886011719703674,-0.059566691517829895,0.5495550036430359,0.5680568218231201,-0.05119801685214043,0.42858079075813293,0.5686609745025635,-0.078360915184021,0.4320015609264374,0.6252774000167847,-0.059215251356363297,0.46097010374069214,0.6434173583984375,-0.043577004224061966,0.5406197905540466,0.623255729675293,-0.07348373532295227,0.4467012882232666,0.6324039697647095,-0.09052549302577972,0.44434216618537903,0.67539381980896,-0.07928403466939926,0.46549129486083984,0.6891465783119202,-0.06817682832479477,I
0.5681340098381042,0.7825304269790649,-2.3335864796081296e-07,0.5039616823196411,0.6878286600112915,0.001626524026505649,0.4868495762348175,0.5922439098358154,-0.00990025233477354,0.4808392822742462,0.5241281986236572,-0.02720806375145912,0.4732615351676941,0.49141204357147217,-0.04541195556521416,0.5550599098205566,0.48014798760414124,-0.012153987772762775,0.540535569190979,0.372807115316391,-0.038520343601703644,0.5327441096305847,0.2970851957798004,-0.05312291532754898,0.5291314125061035,0.2349281907081604,-0.06560272723436356,0.5700727701187134,0.505720853805542,-0.030863812193274498,0.45203161239624023,0.46270036697387695,-0.06660691648721695,0.44079095125198364,0.5293595194816589,-0.06561695039272308,0.46367788314819336,0.5649298429489136,-0.059769902378320694,0.5691351890563965,0.5522099733352661,-0.051286593079566956,0.4532545208930969,0.5473185181617737,-0.0810803472995758,0.45712965726852417,0.6024046540260315,-0.06277915835380554,0.48623910546302795,0.6201339960098267,-0.04650852456688881,0.5601418614387512,0.607248067855835,-0.07337982207536697,0.4710267186164856,0.6128631234169006,-0.09352874755859375,0.46910005807876587,0.6548629403114319,-0.0833427757024765,0.4902537167072296,0.6696025729179382,-0.07218484580516815,I
0.5604952573776245,0.7444946765899658,-2.5259686253775726e-07,0.4933811128139496,0.6535264849662781,0.00023231218801811337,0.4752592146396637,0.564193844795227,-0.012220333330333233,0.4641399383544922,0.4954179525375366,-0.029824519529938698,0.44597986340522766,0.44707879424095154,-0.04765153303742409,0.5529994964599609,0.45259737968444824,-0.013368834741413593,0.5368704795837402,0.3488231897354126,-0.04060625284910202,0.5290049314498901,0.27706921100616455,-0.0566578134894371,0.5233035087585449,0.21691149473190308,-0.06976186484098434,0.5690710544586182,0.4766180217266083,-0.0312909334897995,0.45475640892982483,0.4372515380382538,-0.06733375787734985,0.44287973642349243,0.5043896436691284,-0.06762202084064484,0.4630580544471741,0.539477527141571,-0.06283404678106308,0.5673612356185913,0.5181877613067627,-0.051052823662757874,0.4545033574104309,0.5138588547706604,-0.08126110583543777,0.4557170271873474,0.5724422931671143,-0.062477320432662964,0.4805408716201782,0.5940871834754944,-0.045981816947460175,0.5567178130149841,0.5671454071998596,-0.07257042825222015,0.4691998362541199,0.5749883055686951,-0.09343411028385162,0.4649880528450012,0.6196739077568054,-0.08306985348463058,0.48247596621513367,0.6361604928970337,-0.07147478312253952,I
0.5597348213195801,0.733250617980957,-2.6079692361236084e-07,0.49661847949028015,0.6470999717712402,0.0002266410447191447,0.4752257764339447,0.5647059679031372,-0.013911300338804722,0.459383487701416,0.5078606605529785,-0.034267935901880264,0.43840292096138,0.4781039357185364,-0.05515275523066521,0.5526952743530273,0.44196414947509766,-0.012449871748685837,0.5359132885932922,0.3391950726509094,-0.03636500611901283,0.5270621180534363,0.27055490016937256,-0.04967637360095978,0.5204160213470459,0.21365854144096375,-0.06111563742160797,0.5686118006706238,0.46727055311203003,-0.0307205468416214,0.45828455686569214,0.43903157114982605,-0.06519944965839386,0.4437636137008667,0.49892565608024597,-0.06782208383083344,0.45854389667510986,0.5278679132461548,-0.06507477164268494,0.5668383240699768,0.5098082423210144,-0.050208136439323425,0.45604828000068665,0.5147026181221008,-0.07997259497642517,0.4592638611793518,0.5718637704849243,-0.06476446986198425,0.4847753643989563,0.5899050235748291,-0.050541676580905914,0.554532527923584,0.5589485764503479,-0.07117091119289398,0.46923720836639404,0.5667687058448792,-0.09093651175498962,0.46715712547302246,0.6102794408798218,-0.08089811354875565,0.486347496509552,0.6254509687423706,-0.06950022280216217,I
0.5670210123062134,0.7481151819229126,-2.7327897100803966e-07,0.5015404224395752,0.6629200577735901,0.0006625873502343893,0.47979187965393066,0.5785198211669922,-0.012057160027325153,0.46435731649398804,0.5210828185081482,-0.030962683260440826,0.44692808389663696,0.4859577417373657,-0.05035199224948883,0.555657684803009,0.45600953698158264,-0.01052378211170435,0.5377038717269897,0.3537445664405823,-0.03476233407855034,0.528601884841919,0.2843802571296692,-0.04893882945179939,0.5219370722770691,0.22565653920173645,-0.06112983077764511,0.5732927322387695,0.4802512228488922,-0.029143892228603363,0.4651830792427063,0.45250198245048523,-0.06623978912830353,0.4533754587173462,0.516808032989502,-0.07049983739852905,0.4708695113658905,0.5515550971031189,-0.06784351915121078,0.5726560354232788,0.5222761631011963,-0.04900447651743889,0.4637453258037567,0.5263885855674744,-0.08044301718473434,0.4662764370441437,0.5845112800598145,-0.06554336845874786,0.49111583828926086,0.6050348281860352,-0.05083615332841873,0.5609450340270996,0.572034478187561,-0.0702722892165184,0.4766441285610199,0.5829312205314636,-0.09077924489974976,0.47501328587532043,0.6260619163513184,-0.0811053141951561,0.49412453174591064,0.6405907869338989,-0.06976529210805893,I
0.5807756781578064,0.7576567530632019,-3.1841389613873616e-07,0.5222740769386292,0.6647313237190247,0.002108100103214383,0.5046622157096863,0.5756328701972961,-0.009665282443165779,0.4909107983112335,0.5095137357711792,-0.02729935757815838,0.4710850417613983,0.4704866409301758,-0.045312732458114624,0.5809621214866638,0.46656572818756104,-0.010589477606117725,0.5578537583351135,0.36368274688720703,-0.03421739116311073,0.5479258298873901,0.29485809803009033,-0.04786102473735809,0.5416410565376282,0.23535943031311035,-0.05964544788002968,0.5950849652290344,0.48939889669418335,-0.028640449047088623,0.48297733068466187,0.45923957228660583,-0.06436910480260849,0.47276896238327026,0.520928144454956,-0.0675920769572258,0.4906620979309082,0.5549069046974182,-0.06493529677391052,0.5914647579193115,0.5294615626335144,-0.04767215624451637,0.4807629883289337,0.5311713814735413,-0.07803072035312653,0.4845861792564392,0.5885834693908691,-0.06328684836626053,0.5089942812919617,0.6100432276725769,-0.04918383061885834,0.5781465768814087,0.5774510502815247,-0.06795734167098999,0.49257639050483704,0.5877062678337097,-0.0879296287894249,0.48903316259384155,0.6318316459655762,-0.0788910835981369,0.5054849982261658,0.6483250856399536,-0.0682729110121727,I
0.5883423686027527,0.7910020351409912,-3.180953740411496e-07,0.5293481349945068,0.6954531669616699,0.0009466864867135882,0.5129618644714355,0.6028902530670166,-0.011383535340428352,0.5025498867034912,0.536449670791626,-0.02916772849857807,0.4897114932537079,0.4987679421901703,-0.04730761796236038,0.5929092168807983,0.4958689510822296,-0.01303920615464449,0.5707206130027771,0.39233994483947754,-0.038572244346141815,0.5614076256752014,0.321966290473938,-0.053994666785001755,0.5548737049102783,0.2610180974006653,-0.06745687127113342,0.6089675426483154,0.5210371017456055,-0.03160009905695915,0.49462202191352844,0.48469382524490356,-0.06702950596809387,0.4854148030281067,0.5493670105934143,-0.06859833002090454,0.5062164068222046,0.5829476118087769,-0.06558867543935776,0.606255829334259,0.5634785890579224,-0.05159701779484749,0.49224352836608887,0.5579303503036499,-0.08179478347301483,0.49454164505004883,0.6167929768562317,-0.06475039571523666,0.5197377800941467,0.6388907432556152,-0.04992622882127762,0.5924979448318481,0.613685667514801,-0.07312600314617157,0.5034526586532593,0.6169126033782959,-0.09420746564865112,0.4999846816062927,0.6612396240234375,-0.08447811007499695,0.5179743766784668,0.6781609654426575,-0.0737321600317955,I
0.6150210499763489,0.8280109167098999,-3.2219907097896794e-07,0.5539118647575378,0.7329503893852234,0.0020262333564460278,0.5333034992218018,0.6483278274536133,-0.010198910720646381,0.5175215005874634,0.5845520496368408,-0.028011741116642952,0.5019537210464478,0.5378774404525757,-0.04622587189078331,0.6113723516464233,0.530706524848938,-0.010996360331773758,0.5967491865158081,0.431669682264328,-0.03653612360358238,0.5886446833610535,0.36234813928604126,-0.05017689988017082,0.5834199786186218,0.3050621449947357,-0.061159998178482056,0.6290534734725952,0.557115375995636,-0.02959129586815834,0.5125507116317749,0.5142576098442078,-0.06680657714605331,0.49295666813850403,0.5745112895965576,-0.06923165172338486,0.5041865706443787,0.6122674942016602,-0.06521032005548477,0.6284643411636353,0.6028187870979309,-0.04949629679322243,0.5149813294410706,0.5945240259170532,-0.08532755821943283,0.5161316990852356,0.6524267196655273,-0.07101526856422424,0.5390251874923706,0.6790415048599243,-0.05476381629705429,0.618261992931366,0.6557509303092957,-0.07004133611917496,0.5293282270431519,0.6510418653488159,-0.09572203457355499,0.5227600336074829,0.6945828795433044,-0.08769874274730682,0.5372017025947571,0.7164427042007446,-0.07614713907241821,I
0.6308660507202148,0.838132381439209,-2.8404804197634803e-07,0.5651127696037292,0.740717887878418,-0.0003762744599953294,0.5482207536697388,0.6481230854988098,-0.012558629736304283,0.5410023927688599,0.5763095617294312,-0.02978270687162876,0.5323147177696228,0.523289144039154,-0.04718075692653656,0.6334822177886963,0.5460154414176941,-0.012856428511440754,0.6202685236930847,0.4425504803657532,-0.04002530872821808,0.6128934025764465,0.36974063515663147,-0.05555805563926697,0.6071634292602539,0.30901268124580383,-0.06863947212696075,0.6524195075035095,0.5712035298347473,-0.03022902086377144,0.5370066165924072,0.5217605829238892,-0.06642504036426544,0.5204991102218628,0.5882810354232788,-0.06573347747325897,0.5393014550209045,0.6238519549369812,-0.06037428602576256,0.6518309116363525,0.6128361821174622,-0.04979163780808449,0.5355119109153748,0.5970622897148132,-0.08160877972841263,0.5334823727607727,0.6564549207687378,-0.06260622292757034,0.5583049654960632,0.6805539131164551,-0.0458165779709816,0.6404891610145569,0.6620241403579712,-0.07110308110713959,0.5487152934074402,0.6621792912483215,-0.0950392484664917,0.5415870547294617,0.7065255045890808,-0.08624693751335144,0.5591042637825012,0.7251495122909546,-0.07541859894990921,I
0.6341626644134521,0.8601757884025574,-2.8140277663624147e-07,0.5694277882575989,0.7599974274635315,2.8950778869329952e-05,0.5559942126274109,0.6638639569282532,-0.011876082979142666,0.5525370836257935,0.5955436825752258,-0.02826867625117302,0.5464943647384644,0.5559051632881165,-0.04515329748392105,0.6381767988204956,0.5524460673332214,-0.017406722530722618,0.6233502626419067,0.444822758436203,-0.04667164385318756,0.61626797914505,0.3690008521080017,-0.06560789793729782,0.6109820604324341,0.30286216735839844,-0.08149641007184982,0.6553441882133484,0.5801702737808228,-0.03460169956088066,0.5340365171432495,0.5290137529373169,-0.0700501948595047,0.5199459791183472,0.5971693396568298,-0.06991125643253326,0.540855884552002,0.6346127390861511,-0.06605948507785797,0.6528218984603882,0.6260947585105896,-0.053482405841350555,0.5321234464645386,0.6092362403869629,-0.08283472061157227,0.5312390327453613,0.6677034497261047,-0.06365570425987244,0.5569860935211182,0.6936397552490234,-0.047781530767679214,0.6396043300628662,0.6805154085159302,-0.07425681501626968,0.5457103252410889,0.6756995320320129,-0.0963578000664711,0.5384319424629211,0.7206935286521912,-0.08664040267467499,0.555841326713562,0.7427324056625366,-0.0756312757730484,I
0.6105473637580872,0.8713960647583008,-2.567395540609141e-07,0.5495580434799194,0.7625952959060669,-0.0013573560863733292,0.5397472381591797,0.6570890545845032,-0.012530127540230751,0.5378727912902832,0.58427494764328,-0.028229687362909317,0.5338180661201477,0.5398523211479187,-0.044049881398677826,0.6220110058784485,0.5498166084289551,-0.01637113280594349,0.6099223494529724,0.436479389667511,-0.04640410095453262,0.6059719324111938,0.35956352949142456,-0.06552824378013611,0.6033259630203247,0.29261210560798645,-0.08115945011377335,0.6392720341682434,0.5817080140113831,-0.0334300622344017,0.5148975849151611,0.5291706323623657,-0.07168698310852051,0.501531183719635,0.5957440733909607,-0.07350266724824905,0.5242862701416016,0.6331488490104675,-0.0704217180609703,0.6364955306053162,0.6317311525344849,-0.052375297993421555,0.5132924914360046,0.6096160411834717,-0.08465209603309631,0.5113450884819031,0.6678901314735413,-0.06565384566783905,0.5375350117683411,0.6920176148414612,-0.048722583800554276,0.6228349804878235,0.6891931891441345,-0.0732114389538765,0.5272963047027588,0.6772446632385254,-0.09464044868946075,0.5189934372901917,0.7207114696502686,-0.08282407373189926,0.5364851951599121,0.7403110265731812,-0.06988487392663956,I
0.5720992088317871,0.8205369114875793,-2.8046815714333206e-07,0.5110203623771667,0.7177859544754028,0.0013302684528753161,0.5043307542800903,0.620719850063324,-0.00792825035750866,0.5083034634590149,0.5539673566818237,-0.02280125580728054,0.5081506371498108,0.5133525729179382,-0.038354210555553436,0.5783807635307312,0.5196415185928345,-0.010531294159591198,0.5609188675880432,0.41188186407089233,-0.03645198792219162,0.554680347442627,0.33722376823425293,-0.052047476172447205,0.5503414273262024,0.2737220525741577,-0.06513009965419769,0.5915773510932922,0.5432958602905273,-0.02750575914978981,0.47318580746650696,0.496163934469223,-0.06375984102487564,0.4611443877220154,0.5618605017662048,-0.06557360291481018,0.48163050413131714,0.6016587615013123,-0.06184022128582001,0.5883063077926636,0.5854340195655823,-0.04606616869568825,0.4718370735645294,0.5708088874816895,-0.07692524045705795,0.4721752107143402,0.6306882500648499,-0.06128320097923279,0.49599555134773254,0.658656656742096,-0.04641646519303322,0.5764504671096802,0.6373382806777954,-0.06621906906366348,0.4884728491306305,0.6398259401321411,-0.0873323380947113,0.48258623480796814,0.6836519837379456,-0.07897064089775085,0.49864092469215393,0.7035084962844849,-0.0685400664806366,I
0.5735267400741577,0.8611714839935303,-2.467556896590395e-07,0.5110631585121155,0.756475031375885,0.0008899898966774344,0.4928741455078125,0.6589218378067017,-0.011563560925424099,0.4827755093574524,0.591873049736023,-0.029569188132882118,0.4724142551422119,0.5579875707626343,-0.048317063599824905,0.5664586424827576,0.5404326915740967,-0.015523336827754974,0.5513043999671936,0.4280247688293457,-0.045457787811756134,0.5443184971809387,0.3495716452598572,-0.06344324350357056,0.5399107336997986,0.2842038869857788,-0.07821568846702576,0.585239589214325,0.5724098682403564,-0.03441762179136276,0.4601839482784271,0.530267596244812,-0.07387422025203705,0.4495150148868561,0.5977261662483215,-0.07536692917346954,0.4724111557006836,0.633144199848175,-0.07097840309143066,0.5852234959602356,0.6245312690734863,-0.05487511679530144,0.46082326769828796,0.6222774982452393,-0.08692597597837448,0.4657594561576843,0.67771315574646,-0.0686362013220787,0.4954136908054352,0.6958655118942261,-0.051896125078201294,0.5743985176086426,0.684984564781189,-0.0770600214600563,0.4762342870235443,0.692339301109314,-0.09880483895540237,0.4735289514064789,0.7337705492973328,-0.08827141672372818,0.4951671063899994,0.7467610239982605,-0.07613226026296616,I
0.5586646795272827,0.8223270177841187,-2.50592222528212e-07,0.48859313130378723,0.7222942113876343,-0.0021674390882253647,0.47414037585258484,0.6269212961196899,-0.015414351597428322,0.4720059335231781,0.5569784641265869,-0.0339018814265728,0.46572187542915344,0.5183489918708801,-0.052951764315366745,0.5530822277069092,0.5124362707138062,-0.01505602989345789,0.5357945561408997,0.4053683876991272,-0.04360813647508621,0.5279019474983215,0.32888197898864746,-0.061335936188697815,0.5229276418685913,0.2637122869491577,-0.0764964297413826,0.5721133351325989,0.538470983505249,-0.0324566587805748,0.4507163166999817,0.49323800206184387,-0.07143369317054749,0.435750275850296,0.5634568929672241,-0.07315971702337265,0.45506954193115234,0.6032705903053284,-0.06889066100120544,0.5722341537475586,0.5852451324462891,-0.0519101656973362,0.451233834028244,0.5804651379585266,-0.08461713790893555,0.4526832699775696,0.6399001479148865,-0.06715399026870728,0.4790072739124298,0.6652512550354004,-0.05094211921095848,0.5619820356369019,0.6408145427703857,-0.07346408814191818,0.4685792624950409,0.6490539908409119,-0.0967467799782753,0.4613358974456787,0.6934564709663391,-0.08823809772729874,0.47686731815338135,0.7129653096199036,-0.07765205949544907,I
0.5789859294891357,0.8921326398849487,-3.430031370044162e-07,0.5177294611930847,0.7840571403503418,0.00284983916208148,0.5040333271026611,0.6772327423095703,-0.007920632138848305,0.4949847459793091,0.6036907434463501,-0.024915462359786034,0.4863370656967163,0.5615878701210022,-0.042792096734046936,0.5739429593086243,0.5683910250663757,-0.014183704741299152,0.5592330694198608,0.44772130250930786,-0.04416254535317421,0.5500817894935608,0.36663347482681274,-0.06017875298857689,0.5467628836631775,0.29892823100090027,-0.07309155911207199,0.5943083763122559,0.5972565412521362,-0.03450680524110794,0.4691624343395233,0.5511459112167358,-0.07695826888084412,0.450478196144104,0.6231181621551514,-0.0782618448138237,0.4684153199195862,0.667577862739563,-0.07203920930624008,0.5972904562950134,0.6484237909317017,-0.05622325837612152,0.4689110517501831,0.6473305821418762,-0.09085841476917267,0.46988624334335327,0.7102909088134766,-0.07304530590772629,0.4990985095500946,0.7343223690986633,-0.05545058473944664,0.5902712941169739,0.7088503241539001,-0.07939259707927704,0.4869347810745239,0.7180996537208557,-0.10233555734157562,0.47912436723709106,0.7636549472808838,-0.09235739707946777,0.49921855330467224,0.7810020446777344,-0.08009865134954453,I
0.5826635360717773,0.9009220600128174,-3.1042154091665e-07,0.5140895247459412,0.7924770712852478,0.0005939824040979147,0.500180721282959,0.6842193603515625,-0.010828155092895031,0.4952908754348755,0.6092458367347717,-0.02836546115577221,0.4882581830024719,0.5680927634239197,-0.04645988717675209,0.5758052468299866,0.5631446242332458,-0.011294474825263023,0.5589754581451416,0.44466328620910645,-0.040470268577337265,0.5500933527946472,0.3629406988620758,-0.057000793516635895,0.5457124710083008,0.2929733991622925,-0.07080669701099396,0.5986958146095276,0.5926557779312134,-0.031921111047267914,0.4719596207141876,0.539475679397583,-0.07376957684755325,0.45411521196365356,0.6142558455467224,-0.07522264868021011,0.47543296217918396,0.6602464914321899,-0.06935963779687881,0.6022239327430725,0.6450705528259277,-0.05462874844670296,0.4730455279350281,0.6323718428611755,-0.09051961451768875,0.46951115131378174,0.6958215236663818,-0.0718209370970726,0.49734243750572205,0.7224479913711548,-0.05341992899775505,0.594054102897644,0.7076618671417236,-0.07910765707492828,0.49128642678260803,0.7062458395957947,-0.10236158967018127,0.4813992977142334,0.7536224126815796,-0.0906146690249443,0.5002973675727844,0.7751988172531128,-0.07713868468999863,I
0.5834434032440186,0.9228631854057312,-3.7572280575659533e-07,0.5206913948059082,0.808184027671814,-0.0008445890271104872,0.5101093053817749,0.7006160020828247,-0.011324500665068626,0.5073840022087097,0.625500500202179,-0.027575243264436722,0.5059846639633179,0.5817967057228088,-0.04409916698932648,0.5857865214347839,0.5825177431106567,-0.01223693136125803,0.5647946000099182,0.4607858657836914,-0.04341602325439453,0.5561390519142151,0.37782248854637146,-0.06180815398693085,0.5518742203712463,0.30636727809906006,-0.07688859105110168,0.609528124332428,0.6101746559143066,-0.03115025907754898,0.4778740406036377,0.5606593489646912,-0.07550107687711716,0.4580824673175812,0.6349036693572998,-0.0795677900314331,0.47620880603790283,0.6824838519096375,-0.07540059834718704,0.6124064922332764,0.6616177558898926,-0.05231185257434845,0.47713524103164673,0.6568536162376404,-0.08990370482206345,0.47524160146713257,0.7234377264976501,-0.07444185018539429,0.5038827657699585,0.7518653869628906,-0.05795801803469658,0.6033722162246704,0.7244956493377686,-0.07539573311805725,0.4939586818218231,0.7321500778198242,-0.1006864607334137,0.48289942741394043,0.7807353734970093,-0.09258180856704712,0.5015288591384888,0.8017246127128601,-0.08127481490373611,I
0.5794931054115295,0.9149661064147949,-3.1292660196413635e-07,0.5145360231399536,0.8014918565750122,-0.0012361584231257439,0.5039724111557007,0.6920515298843384,-0.012709695845842361,0.5033119916915894,0.6117534637451172,-0.0299858208745718,0.5047107934951782,0.5650198459625244,-0.047211628407239914,0.5783951282501221,0.5730744004249573,-0.012273353524506092,0.5566444396972656,0.4550214409828186,-0.04380486160516739,0.5503531098365784,0.3726411461830139,-0.06241293251514435,0.5491063594818115,0.30201900005340576,-0.07756946980953217,0.6002415418624878,0.5997902154922485,-0.031148357316851616,0.4669116735458374,0.5490138530731201,-0.07409545034170151,0.44847679138183594,0.6247712969779968,-0.07572419196367264,0.47024011611938477,0.6710953712463379,-0.07027189433574677,0.6029332876205444,0.6499801874160767,-0.05268380418419838,0.46883222460746765,0.6409716010093689,-0.08913680166006088,0.4655388593673706,0.7070031762123108,-0.07131576538085938,0.4940471649169922,0.7360685467720032,-0.05377126857638359,0.5958965420722961,0.7121078968048096,-0.0764765739440918,0.49018073081970215,0.7199278473854065,-0.10119790583848953,0.47640460729599,0.7695753574371338,-0.09255099296569824,0.4916653633117676,0.7920541763305664,-0.08126188069581985,I
