0,1,2,3,4,5,6,7,8,9,10,11,12,13,14,15,16,17,18,19,20,21,22,23,24,25,26,27,28,29,30,31,32,33,34,35,36,37,38,39,40,41,42,43,44,45,46,47,48,49,50,51,52,53,54,55,56,57,58,59,60,61,62,label
0.5527852773666382,0.8967236876487732,4.0141341628441296e-07,0.5328042507171631,0.8076954483985901,0.014943988062441349,0.5025211572647095,0.7550064921379089,0.015046126209199429,0.47771358489990234,0.7428309917449951,0.010272310115396976,0.4572862982749939,0.7475917935371399,0.00393257662653923,0.49145516753196716,0.7234439849853516,-0.0025778927374631166,0.46735167503356934,0.6525630354881287,-0.014297578483819962,0.45379698276519775,0.6057837605476379,-0.0224815234541893,0.44268205761909485,0.5664349794387817,-0.02694486826658249,0.4803406000137329,0.7474356293678284,-0.016125889495015144,0.44440558552742004,0.6720387935638428,-0.024813761934638023,0.42167991399765015,0.6254933476448059,-0.02986809052526951,0.40274420380592346,0.5871672630310059,-0.034061774611473083,0.4710763394832611,0.7872664928436279,-0.02753409743309021,0.4243565797805786,0.7434725761413574,-0.03432134911417961,0.4298083186149597,0.7673011422157288,-0.028530580922961235,0.44237810373306274,0.7875035405158997,-0.02258831262588501,0.46409085392951965,0.8369309902191162,-0.03782188519835472,0.4253542721271515,0.806913435459137,-0.03960465267300606,0.4307134747505188,0.8168880343437195,-0.030541494488716125,0.4424145221710205,0.8279597759246826,-0.022444868460297585,N
0.44498544931411743,0.599086344242096,2.0265483158254938e-07,0.43473735451698303,0.536659836769104,-0.010283987037837505,0.4112696647644043,0.48344886302948,-0.01977916993200779,0.3918304443359375,0.43833425641059875,-0.02896188572049141,0.375318318605423,0.4036557376384735,-0.03936578333377838,0.3656957149505615,0.4959549605846405,-0.026041220873594284,0.31970730423927307,0.4755474925041199,-0.04168679937720299,0.292094886302948,0.4672790765762329,-0.05128183215856552,0.269288569688797,0.46112576127052307,-0.05751785635948181,0.36150145530700684,0.5306798219680786,-0.03157754987478256,0.311050683259964,0.509589672088623,-0.04620146006345749,0.2790287733078003,0.49844831228256226,-0.05557407811284065,0.253179132938385,0.49138787388801575,-0.06201954185962677,0.3664291799068451,0.5700182318687439,-0.037493787705898285,0.3177664279937744,0.5614287257194519,-0.05080924183130264,0.2871585190296173,0.5576241612434387,-0.05807679519057274,0.2617036700248718,0.5532885789871216,-0.06303343921899796,0.3774847984313965,0.6125580072402954,-0.04390089586377144,0.3427334725856781,0.6164211630821228,-0.05707710608839989,0.3194758892059326,0.6157784461975098,-0.06230610981583595,0.29828765988349915,0.6145225763320923,-0.0651167780160904,N
0.5432157516479492,0.8605948090553284,4.618072466655576e-07,0.5200126767158508,0.7719330787658691,0.012414694763720036,0.48762381076812744,0.7207223176956177,0.010952337644994259,0.463275671005249,0.7096172571182251,0.004872808698564768,0.4431399405002594,0.7114553451538086,-0.0027177457232028246,0.47937890887260437,0.688037097454071,-0.006340420804917812,0.4548562169075012,0.6116166114807129,-0.020026808604598045,0.4401959776878357,0.563880205154419,-0.029788777232170105,0.4282441735267639,0.521888017654419,-0.03513135761022568,0.4699917435646057,0.7139725089073181,-0.019243886694312096,0.4323193430900574,0.6383346915245056,-0.028807541355490685,0.4089414179325104,0.5919981598854065,-0.0340987890958786,0.38909995555877686,0.5517609715461731,-0.03862538933753967,0.4615606367588043,0.7545859217643738,-0.030374279245734215,0.41115158796310425,0.7011134624481201,-0.038213711231946945,0.41225701570510864,0.7222475409507751,-0.033644478768110275,0.4229656457901001,0.7431402206420898,-0.028554847463965416,0.4540666937828064,0.8061456680297852,-0.04059947654604912,0.41187483072280884,0.7680873870849609,-0.04347534477710724,0.4113096296787262,0.7774287462234497,-0.03549354523420334,0.42032590508461,0.7931375503540039,-0.02809084579348564,N
0.4353583753108978,0.5765684843063354,1.7841360033798992e-07,0.426652193069458,0.5170856714248657,-0.009622319601476192,0.40176939964294434,0.46187180280685425,-0.017527716234326363,0.3809186518192291,0.4170592427253723,-0.025310629978775978,0.36526066064834595,0.3832942247390747,-0.034418392926454544,0.35425934195518494,0.47722128033638,-0.023141704499721527,0.30997371673583984,0.4576023817062378,-0.038334522396326065,0.2833874523639679,0.4480400085449219,-0.04822417348623276,0.2616361677646637,0.4405519366264343,-0.05468611791729927,0.3495858609676361,0.5109082460403442,-0.028947513550519943,0.29957476258277893,0.4911004900932312,-0.04276460409164429,0.2675652801990509,0.47996577620506287,-0.05225171148777008,0.24096491932868958,0.4724952280521393,-0.05873569846153259,0.35475513339042664,0.5486018657684326,-0.035243041813373566,0.3065192997455597,0.539750337600708,-0.04831298440694809,0.2768970727920532,0.5352070331573486,-0.05564209818840027,0.25232064723968506,0.5308648347854614,-0.06037705019116402,0.366905152797699,0.5901570320129395,-0.04205886274576187,0.3319539725780487,0.5960594415664673,-0.054966989904642105,0.30820900201797485,0.596094012260437,-0.060066107660532,0.2869194447994232,0.5953435897827148,-0.06265464425086975,N
0.531768798828125,0.8434747457504272,4.1799819427978946e-07,0.5084581971168518,0.7557103633880615,0.013579975813627243,0.47761270403862,0.7013314962387085,0.011942402459681034,0.45202457904815674,0.6863695979118347,0.005774835590273142,0.4304003119468689,0.6912369728088379,-0.0020725829526782036,0.4700825810432434,0.6721410751342773,-0.00914901215583086,0.44589969515800476,0.5967193245887756,-0.02421705238521099,0.43186894059181213,0.5472562909126282,-0.03357546404004097,0.42086297273635864,0.5055845379829407,-0.0383712463080883,0.462798148393631,0.6971176862716675,-0.023037077859044075,0.4230521321296692,0.6185735464096069,-0.03550290688872337,0.39656931161880493,0.5745166540145874,-0.04213593527674675,0.3756181299686432,0.5390754342079163,-0.04699968919157982,0.45520269870758057,0.7390444278717041,-0.034595850855112076,0.40204331278800964,0.6927700042724609,-0.045494209975004196,0.40153568983078003,0.7184895873069763,-0.04125474393367767,0.4120709300041199,0.7400460243225098,-0.035303037613630295,0.4479973316192627,0.7910049557685852,-0.0447731614112854,0.4016488194465637,0.7598779201507568,-0.04958010092377663,0.40203118324279785,0.7718633413314819,-0.041768427938222885,0.4128538966178894,0.7856693267822266,-0.03391754999756813,N
0.42413198947906494,0.5698709487915039,1.518906600495029e-07,0.41901320219039917,0.500930666923523,-0.008748079650104046,0.39391881227493286,0.4397353529930115,-0.015760527923703194,0.37210357189178467,0.39180251955986023,-0.022581921890378,0.35615527629852295,0.35769709944725037,-0.030707817524671555,0.33827006816864014,0.4540051221847534,-0.022474829107522964,0.29125386476516724,0.43539997935295105,-0.03627832606434822,0.2622799873352051,0.42959973216056824,-0.04507720097899437,0.23842668533325195,0.4268602728843689,-0.051064632833004,0.33303433656692505,0.4905703067779541,-0.027928126975893974,0.2782686948776245,0.47384917736053467,-0.04215801879763603,0.24456101655960083,0.4662896990776062,-0.051974743604660034,0.21655289828777313,0.46300944685935974,-0.05850433185696602,0.33750593662261963,0.5313112139701843,-0.0333414264023304,0.28657662868499756,0.5248088240623474,-0.04649385064840317,0.2551112174987793,0.521170437335968,-0.05343148484826088,0.22867095470428467,0.5190127491950989,-0.05762958154082298,0.3486410677433014,0.5758869647979736,-0.039076052606105804,0.31121891736984253,0.5791577696800232,-0.05121642351150513,0.28699594736099243,0.577177882194519,-0.05542799085378647,0.2651972770690918,0.5755278468132019,-0.05724634230136871,N
0.5191380977630615,0.8378172516822815,4.4377216568136646e-07,0.49871915578842163,0.7479918003082275,0.01084033865481615,0.465340256690979,0.6917286515235901,0.008537384681403637,0.4385911524295807,0.6848470568656921,0.0020165862515568733,0.4158581495285034,0.6981552839279175,-0.006445652339607477,0.4588026702404022,0.6621723771095276,-0.008296536281704903,0.43480128049850464,0.5891531705856323,-0.02226751670241356,0.42219865322113037,0.5402014255523682,-0.03116784431040287,0.41336941719055176,0.4979521930217743,-0.035440124571323395,0.44666025042533875,0.6906551122665405,-0.021031348034739494,0.40735024213790894,0.6146588921546936,-0.031059041619300842,0.38432252407073975,0.5665249824523926,-0.03599001094698906,0.3656091094017029,0.526329755783081,-0.03975658491253853,0.43646082282066345,0.7348051071166992,-0.03202582895755768,0.3897625207901001,0.6875009536743164,-0.04245371371507645,0.39604535698890686,0.7071911096572876,-0.039015259593725204,0.410067081451416,0.7268789410591125,-0.03373638540506363,0.42814192175865173,0.7881166934967041,-0.04184186831116676,0.39043986797332764,0.7541523575782776,-0.046449143439531326,0.3957814574241638,0.7628704309463501,-0.03865855932235718,0.40827256441116333,0.7762770056724548,-0.031076937913894653,N
0.4166582226753235,0.5785439014434814,1.7607990798751416e-07,0.41512346267700195,0.5020837783813477,-0.009776546619832516,0.39392414689064026,0.4340820908546448,-0.017705615609884262,0.3730805516242981,0.3817566931247711,-0.02536057122051716,0.3597049415111542,0.34312742948532104,-0.0341852605342865,0.3335326015949249,0.44754499197006226,-0.021795982494950294,0.2843426764011383,0.42786645889282227,-0.03468755632638931,0.2542037069797516,0.42301201820373535,-0.04294770210981369,0.22992435097694397,0.42129093408584595,-0.048751916736364365,0.3262512683868408,0.48715704679489136,-0.026310715824365616,0.26918157935142517,0.46956297755241394,-0.03874131292104721,0.2343960702419281,0.46143367886543274,-0.04747355729341507,0.2063012272119522,0.4574440121650696,-0.053467053920030594,0.3280218839645386,0.5314238667488098,-0.031064540147781372,0.27470719814300537,0.5225005149841309,-0.04288403317332268,0.24226300418376923,0.516375720500946,-0.05024672672152519,0.21562880277633667,0.5109017491340637,-0.055138569325208664,0.33608686923980713,0.5779999494552612,-0.036245815455913544,0.29906922578811646,0.5810543894767761,-0.04775524511933327,0.2747648358345032,0.5802857279777527,-0.05264084413647652,0.25366905331611633,0.5781036019325256,-0.05513600632548332,N
0.5182209610939026,0.8485767841339111,4.4224879047760624e-07,0.49725401401519775,0.7569562792778015,0.012436486780643463,0.4617052674293518,0.7001243233680725,0.01178159099072218,0.43489694595336914,0.6923060417175293,0.0064187925308942795,0.4114391505718231,0.7015855312347412,-0.0007640193798579276,0.4536873996257782,0.667682945728302,-0.00483106542378664,0.4276638925075531,0.5910522937774658,-0.017197929322719574,0.41360118985176086,0.5424697995185852,-0.024666016921401024,0.4035523235797882,0.5020260214805603,-0.028162257745862007,0.4398639500141144,0.6971920132637024,-0.01833231747150421,0.3992384374141693,0.6200113892555237,-0.027472535148262978,0.3759980797767639,0.570708692073822,-0.031764641404151917,0.35685163736343384,0.5301496982574463,-0.03510109707713127,0.4287184178829193,0.7421207427978516,-0.030143162235617638,0.38127467036247253,0.6944613456726074,-0.03998510539531708,0.3915638029575348,0.7142036557197571,-0.03582846000790596,0.40743595361709595,0.7342140078544617,-0.030122073367238045,0.42037224769592285,0.7962703108787537,-0.040795158594846725,0.3821410536766052,0.7598560452461243,-0.04609647020697594,0.3903074562549591,0.7684836983680725,-0.03838837519288063,0.40404462814331055,0.7823776006698608,-0.030649228021502495,N
0.4162379503250122,0.5732235908508301,1.5744460313271702e-07,0.4140944480895996,0.5004472732543945,-0.009478369727730751,0.39113208651542664,0.43379053473472595,-0.015932757407426834,0.37117502093315125,0.3820968270301819,-0.022284017875790596,0.35887518525123596,0.34404128789901733,-0.0296951774507761,0.32829317450523376,0.4514122009277344,-0.017922203987836838,0.281787633895874,0.43191641569137573,-0.029605526477098465,0.2534162998199463,0.4265740215778351,-0.037732742726802826,0.2302427887916565,0.4249003231525421,-0.043580569326877594,0.32099831104278564,0.49090009927749634,-0.022368917241692543,0.2669658958911896,0.4723857045173645,-0.03407079726457596,0.23344486951828003,0.4647482931613922,-0.04301432892680168,0.20608405768871307,0.462993860244751,-0.04928141459822655,0.3230538070201874,0.5342636704444885,-0.027304939925670624,0.27235764265060425,0.5239367485046387,-0.03860989212989807,0.24133262038230896,0.5184559226036072,-0.04592369124293327,0.21570400893688202,0.5160887241363525,-0.050752460956573486,0.33156293630599976,0.5800493359565735,-0.03275776281952858,0.29463616013526917,0.5839312076568604,-0.0436599925160408,0.2699871063232422,0.5840152502059937,-0.04824184253811836,0.24835975468158722,0.5841190218925476,-0.05062168091535568,N
0.5084328055381775,0.8448590040206909,4.2082979234692175e-07,0.4896673858165741,0.7534030675888062,0.012782040983438492,0.45643624663352966,0.6970811486244202,0.010603106580674648,0.4300403892993927,0.690051794052124,0.0039727226831018925,0.4068964719772339,0.7018079161643982,-0.004703303333371878,0.45135587453842163,0.664785623550415,-0.009461447596549988,0.4252353012561798,0.5882962942123413,-0.02263345569372177,0.41004863381385803,0.5402825474739075,-0.030332526192069054,0.3984253406524658,0.5001254081726074,-0.03387770056724548,0.4374813437461853,0.6955091953277588,-0.023329317569732666,0.39499348402023315,0.6152176260948181,-0.03229157254099846,0.3712979853153229,0.5660698413848877,-0.035449400544166565,0.35210704803466797,0.5276576280593872,-0.03813387453556061,0.4256553649902344,0.7418166995048523,-0.03508123755455017,0.3775334060192108,0.6925825476646423,-0.0436946302652359,0.38775402307510376,0.7104294300079346,-0.03774551674723625,0.40390434861183167,0.7304694056510925,-0.031243538483977318,0.41609281301498413,0.7963978052139282,-0.04563669115304947,0.37728482484817505,0.7596005797386169,-0.049014754593372345,0.38457679748535156,0.7676375508308411,-0.039479296654462814,0.397765576839447,0.7814368009567261,-0.030846720561385155,N
0.4163329303264618,0.5738584995269775,1.173249586372549e-07,0.41648024320602417,0.5001884698867798,-0.01137374248355627,0.39267832040786743,0.4298851788043976,-0.01703154295682907,0.3706884980201721,0.37660449743270874,-0.022420315071940422,0.3578471839427948,0.338895320892334,-0.02871239371597767,0.3287533223628998,0.4418816864490509,-0.016962161287665367,0.2823263704776764,0.4223445653915405,-0.02888866700232029,0.25282442569732666,0.4170026183128357,-0.037518300116062164,0.22856847941875458,0.4157558083534241,-0.04376229643821716,0.3195468783378601,0.48126769065856934,-0.020462436601519585,0.26675623655319214,0.46176958084106445,-0.03174535557627678,0.23405474424362183,0.45513132214546204,-0.04052969068288803,0.2066793292760849,0.4539791941642761,-0.04660831391811371,0.31988635659217834,0.523972749710083,-0.02490013837814331,0.271004855632782,0.5122420191764832,-0.03559134528040886,0.24090608954429626,0.5081332921981812,-0.042230360209941864,0.2152647227048874,0.5071244835853577,-0.046675633639097214,0.327486127614975,0.5704066157341003,-0.03033418394625187,0.2917015850543976,0.5735397338867188,-0.04039947688579559,0.2679973840713501,0.5744832158088684,-0.044441841542720795,0.24711330235004425,0.5751197934150696,-0.046487946063280106,N
0.4781329929828644,0.8359083533287048,4.007176812592661e-07,0.46951228380203247,0.7440434098243713,0.009619603864848614,0.44243305921554565,0.6738748550415039,0.00757878553122282,0.4169647991657257,0.6538306474685669,0.001652720500715077,0.395064115524292,0.6558375358581543,-0.006274196784943342,0.4310104548931122,0.6406921148300171,-0.009432834573090076,0.4119417667388916,0.5584934949874878,-0.020581373944878578,0.40134403109550476,0.508698046207428,-0.026782413944602013,0.39441603422164917,0.46926331520080566,-0.02951705828309059,0.41501596570014954,0.6699801683425903,-0.021321017295122147,0.38169965147972107,0.5847182273864746,-0.029446735978126526,0.3688700795173645,0.5363162755966187,-0.03235531970858574,0.35943353176116943,0.49790483713150024,-0.034347426146268845,0.4012935161590576,0.7163305878639221,-0.03139732405543327,0.359876811504364,0.655797004699707,-0.03986479341983795,0.36926349997520447,0.6723363399505615,-0.03540560230612755,0.3838052451610565,0.6935169696807861,-0.02976744994521141,0.38978710770606995,0.7723433375358582,-0.0403517484664917,0.3557221293449402,0.7275243997573853,-0.044322047382593155,0.3601034879684448,0.7285545468330383,-0.03672822192311287,0.36984726786613464,0.739303469657898,-0.029295338317751884,N
0.41009581089019775,0.5275624394416809,1.5031604050363967e-07,0.4031091332435608,0.456055611371994,-0.011832852847874165,0.3767382502555847,0.39687463641166687,-0.018514681607484818,0.3527631163597107,0.35461127758026123,-0.02481980063021183,0.33672213554382324,0.323977530002594,-0.03218619525432587,0.32104676961898804,0.42782270908355713,-0.020675938576459885,0.27184632420539856,0.41426220536231995,-0.03453393280506134,0.24243584275245667,0.41193467378616333,-0.043806225061416626,0.21809959411621094,0.41329342126846313,-0.050002120435237885,0.3162638247013092,0.46759840846061707,-0.024655064567923546,0.26230061054229736,0.4533804655075073,-0.03680408373475075,0.2284787893295288,0.4498177170753479,-0.045915450900793076,0.2008943408727646,0.45097413659095764,-0.05232230946421623,0.3210778832435608,0.5077480673789978,-0.02954939380288124,0.27120065689086914,0.5006110072135925,-0.041304320096969604,0.24018234014511108,0.49989259243011475,-0.04864402860403061,0.21450018882751465,0.5018993616104126,-0.053555406630039215,0.3328363597393036,0.5498734712600708,-0.035330597311258316,0.2974253296852112,0.5589456558227539,-0.04720180854201317,0.2740653157234192,0.5632631182670593,-0.05184495821595192,0.2536502480506897,0.56744784116745,-0.05418656766414642,N
0.4284065365791321,0.7977420687675476,4.6379392415474285e-07,0.43251776695251465,0.7059763073921204,0.006300779990851879,0.4131549000740051,0.6279605031013489,0.0026430136058479548,0.38779416680336,0.5990233421325684,-0.003475190605968237,0.36329612135887146,0.5976294875144958,-0.011615443974733353,0.410669207572937,0.5961613059043884,-0.017798282206058502,0.39293941855430603,0.5059347748756409,-0.029880724847316742,0.3802959620952606,0.4519997239112854,-0.03604469820857048,0.3698440194129944,0.41016629338264465,-0.039029933512210846,0.385727196931839,0.6235997676849365,-0.027871625497937202,0.3563145101070404,0.5331558585166931,-0.03765825927257538,0.33829382061958313,0.47843968868255615,-0.041182346642017365,0.3220892548561096,0.43495726585388184,-0.043797459453344345,0.36267849802970886,0.6656608581542969,-0.035699158906936646,0.3231004476547241,0.59980309009552,-0.046431828290224075,0.3335513472557068,0.6233798265457153,-0.042114853858947754,0.34762459993362427,0.6501361131668091,-0.03638078272342682,0.3430232107639313,0.7156434059143066,-0.04248896241188049,0.31499868631362915,0.6684542298316956,-0.04947749152779579,0.32514598965644836,0.678280234336853,-0.042584918439388275,0.33857542276382446,0.6944687962532043,-0.03513222560286522,N
0.4025752544403076,0.5324286818504333,1.5284294363482331e-07,0.39684587717056274,0.46306949853897095,-0.012215439230203629,0.36937829852104187,0.4012673795223236,-0.019605213776230812,0.3457130789756775,0.3565825819969177,-0.02647680602967739,0.33032429218292236,0.32194986939430237,-0.03448423743247986,0.3165826201438904,0.42605921626091003,-0.022676754742860794,0.26655131578445435,0.4142462909221649,-0.037033069878816605,0.23694708943367004,0.4121919572353363,-0.046099353581666946,0.21315336227416992,0.412478506565094,-0.05205207318067551,0.3120434582233429,0.4656035304069519,-0.026875929906964302,0.2562140226364136,0.4507777690887451,-0.04007631912827492,0.2205197811126709,0.44638755917549133,-0.04929453879594803,0.19180506467819214,0.44587647914886475,-0.055518388748168945,0.3166104853153229,0.5063202977180481,-0.03194791078567505,0.2647494077682495,0.4978453814983368,-0.04497896134853363,0.2328549027442932,0.4978564381599426,-0.0523991696536541,0.20704001188278198,0.4992366135120392,-0.05685669928789139,0.3277556002140045,0.5495132803916931,-0.03780845180153847,0.28986814618110657,0.5544240474700928,-0.05059868469834328,0.26528146862983704,0.5582594871520996,-0.055452365428209305,0.24414598941802979,0.5615745782852173,-0.057657815515995026,N
0.4244755804538727,0.7945418357849121,4.335516337050649e-07,0.4257529675960541,0.6981783509254456,0.007252546958625317,0.40165939927101135,0.620990514755249,0.004180076997727156,0.3732929825782776,0.6014793515205383,-0.0017206998309120536,0.3467690050601959,0.6104123592376709,-0.009476189501583576,0.4015629291534424,0.5934175848960876,-0.013315469026565552,0.38824376463890076,0.5073233246803284,-0.0254404004663229,0.3775208592414856,0.4546603560447693,-0.032541170716285706,0.36864328384399414,0.41360166668891907,-0.036336906254291534,0.37644726037979126,0.6200783252716064,-0.023841174319386482,0.3458505868911743,0.5306376814842224,-0.033159516751766205,0.32913917303085327,0.4756317138671875,-0.036585986614227295,0.3142774999141693,0.4327475428581238,-0.0392797477543354,0.35310643911361694,0.6619825959205627,-0.03248853236436844,0.31514549255371094,0.5991636514663696,-0.04205784201622009,0.32813113927841187,0.6226592063903809,-0.03698168322443962,0.34236082434654236,0.6495285630226135,-0.03095157817006111,0.3340960443019867,0.7100762724876404,-0.04023301973938942,0.30816617608070374,0.6653016805648804,-0.04478835314512253,0.3184592127799988,0.6756448149681091,-0.03645168989896774,0.32989075779914856,0.6907123327255249,-0.02865760587155819,N
0.38797450065612793,0.5252070426940918,1.9872608447712992e-07,0.3805501163005829,0.4585314989089966,-0.01568763516843319,0.3544071912765503,0.4033375680446625,-0.025817543268203735,0.3318961560726166,0.35703012347221375,-0.034787487238645554,0.31590116024017334,0.31828343868255615,-0.04469677805900574,0.3003027141094208,0.4269825220108032,-0.02617490291595459,0.25394144654273987,0.4169454276561737,-0.041855622082948685,0.22538286447525024,0.41438591480255127,-0.0520184151828289,0.20172861218452454,0.41433078050613403,-0.058973006904125214,0.29431357979774475,0.46696338057518005,-0.029305579140782356,0.2409810870885849,0.455310583114624,-0.043740227818489075,0.20741841197013855,0.4502158761024475,-0.053742989897727966,0.18037250638008118,0.4487047791481018,-0.060437608510255814,0.2991316020488739,0.508701503276825,-0.03358014300465584,0.24941329658031464,0.5039988160133362,-0.04778069630265236,0.21736624836921692,0.5026332139968872,-0.05656544491648674,0.1914350688457489,0.501793622970581,-0.06204524636268616,0.31221437454223633,0.5513727068901062,-0.0388859361410141,0.27668818831443787,0.5607056617736816,-0.053029224276542664,0.25230932235717773,0.5655443668365479,-0.05907846614718437,0.23122051358222961,0.5689318180084229,-0.062116838991642,N
0.43001627922058105,0.7983149886131287,4.249977507697622e-07,0.42619264125823975,0.7010728120803833,0.00855014007538557,0.39819401502609253,0.6278795599937439,0.005824900232255459,0.3675824701786041,0.6118947267532349,0.0002702140773180872,0.3402870297431946,0.6226022243499756,-0.00695392582565546,0.39866822957992554,0.6041925549507141,-0.013095127418637276,0.3817202150821686,0.519946277141571,-0.02622811682522297,0.3689136803150177,0.46662694215774536,-0.03424141928553581,0.3585837781429291,0.42509129643440247,-0.03836636245250702,0.3759826719760895,0.6325461268424988,-0.024087518453598022,0.3394432067871094,0.5417773723602295,-0.03358970955014229,0.319232702255249,0.48568812012672424,-0.03739449381828308,0.3013633191585541,0.44231897592544556,-0.04050624370574951,0.354657918214798,0.6741042733192444,-0.03302963450551033,0.31386739015579224,0.6094875931739807,-0.0430542528629303,0.32839763164520264,0.6284570097923279,-0.03823043406009674,0.34375226497650146,0.6527419686317444,-0.0321836844086647,0.3370029628276825,0.7212325930595398,-0.040823936462402344,0.3083057403564453,0.6723073124885559,-0.0454145222902298,0.31987836956977844,0.6813235282897949,-0.0366450697183609,0.3322010934352875,0.6968979835510254,-0.028462950140237808,N
0.3854619562625885,0.5408477187156677,1.8671329371500178e-07,0.38135048747062683,0.47347939014434814,-0.014375155791640282,0.35445523262023926,0.41658133268356323,-0.022785179316997528,0.3320941627025604,0.3685420751571655,-0.03051653318107128,0.319675475358963,0.3303907513618469,-0.03950055316090584,0.29929783940315247,0.43990078568458557,-0.024752724915742874,0.254275918006897,0.42714133858680725,-0.03964836522936821,0.2266782820224762,0.4230881929397583,-0.049347344785928726,0.2038394957780838,0.4218650460243225,-0.056213073432445526,0.29299500584602356,0.4806753993034363,-0.02840200625360012,0.24075663089752197,0.46783560514450073,-0.04250781983137131,0.2075956165790558,0.4636200964450836,-0.05230628699064255,0.18098057806491852,0.46356621384620667,-0.058884039521217346,0.29791370034217834,0.5225438475608826,-0.03307687118649483,0.24913659691810608,0.5187763571739197,-0.047009196132421494,0.21898803114891052,0.5177289247512817,-0.055377207696437836,0.19430211186408997,0.5170657634735107,-0.06065471097826958,0.3112998604774475,0.5652818083763123,-0.038752179592847824,0.2776246666908264,0.5772868394851685,-0.052891287952661514,0.2545379102230072,0.5840503573417664,-0.058907996863126755,0.23400264978408813,0.5885840654373169,-0.06200065463781357,N
0.4264553189277649,0.8166330456733704,4.449552761798259e-07,0.4266124665737152,0.7176739573478699,0.002253243699669838,0.40133336186408997,0.6355884075164795,-0.0015590086113661528,0.3690239489078522,0.606743574142456,-0.007103107403963804,0.34118586778640747,0.6065991520881653,-0.013814953155815601,0.3950810432434082,0.6229925751686096,-0.01509131770581007,0.37655892968177795,0.5389201045036316,-0.028245773166418076,0.3638380169868469,0.48697277903556824,-0.03621101751923561,0.3533785045146942,0.44565844535827637,-0.0403127558529377,0.3686067461967468,0.6514198780059814,-0.022327344864606857,0.33748018741607666,0.5653647780418396,-0.03395158424973488,0.31665730476379395,0.5098682641983032,-0.03927488252520561,0.2974863648414612,0.46557560563087463,-0.0426698699593544,0.34531593322753906,0.6917839646339417,-0.02809726446866989,0.3136693835258484,0.6306284070014954,-0.039377324283123016,0.3299693167209625,0.6438716650009155,-0.03523264080286026,0.3449762165546417,0.6651893854141235,-0.029254384338855743,0.32753199338912964,0.7360667586326599,-0.03336911275982857,0.3091019093990326,0.6870243549346924,-0.038537729531526566,0.3231074810028076,0.6929604411125183,-0.03066641092300415,0.3354986011981964,0.7073920965194702,-0.02284237928688526,N
0.3865857422351837,0.5514163970947266,1.848880089028171e-07,0.38291269540786743,0.48216578364372253,-0.01467685867100954,0.3560568690299988,0.42222830653190613,-0.022517280653119087,0.3335784077644348,0.37393590807914734,-0.029498908668756485,0.32126495242118835,0.3360380530357361,-0.0376884825527668,0.30176079273223877,0.4486580193042755,-0.024578137323260307,0.25660407543182373,0.4341299533843994,-0.03896311670541763,0.2282850444316864,0.4293246865272522,-0.04836404696106911,0.20471026003360748,0.4285847544670105,-0.05498429760336876,0.2942564785480499,0.4902324080467224,-0.027648070827126503,0.24173040688037872,0.4749179780483246,-0.041083354502916336,0.20847174525260925,0.469896137714386,-0.050453148782253265,0.18169638514518738,0.4702887535095215,-0.05675970017910004,0.2974930703639984,0.5319567918777466,-0.031750310212373734,0.24885936081409454,0.5271266102790833,-0.044759802520275116,0.21852757036685944,0.526559591293335,-0.05271724611520767,0.19395172595977783,0.5275630950927734,-0.05775284767150879,0.3088594675064087,0.5744656920433044,-0.03695811331272125,0.27435991168022156,0.5853965282440186,-0.0498136505484581,0.2510870099067688,0.5916281938552856,-0.05520997568964958,0.23074668645858765,0.5954392552375793,-0.057973235845565796,N
0.4254489839076996,0.8371292352676392,4.96987922815606e-07,0.42609721422195435,0.7428897023200989,0.0017631127266213298,0.4008006155490875,0.661159336566925,-0.0026298779994249344,0.3689839839935303,0.6389253735542297,-0.00885787047445774,0.3413304388523102,0.6490041613578796,-0.016552533954381943,0.3933546543121338,0.6388065814971924,-0.014579351991415024,0.37806275486946106,0.5563140511512756,-0.029209576547145844,0.3665986955165863,0.49992501735687256,-0.03901377320289612,0.3586250841617584,0.4564126133918762,-0.04444032534956932,0.366018146276474,0.6688663959503174,-0.022704489529132843,0.33627456426620483,0.5832953453063965,-0.03421945869922638,0.3184086084365845,0.5258753895759583,-0.03982963040471077,0.30248624086380005,0.4788967967033386,-0.04367475584149361,0.3433499336242676,0.7141677141189575,-0.029726285487413406,0.31241998076438904,0.6554526686668396,-0.0408003106713295,0.32774800062179565,0.669018566608429,-0.03633248433470726,0.34235435724258423,0.6889589428901672,-0.030456023290753365,0.3273909091949463,0.7645495533943176,-0.03649056702852249,0.3083263635635376,0.7174941301345825,-0.041253574192523956,0.3203483521938324,0.7215543985366821,-0.032870154827833176,0.33126434683799744,0.7341753244400024,-0.025066867470741272,N
0.38935622572898865,0.5837344527244568,1.758951384545071e-07,0.3865831792354584,0.5109987258911133,-0.014468532055616379,0.3599206507205963,0.4498211443424225,-0.022123562172055244,0.3375207781791687,0.3984760642051697,-0.029013385996222496,0.32462599873542786,0.3587251603603363,-0.037029001861810684,0.3005425035953522,0.4766921103000641,-0.022931423038244247,0.253910630941391,0.4626019597053528,-0.03697650879621506,0.2245616912841797,0.45896512269973755,-0.0467018224298954,0.19982297718524933,0.45909854769706726,-0.053699176758527756,0.29268571734428406,0.5210115909576416,-0.025845428928732872,0.24043743312358856,0.5057864785194397,-0.038721248507499695,0.2077026665210724,0.49863600730895996,-0.048206403851509094,0.18081612884998322,0.4962627589702606,-0.05481140688061714,0.295708566904068,0.5652801394462585,-0.029858214780688286,0.24625591933727264,0.5581275820732117,-0.04223619028925896,0.2158193588256836,0.555143415927887,-0.05000988766551018,0.1905757635831833,0.5540032386779785,-0.05516306310892105,0.30690982937812805,0.609518826007843,-0.03502984344959259,0.271524041891098,0.617786169052124,-0.04750658944249153,0.24785014986991882,0.6223461627960205,-0.05280885472893715,0.22690173983573914,0.6249332427978516,-0.05556890740990639,N
0.42769086360931396,0.8592151403427124,5.216119802753383e-07,0.42938128113746643,0.7656412124633789,0.0006312996847555041,0.40450519323349,0.6811784505844116,-0.004690628498792648,0.37499165534973145,0.6489803791046143,-0.011109831742942333,0.3508642315864563,0.6492050290107727,-0.01866714283823967,0.39598000049591064,0.6704056859016418,-0.021280648186802864,0.3762612044811249,0.5820981860160828,-0.03665011748671532,0.3649950325489044,0.5259511470794678,-0.04525086283683777,0.35701578855514526,0.48037487268447876,-0.04956337437033653,0.3688814342021942,0.700714647769928,-0.028165027499198914,0.337290495634079,0.6072781085968018,-0.04154883325099945,0.3181924521923065,0.546650767326355,-0.04665134474635124,0.2998824417591095,0.4972613453865051,-0.049689315259456635,0.3460884988307953,0.7434962391853333,-0.03338772803544998,0.3121934235095978,0.682282567024231,-0.046022508293390274,0.3305303454399109,0.6976014375686646,-0.04022533819079399,0.3468368649482727,0.7182509899139404,-0.032868899405002594,0.33042556047439575,0.7892749309539795,-0.03827183321118355,0.31085139513015747,0.7432166934013367,-0.04411439597606659,0.32519328594207764,0.749476969242096,-0.03526654094457626,0.33685189485549927,0.7623183727264404,-0.026725085452198982,N
0.39757055044174194,0.5925239324569702,1.8565260972991382e-07,0.3948551118373871,0.5188881158828735,-0.014609004370868206,0.3678300678730011,0.45481163263320923,-0.021719682961702347,0.34509193897247314,0.4029389023780823,-0.02812788635492325,0.3309744894504547,0.3631426692008972,-0.03536420688033104,0.30502668023109436,0.4806797206401825,-0.02072134055197239,0.2577580213546753,0.46386775374412537,-0.03422555327415466,0.2281821370124817,0.45860791206359863,-0.04343123361468315,0.20350004732608795,0.45731931924819946,-0.05014924705028534,0.296404629945755,0.5238579511642456,-0.023713944479823112,0.2426757961511612,0.5062801837921143,-0.036569319665431976,0.2094457745552063,0.49804648756980896,-0.04611129313707352,0.18294142186641693,0.49504315853118896,-0.052660759538412094,0.2990414500236511,0.5681928396224976,-0.02805066667497158,0.24891361594200134,0.5610010623931885,-0.04085065796971321,0.21836456656455994,0.5560309290885925,-0.04904193803668022,0.1931639313697815,0.5524819493293762,-0.05435243993997574,0.310207724571228,0.6134423017501831,-0.03360249102115631,0.2744804620742798,0.6216261386871338,-0.04647776857018471,0.2507549524307251,0.6252197027206421,-0.052186641842126846,0.22956354916095734,0.62655109167099,-0.055238816887140274,N
0.4350664019584656,0.8611744046211243,5.20010416948935e-07,0.43525585532188416,0.7648707628250122,0.0009568195091560483,0.40929678082466125,0.6831877827644348,-0.00424604956060648,0.37845638394355774,0.6596082448959351,-0.011011871509253979,0.35364988446235657,0.6692898869514465,-0.01907721534371376,0.40269818902015686,0.6729612350463867,-0.01911703124642372,0.3831365406513214,0.5831973552703857,-0.033879559487104416,0.3711613714694977,0.5266138911247253,-0.042399559170007706,0.3621121644973755,0.48095405101776123,-0.04685872793197632,0.3756778836250305,0.7033675312995911,-0.026408176869153976,0.34441685676574707,0.6134457588195801,-0.03944845125079155,0.3249000906944275,0.5536317825317383,-0.045174598693847656,0.30608803033828735,0.5041859149932861,-0.04898819327354431,0.3523302972316742,0.7461740374565125,-0.032212961465120316,0.3201499581336975,0.6838167905807495,-0.0446927547454834,0.33844777941703796,0.700408935546875,-0.04004726558923721,0.3541037440299988,0.7218305468559265,-0.03356457129120827,0.33560967445373535,0.7910195589065552,-0.03767863288521767,0.31572362780570984,0.7440512776374817,-0.04312392696738243,0.32975730299949646,0.7512069344520569,-0.034946516156196594,0.3411015272140503,0.7654665112495422,-0.027114275842905045,N
0.3983548581600189,0.5935308933258057,1.8023705194991635e-07,0.396392285823822,0.5211181044578552,-0.015349060297012329,0.37038204073905945,0.45581644773483276,-0.02306007221341133,0.34775394201278687,0.403237521648407,-0.0299342293292284,0.3341752290725708,0.3635376989841461,-0.03774840012192726,0.30893415212631226,0.4806193709373474,-0.022647395730018616,0.26224103569984436,0.463087260723114,-0.036653079092502594,0.23289871215820312,0.4576908051967621,-0.04618223384022713,0.20814764499664307,0.45646411180496216,-0.053120531141757965,0.2998080253601074,0.5242257714271545,-0.025543037801980972,0.2457972764968872,0.5057647228240967,-0.03894660994410515,0.21234405040740967,0.4977429509162903,-0.048891473561525345,0.18525651097297668,0.49533748626708984,-0.05576673522591591,0.30182936787605286,0.5683760643005371,-0.029701076447963715,0.25154927372932434,0.5596963167190552,-0.04297126457095146,0.22094225883483887,0.5558927059173584,-0.051494669169187546,0.1955975741147995,0.554078221321106,-0.057043321430683136,0.3121955692768097,0.6134272813796997,-0.035071905702352524,0.27620869874954224,0.6215419769287109,-0.04834442585706711,0.25253456830978394,0.6262462735176086,-0.054217055439949036,0.23136669397354126,0.628700315952301,-0.057393934577703476,N
0.43581515550613403,0.8618279099464417,5.279329116092413e-07,0.43564802408218384,0.766945481300354,0.0016066181706264615,0.4114842414855957,0.6818490028381348,-0.003089567180722952,0.3847835958003998,0.6498129963874817,-0.009333968162536621,0.36297979950904846,0.6483117341995239,-0.016833597794175148,0.4007987678050995,0.6783980131149292,-0.019182344898581505,0.3816990256309509,0.5880274176597595,-0.033729128539562225,0.3704760670661926,0.5323423743247986,-0.04155164211988449,0.36249732971191406,0.4868754744529724,-0.04530620202422142,0.37475332617759705,0.7083811163902283,-0.02643260546028614,0.3432823419570923,0.6152219176292419,-0.038916297256946564,0.3236768841743469,0.5563501119613647,-0.04399146884679794,0.30487051606178284,0.5081363320350647,-0.04718639329075813,0.3529243469238281,0.7510756254196167,-0.032062891870737076,0.31951600313186646,0.6897603273391724,-0.044692493975162506,0.3378937840461731,0.7075049877166748,-0.039847683161497116,0.3542124330997467,0.7291327714920044,-0.03302881866693497,0.33781418204307556,0.796178936958313,-0.037167444825172424,0.31668543815612793,0.7525297403335571,-0.043009113520383835,0.3305101990699768,0.7593839168548584,-0.034782230854034424,0.3422781229019165,0.7721259593963623,-0.02668019011616707,N
0.396672785282135,0.6037775278091431,1.734102426098616e-07,0.39554041624069214,0.5298666954040527,-0.014790838584303856,0.37039846181869507,0.46455609798431396,-0.022403517737984657,0.3486579358577728,0.4110959470272064,-0.029159201309084892,0.33535292744636536,0.3701936602592468,-0.03702698275446892,0.3090636730194092,0.48946335911750793,-0.022377973422408104,0.2626323699951172,0.47295352816581726,-0.03607134893536568,0.23396074771881104,0.4679844379425049,-0.045462459325790405,0.21025371551513672,0.46624597907066345,-0.05225341022014618,0.30006423592567444,0.5338903665542603,-0.02509203553199768,0.2464769333600998,0.5169776082038879,-0.03804880380630493,0.21345201134681702,0.5091829895973206,-0.047825537621974945,0.1869678646326065,0.5062406659126282,-0.054556526243686676,0.30193424224853516,0.5779873132705688,-0.028944602236151695,0.2514369487762451,0.5683653950691223,-0.04147089272737503,0.221103236079216,0.5641840696334839,-0.04947034642100334,0.19616752862930298,0.5614050030708313,-0.054718535393476486,0.31232327222824097,0.6220569610595703,-0.033940646797418594,0.2766280770301819,0.6281615495681763,-0.04639846086502075,0.2530830204486847,0.6308767795562744,-0.05169936642050743,0.2321653962135315,0.6309259533882141,-0.05444412678480148,N
0.4400978684425354,0.863947868347168,5.323788627720205e-07,0.4384330213069916,0.7690998315811157,0.001271491521038115,0.4119366705417633,0.6867541074752808,-0.003927792422473431,0.3827437162399292,0.6612663865089417,-0.010671339929103851,0.3574707806110382,0.6679354310035706,-0.018817922100424767,0.405807763338089,0.6766456961631775,-0.01899861916899681,0.3869599401950836,0.5864867568016052,-0.03405405580997467,0.37556564807891846,0.530677855014801,-0.042460545897483826,0.36719200015068054,0.48560386896133423,-0.04650454595685005,0.3803853988647461,0.7085080146789551,-0.026599757373332977,0.3468058109283447,0.6167528629302979,-0.039354607462882996,0.32735204696655273,0.5583348274230957,-0.044213127344846725,0.30915263295173645,0.5101199150085449,-0.04715074971318245,0.3585224449634552,0.7533981800079346,-0.03274189308285713,0.3232821226119995,0.6937068700790405,-0.0459311418235302,0.3420571982860565,0.7126381993293762,-0.040607091039419174,0.3589438199996948,0.7350114583969116,-0.03322125971317291,0.3431073725223541,0.8010302186012268,-0.03841223195195198,0.3209689259529114,0.7566202282905579,-0.0447763130068779,0.33525824546813965,0.7653108835220337,-0.035921189934015274,0.3474813997745514,0.7797184586524963,-0.02722918801009655,N
0.4003150463104248,0.6039726138114929,1.8689894432100118e-07,0.398568332195282,0.529922366142273,-0.014568048529326916,0.3732354938983917,0.46309155225753784,-0.02240118198096752,0.3520880341529846,0.41173261404037476,-0.029311375692486763,0.33882439136505127,0.3731556534767151,-0.03738368675112724,0.3136485815048218,0.48705124855041504,-0.024023139849305153,0.2663302421569824,0.4708019495010376,-0.038170259445905685,0.23737646639347076,0.46603912115097046,-0.04735520854592323,0.2132062017917633,0.46450522541999817,-0.05389660969376564,0.3051949739456177,0.5316882729530334,-0.027056055143475533,0.2500389814376831,0.5149326324462891,-0.040253717452287674,0.21709242463111877,0.5064214468002319,-0.04941820353269577,0.19093570113182068,0.5028359293937683,-0.05573612451553345,0.3075430989265442,0.5766476392745972,-0.031228292733430862,0.25629815459251404,0.5691071152687073,-0.044135354459285736,0.2250208556652069,0.563427209854126,-0.052160754799842834,0.19911789894104004,0.5593167543411255,-0.05742373690009117,0.31771934032440186,0.6215386986732483,-0.03647943586111069,0.2808569669723511,0.6237183809280396,-0.049123574048280716,0.2570916712284088,0.6230965852737427,-0.05452620983123779,0.23591729998588562,0.620689868927002,-0.0575261153280735,N
0.4444344639778137,0.8625691533088684,5.362706474443257e-07,0.44348978996276855,0.7666135430335999,0.0010652142809703946,0.4158289134502411,0.6837875247001648,-0.004102845676243305,0.38613802194595337,0.6591620445251465,-0.01060817576944828,0.3614521324634552,0.6668044328689575,-0.01832827553153038,0.41039252281188965,0.6783250570297241,-0.020057665184140205,0.38940948247909546,0.5872334241867065,-0.034494828432798386,0.3776129186153412,0.5319664478302002,-0.04234718158841133,0.36867591738700867,0.48677024245262146,-0.04618861898779869,0.3845825493335724,0.7106526494026184,-0.02738729491829872,0.349916934967041,0.616965651512146,-0.039981357753276825,0.3298095464706421,0.5575984716415405,-0.0450771264731884,0.310647577047348,0.5097758769989014,-0.04838705435395241,0.36220499873161316,0.7548701763153076,-0.03306272625923157,0.32641705870628357,0.6896860599517822,-0.04554328694939613,0.3453202247619629,0.7065073847770691,-0.04014139622449875,0.3613905608654022,0.7288859486579895,-0.03305146098136902,0.34569481015205383,0.8009093403816223,-0.03828607127070427,0.32281386852264404,0.7517562508583069,-0.04374677687883377,0.33724257349967957,0.7586290836334229,-0.034616000950336456,0.3490868806838989,0.7729371786117554,-0.026049941778182983,N
0.4033043682575226,0.5987531542778015,2.018498861389162e-07,0.4009934067726135,0.5253705382347107,-0.015528825111687183,0.37551939487457275,0.46035057306289673,-0.024300314486026764,0.3537430465221405,0.4082948863506317,-0.03189818933606148,0.339425265789032,0.370341420173645,-0.040705762803554535,0.3168584704399109,0.4863583743572235,-0.026947464793920517,0.2694063186645508,0.4693065583705902,-0.04235992580652237,0.23989534378051758,0.4644211232662201,-0.052427344024181366,0.2147855907678604,0.4630948305130005,-0.05952887609601021,0.30876532196998596,0.5304440259933472,-0.02983715571463108,0.25382134318351746,0.5131992101669312,-0.044512856751680374,0.21974442899227142,0.5049969553947449,-0.05483638122677803,0.19187188148498535,0.5011361241340637,-0.061970073729753494,0.31142619252204895,0.5750067234039307,-0.03369719535112381,0.259368360042572,0.5666499733924866,-0.047531552612781525,0.2275843769311905,0.5609065890312195,-0.055918268859386444,0.20124606788158417,0.5569188594818115,-0.061350613832473755,0.32200443744659424,0.619434654712677,-0.03865326941013336,0.28457000851631165,0.6218470335006714,-0.0521228052675724,0.2600233554840088,0.6218586564064026,-0.0578586645424366,0.2381240725517273,0.6205587387084961,-0.06094014272093773,N
0.44829225540161133,0.8622550964355469,5.350779019863694e-07,0.44403985142707825,0.7691287994384766,0.0026312563568353653,0.4149593412876129,0.690497100353241,-0.00273137423209846,0.38479605317115784,0.6696829795837402,-0.009782565757632256,0.3601236045360565,0.6796662211418152,-0.01833064667880535,0.41182976961135864,0.675320565700531,-0.020765842869877815,0.3933860957622528,0.582465410232544,-0.036546360701322556,0.3815837800502777,0.5256769061088562,-0.045639634132385254,0.3724803626537323,0.48057180643081665,-0.05037451162934303,0.38731998205184937,0.7073826789855957,-0.029255148023366928,0.35188037157058716,0.6128681898117065,-0.04192791134119034,0.33021965622901917,0.5553433299064636,-0.04704412445425987,0.3100399076938629,0.5093491077423096,-0.0506165474653244,0.36658865213394165,0.7538245320320129,-0.03590129688382149,0.32692989706993103,0.6939598917961121,-0.04765147343277931,0.3449028730392456,0.7104998230934143,-0.04125931113958359,0.361600399017334,0.7309232354164124,-0.03388297185301781,0.3520814776420593,0.8038061261177063,-0.04209955036640167,0.3276428282260895,0.7609401345252991,-0.04759194701910019,0.34150487184524536,0.7665761709213257,-0.038212552666664124,0.3538431227207184,0.7775658369064331,-0.029505353420972824,N
0.40458518266677856,0.5988568067550659,1.772345257222696e-07,0.4027318060398102,0.5248091816902161,-0.014907819218933582,0.37727513909339905,0.4580383598804474,-0.022948067635297775,0.35535797476768494,0.4052659869194031,-0.030100269243121147,0.3418765068054199,0.36615854501724243,-0.03848370164632797,0.31776925921440125,0.4832817316055298,-0.024986563250422478,0.27066564559936523,0.4664826989173889,-0.03975493833422661,0.24119189381599426,0.461149126291275,-0.049536630511283875,0.2164948284626007,0.459515780210495,-0.056490231305360794,0.30940812826156616,0.527094841003418,-0.028208976611495018,0.2551221251487732,0.5098801851272583,-0.04232205078005791,0.22129938006401062,0.5019420385360718,-0.05229763314127922,0.1936682164669037,0.49920088052749634,-0.05912502110004425,0.3117147386074066,0.5712764263153076,-0.032491836696863174,0.2604786455631256,0.562973141670227,-0.046061478555202484,0.2292543351650238,0.558698832988739,-0.0542423389852047,0.2033376693725586,0.5565157532691956,-0.05949468910694122,0.3218975365161896,0.6157424449920654,-0.037903543561697006,0.2848304212093353,0.61970055103302,-0.051140718162059784,0.26066797971725464,0.6212974786758423,-0.056750573217868805,0.23936423659324646,0.6208796501159668,-0.059729594737291336,N
0.45020508766174316,0.8617594242095947,5.425408744486049e-07,0.4467126727104187,0.7683960795402527,0.0018656911561265588,0.4181656539440155,0.6831255555152893,-0.0034297648817300797,0.3883301913738251,0.6524358987808228,-0.010127732530236244,0.36353665590286255,0.6517530679702759,-0.018039558082818985,0.4141475558280945,0.6744421124458313,-0.021916372701525688,0.39423567056655884,0.5815044045448303,-0.03776475042104721,0.38244301080703735,0.5243380069732666,-0.04652029275894165,0.3735869526863098,0.4768725633621216,-0.05101284384727478,0.39081501960754395,0.707597017288208,-0.030084511265158653,0.3557744324207306,0.6131899356842041,-0.0437498614192009,0.3357914984226227,0.5525126457214355,-0.049045827239751816,0.3165200650691986,0.5017916560173035,-0.05280269682407379,0.3697519898414612,0.753420352935791,-0.03646908700466156,0.329052597284317,0.6892843842506409,-0.05045904219150543,0.34743747115135193,0.7077985405921936,-0.04452621564269066,0.36399200558662415,0.7299155592918396,-0.03701886907219887,0.35371634364128113,0.8014334440231323,-0.04229718819260597,0.32711461186408997,0.7527262568473816,-0.049761347472667694,0.34111982583999634,0.760932207107544,-0.04108811542391777,0.3532089591026306,0.7751696705818176,-0.03263978660106659,N
0.40565818548202515,0.5949535369873047,1.7559762000018964e-07,0.4036823511123657,0.5222460031509399,-0.014370483346283436,0.37798622250556946,0.4566923677921295,-0.022247742861509323,0.35646599531173706,0.4043026268482208,-0.029278401285409927,0.3423900008201599,0.3673485517501831,-0.037566252052783966,0.31957629323005676,0.4803577661514282,-0.025218801572918892,0.2723623514175415,0.4634222984313965,-0.0401376374065876,0.24269241094589233,0.45868510007858276,-0.049871183931827545,0.21772825717926025,0.4578787684440613,-0.05677822232246399,0.3115622103214264,0.5229696035385132,-0.02868487313389778,0.2573015093803406,0.5064189434051514,-0.0428030788898468,0.22419366240501404,0.49818024039268494,-0.0524219386279583,0.19724874198436737,0.49458056688308716,-0.05896805226802826,0.31414470076560974,0.5669866800308228,-0.03319104015827179,0.2627256214618683,0.5593426823616028,-0.04696814343333244,0.23142191767692566,0.5541983842849731,-0.05515329912304878,0.20526345074176788,0.5507509112358093,-0.060382090508937836,0.3245216906070709,0.6117472648620605,-0.03872852772474289,0.28789013624191284,0.6167106628417969,-0.05227614939212799,0.2638033628463745,0.6185528039932251,-0.05797741562128067,0.24251866340637207,0.6184115409851074,-0.060997966676950455,N
0.45179587602615356,0.859279990196228,5.297133043313806e-07,0.4478089511394501,0.7656075358390808,0.003377473447471857,0.4179440140724182,0.689564049243927,-0.0016867623198777437,0.3872581124305725,0.6732099652290344,-0.008614623919129372,0.3610614240169525,0.68458491563797,-0.016846681013703346,0.41491711139678955,0.6701544523239136,-0.018829789012670517,0.3958323895931244,0.5771855115890503,-0.0338752418756485,0.3839488923549652,0.5202958583831787,-0.04270917549729347,0.374301940202713,0.47477221488952637,-0.047189079225063324,0.38936901092529297,0.7015078067779541,-0.027291249483823776,0.3546570837497711,0.6068596839904785,-0.03916362300515175,0.334277868270874,0.5485761165618896,-0.04408163204789162,0.31466004252433777,0.5014051198959351,-0.04743422567844391,0.36732083559036255,0.745964765548706,-0.03391541540622711,0.3300105035305023,0.6855000853538513,-0.044740185141563416,0.3488647937774658,0.7040279507637024,-0.038617637008428574,0.36521878838539124,0.7260186672210693,-0.03144769370555878,0.35161012411117554,0.793363630771637,-0.040063418447971344,0.3281915783882141,0.7500150203704834,-0.04427431523799896,0.3426104784011841,0.7577025294303894,-0.034583594650030136,0.3546704947948456,0.7699815034866333,-0.025732986629009247,N
0.40702542662620544,0.5883414149284363,1.960637519005104e-07,0.4043753743171692,0.517099142074585,-0.014793436974287033,0.3793107867240906,0.45301997661590576,-0.023228898644447327,0.35788315534591675,0.402218222618103,-0.030747972428798676,0.34319591522216797,0.36595362424850464,-0.03942929208278656,0.32003888487815857,0.4775296151638031,-0.025864113122224808,0.273063063621521,0.4598456621170044,-0.04108181968331337,0.24378061294555664,0.45395487546920776,-0.051009003072977066,0.21882367134094238,0.45167794823646545,-0.05799966678023338,0.31228509545326233,0.5204500555992126,-0.02924632653594017,0.2580674886703491,0.5023331046104431,-0.0436379574239254,0.22492650151252747,0.4929961860179901,-0.05358080565929413,0.1978876143693924,0.48806998133659363,-0.06042083725333214,0.3153614103794098,0.5640566349029541,-0.033624742180109024,0.26444703340530396,0.5564476251602173,-0.04736046493053436,0.23323580622673035,0.5515756607055664,-0.055480897426605225,0.20738796889781952,0.5478988289833069,-0.060728516429662704,0.3264336585998535,0.6078417897224426,-0.03909602388739586,0.28960925340652466,0.6131281852722168,-0.05255495756864548,0.265433669090271,0.6148006916046143,-0.05817302316427231,0.24394938349723816,0.6142719388008118,-0.06115797162055969,N
0.453873872756958,0.8600646257400513,5.305053036863683e-07,0.4496867060661316,0.7650215029716492,0.0027012964710593224,0.4193657636642456,0.6860805153846741,-0.002587338676676154,0.3875062167644501,0.6695249676704407,-0.009446251206099987,0.3608725666999817,0.6872169971466064,-0.01757020317018032,0.4156239926815033,0.6702646017074585,-0.019928719848394394,0.3953331708908081,0.5774614810943604,-0.03517403453588486,0.3838508427143097,0.5216397047042847,-0.04431061074137688,0.3746420741081238,0.4765097498893738,-0.049112506210803986,0.3921571373939514,0.7043585181236267,-0.028222152963280678,0.35546717047691345,0.6111330389976501,-0.0407189279794693,0.33460545539855957,0.5538918972015381,-0.046437378972768784,0.31428515911102295,0.5078245401382446,-0.05057710036635399,0.37129026651382446,0.7510260343551636,-0.03461480513215065,0.331398069858551,0.6872814893722534,-0.046534713357686996,0.351032018661499,0.7034508585929871,-0.04084879532456398,0.36792051792144775,0.7241160273551941,-0.03394189476966858,0.3561275601387024,0.7990562915802002,-0.040454354137182236,0.3318019211292267,0.750356137752533,-0.045979611575603485,0.3474946618080139,0.7572559118270874,-0.036581579595804214,0.3602457046508789,0.7702782154083252,-0.02786107175052166,N
0.40526166558265686,0.5905159115791321,1.8157925296691246e-07,0.40267446637153625,0.5189840197563171,-0.01479265559464693,0.3780391812324524,0.4536522924900055,-0.023558882996439934,0.3569120764732361,0.402072548866272,-0.03138122335076332,0.3430975079536438,0.36420151591300964,-0.04063279181718826,0.32045242190361023,0.47977522015571594,-0.02718016691505909,0.2735559940338135,0.46347975730895996,-0.042933303862810135,0.24400395154953003,0.45894771814346313,-0.0532039999961853,0.21903736889362335,0.45746490359306335,-0.06050901859998703,0.31317198276519775,0.5238744616508484,-0.030755359679460526,0.259371280670166,0.5076431035995483,-0.0458129420876503,0.22624321281909943,0.4994426667690277,-0.056238945573568344,0.1987597793340683,0.4952780306339264,-0.06347799301147461,0.3163863718509674,0.5679493546485901,-0.035241737961769104,0.2653217315673828,0.5606029629707336,-0.04965042695403099,0.23423689603805542,0.5561681389808655,-0.058178868144750595,0.20806056261062622,0.5531527400016785,-0.06375463306903839,0.3273315727710724,0.611687183380127,-0.04074518010020256,0.29099759459495544,0.6166453957557678,-0.05498800799250603,0.26693862676620483,0.6184396743774414,-0.06115176901221275,0.24529391527175903,0.6181730031967163,-0.06452929228544235,N
0.45297467708587646,0.8559647798538208,5.301126861922967e-07,0.4480571150779724,0.7648355960845947,0.0029623950831592083,0.4188503623008728,0.691369354724884,-0.0027438730467110872,0.3892829418182373,0.6732427477836609,-0.010195733979344368,0.36457765102386475,0.6821406483650208,-0.01884247362613678,0.4170040786266327,0.6714558601379395,-0.021387165412306786,0.3970390856266022,0.5809125900268555,-0.03774122893810272,0.3853081166744232,0.5262256264686584,-0.04784741997718811,0.3759087324142456,0.48111265897750854,-0.0534239299595356,0.3940042555332184,0.7043776512145996,-0.030010314658284187,0.35923799872398376,0.6130473017692566,-0.04365053027868271,0.33775174617767334,0.5556124448776245,-0.050186410546302795,0.3171623647212982,0.5087234377861023,-0.05499643832445145,0.37348413467407227,0.7499179840087891,-0.036611221730709076,0.33373627066612244,0.6878966689109802,-0.04878447949886322,0.35141581296920776,0.7055301070213318,-0.04256535694003105,0.3675128221511841,0.7261043190956116,-0.03545786067843437,0.3584881126880646,0.7976527214050293,-0.042743831872940063,0.33465245366096497,0.7534337043762207,-0.04870545491576195,0.34912586212158203,0.7599440217018127,-0.0394873172044754,0.36139506101608276,0.7708274126052856,-0.030811263248324394,N
0.40921667218208313,0.5935057997703552,1.9209211643556046e-07,0.4069845676422119,0.5207214951515198,-0.014836186543107033,0.3812114894390106,0.4551805853843689,-0.022739704698324203,0.3596384525299072,0.4054161012172699,-0.029679080471396446,0.3450697362422943,0.36884605884552,-0.03772260993719101,0.32310375571250916,0.47952425479888916,-0.024836285039782524,0.2763238847255707,0.4619216322898865,-0.03974360600113869,0.24726460874080658,0.45638248324394226,-0.04942721873521805,0.22281253337860107,0.4547567367553711,-0.056267526000738144,0.3152383863925934,0.5228822827339172,-0.028193943202495575,0.260700523853302,0.5044280886650085,-0.0423608124256134,0.227534219622612,0.49553894996643066,-0.052245985716581345,0.20069542527198792,0.4914311468601227,-0.05887657776474953,0.3182831406593323,0.5669142603874207,-0.032666053622961044,0.26685020327568054,0.5588043928146362,-0.046660423278808594,0.23565277457237244,0.5535954833030701,-0.05506782978773117,0.20971481502056122,0.5497878789901733,-0.06033666431903839,0.3294777274131775,0.6114844679832458,-0.03818868100643158,0.29301929473876953,0.6155419945716858,-0.05209599435329437,0.26865267753601074,0.6164374351501465,-0.0579858161509037,0.2468900978565216,0.6151278614997864,-0.06103692948818207,N
0.45719093084335327,0.8577359318733215,5.739406674365455e-07,0.451612651348114,0.7650175094604492,0.0026730243116617203,0.41973191499710083,0.6938684582710266,-0.003095527645200491,0.3881746232509613,0.6867495179176331,-0.01050517987459898,0.3615954518318176,0.7076054811477661,-0.01911335252225399,0.418074369430542,0.6731087565422058,-0.02039189077913761,0.3982478678226471,0.5756235122680664,-0.03674367070198059,0.38681477308273315,0.5170493721961975,-0.046214256435632706,0.3776448369026184,0.47034478187561035,-0.05081569775938988,0.393780916929245,0.7047942280769348,-0.028612609952688217,0.3576732277870178,0.6064960956573486,-0.041193071752786636,0.33714231848716736,0.5476384162902832,-0.046099890023469925,0.31766459345817566,0.50010746717453,-0.04936274513602257,0.37260639667510986,0.7497080564498901,-0.03506679832935333,0.33518537878990173,0.6877608299255371,-0.04652773588895798,0.3543282449245453,0.7063320875167847,-0.03998932987451553,0.3704608976840973,0.7278280258178711,-0.0323251448571682,0.3572441041469574,0.7975360155105591,-0.04107188805937767,0.3361467719078064,0.7528282999992371,-0.045280568301677704,0.3514774739742279,0.7604705095291138,-0.03502357751131058,0.3632144629955292,0.7725318670272827,-0.025719638913869858,N
0.4080023169517517,0.5906772017478943,1.7911862926212052e-07,0.4057823419570923,0.5179160833358765,-0.014489250257611275,0.38073667883872986,0.4534253180027008,-0.022486185654997826,0.35882583260536194,0.4028244912624359,-0.0295859407633543,0.34483474493026733,0.3674588203430176,-0.03791481629014015,0.32241490483283997,0.47888344526290894,-0.025801798328757286,0.2760504484176636,0.4614057242870331,-0.040834929794073105,0.24680563807487488,0.4564206004142761,-0.050568222999572754,0.22225186228752136,0.45509517192840576,-0.0575011782348156,0.31426241993904114,0.5221292972564697,-0.029177647083997726,0.26042428612709045,0.5049442648887634,-0.043688997626304626,0.2275426685810089,0.49659109115600586,-0.053641706705093384,0.20059660077095032,0.4927317500114441,-0.060440365225076675,0.31690987944602966,0.565550684928894,-0.03347990661859512,0.2664078176021576,0.5581452250480652,-0.04743441939353943,0.23567451536655426,0.5536414384841919,-0.05581676587462425,0.21003347635269165,0.5508918762207031,-0.061238374561071396,0.32774093747138977,0.6086168885231018,-0.038812924176454544,0.2917121648788452,0.614587664604187,-0.052588459104299545,0.2678292393684387,0.6171311140060425,-0.0586032010614872,0.24673403799533844,0.6176758408546448,-0.06185625493526459,N
0.453934907913208,0.8582395315170288,5.358538146538194e-07,0.44761624932289124,0.7650991678237915,0.0031919314060360193,0.41695651412010193,0.6903583407402039,-0.002618461847305298,0.38499030470848083,0.6778497099876404,-0.010266792960464954,0.358902245759964,0.694579541683197,-0.019229188561439514,0.41669708490371704,0.6712438464164734,-0.01995331607758999,0.39565321803092957,0.5830312967300415,-0.03682321682572365,0.3844754695892334,0.5279862880706787,-0.04772593826055527,0.3753077983856201,0.4817761778831482,-0.05382147431373596,0.394593745470047,0.7045857310295105,-0.02902871184051037,0.35919126868247986,0.6125832796096802,-0.04247893765568733,0.3385595381259918,0.5551518201828003,-0.04897584021091461,0.318167120218277,0.5070396661758423,-0.05391456559300423,0.37421542406082153,0.7509704232215881,-0.03630352392792702,0.3330766558647156,0.6889386773109436,-0.04865176975727081,0.3511195480823517,0.7078112363815308,-0.04238756000995636,0.36734306812286377,0.7290289998054504,-0.03522437438368797,0.358537495136261,0.8005706071853638,-0.04312634468078613,0.3345777094364166,0.7535451054573059,-0.04871325194835663,0.34942564368247986,0.761745274066925,-0.03902915492653847,0.3616592586040497,0.774751603603363,-0.0302484892308712,N
0.40501868724823,0.595854640007019,1.831786278216896e-07,0.4028272032737732,0.5244436860084534,-0.015073892660439014,0.3783537745475769,0.4605359137058258,-0.023418359458446503,0.3568585515022278,0.4094177484512329,-0.030767761170864105,0.3418276309967041,0.3733784556388855,-0.039349451661109924,0.3190611004829407,0.4843137264251709,-0.025563742965459824,0.2721465229988098,0.467800110578537,-0.040488023310899734,0.2425253689289093,0.46332207322120667,-0.050381992012262344,0.21732935309410095,0.4625949263572693,-0.05746874213218689,0.31130772829055786,0.5285629034042358,-0.028665274381637573,0.25789541006088257,0.5123044848442078,-0.0426907055079937,0.22553357481956482,0.5048907995223999,-0.05255461856722832,0.19910851120948792,0.5018240809440613,-0.05938716232776642,0.3143337070941925,0.5729402899742126,-0.03280866518616676,0.2642318308353424,0.5650917291641235,-0.046357572078704834,0.23337531089782715,0.5609123110771179,-0.054441899061203,0.20748135447502136,0.5583033561706543,-0.05971747636795044,0.32530781626701355,0.6172270178794861,-0.03805818036198616,0.2892281413078308,0.623446524143219,-0.0514434315264225,0.26513317227363586,0.6259772777557373,-0.05703900009393692,0.24358852207660675,0.626185417175293,-0.05999712273478508,N
0.45521044731140137,0.8612460494041443,5.213470899434469e-07,0.44857320189476013,0.7657566070556641,0.002645260188728571,0.41557279229164124,0.6934176683425903,-0.002646992914378643,0.3809528350830078,0.6827982664108276,-0.009958237409591675,0.35322222113609314,0.6974894404411316,-0.018494416028261185,0.4150846004486084,0.6743269562721252,-0.017113763839006424,0.3954871594905853,0.5855306386947632,-0.03295458108186722,0.3840371072292328,0.5301281809806824,-0.042968351393938065,0.37548619508743286,0.4850398898124695,-0.048660580068826675,0.3927803039550781,0.706319272518158,-0.025984453037381172,0.35824665427207947,0.6211197972297668,-0.03974881395697594,0.33784639835357666,0.5653572082519531,-0.046727146953344345,0.31881171464920044,0.518467366695404,-0.05177736654877663,0.3733014762401581,0.7530829906463623,-0.0332942008972168,0.33421748876571655,0.6949594020843506,-0.045907292515039444,0.3523833751678467,0.7120435833930969,-0.04008807986974716,0.36853092908859253,0.7318322658538818,-0.03316386044025421,0.3590455949306488,0.8038506507873535,-0.04025626182556152,0.33556848764419556,0.7628622651100159,-0.046778835356235504,0.3498564660549164,0.7686854600906372,-0.03828130662441254,0.3617487847805023,0.7795504331588745,-0.03017369657754898,N
0.40685200691223145,0.6011597514152527,1.931274482558365e-07,0.40311458706855774,0.5292509198188782,-0.01579226553440094,0.3777773380279541,0.46550655364990234,-0.025191709399223328,0.35573962330818176,0.41333696246147156,-0.03353654220700264,0.3404461145401001,0.37439101934432983,-0.04311753809452057,0.32028090953826904,0.4906061589717865,-0.027375221252441406,0.2740725874900818,0.4731135070323944,-0.04354605823755264,0.24487750232219696,0.4676649272441864,-0.0541825070977211,0.2200988531112671,0.46594253182411194,-0.061799000948667526,0.3121257722377777,0.535088837146759,-0.030877796933054924,0.2576597332954407,0.5186983942985535,-0.04674319922924042,0.2236785888671875,0.5116261839866638,-0.0578923337161541,0.19573833048343658,0.5092786550521851,-0.06552959978580475,0.3150649070739746,0.5793613195419312,-0.03540674224495888,0.26361775398254395,0.5723949074745178,-0.05047466233372688,0.23217692971229553,0.5687559843063354,-0.05951259657740593,0.2063058614730835,0.5663632750511169,-0.06531254202127457,0.3265654444694519,0.6228234171867371,-0.04101568087935448,0.2900823652744293,0.6293829679489136,-0.055593691766262054,0.2656394839286804,0.63237464427948,-0.061949118971824646,0.24381275475025177,0.6324570775032043,-0.06537217646837234,N
0.4540720283985138,0.8632516860961914,5.481138600771374e-07,0.44825589656829834,0.7730877995491028,0.0020528698805719614,0.4175248146057129,0.6983286142349243,-0.004346226342022419,0.3868939280509949,0.6832352876663208,-0.011966030113399029,0.3610994815826416,0.6977207064628601,-0.02085987478494644,0.41812312602996826,0.6792793273925781,-0.023965317755937576,0.39723867177963257,0.58495032787323,-0.04061026871204376,0.385078489780426,0.5283298492431641,-0.050364285707473755,0.3749552071094513,0.48246482014656067,-0.055484164506196976,0.3949594497680664,0.7139625549316406,-0.032119542360305786,0.35677945613861084,0.6196460723876953,-0.045415859669446945,0.3344896137714386,0.5625532269477844,-0.050832852721214294,0.3131280243396759,0.516105592250824,-0.0548265278339386,0.37431901693344116,0.7609093189239502,-0.03819559887051582,0.3316102921962738,0.7005141377449036,-0.05024906247854233,0.3508487343788147,0.7166225910186768,-0.043347038328647614,0.3682211935520172,0.7362098097801208,-0.03572344407439232,0.35933953523635864,0.8095744252204895,-0.0438368059694767,0.3350151777267456,0.7643760442733765,-0.0495140440762043,0.35029035806655884,0.7709654569625854,-0.03970077633857727,0.36306828260421753,0.7822394371032715,-0.030702361837029457,N
0.40830522775650024,0.6008049249649048,1.7689859532765695e-07,0.4040725827217102,0.5296513438224792,-0.015024526044726372,0.3775237202644348,0.4658909738063812,-0.023303108289837837,0.35496383905410767,0.41468292474746704,-0.03056659922003746,0.33966541290283203,0.3770812153816223,-0.03898439556360245,0.3204417824745178,0.490523099899292,-0.02566571719944477,0.2739933431148529,0.47348999977111816,-0.04067939519882202,0.24462281167507172,0.4685179591178894,-0.05058606341481209,0.21991145610809326,0.4669627249240875,-0.05769726634025574,0.31236129999160767,0.5341750383377075,-0.028993744403123856,0.2584226131439209,0.518743097782135,-0.043371669948101044,0.22487732768058777,0.5119127631187439,-0.05348529666662216,0.1976407915353775,0.5094487071037292,-0.060497406870126724,0.31542491912841797,0.5780062079429626,-0.03337650001049042,0.2644866406917572,0.5715924501419067,-0.04740380868315697,0.23314715921878815,0.5686668157577515,-0.05600815266370773,0.20729397237300873,0.5669820308685303,-0.061633963137865067,0.32690638303756714,0.6217730045318604,-0.03883780166506767,0.2903309464454651,0.6290559768676758,-0.05281835049390793,0.2659163773059845,0.6330261826515198,-0.058991119265556335,0.24425441026687622,0.634435772895813,-0.062360040843486786,N
0.454415500164032,0.8637369275093079,5.301542387314839e-07,0.4487724006175995,0.7713245153427124,0.001258519128896296,0.41724181175231934,0.6965579986572266,-0.005388481542468071,0.38277754187583923,0.6831458806991577,-0.013268844224512577,0.35486167669296265,0.7001602053642273,-0.022440461441874504,0.4166571795940399,0.6804555654525757,-0.023122765123844147,0.3938864469528198,0.5899338722229004,-0.039482492953538895,0.38119155168533325,0.5354939103126526,-0.04929336905479431,0.3710971176624298,0.49045825004577637,-0.05451788380742073,0.39375364780426025,0.7156224250793457,-0.03094959259033203,0.35627055168151855,0.6250278949737549,-0.04457271844148636,0.33389684557914734,0.5684185028076172,-0.05081011354923248,0.31233739852905273,0.5224440693855286,-0.05528402328491211,0.37336137890815735,0.7624854445457458,-0.036787353456020355,0.33180513978004456,0.7037190198898315,-0.04861164838075638,0.3503892421722412,0.718514084815979,-0.04185526818037033,0.3669891655445099,0.7376893162727356,-0.034327875822782516,0.35835063457489014,0.8111819624900818,-0.042291659861803055,0.3322003483772278,0.7637564539909363,-0.047063909471035004,0.3467315137386322,0.768257200717926,-0.036742109805345535,0.3592936396598816,0.7794959545135498,-0.027494454756379128,N
0.40418562293052673,0.610714316368103,2.0009379397833982e-07,0.40224790573120117,0.5372124910354614,-0.017164597287774086,0.3771515488624573,0.4729975461959839,-0.026701906695961952,0.35450252890586853,0.4212491512298584,-0.03487828001379967,0.33830785751342773,0.3818953037261963,-0.044153958559036255,0.3189983665943146,0.49801626801490784,-0.027857372537255287,0.2728286385536194,0.4797911047935486,-0.04377202317118645,0.24382427334785461,0.4735645055770874,-0.05424768850207329,0.2193765640258789,0.4711596965789795,-0.0616631917655468,0.31003376841545105,0.5425771474838257,-0.030266141518950462,0.2560354173183441,0.5266849994659424,-0.0451255701482296,0.22292941808700562,0.5194947719573975,-0.0555446557700634,0.19583797454833984,0.5168337821960449,-0.06278042495250702,0.31268826127052307,0.5871748328208923,-0.03387368470430374,0.2623640298843384,0.5801137089729309,-0.04800545424222946,0.23166945576667786,0.5759273767471313,-0.05655570700764656,0.20629368722438812,0.5732355713844299,-0.06217952445149422,0.3241020739078522,0.6315062642097473,-0.03874171897768974,0.2882852852344513,0.6375710368156433,-0.05265435203909874,0.2642820179462433,0.6404774188995361,-0.05872482433915138,0.2429295778274536,0.6411674618721008,-0.062021881341934204,N
0.45711103081703186,0.8729780912399292,5.288405873216107e-07,0.4510093927383423,0.7795224189758301,0.0036266532260924578,0.42013049125671387,0.7093080282211304,-0.0011036674259230494,0.38882702589035034,0.6986302733421326,-0.007659870199859142,0.3631454110145569,0.7168240547180176,-0.015475751832127571,0.4143660366535187,0.687785804271698,-0.018138408660888672,0.3928297460079193,0.5981820821762085,-0.03312455117702484,0.3796181082725525,0.5434199571609497,-0.04233362525701523,0.3692278265953064,0.4998500347137451,-0.0472668781876564,0.390536367893219,0.721342146396637,-0.026370231062173843,0.3547465205192566,0.6319518685340881,-0.03801113739609718,0.3327040672302246,0.5756000280380249,-0.0434761606156826,0.31150296330451965,0.5294232368469238,-0.04754430428147316,0.3712009787559509,0.76779705286026,-0.03274521976709366,0.3326203227043152,0.7129528522491455,-0.04318380355834961,0.3518929183483124,0.7262515425682068,-0.0377851277589798,0.36910805106163025,0.7431924343109131,-0.031477537006139755,0.35853588581085205,0.8165729641914368,-0.038651201874017715,0.3376820981502533,0.7773115634918213,-0.043071869760751724,0.35287904739379883,0.7808965444564819,-0.034480020403862,0.3656037449836731,0.7887032628059387,-0.026547184213995934,N
0.4097929894924164,0.6198099851608276,1.9970529763213563e-07,0.4070187211036682,0.5470206141471863,-0.016216987743973732,0.3810954689979553,0.481874018907547,-0.025447716936469078,0.35908305644989014,0.4284341633319855,-0.03347613662481308,0.34460940957069397,0.3873226046562195,-0.042774271219968796,0.322343647480011,0.5051549077033997,-0.027378328144550323,0.2756507098674774,0.4845390021800995,-0.043267615139484406,0.2458467334508896,0.4774719476699829,-0.05387228727340698,0.22060330212116241,0.4751231074333191,-0.06130790710449219,0.3137384057044983,0.5508831739425659,-0.03008165769279003,0.2596231997013092,0.532209575176239,-0.0448075570166111,0.22602048516273499,0.5246964693069458,-0.05514788627624512,0.19856664538383484,0.5222774744033813,-0.062199052423238754,0.31606364250183105,0.5961835384368896,-0.033850397914648056,0.2652924358844757,0.5874062180519104,-0.04749293252825737,0.2338535189628601,0.5824568271636963,-0.05559653788805008,0.2082841396331787,0.5794166922569275,-0.06081268563866615,0.3270523250102997,0.6408588886260986,-0.03882300481200218,0.28948891162872314,0.6443119049072266,-0.05187346786260605,0.26483863592147827,0.6456453800201416,-0.057166554033756256,0.24324308335781097,0.6451254487037659,-0.059815507382154465,N
0.4564109444618225,0.8927942514419556,5.255638484413794e-07,0.45449960231781006,0.7974533438682556,-0.0014799308264628053,0.4264107644557953,0.714762806892395,-0.007813741452991962,0.3952150046825409,0.687818169593811,-0.014925381168723106,0.3691599369049072,0.6947925090789795,-0.02330109290778637,0.41834837198257446,0.7043312191963196,-0.022983260452747345,0.39705023169517517,0.612662672996521,-0.03912951797246933,0.3844507336616516,0.5553016662597656,-0.04890924692153931,0.3746798634529114,0.5076255202293396,-0.05416446924209595,0.39273330569267273,0.7402650713920593,-0.029331380501389503,0.3581002950668335,0.6542358994483948,-0.04311361908912659,0.33714258670806885,0.5985630750656128,-0.04906332492828369,0.31697118282318115,0.5528114438056946,-0.05324868857860565,0.371421754360199,0.7884791493415833,-0.0342746339738369,0.3351743519306183,0.7288157343864441,-0.04739431291818619,0.35399940609931946,0.7412217259407043,-0.04216168820858002,0.3713068962097168,0.761164665222168,-0.0354793407022953,0.3570714592933655,0.8374020457267761,-0.03907317668199539,0.33452942967414856,0.7879037857055664,-0.045663751661777496,0.35003018379211426,0.7921587228775024,-0.037212107330560684,0.363703191280365,0.8061177730560303,-0.02905971370637417,N
0.41580426692962646,0.6254489421844482,2.380081980390969e-07,0.4125587046146393,0.5537346601486206,-0.019360769540071487,0.38615378737449646,0.4893958568572998,-0.0298264529556036,0.36375004053115845,0.43607276678085327,-0.03869931772351265,0.34855377674102783,0.3942773938179016,-0.048425912857055664,0.3235481083393097,0.5122694969177246,-0.02871156483888626,0.27545613050460815,0.4895223081111908,-0.0454571358859539,0.24522069096565247,0.4804646670818329,-0.0568077526986599,0.21925990283489227,0.4750843048095703,-0.06469602137804031,0.31489652395248413,0.5571058392524719,-0.030349038541316986,0.26066315174102783,0.5371459126472473,-0.04512536898255348,0.2269715517759323,0.5275945663452148,-0.05552159622311592,0.19958101212978363,0.5213596820831299,-0.06275749951601028,0.3178893029689789,0.6022464632987976,-0.033579807728528976,0.26723748445510864,0.593567967414856,-0.047530777752399445,0.23563764989376068,0.5884289741516113,-0.05586681142449379,0.21001993119716644,0.5836244821548462,-0.06128517910838127,0.32967838644981384,0.6478855609893799,-0.03844190388917923,0.29179978370666504,0.6541388034820557,-0.05189575254917145,0.26728665828704834,0.6567685604095459,-0.05748539790511131,0.24582719802856445,0.6566007733345032,-0.060419537127017975,N
0.46124503016471863,0.9078837037086487,5.516436090147181e-07,0.4591098725795746,0.8100367188453674,-0.0005731672281399369,0.42860808968544006,0.732677161693573,-0.007498631719499826,0.39485716819763184,0.7232736349105835,-0.015479028224945068,0.368202805519104,0.7475574612617493,-0.02480871044099331,0.42048487067222595,0.7204023003578186,-0.02180689014494419,0.3948977291584015,0.6292650699615479,-0.03706253692507744,0.38145267963409424,0.5748633146286011,-0.04605206102132797,0.3719078600406647,0.5306553244590759,-0.05039647966623306,0.394102543592453,0.7589366436004639,-0.028067242354154587,0.35589826107025146,0.6668698191642761,-0.04106583446264267,0.3333660066127777,0.6107354164123535,-0.04689735546708107,0.3120075762271881,0.5665257573127747,-0.05026007071137428,0.37284424901008606,0.8064851760864258,-0.0326453372836113,0.33654701709747314,0.74211585521698,-0.04441140592098236,0.3567736744880676,0.7541949152946472,-0.039727870374917984,0.3739444613456726,0.7744370102882385,-0.03307046741247177,0.359538733959198,0.8529592156410217,-0.03691227734088898,0.340904176235199,0.7998407483100891,-0.041548535227775574,0.3579437732696533,0.8030360341072083,-0.0323587991297245,0.3712734878063202,0.8162739276885986,-0.023572491481900215,N
0.42502361536026,0.646395206451416,2.1506519942704472e-07,0.42297691106796265,0.5681130886077881,-0.01715618558228016,0.3958060145378113,0.49778178334236145,-0.026130450889468193,0.374793142080307,0.44063085317611694,-0.03407321125268936,0.36352843046188354,0.394270122051239,-0.04272504895925522,0.3312223553657532,0.5168036222457886,-0.024670200422406197,0.2802770435810089,0.4948618412017822,-0.03944753110408783,0.24829918146133423,0.48648348450660706,-0.04932134598493576,0.22161033749580383,0.4821706712245941,-0.05646202713251114,0.3219626843929291,0.5628187656402588,-0.027088481932878494,0.26693832874298096,0.5411031246185303,-0.04050036147236824,0.23277869820594788,0.5291333198547363,-0.05005035176873207,0.20600759983062744,0.5222913026809692,-0.05675971880555153,0.3241216540336609,0.6094402074813843,-0.03109922632575035,0.2734437882900238,0.5980714559555054,-0.044084787368774414,0.24246637523174286,0.591134250164032,-0.052390288561582565,0.21737806499004364,0.5852572917938232,-0.05796831473708153,0.33513906598091125,0.6556015610694885,-0.036640144884586334,0.2977570593357086,0.6624219417572021,-0.04981023445725441,0.2731274366378784,0.667364776134491,-0.05577659606933594,0.2512020468711853,0.6696375012397766,-0.05907634645700455,N
0.4617721140384674,0.9107639789581299,5.542761982724187e-07,0.46039173007011414,0.8118675351142883,-0.0022065211087465286,0.4323551058769226,0.7254421710968018,-0.009118657559156418,0.4033060073852539,0.6932511329650879,-0.016160307452082634,0.3805684745311737,0.6915773749351501,-0.023814314976334572,0.42245036363601685,0.7255049347877502,-0.027567856013774872,0.3962627351284027,0.6328403949737549,-0.043926045298576355,0.3819180428981781,0.5791670083999634,-0.053002648055553436,0.3723175525665283,0.5344089269638062,-0.05744160711765289,0.39563509821891785,0.7650361657142639,-0.03209998831152916,0.3581160306930542,0.6761884689331055,-0.047153156250715256,0.3360229432582855,0.6178277730941772,-0.05354071408510208,0.31589409708976746,0.5710240602493286,-0.05733586102724075,0.3738687336444855,0.8118957281112671,-0.03464307636022568,0.33829396963119507,0.7480136752128601,-0.0478048101067543,0.35968470573425293,0.7592402100563049,-0.042715270072221756,0.37843990325927734,0.7781620621681213,-0.035739727318286896,0.3607332110404968,0.8550013899803162,-0.03693418577313423,0.3449490964412689,0.8090230226516724,-0.04348089173436165,0.36245909333229065,0.8122708201408386,-0.03584996610879898,0.376176118850708,0.8236228823661804,-0.02782372757792473,N
0.4266396462917328,0.644795298576355,2.1378158976403938e-07,0.42369523644447327,0.5691927671432495,-0.015712076798081398,0.39628392457962036,0.5000609755516052,-0.023992599919438362,0.375409871339798,0.4424239993095398,-0.03149596229195595,0.36250466108322144,0.39650875329971313,-0.039726171642541885,0.33123791217803955,0.5207573175430298,-0.02157280407845974,0.28243547677993774,0.4991286098957062,-0.03554772958159447,0.25195279717445374,0.49154362082481384,-0.04517780989408493,0.22654971480369568,0.48784133791923523,-0.05217432230710983,0.32184457778930664,0.5665980577468872,-0.024450723081827164,0.2666824460029602,0.5450838208198547,-0.037596795707941055,0.23283186554908752,0.5340429544448853,-0.0472857765853405,0.20645374059677124,0.5289051532745361,-0.05395926535129547,0.32405129075050354,0.6130737066268921,-0.028861774131655693,0.27295905351638794,0.6020960807800293,-0.041502006351947784,0.24180808663368225,0.5953951478004456,-0.04946872591972351,0.21690532565116882,0.5904824733734131,-0.05465196818113327,0.3353314995765686,0.6595037579536438,-0.034668080508708954,0.29732558131217957,0.6645503044128418,-0.04731997847557068,0.2721824645996094,0.6672645211219788,-0.05285079404711723,0.2497953474521637,0.6678236126899719,-0.05573837459087372,N
0.4674088954925537,0.9003191590309143,5.128489419803373e-07,0.46364057064056396,0.803870439529419,-0.0023053085897117853,0.4342261552810669,0.7155238389968872,-0.008951740339398384,0.40300923585891724,0.6798869371414185,-0.016269264742732048,0.37834975123405457,0.6731764078140259,-0.02417178638279438,0.42539212107658386,0.7091566920280457,-0.022387145087122917,0.39937514066696167,0.6239213347434998,-0.0392574705183506,0.38752496242523193,0.5723933577537537,-0.04932083562016487,0.3788924217224121,0.528427004814148,-0.05443523824214935,0.40155738592147827,0.7504141330718994,-0.028994081541895866,0.36447790265083313,0.6635156869888306,-0.04403995722532272,0.34182390570640564,0.6086428165435791,-0.05055729299783707,0.3201105296611786,0.5662908554077148,-0.05461767315864563,0.38214269280433655,0.8014495372772217,-0.03445044532418251,0.3452633321285248,0.7385429739952087,-0.049935903400182724,0.3658006191253662,0.7510596513748169,-0.044287193566560745,0.384030282497406,0.7712357044219971,-0.03654193505644798,0.36949029564857483,0.8511444926261902,-0.03975097835063934,0.3468268811702728,0.7962937951087952,-0.04809622839093208,0.36351698637008667,0.8025442361831665,-0.038862504065036774,0.37764063477516174,0.8191958069801331,-0.0296628437936306,N
0.42703360319137573,0.636284589767456,2.134901393446853e-07,0.4240263104438782,0.5600411891937256,-0.015009877271950245,0.3974137306213379,0.4937624931335449,-0.023545045405626297,0.37671414017677307,0.4387238919734955,-0.03134632483124733,0.3659104108810425,0.3947106599807739,-0.04009450972080231,0.33472415804862976,0.5137951970100403,-0.02413547784090042,0.2846553921699524,0.4919448494911194,-0.03909163177013397,0.2535673975944519,0.48230576515197754,-0.049088362604379654,0.2275412380695343,0.4760590195655823,-0.05616791918873787,0.3261858820915222,0.5570160746574402,-0.027505841106176376,0.2714632749557495,0.5368288159370422,-0.041129160672426224,0.2371143102645874,0.52583909034729,-0.05062255263328552,0.20937912166118622,0.5192962288856506,-0.05717908591032028,0.32868024706840515,0.6018511652946472,-0.03213117644190788,0.27690377831459045,0.5924542546272278,-0.04509493336081505,0.24448779225349426,0.585453450679779,-0.05289840325713158,0.21813374757766724,0.5800156593322754,-0.05802119895815849,0.3395654857158661,0.6478773355484009,-0.038052722811698914,0.3010401129722595,0.6547231078147888,-0.05085374042391777,0.275698184967041,0.6569697856903076,-0.05616120249032974,0.25373971462249756,0.6573195457458496,-0.05893593281507492,N
0.4692858159542084,0.8896715044975281,5.397900508796738e-07,0.4679344594478607,0.7967333793640137,-0.0017755294684320688,0.43970605731010437,0.7198442220687866,-0.0088680824264884,0.40843963623046875,0.7029533982276917,-0.016769124194979668,0.3828234374523163,0.720950722694397,-0.025770846754312515,0.4283030033111572,0.7039148211479187,-0.022617755457758904,0.4035831093788147,0.6135121583938599,-0.03854527696967125,0.3895496129989624,0.5588787198066711,-0.04797500744462013,0.3794719874858856,0.5145936608314514,-0.05269812420010567,0.40158331394195557,0.739848256111145,-0.028345094993710518,0.36479252576828003,0.6509473323822021,-0.04200019687414169,0.34180355072021484,0.5958071351051331,-0.04788391664624214,0.3204173147678375,0.5519872307777405,-0.05122882127761841,0.3808813989162445,0.7863472700119019,-0.03262556344270706,0.34655633568763733,0.7270745635032654,-0.04504299908876419,0.36682963371276855,0.7410352826118469,-0.04003913328051567,0.38418570160865784,0.760940432548523,-0.03313198685646057,0.36833256483078003,0.83273845911026,-0.036847230046987534,0.3517695963382721,0.7879469990730286,-0.0424652099609375,0.36851203441619873,0.7929945588111877,-0.03405686467885971,0.38120630383491516,0.8047524094581604,-0.025697603821754456,N
0.4293198883533478,0.623397707939148,1.826296198714772e-07,0.42698386311531067,0.5487971305847168,-0.01424876693636179,0.40146970748901367,0.4796639382839203,-0.02193496562540531,0.38086211681365967,0.42447030544281006,-0.028963280841708183,0.3696891665458679,0.3817349970340729,-0.037007641047239304,0.3408075273036957,0.4978821575641632,-0.022911623120307922,0.292789489030838,0.4765210449695587,-0.03703068941831589,0.2622639536857605,0.468796968460083,-0.046328458935022354,0.23654091358184814,0.4650167226791382,-0.0530695915222168,0.33119311928749084,0.5410501956939697,-0.02646748535335064,0.2769048810005188,0.5181760787963867,-0.04015156626701355,0.2426699995994568,0.5067120790481567,-0.04956532642245293,0.21510590612888336,0.500992476940155,-0.055960677564144135,0.3325541317462921,0.5858478546142578,-0.031205665320158005,0.2810153067111969,0.5736991167068481,-0.04454449936747551,0.24956493079662323,0.5670778155326843,-0.05258214846253395,0.22378966212272644,0.5623161196708679,-0.057757750153541565,0.34264564514160156,0.6319760680198669,-0.03708184137940407,0.30492353439331055,0.6368237733840942,-0.05037437379360199,0.27988702058792114,0.6389998197555542,-0.05607684701681137,0.25752365589141846,0.638573408126831,-0.059114061295986176,N
0.46462541818618774,0.8883025646209717,5.293490517033206e-07,0.46480944752693176,0.7942086458206177,-0.0015239438507705927,0.4377065598964691,0.7152784466743469,-0.008074198849499226,0.4065168797969818,0.6942996382713318,-0.015165673568844795,0.3811749219894409,0.7070117592811584,-0.023275967687368393,0.426361620426178,0.7067756652832031,-0.024297012016177177,0.403842955827713,0.6132095456123352,-0.040040116757154465,0.3907826244831085,0.5577731728553772,-0.04919763654470444,0.3809211850166321,0.5124029517173767,-0.053905781358480453,0.4003761112689972,0.7418361902236938,-0.0296001173555851,0.366396427154541,0.6515321731567383,-0.04326190426945686,0.3448456823825836,0.5947763919830322,-0.04918773099780083,0.32399865984916687,0.5501751899719238,-0.05295480787754059,0.37918829917907715,0.7858269810676575,-0.03324029594659805,0.34472984075546265,0.7247694134712219,-0.04527914896607399,0.36536428332328796,0.7368575930595398,-0.04041977971792221,0.3828381299972534,0.7553302049636841,-0.03393173590302467,0.36592233180999756,0.8285720944404602,-0.03670953959226608,0.3465120196342468,0.7822712063789368,-0.04208004102110863,0.3626442849636078,0.7867863178253174,-0.03386494517326355,0.3755653202533722,0.798595130443573,-0.02585931494832039,N
0.42386823892593384,0.638127326965332,1.994366982671636e-07,0.42277705669403076,0.5584477782249451,-0.015456459484994411,0.398007869720459,0.48602908849716187,-0.02395240217447281,0.3774503171443939,0.4290284216403961,-0.03153950721025467,0.36551058292388916,0.3855779767036438,-0.04002419114112854,0.3390316069126129,0.5033382177352905,-0.02490314282476902,0.2905338406562805,0.4810936152935028,-0.039517223834991455,0.2597389221191406,0.4727797508239746,-0.049083832651376724,0.23410120606422424,0.46844106912612915,-0.05598676577210426,0.328387588262558,0.5471369624137878,-0.028086941689252853,0.27314433455467224,0.5230839252471924,-0.04225733503699303,0.23822665214538574,0.5106835961341858,-0.052175674587488174,0.21038882434368134,0.5038601756095886,-0.05897827073931694,0.32888728380203247,0.5927236676216125,-0.032438766211271286,0.27724096179008484,0.5791123509407043,-0.04575388506054878,0.2456405758857727,0.5720240473747253,-0.05392218381166458,0.220248281955719,0.5666468143463135,-0.059296950697898865,0.3384110927581787,0.6396709084510803,-0.038045644760131836,0.3009282350540161,0.6451759934425354,-0.05098818987607956,0.27626973390579224,0.6478897929191589,-0.05655261129140854,0.25450730323791504,0.6481690406799316,-0.059590861201286316,N
0.4657538831233978,0.8926126956939697,5.204728950047866e-07,0.46376609802246094,0.8010995984077454,-0.0008951671188697219,0.43476423621177673,0.728196382522583,-0.007907453924417496,0.40308302640914917,0.7132238149642944,-0.015691891312599182,0.37775853276252747,0.7278941869735718,-0.024659249931573868,0.42689523100852966,0.7130554914474487,-0.02470308169722557,0.4009694755077362,0.6224592924118042,-0.0404205285012722,0.38711726665496826,0.5686322450637817,-0.0493413582444191,0.37642836570739746,0.5248709917068481,-0.05385061353445053,0.40269434452056885,0.7495591640472412,-0.030746595934033394,0.36481380462646484,0.6599264740943909,-0.04471069946885109,0.3414676785469055,0.6051313877105713,-0.05058595538139343,0.31914761662483215,0.5637007355690002,-0.05422523617744446,0.38270533084869385,0.7958381175994873,-0.03495146334171295,0.3430909812450409,0.7339383959770203,-0.04709286242723465,0.36286911368370056,0.744922935962677,-0.04129552096128464,0.3805200457572937,0.7644966244697571,-0.03406814485788345,0.3695569336414337,0.8418575525283813,-0.03894620016217232,0.3462795615196228,0.790687084197998,-0.04484587907791138,0.3621940314769745,0.7928608059883118,-0.03598210588097572,0.3756592869758606,0.8048657774925232,-0.02733059599995613,N
0.4258539378643036,0.6313822269439697,2.1076682799048285e-07,0.4227663278579712,0.5570835471153259,-0.015658888965845108,0.3968563675880432,0.48826730251312256,-0.024357924237847328,0.37678179144859314,0.4315612316131592,-0.032155510038137436,0.36566057801246643,0.3879685401916504,-0.040900472551584244,0.3362462520599365,0.5086491703987122,-0.02489354833960533,0.28728488087654114,0.4860137701034546,-0.039851684123277664,0.2560498118400574,0.4769677221775055,-0.04982707276940346,0.2298436164855957,0.4722776412963867,-0.05688493698835373,0.32683688402175903,0.5518680810928345,-0.02798452228307724,0.2722412645816803,0.5279342532157898,-0.041707977652549744,0.23771393299102783,0.5161576271057129,-0.05120315030217171,0.21030880510807037,0.5102621912956238,-0.05774925649166107,0.32835012674331665,0.5971176028251648,-0.03234869986772537,0.2771590054035187,0.5841692090034485,-0.04517790675163269,0.24496063590049744,0.5768700242042542,-0.05308875814080238,0.2190168797969818,0.5719336271286011,-0.05836931988596916,0.3383282423019409,0.644288182258606,-0.038049113005399704,0.3006715476512909,0.6499894857406616,-0.050725456327199936,0.27572470903396606,0.6528044939041138,-0.05607686936855316,0.25389009714126587,0.6540547609329224,-0.058949824422597885,N
0.46640098094940186,0.8946932554244995,5.303617172103259e-07,0.46415776014328003,0.8021934032440186,-0.0004351831739768386,0.432818204164505,0.7322676777839661,-0.008077890612185001,0.39941149950027466,0.725174605846405,-0.0166160948574543,0.3728832006454468,0.7432791590690613,-0.02643662504851818,0.42625895142555237,0.7140519618988037,-0.026355469599366188,0.39916089177131653,0.625293493270874,-0.04270255193114281,0.3838590383529663,0.5727621912956238,-0.05198788642883301,0.3722572922706604,0.5294831395149231,-0.0567658506333828,0.40168848633766174,0.7527859210968018,-0.032976310700178146,0.3625217080116272,0.6650518774986267,-0.04711727797985077,0.34028923511505127,0.6090726852416992,-0.05276235193014145,0.3189917504787445,0.5652676820755005,-0.056315839290618896,0.3817351460456848,0.8014686703681946,-0.03759600222110748,0.34096187353134155,0.739814043045044,-0.050066061317920685,0.3619109094142914,0.752433180809021,-0.04404217004776001,0.37949222326278687,0.7723532915115356,-0.03668297082185745,0.36947494745254517,0.8493998646736145,-0.04184108227491379,0.3459319770336151,0.8016493916511536,-0.04770969972014427,0.36169618368148804,0.803684651851654,-0.0385216549038887,0.3744232654571533,0.8149046301841736,-0.029682597145438194,N
0.4221940338611603,0.6327307224273682,2.1964667951124284e-07,0.4192432165145874,0.559975266456604,-0.018151987344026566,0.3936167359352112,0.4927687346935272,-0.027905447408556938,0.37381982803344727,0.43586546182632446,-0.0364002026617527,0.36111852526664734,0.39084672927856445,-0.04568466544151306,0.33057406544685364,0.5131168365478516,-0.025794094428420067,0.2829439342021942,0.49094003438949585,-0.04117065295577049,0.2528257668018341,0.48278674483299255,-0.05169394612312317,0.22705745697021484,0.4784005284309387,-0.05928539112210274,0.3210065960884094,0.5567526817321777,-0.02793671004474163,0.26732948422431946,0.5363390445709229,-0.04196005314588547,0.23378780484199524,0.5267691016197205,-0.05223613977432251,0.2067318558692932,0.521809458732605,-0.05949775502085686,0.3230513632297516,0.6019673347473145,-0.03166944533586502,0.27287477254867554,0.5911516547203064,-0.045116547495126724,0.2422047108411789,0.5848812460899353,-0.05364653095602989,0.21723337471485138,0.5799971222877502,-0.05935174226760864,0.3340977430343628,0.6481878757476807,-0.036971114575862885,0.2972297966480255,0.6555887460708618,-0.05030684173107147,0.2733260989189148,0.6600030660629272,-0.056161053478717804,0.25204282999038696,0.6621661186218262,-0.05937379226088524,N
0.46490639448165894,0.8923376798629761,5.076624347566394e-07,0.46176958084106445,0.8002114295959473,-0.0002964083687402308,0.4316176772117615,0.7274619936943054,-0.007230378221720457,0.39904481172561646,0.7096096873283386,-0.014714508317410946,0.3732620179653168,0.7219904661178589,-0.023278171196579933,0.4242601990699768,0.7162795662879944,-0.026311542838811874,0.39765942096710205,0.6265041828155518,-0.04235107824206352,0.3831348419189453,0.5738644599914551,-0.05160406604409218,0.37188512086868286,0.5296906232833862,-0.05638980492949486,0.40160781145095825,0.7539566159248352,-0.03254605829715729,0.36232104897499084,0.6674782037734985,-0.04653245955705643,0.34023788571357727,0.6124482154846191,-0.05221104621887207,0.3193052411079407,0.5690944790840149,-0.05607025697827339,0.3826850354671478,0.7998226284980774,-0.036739882081747055,0.3413274586200714,0.7392858266830444,-0.04920554906129837,0.3606259524822235,0.750309944152832,-0.04350336641073227,0.37816134095191956,0.7688538432121277,-0.036651611328125,0.3704754412174225,0.8441056609153748,-0.0405648835003376,0.3459572196006775,0.7964364290237427,-0.04680078476667404,0.3614807724952698,0.8003464937210083,-0.03824371472001076,0.37457922101020813,0.8124192953109741,-0.030003873631358147,N
0.41984543204307556,0.6418524384498596,2.071836888717371e-07,0.4177660644054413,0.5649818181991577,-0.015501915477216244,0.391485333442688,0.4961228668689728,-0.023781107738614082,0.3710997998714447,0.4403349459171295,-0.03126584738492966,0.36031433939933777,0.3958018124103546,-0.03975026309490204,0.3288184702396393,0.5165345668792725,-0.023930318653583527,0.28045588731765747,0.4952404499053955,-0.03830898553133011,0.24950054287910461,0.48700621724128723,-0.048098575323820114,0.2231292873620987,0.482536643743515,-0.05524672940373421,0.3199291229248047,0.561211347579956,-0.026981839910149574,0.26591965556144714,0.5407331585884094,-0.04022637754678726,0.23201683163642883,0.5299798250198364,-0.04966694116592407,0.20433904230594635,0.5244497060775757,-0.05634305253624916,0.3224826753139496,0.6065611243247986,-0.03133496642112732,0.27238577604293823,0.596258282661438,-0.04389583319425583,0.2416764795780182,0.590123176574707,-0.051616061478853226,0.21646618843078613,0.5858803987503052,-0.05686603859066963,0.3336237967014313,0.6524037718772888,-0.03706870600581169,0.29682162404060364,0.659705400466919,-0.0496150478720665,0.27248409390449524,0.6631103754043579,-0.05498378723859787,0.25075411796569824,0.6643210053443909,-0.057948578149080276,N
0.46582818031311035,0.9000154733657837,5.095395749776799e-07,0.4623710513114929,0.8089537024497986,0.000607723428402096,0.43157559633255005,0.7384576797485352,-0.005895337555557489,0.40007245540618896,0.7290184497833252,-0.013615017756819725,0.37521201372146606,0.7483474612236023,-0.02256191149353981,0.4236031174659729,0.7204809784889221,-0.022880828008055687,0.3957233726978302,0.6311343312263489,-0.038736000657081604,0.3802880644798279,0.578217625617981,-0.048050615936517715,0.3689191937446594,0.5344462990760803,-0.052861567586660385,0.40039700269699097,0.7579771280288696,-0.029949063435196877,0.3595097064971924,0.6724876165390015,-0.043774235993623734,0.33616796135902405,0.617897629737854,-0.04963742941617966,0.3141862452030182,0.5741804242134094,-0.05339772626757622,0.3817514479160309,0.8049021363258362,-0.035219185054302216,0.3405781388282776,0.7451058626174927,-0.047497425228357315,0.3602738380432129,0.7571701407432556,-0.04193534329533577,0.3774890899658203,0.7761937975883484,-0.03499352186918259,0.36990252137184143,0.851283073425293,-0.04019179940223694,0.3457458019256592,0.8030303716659546,-0.04595927521586418,0.36046576499938965,0.8062722682952881,-0.03723553568124771,0.37272921204566956,0.8175954222679138,-0.028904663398861885,N
0.420390248298645,0.6413978338241577,1.9946696738770697e-07,0.41851258277893066,0.5670778751373291,-0.017239345237612724,0.39285969734191895,0.4975220859050751,-0.026120303198695183,0.37291038036346436,0.4401238262653351,-0.033896733075380325,0.36143386363983154,0.3957168757915497,-0.04265251383185387,0.32946738600730896,0.517994225025177,-0.025106504559516907,0.282090961933136,0.4962679445743561,-0.04004240408539772,0.2514411509037018,0.48840826749801636,-0.05033104494214058,0.2255915254354477,0.48491454124450684,-0.057846229523420334,0.32003799080848694,0.5633143782615662,-0.02756452187895775,0.26587650179862976,0.5430829524993896,-0.04160388186573982,0.23217976093292236,0.5330148339271545,-0.05183214321732521,0.2055082470178604,0.5286340117454529,-0.058953434228897095,0.32230809330940247,0.6090664863586426,-0.031443268060684204,0.27186113595962524,0.5977064371109009,-0.044837839901447296,0.2412121593952179,0.5921868085861206,-0.053198277950286865,0.216143399477005,0.5883193612098694,-0.05879174545407295,0.33361104130744934,0.6550050973892212,-0.03680479899048805,0.29725584387779236,0.6617183685302734,-0.05030953511595726,0.27304235100746155,0.6657122373580933,-0.056272707879543304,0.2511826753616333,0.6672016978263855,-0.05951399728655815,N
0.46596550941467285,0.9017683267593384,5.389894113250193e-07,0.462060809135437,0.8080402612686157,0.0007970797596499324,0.43137189745903015,0.7360319495201111,-0.005539927165955305,0.3990294635295868,0.724431037902832,-0.013052335940301418,0.37466922402381897,0.7420241832733154,-0.021710015833377838,0.4219713509082794,0.721168577671051,-0.023206187412142754,0.39746591448783875,0.6317469477653503,-0.039803411811590195,0.3835999369621277,0.5766732692718506,-0.049985371530056,0.37340033054351807,0.5310793519020081,-0.05560090020298958,0.398920476436615,0.757418155670166,-0.030068445950746536,0.3632998764514923,0.6710265278816223,-0.04466419294476509,0.3413923978805542,0.6138961911201477,-0.051315270364284515,0.32051801681518555,0.5686243176460266,-0.05583524703979492,0.3805338442325592,0.804046630859375,-0.035032253712415695,0.3403441905975342,0.7456396818161011,-0.047331515699625015,0.36035674810409546,0.7581995725631714,-0.04134577885270119,0.3782746195793152,0.776454746723175,-0.034295469522476196,0.36977535486221313,0.8501988649368286,-0.039736438542604446,0.34696897864341736,0.8079127669334412,-0.04564439877867699,0.3624095022678375,0.8120065927505493,-0.03715332970023155,0.3752591609954834,0.8221519589424133,-0.028985541313886642,N
0.4206662178039551,0.6419578790664673,2.0952136026153312e-07,0.4181094169616699,0.566817045211792,-0.016792748123407364,0.39191004633903503,0.49739977717399597,-0.025576477870345116,0.3720148503780365,0.44040095806121826,-0.0333540104329586,0.3613443374633789,0.39642876386642456,-0.0421966090798378,0.33112072944641113,0.516791820526123,-0.026000691577792168,0.2833043932914734,0.4935046136379242,-0.041277315467596054,0.25273486971855164,0.48362112045288086,-0.05156990885734558,0.22699576616287231,0.4777712821960449,-0.058999136090278625,0.3216668963432312,0.5617888569831848,-0.028765494003891945,0.26741471886634827,0.5406104326248169,-0.042924944311380386,0.2336268424987793,0.5299217104911804,-0.052861884236335754,0.2067892700433731,0.5245282053947449,-0.05973230302333832,0.32386162877082825,0.6070485711097717,-0.03290824219584465,0.27297601103782654,0.5962753295898438,-0.04645048826932907,0.24176503717899323,0.590872049331665,-0.05481918901205063,0.2165936380624771,0.5869505405426025,-0.06034024804830551,0.33489182591438293,0.6524352431297302,-0.03849748894572258,0.2976114749908447,0.6589194536209106,-0.05209922417998314,0.2729814350605011,0.6629597544670105,-0.058138348162174225,0.25112229585647583,0.6643613576889038,-0.061420053243637085,N
0.4680655896663666,0.896080732345581,5.307485935190925e-07,0.46304285526275635,0.8050089478492737,-0.00029598482069559395,0.43194103240966797,0.7328678965568542,-0.0075632729567587376,0.3995632827281952,0.7188958525657654,-0.015539513900876045,0.3742430508136749,0.7353554368019104,-0.02451191283762455,0.4253681004047394,0.7183087468147278,-0.02616576850414276,0.4002375602722168,0.6282355785369873,-0.04350420460104942,0.3863000273704529,0.573696494102478,-0.05412575602531433,0.37574899196624756,0.5284284949302673,-0.06000014767050743,0.40191131830215454,0.755988359451294,-0.03263532370328903,0.36268851161003113,0.6700978875160217,-0.047662753611803055,0.33993861079216003,0.6158211827278137,-0.05418337509036064,0.3185795545578003,0.5731253027915955,-0.058588989078998566,0.3828437924385071,0.8031045794487,-0.037153080105781555,0.3415091037750244,0.7420566082000732,-0.05018635094165802,0.3615085780620575,0.7540990114212036,-0.044404271990060806,0.37936991453170776,0.7724088430404663,-0.03741223365068436,0.3712199330329895,0.8489150404930115,-0.0414070263504982,0.34957629442214966,0.8026818633079529,-0.048188094049692154,0.3654446601867676,0.8065629601478577,-0.040089212357997894,0.37848150730133057,0.8171375393867493,-0.03210168704390526,N
0.4220464527606964,0.6373426914215088,2.1995515453454573e-07,0.4191513955593109,0.5622292757034302,-0.016876816749572754,0.3926873803138733,0.49508583545684814,-0.025937143713235855,0.3729225695133209,0.43845611810684204,-0.033963724970817566,0.36165574193000793,0.39391589164733887,-0.04300490766763687,0.3315635621547699,0.5156521201133728,-0.02636350691318512,0.2832837700843811,0.4926435351371765,-0.04162151739001274,0.2524775564670563,0.48273414373397827,-0.05174407735466957,0.2263742983341217,0.47663605213165283,-0.05904708057641983,0.3222942650318146,0.5611243844032288,-0.029019609093666077,0.26784831285476685,0.5402359962463379,-0.04311714321374893,0.23400519788265228,0.5285953879356384,-0.0528930127620697,0.2071644812822342,0.521753191947937,-0.059817757457494736,0.32468196749687195,0.6069588661193848,-0.03304668143391609,0.27467578649520874,0.5959296226501465,-0.046389270573854446,0.24346575140953064,0.5896279811859131,-0.054595813155174255,0.21821269392967224,0.5848003625869751,-0.06012410297989845,0.3357835114002228,0.6529075503349304,-0.038538288325071335,0.2983904480934143,0.6597399711608887,-0.05193181708455086,0.2737389802932739,0.6635435223579407,-0.057878050953149796,0.2516595125198364,0.6649863719940186,-0.061212677508592606,N
0.46879664063453674,0.8967037796974182,5.1425593028398e-07,0.4656786620616913,0.8050291538238525,-0.0012542476179078221,0.43615075945854187,0.7289320230484009,-0.00863608904182911,0.40359801054000854,0.7085062861442566,-0.016617150977253914,0.3778277635574341,0.7183664441108704,-0.02558608166873455,0.4273078143596649,0.7159293293952942,-0.0269204992800951,0.3993892967700958,0.6280913352966309,-0.04410666599869728,0.3845612406730652,0.5749098658561707,-0.05441686138510704,0.37340593338012695,0.5302817225456238,-0.05981238931417465,0.4044201672077179,0.7552087903022766,-0.03330064192414284,0.3638327419757843,0.6704868674278259,-0.0485127829015255,0.34022223949432373,0.6150285005569458,-0.05526101589202881,0.3182053565979004,0.5707753896713257,-0.059716228395700455,0.3856196403503418,0.803536057472229,-0.03773327171802521,0.3453541696071625,0.7429953813552856,-0.05089239776134491,0.36517849564552307,0.7542485594749451,-0.044664982706308365,0.38281679153442383,0.7727749943733215,-0.03726774826645851,0.3733479082584381,0.8499603867530823,-0.04199027642607689,0.3496149182319641,0.8010888695716858,-0.04819851368665695,0.3654782474040985,0.8052233457565308,-0.03877850994467735,0.3785870671272278,0.8183431625366211,-0.029826635494828224,N
0.4259245991706848,0.6379373073577881,2.2105162145180657e-07,0.42287880182266235,0.5627847909927368,-0.01680084876716137,0.3956196904182434,0.4951958954334259,-0.025592802092432976,0.3744439482688904,0.4404827952384949,-0.03332512453198433,0.3625054955482483,0.3971989154815674,-0.04193674027919769,0.33357757329940796,0.5156318545341492,-0.025491006672382355,0.2846938967704773,0.4920017719268799,-0.04048972949385643,0.25406500697135925,0.48172563314437866,-0.05046805739402771,0.22825713455677032,0.47520309686660767,-0.05772040784358978,0.3242555856704712,0.5606445670127869,-0.028143618255853653,0.269928514957428,0.5388602018356323,-0.04203779250383377,0.2364288717508316,0.527544379234314,-0.05183320865035057,0.20997081696987152,0.5209317803382874,-0.05875789374113083,0.3266342878341675,0.6064285635948181,-0.03223462775349617,0.27610015869140625,0.5943607687950134,-0.04562315717339516,0.24448168277740479,0.5874950885772705,-0.054288432002067566,0.21889950335025787,0.5821516513824463,-0.06019420921802521,0.33815282583236694,0.6527858376502991,-0.0377468578517437,0.301184743642807,0.6591123342514038,-0.051280878484249115,0.2767363488674164,0.6631529331207275,-0.05754214525222778,0.25502148270606995,0.6651387810707092,-0.06113818287849426,N
0.4685724377632141,0.8941437005996704,5.033601269133214e-07,0.46645814180374146,0.8030855655670166,-4.382780389278196e-05,0.4377245306968689,0.7298071980476379,-0.0073252045549452305,0.4066084325313568,0.7123603820800781,-0.015236223116517067,0.38100630044937134,0.7235473394393921,-0.02434554137289524,0.43072792887687683,0.7206487655639648,-0.02880963683128357,0.4035922884941101,0.6284151077270508,-0.0450626015663147,0.38778936862945557,0.5768082141876221,-0.05367594212293625,0.375437468290329,0.534595251083374,-0.05793217942118645,0.40792402625083923,0.7593433260917664,-0.03571987524628639,0.36705613136291504,0.6694222092628479,-0.05001503974199295,0.3431704640388489,0.6143356561660767,-0.05542710795998573,0.32031625509262085,0.5717865228652954,-0.058933839201927185,0.38913238048553467,0.806948184967041,-0.04030056670308113,0.34571146965026855,0.7429414391517639,-0.053030241280794144,0.3654981553554535,0.7547016143798828,-0.04668910801410675,0.383263498544693,0.7737975716590881,-0.03917381912469864,0.3768496811389923,0.8530246615409851,-0.044428661465644836,0.34941789507865906,0.8037922382354736,-0.05089521408081055,0.3638198971748352,0.8063039779663086,-0.04180000349879265,0.3767028748989105,0.8175349831581116,-0.03299061581492424,N
0.4255327582359314,0.6366396546363831,2.1341672606922657e-07,0.4220534563064575,0.5628068447113037,-0.01596660166978836,0.3955102562904358,0.4960065484046936,-0.02469024807214737,0.3753654658794403,0.44122666120529175,-0.03242567554116249,0.3636114299297333,0.3979758024215698,-0.04123511165380478,0.3351350724697113,0.5168482065200806,-0.025859415531158447,0.2871309518814087,0.494179368019104,-0.041129957884550095,0.25651198625564575,0.4847492575645447,-0.05124741047620773,0.2306913584470749,0.47931307554244995,-0.058470841497182846,0.3260868787765503,0.5610876083374023,-0.02901487611234188,0.27161192893981934,0.5392194390296936,-0.0431135892868042,0.2375025600194931,0.5285171270370483,-0.052976641803979874,0.21055002510547638,0.5232468843460083,-0.05988239869475365,0.3284960091114044,0.6063390374183655,-0.033430397510528564,0.27737322449684143,0.5947495698928833,-0.046778131276369095,0.24569794535636902,0.5888159275054932,-0.055104877799749374,0.22030451893806458,0.5846996307373047,-0.06070578470826149,0.339811235666275,0.6529104113578796,-0.03916914016008377,0.30195674300193787,0.6602250933647156,-0.052592094987630844,0.2770077884197235,0.6639979481697083,-0.058493033051490784,0.2549392580986023,0.6654728651046753,-0.06175743415951729,N
0.4688010513782501,0.8914396166801453,5.156261408956198e-07,0.46593794226646423,0.8004191517829895,-0.000853602250572294,0.4358479380607605,0.7265430688858032,-0.008227061480283737,0.4030855894088745,0.7106401324272156,-0.016123173758387566,0.3777424395084381,0.7233284711837769,-0.025122515857219696,0.42918238043785095,0.7149544954299927,-0.02715725265443325,0.40288811922073364,0.6267664432525635,-0.043415214866399765,0.3887748420238495,0.5745995044708252,-0.0526307187974453,0.37782642245292664,0.5309412479400635,-0.057530418038368225,0.4056606888771057,0.7529281377792358,-0.03356205299496651,0.3665933310985565,0.667235255241394,-0.04846453666687012,0.3435641825199127,0.6147791743278503,-0.05474238470196724,0.32169198989868164,0.5739160180091858,-0.058732058852910995,0.386660099029541,0.8005999326705933,-0.037806861102581024,0.346851110458374,0.7414155006408691,-0.05063828080892563,0.3670821785926819,0.7540257573127747,-0.044172707945108414,0.38447433710098267,0.7726206183433533,-0.03664226830005646,0.37496820092201233,0.8471930027008057,-0.0417674221098423,0.3515802025794983,0.8011720180511475,-0.04811982810497284,0.36735814809799194,0.8054076433181763,-0.03887346759438515,0.38011854887008667,0.8169587850570679,-0.03002728521823883,N
0.4250717759132385,0.6414245367050171,2.0588471727478463e-07,0.422760933637619,0.5650060176849365,-0.016489192843437195,0.3977169394493103,0.494768887758255,-0.025222554802894592,0.3775792717933655,0.43942999839782715,-0.03299769014120102,0.36561450362205505,0.3952166438102722,-0.0417037196457386,0.3355214297771454,0.5119798183441162,-0.023748040199279785,0.28919148445129395,0.4888395667076111,-0.03871120885014534,0.2600392699241638,0.47886595129966736,-0.04905553534626961,0.235163152217865,0.4724367558956146,-0.05650683492422104,0.3259962201118469,0.555976152420044,-0.026803335174918175,0.2724519371986389,0.5338228940963745,-0.040560342371463776,0.23906120657920837,0.5221759080886841,-0.050730135291814804,0.21217304468154907,0.5157074928283691,-0.05788272246718407,0.32811179757118225,0.6015022993087769,-0.03140413388609886,0.2781646251678467,0.5905964970588684,-0.045086923986673355,0.24663850665092468,0.5849266052246094,-0.05402911826968193,0.2208535373210907,0.5807050466537476,-0.059970878064632416,0.33921322226524353,0.6486150026321411,-0.037398334592580795,0.3017615079879761,0.6562026143074036,-0.051088932901620865,0.27759939432144165,0.6610381007194519,-0.05712646618485451,0.25608038902282715,0.6636437177658081,-0.06047529727220535,N
0.4702949523925781,0.8934723734855652,5.2240926606828e-07,0.4662202000617981,0.80077064037323,4.618916136678308e-05,0.43609029054641724,0.7292014956474304,-0.0071821254678070545,0.4031127393245697,0.7172687649726868,-0.015413775108754635,0.37711215019226074,0.7347802519798279,-0.02480137348175049,0.4282167851924896,0.7152830958366394,-0.024603376165032387,0.4014129936695099,0.627787709236145,-0.0407104417681694,0.3879507780075073,0.5758071541786194,-0.049883920699357986,0.3777444660663605,0.5320297479629517,-0.05465708300471306,0.4054936468601227,0.7520596981048584,-0.031485456973314285,0.36756813526153564,0.6666343212127686,-0.046136874705553055,0.34551942348480225,0.611853837966919,-0.05245635285973549,0.32453715801239014,0.5685783624649048,-0.05661238729953766,0.3862905502319336,0.798633337020874,-0.036472439765930176,0.34685203433036804,0.7409180402755737,-0.049549270421266556,0.36688509583473206,0.7531729936599731,-0.04442695528268814,0.38465455174446106,0.771142840385437,-0.03768263757228851,0.3732254207134247,0.8443618416786194,-0.04106159880757332,0.34864482283592224,0.7996658086776733,-0.04733562842011452,0.36402490735054016,0.8036921620368958,-0.03893036022782326,0.3771308660507202,0.8150962591171265,-0.030774511396884918,N
0.42666423320770264,0.6354847550392151,2.2020203971351293e-07,0.4226371645927429,0.5615200996398926,-0.01677493378520012,0.3959251940250397,0.49491772055625916,-0.0258119385689497,0.37536895275115967,0.43996095657348633,-0.033809907734394073,0.3618175983428955,0.3964118957519531,-0.042706556618213654,0.33440250158309937,0.515191912651062,-0.02518640272319317,0.28705841302871704,0.4912894368171692,-0.040537819266319275,0.2568759024143219,0.4809439182281494,-0.05091959610581398,0.2313195765018463,0.4747995138168335,-0.058320824056863785,0.3254010081291199,0.5602297782897949,-0.028076469898223877,0.27134642004966736,0.5373241901397705,-0.04197080433368683,0.237613245844841,0.5258392095565796,-0.05194336175918579,0.21099185943603516,0.5197228193283081,-0.05900448188185692,0.3281046450138092,0.606281042098999,-0.03246184065937996,0.27791258692741394,0.594575047492981,-0.04578491300344467,0.2462398260831833,0.5885708332061768,-0.05434190109372139,0.22069284319877625,0.5838221311569214,-0.06016922369599342,0.3398577570915222,0.6530028581619263,-0.038275111466646194,0.3024011552333832,0.6602287292480469,-0.05166727676987648,0.27764326333999634,0.6643179059028625,-0.057615675032138824,0.25555187463760376,0.6657400131225586,-0.06098416447639465,N
0.46697381138801575,0.8867598176002502,4.903430408376153e-07,0.46661391854286194,0.7955508232116699,-0.0006916324491612613,0.43852829933166504,0.7225874066352844,-0.008053306490182877,0.40701279044151306,0.7029297351837158,-0.01567821018397808,0.38150832056999207,0.7103544473648071,-0.02436905913054943,0.4311269223690033,0.7157407999038696,-0.029694335535168648,0.40300920605659485,0.6246811747550964,-0.04585908353328705,0.3881494402885437,0.5735571384429932,-0.05432284623384476,0.376605749130249,0.5311050415039062,-0.058427244424819946,0.4083123803138733,0.7542943358421326,-0.03582906350493431,0.36803150177001953,0.664639949798584,-0.05015438050031662,0.34455281496047974,0.6112128496170044,-0.05529792606830597,0.3219701647758484,0.570928156375885,-0.05852522701025009,0.3892088234424591,0.8003902435302734,-0.03963689133524895,0.3466109037399292,0.7358348369598389,-0.05271824821829796,0.3675900399684906,0.7472153902053833,-0.046297043561935425,0.38599222898483276,0.7665836811065674,-0.03865407779812813,0.3769231140613556,0.8444676399230957,-0.04296932741999626,0.35106080770492554,0.793806254863739,-0.05033596605062485,0.3671948313713074,0.7967552542686462,-0.04153324291110039,0.3807990849018097,0.8090626001358032,-0.0327315516769886,N
0.4259566068649292,0.6328416466712952,2.1752872214619856e-07,0.42289048433303833,0.5578439831733704,-0.016645463183522224,0.3977852463722229,0.48865818977355957,-0.025878718122839928,0.37815412878990173,0.43252724409103394,-0.03403110429644585,0.3647903501987457,0.39005881547927856,-0.042991042137145996,0.33656546473503113,0.5075933933258057,-0.025196300819516182,0.29074209928512573,0.4842679798603058,-0.040244489908218384,0.26160627603530884,0.47457313537597656,-0.05027680844068527,0.23688474297523499,0.46880844235420227,-0.05756119638681412,0.32685694098472595,0.5511722564697266,-0.028271686285734177,0.2736586630344391,0.5269507169723511,-0.04244950786232948,0.24064165353775024,0.5136014223098755,-0.05241589993238449,0.21439558267593384,0.505295991897583,-0.05938372761011124,0.32898032665252686,0.5964763164520264,-0.03282560408115387,0.2790110111236572,0.585647702217102,-0.046784382313489914,0.24819162487983704,0.5795709490776062,-0.055678971111774445,0.22303998470306396,0.5736591815948486,-0.0616409070789814,0.3404906392097473,0.6427618265151978,-0.03873194754123688,0.30414438247680664,0.650309681892395,-0.05268903449177742,0.2801981568336487,0.6548418402671814,-0.059058789163827896,0.2584053575992584,0.6556627750396729,-0.06274750828742981,N
0.469065397977829,0.8831669092178345,4.774184390043956e-07,0.46533718705177307,0.7937653660774231,0.001447946415282786,0.436614453792572,0.7199019193649292,-0.005966705270111561,0.4054820239543915,0.6975369453430176,-0.014151433482766151,0.37969914078712463,0.7030057907104492,-0.02353052794933319,0.43010392785072327,0.7078089118003845,-0.029220610857009888,0.40228453278541565,0.6195697784423828,-0.046615879982709885,0.38804706931114197,0.5678280591964722,-0.056771762669086456,0.37665215134620667,0.524155855178833,-0.06214199215173721,0.4097287058830261,0.7470146417617798,-0.03714004158973694,0.3685404360294342,0.658829927444458,-0.05192381888628006,0.34520018100738525,0.6052412986755371,-0.058062370866537094,0.3222925066947937,0.5640798211097717,-0.06255777925252914,0.39191538095474243,0.7956352829933167,-0.04252099245786667,0.3466959297657013,0.7316908836364746,-0.055035583674907684,0.3661990761756897,0.7425593137741089,-0.04767152667045593,0.3839843273162842,0.7613604068756104,-0.03997223451733589,0.37947624921798706,0.8433042168617249,-0.04739386588335037,0.34991443157196045,0.7929160594940186,-0.053741827607154846,0.36481916904449463,0.7958788275718689,-0.04377181455492973,0.37803176045417786,0.8082702159881592,-0.03456168249249458,N
0.4229567050933838,0.6319270730018616,2.0406076828294317e-07,0.4203054904937744,0.5578715205192566,-0.015966186299920082,0.39558327198028564,0.48771432042121887,-0.024734389036893845,0.375447154045105,0.4328343868255615,-0.03245414420962334,0.3630217909812927,0.39053842425346375,-0.04115554690361023,0.33667460083961487,0.506216824054718,-0.026065023615956306,0.29032468795776367,0.48288193345069885,-0.04142002388834953,0.26036015152931213,0.4735887050628662,-0.05150535702705383,0.23488366603851318,0.46862953901290894,-0.05873771756887436,0.32633429765701294,0.5502424240112305,-0.0293582733720541,0.27267563343048096,0.5252851843833923,-0.04394944757223129,0.23917607963085175,0.5122573375701904,-0.053921885788440704,0.21206343173980713,0.5050148963928223,-0.060766469687223434,0.3278082311153412,0.5957942008972168,-0.033875998109579086,0.2774931788444519,0.5831587314605713,-0.04801733046770096,0.24622993171215057,0.5768405795097351,-0.056589316576719284,0.22079192101955414,0.5722678899765015,-0.062197670340538025,0.3385674059391022,0.6428250074386597,-0.03963436931371689,0.30150148272514343,0.6499537825584412,-0.05360736697912216,0.2772071957588196,0.6543303728103638,-0.05957118421792984,0.2555882930755615,0.655982255935669,-0.062822125852108,N
0.4709601402282715,0.884871244430542,4.908450819129939e-07,0.4664885401725769,0.7943518757820129,0.0018396652303636074,0.4377376437187195,0.7218760848045349,-0.005063741933554411,0.40693143010139465,0.7030584216117859,-0.013058417476713657,0.38099348545074463,0.7129129767417908,-0.02229125238955021,0.4301344156265259,0.708016574382782,-0.026502700522542,0.40392839908599854,0.6186010837554932,-0.043377287685871124,0.38968074321746826,0.5657656192779541,-0.05328548327088356,0.3785812258720398,0.5214019417762756,-0.05853124335408211,0.40844491124153137,0.7456538677215576,-0.034349165856838226,0.36695048213005066,0.6576657891273499,-0.04846604913473129,0.34198808670043945,0.6047029495239258,-0.05452607944607735,0.3183896541595459,0.563737154006958,-0.05887914076447487,0.3904305696487427,0.7933067679405212,-0.03982885926961899,0.3461170792579651,0.7317584753036499,-0.052496328949928284,0.365876704454422,0.7454304099082947,-0.045961249619722366,0.3841495215892792,0.7651442885398865,-0.03849330544471741,0.37870723009109497,0.8403670787811279,-0.0447603240609169,0.3501739799976349,0.7919469475746155,-0.051471829414367676,0.36515167355537415,0.7960254549980164,-0.04212559014558792,0.3787805438041687,0.808142900466919,-0.03311075270175934,N
0.42273396253585815,0.6346933245658875,2.0004272016649338e-07,0.4210456311702728,0.5584957003593445,-0.016233066096901894,0.3960733711719513,0.487183153629303,-0.024294083938002586,0.3751111924648285,0.43299874663352966,-0.031237542629241943,0.3620533347129822,0.3913637399673462,-0.03906802088022232,0.3368273079395294,0.5067098736763,-0.02509048767387867,0.29045727849006653,0.48330026865005493,-0.039833638817071915,0.26054060459136963,0.4734892249107361,-0.049479659646749496,0.23503628373146057,0.4677901566028595,-0.05650334432721138,0.3262666165828705,0.5510367751121521,-0.028009405359625816,0.2724507749080658,0.5264803171157837,-0.042438287287950516,0.23854660987854004,0.5127614140510559,-0.052696388214826584,0.21075157821178436,0.5048640370368958,-0.059785448014736176,0.3277854323387146,0.5964334011077881,-0.032170556485652924,0.2780076265335083,0.5843530893325806,-0.04634803533554077,0.24681012332439423,0.5785527229309082,-0.05534106865525246,0.2209560126066208,0.5742961168289185,-0.061246879398822784,0.33840543031692505,0.6428257822990417,-0.0375903956592083,0.30199292302131653,0.6504967212677002,-0.05187930166721344,0.2778396010398865,0.6549572348594666,-0.058340538293123245,0.2557780146598816,0.6567603945732117,-0.06194484978914261,N
0.47090646624565125,0.8838239908218384,4.96219342949189e-07,0.4664568603038788,0.7914790511131287,0.001301570562645793,0.43682900071144104,0.7199469208717346,-0.005450443830341101,0.40494653582572937,0.7017335295677185,-0.013184997253119946,0.3789355456829071,0.7106187343597412,-0.02209915779531002,0.43007802963256836,0.7089185118675232,-0.026264559477567673,0.40248316526412964,0.6208627223968506,-0.042924970388412476,0.3878420889377594,0.5678287744522095,-0.0524529293179512,0.3762151896953583,0.5236581563949585,-0.0572408065199852,0.40799248218536377,0.7465341687202454,-0.0336589552462101,0.3662007749080658,0.6590479612350464,-0.04813345521688461,0.34115663170814514,0.605650007724762,-0.0543719120323658,0.3176063895225525,0.5652796626091003,-0.058517903089523315,0.3890812397003174,0.7935476303100586,-0.038782693445682526,0.3469909727573395,0.7323244214057922,-0.05147461220622063,0.3669874370098114,0.7453186511993408,-0.045306168496608734,0.38492125272750854,0.7649390697479248,-0.037814222276210785,0.3759004473686218,0.8398666977882385,-0.04337150603532791,0.34798672795295715,0.7890682220458984,-0.049379315227270126,0.3631283640861511,0.793894350528717,-0.03988785669207573,0.3765067160129547,0.8073718547821045,-0.030744319781661034,N
0.4238263666629791,0.6280535459518433,1.9952754826135788e-07,0.4207383394241333,0.5547007322311401,-0.01617785170674324,0.3960002660751343,0.48684078454971313,-0.025284186005592346,0.3754434585571289,0.4330124855041504,-0.03324935585260391,0.3621995449066162,0.39198538661003113,-0.042260345071554184,0.33787816762924194,0.5063150525093079,-0.027901971712708473,0.29038336873054504,0.4854004681110382,-0.04379788413643837,0.25999659299850464,0.47612249851226807,-0.05399680882692337,0.23414501547813416,0.4702869951725006,-0.0612642839550972,0.3286161422729492,0.5497053265571594,-0.03114495426416397,0.2745712101459503,0.5275165438652039,-0.046469755470752716,0.2406056970357895,0.5147198438644409,-0.05677792429924011,0.21324323117733002,0.5068804621696472,-0.06388140469789505,0.33083629608154297,0.5938718914985657,-0.03550214320421219,0.2801911234855652,0.5841261148452759,-0.04999803379178047,0.24835044145584106,0.5789212584495544,-0.05871495231986046,0.22242452204227448,0.5742524862289429,-0.06447029858827591,0.3419189453125,0.6391220092773438,-0.04109829291701317,0.30457764863967896,0.6484847068786621,-0.05541480705142021,0.2796206474304199,0.6531242728233337,-0.06178499385714531,0.2571604251861572,0.6540723443031311,-0.06537234783172607,N
0.46745768189430237,0.8815977573394775,4.983985490980558e-07,0.4651285409927368,0.7931784391403198,0.0002987488405779004,0.43792685866355896,0.7175853252410889,-0.006997722666710615,0.4087502658367157,0.6954740285873413,-0.0151853421702981,0.3846917450428009,0.6996402144432068,-0.024759167805314064,0.4334997832775116,0.7070612907409668,-0.02799459919333458,0.40838178992271423,0.6153143644332886,-0.04458482190966606,0.3932355046272278,0.5627774596214294,-0.05344925448298454,0.3815224766731262,0.5188447833061218,-0.05795762687921524,0.4116477966308594,0.7440247535705566,-0.035561710596084595,0.37396660447120667,0.6541426181793213,-0.05054623261094093,0.35247573256492615,0.5991575121879578,-0.05625136196613312,0.33169275522232056,0.5544920563697815,-0.05996818095445633,0.3925422728061676,0.7902296781539917,-0.04093308001756668,0.35032960772514343,0.7259579300880432,-0.0547468401491642,0.36877885460853577,0.7424229383468628,-0.04841194674372673,0.38567107915878296,0.7636539340019226,-0.04069242998957634,0.37863609194755554,0.8363379240036011,-0.045825276523828506,0.349896639585495,0.7872207164764404,-0.053284790366888046,0.36376795172691345,0.7941662669181824,-0.04429970681667328,0.3766968846321106,0.8085194826126099,-0.035452622920274734,N
0.4222736954689026,0.6297593116760254,1.9207125490083854e-07,0.4194759428501129,0.5532310605049133,-0.015225041657686234,0.3950859606266022,0.4870406985282898,-0.024080775678157806,0.37525510787963867,0.43335697054862976,-0.03206712007522583,0.3627440929412842,0.39157411456108093,-0.04126840829849243,0.3393643796443939,0.5057074427604675,-0.026547154411673546,0.2929651439189911,0.4851756989955902,-0.04214003309607506,0.2636820673942566,0.47606220841407776,-0.05227486416697502,0.23849180340766907,0.4699617624282837,-0.05961274728178978,0.3307655155658722,0.547515869140625,-0.030138323083519936,0.2768595218658447,0.5272632241249084,-0.044869907200336456,0.24343857169151306,0.5147915482521057,-0.05515811964869499,0.21556736528873444,0.507034182548523,-0.062438517808914185,0.33334681391716003,0.5915920734405518,-0.03482959046959877,0.2830968499183655,0.5844115018844604,-0.04936116933822632,0.2509381175041199,0.5792813301086426,-0.058616943657398224,0.2239484339952469,0.5746065974235535,-0.06486070156097412,0.3441707491874695,0.6368529796600342,-0.040637943893671036,0.30811169743537903,0.6469221711158752,-0.05527813732624054,0.28335681557655334,0.6510566473007202,-0.06211245805025101,0.26097261905670166,0.6519509553909302,-0.06617074459791183,N
0.46791568398475647,0.8805752396583557,4.942153850606701e-07,0.4661182165145874,0.7869381308555603,0.005444942507892847,0.4410792291164398,0.7157061696052551,0.001050325925461948,0.41211801767349243,0.6999819874763489,-0.005941084120422602,0.38632017374038696,0.7097700238227844,-0.014711879193782806,0.43945738673210144,0.6912186741828918,-0.01638755388557911,0.4259423613548279,0.5982834100723267,-0.02877056412398815,0.4162576496601105,0.5441401600837708,-0.034856121987104416,0.4073668420314789,0.5012149214744568,-0.037360381335020065,0.4177440404891968,0.7172386050224304,-0.02609967440366745,0.3848358988761902,0.6236112117767334,-0.03603186830878258,0.36575308442115784,0.5685718059539795,-0.038596563041210175,0.34775421023368835,0.5265284776687622,-0.04007192701101303,0.39821115136146545,0.758510172367096,-0.03390270844101906,0.3580544590950012,0.699234664440155,-0.044425372034311295,0.37138110399246216,0.720249354839325,-0.03903840854763985,0.3857518434524536,0.7439831495285034,-0.03207739070057869,0.38147658109664917,0.8072561621665955,-0.040816474705934525,0.3538185954093933,0.76104736328125,-0.04607990384101868,0.36492806673049927,0.7718719244003296,-0.0373210534453392,0.37718847393989563,0.7881547212600708,-0.028693895787000656,N
0.42445677518844604,0.6137681603431702,2.6636433858584496e-07,0.41895127296447754,0.545063853263855,-0.019461164250969887,0.3945695161819458,0.48558902740478516,-0.031052222475409508,0.373014360666275,0.4340115189552307,-0.0412287637591362,0.3568456768989563,0.3931681513786316,-0.05241279676556587,0.33489513397216797,0.5100677609443665,-0.03000747039914131,0.2886485159397125,0.48647141456604004,-0.04807567596435547,0.25924408435821533,0.47581958770751953,-0.0602274164557457,0.2336818277835846,0.469355970621109,-0.06857126951217651,0.3267338275909424,0.553891658782959,-0.032325562089681625,0.2731674015522003,0.5332936644554138,-0.04815124347805977,0.24022886157035828,0.5234692692756653,-0.058903925120830536,0.21311290562152863,0.5176518559455872,-0.06632407754659653,0.33078697323799133,0.5989575982093811,-0.03621895611286163,0.28131020069122314,0.5905819535255432,-0.051147039979696274,0.2493620365858078,0.5859077572822571,-0.05968419462442398,0.2227771133184433,0.5813572406768799,-0.06526238471269608,0.3441001772880554,0.6452979445457458,-0.04168511554598808,0.30780893564224243,0.6542801856994629,-0.056289225816726685,0.2832072377204895,0.6585561633110046,-0.0620754212141037,0.261006236076355,0.6601283550262451,-0.06509105116128922,N
0.46415945887565613,0.877544641494751,4.904454158349836e-07,0.45641589164733887,0.7817713618278503,0.006290971301496029,0.4285910725593567,0.7147396206855774,0.001979862805455923,0.3995765745639801,0.7021923065185547,-0.004813324194401503,0.3734268248081207,0.7164351940155029,-0.013293772004544735,0.4271342158317566,0.6907984018325806,-0.018016334623098373,0.4106377959251404,0.5931844711303711,-0.0323905423283577,0.3963104784488678,0.5361195802688599,-0.040779538452625275,0.38361427187919617,0.49107685685157776,-0.045025914907455444,0.4072555899620056,0.718925416469574,-0.027543367817997932,0.3711063861846924,0.6299237608909607,-0.038385774940252304,0.3501867949962616,0.5744872093200684,-0.04272877052426338,0.33086085319519043,0.5301395058631897,-0.04607873782515526,0.38878053426742554,0.7604131102561951,-0.03498509153723717,0.34830349683761597,0.7037988901138306,-0.04533417895436287,0.3623753786087036,0.7220565676689148,-0.04162546247243881,0.3777405917644501,0.7437629699707031,-0.03625921532511711,0.37390053272247314,0.8069337606430054,-0.04148968309164047,0.3485886752605438,0.7687005400657654,-0.046778831630945206,0.3600296974182129,0.7771747708320618,-0.039946772158145905,0.37225502729415894,0.7895803451538086,-0.0328509546816349,N
0.4065640866756439,0.6202656626701355,2.5117770974247833e-07,0.40198856592178345,0.5499171018600464,-0.018479909747838974,0.37492862343788147,0.49080178141593933,-0.02862229198217392,0.3509625792503357,0.4397734999656677,-0.037317290902137756,0.3374969959259033,0.39957040548324585,-0.04710400849580765,0.3172541558742523,0.520169734954834,-0.02840377204120159,0.27140355110168457,0.5034875273704529,-0.04461638629436493,0.24312260746955872,0.4983246326446533,-0.055422715842723846,0.2186136543750763,0.4965110719203949,-0.06316955387592316,0.3102736175060272,0.5649123191833496,-0.030590295791625977,0.2565224766731262,0.5510234236717224,-0.04534158110618591,0.2231677770614624,0.5448901653289795,-0.05591455101966858,0.19525980949401855,0.5412790775299072,-0.06342014670372009,0.31504201889038086,0.6096178293228149,-0.034200266003608704,0.2657630145549774,0.6051236987113953,-0.048717085272073746,0.23432928323745728,0.6026378870010376,-0.05809749662876129,0.2080736756324768,0.5997254848480225,-0.06433995068073273,0.32865792512893677,0.6547086238861084,-0.03922322764992714,0.2937049865722656,0.6668288707733154,-0.053586170077323914,0.27008071541786194,0.6730007529258728,-0.060099147260189056,0.24849820137023926,0.6758355498313904,-0.0638928934931755,N
0.4601576030254364,0.8815023899078369,5.034440846429789e-07,0.45231837034225464,0.7829257249832153,0.00859571062028408,0.4213576018810272,0.7135143280029297,0.0047302995808422565,0.3907312750816345,0.7048724889755249,-0.0018202327191829681,0.3633623719215393,0.7182857394218445,-0.010048257187008858,0.42113834619522095,0.687610924243927,-0.017709381878376007,0.4041688144207001,0.5990024209022522,-0.03338713198900223,0.39073243737220764,0.5433923006057739,-0.04347338527441025,0.3786158561706543,0.49816858768463135,-0.04907529801130295,0.4017105996608734,0.7173364758491516,-0.02904577925801277,0.36799949407577515,0.62286776304245,-0.04015757888555527,0.3490169644355774,0.5618419051170349,-0.04497971758246422,0.3304844796657562,0.5113462805747986,-0.04936812072992325,0.3823927640914917,0.7616402506828308,-0.0380278043448925,0.33864694833755493,0.698380708694458,-0.04769714176654816,0.3539537787437439,0.716623842716217,-0.04090452194213867,0.37011590600013733,0.7386406064033508,-0.03404141962528229,0.3665299713611603,0.8119502663612366,-0.046105436980724335,0.33727723360061646,0.762664258480072,-0.04966678097844124,0.34947988390922546,0.7705544233322144,-0.039546992629766464,0.36223822832107544,0.7847447395324707,-0.0307488813996315,N
0.40650227665901184,0.6153445839881897,2.420490545773646e-07,0.40099573135375977,0.5469426512718201,-0.0183551162481308,0.3750763535499573,0.48710381984710693,-0.028602076694369316,0.3511791527271271,0.4370533227920532,-0.0373958945274353,0.334717333316803,0.39995765686035156,-0.047164734452962875,0.3159601390361786,0.5158724188804626,-0.02802671678364277,0.2702806293964386,0.4982872009277344,-0.044091999530792236,0.24164269864559174,0.4932191073894501,-0.054815176874399185,0.21710053086280823,0.4910939037799835,-0.06243874505162239,0.30889439582824707,0.5603711605072021,-0.03016640618443489,0.2560591995716095,0.545188307762146,-0.04473405331373215,0.22287151217460632,0.5388684868812561,-0.05534512549638748,0.1953418105840683,0.5350945591926575,-0.06294698268175125,0.3137875199317932,0.6046184301376343,-0.03371981158852577,0.26516470313072205,0.598694920539856,-0.04796087369322777,0.23389321565628052,0.5960801839828491,-0.05741559714078903,0.20782874524593353,0.5931841731071472,-0.06384272873401642,0.32757997512817383,0.6486697196960449,-0.03866838291287422,0.2929059565067291,0.6596902012825012,-0.05301763862371445,0.26924028992652893,0.6656212210655212,-0.05972793325781822,0.2476978898048401,0.6688551902770996,-0.06364580988883972,N
0.4622926712036133,0.8844246864318848,4.61842404320123e-07,0.4535241425037384,0.7841870784759521,0.00908737163990736,0.4230804443359375,0.7154207229614258,0.005559268873184919,0.3928145170211792,0.7047752737998962,-0.0008727796957828104,0.36599159240722656,0.7178199291229248,-0.00904037058353424,0.4221661686897278,0.691965639591217,-0.01612952910363674,0.40495672821998596,0.6006044745445251,-0.03044646419584751,0.3917790651321411,0.5459092855453491,-0.039124540984630585,0.3798035979270935,0.5025582313537598,-0.043727293610572815,0.4033243954181671,0.7219275236129761,-0.02763126604259014,0.3679829239845276,0.6286952495574951,-0.03795827552676201,0.34845176339149475,0.572314977645874,-0.042179785668849945,0.3296538293361664,0.5278577208518982,-0.045932069420814514,0.3850952982902527,0.7656198740005493,-0.03682833909988403,0.3427209258079529,0.7007893323898315,-0.04698053002357483,0.3576217293739319,0.7179571986198425,-0.04182955250144005,0.37339115142822266,0.7399893999099731,-0.035821154713630676,0.36984843015670776,0.8148638606071472,-0.044840455055236816,0.3399408161640167,0.7651717066764832,-0.04936600849032402,0.35191845893859863,0.773159921169281,-0.04045695811510086,0.36460283398628235,0.7880780696868896,-0.0323137566447258,N
0.40714648365974426,0.618659496307373,2.3090497336397675e-07,0.40269410610198975,0.5490100383758545,-0.019006626680493355,0.3773075342178345,0.48944199085235596,-0.030031941831111908,0.3538825213909149,0.439635694026947,-0.039586666971445084,0.33806341886520386,0.39958447217941284,-0.05017700418829918,0.31725868582725525,0.5161126852035522,-0.029665935784578323,0.27133727073669434,0.4990679919719696,-0.046872030943632126,0.2426115870475769,0.4936431646347046,-0.058298610150814056,0.2176133096218109,0.4907870590686798,-0.06641983985900879,0.30994945764541626,0.5604867339134216,-0.03186208754777908,0.2569408416748047,0.5460436344146729,-0.04763609543442726,0.2242456078529358,0.5390918850898743,-0.058711227029561996,0.19657477736473083,0.5347398519515991,-0.06655000895261765,0.31472453474998474,0.6048976182937622,-0.03551159426569939,0.2660980820655823,0.6014083623886108,-0.05081993713974953,0.23497506976127625,0.5986314415931702,-0.06027555838227272,0.20847320556640625,0.5955256819725037,-0.06655165553092957,0.32839763164520264,0.6491124033927917,-0.04062383621931076,0.2929883301258087,0.6608915328979492,-0.055733706802129745,0.26889172196388245,0.6666271090507507,-0.06265988945960999,0.24659159779548645,0.6695985794067383,-0.06665859371423721,N
0.4596936106681824,0.8792722225189209,4.7117671897467517e-07,0.4510771334171295,0.7811185717582703,0.008226149715483189,0.4220965802669525,0.7132323980331421,0.003993253689259291,0.39193978905677795,0.6994913220405579,-0.002714777598157525,0.365174263715744,0.7087671756744385,-0.010913165286183357,0.42106327414512634,0.6935301423072815,-0.020131491124629974,0.40416058897972107,0.6048694849014282,-0.036194104701280594,0.3905537724494934,0.5516383051872253,-0.046177152544260025,0.3782148063182831,0.5082679390907288,-0.05170641094446182,0.4036465883255005,0.7246607542037964,-0.03120441921055317,0.3679386079311371,0.6350449919700623,-0.04365856200456619,0.34648266434669495,0.5772899389266968,-0.049353063106536865,0.3256473243236542,0.530971348285675,-0.05432360991835594,0.3859237730503082,0.7685576677322388,-0.03973659127950668,0.34035658836364746,0.7040428519248962,-0.05103594437241554,0.3543674051761627,0.720728874206543,-0.045412834733724594,0.3701734244823456,0.7417588829994202,-0.03907329589128494,0.37132734060287476,0.8165478706359863,-0.04714532196521759,0.3397787809371948,0.7694566249847412,-0.052586231380701065,0.3510734438896179,0.7754684090614319,-0.04394017532467842,0.3637847602367401,0.787921667098999,-0.0358453132212162,N
0.4071529805660248,0.6248198747634888,2.2371806096543878e-07,0.40299224853515625,0.5541619658470154,-0.018546435981988907,0.3770524263381958,0.49368175864219666,-0.028437133878469467,0.35266733169555664,0.4436420798301697,-0.03691597655415535,0.3362862467765808,0.40516746044158936,-0.04631681740283966,0.316738486289978,0.5228389501571655,-0.026957621797919273,0.27135783433914185,0.5065611004829407,-0.04291260987520218,0.24301058053970337,0.500678300857544,-0.05374733731150627,0.21882498264312744,0.4972151517868042,-0.06155014410614967,0.30910199880599976,0.5675845742225647,-0.029040956869721413,0.25569429993629456,0.5531207919120789,-0.043810777366161346,0.2228974848985672,0.5455265045166016,-0.05473494902253151,0.1955815851688385,0.5405317544937134,-0.0625080019235611,0.31353864073753357,0.6118767261505127,-0.03262512385845184,0.26481419801712036,0.6076436042785645,-0.047153290361166,0.23417720198631287,0.6051231622695923,-0.05664459243416786,0.20837309956550598,0.6020854711532593,-0.06303761154413223,0.32697781920433044,0.6562192440032959,-0.037666283547878265,0.29253503680229187,0.667880654335022,-0.052245378494262695,0.2690421938896179,0.6735298037528992,-0.05914902687072754,0.2473371922969818,0.6761379241943359,-0.06318951398134232,N
0.4545915722846985,0.8867485523223877,4.984877932656673e-07,0.44883084297180176,0.7965918183326721,0.0026178457774221897,0.4180986285209656,0.7272741794586182,-0.003121479181572795,0.38549068570137024,0.7158492207527161,-0.01026170328259468,0.35755854845046997,0.7303847074508667,-0.018786847591400146,0.41970083117485046,0.7054985165596008,-0.021358704194426537,0.4013250470161438,0.6157225966453552,-0.03730856254696846,0.3874714970588684,0.5616909861564636,-0.046918611973524094,0.3755308985710144,0.5187146663665771,-0.052075792104005814,0.3957081735134125,0.7358393669128418,-0.029550425708293915,0.3595882058143616,0.6470655798912048,-0.041576556861400604,0.33773377537727356,0.5927943587303162,-0.04601472616195679,0.3167482018470764,0.5477777719497681,-0.049373213201761246,0.37472042441368103,0.7800496816635132,-0.035999175161123276,0.33492106199264526,0.7219045162200928,-0.0479944683611393,0.35299041867256165,0.7386923432350159,-0.04291059821844101,0.36973828077316284,0.7586331963539124,-0.03642353415489197,0.35968440771102905,0.8280587196350098,-0.04182964190840721,0.3393595218658447,0.78474360704422,-0.04837972670793533,0.35403531789779663,0.7908945083618164,-0.04069717600941658,0.3667387068271637,0.8019249439239502,-0.03304499015212059,N
0.4010380804538727,0.6427541971206665,2.176333708803213e-07,0.39751946926116943,0.5679930448532104,-0.017459172755479813,0.3687247335910797,0.5038449764251709,-0.025990763679146767,0.3418773412704468,0.4520413875579834,-0.033113326877355576,0.32678690552711487,0.4120997190475464,-0.04122646898031235,0.31133633852005005,0.5353062748908997,-0.027261219918727875,0.26429978013038635,0.5180643200874329,-0.04246339201927185,0.23441660404205322,0.5125471353530884,-0.05243690684437752,0.20896972715854645,0.5106092691421509,-0.059674881398677826,0.3031961917877197,0.5813554525375366,-0.029302256181836128,0.2486504167318344,0.5672115087509155,-0.043608635663986206,0.21431906521320343,0.5597128868103027,-0.053591981530189514,0.1854601502418518,0.5557940006256104,-0.06058871001005173,0.3064030706882477,0.6259763240814209,-0.03260039910674095,0.25500401854515076,0.6226792335510254,-0.04638895392417908,0.22450615465641022,0.6204074025154114,-0.05471672862768173,0.19936540722846985,0.6183199286460876,-0.06023583933711052,0.31804966926574707,0.6700685620307922,-0.037282880395650864,0.2825709581375122,0.6821737289428711,-0.050807155668735504,0.2593074440956116,0.6886506080627441,-0.05681273341178894,0.23875564336776733,0.6920911073684692,-0.06014075130224228,N
0.4565938711166382,0.9011788964271545,4.893765890301438e-07,0.44916588068008423,0.8062605857849121,0.002913702977821231,0.41474542021751404,0.7336714863777161,-0.001947776647284627,0.3789026439189911,0.7238984107971191,-0.0082665691152215,0.3505169153213501,0.7415789365768433,-0.01557531300932169,0.4137245714664459,0.7164449095726013,-0.018408965319395065,0.3868226110935211,0.6302686929702759,-0.0325440987944603,0.3721095621585846,0.5781998038291931,-0.040658142417669296,0.3610433042049408,0.5356946587562561,-0.04492547735571861,0.39106154441833496,0.7520153522491455,-0.02594948373734951,0.35317179560661316,0.6664777398109436,-0.03787729889154434,0.3322538435459137,0.6123318672180176,-0.04308030381798744,0.3123738169670105,0.567326009273529,-0.046839818358421326,0.370743066072464,0.7979300618171692,-0.03169179707765579,0.32983848452568054,0.7387506365776062,-0.042655494064092636,0.3497745394706726,0.7507650852203369,-0.0375964380800724,0.3675832152366638,0.7681265473365784,-0.03129608556628227,0.35579270124435425,0.844871461391449,-0.03686302900314331,0.3330029249191284,0.799123227596283,-0.04216592013835907,0.3484860062599182,0.8017903566360474,-0.034423861652612686,0.36145204305648804,0.8116685152053833,-0.026901990175247192,N
0.4047890901565552,0.6588754057884216,1.9812587481737864e-07,0.40051567554473877,0.5796926617622375,-0.017678963020443916,0.37130844593048096,0.5100734829902649,-0.025834662839770317,0.34487101435661316,0.45616966485977173,-0.03277290239930153,0.3280199468135834,0.4161377251148224,-0.040402233600616455,0.3116495609283447,0.539998471736908,-0.02399943396449089,0.2634986639022827,0.523887574672699,-0.03850104659795761,0.2334410846233368,0.5183272361755371,-0.0484573058784008,0.20793665945529938,0.5158013105392456,-0.05582510307431221,0.30337315797805786,0.585832953453064,-0.026146631687879562,0.24811333417892456,0.5702673196792603,-0.040015172213315964,0.2138160765171051,0.5616402626037598,-0.050581708550453186,0.1859893500804901,0.5575981140136719,-0.05797901749610901,0.30676916241645813,0.6304740905761719,-0.02985132858157158,0.25616756081581116,0.6264176368713379,-0.04367905110120773,0.22565260529518127,0.6246902346611023,-0.05251355841755867,0.20057711005210876,0.6234223246574402,-0.058310117572546005,0.3188580870628357,0.6746850609779358,-0.035065144300460815,0.28316304087638855,0.6861909627914429,-0.04900258034467697,0.2591685652732849,0.6927302479743958,-0.05541679635643959,0.23753279447555542,0.6961606740951538,-0.058995570987463,N
0.4583195447921753,0.8999621868133545,5.294487550600024e-07,0.4513835608959198,0.8065208792686462,0.0029704959597438574,0.41814422607421875,0.7358260154724121,-0.002695688046514988,0.383597195148468,0.7301598191261292,-0.009772954508662224,0.35570013523101807,0.7497682571411133,-0.018085818737745285,0.41790518164634705,0.7166150808334351,-0.02140352688729763,0.3946289122104645,0.6249911189079285,-0.03691177815198898,0.38086405396461487,0.5693714022636414,-0.045742690563201904,0.3699643015861511,0.5249460935592651,-0.05031711980700493,0.39417558908462524,0.7504279017448425,-0.029414065182209015,0.35702893137931824,0.6578675508499146,-0.04118278622627258,0.33612704277038574,0.6012661457061768,-0.045454494655132294,0.31595709919929504,0.5549334287643433,-0.04877033457159996,0.3739362061023712,0.7967711091041565,-0.035524189472198486,0.3326493203639984,0.7360415458679199,-0.04598310589790344,0.35179537534713745,0.748569130897522,-0.03961925953626633,0.3690032362937927,0.7662093639373779,-0.03270600736141205,0.3595508933067322,0.845792293548584,-0.041121356189250946,0.33628857135772705,0.7984668612480164,-0.045502323657274246,0.35084250569343567,0.8005045652389526,-0.03648357093334198,0.3633612096309662,0.8096997737884521,-0.02835436351597309,N
0.4097958207130432,0.6440038681030273,2.0657910226873355e-07,0.4056364893913269,0.5693944692611694,-0.01760225184261799,0.376190185546875,0.5030627846717834,-0.026151353493332863,0.35040056705474854,0.451145738363266,-0.03339673951268196,0.33398526906967163,0.4112568199634552,-0.04147259145975113,0.3180370032787323,0.5297012329101562,-0.02502889186143875,0.27129364013671875,0.5127272009849548,-0.04022028669714928,0.24228259921073914,0.5065619349479675,-0.050507668405771255,0.2172860950231552,0.5036137700080872,-0.057977188378572464,0.3088791072368622,0.5751811861991882,-0.027460580691695213,0.25361868739128113,0.5587871670722961,-0.04146617278456688,0.21988873183727264,0.5501312613487244,-0.051817286759614944,0.19166059792041779,0.5455338954925537,-0.05911293998360634,0.3117222487926483,0.6207975149154663,-0.031431011855602264,0.2614172101020813,0.6147401332855225,-0.04556076228618622,0.23038145899772644,0.6114791035652161,-0.05462084338068962,0.2044713795185089,0.6091921329498291,-0.06060594692826271,0.3236693739891052,0.6669127345085144,-0.03681062534451485,0.2875855565071106,0.6763910055160522,-0.050846487283706665,0.2639433443546295,0.6816032528877258,-0.057054709643125534,0.24266177415847778,0.684302806854248,-0.06057068333029747,N
0.4595145583152771,0.8866020441055298,5.111708674121473e-07,0.4528734087944031,0.7963947653770447,0.002482570009306073,0.42149707674980164,0.7265505790710449,-0.004009698983281851,0.3884199857711792,0.712152361869812,-0.011652560904622078,0.3605633080005646,0.7246398329734802,-0.02044876106083393,0.4221794605255127,0.7081741690635681,-0.02490992471575737,0.40029871463775635,0.6164090037345886,-0.0415908508002758,0.3857599198818207,0.5627716779708862,-0.05141555517911911,0.37356576323509216,0.5191586017608643,-0.056748680770397186,0.4004554748535156,0.741918683052063,-0.03296368941664696,0.3631100058555603,0.6507955193519592,-0.0461299754679203,0.34055036306381226,0.5958878397941589,-0.051376570016145706,0.3191480338573456,0.5514926910400391,-0.05552831292152405,0.38052088022232056,0.7877868413925171,-0.03881635516881943,0.33843138813972473,0.7266408801078796,-0.05040875822305679,0.3570028245449066,0.7421706914901733,-0.043371979147195816,0.3740795850753784,0.7619806528091431,-0.03591213747859001,0.365864098072052,0.8351925611495972,-0.04411657527089119,0.34108129143714905,0.7883381843566895,-0.04974616691470146,0.3559601306915283,0.793595552444458,-0.04024137184023857,0.36883601546287537,0.8054488301277161,-0.031441956758499146,N
0.41140609979629517,0.63651442527771,1.9227003633659479e-07,0.40748319029808044,0.5626741051673889,-0.018786782398819923,0.3813439607620239,0.4963076412677765,-0.028139442205429077,0.35660770535469055,0.4447793960571289,-0.03598097711801529,0.33778733015060425,0.409261554479599,-0.04451814666390419,0.3220524191856384,0.5207592844963074,-0.027034247294068336,0.27535581588745117,0.501234233379364,-0.04281231760978699,0.246299147605896,0.49457746744155884,-0.05332118272781372,0.22152751684188843,0.49122071266174316,-0.06075688451528549,0.31280985474586487,0.5644503831863403,-0.028818810358643532,0.259659081697464,0.5470592975616455,-0.0432453528046608,0.22640424966812134,0.5385645627975464,-0.053954776376485825,0.1989935040473938,0.5340681672096252,-0.061604347079992294,0.31565797328948975,0.6087546348571777,-0.03216846287250519,0.2671719491481781,0.6019975543022156,-0.04640300199389458,0.23646605014801025,0.5998514294624329,-0.0558280311524868,0.21105791628360748,0.5980907082557678,-0.06221741437911987,0.32736295461654663,0.6541588306427002,-0.03702092915773392,0.2927490770816803,0.6661157011985779,-0.051454510539770126,0.2691424489021301,0.6724854707717896,-0.05833307281136513,0.24799229204654694,0.6760414242744446,-0.06231479346752167,N
0.4666052460670471,0.8877347707748413,5.354040695237927e-07,0.4589500427246094,0.7921286225318909,0.004312784411013126,0.4265570044517517,0.7222504615783691,-0.0015212292782962322,0.3930109143257141,0.7136329412460327,-0.009179963730275631,0.3651096224784851,0.7312442660331726,-0.01808318868279457,0.4267190098762512,0.7054262161254883,-0.022410554811358452,0.4038686752319336,0.6075743436813354,-0.03863123059272766,0.39011305570602417,0.5503700971603394,-0.04797353222966194,0.3786541223526001,0.5045584440231323,-0.052867770195007324,0.4049533009529114,0.7389130592346191,-0.03124576434493065,0.3667374849319458,0.6427512764930725,-0.044295407831668854,0.34562453627586365,0.5844961404800415,-0.049490660429000854,0.32512539625167847,0.5370597839355469,-0.053526461124420166,0.38515573740005493,0.7838369607925415,-0.037816595286130905,0.34310436248779297,0.716421365737915,-0.048846956342458725,0.3622293472290039,0.7315977215766907,-0.041963327676057816,0.3787621259689331,0.7516997456550598,-0.03465447574853897,0.3703499436378479,0.8293312788009644,-0.04375815391540527,0.3462609052658081,0.7764953970909119,-0.04835930094122887,0.36141952872276306,0.7812816500663757,-0.038655176758766174,0.3737354874610901,0.7938405871391296,-0.029911614954471588,N
0.4124448299407959,0.6348891258239746,2.0641788012198958e-07,0.4092017114162445,0.5611372590065002,-0.018364449962973595,0.3823513388633728,0.494778573513031,-0.027696160599589348,0.3580176532268524,0.4418984651565552,-0.03574080392718315,0.3408096432685852,0.4016815423965454,-0.04452187567949295,0.3224877119064331,0.5164597034454346,-0.025675954297184944,0.275772362947464,0.4972172975540161,-0.041436705738306046,0.24648447334766388,0.4902273714542389,-0.052046436816453934,0.22171565890312195,0.48693418502807617,-0.05961283668875694,0.3134666085243225,0.5613523125648499,-0.027851426973938942,0.2596491873264313,0.5435336828231812,-0.042328085750341415,0.22682160139083862,0.5351707935333252,-0.052740197628736496,0.20033681392669678,0.5312225818634033,-0.05995361879467964,0.31648534536361694,0.6062816381454468,-0.03170933946967125,0.266948938369751,0.6000592708587646,-0.04591894522309303,0.23655620217323303,0.5978379249572754,-0.05461091920733452,0.21144834160804749,0.595812976360321,-0.06030012294650078,0.32846179604530334,0.6517052054405212,-0.03710700199007988,0.2931532859802246,0.6616714000701904,-0.05132676661014557,0.2694442570209503,0.6674904823303223,-0.05766206234693527,0.24786090850830078,0.6702196598052979,-0.061120159924030304,N
0.4654366970062256,0.8839882612228394,4.99023713018687e-07,0.4584418535232544,0.7926641702651978,0.003918912261724472,0.4263728857040405,0.722852349281311,-0.002199968323111534,0.39225685596466064,0.7125610113143921,-0.010002700611948967,0.363952100276947,0.7276850342750549,-0.01892961747944355,0.42664647102355957,0.7029238939285278,-0.023029934614896774,0.4027704894542694,0.611026406288147,-0.03935960307717323,0.3882630467414856,0.5572176575660706,-0.04900309443473816,0.3763671815395355,0.5135674476623535,-0.05433737859129906,0.4060661196708679,0.7366870641708374,-0.03215846046805382,0.3669595718383789,0.6449803709983826,-0.0453062504529953,0.34476783871650696,0.5890858769416809,-0.051215626299381256,0.32378292083740234,0.5441908836364746,-0.05591103807091713,0.3873003125190735,0.7826363444328308,-0.03897656127810478,0.3432321548461914,0.7215144038200378,-0.04976677522063255,0.3618343472480774,0.7382060289382935,-0.042458027601242065,0.37875232100486755,0.7579718232154846,-0.03502238914370537,0.3732011914253235,0.8303033113479614,-0.04523221403360367,0.3449935019016266,0.784246027469635,-0.04992799460887909,0.35879096388816833,0.7892389297485352,-0.04000189155340195,0.3710187077522278,0.8004224896430969,-0.031123178079724312,N
0.4129006266593933,0.6317099332809448,2.1991611731664307e-07,0.4099811613559723,0.5605814456939697,-0.01980242133140564,0.3834063410758972,0.4953222870826721,-0.02952718175947666,0.35912376642227173,0.44423410296440125,-0.03751632943749428,0.34195464849472046,0.4048132002353668,-0.04608284309506416,0.3230229318141937,0.5211408138275146,-0.027261482551693916,0.27632564306259155,0.5016031861305237,-0.04321105778217316,0.2470114678144455,0.4941762685775757,-0.053798384964466095,0.2220434844493866,0.4901253581047058,-0.061192918568849564,0.3135204613208771,0.565962553024292,-0.028462965041399002,0.259784460067749,0.5473595857620239,-0.042899321764707565,0.22670120000839233,0.538377583026886,-0.05314646661281586,0.19949236512184143,0.5332155227661133,-0.06016097590327263,0.31620675325393677,0.6105730533599854,-0.03134214133024216,0.26730063557624817,0.6034030914306641,-0.04547879099845886,0.236627459526062,0.6007563471794128,-0.05408833920955658,0.21117351949214935,0.5986031889915466,-0.0596410371363163,0.32799845933914185,0.6554539799690247,-0.0358644463121891,0.2930727005004883,0.6648577451705933,-0.049828529357910156,0.2697789967060089,0.6706447005271912,-0.055842600762844086,0.24863412976264954,0.6740723848342896,-0.059019409120082855,N
0.46366217732429504,0.886738121509552,5.102920681565593e-07,0.4577528238296509,0.796816885471344,0.003529840148985386,0.4269011914730072,0.7265288233757019,-0.0026067050639539957,0.3952041566371918,0.7126722931861877,-0.010052748955786228,0.3681749403476715,0.7248682379722595,-0.018810411915183067,0.4272993206977844,0.707634449005127,-0.02455458603799343,0.4054180383682251,0.6136695146560669,-0.04118205979466438,0.39074671268463135,0.5568660497665405,-0.05121742933988571,0.37859728932380676,0.5113450288772583,-0.05666234716773033,0.40521663427352905,0.7407230138778687,-0.03287876024842262,0.3693104088306427,0.6466588973999023,-0.04522957652807236,0.34770500659942627,0.588904857635498,-0.05033029988408089,0.3269016742706299,0.5424206256866455,-0.054583653807640076,0.38510414958000183,0.7850852012634277,-0.03886767104268074,0.34334880113601685,0.7233241200447083,-0.04883155599236488,0.36185404658317566,0.7371677160263062,-0.04170151799917221,0.37875083088874817,0.7559523582458496,-0.0346955731511116,0.3704253137111664,0.8305110335350037,-0.044325459748506546,0.34418249130249023,0.7839016318321228,-0.04853328689932823,0.3586418628692627,0.7892530560493469,-0.03873129561543465,0.37158942222595215,0.8010019659996033,-0.030074529349803925,N
0.4115331768989563,0.6341243386268616,2.2004006439146906e-07,0.4100324511528015,0.561392605304718,-0.019826969131827354,0.3850308060646057,0.4947935938835144,-0.029819319024682045,0.361747145652771,0.44171321392059326,-0.038101423531770706,0.3448447287082672,0.4008063077926636,-0.047124285250902176,0.3243195116519928,0.5172527432441711,-0.028303377330303192,0.2785223424434662,0.49595990777015686,-0.04476536437869072,0.2493748813867569,0.4877142310142517,-0.05559837445616722,0.22450998425483704,0.48307785391807556,-0.06318376958370209,0.3141915798187256,0.5612661838531494,-0.029757756739854813,0.2608177959918976,0.5413399934768677,-0.04453660547733307,0.228353351354599,0.5313159227371216,-0.05472441017627716,0.20175975561141968,0.5255715250968933,-0.061704669147729874,0.3169340491294861,0.6063238382339478,-0.032901689410209656,0.26843392848968506,0.5985938310623169,-0.04764222353696823,0.2381448894739151,0.5954558849334717,-0.05640030279755592,0.2129514217376709,0.5928235650062561,-0.0620495080947876,0.32894694805145264,0.6522299647331238,-0.03764110058546066,0.2943870425224304,0.6604771614074707,-0.05238623917102814,0.271035760641098,0.6652271747589111,-0.05875040590763092,0.2497447431087494,0.667494535446167,-0.062160298228263855,N
0.46432098746299744,0.8852352499961853,5.187348506296985e-07,0.4587835669517517,0.7935416102409363,0.002627602545544505,0.4274684488773346,0.7208304405212402,-0.004100917838513851,0.3935907185077667,0.7061025500297546,-0.011807709001004696,0.36539730429649353,0.7174118757247925,-0.020557520911097527,0.4272565543651581,0.7071471214294434,-0.026742108166217804,0.4033491909503937,0.6117383241653442,-0.043592724949121475,0.3893286883831024,0.5562977194786072,-0.053346823900938034,0.37843602895736694,0.5107674598693848,-0.05851887911558151,0.40654781460762024,0.7427993416786194,-0.03453385829925537,0.367891788482666,0.6481263637542725,-0.04831872135400772,0.3460828959941864,0.5899980068206787,-0.05425827577710152,0.32528334856033325,0.5429733395576477,-0.058769162744283676,0.38772672414779663,0.7879030704498291,-0.0397532656788826,0.3439106047153473,0.7211652994155884,-0.05126693472266197,0.3626861572265625,0.7352017760276794,-0.0442500002682209,0.3796800673007965,0.7543357610702515,-0.036756545305252075,0.3743721544742584,0.8325310945510864,-0.04432273283600807,0.34801289439201355,0.7817651033401489,-0.04991403594613075,0.3632587492465973,0.7865633964538574,-0.040277816355228424,0.3764151930809021,0.7987650632858276,-0.031283486634492874,N
0.4121248126029968,0.6318787932395935,2.1849874087820353e-07,0.410237580537796,0.5597277283668518,-0.01994539238512516,0.3859331011772156,0.4936293363571167,-0.030290616676211357,0.36275750398635864,0.4402991831302643,-0.03895775228738785,0.34614166617393494,0.39799851179122925,-0.04839136078953743,0.3247866928577423,0.5160892605781555,-0.02826843596994877,0.2786429226398468,0.49461033940315247,-0.04483144357800484,0.24942585825920105,0.4858551621437073,-0.055842332541942596,0.22461891174316406,0.48047417402267456,-0.06355834007263184,0.31500816345214844,0.5613787174224854,-0.029685890302062035,0.261354923248291,0.5416032075881958,-0.044721819460392,0.2286435216665268,0.5314429998397827,-0.05536893382668495,0.2019892930984497,0.5254175662994385,-0.06268594413995743,0.3177768588066101,0.606756329536438,-0.0327347032725811,0.26895272731781006,0.5991194248199463,-0.04745853692293167,0.23833805322647095,0.5957885980606079,-0.056296829134225845,0.21279007196426392,0.5923849940299988,-0.06205536425113678,0.3296363651752472,0.6524628400802612,-0.03738095611333847,0.2950175106525421,0.6615142226219177,-0.05200754106044769,0.27134275436401367,0.665682315826416,-0.058413226157426834,0.24963322281837463,0.6664723753929138,-0.06186128780245781,N
0.4668973684310913,0.8837254643440247,5.160582645657996e-07,0.46156615018844604,0.7936461567878723,0.002697528572753072,0.43099138140678406,0.7208069562911987,-0.00338640040718019,0.3984110951423645,0.7046544551849365,-0.010419274680316448,0.3706762492656708,0.7169743180274963,-0.01845644600689411,0.4277259409427643,0.705329418182373,-0.02549664117395878,0.4043607711791992,0.6121758222579956,-0.04215920716524124,0.39063164591789246,0.5574386715888977,-0.05187368020415306,0.3796253800392151,0.5123956203460693,-0.057076942175626755,0.4053795039653778,0.7389378547668457,-0.033101946115493774,0.36769744753837585,0.6450326442718506,-0.04611749202013016,0.3465804159641266,0.5876586437225342,-0.05152793601155281,0.3264673352241516,0.5402719974517822,-0.05575181916356087,0.38570329546928406,0.7840011119842529,-0.03830913081765175,0.34420090913772583,0.7201645374298096,-0.04975808784365654,0.3633999228477478,0.7359482049942017,-0.043159909546375275,0.38054490089416504,0.7548878788948059,-0.035997454077005386,0.3722396790981293,0.8299274444580078,-0.042869798839092255,0.3495595455169678,0.7835860252380371,-0.04849324747920036,0.36482441425323486,0.7893919348716736,-0.03953513503074646,0.3771272301673889,0.8005101084709167,-0.03110322915017605,N
0.41504502296447754,0.6296390891075134,2.2530026910771994e-07,0.412763386964798,0.5572059154510498,-0.020224561914801598,0.3875715136528015,0.49230659008026123,-0.030634738504886627,0.36406028270721436,0.43931710720062256,-0.039250411093235016,0.3468707501888275,0.397927463054657,-0.04851914569735527,0.32584407925605774,0.5130947232246399,-0.028043081983923912,0.27994677424430847,0.49158045649528503,-0.04433734714984894,0.2509616017341614,0.48273202776908875,-0.05537062883377075,0.225986510515213,0.47719764709472656,-0.06315060704946518,0.3159427046775818,0.5572282671928406,-0.029276445508003235,0.2628309726715088,0.5381458401679993,-0.04362897574901581,0.23010486364364624,0.5280987024307251,-0.05389022454619408,0.20299609005451202,0.5215517282485962,-0.06108705699443817,0.3185902535915375,0.6024119257926941,-0.032255806028842926,0.2695930302143097,0.5942906141281128,-0.046518560498952866,0.23876109719276428,0.5903919339179993,-0.05524434521794319,0.2130444496870041,0.586860179901123,-0.060981422662734985,0.3304910957813263,0.6481402516365051,-0.036909207701683044,0.29503482580184937,0.6570872068405151,-0.051190249621868134,0.27161240577697754,0.6622714400291443,-0.05735614895820618,0.2504763901233673,0.6649531126022339,-0.06065841019153595,N
0.4645633101463318,0.8809523582458496,5.154717541699938e-07,0.4602002501487732,0.7914648056030273,0.00358380563557148,0.4317351281642914,0.7199269533157349,-0.0023026231210678816,0.4008965790271759,0.7044175267219543,-0.009479103609919548,0.37468650937080383,0.7162802815437317,-0.018121784552931786,0.42844802141189575,0.7042566537857056,-0.02484053373336792,0.4065890610218048,0.6105956435203552,-0.041021302342414856,0.3930568993091583,0.554010808467865,-0.05007321760058403,0.3823486566543579,0.5085222721099854,-0.054477039724588394,0.4059821665287018,0.7358763217926025,-0.03292113542556763,0.37060222029685974,0.6411004662513733,-0.04501178860664368,0.35050544142723083,0.5829246044158936,-0.049217674881219864,0.3315619230270386,0.5368013381958008,-0.052355799823999405,0.3860076665878296,0.7793172597885132,-0.038627881556749344,0.346681147813797,0.7187671661376953,-0.048884306102991104,0.3647685647010803,0.733078122138977,-0.042018137872219086,0.38115179538726807,0.7523865103721619,-0.03472190722823143,0.37139081954956055,0.824613094329834,-0.04365000128746033,0.34574052691459656,0.7785007953643799,-0.04764821380376816,0.35974711179733276,0.7845004200935364,-0.03760619834065437,0.37208425998687744,0.7974293828010559,-0.028564557433128357,N
0.4127102196216583,0.6275843977928162,2.2743589056517521e-07,0.4099327325820923,0.5561485886573792,-0.019421475008130074,0.38575291633605957,0.4916413128376007,-0.029927663505077362,0.3629666566848755,0.4395466446876526,-0.03876734897494316,0.34561869502067566,0.3993540406227112,-0.048432622104883194,0.3260425925254822,0.5153732895851135,-0.029136884957551956,0.28048571944236755,0.4932419955730438,-0.0459306500852108,0.2516597509384155,0.4838700294494629,-0.05696651339530945,0.22696810960769653,0.47778990864753723,-0.0646379217505455,0.3165282905101776,0.5597414374351501,-0.030886299908161163,0.2634833753108978,0.54013592004776,-0.046001236885786057,0.23078446090221405,0.5302619934082031,-0.05656568706035614,0.20368269085884094,0.5240926146507263,-0.06388246268033981,0.3194158375263214,0.6044727563858032,-0.03413551673293114,0.27098309993743896,0.5967780947685242,-0.048918742686510086,0.24034911394119263,0.5932785272598267,-0.057717978954315186,0.21480533480644226,0.5899863839149475,-0.063446544110775,0.3314177691936493,0.6494327783584595,-0.03889808803796768,0.29687219858169556,0.6583539247512817,-0.05358869582414627,0.2734226584434509,0.6631572246551514,-0.05988084897398949,0.2521127760410309,0.6653298735618591,-0.06322106719017029,N
0.46824413537979126,0.8883296847343445,4.964615527569549e-07,0.46011897921562195,0.7930182218551636,0.004051888827234507,0.4274018108844757,0.7240594625473022,-0.0020823455415666103,0.39379334449768066,0.7159050107002258,-0.009800763800740242,0.3657000660896301,0.7308404445648193,-0.018739953637123108,0.42886480689048767,0.7097358703613281,-0.023263080045580864,0.4050106108188629,0.6174262762069702,-0.039669010788202286,0.39082956314086914,0.5635020136833191,-0.04947381094098091,0.3791773021221161,0.5187506079673767,-0.054763201624155045,0.40819844603538513,0.7453417778015137,-0.03206667676568031,0.37037473917007446,0.6537942886352539,-0.044982459396123886,0.34875255823135376,0.5972082018852234,-0.05067748576402664,0.3280044198036194,0.5508307218551636,-0.055328935384750366,0.3885408341884613,0.7907715439796448,-0.038524650037288666,0.3453714847564697,0.7238565683364868,-0.04905197024345398,0.36356812715530396,0.7373232841491699,-0.04173065721988678,0.38018354773521423,0.7569876313209534,-0.03437237814068794,0.3738603889942169,0.8361620903015137,-0.04436507076025009,0.3455752730369568,0.7852619290351868,-0.0482540987432003,0.3595608174800873,0.7888741493225098,-0.03771248459815979,0.3722480833530426,0.800965428352356,-0.028517376631498337,N
0.4160725176334381,0.6382761001586914,2.1899590763041488e-07,0.4131161868572235,0.5650562047958374,-0.019910644739866257,0.38757404685020447,0.49845919013023376,-0.030074525624513626,0.3644627332687378,0.44513559341430664,-0.03855367749929428,0.34733909368515015,0.4028247892856598,-0.04769469052553177,0.3270791172981262,0.5198885798454285,-0.02768615446984768,0.28102362155914307,0.4982629120349884,-0.04385663941502571,0.25154954195022583,0.49030572175979614,-0.05466381460428238,0.2263159155845642,0.48575371503829956,-0.062372397631406784,0.31743741035461426,0.564698338508606,-0.029265953227877617,0.2637232840061188,0.5443989634513855,-0.04436821490526199,0.23036067187786102,0.5342538952827454,-0.05533839389681816,0.20302101969718933,0.5281271934509277,-0.06295105069875717,0.32048484683036804,0.609941840171814,-0.03249688073992729,0.27133458852767944,0.60127854347229,-0.04748713597655296,0.24047742784023285,0.598032534122467,-0.05672839283943176,0.21487632393836975,0.5947704911231995,-0.06271383166313171,0.33253076672554016,0.6553468704223633,-0.03730650246143341,0.2971406877040863,0.664037823677063,-0.052295103669166565,0.2733626365661621,0.6692984104156494,-0.058939240872859955,0.251578688621521,0.6714745163917542,-0.06254123896360397,N
0.4661102294921875,0.8881208300590515,5.102068598716869e-07,0.4612109065055847,0.7974096536636353,0.0029439805075526237,0.43141797184944153,0.7257289886474609,-0.003442149143666029,0.39911094307899475,0.7112758159637451,-0.01112514641135931,0.3714241683483124,0.7244387865066528,-0.02019589953124523,0.42970341444015503,0.709400475025177,-0.025046924129128456,0.4073779284954071,0.6165159344673157,-0.04146663099527359,0.392823189496994,0.5616733431816101,-0.050937067717313766,0.3808574080467224,0.516689658164978,-0.055914245545864105,0.4068501591682434,0.7434757947921753,-0.03341493383049965,0.3696916401386261,0.6503966450691223,-0.046450767666101456,0.3478192090988159,0.5933802127838135,-0.051799170672893524,0.3267199993133545,0.547260046005249,-0.055837709456682205,0.3866259455680847,0.7889952063560486,-0.03940872102975845,0.3461415469646454,0.7266955375671387,-0.05087084695696831,0.36500829458236694,0.742583692073822,-0.04433160647749901,0.3815939128398895,0.7625923156738281,-0.037064529955387115,0.3723268508911133,0.8352208137512207,-0.04475121200084686,0.3463318943977356,0.787809431552887,-0.04978618770837784,0.36055099964141846,0.7932769656181335,-0.03999900445342064,0.3730646073818207,0.8056466579437256,-0.03101768158376217,N
0.41607341170310974,0.6400321125984192,2.1813539774484525e-07,0.4128904938697815,0.5663740038871765,-0.019658438861370087,0.38742318749427795,0.5000432133674622,-0.029763445258140564,0.3641587495803833,0.4470382332801819,-0.038193292915821075,0.34658437967300415,0.405325710773468,-0.047266241163015366,0.32688361406326294,0.5229783654212952,-0.027360934764146805,0.28039267659187317,0.5023854374885559,-0.04328852891921997,0.251349538564682,0.4947677254676819,-0.05385030061006546,0.226658433675766,0.49051633477211,-0.061328787356615067,0.31716638803482056,0.5673051476478577,-0.02897653728723526,0.2632252871990204,0.5478015542030334,-0.04360520467162132,0.23033437132835388,0.5384478569030762,-0.05423041060566902,0.20360639691352844,0.5333541631698608,-0.061620067805051804,0.31987300515174866,0.612483024597168,-0.03223611041903496,0.27049919962882996,0.6033399701118469,-0.046822402626276016,0.23978224396705627,0.5994443893432617,-0.055956169962882996,0.2144845426082611,0.5962113738059998,-0.06193539500236511,0.33177945017814636,0.6580725908279419,-0.037044160068035126,0.29672253131866455,0.6673362851142883,-0.05167200043797493,0.2733711004257202,0.672687292098999,-0.05813996121287346,0.25230130553245544,0.675530195236206,-0.0616559274494648,N
0.46678683161735535,0.8871080875396729,4.907742550130934e-07,0.46039921045303345,0.7965704202651978,0.003867685329169035,0.430023193359375,0.7264283895492554,-0.00266465125605464,0.3981449007987976,0.7116122841835022,-0.010501060634851456,0.371391624212265,0.7225469350814819,-0.019690535962581635,0.42921486496925354,0.7109183669090271,-0.026418738067150116,0.4055319130420685,0.6200581192970276,-0.043485190719366074,0.3908252716064453,0.5661219358444214,-0.05351443588733673,0.378623366355896,0.5217605829238892,-0.058966197073459625,0.40909725427627563,0.7460800409317017,-0.03541479632258415,0.3705216348171234,0.6535826325416565,-0.04869069159030914,0.3485336899757385,0.5971665382385254,-0.0540839247405529,0.32738572359085083,0.5526532530784607,-0.05847005918622017,0.39047709107398987,0.7923590540885925,-0.04186304286122322,0.3454018235206604,0.7295204401016235,-0.05280286818742752,0.3635181188583374,0.7442862391471863,-0.04520014300942421,0.38081079721450806,0.7642690539360046,-0.037602078169584274,0.37680503726005554,0.8395380973815918,-0.04765744134783745,0.3468477129936218,0.7921667695045471,-0.05269584804773331,0.36071452498435974,0.7969117164611816,-0.042599692940711975,0.37389451265335083,0.8089642524719238,-0.033527012914419174,N
0.4146086573600769,0.6379279494285583,2.1716319054121414e-07,0.4114656448364258,0.5653993487358093,-0.018697520717978477,0.38694074749946594,0.5007310509681702,-0.02869000844657421,0.3641057014465332,0.4480505585670471,-0.0372706763446331,0.34724169969558716,0.40681448578834534,-0.046604033559560776,0.3266522288322449,0.5244342088699341,-0.02700902335345745,0.2806149125099182,0.5042595863342285,-0.04323319345712662,0.25162193179130554,0.4963845908641815,-0.0539148673415184,0.22699499130249023,0.49150747060775757,-0.06141277030110359,0.31736794114112854,0.5690163373947144,-0.02905338630080223,0.26406365633010864,0.5496906042098999,-0.04422932118177414,0.23095084726810455,0.5402040481567383,-0.055137451738119125,0.20357279479503632,0.5344734191894531,-0.06259091198444366,0.32042941451072693,0.6139339208602905,-0.032558623701334,0.2715120315551758,0.6057361364364624,-0.04747270792722702,0.2409927248954773,0.6031531691551208,-0.056346647441387177,0.2154158502817154,0.6002042293548584,-0.06201835721731186,0.3325345814228058,0.659065306186676,-0.03751426190137863,0.2981996536254883,0.6692266464233398,-0.05241823196411133,0.2749759554862976,0.6743749380111694,-0.058794327080249786,0.253612220287323,0.6763406991958618,-0.06207890436053276,N
0.4692402184009552,0.89090496301651,4.980508379048842e-07,0.4628133177757263,0.8023682832717896,0.004976906348019838,0.4318121671676636,0.733018696308136,-7.143380935303867e-05,0.4010174572467804,0.7221168279647827,-0.0069975038059055805,0.3751536011695862,0.7351206541061401,-0.015318662859499454,0.4306963384151459,0.7123327851295471,-0.0210123173892498,0.40761786699295044,0.6204196810722351,-0.03590250387787819,0.3936785161495209,0.5664732456207275,-0.044253814965486526,0.38205909729003906,0.5234535932540894,-0.048482879996299744,0.4089046120643616,0.7450670003890991,-0.030244750902056694,0.3716122508049011,0.6538349390029907,-0.041604965925216675,0.3510180711746216,0.5985593795776367,-0.045856744050979614,0.3308752179145813,0.5538560152053833,-0.04905169829726219,0.38966161012649536,0.7906001210212708,-0.037198252975940704,0.34752678871154785,0.7345708012580872,-0.047371163964271545,0.36641666293144226,0.7497479915618896,-0.040844835340976715,0.3834455907344818,0.7681188583374023,-0.03378266096115112,0.37604302167892456,0.8394307494163513,-0.043404143303632736,0.35026228427886963,0.798432469367981,-0.04775242134928703,0.3644545376300812,0.8028291463851929,-0.0381535142660141,0.3773197531700134,0.8122931718826294,-0.02944929338991642,N
0.4144909977912903,0.6424235701560974,2.218126837760792e-07,0.41232651472091675,0.5686213374137878,-0.01951187662780285,0.3883163332939148,0.5015432238578796,-0.029592234641313553,0.36522024869918823,0.44784045219421387,-0.037978362292051315,0.3473407030105591,0.4065743088722229,-0.04693004861474037,0.3281342387199402,0.5254837870597839,-0.02773994952440262,0.28242096304893494,0.5047696828842163,-0.04384255036711693,0.2535371482372284,0.4966284930706024,-0.054251108318567276,0.22892862558364868,0.4913725256919861,-0.0616067498922348,0.3174093961715698,0.5702599287033081,-0.029265623539686203,0.2638804316520691,0.550833523273468,-0.044471126049757004,0.23084776103496552,0.5408422350883484,-0.055209577083587646,0.20353935658931732,0.5345706939697266,-0.06250055134296417,0.31954604387283325,0.6156887412071228,-0.032297808676958084,0.27070119976997375,0.6082655787467957,-0.04718857631087303,0.24019035696983337,0.6049410700798035,-0.056021448224782944,0.21444520354270935,0.6008120775222778,-0.06168987601995468,0.3310683071613312,0.66079181432724,-0.03683844953775406,0.29737186431884766,0.6715677380561829,-0.05171402916312218,0.27444973587989807,0.6769987344741821,-0.058106400072574615,0.25310930609703064,0.6792459487915039,-0.06143324449658394,N
0.469147264957428,0.8855586051940918,5.049777769272623e-07,0.46223172545433044,0.7953017950057983,0.004238042049109936,0.4317947328090668,0.7261871099472046,-0.0022306456230580807,0.3991261422634125,0.7126287817955017,-0.010105042718350887,0.3712857961654663,0.7253501415252686,-0.019410885870456696,0.43171748518943787,0.7095630168914795,-0.026251738891005516,0.40840578079223633,0.6189002990722656,-0.04406994581222534,0.39466479420661926,0.5629616379737854,-0.05483996123075485,0.38328707218170166,0.5166956186294556,-0.06063736602663994,0.41148510575294495,0.7435886859893799,-0.03535984456539154,0.3722327649593353,0.6503866910934448,-0.04890476539731026,0.3497120141983032,0.5925418138504028,-0.054815251380205154,0.32799720764160156,0.5462868809700012,-0.05949509143829346,0.39301127195358276,0.7897123694419861,-0.04185614734888077,0.34663236141204834,0.7321872711181641,-0.053327225148677826,0.3654853105545044,0.746900737285614,-0.04611138254404068,0.38363203406333923,0.7649081349372864,-0.03855186700820923,0.3795413374900818,0.8376554846763611,-0.04762120544910431,0.3493057191371918,0.7932400107383728,-0.053346242755651474,0.3642019033432007,0.7987214922904968,-0.04346738010644913,0.37840694189071655,0.8098388314247131,-0.03431658446788788,N
0.414061576128006,0.6465339660644531,2.1200901301199337e-07,0.4133076071739197,0.5722552537918091,-0.020407743752002716,0.3893866240978241,0.5031241178512573,-0.030164966359734535,0.36598750948905945,0.44868209958076477,-0.03809256851673126,0.3489885926246643,0.40697765350341797,-0.04655497148633003,0.32905200123786926,0.5259129405021667,-0.027153490111231804,0.2824832499027252,0.5048624873161316,-0.04274575039744377,0.25288912653923035,0.49756547808647156,-0.05299340561032295,0.2277315855026245,0.49335864186286926,-0.060267988592386246,0.31873393058776855,0.5706161856651306,-0.027969861403107643,0.2656220495700836,0.5509396195411682,-0.042484693229198456,0.23278293013572693,0.5410239696502686,-0.05290582403540611,0.20582827925682068,0.5349294543266296,-0.059989169239997864,0.32072070240974426,0.615530788898468,-0.030476810410618782,0.27217209339141846,0.6072008013725281,-0.04487759247422218,0.24181905388832092,0.6044950485229492,-0.053562574088573456,0.21648907661437988,0.6013488173484802,-0.05911072716116905,0.33160728216171265,0.6605696678161621,-0.03465854749083519,0.29763200879096985,0.670443594455719,-0.04915427789092064,0.2747900187969208,0.6762637495994568,-0.055479276925325394,0.2538643181324005,0.6786500215530396,-0.05874624103307724,N
0.4683345556259155,0.8886240124702454,5.101315991851152e-07,0.4634709656238556,0.7977710962295532,0.0019406573846936226,0.4343872666358948,0.7247146368026733,-0.004902596585452557,0.40161973237991333,0.7070960402488708,-0.012520627118647099,0.3741950988769531,0.7175446152687073,-0.021260041743516922,0.4315294623374939,0.7100347876548767,-0.027864431962370872,0.4081602096557617,0.6205630302429199,-0.04545797035098076,0.3934783339500427,0.566238284111023,-0.055935703217983246,0.38136449456214905,0.5214046835899353,-0.06169591471552849,0.40898483991622925,0.7445814609527588,-0.035541802644729614,0.3716866970062256,0.6536875367164612,-0.04987707734107971,0.3502350449562073,0.5964184999465942,-0.05593579635024071,0.329576700925827,0.5501834154129028,-0.060590893030166626,0.3887774348258972,0.7909554839134216,-0.04076063260436058,0.3469093441963196,0.7319384813308716,-0.052719179540872574,0.3661913275718689,0.7472819685935974,-0.04567212983965874,0.38367539644241333,0.7662481069564819,-0.0381760448217392,0.3742602467536926,0.8379229307174683,-0.04542054980993271,0.3473367691040039,0.7922117114067078,-0.051020704209804535,0.3623639941215515,0.7980301380157471,-0.041312433779239655,0.3756084740161896,0.8104087710380554,-0.03236318379640579,N
0.41532373428344727,0.6478161811828613,2.1508843417450407e-07,0.4136558771133423,0.5737396478652954,-0.020816771313548088,0.3900068402290344,0.5056868195533752,-0.03150069713592529,0.36668500304222107,0.45220938324928284,-0.040302034467458725,0.3483262360095978,0.41033387184143066,-0.04963444173336029,0.3296881318092346,0.5260902643203735,-0.028038857504725456,0.283925861120224,0.5046867728233337,-0.0442432276904583,0.25492069125175476,0.49769824743270874,-0.05513359606266022,0.23007947206497192,0.4937647581100464,-0.06292708963155746,0.3194403350353241,0.5698147416114807,-0.029312245547771454,0.2657936215400696,0.5501667261123657,-0.04453112185001373,0.2326153814792633,0.5406095385551453,-0.05604865401983261,0.20513346791267395,0.5349128246307373,-0.06406304240226746,0.3217572569847107,0.6143050789833069,-0.032278161495923996,0.27292579412460327,0.6064155697822571,-0.04755917564034462,0.24223503470420837,0.6040630340576172,-0.05734698474407196,0.21665015816688538,0.6015173196792603,-0.0636831670999527,0.3333822190761566,0.659459114074707,-0.0368553064763546,0.2988688051700592,0.6701330542564392,-0.052123237401247025,0.27569839358329773,0.676784098148346,-0.05909545719623566,0.25431546568870544,0.6802366375923157,-0.06289557367563248,N
0.46688345074653625,0.8893555402755737,5.03620015024353e-07,0.46121111512184143,0.8000287413597107,0.0038669572677463293,0.43161413073539734,0.730082094669342,-0.0021292332094162703,0.4005078375339508,0.7154260873794556,-0.009523104876279831,0.3736015558242798,0.7261495590209961,-0.01837742142379284,0.431331604719162,0.7107745409011841,-0.024874582886695862,0.40858590602874756,0.6203900575637817,-0.04133446142077446,0.39342811703681946,0.5659053921699524,-0.05065830051898956,0.3809179961681366,0.5214968323707581,-0.05542975291609764,0.4097983241081238,0.7442833185195923,-0.03360608592629433,0.3727935254573822,0.6521570086479187,-0.046455323696136475,0.3507121503353119,0.5953862071037292,-0.05118730291724205,0.3299097716808319,0.54964280128479,-0.054627902805805206,0.39020994305610657,0.7897558212280273,-0.03992743790149689,0.3471226096153259,0.7338658571243286,-0.05128194019198418,0.36524561047554016,0.7505054473876953,-0.044390562921762466,0.38285011053085327,0.7695893049240112,-0.036734689027071,0.3755818009376526,0.8370974659919739,-0.04553971439599991,0.3472532331943512,0.7948296070098877,-0.05084805190563202,0.361193984746933,0.8020366430282593,-0.04105179011821747,0.37448564171791077,0.8135689496994019,-0.03185481205582619,N
0.415452778339386,0.6462103128433228,2.2377852815225197e-07,0.4125973582267761,0.5727166533470154,-0.0209300946444273,0.38894134759902954,0.5044914484024048,-0.03189006447792053,0.3657701909542084,0.450996994972229,-0.04085622355341911,0.3468535244464874,0.4099515378475189,-0.05033860728144646,0.3283003568649292,0.5275695323944092,-0.02919885702431202,0.2812070846557617,0.5067802667617798,-0.045762740075588226,0.25129377841949463,0.49982011318206787,-0.056622739881277084,0.22570018470287323,0.4958641529083252,-0.0642695352435112,0.3185604214668274,0.5719674825668335,-0.03020763397216797,0.26481321454048157,0.5528590679168701,-0.04576607048511505,0.23138020932674408,0.543735146522522,-0.05693264305591583,0.20398785173892975,0.5384415984153748,-0.06460588425397873,0.3213924467563629,0.6169837117195129,-0.032825153321027756,0.27221161127090454,0.6095319986343384,-0.047814659774303436,0.24135464429855347,0.6065410375595093,-0.05682937800884247,0.21585871279239655,0.603248655796051,-0.06264819949865341,0.3332824110984802,0.6621768474578857,-0.03709392249584198,0.2985037565231323,0.672158420085907,-0.05205008387565613,0.27506741881370544,0.6774055361747742,-0.058622509241104126,0.2535439431667328,0.6795480251312256,-0.062061551958322525,N
0.46952879428863525,0.8868035078048706,5.080594291939633e-07,0.46345803141593933,0.7962551712989807,0.003099209861829877,0.4328651428222656,0.7240074276924133,-0.0037324903532862663,0.400066614151001,0.709912896156311,-0.011613714508712292,0.37232348322868347,0.7224223017692566,-0.02081375941634178,0.43283143639564514,0.7091204524040222,-0.02762547694146633,0.4093666970729828,0.6175867319107056,-0.04501243308186531,0.3951725661754608,0.5630508065223694,-0.05540768429636955,0.38311466574668884,0.5171947479248047,-0.06118873134255409,0.41197100281715393,0.7444472908973694,-0.036201462149620056,0.37410876154899597,0.6528979539871216,-0.04975452646613121,0.35230547189712524,0.59703129529953,-0.055486634373664856,0.33098334074020386,0.5513593554496765,-0.06016945093870163,0.3928970992565155,0.791300356388092,-0.042182281613349915,0.3490068018436432,0.728624165058136,-0.05371847748756409,0.3679751753807068,0.745089054107666,-0.046278078109025955,0.38542690873146057,0.7650641798973083,-0.03873042017221451,0.3792376220226288,0.8395981788635254,-0.04750964045524597,0.3517308235168457,0.7933706641197205,-0.05326322466135025,0.36647555232048035,0.7994928359985352,-0.043411415070295334,0.3795281946659088,0.811810314655304,-0.034428179264068604,N
0.41524985432624817,0.6370469331741333,2.2854280246065173e-07,0.4135533571243286,0.5646979212760925,-0.020599421113729477,0.390564888715744,0.4986668825149536,-0.031452156603336334,0.36789262294769287,0.4464173913002014,-0.040448371320962906,0.350595086812973,0.4043118953704834,-0.05006968975067139,0.32924655079841614,0.5219798684120178,-0.029338018968701363,0.2828812003135681,0.49985170364379883,-0.045855987817049026,0.2531600296497345,0.49198755621910095,-0.05652995780110359,0.2277926206588745,0.4868799149990082,-0.06406865268945694,0.31944727897644043,0.5668059587478638,-0.030403126031160355,0.26659899950027466,0.5475439429283142,-0.04593054577708244,0.23363623023033142,0.5373847484588623,-0.056937336921691895,0.20643049478530884,0.5308372378349304,-0.0644928365945816,0.3223036229610443,0.6115800738334656,-0.03299963101744652,0.27396705746650696,0.6046065092086792,-0.04817866533994675,0.24372835457324982,0.6016775369644165,-0.05722571536898613,0.21850189566612244,0.5982696413993835,-0.0630602166056633,0.3343290388584137,0.6557459831237793,-0.03719541057944298,0.3006657660007477,0.6668047904968262,-0.05247805640101433,0.27772924304008484,0.6725056171417236,-0.059238873422145844,0.25644025206565857,0.6752192378044128,-0.0627923533320427,N
0.4698401689529419,0.8850939869880676,4.99553777899564e-07,0.46254828572273254,0.7949430346488953,0.0044601066038012505,0.43058428168296814,0.7256972193717957,-0.0017312334384769201,0.39694610238075256,0.7138946056365967,-0.009558422490954399,0.36890971660614014,0.7255175113677979,-0.01876962184906006,0.43189045786857605,0.7096008062362671,-0.025168519467115402,0.40732264518737793,0.618300199508667,-0.04201158136129379,0.3935078978538513,0.5646467208862305,-0.0516691617667675,0.3820487856864929,0.5197194814682007,-0.0568096823990345,0.4126684367656708,0.7438991069793701,-0.03460073098540306,0.3732772767543793,0.6513048410415649,-0.047840602695941925,0.3519858419895172,0.5941447019577026,-0.0532759428024292,0.33122849464416504,0.547217607498169,-0.05765819922089577,0.39502087235450745,0.7904477119445801,-0.04147135838866234,0.34974735975265503,0.7307979464530945,-0.05318109691143036,0.36839523911476135,0.747753918170929,-0.04599381983280182,0.38552671670913696,0.7670074701309204,-0.03839879110455513,0.38183119893074036,0.8388395309448242,-0.047526340931653976,0.351898193359375,0.7935839891433716,-0.05322141945362091,0.3660145401954651,0.8001985549926758,-0.04321339353919029,0.3787972033023834,0.8128252029418945,-0.034081172198057175,N
0.41779762506484985,0.6398137211799622,2.1755566592673858e-07,0.4145311415195465,0.5667287111282349,-0.019415851682424545,0.38941460847854614,0.5007119178771973,-0.029470248147845268,0.3667081296443939,0.4466618001461029,-0.03787512704730034,0.3493257462978363,0.40471982955932617,-0.046873368322849274,0.3294353187084198,0.5216743350028992,-0.026973290368914604,0.2831951677799225,0.5008879899978638,-0.042881544679403305,0.2540275454521179,0.4930950999259949,-0.05347044765949249,0.22921128571033478,0.4885293245315552,-0.06096852943301201,0.3198893964290619,0.5657457709312439,-0.028640851378440857,0.2661855220794678,0.5453784465789795,-0.04343176633119583,0.23333120346069336,0.535288393497467,-0.05421086773276329,0.20664237439632416,0.5294365882873535,-0.061666812747716904,0.32295507192611694,0.6104480624198914,-0.03190616890788078,0.2737860083580017,0.6024445295333862,-0.04635889083147049,0.2429591417312622,0.5992891788482666,-0.055307358503341675,0.2175058126449585,0.5959756374359131,-0.061177127063274384,0.3351009488105774,0.6556923985481262,-0.03673506900668144,0.3002660572528839,0.6654099225997925,-0.05114142224192619,0.2768614590167999,0.6703867316246033,-0.057505957782268524,0.25539883971214294,0.6720150709152222,-0.060969822108745575,N
0.4677925109863281,0.8815547823905945,4.972226861355011e-07,0.46380186080932617,0.7896014451980591,0.002257715677842498,0.4343559145927429,0.719060480594635,-0.004596322774887085,0.40102773904800415,0.7084413170814514,-0.0127757228910923,0.3732554614543915,0.7222949266433716,-0.02257741428911686,0.43455880880355835,0.7036337852478027,-0.026186717674136162,0.4093349575996399,0.6136064529418945,-0.04226033762097359,0.39457443356513977,0.5615272521972656,-0.05079943686723709,0.3828090727329254,0.5180525183677673,-0.054984200745821,0.4116552770137787,0.7376540303230286,-0.03434531390666962,0.3732207119464874,0.6479503512382507,-0.047334812581539154,0.35121381282806396,0.5928956270217896,-0.05228451266884804,0.33067750930786133,0.5477165579795837,-0.05566879361867905,0.3914966583251953,0.7835044860839844,-0.04013437032699585,0.35075584053993225,0.7276050448417664,-0.05184071138501167,0.36855190992355347,0.7447317242622375,-0.04575151577591896,0.38507094979286194,0.7642894387245178,-0.03845641762018204,0.37703296542167664,0.8304939866065979,-0.0452079214155674,0.3496531546115875,0.7889074683189392,-0.05034785717725754,0.3631265461444855,0.7955356240272522,-0.04066453501582146,0.3757380545139313,0.8081584572792053,-0.03156209737062454,N
0.4208875298500061,0.6330581903457642,2.3098870371995872e-07,0.41727134585380554,0.5619502067565918,-0.02006070502102375,0.3922719359397888,0.4972350597381592,-0.030636990442872047,0.36919575929641724,0.4440116584300995,-0.03949996829032898,0.3518063724040985,0.4017490744590759,-0.04906557500362396,0.3319745659828186,0.5183306932449341,-0.028330640867352486,0.2858683466911316,0.49570590257644653,-0.04498765617609024,0.25675952434539795,0.4860827922821045,-0.05609646067023277,0.2317507565021515,0.4795365035533905,-0.06383667886257172,0.32218360900878906,0.562466561794281,-0.029907070100307465,0.2686472535133362,0.5421859622001648,-0.04475166276097298,0.23523323237895966,0.5323292016983032,-0.055262621492147446,0.20765864849090576,0.5264666676521301,-0.06255944818258286,0.32504206895828247,0.6074032783508301,-0.03318679705262184,0.2759815752506256,0.5989998579025269,-0.0479184128344059,0.2447439283132553,0.5959272980690002,-0.05681254342198372,0.21871350705623627,0.5932036638259888,-0.06258006393909454,0.33726105093955994,0.6529306769371033,-0.03809520974755287,0.3018644452095032,0.6611846685409546,-0.052791304886341095,0.27827751636505127,0.6661319732666016,-0.0590500682592392,0.2568425238132477,0.6685331463813782,-0.06235966458916664,N
0.46925440430641174,0.8863123655319214,4.983972985428409e-07,0.46364694833755493,0.7925597429275513,0.0021575570572167635,0.4324464797973633,0.7211307287216187,-0.00449070381000638,0.39865562319755554,0.7089467644691467,-0.012444546446204185,0.370988667011261,0.7212933301925659,-0.021618351340293884,0.4324404001235962,0.7067486643791199,-0.025079794228076935,0.40772557258605957,0.6179680824279785,-0.04207049310207367,0.3928758203983307,0.5649044513702393,-0.05190818011760712,0.38054031133651733,0.5212541222572327,-0.05712730437517166,0.4113534092903137,0.7411581873893738,-0.03353568911552429,0.3730047047138214,0.6520037651062012,-0.048095934092998505,0.34981197118759155,0.5959091782569885,-0.05480581149458885,0.32761234045028687,0.5508161187171936,-0.059502407908439636,0.3920881748199463,0.7868067026138306,-0.03974919021129608,0.3502962291240692,0.7310720086097717,-0.05269775539636612,0.3692246079444885,0.7462033033370972,-0.04704209789633751,0.3865874409675598,0.7636956572532654,-0.03990465775132179,0.3773716688156128,0.8335779905319214,-0.04532497748732567,0.3485880196094513,0.792026162147522,-0.0514761246740818,0.36301860213279724,0.7991480231285095,-0.04223579913377762,0.3762841522693634,0.8112260699272156,-0.03338335454463959,N
0.4191811978816986,0.6367971897125244,2.2574477043235675e-07,0.41636088490486145,0.5637047290802002,-0.020200490951538086,0.3915231227874756,0.49718818068504333,-0.030662739649415016,0.3678308129310608,0.444166898727417,-0.03929772973060608,0.35043618083000183,0.40197890996932983,-0.04860835522413254,0.3320578932762146,0.5194658637046814,-0.028413156047463417,0.28619933128356934,0.4975707530975342,-0.04473157599568367,0.25718438625335693,0.48947805166244507,-0.055519986897706985,0.23215389251708984,0.48462316393852234,-0.06309668719768524,0.3217051029205322,0.5640246868133545,-0.029728906229138374,0.26782307028770447,0.5437178015708923,-0.04434650391340256,0.23503991961479187,0.5334359407424927,-0.05464283004403114,0.20807243883609772,0.5274490714073181,-0.06178942695260048,0.3240167498588562,0.6089791655540466,-0.032713890075683594,0.2753002941608429,0.6005731225013733,-0.047267474234104156,0.244726300239563,0.5972715616226196,-0.055983766913414,0.21930426359176636,0.5945236682891846,-0.061655666679143906,0.3357674479484558,0.6544116139411926,-0.0373133160173893,0.3007090985774994,0.6629951000213623,-0.051680754870176315,0.277729332447052,0.6679238080978394,-0.057664528489112854,0.25693777203559875,0.6703539490699768,-0.06084279716014862,N
0.47073420882225037,0.8821282386779785,4.802319040209113e-07,0.46509304642677307,0.7916564345359802,0.004089731257408857,0.4343729019165039,0.7198714017868042,-0.002035959856584668,0.4008440673351288,0.7027201056480408,-0.00936838798224926,0.3722318410873413,0.7089255452156067,-0.01812637224793434,0.4350067377090454,0.7045116424560547,-0.02708873338997364,0.40996694564819336,0.6132912635803223,-0.04385257139801979,0.3955609202384949,0.5590767860412598,-0.05312873423099518,0.38375744223594666,0.5140401721000671,-0.05772697553038597,0.4150595963001251,0.7395943999290466,-0.03594445437192917,0.37543192505836487,0.6455687284469604,-0.048876646906137466,0.35451939702033997,0.5884938836097717,-0.0538749136030674,0.33434489369392395,0.5428413152694702,-0.057709433138370514,0.3964370787143707,0.7856670022010803,-0.04206693544983864,0.3503122627735138,0.7265793681144714,-0.053710173815488815,0.3688816726207733,0.7428081035614014,-0.04687684029340744,0.3868938684463501,0.7626968622207642,-0.039286885410547256,0.38196396827697754,0.8338966369628906,-0.047260887920856476,0.34888389706611633,0.7874385714530945,-0.05291116237640381,0.3627651333808899,0.7941584587097168,-0.042840033769607544,0.37664732336997986,0.8076198101043701,-0.033418867737054825,N
0.41913720965385437,0.6360419988632202,2.2808623612036172e-07,0.4159371256828308,0.5638014078140259,-0.020525146275758743,0.39156436920166016,0.4968486428260803,-0.031178534030914307,0.36863261461257935,0.44351664185523987,-0.040027547627687454,0.35161539912223816,0.40090206265449524,-0.049540046602487564,0.3316323161125183,0.5187889933586121,-0.02833607979118824,0.2861288785934448,0.49632346630096436,-0.04477948322892189,0.25732943415641785,0.4870186746120453,-0.055804066359996796,0.23262381553649902,0.4808959364891052,-0.06355615705251694,0.3222620487213135,0.5634772181510925,-0.02964649721980095,0.26898664236068726,0.5435088872909546,-0.04455669969320297,0.2361796349287033,0.5330520868301392,-0.055302683264017105,0.209244504570961,0.5266839265823364,-0.06275021284818649,0.3251612186431885,0.608483612537384,-0.03269188478589058,0.27600327134132385,0.6004228591918945,-0.04752371832728386,0.2450159192085266,0.597321093082428,-0.05658484995365143,0.21916314959526062,0.5944764614105225,-0.06242666766047478,0.3370324671268463,0.6537496447563171,-0.03737916424870491,0.3016048073768616,0.6625032424926758,-0.05209630727767944,0.2779271900653839,0.6678998470306396,-0.05854245647788048,0.25625544786453247,0.6705130338668823,-0.06198568642139435,N
0.46874481439590454,0.8871917724609375,4.803479782822251e-07,0.46452972292900085,0.7973741888999939,0.0013386731734499335,0.43417254090309143,0.7238725423812866,-0.00514752184972167,0.3991723358631134,0.7049930095672607,-0.012674128636717796,0.3696444630622864,0.7085827589035034,-0.02160262130200863,0.4339081346988678,0.7100109457969666,-0.026505308225750923,0.4104802906513214,0.6188960075378418,-0.04249795153737068,0.39604637026786804,0.565671980381012,-0.050389695912599564,0.3840917944908142,0.5222457051277161,-0.05400044843554497,0.4119037985801697,0.7437317371368408,-0.0343642421066761,0.37429100275039673,0.6539995670318604,-0.04847553372383118,0.35123270750045776,0.5991062521934509,-0.05352313444018364,0.3292430341243744,0.5554664731025696,-0.05666547641158104,0.3920496702194214,0.789608895778656,-0.03997223824262619,0.35149961709976196,0.7338171601295471,-0.05352238193154335,0.36938703060150146,0.7486468553543091,-0.04776369407773018,0.38577842712402344,0.7679076194763184,-0.04012645035982132,0.37731215357780457,0.8371319770812988,-0.044822368770837784,0.34892287850379944,0.7896481156349182,-0.051686666905879974,0.3622531294822693,0.7951229214668274,-0.0424816869199276,0.3751368820667267,0.8087578415870667,-0.03332066535949707,N
0.4188348650932312,0.639952540397644,2.2441942348905286e-07,0.41652676463127136,0.5674784183502197,-0.019977081567049026,0.3925502896308899,0.5012990832328796,-0.03042563609778881,0.3696601092815399,0.44803470373153687,-0.039101384580135345,0.35272541642189026,0.40616822242736816,-0.04853496327996254,0.33306267857551575,0.5229830145835876,-0.028966616839170456,0.2873828709125519,0.5014450550079346,-0.04556812718510628,0.2581096589565277,0.49323153495788574,-0.05646975710988045,0.23328125476837158,0.4881656765937805,-0.0641576275229454,0.32276952266693115,0.5677775740623474,-0.030524658039212227,0.26902493834495544,0.5477338433265686,-0.045959752053022385,0.23584525287151337,0.537621796131134,-0.05700060725212097,0.2086799442768097,0.531126856803894,-0.06457497179508209,0.32525989413261414,0.6133259534835815,-0.03360866382718086,0.27582281827926636,0.6049335598945618,-0.04895991459488869,0.24475064873695374,0.6017512679100037,-0.05839549005031586,0.21899831295013428,0.598138153553009,-0.0644705668091774,0.33708566427230835,0.6592737436294556,-0.038193270564079285,0.3023836612701416,0.6683770418167114,-0.053659889847040176,0.27887091040611267,0.6738612055778503,-0.06053498387336731,0.2572824954986572,0.6762620806694031,-0.06418369710445404,N
0.4724792540073395,0.8922134637832642,5.055858878222352e-07,0.4671671688556671,0.7985799312591553,0.002525193151086569,0.43563348054885864,0.72645503282547,-0.00430407514795661,0.4003169536590576,0.7137970328330994,-0.012366841547191143,0.3707074522972107,0.726617693901062,-0.02169680967926979,0.4369911253452301,0.7144039869308472,-0.026101961731910706,0.41365599632263184,0.6205652356147766,-0.04281651973724365,0.39875659346580505,0.5661989450454712,-0.0520717017352581,0.38571351766586304,0.5216971635818481,-0.05684018135070801,0.41575950384140015,0.7501237392425537,-0.03452572971582413,0.37809470295906067,0.6559406518936157,-0.048190124332904816,0.356224000453949,0.599423348903656,-0.05334308743476868,0.33462828397750854,0.5542504787445068,-0.05719241499900818,0.39540284872055054,0.7965428829193115,-0.04063228517770767,0.35225650668144226,0.7345913052558899,-0.05278733745217323,0.37149670720100403,0.7493939995765686,-0.04572952538728714,0.3889472186565399,0.7690069675445557,-0.037912413477897644,0.3796647787094116,0.843330979347229,-0.04607376828789711,0.3504583239555359,0.7938306331634521,-0.051463011652231216,0.3651799261569977,0.7992492318153381,-0.04128632694482803,0.3785998225212097,0.8126478791236877,-0.03199855983257294,N
0.42117011547088623,0.64259272813797,2.2216048023437907e-07,0.4185328483581543,0.5696723461151123,-0.02034064382314682,0.3944977819919586,0.5043027997016907,-0.03129327669739723,0.3714124262332916,0.4518510103225708,-0.04039159417152405,0.3542498052120209,0.40890705585479736,-0.050240658223629,0.3345596194267273,0.5253416299819946,-0.029821239411830902,0.2888678014278412,0.5037744641304016,-0.04658417031168938,0.26010188460350037,0.49584731459617615,-0.05749543383717537,0.2353784441947937,0.49088454246520996,-0.0651901513338089,0.3247610628604889,0.5697125792503357,-0.031372666358947754,0.2710186839103699,0.5501332879066467,-0.04704592749476433,0.2377641499042511,0.5405062437057495,-0.05814738944172859,0.2103278785943985,0.5348598957061768,-0.06586246937513351,0.3276824653148651,0.6146950721740723,-0.034455422312021255,0.2787114977836609,0.6077467203140259,-0.04998574033379555,0.2481057494878769,0.6050828695297241,-0.05926043540239334,0.22253933548927307,0.6020159125328064,-0.0652511939406395,0.33978191018104553,0.6602332592010498,-0.03906723111867905,0.3043540418148041,0.6706544756889343,-0.054406289011240005,0.2810530364513397,0.6755266785621643,-0.061018139123916626,0.25956618785858154,0.6769732236862183,-0.0646030604839325,N
0.4713635742664337,0.8900951743125916,4.9297841542284e-07,0.4682856500148773,0.7998327612876892,0.0012879205169156194,0.43986275792121887,0.7236371636390686,-0.006054947152733803,0.4078967571258545,0.7033354043960571,-0.014156771823763847,0.38026854395866394,0.7074872851371765,-0.023516008630394936,0.44039809703826904,0.712139904499054,-0.029628172516822815,0.414652943611145,0.6192843317985535,-0.046527862548828125,0.3990998864173889,0.5663573145866394,-0.05540081858634949,0.3856544494628906,0.5230088233947754,-0.05980219691991806,0.41851484775543213,0.7486112117767334,-0.037635233253240585,0.37995684146881104,0.6519384980201721,-0.05183059349656105,0.3574923574924469,0.5941842794418335,-0.05700244754552841,0.3349918723106384,0.5481840372085571,-0.06064818799495697,0.39795348048210144,0.7953603267669678,-0.043131668120622635,0.35407960414886475,0.7308802008628845,-0.05585397779941559,0.37317368388175964,0.746314287185669,-0.04857495054602623,0.39044129848480225,0.7666911482810974,-0.04041433334350586,0.38178518414497375,0.8426556587219238,-0.04800773039460182,0.35199135541915894,0.7904783487319946,-0.05420190840959549,0.3664952516555786,0.7958548069000244,-0.04391726106405258,0.3796420693397522,0.8094767332077026,-0.034311000257730484,N
0.42129701375961304,0.6421994566917419,2.1967977659187454e-07,0.41847291588783264,0.5700697898864746,-0.018592525273561478,0.3936076760292053,0.5044506788253784,-0.02812156453728676,0.37049752473831177,0.45182687044143677,-0.03611285239458084,0.3541156053543091,0.4106515049934387,-0.04482719674706459,0.33438313007354736,0.5272634625434875,-0.026926307007670403,0.28899872303009033,0.5059890747070312,-0.042443711310625076,0.26018601655960083,0.4976228177547455,-0.05264671519398689,0.2356218546628952,0.49204522371292114,-0.0599273219704628,0.3242749571800232,0.5716894268989563,-0.028769388794898987,0.27107641100883484,0.5528019666671753,-0.04317815229296684,0.23807305097579956,0.5433453321456909,-0.05340958759188652,0.21075312793254852,0.537354588508606,-0.06047670543193817,0.32673782110214233,0.6166976690292358,-0.03205909952521324,0.27731192111968994,0.6096757650375366,-0.04630056768655777,0.24679279327392578,0.6069329977035522,-0.05490495264530182,0.22126346826553345,0.6037179827690125,-0.06048401817679405,0.3384653329849243,0.661858856678009,-0.03681325167417526,0.30364522337913513,0.6718279123306274,-0.0512116402387619,0.2803407907485962,0.67694491147995,-0.05749329924583435,0.2589901089668274,0.6785103678703308,-0.060799628496170044,N
0.47188839316368103,0.8911638855934143,4.543506122445251e-07,0.46669620275497437,0.7999789714813232,0.002354630269110203,0.4358445405960083,0.7270223498344421,-0.003969209734350443,0.40125352144241333,0.7082962989807129,-0.011341978795826435,0.3722304701805115,0.712080180644989,-0.019990602508187294,0.4376756250858307,0.7115145921707153,-0.026259714737534523,0.41183188557624817,0.6221080422401428,-0.04207746312022209,0.3966607451438904,0.5703389048576355,-0.05029796436429024,0.38387641310691833,0.528228759765625,-0.054229676723480225,0.417021244764328,0.7450951933860779,-0.034449197351932526,0.37724706530570984,0.6548964977264404,-0.047296103090047836,0.35408666729927063,0.6001425981521606,-0.05211993679404259,0.3319154977798462,0.5577162504196167,-0.055622201412916183,0.3975805640220642,0.7907215356826782,-0.04029124230146408,0.35368961095809937,0.7364063858985901,-0.05184650048613548,0.37111973762512207,0.7500482201576233,-0.04582729935646057,0.3880230188369751,0.7684476375579834,-0.03876272961497307,0.3817942142486572,0.8385151624679565,-0.045405223965644836,0.3497401773929596,0.7923497557640076,-0.050856269896030426,0.36304664611816406,0.7979324460029602,-0.04142587631940842,0.37632066011428833,0.8114622831344604,-0.03258122131228447,N
0.42139002680778503,0.6424089670181274,2.185438603419243e-07,0.4181387722492218,0.5702608823776245,-0.019063156098127365,0.3939608335494995,0.5054238438606262,-0.029110047966241837,0.371340811252594,0.45323407649993896,-0.037606511265039444,0.3545406460762024,0.41118794679641724,-0.046885594725608826,0.3334693908691406,0.5265498757362366,-0.027139203622937202,0.28804463148117065,0.5062662959098816,-0.0431637242436409,0.2590597867965698,0.4989333748817444,-0.053973644971847534,0.23410353064537048,0.49455684423446655,-0.06169798597693443,0.3237585723400116,0.5706989765167236,-0.029101980850100517,0.2706310749053955,0.5514091849327087,-0.04360991343855858,0.23785454034805298,0.5419781804084778,-0.05421847850084305,0.21083654463291168,0.5362754464149475,-0.06167145445942879,0.3266216516494751,0.6157374382019043,-0.03266202658414841,0.27794843912124634,0.6088828444480896,-0.04713623970746994,0.24752646684646606,0.6061868667602539,-0.05623052641749382,0.2220955193042755,0.6029838919639587,-0.0622716061770916,0.3387715816497803,0.6614450812339783,-0.03774343803524971,0.3041255474090576,0.6719536781311035,-0.05225867033004761,0.2809785306453705,0.6772916316986084,-0.058706529438495636,0.25962579250335693,0.6789096593856812,-0.062280066311359406,N
0.47051864862442017,0.8890963196754456,4.908725941277226e-07,0.46526747941970825,0.7989208102226257,0.002712808083742857,0.4354127049446106,0.7285376191139221,-0.0036584821064025164,0.40313857793807983,0.7143202424049377,-0.011333283968269825,0.3757536709308624,0.7245242595672607,-0.020401068031787872,0.43594521284103394,0.7124130129814148,-0.024789128452539444,0.41152191162109375,0.6240285634994507,-0.041051920503377914,0.397475004196167,0.5707165002822876,-0.050151363015174866,0.3860110640525818,0.5263435244560242,-0.05471933260560036,0.41443878412246704,0.7463105916976929,-0.03317933902144432,0.37491026520729065,0.6569781303405762,-0.046357132494449615,0.3536050021648407,0.6010875105857849,-0.05135910212993622,0.3335613012313843,0.5555919408798218,-0.05495655536651611,0.39496809244155884,0.7920798659324646,-0.03930062800645828,0.35220927000045776,0.7361393570899963,-0.051647912710905075,0.37106969952583313,0.7534846067428589,-0.04533150792121887,0.3884241282939911,0.7735766172409058,-0.037917010486125946,0.3803333342075348,0.8395193815231323,-0.04470190033316612,0.35200199484825134,0.795958936214447,-0.05087835341691971,0.3667510449886322,0.8042429685592651,-0.04131731763482094,0.3802391588687897,0.8180292248725891,-0.03228399530053139,N
0.41962671279907227,0.6453142762184143,2.075529437206569e-07,0.417468786239624,0.571736752986908,-0.018408892676234245,0.39315536618232727,0.5037583112716675,-0.027820877730846405,0.3704643249511719,0.45097532868385315,-0.03582059219479561,0.3546111583709717,0.409969687461853,-0.04455401003360748,0.33484843373298645,0.5268512964248657,-0.026989364996552467,0.2888246476650238,0.5054482817649841,-0.04273675009608269,0.2595219910144806,0.49735358357429504,-0.05289284139871597,0.23490315675735474,0.49232542514801025,-0.060045111924409866,0.32498493790626526,0.5712385177612305,-0.029106806963682175,0.27093106508255005,0.5519710183143616,-0.04406152293086052,0.23707038164138794,0.5417842268943787,-0.05463992431759834,0.20929566025733948,0.5357227325439453,-0.06176784262061119,0.32745087146759033,0.6162497401237488,-0.03264469653367996,0.2776217758655548,0.6085807681083679,-0.04754091054201126,0.24669286608695984,0.6053040623664856,-0.056571830064058304,0.22087639570236206,0.6018514037132263,-0.06231576204299927,0.33879441022872925,0.6616023182868958,-0.03758635371923447,0.3047715425491333,0.6715521812438965,-0.05266883969306946,0.28155070543289185,0.6771116256713867,-0.059277623891830444,0.2603631615638733,0.6797020435333252,-0.0627221167087555,N
0.47415825724601746,0.8905081748962402,4.966398137185024e-07,0.46801644563674927,0.7985106706619263,0.003867990104481578,0.43722110986709595,0.7261571884155273,-0.002469410188496113,0.40366747975349426,0.7117083668708801,-0.01010090857744217,0.37509065866470337,0.7214309573173523,-0.019047321751713753,0.4387112557888031,0.7110884189605713,-0.026432422921061516,0.4138771593570709,0.621127724647522,-0.04356833174824715,0.3988926112651825,0.5671838521957397,-0.05328752472996712,0.3864278197288513,0.5222641229629517,-0.05825373902916908,0.417939692735672,0.7461395859718323,-0.03536037728190422,0.37884727120399475,0.6531129479408264,-0.04879008233547211,0.3560974597930908,0.5962515473365784,-0.05429425090551376,0.33437108993530273,0.5510654449462891,-0.05853908881545067,0.3977418541908264,0.7923980355262756,-0.041749414056539536,0.35320597887039185,0.7334160208702087,-0.05319463089108467,0.3702400028705597,0.7490494847297668,-0.04650820046663284,0.3869866132736206,0.768620491027832,-0.039103273302316666,0.38140618801116943,0.8398091197013855,-0.047334711998701096,0.3505131006240845,0.7926711440086365,-0.05183926597237587,0.3633182644844055,0.7977437376976013,-0.04168856889009476,0.375992089509964,0.8099797964096069,-0.03253611549735069,N
0.4213002324104309,0.6423607468605042,2.1985067633067956e-07,0.4186382293701172,0.5702831149101257,-0.01952170394361019,0.39456650614738464,0.5039749145507812,-0.029751887544989586,0.3720395863056183,0.4516671895980835,-0.0382833294570446,0.35502344369888306,0.41090089082717896,-0.047612085938453674,0.3350867033004761,0.5264233946800232,-0.028851378709077835,0.28990140557289124,0.5051034688949585,-0.04510275274515152,0.2610020041465759,0.4966854453086853,-0.05578956380486488,0.23623329401016235,0.4913311004638672,-0.06334947794675827,0.3252584934234619,0.5705269575119019,-0.0305646900087595,0.27174896001815796,0.5506561398506165,-0.04561431705951691,0.23860818147659302,0.5407000780105591,-0.05636357143521309,0.2113698422908783,0.5347437858581543,-0.06385445594787598,0.32794418931007385,0.6154587864875793,-0.033754922449588776,0.2791110575199127,0.6075765490531921,-0.048599932342767715,0.2484247386455536,0.6042098999023438,-0.057815127074718475,0.22287368774414062,0.6011140942573547,-0.06385952979326248,0.3396506905555725,0.6609140038490295,-0.038449835032224655,0.30476319789886475,0.6702752709388733,-0.053336791694164276,0.28142985701560974,0.675620436668396,-0.05998336523771286,0.25999170541763306,0.6780149340629578,-0.0636429488658905,N
0.47099822759628296,0.8883435130119324,5.093988875159994e-07,0.4655221104621887,0.7976080179214478,0.0029232013039290905,0.43517470359802246,0.7270588278770447,-0.0035850475542247295,0.40226560831069946,0.7142990231513977,-0.011154739186167717,0.37486955523490906,0.7241392135620117,-0.020002564415335655,0.4371573030948639,0.7130309343338013,-0.027749735862016678,0.41341885924339294,0.619962751865387,-0.04449370875954628,0.3981477618217468,0.5659780502319336,-0.0537528395652771,0.38497596979141235,0.5217206478118896,-0.05864813178777695,0.4158940613269806,0.7478048801422119,-0.03595074266195297,0.3785623610019684,0.6548670530319214,-0.04961727559566498,0.35631394386291504,0.5988243818283081,-0.055298011749982834,0.3347857594490051,0.5541653037071228,-0.05963403731584549,0.3957197368144989,0.7936336994171143,-0.04151444509625435,0.35303521156311035,0.7351678609848022,-0.05287018045783043,0.3714941740036011,0.750525176525116,-0.04604289308190346,0.3884313404560089,0.7688091397285461,-0.038704510778188705,0.38021641969680786,0.8400352001190186,-0.046344563364982605,0.3523175120353699,0.7958500385284424,-0.05131850764155388,0.36651819944381714,0.8017088770866394,-0.04152738302946091,0.3794761598110199,0.8132631182670593,-0.03259766846895218,N
0.4209837317466736,0.6456806063652039,2.1378184555942426e-07,0.41834959387779236,0.5720731019973755,-0.018926596269011497,0.39317309856414795,0.5050727725028992,-0.0282825268805027,0.3701518177986145,0.45211923122406006,-0.03607303276658058,0.35407784581184387,0.4104079604148865,-0.04467662051320076,0.3357788622379303,0.5278877019882202,-0.027213316410779953,0.2903212010860443,0.5072339177131653,-0.04289744421839714,0.2612496018409729,0.49887341260910034,-0.05325571820139885,0.23638916015625,0.49341636896133423,-0.06064838543534279,0.32533732056617737,0.5717109441757202,-0.028990739956498146,0.27243518829345703,0.5515384674072266,-0.043384283781051636,0.23939776420593262,0.5408890247344971,-0.0537024661898613,0.21217408776283264,0.5339571237564087,-0.060908183455467224,0.32717978954315186,0.6166144013404846,-0.032317619770765305,0.27840331196784973,0.6080695390701294,-0.04698209464550018,0.2475220263004303,0.6050011515617371,-0.056164614856243134,0.22179347276687622,0.6019360423088074,-0.06217433139681816,0.33824002742767334,0.6623532772064209,-0.037115428596735,0.30366289615631104,0.6718298196792603,-0.051925431936979294,0.2805935740470886,0.6776374578475952,-0.05851070210337639,0.25955358147621155,0.6802432537078857,-0.062151599675416946,N
0.46744295954704285,0.8925506472587585,5.359057126952393e-07,0.46512335538864136,0.8033850789070129,-0.00035065849078819156,0.4363466203212738,0.7341636419296265,-0.007771607488393784,0.4021075665950775,0.7237630486488342,-0.016016216948628426,0.37393251061439514,0.7387427091598511,-0.025699930265545845,0.4337671101093292,0.7168950438499451,-0.026416875422000885,0.41125068068504333,0.625700056552887,-0.042965590953826904,0.39720430970191956,0.5698028802871704,-0.052232783287763596,0.38577061891555786,0.5245676040649414,-0.056911349296569824,0.4082922041416168,0.74691241979599,-0.032678913325071335,0.37564152479171753,0.6556694507598877,-0.04599962383508682,0.354604035615921,0.5990636944770813,-0.05112101882696152,0.33463725447654724,0.5538025498390198,-0.05449320748448372,0.38679471611976624,0.7894814610481262,-0.03697590529918671,0.3511890769004822,0.7384250164031982,-0.047814399003982544,0.3694932758808136,0.7511924505233765,-0.04195951297879219,0.3859322965145111,0.7679696083068848,-0.0351848229765892,0.3716534972190857,0.8348169326782227,-0.04098448529839516,0.35062313079833984,0.7932919859886169,-0.04506619647145271,0.3654229938983917,0.797681450843811,-0.035805314779281616,0.37830203771591187,0.8087115287780762,-0.027307763695716858,N
0.41807329654693604,0.6462517380714417,2.2002821253863658e-07,0.4160449802875519,0.5745390057563782,-0.01828473061323166,0.39088714122772217,0.5110408067703247,-0.02810007706284523,0.36796072125434875,0.4602169990539551,-0.03634792938828468,0.35121530294418335,0.41970163583755493,-0.04539748281240463,0.33182549476623535,0.533452033996582,-0.027998147532343864,0.2863155007362366,0.5124382376670837,-0.04385554417967796,0.25798243284225464,0.5045608878135681,-0.05416824668645859,0.2334979772567749,0.500490665435791,-0.061450693756341934,0.32145121693611145,0.5784263014793396,-0.030154956504702568,0.2676609456539154,0.5575025081634521,-0.04463878646492958,0.23458382487297058,0.5473990440368652,-0.05490432307124138,0.20723555982112885,0.5412789583206177,-0.06203996017575264,0.3236791789531708,0.6241099238395691,-0.033679522573947906,0.27474838495254517,0.6154760122299194,-0.048024922609329224,0.24374684691429138,0.6122143268585205,-0.05699673295021057,0.21837246417999268,0.6089009046554565,-0.06287144869565964,0.3353244960308075,0.6700030565261841,-0.03854962810873985,0.2997223734855652,0.6807920932769775,-0.05294046923518181,0.27651625871658325,0.6876197457313538,-0.059047624468803406,0.2557012438774109,0.6911913156509399,-0.06229622662067413,N
0.4616937041282654,0.9016197919845581,5.498299628925452e-07,0.45995667576789856,0.8114141821861267,-0.004186064004898071,0.4284151792526245,0.7432436347007751,-0.011760005727410316,0.3937036097049713,0.7372512817382812,-0.019272206351161003,0.36700859665870667,0.7546694874763489,-0.027838945388793945,0.4257991313934326,0.7263879776000977,-0.027098635211586952,0.3996056020259857,0.636444091796875,-0.04279841110110283,0.38330379128456116,0.5831577777862549,-0.05152377858757973,0.3713511526584625,0.5408744812011719,-0.055495310574769974,0.39818015694618225,0.7634190917015076,-0.0305137038230896,0.36361798644065857,0.6756000518798828,-0.04508808255195618,0.3409528434276581,0.6210969090461731,-0.05137549713253975,0.3208170235157013,0.58062744140625,-0.05419838801026344,0.375702828168869,0.8076491951942444,-0.03220245614647865,0.34796011447906494,0.7496223449707031,-0.043283894658088684,0.3671348989009857,0.7584867477416992,-0.03865896910429001,0.3834705948829651,0.7764956951141357,-0.03179003298282623,0.3610547184944153,0.8502710461616516,-0.0339585542678833,0.34817424416542053,0.7972305417060852,-0.037528663873672485,0.36407020688056946,0.8006407618522644,-0.02851349674165249,0.3768627345561981,0.8147174715995789,-0.01960194855928421,N
0.41842120885849,0.6518256068229675,2.2656449516489374e-07,0.41563525795936584,0.5793790817260742,-0.01974041573703289,0.38945499062538147,0.5151177048683167,-0.029790710657835007,0.3653252422809601,0.4637613892555237,-0.03807372972369194,0.3484497666358948,0.42163392901420593,-0.04695205017924309,0.32948487997055054,0.5399103164672852,-0.027765583246946335,0.2842618227005005,0.5184568166732788,-0.04325098171830177,0.2563225030899048,0.5099384188652039,-0.05351018160581589,0.23185960948467255,0.5049800276756287,-0.060969844460487366,0.31849560141563416,0.584549605846405,-0.029336722567677498,0.2649809718132019,0.5637547969818115,-0.04373537749052048,0.2315160632133484,0.5541325807571411,-0.05430193617939949,0.2034846544265747,0.5482158064842224,-0.06178748235106468,0.32025977969169617,0.6294167041778564,-0.032529283314943314,0.27081477642059326,0.6202308535575867,-0.04722419008612633,0.23952719569206238,0.617681622505188,-0.0571935810148716,0.21359780430793762,0.6150251626968384,-0.0638384148478508,0.3318400979042053,0.6742528676986694,-0.037205856293439865,0.2961779534816742,0.6867552995681763,-0.05194540694355965,0.2730017900466919,0.6956278085708618,-0.058916348963975906,0.25194263458251953,0.7007786631584167,-0.06296063214540482,N
0.466033011674881,0.9095933437347412,5.33168872607348e-07,0.46027299761772156,0.8196382522583008,-1.7589378330740146e-05,0.42847251892089844,0.7501620650291443,-0.006578326225280762,0.3958073854446411,0.7407868504524231,-0.014105794951319695,0.3713635504245758,0.7603719830513,-0.02294546738266945,0.41973429918289185,0.7355661392211914,-0.023163050413131714,0.3916911482810974,0.6483254432678223,-0.03828264772891998,0.3767407238483429,0.5949509739875793,-0.04678098484873772,0.36590561270713806,0.5521565675735474,-0.050682175904512405,0.39639660716056824,0.7733643054962158,-0.02905893884599209,0.35836541652679443,0.6852449178695679,-0.04163815826177597,0.33456653356552124,0.6303399205207825,-0.04692312330007553,0.3126957416534424,0.5899012088775635,-0.04988623410463333,0.3788294792175293,0.81966632604599,-0.03312535956501961,0.34422868490219116,0.7648021578788757,-0.043380603194236755,0.3632379174232483,0.7699993848800659,-0.038851141929626465,0.38058143854141235,0.784888505935669,-0.032646290957927704,0.36886027455329895,0.8649600744247437,-0.036890871822834015,0.3483792245388031,0.8158020377159119,-0.04033847525715828,0.363227903842926,0.8140265941619873,-0.031608715653419495,0.37607133388519287,0.8237192630767822,-0.023370902985334396,N
0.4189333915710449,0.6578103303909302,2.099642557595871e-07,0.4158584475517273,0.5828111171722412,-0.016547830775380135,0.3865375816822052,0.5170695185661316,-0.024560552090406418,0.36140957474708557,0.46507152915000916,-0.03136887028813362,0.34584304690361023,0.42298704385757446,-0.039004746824502945,0.326908141374588,0.5423613786697388,-0.02471589483320713,0.2813641428947449,0.5214077234268188,-0.03883485868573189,0.2529260218143463,0.5129465460777283,-0.04810051620006561,0.22834695875644684,0.5081203579902649,-0.05501817539334297,0.3171270489692688,0.5875064730644226,-0.027388067916035652,0.2637663185596466,0.5666941404342651,-0.04081863537430763,0.22970256209373474,0.5563597083091736,-0.05045632645487785,0.2016347348690033,0.5504817366600037,-0.05734435096383095,0.3198411464691162,0.6330281496047974,-0.03146270290017128,0.27025166153907776,0.6250633001327515,-0.04513312131166458,0.23895929753780365,0.6218659281730652,-0.05411934107542038,0.21328169107437134,0.6186628341674805,-0.06020139902830124,0.33182159066200256,0.6787490248680115,-0.036831699311733246,0.2954806387424469,0.6907808780670166,-0.05092550069093704,0.2714657783508301,0.6974608302116394,-0.05752585083246231,0.24973110854625702,0.7003872394561768,-0.0613991804420948,N
0.4652244746685028,0.9112765192985535,5.280398909235373e-07,0.46170371770858765,0.8184207677841187,-0.0018429623451083899,0.42975398898124695,0.7482872009277344,-0.007688041310757399,0.39451926946640015,0.7404080629348755,-0.014120390638709068,0.36961355805397034,0.7649663686752319,-0.02134133316576481,0.41730624437332153,0.7362344861030579,-0.019985999912023544,0.3891165256500244,0.6493414640426636,-0.03382203355431557,0.3745954930782318,0.5960714817047119,-0.04201309010386467,0.36425918340682983,0.5536298155784607,-0.04577045515179634,0.39250919222831726,0.773408830165863,-0.023974087089300156,0.3552984595298767,0.6879218816757202,-0.0354870967566967,0.3327365517616272,0.631747841835022,-0.04062139615416527,0.31230729818344116,0.5902822017669678,-0.043434180319309235,0.37400203943252563,0.8172632455825806,-0.026623070240020752,0.3432144522666931,0.7592306137084961,-0.035483237355947495,0.36229628324508667,0.7619867324829102,-0.03156876191496849,0.37943750619888306,0.7769747972488403,-0.025984060019254684,0.36341649293899536,0.858210563659668,-0.02932325005531311,0.34744513034820557,0.8062325716018677,-0.03161144256591797,0.36258864402770996,0.8036709427833557,-0.023680873215198517,0.37533000111579895,0.8149005174636841,-0.016193445771932602,N
0.4192807674407959,0.6571065783500671,2.0156117841452215e-07,0.41679680347442627,0.5826383829116821,-0.01691233552992344,0.387822687625885,0.5151753425598145,-0.02450132742524147,0.36285850405693054,0.46390974521636963,-0.03080662526190281,0.3465304672718048,0.4229526221752167,-0.03783450648188591,0.32710662484169006,0.5405005812644958,-0.023661773651838303,0.28113049268722534,0.5195388793945312,-0.0374736487865448,0.2526198625564575,0.5107525587081909,-0.04651862755417824,0.22818899154663086,0.5056034326553345,-0.05320577695965767,0.31677281856536865,0.5847848057746887,-0.02596425451338291,0.2633305490016937,0.5631802082061768,-0.03882896155118942,0.22969239950180054,0.5526217818260193,-0.048278726637363434,0.2020583599805832,0.5467912554740906,-0.05503960698843002,0.31900128722190857,0.6298621296882629,-0.029819434508681297,0.2698747515678406,0.6210460066795349,-0.043313171714544296,0.2389407753944397,0.618334174156189,-0.05250287801027298,0.21326866745948792,0.6159371733665466,-0.05872686952352524,0.3305050730705261,0.6757314801216125,-0.0350140817463398,0.294842004776001,0.6870426535606384,-0.049114905297756195,0.2712908089160919,0.6942936778068542,-0.05591341853141785,0.2497037649154663,0.698273241519928,-0.05991978570818901,N
0.467846155166626,0.904204249382019,5.280214168124076e-07,0.4612894654273987,0.8147740364074707,0.0013805199414491653,0.4299083352088928,0.7469828128814697,-0.004453159403055906,0.39827004075050354,0.734572172164917,-0.01141371950507164,0.3752283453941345,0.7522629499435425,-0.01952836662530899,0.416426420211792,0.7308460474014282,-0.021890312433242798,0.3901226818561554,0.6424739360809326,-0.03748973831534386,0.3765651285648346,0.5882751941680908,-0.046563632786273956,0.3669622242450714,0.5451552867889404,-0.0507580041885376,0.39344340562820435,0.7693056464195251,-0.02830902859568596,0.3532751202583313,0.6821732521057129,-0.04027679190039635,0.3282449245452881,0.6288557648658752,-0.045017268508672714,0.3048975467681885,0.5904531478881836,-0.047845058143138885,0.37748122215270996,0.8155328035354614,-0.0329204760491848,0.34298306703567505,0.761628270149231,-0.042657576501369476,0.36191272735595703,0.7641220688819885,-0.03760683909058571,0.37928539514541626,0.7772931456565857,-0.031317487359046936,0.3694953918457031,0.8602691292762756,-0.0372668094933033,0.3499166667461395,0.8116744756698608,-0.040648672729730606,0.3649674654006958,0.8075867891311646,-0.03192685544490814,0.37797024846076965,0.8154075741767883,-0.023730864748358727,N
0.4196123480796814,0.654995322227478,1.908629769786785e-07,0.41744348406791687,0.5786387324333191,-0.01742842048406601,0.38829270005226135,0.5102418661117554,-0.02502492070198059,0.3631402254104614,0.4587695598602295,-0.031206123530864716,0.3473779261112213,0.4176363945007324,-0.03803085908293724,0.33008772134780884,0.5326504111289978,-0.024358736351132393,0.2838893234729767,0.5097975730895996,-0.03841077908873558,0.2546141445636749,0.5001677870750427,-0.0478111170232296,0.22970357537269592,0.4945494830608368,-0.05472809448838234,0.3198317587375641,0.577284038066864,-0.026280352845788002,0.2665712535381317,0.5545791983604431,-0.039153650403022766,0.23282548785209656,0.5426353812217712,-0.048597440123558044,0.2055225968360901,0.5357363224029541,-0.05536114424467087,0.32163190841674805,0.6217806339263916,-0.02978324331343174,0.27242979407310486,0.610023558139801,-0.04321008175611496,0.24126264452934265,0.6063228845596313,-0.052221398800611496,0.21589265763759613,0.6038107872009277,-0.05821874737739563,0.3325684368610382,0.6669843196868896,-0.03469522297382355,0.2959330081939697,0.6760808229446411,-0.04859239608049393,0.27202969789505005,0.6830394864082336,-0.055097147822380066,0.2509376108646393,0.687081515789032,-0.05881432071328163,N
0.4640205502510071,0.8973671793937683,5.3861913329456e-07,0.4580821096897125,0.8076181411743164,-0.003839390352368355,0.42461976408958435,0.7417538166046143,-0.011255268007516861,0.38767391443252563,0.7350054979324341,-0.018520167097449303,0.35958173871040344,0.756885290145874,-0.02654208056628704,0.4170205593109131,0.7241950631141663,-0.023876868188381195,0.39033937454223633,0.6333305835723877,-0.03931698948144913,0.37666088342666626,0.5780549645423889,-0.04839615896344185,0.36648544669151306,0.5337718725204468,-0.05261087790131569,0.39355266094207764,0.7616278529167175,-0.02682575397193432,0.35722294449806213,0.67401522397995,-0.03893865644931793,0.3345368504524231,0.6209748983383179,-0.04378022626042366,0.31329602003097534,0.5812204480171204,-0.046584028750658035,0.3762683868408203,0.8056975603103638,-0.028566451743245125,0.3421970009803772,0.7517862915992737,-0.03890225663781166,0.35974597930908203,0.7556682825088501,-0.034428924322128296,0.3767085671424866,0.7706649899482727,-0.028240326792001724,0.3661065101623535,0.8480625152587891,-0.030354078859090805,0.34563231468200684,0.795846164226532,-0.03414221853017807,0.36066070199012756,0.7944427132606506,-0.025993287563323975,0.374254435300827,0.8056785464286804,-0.018129674717783928,N
0.4192385971546173,0.6499319076538086,1.8946954583043407e-07,0.4175746440887451,0.5736740827560425,-0.015457270666956902,0.3890220522880554,0.5053190588951111,-0.02204602025449276,0.3656359910964966,0.45402148365974426,-0.027630001306533813,0.3511744439601898,0.4141218066215515,-0.033925965428352356,0.3303717374801636,0.5245813131332397,-0.022346967831254005,0.2836300730705261,0.501788854598999,-0.03578765690326691,0.2545757591724396,0.4915558099746704,-0.04452730715274811,0.23049487173557281,0.48536917567253113,-0.050902679562568665,0.3201411962509155,0.568355143070221,-0.024937644600868225,0.2669947147369385,0.5452927350997925,-0.03746851161122322,0.23409482836723328,0.5328758955001831,-0.04660290107131004,0.20825958251953125,0.5257270336151123,-0.052940733730793,0.3220686912536621,0.6129115223884583,-0.028959566727280617,0.27287256717681885,0.6028627753257751,-0.042104486376047134,0.24216413497924805,0.5989384055137634,-0.05107725039124489,0.21745231747627258,0.5957810282707214,-0.057003315538167953,0.33303114771842957,0.658012866973877,-0.03418922424316406,0.29760104417800903,0.6672472357749939,-0.048089176416397095,0.27403295040130615,0.6738860011100769,-0.05474279820919037,0.2532362639904022,0.6774145364761353,-0.05847598612308502,N
0.4636158347129822,0.887933611869812,5.273280976325623e-07,0.4607970714569092,0.7989054322242737,-0.00260863802395761,0.43095606565475464,0.7318530082702637,-0.009482371620833874,0.39684802293777466,0.7204974293708801,-0.01645142026245594,0.3712310194969177,0.7381845712661743,-0.024283824488520622,0.4191892743110657,0.7180027961730957,-0.02484973333775997,0.39188307523727417,0.628915548324585,-0.03999074548482895,0.3775673806667328,0.5755041241645813,-0.048244938254356384,0.3675496578216553,0.5328496098518372,-0.051501404494047165,0.3943285644054413,0.7556924223899841,-0.028339087963104248,0.3555850386619568,0.6680194139480591,-0.04129571467638016,0.33353644609451294,0.6116418242454529,-0.04633427411317825,0.3147071897983551,0.5698145031929016,-0.04847098886966705,0.3756508529186249,0.7972801327705383,-0.03019547462463379,0.34721478819847107,0.7362489104270935,-0.0406862311065197,0.36537280678749084,0.7382702827453613,-0.03723399341106415,0.38198405504226685,0.75253826379776,-0.03123766928911209,0.3648541569709778,0.8339649438858032,-0.03186102211475372,0.3490348160266876,0.7773979902267456,-0.035273194313049316,0.3642660677433014,0.774591863155365,-0.02738315984606743,0.3773300349712372,0.7859081625938416,-0.019327793270349503,N
0.42296671867370605,0.6397338509559631,1.7792797279980732e-07,0.42012548446655273,0.5650151968002319,-0.014998704195022583,0.3926752209663391,0.4958420693874359,-0.021614057943224907,0.36973878741264343,0.4441491663455963,-0.027386942878365517,0.3557288348674774,0.40491926670074463,-0.03398031368851662,0.33447977900505066,0.5162703394889832,-0.02300933189690113,0.2880009412765503,0.49295035004615784,-0.036871861666440964,0.2590970993041992,0.48121997714042664,-0.04586819186806679,0.23489177227020264,0.47314295172691345,-0.05237951874732971,0.32379624247550964,0.5595692992210388,-0.026005858555436134,0.2715458869934082,0.5360867381095886,-0.038832779973745346,0.238419771194458,0.5219244360923767,-0.04798251390457153,0.2121250033378601,0.5130870342254639,-0.05442415177822113,0.3255522847175598,0.6035355925559998,-0.030346015468239784,0.27694886922836304,0.5937250256538391,-0.043682489544153214,0.2462342530488968,0.5897330045700073,-0.052612338215112686,0.22157250344753265,0.586576521396637,-0.05860510468482971,0.3365512788295746,0.6484872698783875,-0.03588872030377388,0.3012949228286743,0.6588249802589417,-0.0500979870557785,0.2777274250984192,0.6654679179191589,-0.05682966113090515,0.256987065076828,0.6688967943191528,-0.06064673140645027,N
0.4622805416584015,0.8791565895080566,4.780944777849072e-07,0.4608137309551239,0.7899433970451355,-0.0028628194704651833,0.4323870837688446,0.720636248588562,-0.009531398303806782,0.39900439977645874,0.7072876691818237,-0.016298599541187286,0.3734627366065979,0.7203117609024048,-0.02406325936317444,0.42380964756011963,0.7085098624229431,-0.024940067902207375,0.3954765200614929,0.6215002536773682,-0.039201520383358,0.3799794316291809,0.5705742835998535,-0.04648251831531525,0.36857739090919495,0.5306360721588135,-0.04936786741018295,0.3990020155906677,0.7448249459266663,-0.02825990505516529,0.3635586202144623,0.6577427983283997,-0.04010237753391266,0.3404010236263275,0.6061681509017944,-0.044600702822208405,0.3194034695625305,0.56940096616745,-0.0467873215675354,0.37937939167022705,0.786956250667572,-0.030012421309947968,0.3498462736606598,0.7292564511299133,-0.039741452783346176,0.36860206723213196,0.7348461151123047,-0.03589066490530968,0.385627806186676,0.7513134479522705,-0.03000391460955143,0.36694109439849854,0.8270138502120972,-0.03157511353492737,0.34826040267944336,0.7765340805053711,-0.03495953232049942,0.36322543025016785,0.7759572267532349,-0.027138497680425644,0.3763749301433563,0.7890722751617432,-0.019338011741638184,N
0.42405587434768677,0.6363060474395752,2.1507504754936235e-07,0.4219394028186798,0.561231791973114,-0.01630098931491375,0.39511653780937195,0.4950297176837921,-0.024234889075160027,0.37218886613845825,0.44417184591293335,-0.030973313376307487,0.35749757289886475,0.4044136703014374,-0.03848821669816971,0.3362622559070587,0.5147650837898254,-0.02515571005642414,0.2901475429534912,0.4903263449668884,-0.03990823030471802,0.2614370584487915,0.47808513045310974,-0.04946255311369896,0.2371489405632019,0.4694855213165283,-0.05627276748418808,0.3262849748134613,0.557965874671936,-0.027635017409920692,0.2746526896953583,0.5319964289665222,-0.04119696840643883,0.2417094111442566,0.5176914930343628,-0.050696782767772675,0.21512329578399658,0.5076375603675842,-0.05737627297639847,0.32826128602027893,0.6019566059112549,-0.03151343762874603,0.27982643246650696,0.5903907418251038,-0.04509972780942917,0.24839958548545837,0.5851024985313416,-0.05422033742070198,0.2230074405670166,0.5795724391937256,-0.060347482562065125,0.3394736647605896,0.6466895937919617,-0.03666834533214569,0.30367398262023926,0.656211256980896,-0.0506206676363945,0.27979576587677,0.6618756055831909,-0.057314034551382065,0.2586017847061157,0.6635533571243286,-0.06120359152555466,N
0.46781671047210693,0.8761150240898132,4.980849439562007e-07,0.4659211337566376,0.7863436341285706,-7.790213567204773e-05,0.4365185499191284,0.7162297964096069,-0.006179059389978647,0.4035707116127014,0.6999812126159668,-0.012719260528683662,0.3779529631137848,0.7113364338874817,-0.020399002358317375,0.4262285530567169,0.7088618874549866,-0.025597522035241127,0.39585164189338684,0.622771143913269,-0.03981315717101097,0.3811293840408325,0.5722230672836304,-0.04679466038942337,0.37072768807411194,0.5316352844238281,-0.04956425353884697,0.4036427140235901,0.7454411387443542,-0.03082132712006569,0.36638522148132324,0.6561697721481323,-0.042263954877853394,0.34477975964546204,0.5996042490005493,-0.04580071568489075,0.324802041053772,0.5579725503921509,-0.04775947332382202,0.386147677898407,0.7897229790687561,-0.03401380777359009,0.3484363555908203,0.7341708540916443,-0.04306509345769882,0.36666369438171387,0.7396482229232788,-0.03688369318842888,0.38413190841674805,0.7547174096107483,-0.030029909685254097,0.3757818639278412,0.8325778245925903,-0.036847736686468124,0.35149669647216797,0.7855286002159119,-0.03963014483451843,0.36544427275657654,0.785173773765564,-0.03003324382007122,0.3781695067882538,0.796108067035675,-0.021364662796258926,N
0.4216657280921936,0.6404287815093994,2.1831542085237743e-07,0.42038193345069885,0.5651973485946655,-0.016816608607769012,0.3950116038322449,0.49693453311920166,-0.02466554194688797,0.37283647060394287,0.4450732469558716,-0.031201349571347237,0.3576096296310425,0.40567898750305176,-0.03844625875353813,0.33582568168640137,0.5165233612060547,-0.024473490193486214,0.2904648184776306,0.49101522564888,-0.038719113916158676,0.2618161141872406,0.4791908860206604,-0.048054035753011703,0.2374618798494339,0.47145986557006836,-0.05471687763929367,0.32553473114967346,0.5596938133239746,-0.026479452848434448,0.27484339475631714,0.532492458820343,-0.0394209660589695,0.24226132035255432,0.517400324344635,-0.048662472516298294,0.2160530984401703,0.5073872804641724,-0.05520094931125641,0.32727161049842834,0.6043549180030823,-0.02999390847980976,0.2796165347099304,0.5916387438774109,-0.0433233343064785,0.2486785501241684,0.5855143666267395,-0.052309807389974594,0.22365233302116394,0.5801194310188293,-0.05831398069858551,0.3379877507686615,0.6499576568603516,-0.0348225012421608,0.3026179075241089,0.6575863361358643,-0.04876646772027016,0.27892154455184937,0.6624740958213806,-0.05536140128970146,0.257893830537796,0.6643044352531433,-0.059108540415763855,N
0.4689863622188568,0.8872175812721252,5.149574349161412e-07,0.4640595018863678,0.7968819737434387,0.0003086558426730335,0.43296706676483154,0.7328223586082458,-0.005953161511570215,0.39932167530059814,0.7273457050323486,-0.013183733448386192,0.3738650679588318,0.7488599419593811,-0.021546687930822372,0.42448392510414124,0.7121659517288208,-0.021133335307240486,0.39765432476997375,0.6262205839157104,-0.035943325608968735,0.3828159272670746,0.5734567642211914,-0.044059112668037415,0.37217140197753906,0.5310445427894592,-0.047590967267751694,0.400264173746109,0.7469103336334229,-0.026592500507831573,0.36578530073165894,0.6603844165802002,-0.038382306694984436,0.3446711003780365,0.6045963764190674,-0.0427011214196682,0.32514140009880066,0.5614421963691711,-0.044986262917518616,0.3808974325656891,0.7904224395751953,-0.03054318204522133,0.3488474488258362,0.7381166815757751,-0.04075290635228157,0.3684069514274597,0.7468820810317993,-0.03652944043278694,0.38586658239364624,0.7632895112037659,-0.030282078310847282,0.3687174320220947,0.8332575559616089,-0.03408979997038841,0.34880441427230835,0.7899542450904846,-0.037287600338459015,0.3638174533843994,0.7909590601921082,-0.02893815003335476,0.37665194272994995,0.8016480207443237,-0.020844850689172745,N
0.42456868290901184,0.6433172225952148,2.1490086510311812e-07,0.4226767420768738,0.5676503777503967,-0.01607312634587288,0.3949335515499115,0.5006910562515259,-0.02350779063999653,0.3713941276073456,0.4491724669933319,-0.02979813888669014,0.35749387741088867,0.40868937969207764,-0.03684470057487488,0.3363456130027771,0.5210469365119934,-0.024606551975011826,0.289488822221756,0.4975903034210205,-0.038898617029190063,0.2603091597557068,0.48632267117500305,-0.04801978915929794,0.23585815727710724,0.47860175371170044,-0.05457112193107605,0.32589054107666016,0.5649714469909668,-0.027060633525252342,0.27366897463798523,0.5394619107246399,-0.04034851863980293,0.24082618951797485,0.5248330235481262,-0.04941996932029724,0.21462519466876984,0.5144634246826172,-0.05568400397896767,0.3276980221271515,0.6097153425216675,-0.030909143388271332,0.278881311416626,0.5979329347610474,-0.044336192309856415,0.2479235678911209,0.5926719903945923,-0.053190045058727264,0.22311440110206604,0.5875166654586792,-0.059095628559589386,0.3388946056365967,0.6549835801124573,-0.03602917119860649,0.30357658863067627,0.6632553339004517,-0.04987255483865738,0.2801135182380676,0.6691867113113403,-0.05635710433125496,0.2593795657157898,0.6715580224990845,-0.060053255409002304,N
0.4695517420768738,0.8861782550811768,5.213800022829673e-07,0.4663471579551697,0.7944155335426331,-0.00044882550719194114,0.43454280495643616,0.7278021574020386,-0.006332956720143557,0.40022534132003784,0.7206190228462219,-0.013223101384937763,0.37448471784591675,0.7415618300437927,-0.021225161850452423,0.42717862129211426,0.7130957245826721,-0.020251967012882233,0.398490309715271,0.6271765232086182,-0.03450391814112663,0.38410767912864685,0.5745934247970581,-0.04213882237672806,0.37377724051475525,0.53249192237854,-0.04526158794760704,0.4034184515476227,0.7483410239219666,-0.025668062269687653,0.3673058748245239,0.6613975763320923,-0.037447240203619,0.34512749314308167,0.6052510142326355,-0.0421762578189373,0.3245524764060974,0.5625999569892883,-0.044684406369924545,0.3842000365257263,0.7920677661895752,-0.02969198301434517,0.35245388746261597,0.7389427423477173,-0.04032357782125473,0.3713621199131012,0.7473732829093933,-0.036617156118154526,0.3881461024284363,0.7641820311546326,-0.030632255598902702,0.37136173248291016,0.8348712921142578,-0.03336915746331215,0.35098540782928467,0.7887698411941528,-0.03697753697633743,0.3660082519054413,0.7904009819030762,-0.02858666330575943,0.37868109345436096,0.802656352519989,-0.020476095378398895,N
0.424752801656723,0.637000560760498,2.222832620191184e-07,0.42226624488830566,0.5630825161933899,-0.015552719123661518,0.3950490355491638,0.49791765213012695,-0.023342907428741455,0.37245973944664,0.44713982939720154,-0.030033443123102188,0.35707810521125793,0.40818020701408386,-0.037598516792058945,0.33681222796440125,0.5203285217285156,-0.02520531229674816,0.29094991087913513,0.49653512239456177,-0.04007240757346153,0.26221030950546265,0.4842946529388428,-0.04958156496286392,0.2378731071949005,0.4760585427284241,-0.05630836263298988,0.32681578397750854,0.5634927153587341,-0.028066584840416908,0.27499592304229736,0.5380280017852783,-0.04178786650300026,0.24160310626029968,0.5235826969146729,-0.051187969744205475,0.21429887413978577,0.5132511854171753,-0.057746272534132004,0.32887256145477295,0.6081445813179016,-0.032231271266937256,0.2801888883113861,0.5963290333747864,-0.046081189066171646,0.24825803935527802,0.5906921625137329,-0.05529439449310303,0.22214287519454956,0.5850978493690491,-0.061414685100317,0.3401966691017151,0.6535459756851196,-0.03753858059644699,0.3043290972709656,0.662514328956604,-0.05174720287322998,0.2801380157470703,0.668428361415863,-0.058459967374801636,0.2585769295692444,0.6709527373313904,-0.062307510524988174,N
0.4681115746498108,0.8866232633590698,5.137557081980049e-07,0.4655874967575073,0.793431282043457,-0.00036916075623594224,0.43493175506591797,0.7262881398200989,-0.006021227687597275,0.4015589952468872,0.7178327441215515,-0.012674098834395409,0.37627387046813965,0.7373362183570862,-0.02035396546125412,0.42521774768829346,0.7122042775154114,-0.019226117059588432,0.3977586328983307,0.6280726194381714,-0.032683614641427994,0.3830733895301819,0.577670693397522,-0.040388014167547226,0.37219592928886414,0.5377487540245056,-0.04385560005903244,0.400763601064682,0.7468858957290649,-0.024378683418035507,0.3665662705898285,0.6602057814598083,-0.03544875234365463,0.3440967798233032,0.6043173670768738,-0.04021614044904709,0.3233523666858673,0.562612771987915,-0.04289862513542175,0.3816823959350586,0.790381669998169,-0.028112927451729774,0.3504880964756012,0.7360838651657104,-0.037032127380371094,0.36862435936927795,0.7428512573242188,-0.03290031477808952,0.385468065738678,0.7589841485023499,-0.027237776666879654,0.3697078227996826,0.8334497213363647,-0.03168388828635216,0.3511205315589905,0.7862358093261719,-0.03415105119347572,0.365892231464386,0.7870228290557861,-0.025592857971787453,0.37882453203201294,0.7988178730010986,-0.017628122121095657,N
0.42747199535369873,0.638020396232605,2.305972941485379e-07,0.4243011772632599,0.5644053816795349,-0.015835784375667572,0.39740315079689026,0.49976465106010437,-0.02394021861255169,0.3748525083065033,0.4477100372314453,-0.030990546569228172,0.35858672857284546,0.4081835150718689,-0.038833461701869965,0.3382123112678528,0.5204430818557739,-0.02463424950838089,0.29276901483535767,0.49612677097320557,-0.03943856060504913,0.26431992650032043,0.4840671122074127,-0.04896631836891174,0.24022218585014343,0.47570309042930603,-0.055788587778806686,0.328172504901886,0.5638525485992432,-0.02766970545053482,0.27635329961776733,0.5375770926475525,-0.04154280573129654,0.24323630332946777,0.5228036642074585,-0.05120370537042618,0.21658390760421753,0.512549102306366,-0.05798574164509773,0.33051010966300964,0.6091703772544861,-0.0321110375225544,0.2817874550819397,0.5969444513320923,-0.04622061178088188,0.2500654458999634,0.5913544297218323,-0.055585529655218124,0.22431457042694092,0.5859187245368958,-0.06181422621011734,0.3424372375011444,0.6551216244697571,-0.03773552551865578,0.30648374557495117,0.6636970043182373,-0.052321285009384155,0.28213217854499817,0.669090747833252,-0.05926453694701195,0.2602779269218445,0.6712962985038757,-0.06326199322938919,N
0.46860402822494507,0.8889197707176208,5.199602242100809e-07,0.4671702980995178,0.8010970950126648,-0.004740134347230196,0.4361696243286133,0.7328863143920898,-0.013077258132398129,0.39972394704818726,0.7199137210845947,-0.021111315116286278,0.37186938524246216,0.7378866672515869,-0.029869554564356804,0.42907559871673584,0.718956470489502,-0.02850745990872383,0.3998575210571289,0.6306322813034058,-0.0448782816529274,0.38461586833000183,0.5776916742324829,-0.05420321971178055,0.3730696737766266,0.534115195274353,-0.05854281410574913,0.4040372967720032,0.7564518451690674,-0.031474318355321884,0.3647767901420593,0.6700217723846436,-0.0458185151219368,0.34045273065567017,0.6145240068435669,-0.0518871508538723,0.31867146492004395,0.5732879042625427,-0.055206991732120514,0.3837909996509552,0.7982664704322815,-0.03284621238708496,0.3506071865558624,0.7400621175765991,-0.04504664987325668,0.3693382740020752,0.7468879222869873,-0.04139501601457596,0.3863326907157898,0.7637778520584106,-0.03526744991540909,0.37066003680229187,0.8359218239784241,-0.03413744643330574,0.3509863018989563,0.7830304503440857,-0.03940613567829132,0.3668971061706543,0.7837894558906555,-0.03179498761892319,0.38050928711891174,0.7966769933700562,-0.023912804201245308,N
0.42442458868026733,0.6395571827888489,2.1904943992012704e-07,0.42197027802467346,0.5673650503158569,-0.017506476491689682,0.3964833915233612,0.500764012336731,-0.02582252025604248,0.3741714060306549,0.44927340745925903,-0.03274887055158615,0.358361154794693,0.4092998504638672,-0.04026061296463013,0.33814501762390137,0.5212446451187134,-0.024793725460767746,0.2931210398674011,0.4971473217010498,-0.039013009518384933,0.26495155692100525,0.4858793616294861,-0.04821418225765228,0.24095484614372253,0.47812598943710327,-0.05481797456741333,0.3273874819278717,0.5638797283172607,-0.02663404867053032,0.27649277448654175,0.5378085970878601,-0.039828598499298096,0.24403730034828186,0.5231743454933167,-0.04922670125961304,0.21771946549415588,0.512897253036499,-0.05582089349627495,0.32895511388778687,0.6080703735351562,-0.030014604330062866,0.28102245926856995,0.5965441465377808,-0.04361273720860481,0.25036126375198364,0.5923868417739868,-0.05275900289416313,0.22541794180870056,0.5881250500679016,-0.058876510709524155,0.3398287892341614,0.6528903841972351,-0.03475707769393921,0.3049822449684143,0.6624757051467896,-0.04895653948187828,0.28183773159980774,0.6695988774299622,-0.05569129064679146,0.26087361574172974,0.6732353568077087,-0.05952652543783188,N
0.4713064730167389,0.888086199760437,5.442583983494842e-07,0.4664798974990845,0.7985485196113586,-0.001870043110102415,0.4337312579154968,0.7332748770713806,-0.009979784488677979,0.3983288109302521,0.7281196713447571,-0.018717104569077492,0.3714500069618225,0.7501826286315918,-0.028551192954182625,0.4297238290309906,0.715672492980957,-0.02618289552628994,0.4006003439426422,0.6269333958625793,-0.04277085140347481,0.3862709403038025,0.5732937455177307,-0.05194708704948425,0.37539300322532654,0.5290908813476562,-0.05603887885808945,0.4070208668708801,0.7530703544616699,-0.03165355697274208,0.36603760719299316,0.662701427936554,-0.04609741270542145,0.34261560440063477,0.6060944199562073,-0.051819659769535065,0.3211289346218109,0.5638758540153503,-0.054774150252342224,0.3886648416519165,0.7979218363761902,-0.03534817695617676,0.3511412441730499,0.7403666973114014,-0.04797520488500595,0.3700070381164551,0.7497732639312744,-0.04279320314526558,0.38668379187583923,0.7673445343971252,-0.035386111587285995,0.3768724799156189,0.8405996561050415,-0.038736049085855484,0.35352659225463867,0.7871218919754028,-0.043193548917770386,0.3688490390777588,0.7888695001602173,-0.033318761736154556,0.38186922669410706,0.8015687465667725,-0.023967580869793892,N
0.42493343353271484,0.6390019655227661,2.1336484223866137e-07,0.4223784804344177,0.5654623508453369,-0.015721630305051804,0.39528316259384155,0.49968451261520386,-0.023272521793842316,0.37257057428359985,0.4489474892616272,-0.029770223423838615,0.3583805561065674,0.4091077744960785,-0.037107087671756744,0.33756446838378906,0.5204535722732544,-0.02440226450562477,0.2918929159641266,0.4962148666381836,-0.03875458613038063,0.2633993625640869,0.4842373728752136,-0.047952547669410706,0.23949435353279114,0.4757622480392456,-0.05457386001944542,0.3275165557861328,0.563385009765625,-0.027109922841191292,0.2756650149822235,0.5380725264549255,-0.040508970618247986,0.2429945021867752,0.5233733654022217,-0.049859244376420975,0.21674157679080963,0.5131788849830627,-0.05637102574110031,0.3296624422073364,0.6074591875076294,-0.031154310330748558,0.2811720669269562,0.5967662334442139,-0.04479817673563957,0.25008538365364075,0.5917317271232605,-0.05388818308711052,0.22498904168605804,0.5869452953338623,-0.05996112897992134,0.34091389179229736,0.6520589590072632,-0.036401521414518356,0.3056299388408661,0.6615062952041626,-0.05064038187265396,0.2817975878715515,0.6677703857421875,-0.057456012815237045,0.2605360448360443,0.6706907749176025,-0.061365291476249695,N
0.4700641930103302,0.8865613341331482,5.382014478527708e-07,0.4668823480606079,0.7969295978546143,-0.0018195093143731356,0.4364720582962036,0.727515697479248,-0.00885261781513691,0.4017137289047241,0.7148216962814331,-0.016346577554941177,0.37512192130088806,0.7332633137702942,-0.024561919271945953,0.4280146062374115,0.7119817733764648,-0.02359810657799244,0.4003569483757019,0.6231374144554138,-0.038644179701805115,0.3861798048019409,0.571672260761261,-0.04653005301952362,0.37609437108039856,0.5307162404060364,-0.04973909258842468,0.4032675623893738,0.7484117150306702,-0.02827543020248413,0.367502361536026,0.6591039299964905,-0.041624411940574646,0.3454308807849884,0.6026852130889893,-0.04651995748281479,0.3251214027404785,0.5605988502502441,-0.048719339072704315,0.3827816843986511,0.7917564511299133,-0.031427111476659775,0.35105589032173157,0.7331423163414001,-0.042807433754205704,0.36952298879623413,0.7409542202949524,-0.03837398439645767,0.38595184683799744,0.758395254611969,-0.03170599043369293,0.3692712187767029,0.8328670859336853,-0.03437279909849167,0.3526897728443146,0.7831369042396545,-0.038207534700632095,0.36784109473228455,0.7846712470054626,-0.029831059277057648,0.38006335496902466,0.7969803810119629,-0.021555684506893158,N
0.42314743995666504,0.6440299153327942,2.1781006864785013e-07,0.4221643805503845,0.5687306523323059,-0.016678519546985626,0.39647161960601807,0.5004837512969971,-0.02467847429215908,0.37402480840682983,0.4484151601791382,-0.03138655424118042,0.35987722873687744,0.40788835287094116,-0.03886766359210014,0.33837953209877014,0.5207391381263733,-0.025349590927362442,0.2920311987400055,0.4951363801956177,-0.039808813482522964,0.26306819915771484,0.48299694061279297,-0.049006782472133636,0.2387232482433319,0.474450945854187,-0.05558361858129501,0.3281787633895874,0.563832700252533,-0.027368193492293358,0.2772098779678345,0.5369309186935425,-0.040793512016534805,0.2450641393661499,0.5216850638389587,-0.050108131021261215,0.21920660138130188,0.5111238360404968,-0.05658597871661186,0.32984936237335205,0.6079294085502625,-0.030765600502490997,0.2820357382297516,0.5948691964149475,-0.044300854206085205,0.25109630823135376,0.5892704129219055,-0.05332256853580475,0.22587543725967407,0.5843527913093567,-0.059377387166023254,0.3404364585876465,0.6523994207382202,-0.035422589629888535,0.30607715249061584,0.6602234840393066,-0.04955398663878441,0.2828191816806793,0.6660912036895752,-0.05627640336751938,0.261914998292923,0.6691357493400574,-0.060076382011175156,N
0.47395479679107666,0.8857011198997498,5.111955374559329e-07,0.46849197149276733,0.7960161566734314,-0.00019209488527849317,0.4369981288909912,0.7301739454269409,-0.006849159020930529,0.4022127687931061,0.7235252857208252,-0.014436930418014526,0.3753316402435303,0.7432538866996765,-0.023227635771036148,0.4283229112625122,0.7154550552368164,-0.02271001599729061,0.40075549483299255,0.6291542053222656,-0.037804991006851196,0.38696908950805664,0.5772259831428528,-0.04638204723596573,0.3761979639530182,0.5348787307739258,-0.05046216398477554,0.4060264825820923,0.7514311075210571,-0.028635086491703987,0.36964505910873413,0.6626670360565186,-0.0407944954931736,0.3470432758331299,0.6060096621513367,-0.04584062844514847,0.3248327374458313,0.5632020235061646,-0.04918120056390762,0.38848692178726196,0.7960042953491211,-0.03295193985104561,0.3513123095035553,0.7390897274017334,-0.04349358007311821,0.369710236787796,0.7443379163742065,-0.03907950967550278,0.38665953278541565,0.7597184181213379,-0.03310968354344368,0.3772856891155243,0.8404929041862488,-0.03693520277738571,0.35235974192619324,0.7897769808769226,-0.04107055068016052,0.3671380579471588,0.7880041003227234,-0.03269435837864876,0.3806123733520508,0.7988153100013733,-0.024795401841402054,N
0.4263598322868347,0.6360630989074707,2.3581844743603142e-07,0.42394503951072693,0.5637712478637695,-0.017282644286751747,0.39753106236457825,0.5005180835723877,-0.0260725487023592,0.37467190623283386,0.44990062713623047,-0.033436648547649384,0.35800033807754517,0.4101933538913727,-0.04153105616569519,0.33861032128334045,0.5210434794425964,-0.026359036564826965,0.29379427433013916,0.496318519115448,-0.04166552051901817,0.2655797600746155,0.4838867783546448,-0.05155103653669357,0.24154041707515717,0.475098192691803,-0.05858689174056053,0.3284938335418701,0.5640096068382263,-0.028613992035388947,0.2775125503540039,0.5379589200019836,-0.04277438297867775,0.24491989612579346,0.5231488347053528,-0.05250146612524986,0.21851131319999695,0.512241005897522,-0.05933097377419472,0.33073315024375916,0.6087660193443298,-0.032363031059503555,0.28240615129470825,0.5963043570518494,-0.04679860174655914,0.2507634460926056,0.5903095006942749,-0.0562947653234005,0.2248828411102295,0.5839008092880249,-0.06259194761514664,0.3425532281398773,0.6542007923126221,-0.037375856190919876,0.3071109354496002,0.6625796556472778,-0.05226642265915871,0.2831881642341614,0.6678848266601562,-0.05936327204108238,0.2616809904575348,0.6697350740432739,-0.06344438344240189,N
0.4711134135723114,0.8846673965454102,5.135782430443214e-07,0.4683913588523865,0.7954609990119934,-0.001805120729841292,0.43740636110305786,0.7303390502929688,-0.008618731983006,0.40264520049095154,0.723675012588501,-0.015770286321640015,0.37586307525634766,0.743964433670044,-0.024022765457630157,0.4287329316139221,0.7171720266342163,-0.024492943659424782,0.4016617238521576,0.6290978193283081,-0.038419563323259354,0.38629135489463806,0.5789830684661865,-0.045997921377420425,0.3737470507621765,0.5389382839202881,-0.04952974617481232,0.4043194651603699,0.7534655332565308,-0.028944410383701324,0.3679312467575073,0.6645906567573547,-0.04036072641611099,0.3441172242164612,0.6097137928009033,-0.044735122472047806,0.32133418321609497,0.5698506236076355,-0.04741741716861725,0.3857578635215759,0.7977483868598938,-0.03162701800465584,0.35177215933799744,0.7367146611213684,-0.04097599908709526,0.3708990812301636,0.7431821823120117,-0.03557702898979187,0.3876100182533264,0.7608344554901123,-0.029094072058796883,0.3749063014984131,0.8403988480567932,-0.03412654995918274,0.35407882928848267,0.7873263955116272,-0.03719339147210121,0.36916667222976685,0.7863012552261353,-0.028034156188368797,0.38195398449897766,0.7983610033988953,-0.019604535773396492,N
0.425972580909729,0.6372722387313843,2.235468201661206e-07,0.4230622947216034,0.564806342124939,-0.017225481569767,0.3971797227859497,0.5003725290298462,-0.02640225738286972,0.374779611825943,0.4488828778266907,-0.03425512835383415,0.35909104347229004,0.40885689854621887,-0.04294705390930176,0.3396434485912323,0.5205903053283691,-0.027754072099924088,0.29412052035331726,0.49611279368400574,-0.04363594204187393,0.26499801874160767,0.4847431182861328,-0.05377497524023056,0.24020013213157654,0.4768446981906891,-0.061032380908727646,0.32953280210494995,0.5632616281509399,-0.030429083853960037,0.27788010239601135,0.5375769138336182,-0.045349638909101486,0.24488618969917297,0.5231382250785828,-0.05552245303988457,0.21807672083377838,0.5125653743743896,-0.06268178671598434,0.33177563548088074,0.6073890328407288,-0.034464117139577866,0.2831726670265198,0.5954471826553345,-0.0494421049952507,0.25194472074508667,0.5905425548553467,-0.0590665303170681,0.22678178548812866,0.5855541229248047,-0.06547698378562927,0.34337252378463745,0.6516273021697998,-0.03975581005215645,0.30770546197891235,0.6608394980430603,-0.05516570061445236,0.28369808197021484,0.6674278378486633,-0.06249917298555374,0.2622608542442322,0.6703904867172241,-0.06671345978975296,N
