0,1,2,3,4,5,6,7,8,9,10,11,12,13,14,15,16,17,18,19,20,21,22,23,24,25,26,27,28,29,30,31,32,33,34,35,36,37,38,39,40,41,42,43,44,45,46,47,48,49,50,51,52,53,54,55,56,57,58,59,60,61,62,label
0.5930598378181458,0.9269905686378479,1.956535697900108e-07,0.6101906895637512,0.872796893119812,-0.0022445109207183123,0.6165658235549927,0.8043060302734375,-0.0037919175811111927,0.6208122968673706,0.7562866806983948,-0.006692070979624987,0.623165488243103,0.719545304775238,-0.010131299495697021,0.6058401465415955,0.7697073817253113,-0.0033599031157791615,0.6107320189476013,0.7047321796417236,-0.015974653884768486,0.6152540445327759,0.6530752182006836,-0.02703321911394596,0.6194352507591248,0.6094918251037598,-0.034856632351875305,0.6027533411979675,0.7793847918510437,-0.010537642985582352,0.6074085235595703,0.7072892785072327,-0.02225532941520214,0.6130896806716919,0.6510325074195862,-0.03275212645530701,0.6196051239967346,0.5979170799255371,-0.03995496779680252,0.6014152765274048,0.7966547012329102,-0.01863113045692444,0.6068379878997803,0.7263421416282654,-0.02998500131070614,0.61275714635849,0.675972044467926,-0.03669014573097229,0.618173360824585,0.6309603452682495,-0.04058711603283882,0.6025426387786865,0.8199458122253418,-0.027237406000494957,0.6060934066772461,0.7713613510131836,-0.03677172586321831,0.6099059581756592,0.7362236976623535,-0.040196873247623444,0.6146305799484253,0.7048192620277405,-0.042033951729536057,namaste
0.5854482650756836,0.8738598227500916,2.219393309133011e-07,0.6008018851280212,0.8088711500167847,0.0023809769190847874,0.6079489588737488,0.7373864650726318,0.0017889520386233926,0.613801896572113,0.6853368878364563,-0.001259000157006085,0.6166422963142395,0.6458998918533325,-0.005304904188960791,0.5995583534240723,0.712438702583313,-0.0027209417894482613,0.6078469753265381,0.6426440477371216,-0.016065843403339386,0.6139055490493774,0.5862315893173218,-0.027212657034397125,0.6187946200370789,0.5379301309585571,-0.03507824242115021,0.5983331799507141,0.7223507761955261,-0.012842071242630482,0.6062611937522888,0.6446592211723328,-0.025414347648620605,0.6133565306663513,0.581912636756897,-0.03635494038462639,0.6203639507293701,0.522394061088562,-0.04376855865120888,0.6007469892501831,0.7402799725532532,-0.023204242810606956,0.6088101267814636,0.6627740859985352,-0.03561107814311981,0.6161051988601685,0.6075295209884644,-0.043496716767549515,0.6221650242805481,0.5577159523963928,-0.04809664934873581,0.6081886887550354,0.7656261324882507,-0.03354598954319954,0.611858606338501,0.714606523513794,-0.04436603933572769,0.6153038740158081,0.6781363487243652,-0.04845517873764038,0.620121955871582,0.6452450752258301,-0.05057495832443237,namaste
0.5897736549377441,0.8200773596763611,1.89131839078982e-07,0.6088253855705261,0.7624778747558594,0.0034236041828989983,0.6156079769134521,0.697388768196106,0.00367393484339118,0.6206216812133789,0.6501909494400024,0.0010735682444646955,0.623783528804779,0.614173412322998,-0.0019837727304548025,0.6040056347846985,0.6577633619308472,0.003584763268008828,0.612626850605011,0.5918447375297546,-0.006385093554854393,0.6189731955528259,0.5443116426467896,-0.015299721620976925,0.6238093376159668,0.5055478811264038,-0.021610133349895477,0.6011242270469666,0.6647302508354187,-0.00607214355841279,0.6114898324012756,0.5915130376815796,-0.015311728231608868,0.6188172698020935,0.5396991968154907,-0.023869799450039864,0.6247704029083252,0.4929152727127075,-0.029616061598062515,0.6027488112449646,0.6796467304229736,-0.016364336013793945,0.6116486191749573,0.6055344343185425,-0.02519320137798786,0.6171561479568481,0.556982159614563,-0.030697405338287354,0.621128499507904,0.514461874961853,-0.034043099731206894,0.6100209951400757,0.7015223503112793,-0.026832448318600655,0.6153367757797241,0.6497330665588379,-0.0334903858602047,0.6180921196937561,0.6150538921356201,-0.035169567912817,0.6211462616920471,0.5854078531265259,-0.03595941141247749,namaste
0.587785005569458,0.7866836786270142,1.6280266379453678e-07,0.6006359457969666,0.7318127155303955,0.002636955352500081,0.6085528135299683,0.666467547416687,0.0024588298983871937,0.6154131889343262,0.6189488768577576,-0.00013406292418949306,0.6189321279525757,0.5804566144943237,-0.003235539887100458,0.600504457950592,0.6326189637184143,-6.58884018776007e-05,0.6104386448860168,0.5642678737640381,-0.011227138340473175,0.6168678998947144,0.5124523639678955,-0.020202500745654106,0.6210840940475464,0.469936728477478,-0.02636473812162876,0.5990632176399231,0.6365585923194885,-0.009272854775190353,0.6103048920631409,0.5615004897117615,-0.0198751762509346,0.6186210513114929,0.5055586099624634,-0.028754860162734985,0.6254552006721497,0.4541012644767761,-0.03465110436081886,0.6010955572128296,0.6474222540855408,-0.018916703760623932,0.6106340885162354,0.5732894539833069,-0.028736189007759094,0.6172583699226379,0.5234272480010986,-0.03463595733046532,0.6218661665916443,0.47957175970077515,-0.03822513669729233,0.6074621081352234,0.6646116375923157,-0.028702273964881897,0.6133042573928833,0.6146305203437805,-0.036411210894584656,0.6169945597648621,0.5808902382850647,-0.03888830542564392,0.6207230091094971,0.5513767600059509,-0.0402776375412941,namaste
0.5699382424354553,0.7843817472457886,1.6103298605685268e-07,0.5842205286026001,0.7246471047401428,0.005725162103772163,0.5932347178459167,0.657190203666687,0.006723369006067514,0.5988568067550659,0.6091774106025696,0.00480316299945116,0.6027013659477234,0.5695486068725586,0.0024408367462456226,0.5884350538253784,0.6296694874763489,0.002327403286471963,0.5996204018592834,0.560485303401947,-0.008081071078777313,0.6062542200088501,0.5076662302017212,-0.01616375520825386,0.6109911203384399,0.46516114473342896,-0.021693091839551926,0.5873314738273621,0.6336132884025574,-0.007892628200352192,0.6001893281936646,0.5553942918777466,-0.018010864034295082,0.609237551689148,0.4972118139266968,-0.026447832584381104,0.6167589426040649,0.446317195892334,-0.03203658014535904,0.5898305773735046,0.6449817419052124,-0.018287036567926407,0.6008697748184204,0.5685476064682007,-0.0272957906126976,0.6077191829681396,0.5167669653892517,-0.03332029655575752,0.6122913360595703,0.4724003076553345,-0.03717769682407379,0.5967289209365845,0.6631933450698853,-0.02853524684906006,0.6033499240875244,0.6132022142410278,-0.03568953648209572,0.6069255471229553,0.5769578218460083,-0.038788825273513794,0.6103344559669495,0.5442383289337158,-0.04078313335776329,namaste
0.5694140195846558,0.7827430963516235,1.1573414582244368e-07,0.5892199277877808,0.7237415313720703,0.007974555715918541,0.5969618558883667,0.66001957654953,0.009988537058234215,0.6018959879875183,0.6155055165290833,0.008477170020341873,0.604752779006958,0.5781885981559753,0.006367414258420467,0.588533878326416,0.6227896809577942,0.00435080099850893,0.6004405617713928,0.5571630597114563,-0.005989917553961277,0.6071428656578064,0.506503701210022,-0.014221603982150555,0.6109319925308228,0.4655081629753113,-0.020199690014123917,0.5850887298583984,0.6269722580909729,-0.007208585739135742,0.5991159677505493,0.5502484440803528,-0.0176712553948164,0.6082189679145813,0.49620193243026733,-0.02611537277698517,0.6144633889198303,0.44825732707977295,-0.03189887851476669,0.5850290656089783,0.6392446756362915,-0.01893317885696888,0.5967934131622314,0.5648476481437683,-0.028674514964222908,0.6035218238830566,0.5176219940185547,-0.03525778278708458,0.6068241000175476,0.4772152900695801,-0.03963619843125343,0.5895699262619019,0.6580991744995117,-0.030336711555719376,0.5972442030906677,0.61197829246521,-0.039063017815351486,0.599663496017456,0.5776551365852356,-0.04370410367846489,0.6006870865821838,0.547096848487854,-0.046893104910850525,namaste
0.5677495002746582,0.781788170337677,1.308503243535597e-07,0.5844345092773438,0.7206882238388062,0.008312971331179142,0.5930715799331665,0.6555979251861572,0.009999928064644337,0.5990613102912903,0.6105016469955444,0.008182440884411335,0.6024733781814575,0.5731949806213379,0.005671950057148933,0.584269642829895,0.6211948394775391,0.003476590383797884,0.5956788063049316,0.5548700094223022,-0.006869188044220209,0.6029821634292603,0.5045429468154907,-0.01496042124927044,0.6085911989212036,0.4640294909477234,-0.020667176693677902,0.5819069743156433,0.6259807348251343,-0.008373815566301346,0.5945399403572083,0.548591136932373,-0.01857077330350876,0.6033103466033936,0.49314725399017334,-0.026790035888552666,0.610175609588623,0.44413185119628906,-0.032332126051187515,0.5835908651351929,0.6391305327415466,-0.020241566002368927,0.5940075516700745,0.5623525977134705,-0.0297891516238451,0.6004752516746521,0.5124598145484924,-0.03620200604200363,0.6042662858963013,0.46999284625053406,-0.040412578731775284,0.5904145836830139,0.6591522693634033,-0.031686317175626755,0.5968921184539795,0.6104230284690857,-0.040071092545986176,0.5991449356079102,0.5751927495002747,-0.04410448670387268,0.6006296873092651,0.5442028045654297,-0.046791382133960724,namaste
0.5698279738426208,0.7825831174850464,1.4674682802251482e-07,0.5891329050064087,0.7284995317459106,0.004351174924522638,0.5970205068588257,0.6637511849403381,0.005270239431411028,0.6021420955657959,0.6192687749862671,0.003123112255707383,0.605741024017334,0.5823826789855957,0.0006465339101850986,0.584401547908783,0.6207574605941772,0.0047508603893220425,0.5955499410629272,0.5555645227432251,-0.005152496043592691,0.6034004092216492,0.5057111978530884,-0.01399654895067215,0.6084121465682983,0.46491539478302,-0.020300325006246567,0.5819481015205383,0.623869001865387,-0.004846351221203804,0.5945691466331482,0.5498930215835571,-0.014067737385630608,0.6035382151603699,0.49583250284194946,-0.02232479862868786,0.6101896166801453,0.44736266136169434,-0.027990754693746567,0.5834531188011169,0.634567379951477,-0.015116383321583271,0.5948358178138733,0.5611772537231445,-0.023354973644018173,0.6016990542411804,0.5118995904922485,-0.028486305847764015,0.6058255434036255,0.4693695306777954,-0.03173869848251343,0.5895733833312988,0.6516029238700867,-0.025609921663999557,0.5970115661621094,0.599391758441925,-0.03179120644927025,0.6004647016525269,0.5628382563591003,-0.03394864499568939,0.6032531261444092,0.5306392908096313,-0.03529182821512222,namaste
0.5735169649124146,0.7762064933776855,1.7707623101159697e-07,0.5993719100952148,0.728816032409668,-0.0005995568935759366,0.6076830625534058,0.6651363372802734,-0.001101669855415821,0.608250617980957,0.620783269405365,-0.004055566620081663,0.6065129041671753,0.5829088687896729,-0.007336802314966917,0.596612274646759,0.6093448400497437,0.004323909990489483,0.6024442911148071,0.5446171760559082,-0.006460623815655708,0.6086874604225159,0.49739763140678406,-0.016642102971673012,0.6137397289276123,0.457078218460083,-0.02387678250670433,0.590476930141449,0.6098182797431946,-0.0035229686181992292,0.5976580381393433,0.5369030833244324,-0.01373393926769495,0.6058582663536072,0.4839388132095337,-0.023456115275621414,0.6131091713905334,0.4358919858932495,-0.030218416824936867,0.5843656063079834,0.6178582906723022,-0.012923600152134895,0.5891149044036865,0.5456339716911316,-0.022910406813025475,0.5941509008407593,0.4972412586212158,-0.029428893700242043,0.5981072187423706,0.4553679823875427,-0.033372681587934494,0.5794654488563538,0.6330450177192688,-0.022930629551410675,0.5819240212440491,0.5787099599838257,-0.030823417007923126,0.5847576856613159,0.5422465205192566,-0.0339728407561779,0.5875933170318604,0.5110995173454285,-0.035907261073589325,namaste
0.5655902028083801,0.780073344707489,1.5290476085283444e-07,0.5960555672645569,0.7341800332069397,0.0016485998639836907,0.6042880415916443,0.6712116003036499,0.0018139302264899015,0.6071349382400513,0.6297516226768494,-0.0008974249358288944,0.6090630292892456,0.5945184826850891,-0.0040129669941961765,0.5873413681983948,0.6099958419799805,0.005861355923116207,0.5961169600486755,0.5457937121391296,-0.004000192042440176,0.6037005186080933,0.49766287207603455,-0.01365667674690485,0.6089238524436951,0.45761096477508545,-0.020901069045066833,0.5823966860771179,0.6111134886741638,-0.003168680239468813,0.5951680541038513,0.5382699966430664,-0.012743864208459854,0.6056473851203918,0.4861806035041809,-0.022164883092045784,0.614051103591919,0.4389040470123291,-0.02890782244503498,0.5795014500617981,0.6199020147323608,-0.013538362458348274,0.59072345495224,0.5466111302375793,-0.02279530093073845,0.5989157557487488,0.4970587491989136,-0.028936445713043213,0.6047345399856567,0.4542607069015503,-0.03285231068730354,0.5796643495559692,0.6346825957298279,-0.024365007877349854,0.5859372019767761,0.5788075923919678,-0.03169560432434082,0.5904152989387512,0.5398680567741394,-0.03472711890935898,0.5947564244270325,0.5059431195259094,-0.036734919995069504,namaste
0.5662590861320496,0.7858715057373047,1.490460590503062e-07,0.584094226360321,0.7299602627754211,0.00562189519405365,0.5904175043106079,0.6615217924118042,0.006495804060250521,0.595503568649292,0.6146330833435059,0.004098438657820225,0.5985164642333984,0.5757020711898804,0.0009086573263630271,0.5791462063789368,0.6253980398178101,0.002811423037201166,0.5894923210144043,0.5549541115760803,-0.007650095038115978,0.5981569886207581,0.5046451091766357,-0.01621624082326889,0.6060506105422974,0.4651023745536804,-0.022235192358493805,0.5768246650695801,0.6302798390388489,-0.007744328584522009,0.5883370041847229,0.551210880279541,-0.01746111921966076,0.5984679460525513,0.49742063879966736,-0.025841135531663895,0.6076564192771912,0.450376033782959,-0.031596533954143524,0.5786662697792053,0.6423670649528503,-0.01871696300804615,0.5881054997444153,0.5639573335647583,-0.027276968583464622,0.5944162011146545,0.5156257152557373,-0.03312692418694496,0.5994858145713806,0.47495710849761963,-0.03712194785475731,0.5855185389518738,0.659848690032959,-0.029647059738636017,0.5887977480888367,0.60687655210495,-0.03673982247710228,0.5906009674072266,0.5718623399734497,-0.039906155318021774,0.5930073857307434,0.5412517189979553,-0.04210822284221649,namaste
0.5695503354072571,0.7862582206726074,1.7027453225182398e-07,0.5928792953491211,0.7272427082061768,0.005643177777528763,0.5993090271949768,0.6586813926696777,0.006479631178081036,0.6031571626663208,0.6128328442573547,0.003852563677355647,0.6068812608718872,0.5746746063232422,0.000266367569565773,0.5832526087760925,0.6206287145614624,0.003175534773617983,0.5939807295799255,0.552154541015625,-0.007607836276292801,0.603486955165863,0.5021008849143982,-0.016812043264508247,0.6117640137672424,0.46229490637779236,-0.02332288958132267,0.5798906683921814,0.6270537972450256,-0.007889578118920326,0.592903733253479,0.5487654209136963,-0.017832526937127113,0.6038206219673157,0.49406886100769043,-0.026929492130875587,0.6131925582885742,0.44592851400375366,-0.03321509063243866,0.5812029838562012,0.6418763399124146,-0.019368866458535194,0.5926488637924194,0.5653495192527771,-0.028368903324007988,0.6001283526420593,0.5162417888641357,-0.03450971096754074,0.6056742668151855,0.4750248193740845,-0.03858591243624687,0.5876669883728027,0.6631478071212769,-0.03082088753581047,0.5928798913955688,0.6109030842781067,-0.038028646260499954,0.5963169932365417,0.5753135085105896,-0.04084117338061333,0.5996764898300171,0.5453850030899048,-0.04270053654909134,namaste
0.57667475938797,0.7881820201873779,1.5400576103274943e-07,0.5957924723625183,0.73213791847229,0.004729638807475567,0.6015912890434265,0.6617986559867859,0.005450227297842503,0.6055911183357239,0.6117871403694153,0.003150579519569874,0.6089765429496765,0.5723251700401306,-0.00010545043915044516,0.5907896757125854,0.6274004578590393,0.0010588630102574825,0.5987282991409302,0.5553723573684692,-0.009921427816152573,0.6059037446975708,0.5036795139312744,-0.0188464242964983,0.6122178435325623,0.4629552364349365,-0.025131788104772568,0.5880736708641052,0.6317166686058044,-0.009584503248333931,0.597800076007843,0.5514002442359924,-0.01998109370470047,0.6073135137557983,0.49481475353240967,-0.02939675934612751,0.6157758831977844,0.4457453191280365,-0.035834770649671555,0.5891007781028748,0.6452198624610901,-0.020519481971859932,0.5969675183296204,0.5671653747558594,-0.030415508896112442,0.6041656136512756,0.5168256163597107,-0.037990935146808624,0.6100136041641235,0.4736019968986511,-0.04313300549983978,0.5945613980293274,0.6661445498466492,-0.03129538521170616,0.5971689820289612,0.6170281767845154,-0.03999469056725502,0.599618136882782,0.5825476050376892,-0.044080205261707306,0.6028628945350647,0.5522536635398865,-0.04685541242361069,namaste
0.5828729271888733,0.789092481136322,1.5655507468181895e-07,0.5952445864677429,0.7303040027618408,0.003977671265602112,0.6018333435058594,0.6623305678367615,0.003132966347038746,0.6082563400268555,0.6135993003845215,-0.0002443866978865117,0.6120784282684326,0.5747061967849731,-0.004705504979938269,0.5955037474632263,0.627962589263916,-0.00480321841314435,0.6028185486793518,0.5534178614616394,-0.017000291496515274,0.6088874936103821,0.501441478729248,-0.025711342692375183,0.6147775650024414,0.4599563479423523,-0.03160720691084862,0.5947231650352478,0.6357083320617676,-0.015549704432487488,0.6051831245422363,0.5535769462585449,-0.026935147121548653,0.6149372458457947,0.4967326521873474,-0.035940300673246384,0.6244074106216431,0.4471206068992615,-0.042035818099975586,0.5965901017189026,0.6533517837524414,-0.02634287439286709,0.6055266857147217,0.5731866359710693,-0.03715977445244789,0.6130151152610779,0.5232701301574707,-0.04478929564356804,0.6197254061698914,0.4794589877128601,-0.049882832914590836,0.6019049882888794,0.6790608763694763,-0.0368397980928421,0.6044031977653503,0.6279804110527039,-0.046719808131456375,0.6065608263015747,0.5921314358711243,-0.0513681136071682,0.6101174354553223,0.5592858195304871,-0.054391659796237946,namaste
0.5957562923431396,0.7927502393722534,1.7784135764031817e-07,0.6028264164924622,0.7279819250106812,0.0038233203813433647,0.6098648905754089,0.6591411232948303,0.0013371431268751621,0.619524359703064,0.6094777584075928,-0.003732527606189251,0.6263751983642578,0.572516143321991,-0.010097295045852661,0.605344295501709,0.633865475654602,-0.009381516836583614,0.6126883029937744,0.556813657283783,-0.02316562458872795,0.6178534626960754,0.5041552186012268,-0.03249723091721535,0.6223572492599487,0.4617862105369568,-0.03878799453377724,0.6072555184364319,0.6436996459960938,-0.02094586379826069,0.6195670962333679,0.5574690103530884,-0.03408215194940567,0.6301344037055969,0.497742235660553,-0.04340400919318199,0.6396326422691345,0.44624221324920654,-0.04953251779079437,0.6137104034423828,0.664886474609375,-0.03229425102472305,0.6232385039329529,0.5796307325363159,-0.04438791796565056,0.6307758092880249,0.5259501934051514,-0.052272360771894455,0.637526273727417,0.479387104511261,-0.05752759426832199,0.6252065896987915,0.6947275400161743,-0.04325814172625542,0.6299920678138733,0.6424777507781982,-0.05382378771901131,0.6335570216178894,0.6048176288604736,-0.05836623162031174,0.6389473676681519,0.5704232454299927,-0.061319563537836075,namaste
0.6087099313735962,0.791826605796814,1.9545129248399462e-07,0.6074601411819458,0.7285169363021851,0.0031736295204609632,0.6101570129394531,0.6598749756813049,0.0009771593613550067,0.6175973415374756,0.6086882948875427,-0.003494661534205079,0.6217005252838135,0.5714073777198792,-0.009232521057128906,0.609922468662262,0.6384849548339844,-0.01018606312572956,0.6168699264526367,0.5593551397323608,-0.024587739259004593,0.6225345134735107,0.506967306137085,-0.03387937322258949,0.6278276443481445,0.46468308568000793,-0.03985625505447388,0.6151226758956909,0.6466577649116516,-0.02108752727508545,0.627196192741394,0.5600824356079102,-0.03482164815068245,0.6380247473716736,0.5008636116981506,-0.04397215694189072,0.6486061811447144,0.4503518044948578,-0.04977985471487045,0.6239398121833801,0.6652845144271851,-0.031840451061725616,0.6342640519142151,0.5816715955734253,-0.044485390186309814,0.6426467895507812,0.5287644863128662,-0.05227140709757805,0.6502650380134583,0.48344290256500244,-0.05721638351678848,0.6374813914299011,0.6922403573989868,-0.042236704379320145,0.6416805386543274,0.6402606964111328,-0.053620509803295135,0.6448080539703369,0.6028454899787903,-0.05848562344908714,0.6499044895172119,0.5680195689201355,-0.061402324587106705,namaste
0.6080876588821411,0.7937639951705933,2.033687565017317e-07,0.6088008284568787,0.7314662337303162,0.002106977626681328,0.6134910583496094,0.6618543863296509,-0.0009052123059518635,0.6222963333129883,0.6107765436172485,-0.00596587685868144,0.6282310485839844,0.5731503963470459,-0.012280402705073357,0.6126963496208191,0.6387550830841064,-0.012093153782188892,0.6198525428771973,0.558934211730957,-0.027026688680052757,0.6261172294616699,0.5057744979858398,-0.03662700578570366,0.6323793530464172,0.46295589208602905,-0.042856473475694656,0.6169947385787964,0.6467937231063843,-0.022840410470962524,0.6294267177581787,0.5605325698852539,-0.03701202571392059,0.6406339406967163,0.5014401078224182,-0.04642220586538315,0.6515535116195679,0.45126456022262573,-0.052463967353105545,0.6249492764472961,0.6659879088401794,-0.033499740064144135,0.6364989280700684,0.5824291706085205,-0.04652184247970581,0.6458925008773804,0.5290487408638,-0.05474197492003441,0.6543034315109253,0.4829098582267761,-0.06006793677806854,0.6375349760055542,0.6938174366950989,-0.043869875371456146,0.6430827379226685,0.6416160464286804,-0.05544520542025566,0.6468040943145752,0.6039597392082214,-0.0606125071644783,0.6523561477661133,0.5689817070960999,-0.06386269629001617,namaste
0.6082679629325867,0.7922953963279724,1.9969267839314853e-07,0.6105622053146362,0.7307349443435669,0.0037655371706932783,0.614711582660675,0.6629146337509155,0.0020727780647575855,0.6223624348640442,0.6140817999839783,-0.002068005735054612,0.6271731853485107,0.5774317383766174,-0.007332267705351114,0.6136134266853333,0.6365344524383545,-0.007587446365505457,0.6222366094589233,0.5573034286499023,-0.02088187448680401,0.6289467811584473,0.5052006840705872,-0.029477771371603012,0.6351994276046753,0.4636405110359192,-0.03500606119632721,0.6175920367240906,0.6438573598861694,-0.018374640494585037,0.6306520700454712,0.5584819316864014,-0.031010787934064865,0.6416913270950317,0.5013988018035889,-0.03968431428074837,0.6522136330604553,0.4535561800003052,-0.04517357423901558,0.6252114176750183,0.6613443493843079,-0.029136087745428085,0.6367189884185791,0.5774781703948975,-0.040814198553562164,0.6454812288284302,0.5249363780021667,-0.04876355826854706,0.6533287763595581,0.47986263036727905,-0.05391522869467735,0.637627899646759,0.6871951818466187,-0.03951827809214592,0.6434928178787231,0.6354515552520752,-0.049866221845149994,0.6462721824645996,0.5984187126159668,-0.054716646671295166,0.650429368019104,0.5640695691108704,-0.05776400491595268,namaste
0.6113369464874268,0.7949880361557007,1.5513633400132676e-07,0.630709707736969,0.7398384809494019,0.001291945343837142,0.636059045791626,0.6730809807777405,0.0006119013414718211,0.6394017934799194,0.6229779720306396,-0.0023571413476020098,0.6406716704368591,0.5847570896148682,-0.006149946246296167,0.626062273979187,0.6328123211860657,-0.0021135208662599325,0.6287941932678223,0.5600172877311707,-0.013843515887856483,0.6329165101051331,0.5101456642150879,-0.023105395957827568,0.6372642517089844,0.4697083830833435,-0.02945253998041153,0.6227502822875977,0.6393188834190369,-0.011255301535129547,0.6291952133178711,0.5600373148918152,-0.022430922836065292,0.6376622319221497,0.5054755210876465,-0.03183499723672867,0.6461251974105835,0.4579501152038574,-0.03807255998253822,0.6215399503707886,0.654423713684082,-0.02111111208796501,0.6259975433349609,0.5773651599884033,-0.032274357974529266,0.6315066814422607,0.5270425081253052,-0.04020100459456444,0.6366006135940552,0.48548245429992676,-0.04512464255094528,0.6236369609832764,0.6769435405731201,-0.031036945059895515,0.625914990901947,0.6255626082420349,-0.040771860629320145,0.6279265880584717,0.5892371535301208,-0.04540279507637024,0.6309118270874023,0.5580768585205078,-0.04829922318458557,namaste
0.6045880913734436,0.7906426191329956,1.409067351687554e-07,0.6299858093261719,0.7397935390472412,0.000298289000056684,0.6396116018295288,0.674971342086792,-3.5499222576618195e-05,0.6458484530448914,0.629263699054718,-0.0025704004801809788,0.6495552062988281,0.5926015973091125,-0.005603343714028597,0.6282620429992676,0.6280998587608337,0.0014741159975528717,0.6342037320137024,0.5608525276184082,-0.00868429895490408,0.638158917427063,0.5119298696517944,-0.017450040206313133,0.6407006978988647,0.47186505794525146,-0.023970281705260277,0.6229793429374695,0.6320933699607849,-0.006800836883485317,0.6311970949172974,0.5570409297943115,-0.017307134345173836,0.6392583847045898,0.5035372376441956,-0.02680285833775997,0.6462365984916687,0.45518046617507935,-0.03335455060005188,0.6190915703773499,0.6439948081970215,-0.01615792326629162,0.6253008246421814,0.5689520835876465,-0.026873616501688957,0.6308526396751404,0.5200796723365784,-0.03432200849056244,0.6353092789649963,0.47771531343460083,-0.039007171988487244,0.6180110573768616,0.6622656583786011,-0.02580231800675392,0.6215992569923401,0.6116002798080444,-0.034935981035232544,0.6246157288551331,0.5770677328109741,-0.03939075395464897,0.6279872059822083,0.5468889474868774,-0.042333487421274185,namaste
0.6021444201469421,0.7934290170669556,1.3872968906980532e-07,0.6290298104286194,0.7419894337654114,0.0024373584892600775,0.6377118825912476,0.6794341802597046,0.0025571438018232584,0.6423401236534119,0.6361186504364014,-3.59948244295083e-05,0.6462727785110474,0.6012502908706665,-0.003144517308101058,0.6254203915596008,0.6293927431106567,0.0035076781641691923,0.6309041380882263,0.5626115798950195,-0.006037226878106594,0.6346637606620789,0.5154129862785339,-0.014411259442567825,0.6371013522148132,0.47626179456710815,-0.020596597343683243,0.620163083076477,0.6317908763885498,-0.0055044107139110565,0.6304807662963867,0.5559202432632446,-0.015068222768604755,0.640282928943634,0.5045087337493896,-0.02339184656739235,0.6489091515541077,0.4589081108570099,-0.029113486409187317,0.6159858703613281,0.6418461203575134,-0.015515286475419998,0.6233779788017273,0.5664042830467224,-0.024896226823329926,0.628716766834259,0.5185211300849915,-0.030862344428896904,0.633283793926239,0.47778886556625366,-0.03456955403089523,0.6146052479743958,0.6583366394042969,-0.025742139667272568,0.6189054846763611,0.6044585704803467,-0.03314957022666931,0.6218715310096741,0.5682252049446106,-0.0361170619726181,0.6251678466796875,0.5369315147399902,-0.038059741258621216,namaste
0.598854660987854,0.7938005924224854,1.4645948454017343e-07,0.6233465075492859,0.740531325340271,0.0018410037737339735,0.6345524191856384,0.6783360242843628,0.001513425842858851,0.6415584087371826,0.6353196501731873,-0.0011789844138547778,0.644680380821228,0.600119411945343,-0.004037027712911367,0.6216712594032288,0.6266384124755859,0.0033944149035960436,0.627159833908081,0.5591847896575928,-0.005993823986500502,0.6310978531837463,0.5120023488998413,-0.01416832022368908,0.6337616443634033,0.4732724130153656,-0.02013174258172512,0.6181590557098389,0.630058228969574,-0.005293862894177437,0.6295135021209717,0.5556519031524658,-0.014450687915086746,0.6398701071739197,0.5046815872192383,-0.022621912881731987,0.6493148803710938,0.45938876271247864,-0.028186745941638947,0.6154574751853943,0.64104825258255,-0.015004413202404976,0.6243830323219299,0.5682482719421387,-0.02398543618619442,0.6309112310409546,0.5206445455551147,-0.029605332762002945,0.636735737323761,0.4789351224899292,-0.033159200102090836,0.6153029203414917,0.6588991284370422,-0.02500436082482338,0.6190457940101624,0.6082926988601685,-0.03209548071026802,0.6216866970062256,0.575329601764679,-0.03443579748272896,0.6249682903289795,0.5467818975448608,-0.0358622670173645,namaste
0.6018527746200562,0.7966567873954773,1.2112496960980934e-07,0.629174530506134,0.7465255856513977,0.0024196261074393988,0.6381400227546692,0.6823947429656982,0.002697963733226061,0.6423020958900452,0.6379050612449646,0.0004467054386623204,0.6459987759590149,0.6024207472801208,-0.0022938717156648636,0.6255581974983215,0.6317614912986755,0.002324949949979782,0.6293132305145264,0.5636029243469238,-0.0071224672719836235,0.6322584748268127,0.5151535272598267,-0.015132496133446693,0.6338202357292175,0.4742458462715149,-0.02114611491560936,0.6207635402679443,0.6330001950263977,-0.006888265255838633,0.6305964589118958,0.5569848418235779,-0.016469864174723625,0.6400184631347656,0.5039524435997009,-0.024838069453835487,0.6483469009399414,0.45599573850631714,-0.030612260103225708,0.616361141204834,0.641913890838623,-0.016977766528725624,0.6244078278541565,0.5681522488594055,-0.02629711478948593,0.6309401988983154,0.5169245004653931,-0.03259250521659851,0.6364731788635254,0.472007691860199,-0.03671841695904732,0.6142206788063049,0.657390296459198,-0.02725336328148842,0.6170216202735901,0.6044005155563354,-0.03508300334215164,0.6189088821411133,0.5669119358062744,-0.038366395980119705,0.6215353012084961,0.5347275137901306,-0.040540143847465515,namaste
0.6011661291122437,0.7945264577865601,1.3413216493063373e-07,0.6288948655128479,0.7434210181236267,-0.0015097629511728883,0.6395811438560486,0.6817798018455505,-0.0037073716521263123,0.643336296081543,0.6377540826797485,-0.007643762975931168,0.6442703008651733,0.6014977693557739,-0.01197760459035635,0.627015233039856,0.6275352835655212,-0.0023113253992050886,0.6254542469978333,0.5611208081245422,-0.013471020385622978,0.6260863542556763,0.5150036811828613,-0.02262389287352562,0.6271029114723206,0.4770296514034271,-0.02913445420563221,0.6207857728004456,0.6323973536491394,-0.009615529328584671,0.6236921548843384,0.55779629945755,-0.020454619079828262,0.6294064521789551,0.5060285925865173,-0.029499555006623268,0.6344305276870728,0.46109282970428467,-0.03572936728596687,0.614240288734436,0.6465991139411926,-0.0179840587079525,0.6145528554916382,0.5741332769393921,-0.028780044987797737,0.6150006651878357,0.5276974439620972,-0.03560459613800049,0.6146780252456665,0.4887792468070984,-0.03982773423194885,0.6092161536216736,0.6690594553947449,-0.026705199852585793,0.607403576374054,0.6200975179672241,-0.03613012284040451,0.6063836216926575,0.5858153104782104,-0.04039612039923668,0.6052809953689575,0.5559828877449036,-0.04299907013773918,namaste
0.6041810512542725,0.7951189875602722,6.095838500641548e-08,0.6305965781211853,0.7523711323738098,-0.003680444322526455,0.6415256857872009,0.6890820860862732,-0.005060311406850815,0.6431654691696167,0.6421304941177368,-0.007599170785397291,0.643451988697052,0.6037241220474243,-0.010342762805521488,0.6338996291160583,0.6320008635520935,-0.0016624911222606897,0.6284141540527344,0.565951943397522,-0.011946717277169228,0.6258345246315002,0.5199125409126282,-0.02085915580391884,0.6240801215171814,0.4825362265110016,-0.027208345010876656,0.6246963739395142,0.6331396698951721,-0.007207212038338184,0.6203251481056213,0.5609279870986938,-0.017143649980425835,0.6193176507949829,0.510887622833252,-0.025766897946596146,0.6183303594589233,0.46852853894233704,-0.031663548201322556,0.6151964068412781,0.6441197395324707,-0.014081106521189213,0.6127521991729736,0.5758494138717651,-0.024367129430174828,0.6117316484451294,0.5307509899139404,-0.030529286712408066,0.6099013686180115,0.4931684732437134,-0.034176286309957504,0.6050748825073242,0.6646706461906433,-0.021504076197743416,0.6017326712608337,0.6178696751594543,-0.031190043315291405,0.6008009314537048,0.5838465094566345,-0.03526599332690239,0.6001195907592773,0.554224967956543,-0.037443891167640686,namaste
0.6085425019264221,0.7944116592407227,6.369129579297805e-08,0.6320866346359253,0.748668909072876,-0.0021339040249586105,0.641374945640564,0.6843528747558594,-0.003085891017690301,0.6429272890090942,0.6379365921020508,-0.005599080119282007,0.6427798271179199,0.6017324328422546,-0.008401412516832352,0.6352735757827759,0.6258161664009094,-0.0001472032890887931,0.6288389563560486,0.5612219572067261,-0.010336795821785927,0.6256182193756104,0.5162804126739502,-0.019366387277841568,0.6235320568084717,0.47865018248558044,-0.025687068700790405,0.6256088018417358,0.6270478963851929,-0.006567701697349548,0.6201524138450623,0.5545027256011963,-0.01583382487297058,0.6184553503990173,0.5050179362297058,-0.02394377812743187,0.6170862913131714,0.46286284923553467,-0.02949167601764202,0.6153413653373718,0.6385892033576965,-0.014218398369848728,0.6111845970153809,0.5721465349197388,-0.0232404638081789,0.6087655425071716,0.5281895399093628,-0.028402497991919518,0.6062326431274414,0.4905264973640442,-0.031589530408382416,0.6040471196174622,0.6606311798095703,-0.022435592487454414,0.599193274974823,0.6138505935668945,-0.03040630929172039,0.5971943736076355,0.5809810757637024,-0.03305690735578537,0.5957667827606201,0.5521111488342285,-0.03444138169288635,namaste
0.6906688213348389,0.7463625073432922,2.3459469389308651e-07,0.6696580052375793,0.7163577675819397,-0.005731693468987942,0.6636702418327332,0.6619335412979126,-0.010095327161252499,0.6632060408592224,0.6226343512535095,-0.0146341472864151,0.659878134727478,0.5918315052986145,-0.019757455214858055,0.6693658828735352,0.6084957122802734,-0.011334439739584923,0.6685411930084229,0.5457842350006104,-0.023083316162228584,0.6667056679725647,0.5054363012313843,-0.031808845698833466,0.6646755933761597,0.4711046814918518,-0.037646420300006866,0.6808492541313171,0.6114068031311035,-0.016999168321490288,0.6790766716003418,0.5398987531661987,-0.027552736923098564,0.6771537661552429,0.4897955656051636,-0.03641324117779732,0.6758273839950562,0.4478369653224945,-0.04224207252264023,0.6925451159477234,0.6269100308418274,-0.023276157677173615,0.6927613615989685,0.558292031288147,-0.03376757726073265,0.692767322063446,0.5142462849617004,-0.040690332651138306,0.6926363706588745,0.4764859676361084,-0.04502437263727188,0.7034596800804138,0.6530647277832031,-0.02994677610695362,0.7071496248245239,0.6073528528213501,-0.03973385691642761,0.7086977362632751,0.5725188851356506,-0.04351237416267395,0.7096671462059021,0.5418738126754761,-0.045541852712631226,namaste
0.697324275970459,0.7551374435424805,2.1934160088221688e-07,0.6746380925178528,0.7287026047706604,-0.006651574745774269,0.6654189229011536,0.674891471862793,-0.011290065944194794,0.6642712354660034,0.6335663795471191,-0.016058318316936493,0.6579300165176392,0.5990156531333923,-0.02136850915849209,0.6694604754447937,0.6121225953102112,-0.01134138461202383,0.6679476499557495,0.548981249332428,-0.02279432862997055,0.6656535863876343,0.5084133148193359,-0.03171372413635254,0.6634380221366882,0.4735761880874634,-0.03780055418610573,0.6823210120201111,0.6126941442489624,-0.01640082709491253,0.6796212196350098,0.5414106845855713,-0.026468032971024513,0.6765862703323364,0.49144247174263,-0.03560737520456314,0.674310028553009,0.4489426612854004,-0.041948627680540085,0.6954643726348877,0.6269629597663879,-0.02226920984685421,0.6953629851341248,0.5584415197372437,-0.03219820559024811,0.6945574879646301,0.5143176317214966,-0.0401417538523674,0.6937569975852966,0.4767800271511078,-0.045582015067338943,0.7082315683364868,0.6517046093940735,-0.02865663170814514,0.7121894359588623,0.6037617921829224,-0.03835902363061905,0.7135694622993469,0.5692656636238098,-0.04329788312315941,0.7142626047134399,0.5387652516365051,-0.04641152545809746,namaste
0.6950643658638,0.7478506565093994,2.2017815126673668e-07,0.6727695465087891,0.7212811708450317,-0.006962829269468784,0.6629577875137329,0.6679667234420776,-0.011438509449362755,0.660560667514801,0.6269416213035583,-0.015908420085906982,0.6562029719352722,0.5936756730079651,-0.02097272127866745,0.6698729991912842,0.6126352548599243,-0.010913243517279625,0.6674457788467407,0.5517885684967041,-0.021921824663877487,0.6643027067184448,0.5112333297729492,-0.030566828325390816,0.6619166731834412,0.4769180417060852,-0.0365678034722805,0.6823458671569824,0.6144307851791382,-0.015707533806562424,0.6793017387390137,0.5472574830055237,-0.02592291496694088,0.6760794520378113,0.4992675483226776,-0.03511228784918785,0.6738337874412537,0.45951926708221436,-0.04119420051574707,0.6952171325683594,0.628612220287323,-0.021315457299351692,0.6951366662979126,0.5612488985061646,-0.032003339380025864,0.6936583518981934,0.5168575048446655,-0.04004944488406181,0.6924404501914978,0.47824907302856445,-0.04522424191236496,0.7073386907577515,0.6536706686019897,-0.02731380984187126,0.7111144065856934,0.6080024838447571,-0.03822401538491249,0.7120282053947449,0.5732146501541138,-0.04334916174411774,0.7124161720275879,0.5417717099189758,-0.04622991010546684,namaste
0.6909545063972473,0.7475838661193848,1.9895136915693001e-07,0.6689826250076294,0.7167108058929443,-0.0063354396261274815,0.662138819694519,0.6639258861541748,-0.011257406324148178,0.6613928079605103,0.6251157522201538,-0.016363492235541344,0.6570113301277161,0.5939435958862305,-0.02198052406311035,0.6673995852470398,0.6128361225128174,-0.012836363166570663,0.6661747097969055,0.5504786968231201,-0.025576507672667503,0.6639674305915833,0.5116041302680969,-0.03483457863330841,0.6613215208053589,0.47788047790527344,-0.0408492311835289,0.6799736022949219,0.6147961616516113,-0.018266698345541954,0.6778459548950195,0.543237030506134,-0.029870714992284775,0.6753843426704407,0.49312663078308105,-0.038736313581466675,0.6731309294700623,0.4501369595527649,-0.04438169673085213,0.6930462121963501,0.6295196413993835,-0.024418286979198456,0.6937476992607117,0.5607139468193054,-0.03544029965996742,0.6931755542755127,0.5164958834648132,-0.042244020849466324,0.6920403242111206,0.478573203086853,-0.046272534877061844,0.705723762512207,0.6550396680831909,-0.03104427643120289,0.7097505331039429,0.608023464679718,-0.041135918349027634,0.7109988927841187,0.5732558369636536,-0.045039284974336624,0.7117068767547607,0.5430200099945068,-0.04697410389780998,namaste
0.6937124133110046,0.7531470656394958,2.103828649069328e-07,0.671416163444519,0.7223854064941406,-0.006604756228625774,0.6627281308174133,0.6681921482086182,-0.011135500855743885,0.6603798866271973,0.6269767880439758,-0.015592084266245365,0.657323956489563,0.5927978157997131,-0.0203328225761652,0.6701331734657288,0.619181215763092,-0.011472228914499283,0.6684430241584778,0.5559089183807373,-0.023552944883704185,0.6653063893318176,0.5150034427642822,-0.03247278183698654,0.6622622609138489,0.48029112815856934,-0.03834720328450203,0.6820356249809265,0.6201737523078918,-0.016285313293337822,0.6796951293945312,0.5489243268966675,-0.027107922360301018,0.6768490076065063,0.49890002608299255,-0.0357985682785511,0.6749972701072693,0.45680898427963257,-0.04135687276721001,0.6941906809806824,0.6330615282058716,-0.021845892071723938,0.6938271522521973,0.5647941827774048,-0.03240084648132324,0.6925206184387207,0.5203110575675964,-0.03887974098324776,0.6915146112442017,0.48204126954078674,-0.042790692299604416,0.7058124542236328,0.6565865874290466,-0.02790452539920807,0.7090128064155579,0.6109664440155029,-0.037810757756233215,0.7101650834083557,0.5766465067863464,-0.04157188534736633,0.7111800909042358,0.5459542870521545,-0.04341448098421097,namaste
0.5904635190963745,0.7895559072494507,6.516592065963778e-08,0.618690013885498,0.7492960691452026,-0.002762835705652833,0.6286172270774841,0.6873763203620911,-0.004694327246397734,0.6319475769996643,0.6407085061073303,-0.008297248743474483,0.6357938051223755,0.6039375066757202,-0.012348267249763012,0.6220484375953674,0.6287122368812561,-0.0013811119133606553,0.6201709508895874,0.5636339783668518,-0.012878820300102234,0.6209953427314758,0.518386960029602,-0.023046541959047318,0.6215874552726746,0.47993868589401245,-0.03028559871017933,0.6141678690910339,0.6297411918640137,-0.008246458135545254,0.6136394143104553,0.5559824109077454,-0.019072122871875763,0.6153832077980042,0.5042958855628967,-0.028604406863451004,0.6163182258605957,0.459966242313385,-0.0352352038025856,0.6057722568511963,0.6413120627403259,-0.016425400972366333,0.6060775518417358,0.5722662210464478,-0.026691224426031113,0.6061781048774719,0.5272895693778992,-0.0329078733921051,0.6054588556289673,0.4895029067993164,-0.036854490637779236,0.5971279740333557,0.6620404124259949,-0.025229208171367645,0.5952986478805542,0.612678587436676,-0.03415902704000473,0.595219075679779,0.5777552723884583,-0.03775450214743614,0.5957185626029968,0.547741174697876,-0.039924897253513336,namaste
0.593664824962616,0.7846202254295349,7.929999412681354e-08,0.6202952265739441,0.7404639720916748,-0.0012002118164673448,0.6297407150268555,0.6793549060821533,-0.0025832296814769506,0.6321228742599487,0.6353463530540466,-0.005706888623535633,0.6342577934265137,0.6012640595436096,-0.00937674194574356,0.6246833801269531,0.625565230846405,-0.0021002718713134527,0.621931254863739,0.5595685243606567,-0.012792185880243778,0.6220707297325134,0.5146204233169556,-0.021938402205705643,0.6219643950462341,0.47659623622894287,-0.028334934264421463,0.6164541244506836,0.6275655031204224,-0.009255616925656796,0.6152188777923584,0.5540856719017029,-0.019028758630156517,0.6158247590065002,0.5029549598693848,-0.027369843795895576,0.6156161427497864,0.45967090129852295,-0.03317151591181755,0.6073333024978638,0.6396085619926453,-0.017369939014315605,0.6059885621070862,0.5718190670013428,-0.026353083550930023,0.6052134037017822,0.5273006558418274,-0.03188111633062363,0.6038684248924255,0.490069180727005,-0.035529229789972305,0.5975236296653748,0.6604847311973572,-0.025940604507923126,0.5950279831886292,0.6129767298698425,-0.03381992504000664,0.5946269035339355,0.5789545774459839,-0.03683338686823845,0.5945863723754883,0.5499048233032227,-0.0386575423181057,namaste
0.6965380907058716,0.7644973993301392,1.2428058937530295e-07,0.6709529757499695,0.7314701676368713,-0.005012183915823698,0.6618169546127319,0.6745705008506775,-0.009090577252209187,0.6586877703666687,0.631436288356781,-0.013643666170537472,0.6533516645431519,0.5956640839576721,-0.018482264131307602,0.6681397557258606,0.6203480362892151,-0.011358373798429966,0.6661083102226257,0.5562250018119812,-0.023635348305106163,0.662365198135376,0.5158388018608093,-0.03254305571317673,0.6584344506263733,0.48109719157218933,-0.03854798898100853,0.677778959274292,0.6222052574157715,-0.01717197336256504,0.6745396256446838,0.5493854284286499,-0.028374558314681053,0.6712614893913269,0.49885350465774536,-0.03660610690712929,0.6685689091682434,0.4565829634666443,-0.04192759841680527,0.6887181401252747,0.6365481615066528,-0.023696191608905792,0.6888769268989563,0.5672855973243713,-0.034095969051122665,0.6881586909294128,0.5231642723083496,-0.040568530559539795,0.6870482563972473,0.48654937744140625,-0.04458396136760712,0.6991207003593445,0.6613038182258606,-0.030690615996718407,0.7022751569747925,0.615081787109375,-0.040534403175115585,0.7032686471939087,0.58070969581604,-0.044945549219846725,0.7040579319000244,0.5508267879486084,-0.047395192086696625,namaste
0.5923398733139038,0.7852177619934082,5.6578436158361e-08,0.6202510595321655,0.7459132075309753,-0.0012356266379356384,0.6318015456199646,0.6835888028144836,-0.0014497776282951236,0.6356382369995117,0.6376742124557495,-0.003478754311800003,0.6393741369247437,0.6040134429931641,-0.005812483839690685,0.6271416544914246,0.6262743473052979,0.0014098123647272587,0.6215675473213196,0.5598535537719727,-0.008205178193747997,0.6206579804420471,0.5132745504379272,-0.01704944483935833,0.6204236149787903,0.4740612506866455,-0.023385753855109215,0.6196814179420471,0.6267358660697937,-0.005151758901774883,0.6169684529304504,0.5551496148109436,-0.01438864041119814,0.6175707578659058,0.5028930902481079,-0.022779038175940514,0.6182202696800232,0.4583725333213806,-0.02852538228034973,0.6106234192848206,0.635607123374939,-0.012906752526760101,0.6099188327789307,0.5690459609031677,-0.021480269730091095,0.609862208366394,0.5230650305747986,-0.026936618611216545,0.6092188954353333,0.4844539761543274,-0.03035874105989933,0.5999334454536438,0.6526523232460022,-0.02123495563864708,0.5977557897567749,0.605094850063324,-0.028482096269726753,0.5976835489273071,0.5719162225723267,-0.031222248449921608,0.5982478857040405,0.5444424748420715,-0.032756268978118896,namaste
0.6988465189933777,0.7606161832809448,7.524356249177799e-08,0.6705144047737122,0.7204412817955017,-0.0022929857950657606,0.661091148853302,0.6660542488098145,-0.006236120127141476,0.6586230993270874,0.6256603002548218,-0.011244014836847782,0.6538419127464294,0.5929372310638428,-0.016801415011286736,0.668799102306366,0.6163812875747681,-0.009014599025249481,0.6640303134918213,0.5544761419296265,-0.020516065880656242,0.6597826480865479,0.5149884819984436,-0.029182879254221916,0.657355010509491,0.4812200665473938,-0.0351506732404232,0.6766076683998108,0.6186695098876953,-0.015789566561579704,0.6711299419403076,0.5460634231567383,-0.025899343192577362,0.6679791212081909,0.49735593795776367,-0.03374641388654709,0.6674302816390991,0.45663881301879883,-0.03927048295736313,0.685533344745636,0.6330137848854065,-0.02298879250884056,0.6830512285232544,0.5653364658355713,-0.03268621861934662,0.6817196011543274,0.521824836730957,-0.03877461329102516,0.6815036535263062,0.4856128692626953,-0.04292428120970726,0.6935619115829468,0.6558084487915039,-0.03041117452085018,0.6951265335083008,0.6128634214401245,-0.03844868391752243,0.6956861019134521,0.5821107625961304,-0.041529130190610886,0.6969680190086365,0.5552490949630737,-0.04366005212068558,namaste
0.5939297080039978,0.7871799468994141,4.4260488607505977e-08,0.6225358843803406,0.7390244007110596,0.00035007038968615234,0.6345678567886353,0.6750080585479736,0.0006788796745240688,0.6404575109481812,0.6305919885635376,-0.0015256040496751666,0.6449528336524963,0.5936161875724792,-0.003788757137954235,0.627471387386322,0.6346458196640015,0.005014757160097361,0.6245661973953247,0.5687137842178345,-0.004981144797056913,0.6247045993804932,0.520250141620636,-0.014404329471290112,0.6245917677879333,0.4790160655975342,-0.021139709278941154,0.6217490434646606,0.6353824734687805,-0.002932260511443019,0.6194122433662415,0.5654170513153076,-0.012896333821117878,0.6208257675170898,0.5117514729499817,-0.02214565873146057,0.6217676401138306,0.4634309709072113,-0.028594711795449257,0.6156785488128662,0.641485869884491,-0.01226117741316557,0.6161714196205139,0.5728241801261902,-0.021482687443494797,0.6171072721481323,0.5241945385932922,-0.02713504433631897,0.6164722442626953,0.4824371039867401,-0.03049471043050289,0.6104999780654907,0.6532960534095764,-0.02220139652490616,0.6108456254005432,0.601193904876709,-0.029475940391421318,0.6114208102226257,0.5639921426773071,-0.0321662463247776,0.611480712890625,0.5327883958816528,-0.03370015323162079,namaste
0.6060745716094971,0.8082659244537354,1.0575373465826488e-07,0.6160981059074402,0.7438983917236328,0.003256864845752716,0.6234666705131531,0.6788575053215027,0.0030792595352977514,0.6306948065757751,0.6295188665390015,0.00018368444580119103,0.6349425911903381,0.5908845067024231,-0.0032503444235771894,0.6198073029518127,0.6542993187904358,0.001224406878463924,0.6283032894134521,0.5838826894760132,-0.010557404719293118,0.6327170133590698,0.5310665369033813,-0.02027660608291626,0.6357574462890625,0.4872412085533142,-0.027037804946303368,0.6195544600486755,0.6615732312202454,-0.008678736165165901,0.6293845176696777,0.5872198939323425,-0.020351095125079155,0.6356686353683472,0.5296491384506226,-0.030682245269417763,0.6415777206420898,0.47601526975631714,-0.037443552166223526,0.6229009032249451,0.6768023371696472,-0.018961338326334953,0.6335073113441467,0.6042399406433105,-0.029657689854502678,0.6403446793556213,0.5566807985305786,-0.036985304206609726,0.6461277008056641,0.5130759477615356,-0.0414954274892807,0.6303611993789673,0.6999930739402771,-0.029323946684598923,0.6346402168273926,0.6569516658782959,-0.038633640855550766,0.6372729539871216,0.6249323487281799,-0.04253365844488144,0.6415378451347351,0.5950548648834229,-0.04469922557473183,namaste
0.6086959838867188,0.8023074269294739,1.2484400713219657e-07,0.6156722903251648,0.745754063129425,0.004215812310576439,0.6216174960136414,0.683156430721283,0.003382190130650997,0.6288657784461975,0.6360383033752441,0.00019810177036561072,0.6322932839393616,0.5994630455970764,-0.004000707995146513,0.6227821707725525,0.6592167615890503,-0.006378927733749151,0.6306502223014832,0.5831496119499207,-0.019045129418373108,0.6346844434738159,0.5298943519592285,-0.02787775732576847,0.6375327706336975,0.4864546060562134,-0.03382158651947975,0.6236581206321716,0.6664219498634338,-0.0168882068246603,0.6333762407302856,0.5854959487915039,-0.029282504692673683,0.6393108367919922,0.5279706120491028,-0.03842223063111305,0.6442590355873108,0.4762932360172272,-0.044337838888168335,0.627341628074646,0.6826918125152588,-0.02711489237844944,0.6372250914573669,0.603233277797699,-0.03831389918923378,0.6430596709251404,0.5544056296348572,-0.04541129991412163,0.6474916934967041,0.5108075737953186,-0.04994381219148636,0.634434700012207,0.7061691880226135,-0.037017904222011566,0.6380424499511719,0.6607541441917419,-0.047626934945583344,0.6402145028114319,0.6266818046569824,-0.0523734949529171,0.6438311338424683,0.5949532389640808,-0.055189263075590134,namaste
0.607426643371582,0.8052089810371399,1.2471116406231886e-07,0.6161196827888489,0.7483108639717102,0.004994306713342667,0.622905969619751,0.6855854988098145,0.004619399551302195,0.6308693885803223,0.6394908428192139,0.0015277592465281487,0.6346685290336609,0.6037555932998657,-0.0024982797913253307,0.6204324960708618,0.6581555008888245,-0.0037590761203318834,0.6289011836051941,0.584293007850647,-0.015897464007139206,0.6333458423614502,0.5317873954772949,-0.024609465152025223,0.636289119720459,0.4894271194934845,-0.03050996921956539,0.6205757856369019,0.6653240323066711,-0.014864567667245865,0.6310111880302429,0.5837739109992981,-0.026591943576931953,0.6375513672828674,0.5265997648239136,-0.03580738604068756,0.6427304744720459,0.47548097372055054,-0.04178522154688835,0.624464213848114,0.6814727187156677,-0.02577853389084339,0.6354169845581055,0.6018829345703125,-0.03638410195708275,0.6414684057235718,0.5527025461196899,-0.04334123432636261,0.6458339095115662,0.5089020729064941,-0.04780348390340805,0.6326264142990112,0.7051106095314026,-0.03639467433094978,0.6363335251808167,0.6577939987182617,-0.04618970677256584,0.63824462890625,0.623758852481842,-0.05032399669289589,0.6416179537773132,0.5924303531646729,-0.052740518003702164,namaste
0.6048069000244141,0.8042489290237427,1.25807915196674e-07,0.6151528358459473,0.7479212880134583,0.003822783939540386,0.6229467988014221,0.6854190826416016,0.0034089256078004837,0.6311494708061218,0.6391478776931763,0.00034917559241876006,0.6354424357414246,0.6029134392738342,-0.0034142148215323687,0.6195375919342041,0.6584482192993164,-0.00291517679579556,0.6289548277854919,0.5858871936798096,-0.014733156189322472,0.6343779563903809,0.5343794226646423,-0.02335861138999462,0.6381944417953491,0.4924503266811371,-0.029205912724137306,0.619115948677063,0.6649644374847412,-0.013142700307071209,0.6295948028564453,0.5849433541297913,-0.02506379410624504,0.6367241740226746,0.5278868675231934,-0.03454342111945152,0.6423646807670593,0.47682544589042664,-0.04056231305003166,0.62276691198349,0.6794853210449219,-0.023370126262307167,0.6332277059555054,0.601527214050293,-0.03426472842693329,0.6397924423217773,0.5526769161224365,-0.041770290583372116,0.6443789601325989,0.5088806748390198,-0.04637230560183525,0.6312299370765686,0.7007974982261658,-0.033438920974731445,0.6351479291915894,0.6532408595085144,-0.043212179094552994,0.6372897624969482,0.6191126704216003,-0.0478113517165184,0.6404139399528503,0.5879256725311279,-0.05052047222852707,namaste
0.6086496114730835,0.8001599311828613,1.229658295187619e-07,0.6188462972640991,0.7431154847145081,0.004985070787370205,0.6262426376342773,0.6802961826324463,0.00480714300647378,0.6341971158981323,0.6337864995002747,0.0022532446309924126,0.6376606822013855,0.59765625,-0.001501815509982407,0.6238115429878235,0.6515206098556519,-0.005900968797504902,0.6309880614280701,0.5795890092849731,-0.018394554033875465,0.6348135471343994,0.5275475382804871,-0.027159683406352997,0.6370855569839478,0.4852341115474701,-0.03320758789777756,0.6236075162887573,0.6600680947303772,-0.016971400007605553,0.6339409947395325,0.5800899267196655,-0.02923387847840786,0.6406828761100769,0.5234273076057434,-0.03847042843699455,0.6458556056022644,0.4722641706466675,-0.044681448489427567,0.6259047389030457,0.6773205399513245,-0.027741916477680206,0.6352437734603882,0.5986079573631287,-0.03928836062550545,0.6409979462623596,0.5498611330986023,-0.0465208999812603,0.6450781226158142,0.5065253376960754,-0.05128367245197296,0.6315901279449463,0.7015028595924377,-0.0380842387676239,0.6350097060203552,0.654251754283905,-0.0496414378285408,0.63722825050354,0.6191049218177795,-0.054994210600852966,0.640408992767334,0.5868701934814453,-0.058336932212114334,namaste
0.613754391670227,0.8029744029045105,1.4077458843075874e-07,0.6225912570953369,0.7455123066902161,0.0035358949098736048,0.6267614364624023,0.6829013228416443,0.002996792085468769,0.6322668790817261,0.6356126070022583,-0.00019524052913766354,0.6352199912071228,0.5989956855773926,-0.0041737803258001804,0.6213638782501221,0.6558061838150024,-0.002870899625122547,0.6275807619094849,0.5804688930511475,-0.015408520586788654,0.632009744644165,0.5276209115982056,-0.02467903308570385,0.6352505683898926,0.484886109828949,-0.030892951413989067,0.6208545565605164,0.6625418066978455,-0.013028331100940704,0.6298702359199524,0.5804568529129028,-0.025268476456403732,0.6367459893226624,0.5233650207519531,-0.034711964428424835,0.6426027417182922,0.4732547402381897,-0.040701501071453094,0.623979389667511,0.6770159006118774,-0.023380693048238754,0.6325609087944031,0.5975670218467712,-0.03455933928489685,0.6387712359428406,0.5486367344856262,-0.04183081164956093,0.6436713337898254,0.5062503814697266,-0.04627644270658493,0.6312140226364136,0.6982488632202148,-0.03362484276294708,0.6351664066314697,0.6517685651779175,-0.04369129613041878,0.6378467679023743,0.6178419589996338,-0.04832177981734276,0.6414532661437988,0.5871829986572266,-0.05103926733136177,namaste
0.614737331867218,0.8055691123008728,2.064172406335274e-07,0.613807737827301,0.7485995888710022,0.0016090844292193651,0.6181122064590454,0.6831148862838745,-0.0007757401908747852,0.6269617676734924,0.6350660920143127,-0.005246959626674652,0.6318020820617676,0.5990036129951477,-0.010838157497346401,0.6177445650100708,0.6629716753959656,-0.009559421800076962,0.6256623864173889,0.5839810371398926,-0.023734048008918762,0.6304585933685303,0.529089093208313,-0.03321632742881775,0.6347736120223999,0.4847208261489868,-0.039321381598711014,0.6198996901512146,0.6703149676322937,-0.01959136873483658,0.6287882328033447,0.5840556621551514,-0.033168405294418335,0.6349189877510071,0.5234541893005371,-0.04297731816768646,0.6410187482833862,0.4705392122268677,-0.04921597242355347,0.6261353492736816,0.6862242817878723,-0.029561324045062065,0.6343651413917542,0.602552056312561,-0.04169684648513794,0.6398898959159851,0.5502623915672302,-0.049318309873342514,0.644424319267273,0.505426287651062,-0.054012052714824677,0.6371645927429199,0.7093268036842346,-0.039436325430870056,0.640293300151825,0.6581873893737793,-0.04999628663063049,0.6419327855110168,0.6211152076721191,-0.054499465972185135,0.6450029611587524,0.5875129103660583,-0.0571577362716198,namaste
0.6155970692634583,0.8008520603179932,2.0214639562254888e-07,0.616469144821167,0.7408464550971985,0.0026502010878175497,0.6219510436058044,0.6752672791481018,0.0008917375234887004,0.631228506565094,0.6277123093605042,-0.0030033779330551624,0.6364743709564209,0.592460036277771,-0.008012564852833748,0.6199544072151184,0.6536853909492493,-0.008174645714461803,0.6269824504852295,0.5783716440200806,-0.021774746477603912,0.631607174873352,0.5254027247428894,-0.031298015266656876,0.6357119083404541,0.48214513063430786,-0.03759149834513664,0.6213143467903137,0.6613756418228149,-0.01828731782734394,0.6294965744018555,0.5784953236579895,-0.030951673164963722,0.6362919807434082,0.520317554473877,-0.04047911986708641,0.6428710222244263,0.46997910737991333,-0.046760570257902145,0.6263672113418579,0.6789616346359253,-0.028267208486795425,0.6337682604789734,0.5983678102493286,-0.03994303196668625,0.6397113800048828,0.5486350059509277,-0.047367632389068604,0.6444409489631653,0.5062958598136902,-0.052119411528110504,0.6357411742210388,0.7044140100479126,-0.038032662123441696,0.6392877101898193,0.6576119661331177,-0.04870564118027687,0.641404926776886,0.6227669715881348,-0.05333226919174194,0.6445837020874023,0.5906428694725037,-0.056155718863010406,namaste
0.6135239005088806,0.8046404123306274,1.852964430781867e-07,0.6148460507392883,0.7444909811019897,0.0027939416468143463,0.6201372742652893,0.6792318820953369,0.0012111517135053873,0.6282930970191956,0.6314784288406372,-0.0025125397369265556,0.632771909236908,0.5951936841011047,-0.007309266831725836,0.6203503012657166,0.6575071811676025,-0.007111153099685907,0.6271420121192932,0.5818524360656738,-0.020143995061516762,0.6310112476348877,0.5284157395362854,-0.029538864269852638,0.6340509057044983,0.4848823547363281,-0.035739801824092865,0.6217948198318481,0.6649207472801208,-0.017118632793426514,0.6294154524803162,0.5825003385543823,-0.029051054269075394,0.6353133320808411,0.5231781005859375,-0.038399189710617065,0.6408657431602478,0.47155874967575073,-0.04459209367632866,0.6269394755363464,0.6812650561332703,-0.026984674856066704,0.6338866949081421,0.6013262271881104,-0.03764514625072479,0.6390368342399597,0.550862729549408,-0.04475007206201553,0.6430971622467041,0.5080196857452393,-0.049381550401449203,0.6364607214927673,0.705215573310852,-0.03670811280608177,0.6392343640327454,0.6582419872283936,-0.04627802222967148,0.641109824180603,0.6238484978675842,-0.05024387687444687,0.6442184448242188,0.5929185152053833,-0.05263425409793854,namaste
0.6122803092002869,0.8037871718406677,1.8468921325620613e-07,0.6171173453330994,0.7461666464805603,0.0033504811581224203,0.6223880648612976,0.6817857027053833,0.0020043188706040382,0.6307177543640137,0.6348316073417664,-0.0016603878466412425,0.6348816156387329,0.5984758138656616,-0.006415208801627159,0.6198400855064392,0.6583161354064941,-0.007588802371174097,0.6271015405654907,0.581125020980835,-0.020763864740729332,0.6318160891532898,0.5277733206748962,-0.02980571612715721,0.6359645128250122,0.4847238063812256,-0.03575125336647034,0.6202833652496338,0.6657859683036804,-0.017953427508473396,0.6276876330375671,0.5814023017883301,-0.03050646372139454,0.6343230605125427,0.5220657587051392,-0.03992672264575958,0.6407688856124878,0.4707415699958801,-0.0460391603410244,0.6244378089904785,0.6828827261924744,-0.028113627806305885,0.6314730644226074,0.6029775142669678,-0.03986150398850441,0.6375494599342346,0.5528467297554016,-0.04796633869409561,0.6423891186714172,0.5096514225006104,-0.05311763659119606,0.6332958340644836,0.7078298926353455,-0.03795202448964119,0.6369323134422302,0.6621765494346619,-0.04880289360880852,0.6392326951026917,0.6279715895652771,-0.05391860008239746,0.6426267027854919,0.5963544249534607,-0.05704006180167198,namaste
0.6120638847351074,0.8067293763160706,1.766436383832115e-07,0.617023766040802,0.7455640435218811,0.0032802424393594265,0.622641921043396,0.6800324320793152,0.0013593040639534593,0.6307762265205383,0.6315255761146545,-0.002640862250700593,0.6345782279968262,0.5936607122421265,-0.007753020618110895,0.6227179765701294,0.6613540053367615,-0.009749062359333038,0.6290942430496216,0.5828588008880615,-0.023640869185328484,0.6326723694801331,0.5283299684524536,-0.032831549644470215,0.6356552243232727,0.48561033606529236,-0.038774147629737854,0.6240236759185791,0.6688812971115112,-0.020300842821598053,0.6337980628013611,0.5828923583030701,-0.03333485499024391,0.6408910155296326,0.5229567289352417,-0.04267161712050438,0.6473931670188904,0.4733032286167145,-0.04868799075484276,0.6285418272018433,0.6863699555397034,-0.030540838837623596,0.6391550898551941,0.6044767498970032,-0.042516134679317474,0.6461794376373291,0.5544774532318115,-0.050600823014974594,0.6520146131515503,0.5126976370811462,-0.0559120811522007,0.6367772817611694,0.7123363614082336,-0.04037705808877945,0.6424956321716309,0.6677992343902588,-0.05198187381029129,0.6464439034461975,0.6347639560699463,-0.057454295456409454,0.6518970727920532,0.6044993996620178,-0.060794729739427567,namaste
0.6107192039489746,0.8014240264892578,1.6684749937212473e-07,0.6163932681083679,0.7411365509033203,0.0029725523199886084,0.6224811673164368,0.6758013367652893,0.0013435309519991279,0.6315677165985107,0.6278529167175293,-0.002224810654297471,0.6361598968505859,0.5908154249191284,-0.006884429603815079,0.6239522695541382,0.6536839604377747,-0.009574207477271557,0.6313170790672302,0.5760086178779602,-0.02329997345805168,0.6349824070930481,0.5227668881416321,-0.0324135422706604,0.6379415392875671,0.48076215386390686,-0.03839603066444397,0.6247147917747498,0.6622281074523926,-0.019917668774724007,0.6345633864402771,0.5770702362060547,-0.033110395073890686,0.6416499018669128,0.51875239610672,-0.04284730553627014,0.6482453942298889,0.46983057260513306,-0.04912680387496948,0.6283538341522217,0.6814672350883484,-0.029928283765912056,0.6384710073471069,0.6019779443740845,-0.04238079488277435,0.6451977491378784,0.5527470707893372,-0.050784602761268616,0.6508485674858093,0.5102070569992065,-0.05630750581622124,0.6352996230125427,0.7096874713897705,-0.03949214145541191,0.640815258026123,0.6686895489692688,-0.05175061523914337,0.644851803779602,0.6371098756790161,-0.0574553906917572,0.6506212949752808,0.607058584690094,-0.06091533601284027,namaste
0.6051667332649231,0.8020663857460022,1.408059517871152e-07,0.6180559396743774,0.7438005208969116,0.004495705012232065,0.6271339058876038,0.6820054650306702,0.00397461699321866,0.6359911561012268,0.6372576355934143,0.0009966219076886773,0.6404429078102112,0.6014513969421387,-0.002971754875034094,0.6231397390365601,0.6535696983337402,-0.005613397341221571,0.6314661502838135,0.5790786147117615,-0.017928071320056915,0.6356532573699951,0.52654629945755,-0.02654498815536499,0.6386518478393555,0.48485150933265686,-0.03227338567376137,0.6220388412475586,0.6609416604042053,-0.016472669318318367,0.6303205490112305,0.5776084661483765,-0.0284557044506073,0.6371037364006042,0.5183215737342834,-0.037990860641002655,0.6429605484008789,0.46798497438430786,-0.04413065314292908,0.6244962215423584,0.679454505443573,-0.02702191099524498,0.6327353715896606,0.5995756983757019,-0.03871423378586769,0.6387816667556763,0.5503972768783569,-0.0474834069609642,0.6435723900794983,0.5088387727737427,-0.05316397547721863,0.6313149333000183,0.7069622874259949,-0.03709857910871506,0.6357784867286682,0.6665766835212708,-0.04890230670571327,0.6392919421195984,0.6354362964630127,-0.05486749857664108,0.6441875696182251,0.6074125170707703,-0.058454446494579315,namaste
0.6057537198066711,0.7914943695068359,1.0644703252182808e-07,0.6219419240951538,0.7361173629760742,0.005180924199521542,0.6294716596603394,0.6746177673339844,0.005398829001933336,0.635700523853302,0.6284952759742737,0.0032639550045132637,0.638023316860199,0.5914666652679443,4.092655217391439e-05,0.6248218417167664,0.6416165232658386,-0.005321280565112829,0.6304773092269897,0.5652746558189392,-0.017388712614774704,0.632737934589386,0.5112789273262024,-0.02547558955848217,0.633964478969574,0.46895334124565125,-0.030885133892297745,0.6231909394264221,0.6493086218833923,-0.016139455139636993,0.6298587322235107,0.5650875568389893,-0.02828489989042282,0.6348159909248352,0.5067934989929199,-0.037520915269851685,0.6390493512153625,0.45656487345695496,-0.04351312294602394,0.6237821578979492,0.6676115393638611,-0.026582907885313034,0.6305804252624512,0.5866840481758118,-0.03846551477909088,0.6348528861999512,0.5385607481002808,-0.04673469811677933,0.638357937335968,0.49750587344169617,-0.05217853561043739,0.6271015405654907,0.6939297318458557,-0.03644263744354248,0.6302254796028137,0.6533092260360718,-0.04897954687476158,0.6335321664810181,0.6214808225631714,-0.055437251925468445,0.6384051442146301,0.5926089286804199,-0.059386931359767914,namaste
0.6062521934509277,0.7601825594902039,1.3113475461068447e-07,0.6170952320098877,0.7030121684074402,0.004261269699782133,0.6240180730819702,0.6404711604118347,0.004179954994469881,0.6295514106750488,0.5944118499755859,0.0010091688018292189,0.6325352191925049,0.5576730370521545,-0.0027602924965322018,0.621773362159729,0.6113300919532776,0.0012215692549943924,0.6290261149406433,0.5387442708015442,-0.010183085687458515,0.6335716843605042,0.4865919053554535,-0.01940455101430416,0.6372613906860352,0.4450276494026184,-0.025484614074230194,0.6190327405929565,0.61626797914505,-0.009179421700537205,0.6259534358978271,0.5354201793670654,-0.020457491278648376,0.6309794783592224,0.47711265087127686,-0.03051908127963543,0.6352653503417969,0.42627397179603577,-0.03693008795380592,0.620625913143158,0.6277351975440979,-0.01980016753077507,0.6292083859443665,0.5491290092468262,-0.02980070188641548,0.6349813342094421,0.49787595868110657,-0.03736221790313721,0.639382541179657,0.4529714584350586,-0.04202072322368622,0.6267489194869995,0.6455034017562866,-0.030335748568177223,0.6326009035110474,0.5958402156829834,-0.038370221853256226,0.6366373896598816,0.5612417459487915,-0.0418483167886734,0.6412404775619507,0.5305522084236145,-0.0438324511051178,namaste
0.6118468642234802,0.7346632480621338,1.7072143521090766e-07,0.6112367510795593,0.6777403950691223,0.00119183084461838,0.6208054423332214,0.6098934412002563,-0.0011199398431926966,0.6340568661689758,0.5609280467033386,-0.005433196201920509,0.6451751589775085,0.5254824757575989,-0.010092038661241531,0.617347776889801,0.5883277058601379,-0.006474209483712912,0.6232202053070068,0.5099040269851685,-0.018978841602802277,0.6270913481712341,0.4555337727069855,-0.02744273655116558,0.6302852630615234,0.4123024344444275,-0.03280292823910713,0.6214476823806763,0.5924286246299744,-0.015411927364766598,0.628785252571106,0.5072710514068604,-0.027190053835511208,0.6360154151916504,0.44759902358055115,-0.03602764382958412,0.6433280110359192,0.39675208926200867,-0.041586264967918396,0.630744218826294,0.6053891181945801,-0.024436956271529198,0.6402644515037537,0.523766040802002,-0.03515976294875145,0.6484565734863281,0.4709165692329407,-0.041485611349344254,0.6551882028579712,0.4266659617424011,-0.04519468918442726,0.6444607973098755,0.6248507499694824,-0.03346765413880348,0.6529566049575806,0.571137011051178,-0.04147635027766228,0.6591718196868896,0.5343145728111267,-0.04421301558613777,0.6661297678947449,0.5014923214912415,-0.045779045671224594,namaste
0.6292203068733215,0.7333196401596069,1.5170169831435487e-07,0.6211660504341125,0.6768693327903748,0.006233861669898033,0.6220104098320007,0.6160905361175537,0.006196250673383474,0.6253113746643066,0.5727604031562805,0.00367928110063076,0.621431291103363,0.5417531728744507,0.0004919636412523687,0.6274236440658569,0.5711461901664734,-0.0022476029116660357,0.6335381865501404,0.49939966201782227,-0.013049021363258362,0.6353879570960999,0.45219460129737854,-0.02035224810242653,0.6357811689376831,0.41316068172454834,-0.025263847783207893,0.6339075565338135,0.5762271881103516,-0.013354084454476833,0.6442170143127441,0.49436360597610474,-0.02338128536939621,0.651096761226654,0.44015002250671387,-0.03030269406735897,0.6574535369873047,0.3929402828216553,-0.03497626259922981,0.6433366537094116,0.5938926339149475,-0.024370117112994194,0.6576021313667297,0.5174304842948914,-0.033963706344366074,0.6670486330986023,0.4705037772655487,-0.03944902867078781,0.6743386387825012,0.42790645360946655,-0.04294456169009209,0.6557163596153259,0.6221895217895508,-0.03492841124534607,0.6685237288475037,0.572005569934845,-0.042630355805158615,0.6762573719024658,0.5369154214859009,-0.04525987058877945,0.683966875076294,0.5029112696647644,-0.0469030924141407,namaste
0.62909334897995,0.7396142482757568,1.4727335440056777e-07,0.6207038760185242,0.6783389449119568,0.007009273860603571,0.6220928430557251,0.6171770095825195,0.007092805579304695,0.6261211633682251,0.5723828673362732,0.004737469833344221,0.6229969263076782,0.5420127511024475,0.0014890136662870646,0.6287239193916321,0.5752310156822205,-0.004166989587247372,0.6360308527946472,0.5022715330123901,-0.015362976118922234,0.6383333206176758,0.45542585849761963,-0.02200153097510338,0.6387828588485718,0.4166502356529236,-0.026375669986009598,0.6352426409721375,0.5811119675636292,-0.01572975516319275,0.6474143266677856,0.49776265025138855,-0.02698115073144436,0.6550936698913574,0.4431077241897583,-0.03366068750619888,0.6616436839103699,0.39514780044555664,-0.037918753921985626,0.6446810960769653,0.5999755859375,-0.02707923948764801,0.6600645184516907,0.5222121477127075,-0.03835455700755119,0.6696255207061768,0.4735930562019348,-0.04491180181503296,0.6766854524612427,0.4292442798614502,-0.04888870194554329,0.657558798789978,0.6287750005722046,-0.03769040107727051,0.6706451773643494,0.5770266652107239,-0.04774099588394165,0.678448498249054,0.54168301820755,-0.05219384282827377,0.6864041090011597,0.5072095990180969,-0.054939113557338715,namaste
0.6285101771354675,0.7435263991355896,1.4837726780569938e-07,0.6423527002334595,0.6910584568977356,-0.0003952760307583958,0.6540778875350952,0.6184425354003906,-0.001643737661652267,0.663579523563385,0.5665044188499451,-0.004527968820184469,0.6683437824249268,0.5257867574691772,-0.007674470543861389,0.6480061411857605,0.5878449082374573,-0.004531376529484987,0.6508177518844604,0.5170377492904663,-0.015983356162905693,0.6524439454078674,0.46455055475234985,-0.024785762652754784,0.6541803479194641,0.42178279161453247,-0.030931878834962845,0.6462092995643616,0.5904921293258667,-0.012417878024280071,0.6501745581626892,0.5124537348747253,-0.023050732910633087,0.654911994934082,0.4549638032913208,-0.03176330029964447,0.6596754789352417,0.40544557571411133,-0.03779422491788864,0.6467634439468384,0.6024543046951294,-0.020814912393689156,0.6531956791877747,0.5275276303291321,-0.030828261747956276,0.659028947353363,0.47909265756607056,-0.03700230270624161,0.6631563901901245,0.4373190999031067,-0.04111555591225624,0.6504590511322021,0.6220574975013733,-0.029523396864533424,0.6566192507743835,0.5739120841026306,-0.037679992616176605,0.661628246307373,0.5391178131103516,-0.041044142097234726,0.6672762036323547,0.5080925226211548,-0.04339100047945976,namaste
0.6181086301803589,0.7451953887939453,1.105708875570599e-07,0.6336355805397034,0.6881195902824402,0.004394911229610443,0.6417741179466248,0.6257988214492798,0.0049058059230446815,0.6463223099708557,0.5790068507194519,0.003005360020324588,0.6479849219322205,0.5413045287132263,0.0004403957282193005,0.6405295133590698,0.5919601917266846,-0.0015850297641009092,0.6477082371711731,0.524360716342926,-0.013031362555921078,0.650931715965271,0.47318434715270996,-0.021709363907575607,0.653192937374115,0.432756245136261,-0.027603786438703537,0.6370595693588257,0.5971653461456299,-0.011621693149209023,0.6432709693908691,0.5179739594459534,-0.023452091962099075,0.6477842926979065,0.46041613817214966,-0.03292834013700485,0.6511638164520264,0.4112318754196167,-0.03916990011930466,0.6350921392440796,0.6112901568412781,-0.021649200469255447,0.6397435069084167,0.5349200367927551,-0.03293978422880173,0.6436553597450256,0.48563939332962036,-0.0404539592564106,0.6461958289146423,0.4444815218448639,-0.0451761893928051,0.6358124613761902,0.6330011487007141,-0.03134513646364212,0.6389946937561035,0.5869331359863281,-0.04164665937423706,0.6416991353034973,0.5532612204551697,-0.04653541371226311,0.6446475386619568,0.5239367485046387,-0.0496029369533062,namaste
0.6137304902076721,0.7414926290512085,8.504549242616122e-08,0.6287771463394165,0.6837570071220398,0.00547237042337656,0.6366015672683716,0.621940016746521,0.006698566488921642,0.6408494710922241,0.57578444480896,0.005570294335484505,0.6415225863456726,0.5381346344947815,0.003847257001325488,0.6365255117416382,0.5868815183639526,-0.001716918544843793,0.6432828903198242,0.5209522843360901,-0.012747729197144508,0.6447389125823975,0.47130197286605835,-0.020799528807401657,0.6445497274398804,0.4309721887111664,-0.026333831250667572,0.6327123641967773,0.5931869745254517,-0.011903636157512665,0.6397505402565002,0.5163273215293884,-0.02355436235666275,0.6428626775741577,0.4606030583381653,-0.03271161764860153,0.6440882086753845,0.4122745990753174,-0.0387314148247242,0.6299393773078918,0.6089873909950256,-0.021824514493346214,0.6344281435012817,0.5360493063926697,-0.03309253230690956,0.6371841430664062,0.4886758327484131,-0.04062540829181671,0.6383437514305115,0.4485984444618225,-0.04537682980298996,0.6294878125190735,0.6323387026786804,-0.03122427687048912,0.6318155527114868,0.5888262987136841,-0.04205320030450821,0.6329625844955444,0.5561785101890564,-0.04729316011071205,0.6342333555221558,0.527413010597229,-0.050506338477134705,namaste
0.6215180158615112,0.7355122566223145,9.719251181650179e-08,0.634036123752594,0.6794140338897705,0.0032699417788535357,0.6401771306991577,0.6163638234138489,0.0037537305615842342,0.6429685950279236,0.5687582492828369,0.0023478721268475056,0.6425862312316895,0.5313950181007385,0.00032561953412368894,0.6381450295448303,0.5809836387634277,-0.003842440666630864,0.6421830058097839,0.5138808488845825,-0.01521315798163414,0.6427919864654541,0.465165913105011,-0.023231832310557365,0.6431980729103088,0.42597201466560364,-0.0286808330565691,0.6350467205047607,0.5867083072662354,-0.012969201430678368,0.6401876211166382,0.5095104575157166,-0.024363286793231964,0.6430705189704895,0.4558887481689453,-0.03284342959523201,0.6453536152839661,0.4102856516838074,-0.03842036426067352,0.6325197219848633,0.6019645929336548,-0.022105365991592407,0.6365510821342468,0.5286387801170349,-0.033260639756917953,0.6393173933029175,0.48222774267196655,-0.040215831249952316,0.6410682797431946,0.4432220757007599,-0.044646456837654114,0.6312789916992188,0.6249147057533264,-0.03092280589044094,0.6335331201553345,0.581000566482544,-0.04187028855085373,0.6344486474990845,0.5477816462516785,-0.047003258019685745,0.6358075141906738,0.518599271774292,-0.050161805003881454,namaste
0.6122480034828186,0.7392392158508301,9.22136678127572e-08,0.6278830766677856,0.6825770139694214,0.005698388908058405,0.6356056332588196,0.6210657954216003,0.006553672719746828,0.6397398114204407,0.5747246742248535,0.005028903018683195,0.6406919360160828,0.5365093946456909,0.002969979075714946,0.6355478763580322,0.5877981781959534,-0.0027597006410360336,0.6422533392906189,0.5198764801025391,-0.014037956483662128,0.6444059014320374,0.4696570038795471,-0.021753786131739616,0.6449958086013794,0.42992711067199707,-0.026867542415857315,0.6311525106430054,0.5938078165054321,-0.013103659264743328,0.6382607817649841,0.5147687196731567,-0.024699579924345016,0.6424131989479065,0.45939871668815613,-0.03315943107008934,0.6448207497596741,0.4126240909099579,-0.038580045104026794,0.628086268901825,0.6083817481994629,-0.02316335216164589,0.6326355934143066,0.5317970514297485,-0.03434115648269653,0.6358029246330261,0.4833042025566101,-0.0414818674325943,0.637441873550415,0.44282472133636475,-0.04593697562813759,0.6275878548622131,0.629481315612793,-0.032649025321006775,0.6307241320610046,0.5845792889595032,-0.04327914118766785,0.6324690580368042,0.5505298376083374,-0.04848185554146767,0.6342498660087585,0.5207347869873047,-0.051659177988767624,namaste
0.6145841479301453,0.7381966710090637,9.511144583029818e-08,0.626223623752594,0.6803858876228333,0.0033773097675293684,0.6336526274681091,0.6182789206504822,0.004166860599070787,0.637431263923645,0.5712889432907104,0.00307862414047122,0.6379499435424805,0.5334950685501099,0.0017420162912458181,0.635948896408081,0.5895728468894958,-0.002542977686971426,0.6419733762741089,0.5224984288215637,-0.01310998760163784,0.6434850692749023,0.4731646180152893,-0.020583102479577065,0.6437626481056213,0.4340762495994568,-0.02541663870215416,0.632616400718689,0.5952064990997314,-0.010959151200950146,0.6386276483535767,0.5187832117080688,-0.02172822877764702,0.6413734555244446,0.46350187063217163,-0.02983837202191353,0.6427939534187317,0.41652899980545044,-0.0349222794175148,0.630074143409729,0.6092631816864014,-0.019325951114296913,0.6336619853973389,0.536704957485199,-0.029315438121557236,0.6355493664741516,0.49005284905433655,-0.035589054226875305,0.6361572742462158,0.4512733817100525,-0.03935767710208893,0.6288438439369202,0.6303428411483765,-0.027462637051939964,0.6315466165542603,0.5871477723121643,-0.036572087556123734,0.6326520442962646,0.5548186302185059,-0.040764886885881424,0.6336494088172913,0.5266437530517578,-0.04318492114543915,namaste
0.6123347878456116,0.744407057762146,1.07258927073417e-07,0.6251277923583984,0.6874732971191406,0.003971082624047995,0.6327669024467468,0.6274998188018799,0.004244486801326275,0.6369292140007019,0.5820267200469971,0.0024386588484048843,0.6377778053283691,0.5438359379768372,8.970433555077761e-05,0.6317348480224609,0.5927515029907227,-0.003596712602302432,0.6379361748695374,0.524154543876648,-0.014984986744821072,0.6396653056144714,0.4727295935153961,-0.02287627011537552,0.6403132081031799,0.4317823648452759,-0.028104117140173912,0.6281841397285461,0.5988373756408691,-0.012987806461751461,0.6341833472251892,0.5214924812316895,-0.024827182292938232,0.6375938653945923,0.4653148055076599,-0.033672988414764404,0.6397417783737183,0.41731035709381104,-0.039339642971754074,0.6257721781730652,0.6132177710533142,-0.022216327488422394,0.6294125914573669,0.5390181541442871,-0.03331945464015007,0.6320443749427795,0.490397185087204,-0.04043586552143097,0.6334851980209351,0.4496670365333557,-0.04488426819443703,0.6253690719604492,0.633782684803009,-0.031083570793271065,0.6274560689926147,0.5898725986480713,-0.04164080321788788,0.6288613080978394,0.5560040473937988,-0.04687389358878136,0.6302565932273865,0.5262490510940552,-0.050045743584632874,namaste
0.6030582785606384,0.75038743019104,1.2705797303169675e-07,0.6127331852912903,0.6905717849731445,0.004563953727483749,0.6223666071891785,0.6280217170715332,0.004395865835249424,0.6306280493736267,0.5805536508560181,0.002173144370317459,0.6345904469490051,0.5423813462257385,-0.0008392729796469212,0.6200912594795227,0.6025760173797607,-0.006941540166735649,0.6314409375190735,0.5329850912094116,-0.019299600273370743,0.6366130113601685,0.4809386730194092,-0.02740989252924919,0.6399869322776794,0.4383831322193146,-0.032810863107442856,0.6174178719520569,0.6089816689491272,-0.016884218901395798,0.6274476051330566,0.5309234857559204,-0.030667129904031754,0.6328291296958923,0.471364825963974,-0.040369804948568344,0.6364959478378296,0.4169647693634033,-0.04650956764817238,0.6183604598045349,0.6236864328384399,-0.02627941220998764,0.6265116930007935,0.5465770959854126,-0.03925393894314766,0.6309986710548401,0.4940841794013977,-0.04743506386876106,0.6335268020629883,0.44723623991012573,-0.052260227501392365,0.6240663528442383,0.6440992951393127,-0.0350753590464592,0.6280336380004883,0.5959374308586121,-0.0473729632794857,0.6298043727874756,0.5607987642288208,-0.05355212464928627,0.6313297748565674,0.5285086631774902,-0.05717545747756958,namaste
0.6002674102783203,0.7460914850234985,1.5731335167856741e-07,0.6110741496086121,0.6860121488571167,0.0036338036879897118,0.6204875707626343,0.624339759349823,0.0032507567666471004,0.6271061897277832,0.5770710110664368,0.0007530450238846242,0.6304982900619507,0.5390594005584717,-0.0024523348547518253,0.6175578832626343,0.6029260158538818,-0.004420219920575619,0.6278210878372192,0.5331504940986633,-0.015851346775889397,0.6328320503234863,0.4805585741996765,-0.02390293776988983,0.6368187069892883,0.43848925828933716,-0.029242416843771935,0.6149062514305115,0.6082753539085388,-0.013726829551160336,0.6234930157661438,0.5304447412490845,-0.025591304525732994,0.6281580328941345,0.470456600189209,-0.03469962254166603,0.6320918202400208,0.4170992970466614,-0.04052089527249336,0.6157141327857971,0.6213973760604858,-0.02280845120549202,0.6237122416496277,0.5443180799484253,-0.033973243087530136,0.6277994513511658,0.49184927344322205,-0.0411178357899189,0.6303929090499878,0.44638970494270325,-0.04540754854679108,0.6204346418380737,0.6409231424331665,-0.03154478222131729,0.6242112517356873,0.5940322875976562,-0.042072780430316925,0.6262304782867432,0.5599459409713745,-0.04683501273393631,0.6284776926040649,0.5292962789535522,-0.049483176320791245,namaste
0.6078307032585144,0.7517281770706177,9.941682321823464e-08,0.6201245188713074,0.6930040121078491,0.005360993091017008,0.6280185580253601,0.6313670873641968,0.006468483712524176,0.6331489086151123,0.5851830840110779,0.005276679527014494,0.6347044706344604,0.5475255250930786,0.003407757729291916,0.6279554963111877,0.6004699468612671,-0.0022947865072637796,0.6350076198577881,0.532620906829834,-0.01329101249575615,0.6376858949661255,0.4826091527938843,-0.02083737775683403,0.6393575668334961,0.4433121681213379,-0.025756804272532463,0.6247687935829163,0.6060678958892822,-0.012224541045725346,0.6314476728439331,0.5274938344955444,-0.023752590641379356,0.6356716156005859,0.4704234302043915,-0.032446227967739105,0.6387754678726196,0.4220980405807495,-0.037936221808195114,0.6229597926139832,0.6211915016174316,-0.021927865222096443,0.6278186440467834,0.5446014404296875,-0.03305232152342796,0.6308676600456238,0.495184987783432,-0.04081040248274803,0.6327340006828308,0.4537840485572815,-0.045594003051519394,0.6233071684837341,0.6440024375915527,-0.03106570988893509,0.6255413293838501,0.5988416075706482,-0.042084820568561554,0.6268115043640137,0.5640664100646973,-0.047939483076334,0.6283366680145264,0.5332445502281189,-0.051462285220623016,namaste
0.6076254844665527,0.7502938508987427,9.691172664361147e-08,0.623434841632843,0.6917483806610107,0.005392010789364576,0.6309242248535156,0.6304411888122559,0.006302451249212027,0.6347427368164062,0.5845994353294373,0.004774344619363546,0.6351208686828613,0.5465452671051025,0.002487470395863056,0.6295537948608398,0.5946394801139832,-0.0023664359468966722,0.6355957984924316,0.5264540910720825,-0.013711003586649895,0.637312114238739,0.4760768413543701,-0.02184096723794937,0.638112485408783,0.4357510805130005,-0.027339758351445198,0.6254546642303467,0.6010240316390991,-0.012641163542866707,0.6308639645576477,0.523428201675415,-0.024286417290568352,0.6343792676925659,0.46784260869026184,-0.03343214467167854,0.6368270516395569,0.4202670753002167,-0.039406999945640564,0.6227938532829285,0.6173630952835083,-0.022700970992445946,0.625859260559082,0.5420911312103271,-0.03413856774568558,0.6286651492118835,0.49329549074172974,-0.04228103905916214,0.6303204298019409,0.45213377475738525,-0.04748167097568512,0.6225772500038147,0.6415606141090393,-0.03217928856611252,0.6238869428634644,0.5980764627456665,-0.04340963810682297,0.6243659257888794,0.5641430616378784,-0.049287617206573486,0.6251139044761658,0.5340888500213623,-0.052936047315597534,namaste
0.6210763454437256,0.7447597980499268,7.96402161995502e-08,0.6319584846496582,0.6859679818153381,0.005002130754292011,0.6374484300613403,0.6245701313018799,0.005548243876546621,0.6404520273208618,0.5786055326461792,0.0041180881671607494,0.6402884125709534,0.5395660996437073,0.0020803085062652826,0.6343377828598022,0.5914826393127441,-0.004389666020870209,0.6370739936828613,0.5250568985939026,-0.014815590344369411,0.6365719437599182,0.4787726402282715,-0.02175573632121086,0.6357028484344482,0.44111865758895874,-0.02631974220275879,0.630048394203186,0.5981244444847107,-0.013529980555176735,0.6321263909339905,0.5209330320358276,-0.02420542947947979,0.6336379647254944,0.4679186940193176,-0.031813137233257294,0.6343423128128052,0.4231060743331909,-0.03689684346318245,0.6263151168823242,0.614894688129425,-0.02226216159760952,0.625840425491333,0.5414842367172241,-0.03205007314682007,0.6259962320327759,0.4962722063064575,-0.038573745638132095,0.6250706315040588,0.4592548608779907,-0.043067097663879395,0.6239129900932312,0.6398159861564636,-0.030434980988502502,0.6233248114585876,0.597244381904602,-0.04020680859684944,0.6231578588485718,0.5638326406478882,-0.045438703149557114,0.6230095624923706,0.5340936183929443,-0.04896548390388489,namaste
0.6637634634971619,0.7485873103141785,1.5759049176722328e-07,0.6655705571174622,0.6893345713615417,0.004492996726185083,0.6600075960159302,0.6289970278739929,0.0032739699818193913,0.6573953628540039,0.582431972026825,0.00012736213102471083,0.6551022529602051,0.5467367768287659,-0.003672130173072219,0.6572551131248474,0.5972262620925903,-0.0034193904139101505,0.6459473967552185,0.5282317399978638,-0.014400259591639042,0.6398684978485107,0.4785032272338867,-0.022780781611800194,0.6357033848762512,0.436812162399292,-0.02858823537826538,0.6529912948608398,0.6050522923469543,-0.012671343050897121,0.6409205794334412,0.5264264941215515,-0.02232992835342884,0.6349344849586487,0.47181767225265503,-0.029952561482787132,0.6313525438308716,0.4238305687904358,-0.03557975962758064,0.6458238363265991,0.6212581992149353,-0.02164517156779766,0.6337218284606934,0.5468257665634155,-0.029791338369250298,0.628221869468689,0.49694544076919556,-0.03505657613277435,0.6254699230194092,0.45455390214920044,-0.039042096585035324,0.6366400718688965,0.6445866227149963,-0.030277209356427193,0.6281545758247375,0.5973537564277649,-0.038571231067180634,0.622695803642273,0.5618234872817993,-0.04241432249546051,0.6182008981704712,0.529441773891449,-0.044952038675546646,namaste
0.6636789441108704,0.7652386426925659,1.29071395349456e-07,0.6647136211395264,0.6995091438293457,0.006347711198031902,0.6583991646766663,0.6363415122032166,0.006415034178644419,0.6550265550613403,0.585917592048645,0.004169021733105183,0.6527119874954224,0.548653781414032,0.001070744707249105,0.6569666266441345,0.6054301857948303,-0.0003259357181377709,0.6448642015457153,0.5356609225273132,-0.010355225764214993,0.6379690170288086,0.4861816167831421,-0.018175942823290825,0.6333697438240051,0.44427791237831116,-0.02368900179862976,0.6537266373634338,0.6131616234779358,-0.010267689824104309,0.6406182646751404,0.5323083400726318,-0.019011549651622772,0.6335777044296265,0.4769219160079956,-0.0261613167822361,0.6291476488113403,0.42805594205856323,-0.03166109323501587,0.6473259329795837,0.629863440990448,-0.019968047738075256,0.6337980628013611,0.5531697869300842,-0.027251485735177994,0.626903235912323,0.5023773908615112,-0.03266045078635216,0.6231275796890259,0.45921266078948975,-0.03708283230662346,0.6383846402168274,0.6543884873390198,-0.029252024367451668,0.6288670301437378,0.6060938835144043,-0.03690572828054428,0.6222712993621826,0.5700534582138062,-0.04094037413597107,0.6164672374725342,0.5369076728820801,-0.04391844570636749,namaste
0.6636648178100586,0.7685152292251587,1.36839418019008e-07,0.6642380356788635,0.7031788229942322,0.00621806550770998,0.6580860614776611,0.640476405620575,0.006125317420810461,0.6544922590255737,0.5907729864120483,0.003759506857022643,0.6525765657424927,0.5534960031509399,0.0005886753206141293,0.6564368605613708,0.6081134676933289,-0.0007449925178661942,0.6450618505477905,0.5372086763381958,-0.011089318431913853,0.6381064653396606,0.48684388399124146,-0.01910843700170517,0.6324033141136169,0.44484472274780273,-0.02460247091948986,0.6532708406448364,0.614804208278656,-0.010487567633390427,0.6403351426124573,0.5325554609298706,-0.019351372495293617,0.6325991749763489,0.47695618867874146,-0.02642517164349556,0.6267164945602417,0.42824652791023254,-0.03184223920106888,0.6466342806816101,0.6307526230812073,-0.019932063296437263,0.6339791417121887,0.5527393221855164,-0.027062229812145233,0.6270953416824341,0.5024260878562927,-0.03213310241699219,0.6226679086685181,0.4604082703590393,-0.03633491322398186,0.6370376944541931,0.6549454927444458,-0.028978902846574783,0.6292837858200073,0.6061986088752747,-0.036147989332675934,0.6232272982597351,0.5700973868370056,-0.03973032534122467,0.6171819567680359,0.5381194949150085,-0.04242726042866707,namaste
0.6572491526603699,0.7595824003219604,1.3155323586033774e-07,0.6589764952659607,0.6916168928146362,0.00616181967779994,0.6540901064872742,0.6294590830802917,0.005697962362319231,0.6506801247596741,0.5820119380950928,0.0028977885376662016,0.6481014490127563,0.5473431348800659,-0.000949569046497345,0.6545464992523193,0.6007038354873657,-0.0020806638058274984,0.6432561278343201,0.5314207673072815,-0.012963335029780865,0.6369695663452148,0.4832265377044678,-0.021366532891988754,0.6322458386421204,0.44194790720939636,-0.02729419432580471,0.6519377827644348,0.6097005605697632,-0.012364116497337818,0.6403252482414246,0.5280953645706177,-0.021929455921053886,0.6338542103767395,0.4744032621383667,-0.029705053195357323,0.6290642023086548,0.42683160305023193,-0.035698533058166504,0.6460046768188477,0.6280893683433533,-0.022348443046212196,0.6344079375267029,0.551646888256073,-0.030397813767194748,0.6281717419624329,0.5024474263191223,-0.036204904317855835,0.6242585778236389,0.4615650177001953,-0.04091881215572357,0.6371572613716125,0.6538131833076477,-0.031843286007642746,0.6285030245780945,0.6057706475257874,-0.039995480328798294,0.6228704452514648,0.5702705979347229,-0.044200725853443146,0.617851972579956,0.5383416414260864,-0.04742514342069626,namaste
0.6629771590232849,0.7679930925369263,1.3663400011409976e-07,0.6635775566101074,0.7037442922592163,0.0052633206360042095,0.6573743224143982,0.6427821516990662,0.004395600408315659,0.6538670659065247,0.5941741466522217,0.001252685091458261,0.6509153842926025,0.5576490163803101,-0.002744551282376051,0.6557666659355164,0.6086057424545288,-0.001185945002362132,0.643657386302948,0.5385205745697021,-0.012130659073591232,0.6369046568870544,0.4895744323730469,-0.020729077979922295,0.6321702599525452,0.44795137643814087,-0.026720505207777023,0.653229296207428,0.6156120896339417,-0.011118710041046143,0.6403015851974487,0.532636821269989,-0.020184829831123352,0.6333408355712891,0.4777858257293701,-0.027321577072143555,0.6287779808044434,0.4294666647911072,-0.032776691019535065,0.6468425393104553,0.6325768828392029,-0.021049849689006805,0.6342049241065979,0.5535547137260437,-0.02873176708817482,0.6275507807731628,0.5031622648239136,-0.03417308256030083,0.6234912276268005,0.4605690836906433,-0.03856198862195015,0.6373816132545471,0.6581274271011353,-0.03067452646791935,0.6294649839401245,0.6090590357780457,-0.0385538674890995,0.623241126537323,0.572140097618103,-0.04252947121858597,0.6174507737159729,0.5384799838066101,-0.045476920902729034,namaste
0.6683831810951233,0.7566618919372559,1.2982900443603285e-07,0.6647367477416992,0.6918666958808899,0.00538847129791975,0.6569772362709045,0.6276450157165527,0.005186671391129494,0.6514047980308533,0.5807126760482788,0.0030132357496768236,0.6439563035964966,0.5431937575340271,4.808407084055943e-06,0.660260796546936,0.6034320592880249,-0.003942256793379784,0.6501738429069519,0.5334268808364868,-0.015310817398130894,0.6429867148399353,0.4835119843482971,-0.023727888241410255,0.6373979449272156,0.44158509373664856,-0.029607661068439484,0.6589053869247437,0.6116055846214294,-0.013777213171124458,0.6470282673835754,0.5317195653915405,-0.023780524730682373,0.6397424340248108,0.47726285457611084,-0.03146849200129509,0.6341541409492493,0.42928776144981384,-0.03728204965591431,0.6543008089065552,0.6283451914787292,-0.023324493318796158,0.642375648021698,0.5539602637290955,-0.03195013850927353,0.6353715062141418,0.5046625733375549,-0.0379151925444603,0.6299880146980286,0.4628559947013855,-0.04269395396113396,0.647542417049408,0.651967465877533,-0.03237941861152649,0.6408129334449768,0.6055834889411926,-0.04121149331331253,0.6361054182052612,0.570665180683136,-0.04573677107691765,0.631892740726471,0.5391026139259338,-0.04918758198618889,namaste
0.666351318359375,0.7415568828582764,9.022789981827373e-08,0.6615471839904785,0.6784642338752747,0.012286536395549774,0.653641402721405,0.6210739016532898,0.015613843686878681,0.6480681300163269,0.5778916478157043,0.016218090429902077,0.6416910290718079,0.5444889664649963,0.015647118911147118,0.6555526852607727,0.5993176102638245,-0.00014921514957677573,0.6492308974266052,0.5355788469314575,-0.009441819973289967,0.6442013382911682,0.48928624391555786,-0.01640268601477146,0.6408039331436157,0.4494805932044983,-0.021793290972709656,0.6550632119178772,0.6075868010520935,-0.012433881871402264,0.6469377279281616,0.531356692314148,-0.02209128625690937,0.6416856050491333,0.47832128405570984,-0.030001195147633553,0.6374769806861877,0.4314362108707428,-0.03651440516114235,0.6532315015792847,0.6242586970329285,-0.023473044857382774,0.6456105709075928,0.5550085306167603,-0.031477395445108414,0.6403678059577942,0.5077894926071167,-0.03749334439635277,0.636570930480957,0.46863096952438354,-0.04303017258644104,0.6516233682632446,0.646033525466919,-0.03332095220685005,0.6467422842979431,0.6049578189849854,-0.043889034539461136,0.643561601638794,0.5724790692329407,-0.050363052636384964,0.6406256556510925,0.5420470833778381,-0.05551820993423462,namaste
0.6716902256011963,0.7480780482292175,1.0369254255238047e-07,0.6669248938560486,0.6877284049987793,0.008504679426550865,0.658939778804779,0.6280567049980164,0.010320561937987804,0.6531245112419128,0.5843550562858582,0.010102263651788235,0.6459303498268127,0.55010586977005,0.008950280025601387,0.6626529693603516,0.6073326468467712,-0.0017751083942130208,0.6534493565559387,0.5407353639602661,-0.011102757416665554,0.646261990070343,0.49223804473876953,-0.017960628494620323,0.6413068175315857,0.45125430822372437,-0.023073600605130196,0.6619327664375305,0.6139887571334839,-0.012105773203074932,0.6513951420783997,0.5367488265037537,-0.020948857069015503,0.6447063684463501,0.4816123843193054,-0.02796000801026821,0.6399885416030884,0.43268021941185,-0.033616576343774796,0.6592696905136108,0.6290190815925598,-0.02170632593333721,0.6499408483505249,0.5571571588516235,-0.029246747493743896,0.6439399123191833,0.5075815320014954,-0.0355428047478199,0.639660120010376,0.4669497609138489,-0.04096613824367523,0.6560165882110596,0.6501968502998352,-0.030481409281492233,0.6508617997169495,0.6076911687850952,-0.039912786334753036,0.6470032334327698,0.5742948651313782,-0.046017371118068695,0.6438095569610596,0.5441609025001526,-0.05079335719347,namaste
0.677903413772583,0.755344808101654,1.1399829702440911e-07,0.6718149185180664,0.6940624713897705,0.009243516251444817,0.6625771522521973,0.6331668496131897,0.011268755421042442,0.6559644341468811,0.5888703465461731,0.011131375096738338,0.6482736468315125,0.5549842119216919,0.01007404737174511,0.6662791967391968,0.6105443239212036,-0.001921123475767672,0.6560395359992981,0.541348397731781,-0.011509832926094532,0.6489928960800171,0.4918677508831024,-0.01817222312092781,0.6442514061927795,0.45059382915496826,-0.023035265505313873,0.6655969023704529,0.6169062852859497,-0.012747032567858696,0.6535426378250122,0.5359137058258057,-0.021817807108163834,0.6462478637695312,0.47972872853279114,-0.02837631292641163,0.6412930488586426,0.43089771270751953,-0.03358674421906471,0.662251353263855,0.6322245001792908,-0.02283179759979248,0.6516400575637817,0.5565922260284424,-0.03070637583732605,0.6452373266220093,0.506528377532959,-0.03709420561790466,0.6410924792289734,0.4655618965625763,-0.04254132881760597,0.6572805047035217,0.6540970206260681,-0.031964488327503204,0.651877760887146,0.6101585626602173,-0.04214268550276756,0.6477378010749817,0.5762566328048706,-0.04875556007027626,0.6444693207740784,0.5457342267036438,-0.053784169256687164,namaste
0.6629611849784851,0.747053861618042,7.830097104033484e-08,0.6627517938613892,0.6837061047554016,0.009527554735541344,0.6562726497650146,0.6227684020996094,0.011816814541816711,0.6522486209869385,0.5768684148788452,0.011789888143539429,0.6463092565536499,0.5416701436042786,0.010714221745729446,0.6574601531028748,0.598683774471283,-0.0017006462439894676,0.6509578824043274,0.5346947312355042,-0.011549217626452446,0.6449393033981323,0.4880726933479309,-0.019152585417032242,0.6405266523361206,0.44797611236572266,-0.024837661534547806,0.6557754278182983,0.6077008247375488,-0.012841299176216125,0.6475363969802856,0.5328410267829895,-0.021858710795640945,0.6427815556526184,0.4799608588218689,-0.029080070555210114,0.6394201517105103,0.4336203932762146,-0.034925639629364014,0.6534467935562134,0.6262288093566895,-0.02313268557190895,0.6455715894699097,0.5568912029266357,-0.031261976808309555,0.6417436599731445,0.5098149180412292,-0.03703201562166214,0.639143168926239,0.4715902507305145,-0.042038604617118835,0.6519337892532349,0.6517106890678406,-0.032502371817827225,0.6472789645195007,0.6111112833023071,-0.04270932078361511,0.6445287466049194,0.5775948762893677,-0.048255447298288345,0.6425060033798218,0.5468392372131348,-0.0524522140622139,namaste
0.6712537407875061,0.7489046454429626,8.893710656820986e-08,0.6678661108016968,0.6888020038604736,0.008369254879653454,0.6609681844711304,0.629604697227478,0.01023017056286335,0.6569429039955139,0.5843027234077454,0.010045191273093224,0.6507238149642944,0.5505962371826172,0.008873837999999523,0.6596462726593018,0.6052071452140808,-0.002339156810194254,0.652532696723938,0.5405209064483643,-0.012649388052523136,0.6465312242507935,0.49284154176712036,-0.020641306415200233,0.6420888304710388,0.452694296836853,-0.026549628004431725,0.6581249237060547,0.6142153143882751,-0.01280703954398632,0.6494871973991394,0.5379452109336853,-0.022410616278648376,0.6447495818138123,0.4844474196434021,-0.03020509146153927,0.6412520408630371,0.4374762773513794,-0.03634832426905632,0.6558787226676941,0.6320433020591736,-0.022530440241098404,0.6475086212158203,0.5603114366531372,-0.03106551058590412,0.6435398459434509,0.5119569897651672,-0.037285998463630676,0.6407789587974548,0.4727039933204651,-0.042406681925058365,0.6542075872421265,0.6562339663505554,-0.0314057432115078,0.6495158672332764,0.6137750148773193,-0.04168090596795082,0.6471859216690063,0.5795742869377136,-0.04748344421386719,0.645504891872406,0.5481619834899902,-0.051795147359371185,namaste
0.6701620817184448,0.7454208135604858,1.1025344548443172e-07,0.6654313206672668,0.6844066381454468,0.0111033720895648,0.6576846837997437,0.627078115940094,0.013658407144248486,0.6526402235031128,0.5830833911895752,0.013647620566189289,0.6468475461006165,0.5486953854560852,0.012215996161103249,0.658293604850769,0.6061239838600159,-0.0018773686606436968,0.6509809494018555,0.5407177209854126,-0.011882827617228031,0.6455197334289551,0.4925049841403961,-0.01928073912858963,0.6417878270149231,0.45135384798049927,-0.024824868887662888,0.6587133407592773,0.6133379936218262,-0.013995830900967121,0.6510955691337585,0.5358206033706665,-0.023313377052545547,0.6463927626609802,0.4811291992664337,-0.030963532626628876,0.6434076428413391,0.4329984784126282,-0.03719652071595192,0.657719612121582,0.6297800540924072,-0.025001084432005882,0.6513381600379944,0.5579186677932739,-0.0331733413040638,0.6468467116355896,0.5089305639266968,-0.03969006985425949,0.6437920331954956,0.4685899019241333,-0.04548412933945656,0.6566559672355652,0.65263432264328,-0.03484134003520012,0.653298020362854,0.6107153296470642,-0.0456261970102787,0.6504230499267578,0.5775949954986572,-0.052027590572834015,0.6480825543403625,0.5472655892372131,-0.05699704959988594,namaste
0.661889374256134,0.7412601113319397,9.357354002759166e-08,0.6639657616615295,0.681482195854187,0.011857887730002403,0.6605315804481506,0.6254565119743347,0.014152607880532742,0.657503604888916,0.5834509134292603,0.013919752091169357,0.6506726145744324,0.5507249236106873,0.012056717649102211,0.6623968482017517,0.6008084416389465,-0.003724378999322653,0.6560279130935669,0.5374317169189453,-0.013576645404100418,0.6503049731254578,0.49196940660476685,-0.02058253437280655,0.6464332342147827,0.4528106451034546,-0.026091011241078377,0.6613881587982178,0.6086105108261108,-0.01636624149978161,0.6532224416732788,0.5330638885498047,-0.02642214298248291,0.6479315757751465,0.4798540472984314,-0.03430323675274849,0.6439012885093689,0.43300649523735046,-0.04092568904161453,0.6589254140853882,0.6268959045410156,-0.027616281062364578,0.6518995761871338,0.5565905570983887,-0.03666042163968086,0.6473128795623779,0.5087400674819946,-0.043670620769262314,0.6440329551696777,0.4688396453857422,-0.05001344904303551,0.656568169593811,0.6514076590538025,-0.037466421723365784,0.6529677510261536,0.6115801334381104,-0.05002707988023758,0.6500192284584045,0.5785808563232422,-0.057871147990226746,0.6474166512489319,0.5477402210235596,-0.06395286321640015,namaste
0.6698935627937317,0.7430083751678467,1.0596576061061569e-07,0.6667504906654358,0.6826887726783752,0.007899058051407337,0.6595757007598877,0.625121533870697,0.008937261998653412,0.6542312502861023,0.581066906452179,0.008006967604160309,0.6479977369308472,0.5467601418495178,0.005928930826485157,0.6594728827476501,0.6088362336158752,-0.003245386527851224,0.6487888097763062,0.5432741045951843,-0.013884874060750008,0.6422456502914429,0.49462026357650757,-0.02172202803194523,0.6381832957267761,0.4534621238708496,-0.027398711070418358,0.6594347357749939,0.6161314845085144,-0.013380634598433971,0.6501535773277283,0.5407832860946655,-0.02314368635416031,0.6461613178253174,0.48653823137283325,-0.03070005401968956,0.6446203589439392,0.43839842081069946,-0.03659842908382416,0.6581815481185913,0.632304847240448,-0.022794442251324654,0.6516756415367126,0.56251060962677,-0.03144535422325134,0.6488670110702515,0.5138304829597473,-0.037378862500190735,0.6478192210197449,0.473726749420166,-0.04220421239733696,0.6568056344985962,0.655321478843689,-0.03133693337440491,0.6524604558944702,0.6141915917396545,-0.04127906635403633,0.650406539440155,0.5812398195266724,-0.04654677212238312,0.6491737961769104,0.5504251718521118,-0.05046325549483299,namaste
0.6652149558067322,0.7384089827537537,1.160004003963877e-07,0.6625126600265503,0.6816391944885254,0.008025692775845528,0.6566473245620728,0.626623272895813,0.009674000553786755,0.6515861749649048,0.5842231512069702,0.009218196384608746,0.6452046632766724,0.5508247017860413,0.007424601819366217,0.6551363468170166,0.6024112105369568,-0.002789512975141406,0.6460034251213074,0.5389096140861511,-0.012564096599817276,0.6403549313545227,0.4931219518184662,-0.019754497334361076,0.6378349661827087,0.45410579442977905,-0.025230703875422478,0.6564465761184692,0.6082296371459961,-0.013409988023340702,0.6482835412025452,0.5352566242218018,-0.02238389104604721,0.6448294520378113,0.48237544298171997,-0.02979549579322338,0.6437312364578247,0.43534281849861145,-0.035837095230817795,0.6573951840400696,0.6250078678131104,-0.023463260382413864,0.6518704295158386,0.5593933463096619,-0.03190410137176514,0.6499729156494141,0.5124701857566833,-0.03879362717270851,0.6496577858924866,0.4724735617637634,-0.044740960001945496,0.6587901711463928,0.6496543884277344,-0.03264247998595238,0.655663013458252,0.6133561730384827,-0.04368314519524574,0.6535168886184692,0.5830616354942322,-0.05027463659644127,0.6526364088058472,0.5542476773262024,-0.055359069257974625,namaste
0.6602610945701599,0.7281817197799683,1.6545617143037816e-07,0.654846727848053,0.6727118492126465,0.008128263987600803,0.6477459669113159,0.6205845475196838,0.008885406889021397,0.6430343389511108,0.5798770785331726,0.007944046519696712,0.6360177397727966,0.5490996837615967,0.005721273832023144,0.6427779793739319,0.5981573462486267,-0.00916370190680027,0.636201024055481,0.5349680781364441,-0.021079344674944878,0.6328074932098389,0.4896053075790405,-0.029054395854473114,0.6316811442375183,0.4508518576622009,-0.03473900631070137,0.6454938650131226,0.6053028106689453,-0.02005828358232975,0.6407896280288696,0.5314092636108398,-0.031774163246154785,0.6396653056144714,0.47862938046455383,-0.040446776896715164,0.6406301259994507,0.4322320818901062,-0.04714972525835037,0.6493561863899231,0.6235072612762451,-0.029652321711182594,0.6461848616600037,0.5587304830551147,-0.04055864363908768,0.645551860332489,0.5123512744903564,-0.047823041677474976,0.6473134756088257,0.4729650318622589,-0.05351176857948303,0.655214786529541,0.6481231451034546,-0.03802131861448288,0.6538950800895691,0.6133565902709961,-0.05057409778237343,0.653475284576416,0.5838714241981506,-0.05707548186182976,0.6543205380439758,0.555433988571167,-0.06175712123513222,namaste
0.6519284248352051,0.7423782348632812,1.7292491349962802e-07,0.6496697664260864,0.6852430701255798,0.007552218157798052,0.6447403430938721,0.6270511746406555,0.008707352913916111,0.6417801380157471,0.5816197395324707,0.008185762912034988,0.6359751224517822,0.5475791692733765,0.006269360892474651,0.6414449214935303,0.6045418977737427,-0.007009935099631548,0.6356029510498047,0.5402576327323914,-0.018054421991109848,0.6327142715454102,0.4932909607887268,-0.025642629712820053,0.63190758228302,0.45338961482048035,-0.031063243746757507,0.6435665488243103,0.6113605499267578,-0.017461875453591347,0.641162097454071,0.5366330146789551,-0.02841988392174244,0.6404538750648499,0.4824889302253723,-0.03724213317036629,0.6417697072029114,0.43480247259140015,-0.04387570545077324,0.6468004584312439,0.6294475793838501,-0.026738343760371208,0.6463999152183533,0.5631040930747986,-0.036946505308151245,0.647138774394989,0.5153860449790955,-0.04436362907290459,0.6497139930725098,0.4748145341873169,-0.05005341395735741,0.6514564156532288,0.6551434397697449,-0.034927986562252045,0.6517704129219055,0.6176781058311462,-0.046989403665065765,0.6532334089279175,0.5871725082397461,-0.053246669471263885,0.6557072401046753,0.5581437349319458,-0.05760790780186653,namaste
0.6108201146125793,0.7722088098526001,1.7463209189827467e-07,0.6121430397033691,0.7132887840270996,0.0029670216608792543,0.6168574094772339,0.6471191048622131,0.0009015327668748796,0.624275803565979,0.5994129180908203,-0.0031970872078090906,0.6282327175140381,0.5651420950889587,-0.008318868465721607,0.6172394156455994,0.6206448674201965,-0.009186903014779091,0.6190710663795471,0.5452460646629333,-0.022273410111665726,0.6205822229385376,0.4932136535644531,-0.0311074610799551,0.6226813793182373,0.4520256519317627,-0.03675996512174606,0.6198270320892334,0.6276811957359314,-0.019600052386522293,0.6250216364860535,0.5438620448112488,-0.03160761296749115,0.6303072571754456,0.48488080501556396,-0.04007549211382866,0.6360180974006653,0.43504828214645386,-0.045534584671258926,0.6259158849716187,0.645510196685791,-0.02977682650089264,0.6335943937301636,0.5645476579666138,-0.04051157832145691,0.640018880367279,0.5142853856086731,-0.04670761153101921,0.6457623243331909,0.4713899493217468,-0.05067513510584831,0.6353580951690674,0.6721365451812744,-0.03969871625304222,0.6403921842575073,0.6227785348892212,-0.04887821897864342,0.644565999507904,0.5874107480049133,-0.051862187683582306,0.6502154469490051,0.5553372502326965,-0.05356401577591896,namaste
0.6104321479797363,0.7606715559959412,1.7506758354102203e-07,0.6137874722480774,0.6982560157775879,0.0032660833094269037,0.6192722916603088,0.6305135488510132,0.002044936176389456,0.6266940832138062,0.5811071395874023,-0.001380066736601293,0.6299469470977783,0.5441455841064453,-0.005697708576917648,0.6190086007118225,0.6047946810722351,-0.006461749784648418,0.6233566403388977,0.5280929803848267,-0.01932750642299652,0.6266898512840271,0.4748915433883667,-0.02835082821547985,0.6301584839820862,0.43193134665489197,-0.03420564904808998,0.6202976703643799,0.6123849749565125,-0.01667899265885353,0.6268194913864136,0.5281950831413269,-0.028464073315262794,0.6326650381088257,0.46901822090148926,-0.037202633917331696,0.6388183832168579,0.41748303174972534,-0.04285895451903343,0.6250494718551636,0.6298524141311646,-0.02683550864458084,0.6325284242630005,0.549211323261261,-0.0375564843416214,0.6384444832801819,0.4984108507633209,-0.04424469545483589,0.6434450745582581,0.4543412923812866,-0.04848094284534454,0.6335276961326599,0.6558384895324707,-0.03679269552230835,0.6385179758071899,0.6067054867744446,-0.04603349417448044,0.6419399380683899,0.5721867680549622,-0.04948977380990982,0.6465331315994263,0.5407262444496155,-0.05153459683060646,namaste
0.6012181639671326,0.7524662017822266,2.1030949426403822e-07,0.6053295731544495,0.6913244724273682,0.0017694777343422174,0.6128392815589905,0.6131271123886108,0.001378800836391747,0.6221624612808228,0.5565221905708313,-0.001014889683574438,0.6262763738632202,0.5151240825653076,-0.003984834533184767,0.6116442680358887,0.5825870633125305,-0.003040679031983018,0.620681881904602,0.5043954253196716,-0.015040922909975052,0.6256113648414612,0.4452182948589325,-0.024296078830957413,0.6299737691879272,0.3982544541358948,-0.030762892216444016,0.6124566197395325,0.5897372961044312,-0.012710759416222572,0.6194717288017273,0.5033071041107178,-0.02439054101705551,0.6253319382667542,0.4394834041595459,-0.03434363380074501,0.6312106251716614,0.3829207718372345,-0.04089213162660599,0.6164556741714478,0.6053684949874878,-0.022647229954600334,0.6219077110290527,0.5190520286560059,-0.03398961201310158,0.6271408796310425,0.4611364006996155,-0.041769545525312424,0.6313687562942505,0.41035163402557373,-0.046673037111759186,0.624761164188385,0.6294458508491516,-0.03256502002477646,0.6289252638816833,0.5741820335388184,-0.04213520884513855,0.6322165727615356,0.5359221696853638,-0.04604225978255272,0.6367990970611572,0.5008412599563599,-0.04841410741209984,namaste
0.5900706052780151,0.7409304976463318,2.604942039852176e-07,0.5933799147605896,0.6675547361373901,0.005432585254311562,0.5977873802185059,0.5837746262550354,0.004419723059982061,0.6086588501930237,0.52295982837677,-5.531774604605744e-06,0.6153402924537659,0.480134516954422,-0.005758118815720081,0.5936678647994995,0.5533550977706909,-0.004865721799433231,0.6079039573669434,0.4657725691795349,-0.020480891689658165,0.6170456409454346,0.4018052816390991,-0.031762849539518356,0.6260132193565369,0.34963366389274597,-0.0395406037569046,0.5959055423736572,0.5627960562705994,-0.01878451742231846,0.6091505885124207,0.46412307024002075,-0.03426790609955788,0.6191771626472473,0.3939499855041504,-0.046013884246349335,0.6293126940727234,0.33229559659957886,-0.053504880517721176,0.6034930348396301,0.5831807255744934,-0.03261084109544754,0.6133095622062683,0.4821704924106598,-0.04770398139953613,0.6211795210838318,0.41812220215797424,-0.05744052678346634,0.628524899482727,0.3630967140197754,-0.06332235038280487,0.618425190448761,0.6131149530410767,-0.04600140079855919,0.6239281296730042,0.5506106615066528,-0.05965258181095123,0.626986026763916,0.5049911737442017,-0.06564700603485107,0.6316878795623779,0.4640674591064453,-0.06909961253404617,namaste
0.5724215507507324,0.7463364601135254,2.48015339820995e-07,0.5802067518234253,0.6689452528953552,0.004582155495882034,0.5888631939888,0.5761094689369202,0.0023991854395717382,0.6026025414466858,0.509990394115448,-0.0031141957733780146,0.6105400919914246,0.461952805519104,-0.01029685977846384,0.584626317024231,0.5386155843734741,-0.009674407541751862,0.6005141735076904,0.4407709240913391,-0.02720143087208271,0.610841691493988,0.37297359108924866,-0.03938990831375122,0.6205100417137146,0.3173200488090515,-0.04789900779724121,0.5849995017051697,0.5510382652282715,-0.024531012400984764,0.6002643704414368,0.44159168004989624,-0.042021095752716064,0.6127200722694397,0.36724963784217834,-0.054932937026023865,0.6246198415756226,0.3031851649284363,-0.06335457414388657,0.5913757681846619,0.5763130187988281,-0.03923697769641876,0.6023632884025574,0.4653477370738983,-0.056049905717372894,0.6130061745643616,0.3950938582420349,-0.06678204238414764,0.621982216835022,0.33522817492485046,-0.07346556335687637,0.6058784127235413,0.6116589307785034,-0.053471483290195465,0.6108824014663696,0.5398774743080139,-0.06883519142866135,0.6137992739677429,0.4867766797542572,-0.0759318396449089,0.6182434558868408,0.4391067624092102,-0.08027969300746918,namaste
0.5593631863594055,0.7373993992805481,2.184122394055521e-07,0.561961829662323,0.6448952555656433,0.008284942246973515,0.5703830718994141,0.5483459234237671,0.0071285138837993145,0.5816718935966492,0.4773154556751251,0.001657286542467773,0.5872679948806763,0.4240797162055969,-0.005702291149646044,0.573043704032898,0.5160233974456787,-0.006707195192575455,0.5894805788993835,0.4097261428833008,-0.02482132613658905,0.5973760485649109,0.334124356508255,-0.03717229142785072,0.6041308045387268,0.2729199230670929,-0.045728351920843124,0.574586033821106,0.5268552899360657,-0.024280209094285965,0.5902801156044006,0.4060511887073517,-0.04222550615668297,0.5999966263771057,0.3232472538948059,-0.05545750632882118,0.6084994673728943,0.2520976960659027,-0.06393785029649734,0.5824814438819885,0.5512568354606628,-0.04141715541481972,0.5924256443977356,0.4270918369293213,-0.05793982744216919,0.5984297394752502,0.3493046760559082,-0.06800570338964462,0.6029373407363892,0.28426384925842285,-0.07438252121210098,0.5990118980407715,0.5866014957427979,-0.057927798479795456,0.5999667644500732,0.5070216655731201,-0.07300104200839996,0.5978255867958069,0.45052534341812134,-0.07907973229885101,0.5974093079566956,0.40089866518974304,-0.08264047652482986,namaste
0.5544995665550232,0.8372586369514465,2.841678394815972e-07,0.562538743019104,0.741564929485321,0.0034226197749376297,0.5752164721488953,0.6331961750984192,-0.0008534608641639352,0.5912737250328064,0.5522066354751587,-0.00843113474547863,0.5989735722541809,0.4878707230091095,-0.01772797293961048,0.5698603391647339,0.5902897715568542,-0.01669492945075035,0.5898618102073669,0.4657568335533142,-0.040310945361852646,0.5983697175979614,0.3753296136856079,-0.05667351186275482,0.6057265996932983,0.302354097366333,-0.06789642572402954,0.5708063840866089,0.603238046169281,-0.03420325741171837,0.5890955924987793,0.46008774638175964,-0.05794455483555794,0.6016278266906738,0.35845986008644104,-0.07597966492176056,0.6135531663894653,0.2703735828399658,-0.08794349431991577,0.5777570009231567,0.6326754689216614,-0.051116716116666794,0.5916649699211121,0.4970647692680359,-0.07231765240430832,0.6012668013572693,0.41431862115859985,-0.08576871454715729,0.6094561815261841,0.34430891275405884,-0.09472217410802841,0.5921533703804016,0.6751891374588013,-0.06768501549959183,0.5972298979759216,0.6001697182655334,-0.08684606850147247,0.6000180840492249,0.5485279560089111,-0.09510780870914459,0.6052566766738892,0.5013615489006042,-0.10033304989337921,namaste
0.5292549729347229,0.9037101864814758,2.7729083740268834e-07,0.5449509620666504,0.8056654930114746,0.009743206202983856,0.5526852607727051,0.6970258951187134,0.008337737061083317,0.5637988448143005,0.6179096102714539,0.0028050465043634176,0.568421483039856,0.557207465171814,-0.005158082582056522,0.543000340461731,0.6544447541236877,-0.014592865481972694,0.5595484972000122,0.538137674331665,-0.03635350614786148,0.5686495900154114,0.45454949140548706,-0.050901465117931366,0.5772915482521057,0.38616493344306946,-0.06117931008338928,0.5422594547271729,0.6708670854568481,-0.03446686267852783,0.5589431524276733,0.5335531234741211,-0.056351251900196075,0.5710145235061646,0.43752384185791016,-0.07243921607732773,0.5823059678077698,0.3510130047798157,-0.08327791839838028,0.5480596423149109,0.7051383852958679,-0.0531538762152195,0.5598257780075073,0.5702368021011353,-0.07453901320695877,0.5684992671012878,0.48825085163116455,-0.08828563988208771,0.5756229162216187,0.41608649492263794,-0.09728667885065079,0.561755895614624,0.7523438930511475,-0.07055120915174484,0.5644751191139221,0.6768659353256226,-0.0917506217956543,0.5653731226921082,0.6196727156639099,-0.1019413098692894,0.5689047574996948,0.5650254487991333,-0.10836021602153778,namaste
0.5185850858688354,0.9223373532295227,3.2747183809078706e-07,0.5338742136955261,0.8229456543922424,0.010185356251895428,0.5424870848655701,0.7135367393493652,0.007933548651635647,0.5552562475204468,0.6372420787811279,0.0008342696819454432,0.5620720386505127,0.5762486457824707,-0.008625688962638378,0.5280359387397766,0.6656796932220459,-0.013617796823382378,0.5491716265678406,0.5438271760940552,-0.03627912327647209,0.5619408488273621,0.4594341516494751,-0.05158763751387596,0.5732721090316772,0.38991570472717285,-0.06210015341639519,0.5270894765853882,0.6790605783462524,-0.03465784713625908,0.5472461581230164,0.5328674912452698,-0.05736008286476135,0.5608421564102173,0.43196719884872437,-0.07392644882202148,0.5723180174827576,0.3436950445175171,-0.0848575085401535,0.5345480442047119,0.7103884220123291,-0.05474120378494263,0.5519063472747803,0.570238471031189,-0.07614496350288391,0.5641339421272278,0.4833211302757263,-0.09036333113908768,0.573209285736084,0.40804940462112427,-0.09948215633630753,0.5519699454307556,0.7552160024642944,-0.07367634773254395,0.561340868473053,0.6741476655006409,-0.0933740958571434,0.565058708190918,0.6128531098365784,-0.10282039642333984,0.5695172548294067,0.5559414029121399,-0.10887797176837921,namaste
0.5172010660171509,0.9244363903999329,2.931796245775331e-07,0.5422601699829102,0.8304927945137024,0.007008570246398449,0.5512691140174866,0.7161076664924622,0.005150222685188055,0.5611048936843872,0.635197639465332,-0.0010824860073626041,0.5659717321395874,0.5713891386985779,-0.009813833050429821,0.531895101070404,0.6526299715042114,-0.012284823693335056,0.549102246761322,0.5324534177780151,-0.03489063307642937,0.5598480701446533,0.4439401626586914,-0.0512857511639595,0.5690194368362427,0.3723621666431427,-0.06292533874511719,0.5286120176315308,0.6678562164306641,-0.032031964510679245,0.5458462238311768,0.5280762910842896,-0.05494149774312973,0.5582655668258667,0.42792484164237976,-0.07315460592508316,0.5690747499465942,0.3391060531139374,-0.08530646562576294,0.5329434871673584,0.7025299072265625,-0.05136311799287796,0.5466201305389404,0.566514790058136,-0.07403180748224258,0.5584468245506287,0.47944071888923645,-0.08962138742208481,0.5679305791854858,0.40394508838653564,-0.09940239042043686,0.5464489459991455,0.7513255476951599,-0.06978197395801544,0.5542837977409363,0.6694398522377014,-0.09095370024442673,0.5581676363945007,0.6071313619613647,-0.10122215002775192,0.5634994506835938,0.5503895282745361,-0.10757730901241302,namaste
0.5201725363731384,0.9208756685256958,2.729539971824124e-07,0.5641518235206604,0.8372820615768433,0.0025360584259033203,0.5752394795417786,0.7242966294288635,0.002184026874601841,0.5776565074920654,0.6465973258018494,-0.0019027362577617168,0.5788474678993225,0.584069550037384,-0.0076005719602108,0.5408878922462463,0.646753191947937,-0.004862927366048098,0.5565927028656006,0.5344676971435547,-0.02436472475528717,0.5668640732765198,0.45362499356269836,-0.03992565721273422,0.5751372575759888,0.3897874653339386,-0.0512097105383873,0.5321915745735168,0.6583219766616821,-0.020847583189606667,0.5459858775138855,0.5222955346107483,-0.04050210490822792,0.5573238730430603,0.42706823348999023,-0.058068204671144485,0.5658639669418335,0.34340324997901917,-0.0701456367969513,0.5292861461639404,0.6880679130554199,-0.03765733167529106,0.541409969329834,0.5597681999206543,-0.057848259806632996,0.5516166687011719,0.4768044352531433,-0.07324950397014618,0.5580785274505615,0.4046638011932373,-0.08339650928974152,0.5342282056808472,0.7318432331085205,-0.05419738590717316,0.5400036573410034,0.6549655199050903,-0.07336924225091934,0.5431968569755554,0.5954068899154663,-0.08363864570856094,0.5461207628250122,0.542797327041626,-0.09043523669242859,namaste
0.513899564743042,0.918893575668335,2.781800674256374e-07,0.5608215928077698,0.8307981491088867,0.0017132437787950039,0.5731887817382812,0.7202689051628113,-0.0003480729355942458,0.5752381682395935,0.6394528150558472,-0.005680442787706852,0.5751539468765259,0.5722146034240723,-0.012871390208601952,0.5474324822425842,0.6360223293304443,-0.010450838133692741,0.5559569597244263,0.5173032879829407,-0.032338421791791916,0.5622268915176392,0.432158499956131,-0.04891442134976387,0.5689873695373535,0.3630170226097107,-0.061012279242277145,0.5363180637359619,0.6491379737854004,-0.027030935510993004,0.5432633757591248,0.5100030899047852,-0.04961832985281944,0.5531628131866455,0.41124552488327026,-0.06842618435621262,0.5630007386207581,0.32574766874313354,-0.08148229867219925,0.5283945202827454,0.6849172711372375,-0.04425071179866791,0.5335756540298462,0.5549942851066589,-0.06815838813781738,0.5440301299095154,0.4717808961868286,-0.08525659143924713,0.5530498027801514,0.4007657468318939,-0.09640704095363617,0.526382327079773,0.737829327583313,-0.06089601293206215,0.5295688509941101,0.6631344556808472,-0.08510807901620865,0.5346087217330933,0.6019712090492249,-0.0982377827167511,0.5403343439102173,0.5456516742706299,-0.10667235404253006,namaste
0.5209559202194214,0.7767662405967712,3.478148187241459e-07,0.5388715267181396,0.710343599319458,0.007211609277874231,0.5411723852157593,0.6383174657821655,0.0047990367747843266,0.5420880913734436,0.5865718722343445,-0.0008415104821324348,0.5367957949638367,0.5427744388580322,-0.009162637405097485,0.5225040316581726,0.6084867715835571,-0.01312253624200821,0.5352104306221008,0.5226260423660278,-0.029804423451423645,0.541560709476471,0.45668429136276245,-0.04142582416534424,0.5465900301933289,0.40066057443618774,-0.049969833344221115,0.518260657787323,0.6169247627258301,-0.027908507734537125,0.5297626256942749,0.5198630094528198,-0.044868431985378265,0.5359371900558472,0.44680866599082947,-0.05788774788379669,0.5411709547042847,0.3819197416305542,-0.06721080839633942,0.5184633731842041,0.6365252137184143,-0.04157685488462448,0.527127206325531,0.5417625904083252,-0.05779510363936424,0.5329577922821045,0.4775141477584839,-0.06829813122749329,0.5373888611793518,0.4209294319152832,-0.075912706553936,0.5246601104736328,0.6632888913154602,-0.05412100628018379,0.5284141302108765,0.6105871200561523,-0.07055507600307465,0.5302178859710693,0.5692384243011475,-0.07864906638860703,0.5325248837471008,0.5302901268005371,-0.08417318016290665,namaste
0.5063484311103821,0.9097927808761597,2.7791818979494565e-07,0.5448851585388184,0.8131053447723389,0.0115962540730834,0.5567794442176819,0.7002220153808594,0.009844191372394562,0.566683828830719,0.6200876235961914,0.003972622100263834,0.5709645748138428,0.5557063817977905,-0.004703633487224579,0.5269246101379395,0.6340851783752441,-0.018423639237880707,0.5431988835334778,0.5068697929382324,-0.04084481671452522,0.5512567758560181,0.4199106693267822,-0.055463507771492004,0.5578210353851318,0.35049593448638916,-0.06646870821714401,0.5223239064216614,0.6537337899208069,-0.04072800278663635,0.5409644246101379,0.49858343601226807,-0.06451988965272903,0.5534932613372803,0.395712286233902,-0.08311259001493454,0.5628402233123779,0.3054337501525879,-0.09629672020673752,0.5255432724952698,0.6941244006156921,-0.06130387261509895,0.5394310355186462,0.5430073738098145,-0.08492916822433472,0.5506864786148071,0.4523593485355377,-0.10236344486474991,0.5598338842391968,0.3709544837474823,-0.11500295251607895,0.5385240912437439,0.7469286918640137,-0.07988291233778,0.5415275692939758,0.6720168590545654,-0.1053529679775238,0.5415180325508118,0.6119606494903564,-0.1193631961941719,0.5435489416122437,0.5526785254478455,-0.1289321780204773,namaste
0.5423095226287842,0.7870720028877258,2.947349457826931e-07,0.5572813153266907,0.7199392914772034,-0.0006551372352987528,0.5583593845367432,0.6442918181419373,-0.007830124348402023,0.5584567785263062,0.5895597338676453,-0.01659107208251953,0.5567835569381714,0.5439854860305786,-0.02795904129743576,0.5462629199028015,0.6093778610229492,-0.027098795399069786,0.5455976128578186,0.5214282274246216,-0.049178071320056915,0.5438116788864136,0.4522785544395447,-0.06453929841518402,0.5416579246520996,0.392545610666275,-0.07543796300888062,0.540379524230957,0.6211822032928467,-0.04012605920433998,0.5410135388374329,0.523975133895874,-0.06270592659711838,0.5393186211585999,0.44602930545806885,-0.07858763635158539,0.537021279335022,0.37542209029197693,-0.09003788977861404,0.5347723364830017,0.6426116228103638,-0.05229238420724869,0.5346778631210327,0.549677312374115,-0.0726357251405716,0.5334397554397583,0.4805406332015991,-0.08298221975564957,0.5314055681228638,0.4187854826450348,-0.09004586189985275,0.5306402444839478,0.6699036359786987,-0.06397607922554016,0.5278003811836243,0.6068834066390991,-0.0823986604809761,0.5261695384979248,0.5574239492416382,-0.08968239277601242,0.5262526273727417,0.5126711130142212,-0.0944366604089737,namaste
0.516268253326416,0.8941677212715149,1.621700107534707e-07,0.5553468465805054,0.8079594969749451,0.005527053494006395,0.5660892724990845,0.6957265734672546,0.004105816595256329,0.5735575556755066,0.6119018793106079,-0.0005404121475294232,0.5773196220397949,0.5462900400161743,-0.007298616226762533,0.5624576807022095,0.6158162951469421,-0.018307950347661972,0.5752115249633789,0.49789369106292725,-0.041439034044742584,0.5836855173110962,0.4158245325088501,-0.057531338185071945,0.5915725231170654,0.3492075800895691,-0.06908447295427322,0.5509822368621826,0.6302478909492493,-0.036151234060525894,0.5483660697937012,0.4899336099624634,-0.059795234352350235,0.5509117245674133,0.39605942368507385,-0.07769498229026794,0.552680492401123,0.3177732527256012,-0.08999115228652954,0.5412642955780029,0.6698669791221619,-0.053202688694000244,0.531933069229126,0.5380998849868774,-0.077768974006176,0.5296847820281982,0.4571395218372345,-0.09504351764917374,0.5284438729286194,0.3854884207248688,-0.1066666841506958,0.5353720188140869,0.7274434566497803,-0.06891383975744247,0.5224444270133972,0.6609178781509399,-0.09663214534521103,0.5147047638893127,0.6067038774490356,-0.11178071796894073,0.5096953511238098,0.5546473860740662,-0.12105061113834381,namaste
0.5289288759231567,0.7774620056152344,2.947963650967722e-07,0.5312297344207764,0.7067307829856873,0.007417045533657074,0.5303719639778137,0.6381514668464661,0.002810706151649356,0.5329231023788452,0.5874472856521606,-0.005351717118173838,0.5290229320526123,0.5432001352310181,-0.015696074813604355,0.5287775993347168,0.5888485908508301,-0.016815517097711563,0.5345976948738098,0.4941042363643646,-0.03770187869668007,0.5356512665748596,0.42146050930023193,-0.05162671208381653,0.5375373959541321,0.36236923933029175,-0.06132827699184418,0.5306656360626221,0.5961720943450928,-0.03460874408483505,0.535020112991333,0.48639991879463196,-0.057731952518224716,0.5379205942153931,0.40164968371391296,-0.07465973496437073,0.540818989276886,0.32918742299079895,-0.08594904094934464,0.5339332818984985,0.6191723942756653,-0.051003940403461456,0.5312973260879517,0.5192220211029053,-0.07239056378602982,0.5278177261352539,0.4534139037132263,-0.08610669523477554,0.5257294178009033,0.3952244520187378,-0.09515753388404846,0.540908694267273,0.6507464051246643,-0.06611217558383942,0.5332480669021606,0.6042828559875488,-0.08726632595062256,0.5279607176780701,0.567897379398346,-0.0972786694765091,0.5254978537559509,0.5315252542495728,-0.10324618965387344,namaste
0.5069918632507324,0.8987005352973938,1.667675348926423e-07,0.5382211208343506,0.8025839328765869,0.012118338607251644,0.5479987859725952,0.693159818649292,0.01106435339897871,0.5577235221862793,0.6111351251602173,0.005495491903275251,0.5616691708564758,0.5436607003211975,-0.0028134766034781933,0.5473617315292358,0.6378031373023987,-0.01952817104756832,0.5655297636985779,0.5132821798324585,-0.04370613023638725,0.5741113424301147,0.42656123638153076,-0.0600786991417408,0.580870509147644,0.35434824228286743,-0.0722506046295166,0.5425482392311096,0.6528677344322205,-0.04188387095928192,0.5470671057701111,0.5066238641738892,-0.06756263226270676,0.5501716732978821,0.4077317416667938,-0.08674954622983932,0.5509058237075806,0.3204050362110138,-0.10014355182647705,0.5413113236427307,0.6923503875732422,-0.06230040267109871,0.5394003391265869,0.5504862666130066,-0.08749953657388687,0.5379711985588074,0.46803978085517883,-0.10502540320158005,0.5358325242996216,0.39278775453567505,-0.11757878959178925,0.5457655191421509,0.7477821111679077,-0.0808141827583313,0.5399795174598694,0.6857327818870544,-0.10915032774209976,0.5328611135482788,0.6338464617729187,-0.12470307946205139,0.5275981426239014,0.5830906629562378,-0.13483968377113342,namaste
0.5236368775367737,0.794463038444519,3.2990678278110863e-07,0.5371153354644775,0.7230788469314575,0.004473408218473196,0.5414025783538818,0.6497253775596619,-0.0012210365384817123,0.5470985770225525,0.5939545631408691,-0.009646415710449219,0.5432325005531311,0.5474029183387756,-0.021051689982414246,0.5341888666152954,0.6130821704864502,-0.02086024358868599,0.5422667860984802,0.5228516459465027,-0.041570670902729034,0.5419528484344482,0.4514501094818115,-0.0561358705163002,0.540915846824646,0.39196836948394775,-0.06663010269403458,0.5334251523017883,0.6240623593330383,-0.036844052374362946,0.5412803888320923,0.5193316340446472,-0.05742371082305908,0.5429593920707703,0.4387451708316803,-0.07304380089044571,0.5427756309509277,0.3646736741065979,-0.08406779915094376,0.5348364114761353,0.6471330523490906,-0.051661308854818344,0.5365620255470276,0.5456634759902954,-0.07126298546791077,0.5359461903572083,0.4779307246208191,-0.08353962004184723,0.5336933135986328,0.4159964919090271,-0.0921187624335289,0.5409587621688843,0.6777532696723938,-0.06541448086500168,0.5385534763336182,0.6244838833808899,-0.08393394947052002,0.5349442362785339,0.5820931792259216,-0.092302106320858,0.5328336358070374,0.5402349233627319,-0.09788461774587631,namaste
0.5273667573928833,0.7780547142028809,3.4550453165138606e-07,0.5411360263824463,0.7144489288330078,-0.0030085095204412937,0.5447167754173279,0.6518650650978088,-0.014469471760094166,0.5485535860061646,0.6013398170471191,-0.02662947028875351,0.5442665815353394,0.5513511896133423,-0.041256096214056015,0.5317973494529724,0.615096926689148,-0.034798797219991684,0.5384790897369385,0.5257565975189209,-0.06043555960059166,0.5388866066932678,0.4553975462913513,-0.07783566415309906,0.5378639101982117,0.3954314887523651,-0.08972462266683578,0.529013454914093,0.6273289322853088,-0.04712318629026413,0.5396875143051147,0.5289887189865112,-0.0728905126452446,0.5441840291023254,0.4494253396987915,-0.09002445638179779,0.5464929342269897,0.37691086530685425,-0.10176203399896622,0.5289491415023804,0.6476086378097534,-0.058392174541950226,0.5371967554092407,0.5528844594955444,-0.08085215091705322,0.5427430868148804,0.4812370538711548,-0.09201274812221527,0.5462057590484619,0.4164552688598633,-0.09948642551898956,0.5333199501037598,0.6732760071754456,-0.06912394613027573,0.5359061360359192,0.6167806386947632,-0.08887948840856552,0.5378825664520264,0.5671848654747009,-0.09670479595661163,0.5410228371620178,0.5199310779571533,-0.1017017513513565,namaste
0.508234441280365,0.8979361653327942,1.840199672642484e-07,0.5353642702102661,0.8054538369178772,0.009218931198120117,0.545609176158905,0.696031391620636,0.008483681827783585,0.5554459691047668,0.6128246784210205,0.003366631455719471,0.5594914555549622,0.5472477078437805,-0.004538506269454956,0.5390841364860535,0.6486169099807739,-0.013136829249560833,0.5535407066345215,0.5278444886207581,-0.03553342446684837,0.5599669218063354,0.4381471276283264,-0.051567740738391876,0.5636486411094666,0.36382538080215454,-0.06313172727823257,0.5341309905052185,0.6624390482902527,-0.033754706382751465,0.545275866985321,0.5231757164001465,-0.05731327459216118,0.5506607294082642,0.42088404297828674,-0.0768008828163147,0.5541775226593018,0.3275061845779419,-0.08999930322170258,0.5335304141044617,0.6957919001579285,-0.053057800978422165,0.5408177375793457,0.5618602633476257,-0.07627177983522415,0.5442474484443665,0.47743237018585205,-0.09349939227104187,0.5466671586036682,0.39989590644836426,-0.10511831939220428,0.5395844578742981,0.7442911863327026,-0.07097450643777847,0.53669673204422,0.6745819449424744,-0.09510684013366699,0.5358847975730896,0.6215965151786804,-0.10732266306877136,0.538273274898529,0.5707343220710754,-0.11497458070516586,namaste
0.5048984289169312,0.9065583348274231,2.3703296392341144e-07,0.5304027795791626,0.809544563293457,0.010169725865125656,0.5421515107154846,0.6992616057395935,0.009125429205596447,0.5549534559249878,0.6178105473518372,0.0037100205663591623,0.5604580044746399,0.5529370903968811,-0.004767520818859339,0.5342763662338257,0.6576621532440186,-0.01659579575061798,0.5515510439872742,0.5366837978363037,-0.04048772156238556,0.5596508383750916,0.44577664136886597,-0.05723726749420166,0.5658547878265381,0.3711002767086029,-0.06924121826887131,0.5306532382965088,0.6734482049942017,-0.037803079932928085,0.5468477606773376,0.5304844379425049,-0.0625787228345871,0.5560817718505859,0.42739081382751465,-0.08220721781253815,0.5632691979408264,0.3345775902271271,-0.09555867314338684,0.5330367684364319,0.7088796496391296,-0.0574612058699131,0.5454246997833252,0.5687984824180603,-0.08161022514104843,0.5519812703132629,0.4817269444465637,-0.0996035560965538,0.5564778447151184,0.4041062891483307,-0.11172503232955933,0.5438376069068909,0.7585662007331848,-0.07555414736270905,0.546853244304657,0.6854844093322754,-0.10102373361587524,0.547425389289856,0.6287530660629272,-0.1148858591914177,0.5499111413955688,0.5748233795166016,-0.12375552207231522,namaste
0.5025489330291748,0.9125694036483765,1.8051845529498678e-07,0.5279057621955872,0.8187320828437805,0.014789236709475517,0.5381208658218384,0.7116289138793945,0.015228711999952793,0.5504695773124695,0.6341414451599121,0.010202229022979736,0.5571333765983582,0.5721837282180786,0.0022089204285293818,0.5278535485267639,0.6627192497253418,-0.011552287265658379,0.546731173992157,0.54250168800354,-0.03347179666161537,0.5550375580787659,0.45500025153160095,-0.04847455769777298,0.56052565574646,0.38242092728614807,-0.05949235334992409,0.5258473753929138,0.6788604855537415,-0.034976013004779816,0.5439745783805847,0.5347805619239807,-0.05860844627022743,0.5535187721252441,0.4327041804790497,-0.07765836268663406,0.5598230361938477,0.3375302255153656,-0.09063168615102768,0.5305975079536438,0.7143313884735107,-0.05655933916568756,0.5449460744857788,0.5725568532943726,-0.08016391098499298,0.551988959312439,0.48715001344680786,-0.0982295498251915,0.5562838315963745,0.4073507487773895,-0.11048569530248642,0.5443121194839478,0.7638803124427795,-0.07613829523324966,0.5476837754249573,0.6918225288391113,-0.10088422894477844,0.5488645434379578,0.6349242925643921,-0.11449495702981949,0.5519625544548035,0.5791373252868652,-0.12337245047092438,namaste
0.5042747259140015,0.9125959873199463,1.820945385588857e-07,0.5323176383972168,0.8193488121032715,0.014980373904109001,0.5423569679260254,0.7135670185089111,0.015226367861032486,0.5536249876022339,0.636574923992157,0.009868529625236988,0.5598456263542175,0.5744568705558777,0.001358825364150107,0.5313445925712585,0.6654205918312073,-0.011774159967899323,0.5483825206756592,0.5450481176376343,-0.03373157978057861,0.5552733540534973,0.4586162269115448,-0.04873282089829445,0.5598606467247009,0.38706591725349426,-0.05990658327937126,0.52903813123703,0.6814210414886475,-0.035762809216976166,0.5459290742874146,0.536220908164978,-0.059456001967191696,0.5550178289413452,0.43452244997024536,-0.07864797115325928,0.5610514879226685,0.3415762484073639,-0.09205420315265656,0.5331190228462219,0.7174975275993347,-0.05797046422958374,0.5461981296539307,0.5758864283561707,-0.08148030191659927,0.5533750057220459,0.49203017354011536,-0.099637970328331,0.5578563213348389,0.4153037667274475,-0.11234073340892792,0.5461296439170837,0.7680326104164124,-0.07816437631845474,0.5489140152931213,0.6971330046653748,-0.10303791612386703,0.5498831272125244,0.6404668092727661,-0.1169944480061531,0.5525991320610046,0.5847517848014832,-0.12646861374378204,namaste
0.5338391065597534,0.8067445755004883,3.095838678746077e-07,0.5368954539299011,0.7310885190963745,0.003215968143194914,0.5475371479988098,0.6554333567619324,-0.00393241923302412,0.5600422620773315,0.5980015993118286,-0.01254186686128378,0.5650724768638611,0.5520309209823608,-0.024143902584910393,0.5553484559059143,0.632372260093689,-0.030791129916906357,0.5665690898895264,0.5452359318733215,-0.053467702120542526,0.5689443945884705,0.47627660632133484,-0.06840820610523224,0.5693255662918091,0.4171992540359497,-0.07918315380811691,0.5554971694946289,0.6455890536308289,-0.04661189764738083,0.5686551928520203,0.5480560660362244,-0.06975559145212173,0.5716869831085205,0.4693632125854492,-0.08491718024015427,0.5722612142562866,0.40081286430358887,-0.09589596837759018,0.5565325617790222,0.6729086637496948,-0.06081628054380417,0.5676323771476746,0.5750504732131958,-0.08224979788064957,0.571137011051178,0.505125105381012,-0.09407057613134384,0.5727073550224304,0.44239211082458496,-0.10268542170524597,0.560359001159668,0.7105321884155273,-0.07373354583978653,0.568314254283905,0.6579204797744751,-0.09423509240150452,0.5709678530693054,0.6161690950393677,-0.10262392461299896,0.573801577091217,0.5755340456962585,-0.10845714062452316,namaste
0.5129993557929993,0.918706476688385,1.9978833165623655e-07,0.5355276465415955,0.8210324645042419,0.01274387538433075,0.5475375056266785,0.7187828421592712,0.012386487796902657,0.5609952807426453,0.6434287428855896,0.007114322856068611,0.5686874389648438,0.5846583247184753,-0.0007986360578797758,0.5370097756385803,0.6724579930305481,-0.011788110248744488,0.5556386709213257,0.5565523505210876,-0.032156769186258316,0.5634008646011353,0.4745449423789978,-0.04607713222503662,0.5691332817077637,0.4069071412086487,-0.056250762194395065,0.5349981188774109,0.6882811188697815,-0.0336185097694397,0.551662266254425,0.5486135482788086,-0.05481836199760437,0.5608905553817749,0.4507579505443573,-0.07196740806102753,0.5677310824394226,0.36246198415756226,-0.08363708853721619,0.5392050743103027,0.7248518466949463,-0.05380324646830559,0.5534577369689941,0.5851337313652039,-0.07523258775472641,0.5602756142616272,0.5043973922729492,-0.09172511845827103,0.5649812817573547,0.4315248727798462,-0.10305444896221161,0.5516171455383301,0.7774578928947449,-0.07221332937479019,0.5553641319274902,0.7110347151756287,-0.09566881507635117,0.5547984838485718,0.6579903960227966,-0.10829481482505798,0.555996298789978,0.6063957214355469,-0.11627749353647232,namaste
0.5105360150337219,0.9201177954673767,2.068040600988752e-07,0.5357695817947388,0.8230334520339966,0.012911243364214897,0.548482358455658,0.7204524278640747,0.012737810611724854,0.561617374420166,0.6458290815353394,0.0077372463420033455,0.5681076645851135,0.5858765840530396,9.492773824604228e-05,0.5370041728019714,0.674160897731781,-0.011831751093268394,0.554875373840332,0.5562648177146912,-0.03225519880652428,0.56294184923172,0.47407209873199463,-0.04626387357711792,0.5694774985313416,0.40648871660232544,-0.056372758001089096,0.5350260138511658,0.6899363994598389,-0.033428117632865906,0.5499845147132874,0.5483449697494507,-0.054643090814352036,0.5590009689331055,0.44906145334243774,-0.07206936925649643,0.5659773945808411,0.35957929491996765,-0.08409985899925232,0.5388986468315125,0.725905179977417,-0.05333453044295311,0.5514228940010071,0.5857338905334473,-0.074566550552845,0.5583868026733398,0.5038520693778992,-0.09140611439943314,0.5633464455604553,0.43072831630706787,-0.1030951738357544,0.5508323311805725,0.7776471972465515,-0.07143588364124298,0.5540536642074585,0.7100856900215149,-0.09468535333871841,0.5541914701461792,0.6555903553962708,-0.10763341188430786,0.5559107065200806,0.6028809547424316,-0.11604044586420059,namaste
0.5274879336357117,0.7329044342041016,2.6005440645349154e-07,0.5417535901069641,0.6588476896286011,-0.0035583015996962786,0.5566527247428894,0.5756392478942871,-0.007530277594923973,0.564640462398529,0.513277530670166,-0.012198280543088913,0.5652322173118591,0.46054592728614807,-0.017507363110780716,0.5534504055976868,0.5655214786529541,-0.015750685706734657,0.563929557800293,0.4834190011024475,-0.03347356617450714,0.5668193101882935,0.4170103669166565,-0.045666370540857315,0.566909909248352,0.3595585823059082,-0.0537974014878273,0.5484717488288879,0.569186806678772,-0.023976420983672142,0.5608538389205933,0.47993800044059753,-0.04171185567975044,0.5646837949752808,0.4081328511238098,-0.05365952476859093,0.5666353702545166,0.3404489755630493,-0.06182370334863663,0.5447974801063538,0.5787712931632996,-0.03245428949594498,0.5565856695175171,0.4978709816932678,-0.04859397932887077,0.5605589747428894,0.435524582862854,-0.05525469407439232,0.5616236925125122,0.3777918219566345,-0.05887601152062416,0.543178379535675,0.5923746228218079,-0.041338760405778885,0.5477868318557739,0.531863808631897,-0.053695350885391235,0.550699770450592,0.4853457510471344,-0.057167842984199524,0.5534185171127319,0.4442412257194519,-0.05921280011534691,namaste
0.49867114424705505,0.9136292934417725,2.024242462539405e-07,0.5310042500495911,0.8214332461357117,0.006972081959247589,0.5421270728111267,0.7144370675086975,0.0068226889707148075,0.5476908683776855,0.6388208866119385,0.002279195934534073,0.5503661036491394,0.5799016356468201,-0.003749825293198228,0.5251290798187256,0.65056312084198,-0.0006453663227148354,0.5367355346679688,0.5510761737823486,-0.01645374670624733,0.5384570360183716,0.47466397285461426,-0.029445884749293327,0.5387301445007324,0.4102887809276581,-0.03981185704469681,0.5197081565856934,0.665131688117981,-0.017871879041194916,0.5316019654273987,0.5511290431022644,-0.03517076373100281,0.53793865442276,0.46068859100341797,-0.05091414600610733,0.5422669649124146,0.3742426335811615,-0.06180666387081146,0.5189802646636963,0.6982947587966919,-0.03524467349052429,0.5262122750282288,0.5828083157539368,-0.05330231413245201,0.5289218425750732,0.5050801634788513,-0.06692085415124893,0.5295534729957581,0.43060800433158875,-0.07612824440002441,0.5263614654541016,0.746170163154602,-0.05196313560009003,0.5273255705833435,0.6831026673316956,-0.07008010149002075,0.5258961319923401,0.6318250894546509,-0.07924619317054749,0.5246179699897766,0.5828874111175537,-0.08502832055091858,namaste
0.5132186412811279,0.544884204864502,8.409958951460794e-08,0.5167681574821472,0.496102511882782,-0.0004316501726862043,0.5162941813468933,0.43883389234542847,-0.0013700728304684162,0.5116773247718811,0.39585041999816895,-0.003472479060292244,0.5049680471420288,0.3597055971622467,-0.006490449421107769,0.5166909694671631,0.4217187464237213,-0.0041328417137265205,0.5152814388275146,0.3724902868270874,-0.013579643331468105,0.5124941468238831,0.33492934703826904,-0.021454045549035072,0.5099924802780151,0.30331313610076904,-0.027211735025048256,0.5139153599739075,0.4276036322116852,-0.009622402489185333,0.5122461318969727,0.37538209557533264,-0.01760871708393097,0.5089868307113647,0.33759361505508423,-0.024265106767416,0.5064433813095093,0.30443671345710754,-0.02962634153664112,0.5090075731277466,0.4398513436317444,-0.01563371531665325,0.5068463087081909,0.3893335163593292,-0.023591337725520134,0.5037409067153931,0.3553123474121094,-0.027856359258294106,0.501068115234375,0.3263653516769409,-0.03125368058681488,0.5016518831253052,0.45829299092292786,-0.021748725324869156,0.4974212944507599,0.42445603013038635,-0.02952727861702442,0.49458643794059753,0.40089651942253113,-0.03259439766407013,0.4924495220184326,0.380251407623291,-0.03485103324055672,namaste
0.504533588886261,0.8968234062194824,1.621286855879589e-07,0.5397754907608032,0.8108621835708618,0.007771681062877178,0.5466620922088623,0.7028345465660095,0.00542876310646534,0.550051212310791,0.620529055595398,-0.0007315142429433763,0.5498462915420532,0.5518856048583984,-0.00949019379913807,0.5337689518928528,0.6444674730300903,-0.017754070460796356,0.5380358695983887,0.5273524522781372,-0.04044313356280327,0.5370320677757263,0.44016385078430176,-0.056702181696891785,0.5354523062705994,0.3665306568145752,-0.06919539719820023,0.5272708535194397,0.6576903462409973,-0.03817545622587204,0.5259639024734497,0.5183097720146179,-0.06237271800637245,0.5267640948295593,0.4160884618759155,-0.08214341104030609,0.5256062746047974,0.32346290349960327,-0.09637757390737534,0.5237980484962463,0.6928822994232178,-0.05726287141442299,0.5232161283493042,0.5603482723236084,-0.08036582916975021,0.5221441388130188,0.4771442413330078,-0.09718998521566391,0.5192065238952637,0.4009215831756592,-0.10944883525371552,0.5267313122749329,0.7423607707023621,-0.07501942664384842,0.5214323997497559,0.6796814799308777,-0.09949930012226105,0.5165748000144958,0.626571774482727,-0.11265641450881958,0.5125062465667725,0.5752967000007629,-0.12160879373550415,namaste
0.5012384653091431,0.9152587652206421,1.3365605866511032e-07,0.5358250737190247,0.8249292373657227,0.006967341993004084,0.5478063821792603,0.7223490476608276,0.005309876054525375,0.555657684803009,0.6455286741256714,-0.0005255273426882923,0.5583615899085999,0.5803990364074707,-0.008371202275156975,0.530850350856781,0.668241024017334,-0.008186436258256435,0.5392489433288574,0.5556525588035583,-0.02812705561518669,0.5390929579734802,0.4749847650527954,-0.043100498616695404,0.5379889607429504,0.4068393111228943,-0.05450405180454254,0.523263156414032,0.6803175210952759,-0.02714456059038639,0.5312007069587708,0.5454772710800171,-0.047950875014066696,0.535088837146759,0.44687366485595703,-0.06602372229099274,0.5367478132247925,0.35395166277885437,-0.07883387058973312,0.5213112235069275,0.7115439772605896,-0.045676883310079575,0.5274154543876648,0.576229989528656,-0.0663655698299408,0.529952347278595,0.498111367225647,-0.0814485028386116,0.531072735786438,0.42589083313941956,-0.09196026623249054,0.5267096757888794,0.7561878561973572,-0.06335627287626266,0.5251530408859253,0.6882362365722656,-0.08452224731445312,0.5237829089164734,0.6332325339317322,-0.09566472470760345,0.5248237252235413,0.5807812213897705,-0.10313034802675247,namaste
0.5180779099464417,0.8138102889060974,4.987285251445428e-07,0.5300037264823914,0.7336627244949341,0.003931683488190174,0.5449289083480835,0.6621110439300537,-0.006576241459697485,0.5618953108787537,0.6076385974884033,-0.01916963793337345,0.5736531615257263,0.5589151382446289,-0.035895418375730515,0.5315837264060974,0.6413288712501526,-0.03647296130657196,0.5574491620063782,0.5515011548995972,-0.06499025970697403,0.5710950493812561,0.4732056260108948,-0.08532973378896713,0.5807164907455444,0.40487658977508545,-0.10006684809923172,0.5301862955093384,0.6582010984420776,-0.056346356868743896,0.5600563883781433,0.5573391914367676,-0.08554480969905853,0.5755594372749329,0.46524879336357117,-0.10692091286182404,0.587009072303772,0.3782929480075836,-0.12195570766925812,0.5343453288078308,0.690765917301178,-0.07415249198675156,0.5591738224029541,0.5828989148139954,-0.10209735482931137,0.5763009190559387,0.4991154670715332,-0.120568186044693,0.5898399353027344,0.4198768734931946,-0.13340899348258972,0.5451673269271851,0.7336868047714233,-0.09015408903360367,0.5513660907745361,0.6859948635101318,-0.11706867069005966,0.5533220767974854,0.6410821676254272,-0.12935671210289001,0.5575680732727051,0.594394326210022,-0.1374405473470688,namaste
0.5001143217086792,0.9036583304405212,2.7169969030182983e-07,0.5140743255615234,0.8109279870986938,0.012133910320699215,0.5247464776039124,0.717789351940155,0.0113939568400383,0.5393461585044861,0.6535901427268982,0.005185607820749283,0.5509123802185059,0.6037336587905884,-0.00333118112757802,0.5112001895904541,0.6898511052131653,-0.00480055995285511,0.5371370315551758,0.5837289690971375,-0.0231170691549778,0.5502741932868958,0.5087836980819702,-0.03535070642828941,0.5613541007041931,0.44637706875801086,-0.044317662715911865,0.5117622017860413,0.7023427486419678,-0.025547105818986893,0.5288155674934387,0.5748880505561829,-0.04693407192826271,0.5387604832649231,0.4837656021118164,-0.06431271135807037,0.5466890335083008,0.3991313576698303,-0.07508037984371185,0.5215732455253601,0.7313480377197266,-0.045047059655189514,0.5320373773574829,0.5942208170890808,-0.06776326149702072,0.5380796194076538,0.5140253305435181,-0.084264375269413,0.5420598387718201,0.4400869309902191,-0.09396937489509583,0.5439167022705078,0.7701590657234192,-0.06276401877403259,0.5466557145118713,0.6995968222618103,-0.08456486463546753,0.5456447005271912,0.6464695334434509,-0.0956074520945549,0.5462452173233032,0.5945220589637756,-0.10186158865690231,namaste
0.5017033219337463,0.9003686904907227,2.970236323562858e-07,0.517690122127533,0.8055993318557739,0.010339614935219288,0.5290938019752502,0.709719181060791,0.007094769738614559,0.5435632467269897,0.6429212093353271,-0.0006137315649539232,0.5531570911407471,0.591995358467102,-0.01092718169093132,0.5208163261413574,0.6823082566261292,-0.015972718596458435,0.5395602583885193,0.569562554359436,-0.036959197372198105,0.5493365526199341,0.4895925521850586,-0.0501251146197319,0.5583614110946655,0.4246707260608673,-0.059591274708509445,0.519878625869751,0.6986384987831116,-0.03652874752879143,0.5371566414833069,0.5686086416244507,-0.05917450413107872,0.5494638085365295,0.47767525911331177,-0.07573822885751724,0.5603383183479309,0.397903710603714,-0.08640127629041672,0.5275554656982422,0.7326353788375854,-0.05543864890933037,0.5387303829193115,0.594438374042511,-0.07805410027503967,0.5468124151229858,0.5129383206367493,-0.09392084181308746,0.5534244179725647,0.44102513790130615,-0.10408324748277664,0.5468337535858154,0.7777704000473022,-0.07260487228631973,0.5493471026420593,0.7087540030479431,-0.09540029615163803,0.5485818982124329,0.655533492565155,-0.10716071724891663,0.5496816039085388,0.604015588760376,-0.11436689645051956,namaste
0.5103925466537476,0.9107083678245544,2.5748005327841383e-07,0.5303520560264587,0.819358766078949,0.009858676232397556,0.5414814352989197,0.7216782569885254,0.008727036416530609,0.5546202063560486,0.6492109894752502,0.0031004680786281824,0.5610240697860718,0.5934197902679443,-0.00514746131375432,0.5297292470932007,0.684579610824585,-0.011920296587049961,0.5495021939277649,0.5719588994979858,-0.03212997317314148,0.5584205985069275,0.48868465423583984,-0.04586610570549965,0.5646162033081055,0.4195304811000824,-0.05617249384522438,0.5277813673019409,0.6990213394165039,-0.03206860274076462,0.54632568359375,0.5664186477661133,-0.053441084921360016,0.5572302937507629,0.4733652174472809,-0.07062852382659912,0.5655781626701355,0.39014652371406555,-0.08205389976501465,0.533105731010437,0.7319381833076477,-0.0509149432182312,0.5455341935157776,0.593914806842804,-0.07303092628717422,0.5525540709495544,0.5128064155578613,-0.08959245681762695,0.5575185418128967,0.4399886429309845,-0.10058385133743286,0.547950029373169,0.7779927849769592,-0.06825009733438492,0.5500442981719971,0.712253749370575,-0.09189200401306152,0.5491124391555786,0.660498857498169,-0.10461841523647308,0.5501819252967834,0.6107304692268372,-0.11255496740341187,namaste
0.5162869095802307,0.915332555770874,2.3688696160206746e-07,0.5352968573570251,0.8229762315750122,0.01033890713006258,0.5454363822937012,0.7252205014228821,0.008713646791875362,0.5580775737762451,0.6535929441452026,0.002695153234526515,0.5638604164123535,0.599216103553772,-0.0060653709806501865,0.5350841283798218,0.6866247057914734,-0.013966904953122139,0.5537907481193542,0.57423996925354,-0.03406490385532379,0.561231255531311,0.4948310852050781,-0.047442030161619186,0.5669733881950378,0.4288312494754791,-0.05769291892647743,0.5324839353561401,0.7018630504608154,-0.034604039043188095,0.5493128299713135,0.5720066428184509,-0.056058529764413834,0.5575172305107117,0.4835413098335266,-0.07285691797733307,0.5645050406455994,0.40471240878105164,-0.0844300389289856,0.5359626412391663,0.7357765436172485,-0.053820788860321045,0.5471320748329163,0.5989280343055725,-0.07582027465105057,0.5516918301582336,0.519753634929657,-0.09242311865091324,0.5552816987037659,0.44911620020866394,-0.10403700172901154,0.5480527281761169,0.7828311324119568,-0.07140761613845825,0.5498360395431519,0.7195804119110107,-0.09565157443284988,0.5480125546455383,0.6677641272544861,-0.10939693450927734,0.5486534237861633,0.6168788075447083,-0.11845332384109497,namaste
0.5056858658790588,0.9236125946044922,2.832507277616969e-07,0.520959198474884,0.8321727514266968,0.008212496526539326,0.5347838997840881,0.7287517189979553,0.005262421444058418,0.5536741614341736,0.6556225419044495,-0.0014961293200030923,0.563639760017395,0.5994524359703064,-0.010750189423561096,0.5285943746566772,0.6932111382484436,-0.01972191408276558,0.548902690410614,0.575036883354187,-0.042077936232089996,0.5597546696662903,0.49385008215904236,-0.05627305805683136,0.5697473287582397,0.4284311532974243,-0.06605132669210434,0.5286898612976074,0.7085732221603394,-0.038662295788526535,0.5462386608123779,0.5686347484588623,-0.06243327632546425,0.5582567453384399,0.47446751594543457,-0.07992459833621979,0.5683347582817078,0.3945614993572235,-0.09120576828718185,0.5363886952400208,0.744719386100769,-0.05585486441850662,0.5497656464576721,0.6046591997146606,-0.07898120582103729,0.558396577835083,0.522609531879425,-0.09526626765727997,0.5651289820671082,0.4522581696510315,-0.10572323203086853,0.5518154501914978,0.7952588796615601,-0.07145879417657852,0.5577801465988159,0.7263935804367065,-0.09453818947076797,0.5614660978317261,0.6722162365913391,-0.10689150542020798,0.5676476955413818,0.6199977397918701,-0.11456715315580368,namaste
0.49784737825393677,0.9102350473403931,3.107720090156363e-07,0.510391354560852,0.8087694644927979,0.008286966942250729,0.5194942355155945,0.6957650780677795,0.0018300962401553988,0.5282717347145081,0.6135830283164978,-0.008192033506929874,0.5261102914810181,0.5463005900382996,-0.021418439224362373,0.5301997065544128,0.6630202531814575,-0.03220200166106224,0.5515583753585815,0.5275706052780151,-0.05882713571190834,0.5608614683151245,0.4401739239692688,-0.07456614822149277,0.568860650062561,0.3697461485862732,-0.0851282924413681,0.531692624092102,0.6870723962783813,-0.05385909974575043,0.5518985390663147,0.5339815616607666,-0.08178064227104187,0.5624953508377075,0.4338609576225281,-0.09991776943206787,0.5715492963790894,0.3503182530403137,-0.11153297871351242,0.5389854311943054,0.7340484857559204,-0.07308857887983322,0.5595376491546631,0.5922767519950867,-0.09978213906288147,0.5709056854248047,0.5059641599655151,-0.11666453629732132,0.5805450677871704,0.42807114124298096,-0.12787199020385742,0.5525287389755249,0.797175407409668,-0.09020481258630753,0.563433051109314,0.7309402823448181,-0.11661604046821594,0.5710265040397644,0.6788758635520935,-0.1287008374929428,0.5815824270248413,0.6268551349639893,-0.13600663840770721,namaste
0.4991838037967682,0.9137343168258667,2.8130665441494784e-07,0.5113651156425476,0.8153215646743774,0.005805188789963722,0.5208911299705505,0.7029293775558472,0.00015024257299955934,0.5298740267753601,0.6199449300765991,-0.008490708656609058,0.5291498899459839,0.5507823824882507,-0.019650742411613464,0.531498372554779,0.6613248586654663,-0.02864687144756317,0.5532101392745972,0.5282468795776367,-0.05261555314064026,0.5619440078735352,0.4431731402873993,-0.06661439687013626,0.5687021017074585,0.37438246607780457,-0.0761490911245346,0.5333374738693237,0.685285747051239,-0.04809468239545822,0.5534352660179138,0.5347201824188232,-0.0723813846707344,0.5632928013801575,0.4381182789802551,-0.08851006627082825,0.5709558129310608,0.3575974404811859,-0.09906988590955734,0.5402204394340515,0.7323911190032959,-0.06566748768091202,0.5617520809173584,0.5951547026634216,-0.0894789770245552,0.5728715062141418,0.5141028761863708,-0.10451895743608475,0.5814269185066223,0.44096362590789795,-0.11469732224941254,0.5524390339851379,0.7972379326820374,-0.0815725028514862,0.5634276270866394,0.7325990796089172,-0.1057596206665039,0.5704401135444641,0.6822652816772461,-0.11666122078895569,0.579747200012207,0.6312860250473022,-0.12322530150413513,namaste
0.5135375261306763,0.86146080493927,3.863465849462955e-07,0.5159376859664917,0.778627336025238,0.003532272996380925,0.5242490768432617,0.686755895614624,-0.00298927235417068,0.5299174785614014,0.6152465343475342,-0.011258590966463089,0.5253899693489075,0.5552147030830383,-0.02248995006084442,0.5315579175949097,0.6751921772956848,-0.032656196504831314,0.5521047711372375,0.5756796598434448,-0.05610940232872963,0.5650759339332581,0.5035751461982727,-0.06951384246349335,0.5778828263282776,0.44657012820243835,-0.07862859219312668,0.5340772867202759,0.6972377300262451,-0.04873945191502571,0.5555071830749512,0.5878017544746399,-0.07321788370609283,0.5702211260795593,0.5069772005081177,-0.08841332048177719,0.5846235156059265,0.437000572681427,-0.09842266887426376,0.541597843170166,0.7351374626159668,-0.06289183348417282,0.5573191046714783,0.6254479289054871,-0.08671896159648895,0.5675610899925232,0.5513747334480286,-0.10044575482606888,0.577385663986206,0.4841216206550598,-0.1092064157128334,0.5557884573936462,0.7847598791122437,-0.07539208233356476,0.5648631453514099,0.7267621755599976,-0.09823276847600937,0.5678395628929138,0.6813240647315979,-0.10827690362930298,0.5719237923622131,0.6357299089431763,-0.11434795707464218,namaste
0.4999154210090637,0.916772723197937,2.6723893142843735e-07,0.5107542872428894,0.8115838170051575,0.006502251140773296,0.5219161510467529,0.6982541084289551,0.0017242854228243232,0.5331087708473206,0.6143017411231995,-0.00635435851290822,0.5348936915397644,0.5442026853561401,-0.016831647604703903,0.5310695767402649,0.6646665930747986,-0.02639283984899521,0.5515415072441101,0.5304003953933716,-0.05035616457462311,0.5600683689117432,0.44439762830734253,-0.06422325223684311,0.5675324201583862,0.3754538297653198,-0.0735725536942482,0.5329192280769348,0.6873388886451721,-0.04599086195230484,0.5526254177093506,0.5393269658088684,-0.07086116820573807,0.5630561113357544,0.44259175658226013,-0.08722185343503952,0.5721381306648254,0.36227449774742126,-0.09779936820268631,0.540099561214447,0.7335355877876282,-0.0638684555888176,0.5597377419471741,0.6001952886581421,-0.0875948816537857,0.5706896185874939,0.520770788192749,-0.10248881578445435,0.5799809694290161,0.4495145380496979,-0.11250901967287064,0.5529338121414185,0.7970685362815857,-0.08020400255918503,0.5611228346824646,0.7325747609138489,-0.10369724035263062,0.5661823153495789,0.6830446124076843,-0.1141388863325119,0.5742776393890381,0.6335984468460083,-0.12044408917427063,namaste
0.5076642632484436,0.9255452156066895,2.546732673636143e-07,0.5232228636741638,0.8214524984359741,0.01024620234966278,0.5348488092422485,0.7092660665512085,0.007369639817625284,0.549879789352417,0.627307116985321,0.0005112561630085111,0.5559268593788147,0.56160569190979,-0.00923952553421259,0.5330519676208496,0.6726747155189514,-0.024230076000094414,0.5498703122138977,0.5408140420913696,-0.04843898490071297,0.5568875670433044,0.4503136873245239,-0.06323512643575668,0.5633964538574219,0.3775562047958374,-0.0735735148191452,0.5337026119232178,0.6926900148391724,-0.04537131264805794,0.5496870875358582,0.5424774885177612,-0.06997328251600266,0.5618603825569153,0.4441177546977997,-0.08728154003620148,0.5727526545524597,0.3589172959327698,-0.0990414023399353,0.540195882320404,0.7355984449386597,-0.06435137987136841,0.5522297024726868,0.5910850763320923,-0.08741939812898636,0.5607712268829346,0.5089876651763916,-0.10305498540401459,0.5681058168411255,0.4363361597061157,-0.11402665823698044,0.5536242127418518,0.7942257523536682,-0.0815698429942131,0.5568204522132874,0.7240076661109924,-0.10542923957109451,0.5576452612876892,0.6705299019813538,-0.11746205389499664,0.5609590411186218,0.61894291639328,-0.12526273727416992,namaste
0.5159105062484741,0.9105198979377747,1.7465644930325652e-07,0.5403159856796265,0.8168125748634338,0.00790623389184475,0.5472918748855591,0.7054709196090698,0.008416377007961273,0.5521908402442932,0.6232985854148865,0.004350518807768822,0.553205668926239,0.5590164661407471,-0.001202802755869925,0.5400463342666626,0.6584814786911011,-0.0024324748665094376,0.5492667555809021,0.5401864051818848,-0.022147148847579956,0.5546151399612427,0.4545588195323944,-0.03711361438035965,0.5595693588256836,0.3848212957382202,-0.04760757088661194,0.5363365411758423,0.6705324053764343,-0.02015138417482376,0.5454720854759216,0.5346791744232178,-0.04051969572901726,0.5532261729240417,0.4373774826526642,-0.05738629028201103,0.5610369443893433,0.3499418795108795,-0.06847997009754181,0.5385228991508484,0.6959087252616882,-0.037917543202638626,0.5471277832984924,0.5627748966217041,-0.05766455829143524,0.5548642873764038,0.4794400930404663,-0.0721675381064415,0.5614551305770874,0.40618598461151123,-0.08120202273130417,0.5472468137741089,0.7322771549224854,-0.054995663464069366,0.5491344928741455,0.6516662240028381,-0.07324856519699097,0.551721453666687,0.5935842394828796,-0.08293197304010391,0.5567246079444885,0.5415679216384888,-0.08896269649267197,namaste
0.5840305685997009,0.6289798021316528,3.1237487974067335e-07,0.5727980136871338,0.5570557117462158,-0.003295977134257555,0.5650115609169006,0.4834805130958557,-0.011025162413716316,0.5585612058639526,0.42818278074264526,-0.01926652528345585,0.5495567321777344,0.37940895557403564,-0.03023730032145977,0.575515866279602,0.48876065015792847,-0.03051663748919964,0.5722354650497437,0.42824873328208923,-0.05389534309506416,0.5681348443031311,0.3769259452819824,-0.070156030356884,0.5648031234741211,0.33322998881340027,-0.08213073760271072,0.5787537693977356,0.5083765387535095,-0.04239263758063316,0.5771229267120361,0.4379425048828125,-0.06630466878414154,0.5723552703857422,0.3804692029953003,-0.0832875669002533,0.5690479874610901,0.32774555683135986,-0.09656867384910583,0.5812849998474121,0.5405445694923401,-0.05388067662715912,0.5772994160652161,0.476699560880661,-0.0782259851694107,0.5734577775001526,0.42606884241104126,-0.09252335876226425,0.5714641213417053,0.37615761160850525,-0.10296369343996048,0.580825686454773,0.5820401310920715,-0.0644616112112999,0.576388955116272,0.5568901300430298,-0.0881858617067337,0.5715774893760681,0.5296629667282104,-0.09986233711242676,0.5690838098526001,0.49786674976348877,-0.10855068266391754,namaste
0.5205976963043213,0.8780499696731567,1.5652123863674205e-07,0.5445495247840881,0.7807958126068115,0.009263824671506882,0.5528872609138489,0.6746686697006226,0.009858814999461174,0.5584505796432495,0.5996465682983398,0.005168634466826916,0.5606604218482971,0.5388793349266052,-0.00037285516737028956,0.53607177734375,0.6297287344932556,0.003421823028475046,0.5482771992683411,0.5200923085212708,-0.014645714312791824,0.5547173023223877,0.4410148859024048,-0.028803693130612373,0.5598241090774536,0.37508639693260193,-0.03906949609518051,0.5325846076011658,0.6390223503112793,-0.014915011823177338,0.5430583357810974,0.5117274522781372,-0.03458207845687866,0.5499433875083923,0.4223564565181732,-0.05074640363454819,0.5559042096138,0.34109100699424744,-0.06127867475152016,0.5373870730400085,0.6597450375556946,-0.033628564327955246,0.545808732509613,0.5306166410446167,-0.052602384239435196,0.5506194233894348,0.44767844676971436,-0.06564757972955704,0.5533976554870605,0.37442657351493835,-0.07353897392749786,0.5521780252456665,0.6883540153503418,-0.05181680619716644,0.553246259689331,0.6042519211769104,-0.06819978356361389,0.5512937307357788,0.5425490140914917,-0.07656393945217133,0.5507300496101379,0.48616909980773926,-0.08186619728803635,namaste
0.5972840785980225,0.5594372749328613,3.096057810125785e-07,0.5987760424613953,0.4943086504936218,-0.0036611417308449745,0.5928454399108887,0.43242767453193665,-0.009080679155886173,0.5856915712356567,0.3854221701622009,-0.014525906182825565,0.5781264305114746,0.3470350503921509,-0.021298160776495934,0.5743600130081177,0.4430834650993347,-0.018739840015769005,0.5702081322669983,0.38857120275497437,-0.03540853038430214,0.5664117932319641,0.34058982133865356,-0.04794251173734665,0.5629646182060242,0.29922354221343994,-0.05652572587132454,0.5735098123550415,0.45891955494880676,-0.024975154548883438,0.5720348954200745,0.3988443911075592,-0.03996497765183449,0.5689697265625,0.34784558415412903,-0.05084411799907684,0.5665449500083923,0.29997462034225464,-0.05901702120900154,0.5753464698791504,0.4799934923648834,-0.030864659696817398,0.573221743106842,0.426517128944397,-0.04489397630095482,0.5710448622703552,0.38140201568603516,-0.0499538779258728,0.5694001913070679,0.33947473764419556,-0.05325271189212799,0.5779717564582825,0.506380558013916,-0.03670671209692955,0.573280930519104,0.47631555795669556,-0.04849650710821152,0.5706346035003662,0.44820407032966614,-0.05083640664815903,0.5694796442985535,0.4211674928665161,-0.05209433287382126,namaste
0.525143027305603,0.7959495782852173,1.3311850466379838e-07,0.5467595458030701,0.7024426460266113,0.009484732523560524,0.5582775473594666,0.604174792766571,0.009343244135379791,0.5664353370666504,0.5343150496482849,0.003968489356338978,0.5708552002906799,0.4757862985134125,-0.002094458555802703,0.5439282059669495,0.5592419505119324,0.0016581423114985228,0.5561569929122925,0.44980454444885254,-0.01632637344300747,0.5595078468322754,0.37167030572891235,-0.0299979317933321,0.5603951215744019,0.3053567111492157,-0.03942707180976868,0.5424652695655823,0.5658795833587646,-0.016572117805480957,0.5545002222061157,0.4433514475822449,-0.03546029329299927,0.5590144991874695,0.3545607328414917,-0.05084856599569321,0.5612874031066895,0.2727730870246887,-0.06083934009075165,0.5487101674079895,0.5832942128181458,-0.0347711481153965,0.5646690726280212,0.46476978063583374,-0.0516267754137516,0.5715947151184082,0.38638514280319214,-0.06171942502260208,0.574745237827301,0.3148438334465027,-0.06772023439407349,0.5642051100730896,0.609409511089325,-0.05257515609264374,0.5699461102485657,0.5269688367843628,-0.0653456449508667,0.5701626539230347,0.46609818935394287,-0.069654680788517,0.5703923106193542,0.41114285588264465,-0.07207979261875153,namaste
0.5378445982933044,0.6907504796981812,1.7771432681001897e-07,0.561005711555481,0.6093639731407166,0.012689114548265934,0.5751791596412659,0.5294510126113892,0.014092521741986275,0.5831554532051086,0.47261884808540344,0.01022087037563324,0.5900041460990906,0.4267292022705078,0.0056520127691328526,0.5692849159240723,0.48060354590415955,0.008651778101921082,0.5850417613983154,0.3888688087463379,-0.004001125227659941,0.5947978496551514,0.32430368661880493,-0.014320445246994495,0.6026420593261719,0.2715354859828949,-0.02170700393617153,0.566423773765564,0.48390164971351624,-0.008378298953175545,0.5828954577445984,0.37903934717178345,-0.020258810371160507,0.5945843458175659,0.3084859251976013,-0.030212828889489174,0.6039662957191467,0.24785363674163818,-0.037466924637556076,0.5668820738792419,0.49814140796661377,-0.025601433590054512,0.5820440053939819,0.39447900652885437,-0.03578221797943115,0.5918287634849548,0.3291357159614563,-0.04217233136296272,0.5979713797569275,0.27389949560165405,-0.04720882326364517,0.5729268193244934,0.5212481617927551,-0.04237503558397293,0.5803620219230652,0.4516712427139282,-0.05091536045074463,0.5832670331001282,0.4000546932220459,-0.05406651645898819,0.584916889667511,0.35484325885772705,-0.05665244162082672,namaste
0.5479638576507568,0.6573794484138489,4.242959050770878e-08,0.5728070735931396,0.5909466743469238,0.011944391764700413,0.587247908115387,0.5161957144737244,0.014744631014764309,0.5936866402626038,0.4587382972240448,0.013144678436219692,0.5971748232841492,0.4139794409275055,0.01078115589916706,0.5881919860839844,0.4637828767299652,0.0075732446275651455,0.5991877913475037,0.3800811171531677,-0.0026971339248120785,0.6035689115524292,0.3224363327026367,-0.01093644741922617,0.6056786775588989,0.27535998821258545,-0.017109833657741547,0.5843482613563538,0.4652892053127289,-0.007325559388846159,0.5972599387168884,0.36630913615226746,-0.01682787947356701,0.6044889688491821,0.3044564127922058,-0.024182014167308807,0.609217643737793,0.2527788281440735,-0.029729079455137253,0.579690158367157,0.47683918476104736,-0.022383807227015495,0.5920063257217407,0.3817741274833679,-0.03073921799659729,0.5986456274986267,0.3245201110839844,-0.035422228276729584,0.6022396683692932,0.2754666209220886,-0.03954355791211128,0.5765398740768433,0.49683815240859985,-0.036905355751514435,0.5849520564079285,0.4368884563446045,-0.045269083231687546,0.5874024033546448,0.39195868372917175,-0.048557866364717484,0.588051974773407,0.35175371170043945,-0.051225434988737106,namaste
0.5521901845932007,0.629197359085083,1.0495234903373785e-07,0.5760869979858398,0.5661546587944031,0.005257540848106146,0.5898492932319641,0.4953523576259613,0.0058405655436217785,0.5946532487869263,0.4409591257572174,0.003003463614732027,0.5978497266769409,0.3960532546043396,0.00016037127352319658,0.579314649105072,0.4468112587928772,0.005585136823356152,0.5896862149238586,0.3672897219657898,-0.005674405954778194,0.5958017706871033,0.31093311309814453,-0.014691920951008797,0.5993539094924927,0.2663743197917938,-0.02109505794942379,0.5749095678329468,0.44753867387771606,-0.005746826063841581,0.5875014662742615,0.3556870222091675,-0.01701393909752369,0.595674455165863,0.296761155128479,-0.02604757621884346,0.6015064120292664,0.24683649837970734,-0.032137300819158554,0.5727625489234924,0.4565996825695038,-0.017893748357892036,0.5837759971618652,0.36548787355422974,-0.02815854363143444,0.5906559824943542,0.3105599582195282,-0.03415192663669586,0.594520628452301,0.26442158222198486,-0.03808218985795975,0.5738853812217712,0.47265884280204773,-0.03007800132036209,0.5799236297607422,0.41164588928222656,-0.038261715322732925,0.5820889472961426,0.368084192276001,-0.041438259184360504,0.5833257436752319,0.32989469170570374,-0.04361099377274513,namaste
0.5433768033981323,0.6103177070617676,1.687418347273706e-07,0.5543908476829529,0.5393398404121399,0.006708159577101469,0.5649985671043396,0.4721132218837738,0.00587854627519846,0.5727267265319824,0.42316216230392456,0.0011648280778899789,0.579199492931366,0.38407471776008606,-0.0038230381906032562,0.5608809590339661,0.43769922852516174,0.0038132057525217533,0.5742226839065552,0.359526127576828,-0.009691396728157997,0.5832309722900391,0.3019132614135742,-0.02028309740126133,0.5903113484382629,0.2556278109550476,-0.027316713705658913,0.558907687664032,0.44051164388656616,-0.009084427729249,0.5736368298530579,0.35234788060188293,-0.022218400612473488,0.5832681059837341,0.28991732001304626,-0.032592158764600754,0.5911675691604614,0.23469841480255127,-0.03930509462952614,0.5614792108535767,0.449679970741272,-0.022421397268772125,0.5743515491485596,0.3627919554710388,-0.03355078026652336,0.5819596648216248,0.30594468116760254,-0.0398360900580883,0.5871466994285583,0.2559581995010376,-0.04364509508013725,0.5700975060462952,0.46488869190216064,-0.035737067461013794,0.5771750807762146,0.4042019248008728,-0.043527595698833466,0.5795872807502747,0.3615873456001282,-0.045777328312397,0.5816618204116821,0.32280564308166504,-0.04717198759317398,namaste
0.5348485112190247,0.641226589679718,1.7169729460420058e-07,0.5608914494514465,0.574481725692749,0.00689700385555625,0.5719736814498901,0.4971383213996887,0.008447572588920593,0.577375590801239,0.44445911049842834,0.005819751415401697,0.581798791885376,0.4016418755054474,0.002619566395878792,0.5531216263771057,0.456541508436203,0.007629378233104944,0.5676115155220032,0.37928250432014465,-0.004538336303085089,0.5770419836044312,0.3190000057220459,-0.015219899825751781,0.5835310220718384,0.270097553730011,-0.023005971685051918,0.5498467683792114,0.46067774295806885,-0.005276190582662821,0.5655680298805237,0.3707575500011444,-0.0180352833122015,0.5760747194290161,0.305569052696228,-0.029762258753180504,0.5841025114059448,0.24713781476020813,-0.03773219883441925,0.552510142326355,0.4720936417579651,-0.0188209880143404,0.5670778155326843,0.38283276557922363,-0.029857220128178596,0.5758748054504395,0.3220233917236328,-0.03792325407266617,0.5811833739280701,0.2699078619480133,-0.04318965971469879,0.562128484249115,0.48946699500083923,-0.032395269721746445,0.5700817704200745,0.42776837944984436,-0.040487878024578094,0.5739743709564209,0.3837617039680481,-0.04433126747608185,0.5771104097366333,0.34528905153274536,-0.047119464725255966,namaste
0.5299423933029175,0.6691408157348633,2.108736225636676e-07,0.5533746480941772,0.5988155603408813,0.002452863845974207,0.5635762810707092,0.5121548175811768,0.0018421540735289454,0.5676500797271729,0.4530058205127716,-0.0016195080243051052,0.5717310309410095,0.4031319320201874,-0.005362779833376408,0.5469532608985901,0.4707421064376831,0.0005955158267170191,0.5620997548103333,0.3870560824871063,-0.013736950233578682,0.5722658038139343,0.32578104734420776,-0.02523760497570038,0.5802958607673645,0.27585089206695557,-0.03319840133190155,0.545520544052124,0.4764591455459595,-0.010408562608063221,0.5640372037887573,0.3855057656764984,-0.02457166090607643,0.5761409401893616,0.3204283118247986,-0.03615530952811241,0.5864672660827637,0.25999465584754944,-0.04359094053506851,0.5496689081192017,0.49108144640922546,-0.022242700681090355,0.5653934478759766,0.4002034366130829,-0.03468704596161842,0.573981523513794,0.336914598941803,-0.042067643254995346,0.5801942944526672,0.2801068127155304,-0.04652025178074837,0.5599585175514221,0.5136435031890869,-0.034368447959423065,0.5679339170455933,0.4503183662891388,-0.04321609064936638,0.5707211494445801,0.40561577677726746,-0.04614086076617241,0.5730879902839661,0.3659805655479431,-0.047882452607154846,namaste
0.5310776233673096,0.6995519399642944,2.005180022024433e-07,0.5638646483421326,0.6353720426559448,-3.3464431908214465e-05,0.5729094743728638,0.5534939169883728,-0.0033852371852844954,0.5750153064727783,0.49726590514183044,-0.009611232206225395,0.57850581407547,0.446852445602417,-0.016239726915955544,0.5494616627693176,0.49790698289871216,-0.0040400056168437,0.5574535727500916,0.4129007160663605,-0.02011263743042946,0.5626250505447388,0.35267364978790283,-0.03244904801249504,0.5663599967956543,0.302842378616333,-0.04115457087755203,0.5437671542167664,0.5034436583518982,-0.015314893797039986,0.5576179623603821,0.41051870584487915,-0.03231102228164673,0.5704054832458496,0.3446625769138336,-0.04463620483875275,0.5818235874176025,0.28488725423812866,-0.05241318419575691,0.5426427721977234,0.5162960290908813,-0.027735408395528793,0.5528966784477234,0.4201356768608093,-0.043501537293195724,0.5610479116439819,0.3573281168937683,-0.051198504865169525,0.5677756667137146,0.30283305048942566,-0.05515829846262932,0.5486574172973633,0.5331175923347473,-0.04052991047501564,0.5531455278396606,0.46069517731666565,-0.052301663905382156,0.5568746328353882,0.40963783860206604,-0.05630194768309593,0.5609223246574402,0.3659994602203369,-0.05837331339716911,namaste
0.5424976348876953,0.7142165303230286,6.86570089669658e-08,0.5654622912406921,0.6497888565063477,0.000610172632150352,0.573978066444397,0.5712113380432129,-0.0007697386317886412,0.5727992057800293,0.5144249200820923,-0.0045533194206655025,0.5681685209274292,0.46841153502464294,-0.00851028598845005,0.5644112825393677,0.5217075943946838,0.0008467084262520075,0.5617710947990417,0.4395149350166321,-0.010513455606997013,0.5571578145027161,0.38438934087753296,-0.01950821280479431,0.5531525611877441,0.34041091799736023,-0.026220088824629784,0.5588415265083313,0.5251812934875488,-0.008805270306766033,0.5556613206863403,0.4352973699569702,-0.021056095138192177,0.5526418685913086,0.3749812841415405,-0.03164411336183548,0.5493753552436829,0.32239270210266113,-0.03902377560734749,0.5539597868919373,0.5377373695373535,-0.019497565925121307,0.5506552457809448,0.4492914080619812,-0.031195607036352158,0.5460725426673889,0.3918417692184448,-0.038990698754787445,0.5405058860778809,0.3431548774242401,-0.04429065063595772,0.5518603324890137,0.5564795136451721,-0.03042512573301792,0.5502369403839111,0.49733829498291016,-0.03985800966620445,0.5473202466964722,0.4564204216003418,-0.04426230490207672,0.543348491191864,0.4210013151168823,-0.04742636904120445,namaste
0.5389062762260437,0.7252980470657349,8.060330003445415e-08,0.5624357461929321,0.6636908650398254,0.0046331011690199375,0.5732579231262207,0.587769627571106,0.004206616897135973,0.5774741172790527,0.5358681678771973,0.000885932007804513,0.5760440826416016,0.49110615253448486,-0.0030140867456793785,0.5614669919013977,0.5398719310760498,-0.0011465445859357715,0.5656982064247131,0.4606814980506897,-0.013556458055973053,0.5663596391677856,0.4040531516075134,-0.023110000416636467,0.5657179355621338,0.35901474952697754,-0.03024282120168209,0.5571067333221436,0.5461952090263367,-0.012933592312037945,0.5591322779655457,0.4565184712409973,-0.026549533009529114,0.5579114556312561,0.3926657438278198,-0.038123853504657745,0.5547844767570496,0.3355906009674072,-0.04628864675760269,0.5553852319717407,0.5616189241409302,-0.024943124502897263,0.5576732158660889,0.47291600704193115,-0.03846736624836922,0.555046558380127,0.41430342197418213,-0.048132557421922684,0.5500863194465637,0.36288532614707947,-0.05459750443696976,0.5580855011940002,0.5838050842285156,-0.03648590296506882,0.5586894750595093,0.527622640132904,-0.04857632890343666,0.5562911033630371,0.48544245958328247,-0.05509058013558388,0.5524396896362305,0.4478067457675934,-0.05959757789969444,namaste
0.5361925959587097,0.7305541038513184,1.1093187168853547e-07,0.5559164881706238,0.6632095575332642,0.007159982807934284,0.5645090937614441,0.5817822217941284,0.006377809215337038,0.5683344006538391,0.5240116119384766,0.002329321810975671,0.5671205520629883,0.47577396035194397,-0.0027678522747009993,0.5603984594345093,0.5440266132354736,-0.005448135081678629,0.5712824463844299,0.4604291021823883,-0.019165515899658203,0.5773836374282837,0.40189844369888306,-0.029018791392445564,0.5818282961845398,0.35528573393821716,-0.03628125414252281,0.5568989515304565,0.5522845387458801,-0.01911637932062149,0.5623005032539368,0.4620427191257477,-0.033942725509405136,0.5617555379867554,0.3960821032524109,-0.04529530555009842,0.5595007538795471,0.3384386897087097,-0.05341113731265068,0.5561010837554932,0.5725920796394348,-0.03240680694580078,0.5614794492721558,0.4817403554916382,-0.04641476273536682,0.5600877404212952,0.42066243290901184,-0.055663201957941055,0.5571497082710266,0.3657822012901306,-0.062296316027641296,0.5589380264282227,0.6019408106803894,-0.044878095388412476,0.5619300603866577,0.5478159785270691,-0.057742320001125336,0.5604503750801086,0.5044853091239929,-0.06421710550785065,0.5582855343818665,0.46429961919784546,-0.06885186582803726,namaste
0.5390119552612305,0.7331004738807678,1.4923165281288675e-07,0.5622674822807312,0.6624552011489868,0.0068247090093791485,0.5723073482513428,0.5838363170623779,0.007170233875513077,0.5740405321121216,0.5256369113922119,0.004285709001123905,0.5720523595809937,0.47638678550720215,0.0007312045781873167,0.5616685152053833,0.549567461013794,0.00019976797921117395,0.5690969228744507,0.46749234199523926,-0.011508004739880562,0.5725202560424805,0.40985047817230225,-0.01999642886221409,0.5751143097877502,0.3640369176864624,-0.02622728981077671,0.5575240254402161,0.5569541454315186,-0.012466800399124622,0.5682839751243591,0.4650138318538666,-0.025143228471279144,0.5744413137435913,0.39856117963790894,-0.035721778869628906,0.5790050029754639,0.33974751830101013,-0.043176986277103424,0.5559624433517456,0.5738354325294495,-0.02516045607626438,0.5657642483711243,0.48431849479675293,-0.03718568757176399,0.5695676803588867,0.42232733964920044,-0.046105097979307175,0.5714334845542908,0.3677249550819397,-0.05252297967672348,0.5580577254295349,0.5988550782203674,-0.03721372038125992,0.5612049102783203,0.5463417172431946,-0.047795992344617844,0.561573326587677,0.5064735412597656,-0.05309441685676575,0.5609617829322815,0.4702414572238922,-0.05704618617892265,namaste
0.5349250435829163,0.7446166276931763,1.0523999804945561e-07,0.5611724853515625,0.6814452409744263,0.005898761563003063,0.5699499845504761,0.6049595475196838,0.006724187172949314,0.5736355781555176,0.5509784817695618,0.004090639762580395,0.5749115943908691,0.5062829256057739,0.0006133218412287533,0.5584643483161926,0.5601391196250916,-2.1376630684244446e-05,0.5680344104766846,0.4816495478153229,-0.012756310403347015,0.5722059607505798,0.42270946502685547,-0.02259722724556923,0.5750136971473694,0.37551772594451904,-0.029814286157488823,0.5543219447135925,0.5668526887893677,-0.012478549033403397,0.5620855689048767,0.4748380482196808,-0.026283102110028267,0.5651547908782959,0.40749412775039673,-0.03790149465203285,0.5668548345565796,0.34703874588012695,-0.045798707753419876,0.5542041659355164,0.5836144089698792,-0.025080818682909012,0.5621253848075867,0.49375683069229126,-0.03845829889178276,0.5634813904762268,0.4343491792678833,-0.048030637204647064,0.5624555349349976,0.38220471143722534,-0.05413838103413582,0.5590004920959473,0.6087538599967957,-0.037244610488414764,0.5625863671302795,0.5529159903526306,-0.0492842011153698,0.5618121027946472,0.5093082189559937,-0.05579451099038124,0.5601626634597778,0.4698898196220398,-0.060040440410375595,namaste
0.5342198610305786,0.7507514953613281,1.2808416727239091e-07,0.5615618824958801,0.6806045174598694,0.006150787230581045,0.5716567039489746,0.6006757616996765,0.006245770025998354,0.5761423707008362,0.542980432510376,0.002774756168946624,0.5778707265853882,0.4943278431892395,-0.0015296241035684943,0.5568615794181824,0.5606014728546143,-0.0014838016359135509,0.5675849318504333,0.47797536849975586,-0.015166073106229305,0.5721877217292786,0.4166830778121948,-0.02565327100455761,0.574700117111206,0.3673750162124634,-0.03329740837216377,0.5526214241981506,0.5690916776657104,-0.014745043590664864,0.5630382299423218,0.47545918822288513,-0.02966815046966076,0.5666844248771667,0.40474364161491394,-0.04212227091193199,0.5682861804962158,0.34229588508605957,-0.050610482692718506,0.5538144707679749,0.5881049036979675,-0.027979636564850807,0.5649886727333069,0.49710550904273987,-0.041871264576911926,0.5679343938827515,0.4352989196777344,-0.051502775400877,0.5686919689178467,0.3814234435558319,-0.05780574306845665,0.5609216690063477,0.615354597568512,-0.04078741744160652,0.5666049718856812,0.5604579448699951,-0.05307011306285858,0.5672718286514282,0.517910897731781,-0.05921574681997299,0.5676594376564026,0.4796118140220642,-0.06319798529148102,namaste
0.5323421955108643,0.7493927478790283,1.396228697103652e-07,0.5565879940986633,0.6818493008613586,0.00670613395050168,0.5667781829833984,0.6037607192993164,0.007856126874685287,0.5714786052703857,0.5485023856163025,0.005189234856516123,0.5735934972763062,0.500827968120575,0.0016207118751481175,0.5583212375640869,0.5625343322753906,0.0011660333257168531,0.5714590549468994,0.48138871788978577,-0.011898474767804146,0.5791730880737305,0.4202268123626709,-0.022170674055814743,0.5848439931869507,0.37058359384536743,-0.02956637181341648,0.5540176630020142,0.5683488845825195,-0.011852636933326721,0.5621631741523743,0.4771183431148529,-0.025564733892679214,0.5655298829078674,0.40753597021102905,-0.03744284063577652,0.5675103664398193,0.344399631023407,-0.04562883451581001,0.5542095303535461,0.583911120891571,-0.02499307692050934,0.5613805651664734,0.4960792064666748,-0.0378066785633564,0.5625087022781372,0.43542492389678955,-0.04689865931868553,0.5616421103477478,0.3817902207374573,-0.05286410078406334,0.5599511861801147,0.607491135597229,-0.0378352627158165,0.5631934404373169,0.5514105558395386,-0.049248918890953064,0.5624891519546509,0.5090079307556152,-0.05506667494773865,0.5614907145500183,0.47118544578552246,-0.05884287878870964,namaste
0.5280684232711792,0.7480868101119995,1.1519330200826516e-07,0.5486293435096741,0.6749568581581116,0.009643817320466042,0.5582823753356934,0.5977734923362732,0.011616365984082222,0.5628044605255127,0.5426062941551208,0.009259387850761414,0.565830409526825,0.494934618473053,0.006121184676885605,0.553031325340271,0.5635595321655273,0.004874120000749826,0.5662170648574829,0.4843563437461853,-0.00713454931974411,0.5737838745117188,0.42588353157043457,-0.016470957547426224,0.578213095664978,0.3777391314506531,-0.023180387914180756,0.5507276654243469,0.5693150162696838,-0.009157535620033741,0.56400066614151,0.47752833366394043,-0.021552342921495438,0.5706771612167358,0.41085830330848694,-0.03187168762087822,0.5744409561157227,0.35077130794525146,-0.03881021589040756,0.5522381663322449,0.5841646194458008,-0.023238178342580795,0.5629463195800781,0.49512773752212524,-0.03465988487005234,0.5667302012443542,0.43422526121139526,-0.04248799383640289,0.5673967599868774,0.38004568219184875,-0.04766887053847313,0.5586460828781128,0.6063457131385803,-0.03682851791381836,0.5656659007072449,0.5495044589042664,-0.04672252759337425,0.567331850528717,0.5063082575798035,-0.05165908485651016,0.567755401134491,0.46684202551841736,-0.05496792495250702,namaste
0.6127336025238037,0.6311600208282471,5.075893838579759e-08,0.6086997389793396,0.5636286735534668,0.0017274481942877173,0.5925575494766235,0.49563029408454895,-0.00023954091011546552,0.578685998916626,0.4429084360599518,-0.003677310887724161,0.5692458152770996,0.39793312549591064,-0.008515333756804466,0.594061017036438,0.4894549250602722,-0.01222489308565855,0.5802727341651917,0.43025240302085876,-0.0271470844745636,0.571727454662323,0.3866519331932068,-0.03746096044778824,0.5652041435241699,0.34880733489990234,-0.04506347328424454,0.5911809802055359,0.5042591691017151,-0.022005965933203697,0.5756257772445679,0.4382897615432739,-0.03636676073074341,0.567794680595398,0.39037227630615234,-0.04577674716711044,0.5625214576721191,0.34529760479927063,-0.05302732065320015,0.5874744653701782,0.5303971767425537,-0.031795620918273926,0.5719028115272522,0.46925920248031616,-0.046860188245773315,0.5653190612792969,0.42467641830444336,-0.054100941866636276,0.5616562962532043,0.38118624687194824,-0.05901395529508591,0.582514762878418,0.565903902053833,-0.04093935713171959,0.5691649317741394,0.5284079909324646,-0.05576511099934578,0.5625791549682617,0.4969645142555237,-0.061680372804403305,0.5584059357643127,0.4643956422805786,-0.06561986356973648,namaste
0.5156070590019226,0.742426872253418,8.750426161441283e-08,0.5377510786056519,0.6737868785858154,0.008991368114948273,0.5476691126823425,0.5989143252372742,0.010980358347296715,0.5516324639320374,0.5433164238929749,0.009621338918805122,0.5528631210327148,0.49691808223724365,0.0073951054364442825,0.5411911010742188,0.563292920589447,0.0004987892461940646,0.5513095855712891,0.4842626750469208,-0.011593389324843884,0.5546389818191528,0.42733272910118103,-0.020122189074754715,0.5552370548248291,0.38133469223976135,-0.02611481212079525,0.5379573702812195,0.5690659880638123,-0.012641039676964283,0.5486854910850525,0.4748510420322418,-0.025425666943192482,0.5541555881500244,0.4084728956222534,-0.034948136657476425,0.5572652220726013,0.3500489592552185,-0.04126834124326706,0.5364516377449036,0.5845673084259033,-0.025594457983970642,0.5461613535881042,0.4915491044521332,-0.03819785267114639,0.5509440302848816,0.4325432777404785,-0.04676666110754013,0.5526926517486572,0.38160061836242676,-0.05241125822067261,0.5382318496704102,0.6085159778594971,-0.037677738815546036,0.5418378710746765,0.5543976426124573,-0.05051543191075325,0.5412667393684387,0.5115088820457458,-0.057317472994327545,0.5400391817092896,0.47306355834007263,-0.06165087968111038,namaste
0.5111852884292603,0.752560555934906,8.609269741555181e-08,0.5343358516693115,0.6826115846633911,0.009507222101092339,0.5460473299026489,0.6078112125396729,0.012051831930875778,0.5520882606506348,0.5530661940574646,0.01096176914870739,0.553594708442688,0.5060353875160217,0.009169172495603561,0.5391173362731934,0.5684863328933716,0.0031215313356369734,0.5493555068969727,0.49060890078544617,-0.008899443782866001,0.5533596277236938,0.432573139667511,-0.017931979149580002,0.5554061532020569,0.38563239574432373,-0.02433772385120392,0.535009503364563,0.5740059018135071,-0.010340494103729725,0.545039713382721,0.48057541251182556,-0.023146698251366615,0.5505643486976624,0.4135418236255646,-0.03326229378581047,0.5539915561676025,0.35549670457839966,-0.04002995789051056,0.5334883332252502,0.5899224281311035,-0.023705238476395607,0.5414690971374512,0.4963843822479248,-0.03606884554028511,0.5453439354896545,0.43685269355773926,-0.04452546685934067,0.5468868017196655,0.38686490058898926,-0.050079651176929474,0.5357597470283508,0.6139493584632874,-0.03633483126759529,0.5385242104530334,0.5586780905723572,-0.04856553301215172,0.5386190414428711,0.5155514478683472,-0.05510275065898895,0.5384896397590637,0.47716715931892395,-0.05933661758899689,namaste
0.5141143798828125,0.7549426555633545,1.025295333079157e-07,0.5378193259239197,0.6920261383056641,0.00693157222121954,0.5503381490707397,0.6188983917236328,0.008043495006859303,0.5570003986358643,0.5645659565925598,0.006026376038789749,0.5584664940834045,0.5175870060920715,0.00297139142639935,0.5407038927078247,0.5738039612770081,-0.0016358881257474422,0.551743745803833,0.49596717953681946,-0.014922966249287128,0.5558807253837585,0.4373777508735657,-0.024671431630849838,0.5577492713928223,0.3899693191051483,-0.031634408980607986,0.5357204079627991,0.5789852142333984,-0.014622901566326618,0.5461062788963318,0.48543161153793335,-0.02884814143180847,0.5513553619384766,0.41834092140197754,-0.04007738456130028,0.5544826984405518,0.3579934239387512,-0.047502320259809494,0.5341450572013855,0.5957196950912476,-0.027386482805013657,0.5424856543540955,0.5019645690917969,-0.0416480116546154,0.545822262763977,0.4418507218360901,-0.050918981432914734,0.5470228791236877,0.38924747705459595,-0.05670490488409996,0.5376060009002686,0.6213257908821106,-0.039435625076293945,0.5404154658317566,0.5649346113204956,-0.05359620973467827,0.5408598780632019,0.5217117071151733,-0.06047876924276352,0.5414506196975708,0.4829179644584656,-0.06461771577596664,namaste
0.5186079740524292,0.7596209049224854,9.410953794031229e-08,0.545685350894928,0.6941059827804565,0.006081813480705023,0.5567123889923096,0.6169058680534363,0.007893445901572704,0.5599578022956848,0.5597293972969055,0.0065946998074650764,0.560153603553772,0.5121849179267883,0.004654357675462961,0.5467459559440613,0.5752261281013489,0.0010169745655730367,0.5544682145118713,0.49582749605178833,-0.011591680347919464,0.557536244392395,0.4357965588569641,-0.02115866355597973,0.558663547039032,0.387663334608078,-0.02799692004919052,0.542156994342804,0.5804260969161987,-0.011009900830686092,0.550378680229187,0.4872428774833679,-0.024380190297961235,0.5552472472190857,0.4194514751434326,-0.035241276025772095,0.5582374334335327,0.3598623275756836,-0.042497213929891586,0.5395844578742981,0.5956161022186279,-0.02321811579167843,0.5460560321807861,0.5043193697929382,-0.036268383264541626,0.5492963790893555,0.4449063539505005,-0.045201074331998825,0.5500485301017761,0.394390344619751,-0.05095916986465454,0.5404483079910278,0.6190475821495056,-0.03501567617058754,0.543041467666626,0.5647020936012268,-0.04774853214621544,0.5428897142410278,0.5218423008918762,-0.05448275804519653,0.5421220064163208,0.4843476712703705,-0.058777786791324615,namaste
0.5194770693778992,0.7608438730239868,7.534720225521596e-08,0.5405420660972595,0.6943180561065674,0.0076371473260223866,0.5509783029556274,0.6211845278739929,0.008310073986649513,0.5563768148422241,0.5670318007469177,0.00560084730386734,0.5574160814285278,0.5204115509986877,0.0019687244202941656,0.5477961301803589,0.5811554789543152,-0.0009188540279865265,0.5573794841766357,0.5020610690116882,-0.014591647312045097,0.5605249404907227,0.443053662776947,-0.024869130924344063,0.5616089701652527,0.3955692946910858,-0.0319489985704422,0.5434487462043762,0.5869272351264954,-0.01398139912635088,0.5524665713310242,0.49294495582580566,-0.02771688438951969,0.5567331314086914,0.4252362847328186,-0.03845483437180519,0.5590360164642334,0.3653504252433777,-0.045567553490400314,0.5417622923851013,0.6032206416130066,-0.0268638227134943,0.5493803024291992,0.5086051225662231,-0.03998001292347908,0.5524903535842896,0.44902199506759644,-0.04855979606509209,0.5535424947738647,0.3975062668323517,-0.05397113040089607,0.544118344783783,0.6284952759742737,-0.039100248366594315,0.5455227494239807,0.5718250274658203,-0.05160604789853096,0.5447104573249817,0.5273213982582092,-0.057684216648340225,0.5443271398544312,0.4876563847064972,-0.06138661876320839,namaste
0.5218454003334045,0.7563614845275879,9.267601086548893e-08,0.5405857563018799,0.6845282316207886,0.009177492931485176,0.5499861836433411,0.6081859469413757,0.010826073586940765,0.5544233322143555,0.5513479709625244,0.00900980830192566,0.5554900169372559,0.5047469139099121,0.006262485403567553,0.546273946762085,0.5742274522781372,0.0003178586484864354,0.5538724064826965,0.4920940101146698,-0.01217550877481699,0.5572237372398376,0.43397271633148193,-0.0210832841694355,0.5594290494918823,0.38765180110931396,-0.027214044705033302,0.5434476733207703,0.5815317034721375,-0.013065602630376816,0.5516002774238586,0.485903799533844,-0.025437943637371063,0.5571627616882324,0.41857320070266724,-0.03473765030503273,0.5615937113761902,0.35971599817276,-0.041076529771089554,0.5426433682441711,0.5990574955940247,-0.02628200128674507,0.5500775575637817,0.5066311955451965,-0.03823547437787056,0.5545685291290283,0.44796687364578247,-0.04637347534298897,0.5569150447845459,0.39731431007385254,-0.05190311744809151,0.5451842546463013,0.6259784698486328,-0.03871938958764076,0.5478841662406921,0.5712621212005615,-0.05052139237523079,0.5481109023094177,0.5287598371505737,-0.05655817687511444,0.5481684803962708,0.4905700087547302,-0.06055792421102524,namaste
0.5262895226478577,0.7538217306137085,1.7995998291553406e-07,0.5535299777984619,0.6912230253219604,0.0026846362743526697,0.5634424686431885,0.6165613532066345,0.0021924255415797234,0.5687754154205322,0.563575029373169,-0.0013073947047814727,0.5717453360557556,0.5184714794158936,-0.005353572312742472,0.5458847880363464,0.5650337338447571,0.0013073754962533712,0.5591052174568176,0.48889923095703125,-0.011458056047558784,0.5672225952148438,0.43323108553886414,-0.02246246486902237,0.5731374621391296,0.38655388355255127,-0.03040655143558979,0.5415682196617126,0.571592390537262,-0.00930686667561531,0.5539854168891907,0.48426803946495056,-0.022038206458091736,0.561434805393219,0.4207324683666229,-0.033468566834926605,0.5676409006118774,0.36223265528678894,-0.04103299230337143,0.542027473449707,0.5889708995819092,-0.02053244225680828,0.5546030402183533,0.5040859580039978,-0.032954566180706024,0.5600647330284119,0.4483020305633545,-0.04081198200583458,0.5636764764785767,0.39763227105140686,-0.0454697385430336,0.5480020642280579,0.615791916847229,-0.03182929754257202,0.555576741695404,0.5637252330780029,-0.04226778447628021,0.5585795640945435,0.525895357131958,-0.04621249809861183,0.5612674355506897,0.49169960618019104,-0.04825778305530548,namaste
0.5263110399246216,0.7470541000366211,1.5567306377306522e-07,0.5560687184333801,0.6815488338470459,0.006575495935976505,0.5644630789756775,0.6031019687652588,0.006698535289615393,0.5697839260101318,0.5504016876220703,0.003260880708694458,0.573439359664917,0.5071089267730713,-0.0010614702478051186,0.5456461310386658,0.55669105052948,0.0007621836848556995,0.5571857690811157,0.48329317569732666,-0.010675899684429169,0.561897337436676,0.4293042719364166,-0.01993624120950699,0.5645754933357239,0.38490569591522217,-0.027268603444099426,0.5414482951164246,0.5675392746925354,-0.012344248592853546,0.5561478734016418,0.4830954372882843,-0.024775158613920212,0.5645975470542908,0.42185425758361816,-0.035542309284210205,0.5711789131164551,0.36471134424209595,-0.04339039698243141,0.5417705178260803,0.5878833532333374,-0.02563406713306904,0.5549508333206177,0.5028267502784729,-0.038121458142995834,0.5604977011680603,0.44559577107429504,-0.04662005230784416,0.5636175274848938,0.3932616114616394,-0.05252218246459961,0.5485481023788452,0.61467045545578,-0.03848342224955559,0.5568568706512451,0.5586308836936951,-0.04907176271080971,0.5600160360336304,0.5170361399650574,-0.05405645817518234,0.5623384118080139,0.4794067144393921,-0.05771615728735924,namaste
0.5404187440872192,0.7469648718833923,1.3697287215563847e-07,0.5663281679153442,0.6840171813964844,0.004274649079889059,0.5730308294296265,0.6040000915527344,0.005573976319283247,0.5748447775840759,0.5457636117935181,0.0036513733211904764,0.5767003297805786,0.4999242126941681,0.0010200829710811377,0.5617769956588745,0.5657870173454285,0.0034173030871897936,0.566637396812439,0.4923143684864044,-0.00683194026350975,0.5694339871406555,0.439031720161438,-0.015009150840342045,0.5716931819915771,0.39610058069229126,-0.02130228281021118,0.5565241575241089,0.5720165967941284,-0.007758967112749815,0.5667723417282104,0.48696672916412354,-0.018960915505886078,0.5752773284912109,0.42693471908569336,-0.0285024456679821,0.5822906494140625,0.3734624981880188,-0.03510957583785057,0.5533969402313232,0.586860716342926,-0.019730450585484505,0.561049222946167,0.5008077621459961,-0.031313467770814896,0.5647600889205933,0.44539570808410645,-0.0391051322221756,0.566641092300415,0.3977833390235901,-0.04407928138971329,0.5546501278877258,0.6071570515632629,-0.031614720821380615,0.5587878227233887,0.5470992922782898,-0.041472285985946655,0.5609429478645325,0.5048719644546509,-0.04649306461215019,0.5628570914268494,0.467586874961853,-0.04997050762176514,namaste
0.5493549108505249,0.7547405958175659,1.970404355233768e-07,0.5778422355651855,0.6884866952896118,0.008965999819338322,0.5865975618362427,0.6124233603477478,0.009947789832949638,0.591695249080658,0.5579960346221924,0.006642694119364023,0.5959831476211548,0.5138197541236877,0.002527232514694333,0.5676239132881165,0.5683450698852539,0.0025888646487146616,0.5761085748672485,0.48541635274887085,-0.008192682638764381,0.5823824405670166,0.42856431007385254,-0.01569296047091484,0.5878623723983765,0.38397470116615295,-0.021385949105024338,0.5632150769233704,0.5744386911392212,-0.011558079160749912,0.5818110108375549,0.4765157699584961,-0.023914940655231476,0.5973539352416992,0.4112614691257477,-0.03347216546535492,0.6103752255439758,0.3560448884963989,-0.03979935497045517,0.5627914667129517,0.5888752341270447,-0.025840170681476593,0.5731824636459351,0.4924470782279968,-0.03790449723601341,0.5803197026252747,0.43289434909820557,-0.04679521173238754,0.5858209729194641,0.38403499126434326,-0.052698343992233276,0.5687040090560913,0.6095858812332153,-0.03950247913599014,0.5738220810890198,0.5475382804870605,-0.04952475056052208,0.57636559009552,0.5051613450050354,-0.055086757987737656,0.578697681427002,0.4677186608314514,-0.059157561510801315,namaste
0.5476726293563843,0.7589690685272217,1.8473018315035006e-07,0.5851083397865295,0.6934349536895752,0.006260495167225599,0.5986137986183167,0.6139163970947266,0.005627220496535301,0.6092231273651123,0.5581517815589905,0.001069272286258638,0.6171087622642517,0.5089743137359619,-0.0045043230056762695,0.5754989981651306,0.5626285076141357,-0.000579897197894752,0.5877624750137329,0.47917822003364563,-0.013244322501122952,0.5973080992698669,0.4227072596549988,-0.022667348384857178,0.6057995557785034,0.3771773874759674,-0.029944071546196938,0.5683613419532776,0.5709850192070007,-0.014717232435941696,0.5849000215530396,0.4753343462944031,-0.027955027297139168,0.5986142158508301,0.4120710492134094,-0.039340756833553314,0.6099258661270142,0.35642775893211365,-0.047667570412158966,0.5654447674751282,0.5905796885490417,-0.029226327314972878,0.5751487612724304,0.4945642948150635,-0.042960528284311295,0.5816549062728882,0.4346305727958679,-0.053040921688079834,0.5856279134750366,0.38436388969421387,-0.06016294285655022,0.569430410861969,0.6178268790245056,-0.04325469210743904,0.574931263923645,0.5545738935470581,-0.05511922016739845,0.5775583982467651,0.5099297165870667,-0.061599574983119965,0.5791913270950317,0.4709027409553528,-0.06666085124015808,namaste
0.548220694065094,0.7583022117614746,6.597380064476965e-08,0.5793332457542419,0.6959413886070251,0.008210142143070698,0.58793044090271,0.6172342896461487,0.009899897500872612,0.5910391807556152,0.5623260736465454,0.0071829319931566715,0.5941879749298096,0.5183731317520142,0.004031089134514332,0.5732805728912354,0.5724616050720215,0.007473414298146963,0.5781217813491821,0.49317464232444763,-0.0018724040128290653,0.580894947052002,0.44078975915908813,-0.009581035003066063,0.583484411239624,0.39907312393188477,-0.015692107379436493,0.5664381384849548,0.5786611437797546,-0.0063299271278083324,0.5736560225486755,0.4865354299545288,-0.01681198552250862,0.5784682631492615,0.42693114280700684,-0.026127243414521217,0.5816993117332458,0.3760547339916229,-0.03283124417066574,0.5643264651298523,0.5925775766372681,-0.020767970010638237,0.5725439190864563,0.5002795457839966,-0.030417868867516518,0.577099621295929,0.4438350796699524,-0.03736044093966484,0.5794244408607483,0.3965303301811218,-0.04248447343707085,0.5681889653205872,0.6110833287239075,-0.03504021838307381,0.5739566087722778,0.5474923253059387,-0.042588986456394196,0.5763188004493713,0.5027936697006226,-0.046602942049503326,0.5779042840003967,0.4638752341270447,-0.05001377314329147,namaste
0.5505527853965759,0.7527105808258057,7.906339760666015e-08,0.579462468624115,0.6962764859199524,0.00710570253431797,0.5843221545219421,0.617713987827301,0.008347875438630581,0.5848432183265686,0.5627234578132629,0.005400452297180891,0.5876424908638,0.5197007060050964,0.0017150164349004626,0.5716333985328674,0.5734982490539551,0.004330834373831749,0.5765314698219299,0.4948074519634247,-0.005707515403628349,0.578513503074646,0.44124746322631836,-0.013684137724339962,0.5798669457435608,0.3990069627761841,-0.01990867219865322,0.5654969811439514,0.5788151025772095,-0.00923839583992958,0.5728278756141663,0.48591822385787964,-0.020526492968201637,0.5768005847930908,0.42232710123062134,-0.030538907274603844,0.5790589451789856,0.3682193458080292,-0.037629254162311554,0.5648152828216553,0.5924258828163147,-0.023290423676371574,0.5741338133811951,0.5005017518997192,-0.03365901857614517,0.5785006284713745,0.442716121673584,-0.041981905698776245,0.5806832313537598,0.3944026827812195,-0.04797588661313057,0.5706174373626709,0.6108528971672058,-0.03713464364409447,0.5759515166282654,0.5483380556106567,-0.045614298433065414,0.5778757929801941,0.5030626058578491,-0.05060502886772156,0.5797370076179504,0.46388107538223267,-0.05459043011069298,namaste
0.5527357459068298,0.7453959584236145,7.540136692796295e-08,0.5712288618087769,0.6813218593597412,0.00938175804913044,0.5763688683509827,0.6046773195266724,0.011348459869623184,0.5791105031967163,0.5505790710449219,0.008931775577366352,0.5826037526130676,0.5078620314598083,0.005788342095911503,0.5695034861564636,0.5753101706504822,0.005428047385066748,0.576922595500946,0.4988551139831543,-0.004596563056111336,0.5805052518844604,0.44637012481689453,-0.012311501428484917,0.583436131477356,0.40366220474243164,-0.018000608310103416,0.5677006244659424,0.5805562734603882,-0.008081771433353424,0.575670599937439,0.4925945997238159,-0.018710047006607056,0.5807341933250427,0.43394237756729126,-0.027041619643568993,0.5841817855834961,0.3832379877567291,-0.03263349458575249,0.5711691975593567,0.5939429998397827,-0.02175835147500038,0.579987108707428,0.5050023198127747,-0.031252287328243256,0.5841671228408813,0.4503780007362366,-0.03704208880662918,0.586505651473999,0.4035806953907013,-0.04083690792322159,0.5811067223548889,0.6124736666679382,-0.035052210092544556,0.5861140489578247,0.5506649017333984,-0.042168136686086655,0.5881452560424805,0.5077789425849915,-0.044995762407779694,0.5898628234863281,0.4698461890220642,-0.04708237946033478,namaste
0.552990734577179,0.7434350848197937,9.788943344801737e-08,0.5645269155502319,0.6796985864639282,0.010593883693218231,0.5697344541549683,0.607452929019928,0.01265141274780035,0.5748395323753357,0.5580740571022034,0.009912445209920406,0.579694926738739,0.5208098888397217,0.00621834909543395,0.5636060833930969,0.5802692174911499,0.006297450978308916,0.572065532207489,0.5036330223083496,-0.0041886549443006516,0.5772199034690857,0.4501149654388428,-0.01214577816426754,0.5817427039146423,0.40765661001205444,-0.017832614481449127,0.5646696090698242,0.5830955505371094,-0.008039478212594986,0.5733804702758789,0.4927501976490021,-0.01944471336901188,0.5795171856880188,0.4321407079696655,-0.028599023818969727,0.5838406682014465,0.3808886408805847,-0.03435454145073891,0.571799099445343,0.5940554141998291,-0.0223590936511755,0.5800948739051819,0.5022413730621338,-0.03235367313027382,0.5844468474388123,0.44695937633514404,-0.03881428390741348,0.586970329284668,0.40093374252319336,-0.04272634536027908,0.5860030055046082,0.6100966334342957,-0.03619370236992836,0.590527355670929,0.5486811995506287,-0.04368513822555542,0.5914508104324341,0.5054365992546082,-0.046858105808496475,0.5924135446548462,0.46699258685112,-0.04889716953039169,namaste
0.5537381768226624,0.7370460033416748,1.3318468461420707e-07,0.5620174407958984,0.6698706746101379,0.008186460472643375,0.5696373581886292,0.5984557867050171,0.007396125700324774,0.5801055431365967,0.5488575100898743,0.0027053235098719597,0.586707353591919,0.5098229050636292,-0.0033714021556079388,0.5627503395080566,0.5720468759536743,-0.004582302179187536,0.5725641846656799,0.4903213381767273,-0.017968231812119484,0.5776910185813904,0.43506520986557007,-0.026654671877622604,0.5819300413131714,0.39024317264556885,-0.03252067789435387,0.5637650489807129,0.578643798828125,-0.01875957101583481,0.5740088820457458,0.48494622111320496,-0.03312145173549652,0.580157995223999,0.42158013582229614,-0.043010953813791275,0.584753692150116,0.3668380081653595,-0.049157172441482544,0.5709475874900818,0.596190869808197,-0.03246583789587021,0.5813040733337402,0.50236576795578,-0.045983441174030304,0.5874840617179871,0.44490915536880493,-0.054412875324487686,0.591508150100708,0.39620745182037354,-0.059354063123464584,0.5854156017303467,0.6212966442108154,-0.04539715498685837,0.5928604602813721,0.5598776340484619,-0.056918665766716,0.5958200693130493,0.5150235891342163,-0.06232960894703865,0.5988667011260986,0.47448626160621643,-0.06557457894086838,namaste
0.558596134185791,0.7325511574745178,1.385973007472785e-07,0.5643620491027832,0.6705980896949768,0.005995996296405792,0.5692219734191895,0.6001020073890686,0.005782036576420069,0.5780941843986511,0.5495036244392395,0.0018447298789396882,0.5836114287376404,0.5102941393852234,-0.0032279216684401035,0.5651635527610779,0.5632878541946411,-0.00023344952205661684,0.572819173336029,0.48424050211906433,-0.013137024827301502,0.5774478912353516,0.42756104469299316,-0.02289101667702198,0.5814918279647827,0.381801038980484,-0.029624387621879578,0.567935049533844,0.5663636922836304,-0.013003946281969547,0.5748412609100342,0.47602927684783936,-0.02625802718102932,0.5794942378997803,0.4118332862854004,-0.03652060031890869,0.5832954049110413,0.3560088872909546,-0.04304615035653114,0.5758960247039795,0.5800617337226868,-0.025943798944354057,0.5840173363685608,0.4922216534614563,-0.03820851817727089,0.5885234475135803,0.4372769594192505,-0.04594900831580162,0.591541588306427,0.39081794023513794,-0.05047772079706192,0.589726984500885,0.6024760603904724,-0.03866106644272804,0.5953273773193359,0.5449909567832947,-0.04870975762605667,0.5974563360214233,0.5048834085464478,-0.052880629897117615,0.6002455353736877,0.46893152594566345,-0.05522450432181358,namaste
0.5558990240097046,0.7442964315414429,1.8258974421314633e-07,0.5611615777015686,0.6764640212059021,0.005136923398822546,0.5691735744476318,0.6039780974388123,0.0034936172887682915,0.58164381980896,0.5528542399406433,-0.0016026130178943276,0.5894763469696045,0.5152381658554077,-0.008050165139138699,0.5677737593650818,0.5743046998977661,-0.005735389888286591,0.5799106359481812,0.4925309717655182,-0.020814042538404465,0.5867397785186768,0.4344707131385803,-0.03158542513847351,0.5928252339363098,0.3866347670555115,-0.038865212351083755,0.5690281391143799,0.5804157853126526,-0.01887873187661171,0.5795446634292603,0.4855554699897766,-0.03462528437376022,0.5865035653114319,0.4158315062522888,-0.04635612294077873,0.5929754376411438,0.3535047471523285,-0.05379386246204376,0.5761092305183411,0.5981658697128296,-0.03188151866197586,0.5866183042526245,0.5060417056083679,-0.04675348103046417,0.5927412509918213,0.4455476999282837,-0.0566529780626297,0.5969456434249878,0.3937864303588867,-0.06240996718406677,0.5904683470726013,0.6255181431770325,-0.04446635767817497,0.5987172722816467,0.5661059617996216,-0.05691037327051163,0.6015499234199524,0.521947979927063,-0.06281768530607224,0.6046998500823975,0.48131871223449707,-0.06629637628793716,namaste
0.5572640299797058,0.7400131821632385,1.626326309178694e-07,0.5609744787216187,0.6701796054840088,0.0053366245701909065,0.568222165107727,0.5962209701538086,0.004635567311197519,0.579855740070343,0.5428808927536011,0.000537497631739825,0.5866599678993225,0.5047662854194641,-0.004608436021953821,0.5671294927597046,0.5675394535064697,-0.0025166769046336412,0.5785998106002808,0.4852373003959656,-0.01605907641351223,0.5845572352409363,0.4268101453781128,-0.026071878150105476,0.5893742442131042,0.37948542833328247,-0.0328175388276577,0.5696069002151489,0.574064314365387,-0.0150386281311512,0.5794664025306702,0.4814211130142212,-0.028578516095876694,0.5849995017051697,0.4139057993888855,-0.03916581720113754,0.5899757742881775,0.35368141531944275,-0.04585257172584534,0.5773757696151733,0.5907221436500549,-0.02752794325351715,0.5871240496635437,0.49969229102134705,-0.04018615558743477,0.592649519443512,0.4420067369937897,-0.048475682735443115,0.5968073606491089,0.3922308087348938,-0.05337783694267273,0.591598629951477,0.6169793605804443,-0.03974846005439758,0.597346842288971,0.5605016946792603,-0.050333984196186066,0.598543643951416,0.5206118822097778,-0.05457279458642006,0.6004576086997986,0.48436012864112854,-0.05681753531098366,namaste
0.5544053316116333,0.7415581941604614,1.5510923390138487e-07,0.5599589943885803,0.6679456830024719,0.006464693229645491,0.5670613050460815,0.5943979620933533,0.005410420708358288,0.5767855048179626,0.5411108136177063,0.000711386208422482,0.5829412937164307,0.4997638761997223,-0.005191898439079523,0.5668132305145264,0.568149209022522,-0.004322766792029142,0.5772526860237122,0.48293524980545044,-0.018928920850157738,0.5837408304214478,0.4237492084503174,-0.0290521252900362,0.5895337462425232,0.3757893741130829,-0.03574417531490326,0.5682527422904968,0.575996994972229,-0.017759378999471664,0.5790213942527771,0.4810597598552704,-0.032590143382549286,0.5863681435585022,0.4129292368888855,-0.04336578771471977,0.5930965542793274,0.35287654399871826,-0.05012676119804382,0.5749551057815552,0.5944228768348694,-0.031043773517012596,0.5849791169166565,0.501954972743988,-0.0446929931640625,0.5912553668022156,0.44212883710861206,-0.05350206047296524,0.595975935459137,0.3910926580429077,-0.05863719433546066,0.5882201194763184,0.6215803623199463,-0.04388675466179848,0.5941670536994934,0.5616244077682495,-0.05556444078683853,0.5953969359397888,0.5174288749694824,-0.06094418838620186,0.5969358086585999,0.47745615243911743,-0.06397140026092529,namaste
0.6674419641494751,0.6905145645141602,1.5793915508766077e-07,0.6717973947525024,0.6302814483642578,0.006227242294698954,0.6637716293334961,0.5625454783439636,0.005434915889054537,0.655845582485199,0.5104957222938538,0.003528556087985635,0.6476518511772156,0.47319281101226807,-0.0004934834432788193,0.6700227856636047,0.5493555068969727,-0.015814967453479767,0.6565045714378357,0.47956088185310364,-0.02901988849043846,0.6491127014160156,0.4266861081123352,-0.03789455071091652,0.64402174949646,0.3811745047569275,-0.04414614289999008,0.6654472351074219,0.5628958940505981,-0.026211829856038094,0.6491436958312988,0.4805104434490204,-0.03850533813238144,0.6391043066978455,0.41804736852645874,-0.046926867216825485,0.632543683052063,0.36068451404571533,-0.053701482713222504,0.6554427146911621,0.5849066376686096,-0.03500102832913399,0.6406689286231995,0.5058841109275818,-0.046479955315589905,0.6313692927360535,0.45055389404296875,-0.05359704792499542,0.6267227530479431,0.4038398861885071,-0.05881188437342644,0.6408069729804993,0.6136088371276855,-0.042505934834480286,0.629132866859436,0.5595806241035461,-0.055596206337213516,0.6237104535102844,0.5199313163757324,-0.06198185309767723,0.6208412051200867,0.4839460551738739,-0.06606915593147278,namaste
0.5547935366630554,0.7387201189994812,1.6052125317855825e-07,0.5647470355033875,0.6681994795799255,0.00578477093949914,0.5739177465438843,0.595038115978241,0.004782670643180609,0.5844544172286987,0.5421260595321655,0.00047618846292607486,0.590141236782074,0.5014070272445679,-0.0050538284704089165,0.570907473564148,0.5649693608283997,-0.004804573021829128,0.5811924338340759,0.4829264283180237,-0.01911994256079197,0.586636483669281,0.4220789968967438,-0.0293563362210989,0.5910987854003906,0.3729816973209381,-0.03634324297308922,0.5714472532272339,0.572555661201477,-0.01771775260567665,0.5826625227928162,0.4801197350025177,-0.03199733421206474,0.5895911455154419,0.4117235243320465,-0.042614273726940155,0.5956157445907593,0.35019123554229736,-0.04956695809960365,0.5766651034355164,0.59084153175354,-0.030497616156935692,0.5877270102500916,0.5007691383361816,-0.04358680173754692,0.594218909740448,0.44235479831695557,-0.05193706601858139,0.5984655022621155,0.3921123743057251,-0.057043321430683136,0.5875214338302612,0.6184475421905518,-0.04294293373823166,0.5941497683525085,0.5616247057914734,-0.05422404780983925,0.5963743329048157,0.5194828510284424,-0.05945632979273796,0.5988063216209412,0.4812893867492676,-0.06265492737293243,namaste
0.5611854195594788,0.7424885630607605,1.4014717919508257e-07,0.57371985912323,0.6738090515136719,0.006189052481204271,0.5835724472999573,0.5989149212837219,0.006272001191973686,0.5932809114456177,0.5447012186050415,0.0028917400632053614,0.5986830592155457,0.5027809739112854,-0.0016649558674544096,0.5810202360153198,0.5649843215942383,-0.002449930179864168,0.5920462012290955,0.48337283730506897,-0.01596909761428833,0.5979995131492615,0.4223148822784424,-0.026148343458771706,0.602741003036499,0.37284529209136963,-0.033243577927351,0.5799387693405151,0.5721604228019714,-0.015522828325629234,0.5887892246246338,0.4819169342517853,-0.02923394739627838,0.5939406752586365,0.4142574667930603,-0.04037715867161751,0.5982583165168762,0.3533703684806824,-0.04768872633576393,0.5835829973220825,0.5900313258171082,-0.02846662327647209,0.5918242335319519,0.500355064868927,-0.04149070382118225,0.5972557663917542,0.44169241189956665,-0.0504988431930542,0.6012381315231323,0.3902082145214081,-0.05604632571339607,0.59307861328125,0.617178201675415,-0.04102734103798866,0.5983178615570068,0.5600415468215942,-0.05234602838754654,0.6001265645027161,0.5192856788635254,-0.057528167963027954,0.6027273535728455,0.48274919390678406,-0.06062693148851395,namaste
0.5631667971611023,0.7509894967079163,1.2755901934724534e-07,0.5794054269790649,0.6880718469619751,0.005999639630317688,0.5883000493049622,0.6140514612197876,0.006405934225767851,0.5968919396400452,0.5592415928840637,0.0032807625830173492,0.6014019250869751,0.5173180103302002,-0.0011790734715759754,0.5856712460517883,0.5760757327079773,-0.0023376536555588245,0.5966441631317139,0.4930778443813324,-0.016029926016926765,0.6031152606010437,0.4309271574020386,-0.02641981840133667,0.6084483861923218,0.3818322420120239,-0.033694930374622345,0.5831882357597351,0.5822821855545044,-0.01537523977458477,0.5914959907531738,0.4879538416862488,-0.029759731143712997,0.5971366763114929,0.41843146085739136,-0.04148541018366814,0.601760983467102,0.35680091381073,-0.049184270203113556,0.5852426886558533,0.5986814498901367,-0.028389448300004005,0.5934178829193115,0.5053636431694031,-0.04222363233566284,0.5989990234375,0.4453260898590088,-0.05219333991408348,0.6028862595558167,0.393670916557312,-0.058342307806015015,0.5927510261535645,0.6234554052352905,-0.04100092872977257,0.5975567102432251,0.5655246376991272,-0.053451698273420334,0.5994184613227844,0.5229987502098083,-0.060014352202415466,0.6018397808074951,0.4852517247200012,-0.06410685181617737,namaste
0.5580211877822876,0.7550584673881531,1.240326241713774e-07,0.5785706043243408,0.6954699754714966,0.004668565467000008,0.5889579653739929,0.6219823360443115,0.0044379024766385555,0.5968724489212036,0.5671175718307495,0.0009057240677066147,0.601173996925354,0.5250712037086487,-0.0039441888220608234,0.583865761756897,0.5794503092765808,-0.0028893237467855215,0.5931643843650818,0.49446630477905273,-0.0165468230843544,0.5992112755775452,0.4320329427719116,-0.027143040671944618,0.6041906476020813,0.3835031986236572,-0.03444485738873482,0.5809585452079773,0.5845049619674683,-0.015146704390645027,0.5886902213096619,0.4879349172115326,-0.028929024934768677,0.5948789119720459,0.41764986515045166,-0.040573108941316605,0.5999944806098938,0.3568647503852844,-0.04828617349267006,0.5818707346916199,0.6008445620536804,-0.027512744069099426,0.5909455418586731,0.5062354803085327,-0.04061362147331238,0.5984899997711182,0.44532835483551025,-0.0503854900598526,0.6039012670516968,0.39449989795684814,-0.056522268801927567,0.58700031042099,0.6267279386520386,-0.039583321660757065,0.5923380851745605,0.5679553151130676,-0.05126320570707321,0.5958102345466614,0.5245463252067566,-0.057254817336797714,0.5996497273445129,0.48685795068740845,-0.060961805284023285,namaste
0.5594226121902466,0.7469512820243835,1.4731990916061477e-07,0.5806113481521606,0.6817805171012878,0.004051130264997482,0.5904719233512878,0.6076484322547913,0.004184572957456112,0.5972203016281128,0.5521597266197205,0.001186627196148038,0.599564254283905,0.5095365047454834,-0.002627295907586813,0.5797643661499023,0.565679132938385,-0.00014362532238010317,0.5889484286308289,0.486511766910553,-0.012802827171981335,0.5941151976585388,0.42696452140808105,-0.02299845591187477,0.5980747938156128,0.3798826336860657,-0.03014969825744629,0.5767133235931396,0.572644829750061,-0.011768879368901253,0.5855880379676819,0.4833912253379822,-0.024463025853037834,0.5914227366447449,0.4166720509529114,-0.035302672535181046,0.596828043460846,0.35694169998168945,-0.04240256920456886,0.578301727771759,0.5899838805198669,-0.023758066818118095,0.5884202718734741,0.502669095993042,-0.0363108366727829,0.593725860118866,0.4441028833389282,-0.044835153967142105,0.5973227024078369,0.3938140273094177,-0.049914274364709854,0.5856032967567444,0.6170293092727661,-0.035635728389024734,0.5930340886116028,0.5622074604034424,-0.046571340411901474,0.5957274436950684,0.5218144059181213,-0.05128750950098038,0.5981839895248413,0.48644015192985535,-0.053896788507699966,namaste
0.5606263875961304,0.7472546696662903,1.6302794847433688e-07,0.5911122560501099,0.6865482330322266,0.004223060794174671,0.6022244095802307,0.6141393780708313,0.004605046473443508,0.6072729229927063,0.5596796274185181,0.0018289987929165363,0.6082043647766113,0.5154824256896973,-0.0018791301408782601,0.5832158327102661,0.5635308027267456,-0.0006806259625591338,0.5944362282752991,0.4863659143447876,-0.01301575731486082,0.6011537313461304,0.429243803024292,-0.023157591000199318,0.6063498854637146,0.38275933265686035,-0.03055071458220482,0.5768487453460693,0.5709152221679688,-0.012408879585564137,0.5860456824302673,0.479828417301178,-0.025029130280017853,0.5918071269989014,0.4128255248069763,-0.0363260842859745,0.5966525077819824,0.3527289032936096,-0.04418018460273743,0.5753069519996643,0.5894433856010437,-0.02442728355526924,0.58598393201828,0.5002084970474243,-0.03753681853413582,0.5920597910881042,0.44223225116729736,-0.04727891832590103,0.595936119556427,0.3928719162940979,-0.053533315658569336,0.5797688961029053,0.6174383163452148,-0.03619882091879845,0.5876786708831787,0.5638557076454163,-0.048367939889431,0.5909018516540527,0.5233112573623657,-0.054632507264614105,0.5931984782218933,0.4875471293926239,-0.058581385761499405,namaste
0.5602037906646729,0.7390815615653992,1.578448660666254e-07,0.581347644329071,0.6720524430274963,0.005905412137508392,0.5909671783447266,0.5964984893798828,0.006328277755528688,0.5979848504066467,0.5414983034133911,0.0035131308250129223,0.6001322269439697,0.49869245290756226,-0.0004718958225566894,0.5795843601226807,0.5591810941696167,-0.002023209584876895,0.5919245481491089,0.4817851781845093,-0.014935487881302834,0.5981715321540833,0.42398959398269653,-0.024995040148496628,0.6024348735809326,0.37746599316596985,-0.032322242856025696,0.5759628415107727,0.5670464038848877,-0.014871105551719666,0.5874292850494385,0.4770936369895935,-0.028357254341244698,0.5932527184486389,0.4100554585456848,-0.03998878225684166,0.5974688529968262,0.3489649295806885,-0.047922518104314804,0.577471137046814,0.5859005451202393,-0.02759823203086853,0.5878807902336121,0.49640345573425293,-0.04105273634195328,0.5926637649536133,0.4374956488609314,-0.050627101212739944,0.5953980684280396,0.3855479955673218,-0.05679525434970856,0.5852426290512085,0.6142932772636414,-0.03981828689575195,0.5917145609855652,0.5608143210411072,-0.05202564597129822,0.5934385061264038,0.5217571258544922,-0.05763830244541168,0.5951368808746338,0.486546128988266,-0.06117868050932884,namaste
0.563772976398468,0.7463264465332031,1.3174481239275337e-07,0.5884861350059509,0.6828099489212036,0.004811735358089209,0.6001690626144409,0.6100813746452332,0.006031975615769625,0.6070827841758728,0.5550664067268372,0.004101871512830257,0.609535276889801,0.5111876130104065,0.0011051908368244767,0.5891854763031006,0.5639029145240784,0.0004168617306277156,0.6016586422920227,0.487087607383728,-0.012247113510966301,0.6091769337654114,0.42939871549606323,-0.02268397994339466,0.6148781180381775,0.3821113407611847,-0.030262643471360207,0.5837366580963135,0.5713460445404053,-0.01156151108443737,0.5929136872291565,0.4827590882778168,-0.024662194773554802,0.5988135933876038,0.41669607162475586,-0.03652355819940567,0.603635847568512,0.35629960894584656,-0.044521696865558624,0.5826101899147034,0.591044545173645,-0.023780575022101402,0.5910188555717468,0.5058638453483582,-0.037454742938280106,0.5957778692245483,0.4483656883239746,-0.04772233963012695,0.598721444606781,0.3977767825126648,-0.05413958802819252,0.5872924327850342,0.6216697096824646,-0.03566030412912369,0.5928382873535156,0.570250391960144,-0.04895949736237526,0.5942526459693909,0.5314496755599976,-0.05559815838932991,0.5952093601226807,0.49712470173835754,-0.05952887237071991,namaste
0.5671368837356567,0.7444000840187073,6.160188092962926e-08,0.5871232151985168,0.6753467321395874,0.006972548086196184,0.5985953211784363,0.6034370064735413,0.008621111512184143,0.6059568524360657,0.5483806729316711,0.006774515379220247,0.6096455454826355,0.5050418972969055,0.0041895415633916855,0.594243586063385,0.5677681565284729,0.0026848847046494484,0.6058292984962463,0.493093878030777,-0.009674480184912682,0.6104421615600586,0.4367577135562897,-0.01966792903840542,0.6120966672897339,0.3899492621421814,-0.026766320690512657,0.5899907946586609,0.5751956701278687,-0.009778957813978195,0.6008809208869934,0.4899362027645111,-0.02274446189403534,0.6052934527397156,0.42619842290878296,-0.0338863879442215,0.6071563363075256,0.3665924072265625,-0.04128081724047661,0.5892441868782043,0.5920208692550659,-0.02235298417508602,0.5982965230941772,0.5104937553405762,-0.034809503704309464,0.6010819673538208,0.45517975091934204,-0.043574851006269455,0.6009368300437927,0.4050258994102478,-0.04905473068356514,0.5935989022254944,0.6180130839347839,-0.03457038849592209,0.599010169506073,0.5669221878051758,-0.0458441823720932,0.599219799041748,0.5295574069023132,-0.051186151802539825,0.5979824066162109,0.49590739607810974,-0.05445774644613266,namaste
0.5732244253158569,0.745452880859375,5.1334382078493945e-08,0.595666229724884,0.6832622289657593,0.004346006084233522,0.6137173771858215,0.6118624806404114,0.004643886350095272,0.6275580525398254,0.5601779222488403,0.002396992174908519,0.6346906423568726,0.5168743133544922,-0.00044081214582547545,0.6049506664276123,0.5708719491958618,-0.0027582519687712193,0.6143616437911987,0.4966886043548584,-0.015326141379773617,0.616771399974823,0.44221216440200806,-0.024610642343759537,0.6162826418876648,0.39676809310913086,-0.031265538185834885,0.599661111831665,0.5777937173843384,-0.014219839125871658,0.6082522869110107,0.4935094118118286,-0.027447698637843132,0.6109997034072876,0.43217557668685913,-0.03811374679207802,0.6105177402496338,0.3761381506919861,-0.04534594714641571,0.5966642498970032,0.5961079001426697,-0.025731921195983887,0.6030250787734985,0.5139408707618713,-0.038652192801237106,0.60479336977005,0.45932766795158386,-0.047223739326000214,0.6031464338302612,0.4104800820350647,-0.05282352864742279,0.597443699836731,0.6238056421279907,-0.03694848716259003,0.6014040112495422,0.5736907720565796,-0.04851305112242699,0.6007528901100159,0.5358070731163025,-0.05402702838182449,0.5984828472137451,0.5011353492736816,-0.05771968141198158,namaste
0.6235160827636719,0.7518594861030579,4.3934985427540596e-08,0.6330406069755554,0.6814533472061157,0.012481472454965115,0.6302094459533691,0.6068453192710876,0.015387122519314289,0.6272948384284973,0.5495084524154663,0.01527671329677105,0.6222071647644043,0.5053366422653198,0.013650134205818176,0.628267765045166,0.5773300528526306,-0.006383177824318409,0.626495361328125,0.49718910455703735,-0.019476279616355896,0.6228639483451843,0.439973920583725,-0.02857067622244358,0.6211132407188416,0.3919646143913269,-0.03528770059347153,0.6239140629768372,0.5865632891654968,-0.020460261031985283,0.6189699769020081,0.4957682192325592,-0.033680446445941925,0.6165905594825745,0.4307359457015991,-0.0431995652616024,0.6161854267120361,0.37214645743370056,-0.050532348453998566,0.6200260519981384,0.6079500913619995,-0.032976411283016205,0.6138797402381897,0.5239017605781555,-0.04492316395044327,0.6114214062690735,0.4678635597229004,-0.052506230771541595,0.6108704209327698,0.4195649027824402,-0.058487262576818466,0.618457555770874,0.6382148265838623,-0.044057462364435196,0.6132509112358093,0.5882675647735596,-0.05774283781647682,0.6097264885902405,0.5508087873458862,-0.06452835351228714,0.6075714230537415,0.5157877206802368,-0.06917180866003036,namaste
0.6676070690155029,0.7694968581199646,1.8589062733553874e-07,0.6671082377433777,0.6900655031204224,0.0057394979521632195,0.6556264162063599,0.6148234009742737,0.004028472118079662,0.6469897627830505,0.5544628500938416,0.0006783584831282496,0.6401344537734985,0.5115389227867126,-0.003998495172709227,0.6542360782623291,0.5890058875083923,-0.01310339942574501,0.63860023021698,0.5032123327255249,-0.028017645701766014,0.6296558380126953,0.44492194056510925,-0.03778732195496559,0.6239697933197021,0.3938073515892029,-0.04480353370308876,0.6509503722190857,0.602540910243988,-0.02480992116034031,0.6305021047592163,0.5073529481887817,-0.03961181640625,0.6191657185554504,0.440033495426178,-0.04963982477784157,0.6115704774856567,0.38089871406555176,-0.05751925706863403,0.6445990204811096,0.6289061903953552,-0.035497456789016724,0.6247934103012085,0.5397526621818542,-0.04919268563389778,0.6140901446342468,0.48014122247695923,-0.058336175978183746,0.6075310111045837,0.42936134338378906,-0.06532654911279678,0.6357725262641907,0.6644037961959839,-0.04518377035856247,0.6232118010520935,0.6107842326164246,-0.060761477798223495,0.6148096323013306,0.5681409239768982,-0.06964543461799622,0.6074035167694092,0.5281012058258057,-0.07579801231622696,namaste
0.6546913385391235,0.7611401081085205,1.9296699349524715e-07,0.6541441082954407,0.6903796792030334,0.006665773224085569,0.6446606516838074,0.6168004274368286,0.0037664787378162146,0.6361182928085327,0.5574162602424622,-0.0012067515635862947,0.6366744041442871,0.5083327889442444,-0.0077822026796638966,0.6401928067207336,0.5911843776702881,-0.010545934550464153,0.62262362241745,0.5110083818435669,-0.023600265383720398,0.6103602051734924,0.45537322759628296,-0.03239388018846512,0.6015735268592834,0.40845033526420593,-0.03846711292862892,0.6330803632736206,0.6031762957572937,-0.021324964240193367,0.6141287684440613,0.5123835802078247,-0.03112720139324665,0.6028692722320557,0.45017480850219727,-0.03783899545669556,0.5939183235168457,0.3982292413711548,-0.04353434965014458,0.6238663792610168,0.6262898445129395,-0.031024158000946045,0.6017955541610718,0.5420159101486206,-0.039249926805496216,0.5890578031539917,0.4876760244369507,-0.044444311410188675,0.5799540877342224,0.4440017342567444,-0.0491085909307003,0.6124927401542664,0.6593095660209656,-0.03982969745993614,0.5948129296302795,0.6095250844955444,-0.04844490811228752,0.5818741917610168,0.573477566242218,-0.05242343246936798,0.5705039501190186,0.541393518447876,-0.055361710488796234,namaste
0.642754316329956,0.7610295414924622,2.2802475996286375e-07,0.6464022397994995,0.6935017108917236,0.00561517896130681,0.6358362436294556,0.6156532764434814,0.004360992461442947,0.6269981861114502,0.5575677156448364,0.0011890223249793053,0.6267058849334717,0.5122382044792175,-0.0032489094883203506,0.625823974609375,0.5825089812278748,-0.009259500540792942,0.6069652438163757,0.5017596483230591,-0.02110973931849003,0.5952568054199219,0.446671724319458,-0.028821423649787903,0.5856113433837891,0.4017149806022644,-0.0341191403567791,0.6155441999435425,0.5975165367126465,-0.01950172334909439,0.5939237475395203,0.5074134469032288,-0.02978229522705078,0.5810739994049072,0.44677212834358215,-0.03690667077898979,0.5704545974731445,0.3960646390914917,-0.04226619377732277,0.6027867197990417,0.6242860555648804,-0.028791092336177826,0.5792233347892761,0.541630208492279,-0.038855183869600296,0.5665565133094788,0.486874520778656,-0.04431706666946411,0.5577585697174072,0.442118763923645,-0.048077020794153214,0.5873940587043762,0.6614750027656555,-0.03711959719657898,0.5690938234329224,0.6078339219093323,-0.04702169448137283,0.5571452975273132,0.5688629746437073,-0.050709906965494156,0.5476680994033813,0.5338121652603149,-0.052803218364715576,namaste
0.6339367032051086,0.7712557911872864,2.2658457510260632e-07,0.6383709907531738,0.6975024342536926,0.0064494009129703045,0.6278983950614929,0.6195840835571289,0.00486570643261075,0.6176639199256897,0.5599812865257263,0.001472950098104775,0.613325297832489,0.5133885741233826,-0.003564047161489725,0.6175183653831482,0.5895102620124817,-0.013582092709839344,0.5933211445808411,0.5048624277114868,-0.026563018560409546,0.5798545479774475,0.449527382850647,-0.03406655788421631,0.5702733993530273,0.4032268524169922,-0.039015043526887894,0.6072468757629395,0.6082252860069275,-0.024665435776114464,0.5802525281906128,0.5132043957710266,-0.03739432245492935,0.5653544664382935,0.448785662651062,-0.04511156305670738,0.5547028183937073,0.39523547887802124,-0.050652049481868744,0.5944333076477051,0.6387045979499817,-0.034416962414979935,0.5658233165740967,0.5501798987388611,-0.046547867357730865,0.5498330593109131,0.491147518157959,-0.053568240255117416,0.5396374464035034,0.443168967962265,-0.05819011107087135,0.579217255115509,0.6789611577987671,-0.04289846122264862,0.558449387550354,0.6181358695030212,-0.055401112884283066,0.5446329116821289,0.5753234028816223,-0.06125955656170845,0.5336939096450806,0.5375732183456421,-0.06465881317853928,namaste
0.6308918595314026,0.7736726403236389,2.1810883765738254e-07,0.636885941028595,0.7034260034561157,0.0051301997154951096,0.6256736516952515,0.6228246092796326,0.0030589010566473007,0.6135031580924988,0.5609509944915771,-0.00035564778954721987,0.6101834177970886,0.512726366519928,-0.0051277712918818,0.6134650707244873,0.5946452617645264,-0.015700748190283775,0.5892684459686279,0.5055408477783203,-0.02854848839342594,0.5761695504188538,0.44933250546455383,-0.03520995005965233,0.5663804411888123,0.40418168902397156,-0.039423681795597076,0.6025739312171936,0.6118900775909424,-0.025773940607905388,0.575657844543457,0.5123796463012695,-0.037884339690208435,0.5607618689537048,0.4481399357318878,-0.04419449344277382,0.5498489141464233,0.39564836025238037,-0.048567429184913635,0.5895662307739258,0.6405172944068909,-0.034567564725875854,0.5612548589706421,0.5492181777954102,-0.045824673026800156,0.5471007227897644,0.49053800106048584,-0.051621630787849426,0.5383018255233765,0.44215887784957886,-0.055409349501132965,0.5746577978134155,0.677985668182373,-0.04222354292869568,0.5541019439697266,0.6171663999557495,-0.05432535335421562,0.5400609374046326,0.5745187401771545,-0.05975791811943054,0.5290442109107971,0.5368673205375671,-0.06275030225515366,namaste
0.6265620589256287,0.770941972732544,1.7588396872270096e-07,0.630687415599823,0.6995282173156738,0.006715345662087202,0.620175302028656,0.6203262209892273,0.006188987288624048,0.6097829341888428,0.559432864189148,0.004107576794922352,0.6046212315559387,0.5134357810020447,0.0006642270018346608,0.6086320877075195,0.5849505066871643,-0.0124232592061162,0.5829805731773376,0.5003504157066345,-0.02434060350060463,0.5682766437530518,0.4474581480026245,-0.031024035066366196,0.5576510429382324,0.4038652777671814,-0.035336174070835114,0.598318874835968,0.6033782362937927,-0.022659333422780037,0.5702316164970398,0.5085639953613281,-0.03391200676560402,0.5551895499229431,0.44531020522117615,-0.04035502299666405,0.5444855690002441,0.39359718561172485,-0.044991038739681244,0.5857359170913696,0.6331825852394104,-0.03160938248038292,0.5562155246734619,0.5455496311187744,-0.041991401463747025,0.5406861901283264,0.4889053404331207,-0.048021167516708374,0.5310290455818176,0.4427850842475891,-0.05210384353995323,0.5713619589805603,0.6718944311141968,-0.03937283903360367,0.5496739149093628,0.6116341352462769,-0.05123515427112579,0.5352964401245117,0.5700281858444214,-0.05699705332517624,0.524029552936554,0.5334541201591492,-0.06018539145588875,namaste
0.6262010335922241,0.7757745385169983,2.239691667682564e-07,0.6310630440711975,0.702600359916687,0.004158999305218458,0.6213355660438538,0.6240739226341248,0.0010750268120318651,0.6103529930114746,0.5623583793640137,-0.003595141228288412,0.6056221723556519,0.5139135718345642,-0.009661385789513588,0.6094101667404175,0.5969932675361633,-0.014359964989125729,0.5845920443534851,0.5067331194877625,-0.02736377902328968,0.5705347657203674,0.4510122239589691,-0.03483317047357559,0.5603513121604919,0.40620797872543335,-0.039573486894369125,0.5985074639320374,0.6127458214759827,-0.024532677605748177,0.5714291334152222,0.5127346515655518,-0.03602800890803337,0.555783212184906,0.4479844570159912,-0.043440937995910645,0.544926106929779,0.3958158493041992,-0.04883599653840065,0.5853899121284485,0.6401644349098206,-0.0336749367415905,0.5567998886108398,0.5483160018920898,-0.04414314031600952,0.540692150592804,0.49030810594558716,-0.05108435079455376,0.5306088328361511,0.4431396722793579,-0.05613647401332855,0.5705455541610718,0.6767479777336121,-0.04187151417136192,0.5506289005279541,0.6165233850479126,-0.05309368297457695,0.5362293720245361,0.5753028988838196,-0.05850517004728317,0.5246505737304688,0.5389277935028076,-0.06175040453672409,namaste
0.6280140280723572,0.7731578350067139,1.9113039684270916e-07,0.6318934559822083,0.7018485069274902,0.00523079838603735,0.620595395565033,0.6205906271934509,0.003210275899618864,0.6096305847167969,0.5590050220489502,-0.000153989894897677,0.6054580807685852,0.5115135908126831,-0.004872557241469622,0.6097190380096436,0.5894402861595154,-0.014445452950894833,0.5850175023078918,0.5009890198707581,-0.026514306664466858,0.5711214542388916,0.4472416341304779,-0.03293042629957199,0.5603854060173035,0.4043123126029968,-0.03700578957796097,0.5994188189506531,0.6071560978889465,-0.024570321664214134,0.572178304195404,0.5077590942382812,-0.03524497151374817,0.5567620992660522,0.4452630877494812,-0.04127628356218338,0.545235276222229,0.3950672149658203,-0.045734211802482605,0.5864521861076355,0.6362160444259644,-0.03352788835763931,0.557522177696228,0.5459465980529785,-0.04348989948630333,0.5424051284790039,0.4883594214916229,-0.04949089512228966,0.5326637625694275,0.4415559768676758,-0.05390956997871399,0.571242094039917,0.6740778088569641,-0.04135393723845482,0.5494318604469299,0.6137601137161255,-0.05234278738498688,0.5355035662651062,0.5722803473472595,-0.05739422142505646,0.5246810913085938,0.5352608561515808,-0.060492366552352905,namaste
0.6284545660018921,0.774049699306488,2.2051823123092618e-07,0.6323970556259155,0.7003457546234131,0.005739197134971619,0.6204866766929626,0.6211758852005005,0.003306108992546797,0.6087068319320679,0.5602510571479797,-0.0008822364034131169,0.6061667203903198,0.511403501033783,-0.006476783659309149,0.6107943654060364,0.5908071994781494,-0.01372643280774355,0.5869991183280945,0.5019422173500061,-0.026670372113585472,0.5732912421226501,0.4463265836238861,-0.033770184963941574,0.562221109867096,0.401297926902771,-0.03836677223443985,0.6001609563827515,0.6081590056419373,-0.02462691441178322,0.5723735094070435,0.5090280771255493,-0.036517757922410965,0.5567556619644165,0.44599881768226624,-0.043198827654123306,0.5450124144554138,0.39475303888320923,-0.04802485555410385,0.5869680643081665,0.6374722123146057,-0.03439994528889656,0.5580304265022278,0.5483726263046265,-0.04534779489040375,0.5434470176696777,0.4898197054862976,-0.05103667080402374,0.5345883369445801,0.4417073726654053,-0.05496177822351456,0.5713402032852173,0.6760549545288086,-0.043103475123643875,0.549648106098175,0.6150577664375305,-0.05415036529302597,0.5360297560691833,0.5730023384094238,-0.05871335789561272,0.5256444811820984,0.5355746150016785,-0.061369653791189194,namaste
0.6282923817634583,0.7721538543701172,2.0414611867636268e-07,0.6332381367683411,0.6981595158576965,0.005995246581733227,0.6216307282447815,0.6194114089012146,0.003935633227229118,0.6105362772941589,0.557946503162384,8.558051922591403e-05,0.6056016087532043,0.5093856453895569,-0.0050893016159534454,0.6106536388397217,0.5903772711753845,-0.013038828037679195,0.5868639349937439,0.5028067827224731,-0.025883913040161133,0.5726709365844727,0.44688910245895386,-0.03321704640984535,0.5614862442016602,0.4016371965408325,-0.037910960614681244,0.6006747484207153,0.6074860095977783,-0.023910708725452423,0.5744815468788147,0.5084923505783081,-0.03602655977010727,0.5594022870063782,0.4436534643173218,-0.04322277382016182,0.5476776361465454,0.3901641368865967,-0.048336438834667206,0.588254451751709,0.6355335116386414,-0.0335211344063282,0.5602034330368042,0.5459558963775635,-0.044091686606407166,0.5450598001480103,0.4867878258228302,-0.04948892816901207,0.535193681716919,0.4380371570587158,-0.053260572254657745,0.5733503699302673,0.6722967624664307,-0.04209192469716072,0.5515238642692566,0.6122226715087891,-0.05250519886612892,0.5380157828330994,0.570217490196228,-0.05640671029686928,0.5273341536521912,0.5328235030174255,-0.05858222395181656,namaste
0.6236868500709534,0.7582568526268005,2.143613642147102e-07,0.6297302842140198,0.6868830919265747,0.0045298184268176556,0.6202647089958191,0.6092297434806824,0.0030152916442602873,0.6101280450820923,0.5512350797653198,-0.00041551896720193326,0.6058779358863831,0.5047716498374939,-0.004899547901004553,0.603604793548584,0.5723914504051208,-0.00727615924552083,0.5834803581237793,0.49160847067832947,-0.018596353009343147,0.5708804130554199,0.4385809898376465,-0.025917505845427513,0.5599908232688904,0.39642053842544556,-0.030824754387140274,0.5927689075469971,0.5876116156578064,-0.0170204546302557,0.5707891583442688,0.49641305208206177,-0.027324823662638664,0.5576983690261841,0.43610644340515137,-0.034211527556180954,0.5463030338287354,0.3853181004524231,-0.03902427852153778,0.5803727507591248,0.6144871115684509,-0.026237687095999718,0.5567020177841187,0.5311148762702942,-0.0361504890024662,0.5448542237281799,0.4765973389148712,-0.04105323553085327,0.5363168120384216,0.430495023727417,-0.04427230358123779,0.5666569471359253,0.6516050696372986,-0.03475921228528023,0.5474722981452942,0.5967277884483337,-0.04443953186273575,0.5354088544845581,0.5583145022392273,-0.047675617039203644,0.5253180861473083,0.523871898651123,-0.04930754005908966,namaste
0.6270200610160828,0.7401139736175537,1.6066034902451065e-07,0.6315921545028687,0.6663475036621094,0.007429312914609909,0.6226490139961243,0.5942919254302979,0.007975791580975056,0.6128090023994446,0.5395574569702148,0.005818003322929144,0.6089248657226562,0.4962632954120636,0.002616635523736477,0.608408510684967,0.5591815114021301,0.0006761273252777755,0.5868985652923584,0.4851387143135071,-0.00851138960570097,0.5740010738372803,0.4358767569065094,-0.015032208524644375,0.5635606646537781,0.3958902657032013,-0.01970091462135315,0.5989788174629211,0.5721344947814941,-0.009722135029733181,0.5773309469223022,0.48570752143859863,-0.018351305276155472,0.5658717155456543,0.4304863214492798,-0.024665988981723785,0.5570089221000671,0.38424742221832275,-0.029177971184253693,0.5872035026550293,0.5954471230506897,-0.019818110391497612,0.5636511445045471,0.5139498114585876,-0.028137540444731712,0.551398754119873,0.4610833525657654,-0.033038314431905746,0.5434690713882446,0.417623370885849,-0.036445148289203644,0.5729746222496033,0.6285516619682312,-0.029155703261494637,0.5546208024024963,0.5736498236656189,-0.0373932383954525,0.5434314012527466,0.5344266295433044,-0.04079388827085495,0.5345748662948608,0.4995895028114319,-0.042770061641931534,namaste
0.6233657002449036,0.7321644425392151,1.6379064504690177e-07,0.6293028593063354,0.6652493476867676,0.004818183369934559,0.6224520206451416,0.5940707921981812,0.003930324222892523,0.6125795245170593,0.5380759835243225,0.0010869401739910245,0.6082832217216492,0.4934596121311188,-0.002723913174122572,0.6080763936042786,0.5626766085624695,-0.0037960405461490154,0.5861244201660156,0.48687809705734253,-0.013399850577116013,0.5732516050338745,0.43785423040390015,-0.01967800408601761,0.563785195350647,0.3979421854019165,-0.023940689861774445,0.5982694029808044,0.5726749300956726,-0.012665936723351479,0.5760424137115479,0.48648086190223694,-0.02059592679142952,0.5649614334106445,0.43213433027267456,-0.02608899585902691,0.557676374912262,0.3879292607307434,-0.030282417312264442,0.5858583450317383,0.5931463837623596,-0.02125908061861992,0.5630764961242676,0.509403645992279,-0.028809575363993645,0.5516809225082397,0.4567389488220215,-0.03369570150971413,0.5452682971954346,0.41466885805130005,-0.03739161044359207,0.5709383487701416,0.6228426098823547,-0.029230715706944466,0.5533487796783447,0.5659641623497009,-0.03713467717170715,0.5421052575111389,0.5271731019020081,-0.04076046869158745,0.5332924723625183,0.494230717420578,-0.0430026650428772,namaste
0.620453953742981,0.7305580377578735,1.7091895188059425e-07,0.6252079010009766,0.6631442904472351,0.004814889281988144,0.6173183917999268,0.5911052227020264,0.004347282461822033,0.6080646514892578,0.5356765985488892,0.0018737140344455838,0.6043918132781982,0.4929429292678833,-0.0014364361995831132,0.6030803918838501,0.5544156432151794,-0.0030460760463029146,0.5827068090438843,0.4788394570350647,-0.012167638167738914,0.570327639579773,0.43073785305023193,-0.018153099343180656,0.5599673986434937,0.3917349576950073,-0.02228481136262417,0.5938615798950195,0.566336989402771,-0.012118218466639519,0.573103666305542,0.4799703061580658,-0.02031617797911167,0.5612769722938538,0.42526137828826904,-0.025974808260798454,0.551866888999939,0.37976816296577454,-0.030079517513513565,0.5820291638374329,0.5886968374252319,-0.020977959036827087,0.5601075887680054,0.506987988948822,-0.02895893156528473,0.5482017397880554,0.45492157340049744,-0.03390808030962944,0.5403048992156982,0.4128653407096863,-0.03734264895319939,0.5674795508384705,0.6200516223907471,-0.029263976961374283,0.5495622754096985,0.5645775198936462,-0.03736596554517746,0.537955641746521,0.526503324508667,-0.04095875099301338,0.528469979763031,0.4939473271369934,-0.04307610169053078,namaste
0.6171805262565613,0.7309331297874451,1.6962053450697567e-07,0.6249756217002869,0.6674799919128418,0.002578471787273884,0.6179086565971375,0.5953000783920288,0.0011593942763283849,0.6074904203414917,0.5408748984336853,-0.0017708875238895416,0.6021933555603027,0.49725577235221863,-0.005526032764464617,0.6024982929229736,0.5604025721549988,-0.007223926484584808,0.5810672640800476,0.4843277037143707,-0.01767696812748909,0.5679539442062378,0.434209942817688,-0.024184413254261017,0.5577618479728699,0.3938593566417694,-0.028458062559366226,0.5920432209968567,0.5731460452079773,-0.015261408872902393,0.5701591372489929,0.48821955919265747,-0.024549061432480812,0.557777464389801,0.43165266513824463,-0.030395593494176865,0.5486353039741516,0.3844977915287018,-0.03440568223595619,0.5797846913337708,0.5955989956855774,-0.023025061935186386,0.5574866533279419,0.5142189860343933,-0.03165579214692116,0.5450422167778015,0.46160927414894104,-0.035949334502220154,0.5367772579193115,0.4183882474899292,-0.038644831627607346,0.5660852193832397,0.62689608335495,-0.030377937480807304,0.5489299893379211,0.5708506107330322,-0.039089053869247437,0.537098228931427,0.532060980796814,-0.042343273758888245,0.5273501873016357,0.4991350769996643,-0.04384436085820198,namaste
0.6156330704689026,0.7389144897460938,1.6226820775955275e-07,0.6224105954170227,0.6736437082290649,0.002870978554710746,0.6146442890167236,0.6005778908729553,0.0018674504244700074,0.6046692728996277,0.5436193346977234,-0.0008711798000149429,0.5988063812255859,0.4989308714866638,-0.0043273488990962505,0.5987750291824341,0.5646585822105408,-0.003054924076423049,0.5759532451629639,0.49293678998947144,-0.012227242812514305,0.561591386795044,0.44545406103134155,-0.018540140241384506,0.550555408000946,0.4075201153755188,-0.02291475608944893,0.5881343483924866,0.5764500498771667,-0.011118033900856972,0.566189169883728,0.4929511249065399,-0.019227758049964905,0.5541661381721497,0.43881756067276,-0.02504250779747963,0.5458540916442871,0.3943158984184265,-0.029043277725577354,0.57615727186203,0.5988441705703735,-0.01916440576314926,0.5536714196205139,0.5187586545944214,-0.027081910520792007,0.5415623784065247,0.46717873215675354,-0.031160105019807816,0.5342360734939575,0.4243352711200714,-0.03386462479829788,0.5628652572631836,0.6306154131889343,-0.026862818747758865,0.5456644892692566,0.5760337114334106,-0.03479256480932236,0.5347201228141785,0.5385815501213074,-0.037406325340270996,0.5261030197143555,0.5054583549499512,-0.03860847279429436,namaste
0.6139476299285889,0.7347487211227417,1.8158458203743066e-07,0.6208261251449585,0.6666070222854614,0.0047782971523702145,0.6122140288352966,0.5949341654777527,0.004543783143162727,0.6022079586982727,0.540081799030304,0.002103093545883894,0.5967267155647278,0.4974220395088196,-0.0012160988990217447,0.5943865776062012,0.5580676794052124,-0.0016559588257223368,0.5752164721488953,0.48619839549064636,-0.011262531392276287,0.5639073252677917,0.4398253858089447,-0.017994118854403496,0.5545050501823425,0.40174514055252075,-0.022787805646657944,0.583398163318634,0.5708532929420471,-0.01082238182425499,0.5634872913360596,0.48741763830184937,-0.019640637561678886,0.5534749627113342,0.4331090748310089,-0.025913240388035774,0.5458905100822449,0.3868986964225769,-0.030361536890268326,0.5710316300392151,0.5951399207115173,-0.019980350509285927,0.5495442152023315,0.5169632434844971,-0.02904374711215496,0.540259599685669,0.4660787582397461,-0.03421754390001297,0.5345765352249146,0.42269378900527954,-0.03772195428609848,0.5573137402534485,0.629242479801178,-0.02856140211224556,0.5409557819366455,0.5784763097763062,-0.03801511973142624,0.530578076839447,0.5421305894851685,-0.041963592171669006,0.522234320640564,0.5087796449661255,-0.04418814182281494,namaste
0.6076751351356506,0.7461782693862915,1.9666290995701274e-07,0.6162940263748169,0.6769276857376099,0.005437611136585474,0.608586311340332,0.6051899790763855,0.005529073532670736,0.5981156826019287,0.5518568754196167,0.0035515050403773785,0.5923522114753723,0.5104227066040039,0.0006697148783132434,0.5897441506385803,0.5668034553527832,-0.0026732352562248707,0.5689652562141418,0.4920686185359955,-0.01168754231184721,0.5562441945075989,0.4437601566314697,-0.01767810992896557,0.5457543134689331,0.40593862533569336,-0.02168126031756401,0.5786004662513733,0.5809818506240845,-0.01154210977256298,0.5569130778312683,0.49723508954048157,-0.019905004650354385,0.5447558760643005,0.443320095539093,-0.02548203058540821,0.5349245667457581,0.3994823396205902,-0.02923889085650444,0.5658960938453674,0.6056318283081055,-0.02004879340529442,0.5431239604949951,0.5287035703659058,-0.02803385816514492,0.5316917896270752,0.4790138602256775,-0.032348476350307465,0.5237088203430176,0.43838292360305786,-0.035159770399332047,0.5519796013832092,0.6399123072624207,-0.027874557301402092,0.5345819592475891,0.5906185507774353,-0.0355529710650444,0.5235192775726318,0.5567095875740051,-0.038152746856212616,0.5145641565322876,0.5270436406135559,-0.0393359400331974,namaste
0.601835310459137,0.7567707896232605,2.0740370132443786e-07,0.6111778020858765,0.6923026442527771,0.004154976923018694,0.6008519530296326,0.6195437908172607,0.004405092913657427,0.5886743664741516,0.567743182182312,0.002965881023555994,0.581644594669342,0.5278677940368652,0.0005245247157290578,0.5785369873046875,0.5781422257423401,-0.0055883959867060184,0.5605018734931946,0.5030898451805115,-0.015197942964732647,0.5491685271263123,0.45584169030189514,-0.021757371723651886,0.5392546057701111,0.4181600511074066,-0.026021834462881088,0.5654104351997375,0.5938907265663147,-0.013683021068572998,0.5459751486778259,0.509762704372406,-0.02149871550500393,0.5352110266685486,0.4549737870693207,-0.026618370786309242,0.5257033109664917,0.40895944833755493,-0.0300942100584507,0.5522522330284119,0.621364414691925,-0.02147444523870945,0.5307650566101074,0.5455811619758606,-0.02874634601175785,0.5206007361412048,0.4944336414337158,-0.032838620245456696,0.5128507614135742,0.4504886865615845,-0.0357416532933712,0.5390057563781738,0.6592001914978027,-0.028684386983513832,0.5214208364486694,0.611807107925415,-0.03606162220239639,0.5105340480804443,0.5781697630882263,-0.038395047187805176,0.5013651251792908,0.5479517579078674,-0.03945452347397804,namaste
0.6052060723304749,0.8038299083709717,2.0475671647091076e-07,0.6151254177093506,0.7368199229240417,0.0028277721721678972,0.605186402797699,0.6664236783981323,0.001783555606380105,0.5927119255065918,0.6185152530670166,-0.00050674460362643,0.5897899866104126,0.5786099433898926,-0.0037713530473411083,0.5835838913917542,0.6321953535079956,-0.009521771222352982,0.5671982765197754,0.5614486336708069,-0.02054630219936371,0.55824214220047,0.5160592794418335,-0.027235057204961777,0.5504283308982849,0.47868043184280396,-0.03167888894677162,0.5717480182647705,0.6495822668075562,-0.017616422846913338,0.5524580478668213,0.5680393576622009,-0.028375575318932533,0.5424060821533203,0.5142951011657715,-0.03458971902728081,0.5332765579223633,0.46836650371551514,-0.03857608139514923,0.5601052045822144,0.6783411502838135,-0.025324922055006027,0.5380491614341736,0.6051198840141296,-0.03630729764699936,0.528706431388855,0.5542176961898804,-0.04185313731431961,0.5210930705070496,0.5097906589508057,-0.045126233249902725,0.5488624572753906,0.7154473066329956,-0.03223444148898125,0.5295478701591492,0.6683927178382874,-0.043515488505363464,0.5177701115608215,0.633329451084137,-0.04806472733616829,0.5074292421340942,0.6006358861923218,-0.05040498822927475,namaste
