0,1,2,3,4,5,6,7,8,9,10,11,12,13,14,15,16,17,18,19,20,21,22,23,24,25,26,27,28,29,30,31,32,33,34,35,36,37,38,39,40,41,42,43,44,45,46,47,48,49,50,51,52,53,54,55,56,57,58,59,60,61,62,label
0.2948448061943054,0.7991457581520081,2.161593783966964e-07,0.33774518966674805,0.74118971824646,-0.004318590275943279,0.3687891960144043,0.666773796081543,-0.01051831990480423,0.3944299817085266,0.6126022934913635,-0.02083333395421505,0.4157049059867859,0.565693199634552,-0.030637376010417938,0.3452606499195099,0.5654588341712952,0.004601599648594856,0.37023043632507324,0.49997520446777344,-0.019974900409579277,0.3913840353488922,0.5083551406860352,-0.041727758944034576,0.40639787912368774,0.5364471077919006,-0.05264244228601456,0.32316768169403076,0.5492204427719116,-0.005070573650300503,0.3372960090637207,0.4546472430229187,-0.01749574951827526,0.35348063707351685,0.3942496180534363,-0.029905885457992554,0.3658252954483032,0.3439091145992279,-0.03857395425438881,0.29880398511886597,0.5567197203636169,-0.018737828359007835,0.2938692569732666,0.46650922298431396,-0.02982332929968834,0.29529833793640137,0.4059792459011078,-0.03785642236471176,0.2989466190338135,0.35371124744415283,-0.04313753917813301,0.27403944730758667,0.5862139463424683,-0.03389383479952812,0.25936490297317505,0.5187337398529053,-0.041541021317243576,0.2517729699611664,0.4699600338935852,-0.04220142215490341,0.24675816297531128,0.42494386434555054,-0.04219384118914604,nice
0.33492511510849,0.8091798424720764,2.8034131105414417e-07,0.3763056993484497,0.7523274421691895,-0.005187804810702801,0.4060536026954651,0.683355450630188,-0.012241796590387821,0.4332902431488037,0.6313151121139526,-0.023404715582728386,0.4572662115097046,0.5871517658233643,-0.03413395956158638,0.3813033998012543,0.588259756565094,0.004815008025616407,0.40544500946998596,0.5220284461975098,-0.019921565428376198,0.42728301882743835,0.5297521948814392,-0.041330400854349136,0.4440287947654724,0.5575141310691833,-0.0519498810172081,0.360464870929718,0.5717698335647583,-0.0044157300144433975,0.37619292736053467,0.48154711723327637,-0.016822028905153275,0.3911740183830261,0.42129820585250854,-0.029388705268502235,0.4030117392539978,0.36964574456214905,-0.03825017064809799,0.3375742435455322,0.5786148905754089,-0.017818564549088478,0.33629995584487915,0.48625943064689636,-0.029045267030596733,0.33778128027915955,0.42498743534088135,-0.0375911146402359,0.34177660942077637,0.3734477162361145,-0.04327698424458504,0.31372663378715515,0.6065834164619446,-0.03269798681139946,0.30162277817726135,0.5424833297729492,-0.04078976437449455,0.2961058020591736,0.4950827956199646,-0.042526986449956894,0.293648898601532,0.452024906873703,-0.04319541156291962,nice
0.34199076890945435,0.8158344030380249,2.7440930239208683e-07,0.38326916098594666,0.7613257169723511,-0.00568245118483901,0.4129514992237091,0.6933934688568115,-0.01374370139092207,0.4401249587535858,0.6407572031021118,-0.02591552771627903,0.4649527072906494,0.5967870354652405,-0.03751269355416298,0.3898671865463257,0.5953652858734131,0.003992453683167696,0.41470107436180115,0.529882550239563,-0.020936541259288788,0.4358023405075073,0.5375550985336304,-0.042021188884973526,0.4517348110675812,0.5655624270439148,-0.052311189472675323,0.36931705474853516,0.5796936750411987,-0.005342740099877119,0.38501331210136414,0.49000072479248047,-0.017878014594316483,0.4000558853149414,0.43005606532096863,-0.02951589971780777,0.41190871596336365,0.3773552179336548,-0.03751485422253609,0.3471912741661072,0.5874944925308228,-0.018960557878017426,0.34522297978401184,0.4962295591831207,-0.030468134209513664,0.34622788429260254,0.4340292811393738,-0.03812820091843605,0.3496204614639282,0.3813479542732239,-0.042976852506399155,0.3240925669670105,0.6159303784370422,-0.03411922976374626,0.31047114729881287,0.5499260425567627,-0.04292172193527222,0.30388322472572327,0.500693678855896,-0.04463452473282814,0.30041903257369995,0.4560090899467468,-0.045010074973106384,nice
0.34004902839660645,0.8236883878707886,2.57790759405907e-07,0.38123854994773865,0.769453763961792,-0.004982645623385906,0.4118204116821289,0.7002507448196411,-0.01259123906493187,0.4405088424682617,0.6480085849761963,-0.024446314200758934,0.46526122093200684,0.605689525604248,-0.03592222183942795,0.38826534152030945,0.602385401725769,0.002935974393039942,0.41405653953552246,0.5400212407112122,-0.021012403070926666,0.43477219343185425,0.5475603342056274,-0.0408206507563591,0.4493981599807739,0.5750515460968018,-0.05055166780948639,0.36780768632888794,0.5863939523696899,-0.007012805435806513,0.38362786173820496,0.4958153963088989,-0.019230151548981667,0.39920976758003235,0.43542832136154175,-0.030154528096318245,0.4112086892127991,0.38466933369636536,-0.03772857040166855,0.3454960882663727,0.595269501209259,-0.021014980971813202,0.3429119884967804,0.5028436183929443,-0.03284398466348648,0.3427811861038208,0.44045591354370117,-0.04106384515762329,0.34490928053855896,0.3889925479888916,-0.046427447348833084,0.32273417711257935,0.6257645487785339,-0.03637921065092087,0.3066369593143463,0.5616697669029236,-0.04621034860610962,0.29862910509109497,0.5132553577423096,-0.048829298466444016,0.29411858320236206,0.46983951330184937,-0.049904003739356995,nice
0.3380216658115387,0.8274820446968079,2.6829738430933503e-07,0.37936288118362427,0.7741514444351196,-0.0064430539496243,0.40898317098617554,0.7047302722930908,-0.014387175440788269,0.43605929613113403,0.6521188616752625,-0.026187002658843994,0.4603084921836853,0.6089158058166504,-0.037406425923109055,0.385780394077301,0.6039657592773438,0.002002791967242956,0.4109007716178894,0.5380074977874756,-0.02322724275290966,0.431511789560318,0.5486946105957031,-0.04481557756662369,0.44668644666671753,0.5782963633537292,-0.05567020922899246,0.3645794987678528,0.5880337357521057,-0.007041076198220253,0.38032078742980957,0.4978207051753998,-0.019756214693188667,0.39584288001060486,0.437343955039978,-0.03228383883833885,0.40851595997810364,0.3859246075153351,-0.04134165123105049,0.34163111448287964,0.5970489978790283,-0.02028464339673519,0.3382384777069092,0.5062727928161621,-0.03180159628391266,0.33877524733543396,0.44413214921951294,-0.04066184535622597,0.34265246987342834,0.3919544816017151,-0.046802788972854614,0.3182864785194397,0.627966582775116,-0.03512391075491905,0.30253708362579346,0.5636577606201172,-0.04403743892908096,0.2951160669326782,0.5153422355651855,-0.046511538326740265,0.2916395366191864,0.47106704115867615,-0.04782222583889961,nice
0.33880892395973206,0.8210647702217102,2.808484680372203e-07,0.3798240125179291,0.7683626413345337,-0.006435194052755833,0.40974974632263184,0.700201690196991,-0.01422947458922863,0.4370608925819397,0.6484967470169067,-0.025771524757146835,0.46055278182029724,0.6049920916557312,-0.036774031817913055,0.3867014944553375,0.6017304062843323,0.0017009165603667498,0.4108021855354309,0.5363434553146362,-0.023315101861953735,0.43193119764328003,0.5448146462440491,-0.04449355602264404,0.4480346441268921,0.5720227360725403,-0.055091310292482376,0.3658090829849243,0.586168110370636,-0.007239534053951502,0.38146454095840454,0.4961705803871155,-0.020222408697009087,0.3966194987297058,0.43484771251678467,-0.03255300596356392,0.40839797258377075,0.38176852464675903,-0.04122047871351242,0.34298956394195557,0.5947964191436768,-0.02031158097088337,0.3395290672779083,0.5043296217918396,-0.03225059062242508,0.3399309515953064,0.44211140275001526,-0.04095623642206192,0.3433791399002075,0.38889193534851074,-0.04664664715528488,0.31937095522880554,0.6246644854545593,-0.0349108912050724,0.30285680294036865,0.56139075756073,-0.04420972615480423,0.2947505712509155,0.5132086277008057,-0.0467182993888855,0.29059329628944397,0.468509316444397,-0.04780535027384758,nice
0.3476148843765259,0.7022934556007385,3.0777940196458076e-07,0.3843595087528229,0.6489527225494385,-0.0066818371415138245,0.41210877895355225,0.5847855806350708,-0.014829597435891628,0.43594828248023987,0.5341445803642273,-0.026326272636651993,0.45453113317489624,0.48988378047943115,-0.037050943821668625,0.38775625824928284,0.49195417761802673,-9.366870654048398e-05,0.41245371103286743,0.43502581119537354,-0.024238022044301033,0.4295247495174408,0.44313257932662964,-0.043330445885658264,0.4396513104438782,0.4722328782081604,-0.05200143903493881,0.3663778007030487,0.474958211183548,-0.008052689954638481,0.3800448477268219,0.3815883994102478,-0.02005990408360958,0.3930233418941498,0.32781219482421875,-0.02926814928650856,0.40348193049430847,0.28362753987312317,-0.03491624817252159,0.34291818737983704,0.48159438371658325,-0.020022718235850334,0.3341209888458252,0.3911325931549072,-0.032011449337005615,0.33237960934638977,0.3310721218585968,-0.03973371908068657,0.3340955376625061,0.2803594470024109,-0.04430598020553589,0.3194071650505066,0.509154736995697,-0.03333102911710739,0.30097007751464844,0.4453021287918091,-0.042786531150341034,0.29067856073379517,0.40087413787841797,-0.04459588602185249,0.2840006649494171,0.3600836992263794,-0.04486038163304329,nice
0.37146052718162537,0.7708864212036133,2.1799819194256997e-07,0.40587541460990906,0.7119886875152588,-0.003055049804970622,0.4283769726753235,0.640417754650116,-0.008935351856052876,0.4479178190231323,0.5896139144897461,-0.018979135900735855,0.4641318917274475,0.5496366620063782,-0.028725285083055496,0.39583921432495117,0.5456559658050537,0.003007788211107254,0.4158046841621399,0.47817856073379517,-0.02084380015730858,0.4371606707572937,0.4860243797302246,-0.04177180305123329,0.4538418650627136,0.5106214880943298,-0.05247369036078453,0.3744817078113556,0.5355544090270996,-0.007488775532692671,0.37864845991134644,0.4398573637008667,-0.020464656874537468,0.3895843029022217,0.3784847855567932,-0.03334815800189972,0.3987884521484375,0.327400267124176,-0.04229652136564255,0.3534398674964905,0.5499603152275085,-0.02149645984172821,0.33820605278015137,0.45942971110343933,-0.03372672200202942,0.33341100811958313,0.39724767208099365,-0.043774113059043884,0.3325212895870209,0.3423565626144409,-0.05038129538297653,0.33505716919898987,0.5857812166213989,-0.03654725104570389,0.3125143349170685,0.5246738791465759,-0.0456177294254303,0.3010338246822357,0.48053625226020813,-0.04803094640374184,0.2933998703956604,0.43869903683662415,-0.04926387593150139,nice
0.3618457317352295,0.8002637624740601,2.6299466071577626e-07,0.40046223998069763,0.7433933019638062,-0.004870146978646517,0.4264872670173645,0.6680179834365845,-0.010054536163806915,0.4491167366504669,0.6117309927940369,-0.018870901316404343,0.4682760238647461,0.5655126571655273,-0.027249881997704506,0.39502209424972534,0.5768219232559204,0.003817527322098613,0.41926324367523193,0.5087431073188782,-0.018728986382484436,0.44253236055374146,0.5120762586593628,-0.038724541664123535,0.460962176322937,0.5334175825119019,-0.04914974048733711,0.3739108741283417,0.5622696876525879,-0.005048573017120361,0.38455623388290405,0.47081613540649414,-0.016557008028030396,0.39803487062454224,0.4087235927581787,-0.028667595237493515,0.4079418182373047,0.3562440872192383,-0.03757162019610405,0.35222914814949036,0.5722673535346985,-0.01775931380689144,0.34357786178588867,0.48316165804862976,-0.028571978211402893,0.3410293459892273,0.42107445001602173,-0.03798139467835426,0.3411329984664917,0.3676912188529968,-0.044596970081329346,0.33093148469924927,0.6029744148254395,-0.03175345063209534,0.31142306327819824,0.5424247980117798,-0.040402092039585114,0.3010654151439667,0.4963744580745697,-0.04312364384531975,0.2943305969238281,0.45318689942359924,-0.04474223777651787,nice
0.36078333854675293,0.8136218190193176,2.7085698661721835e-07,0.4006786048412323,0.757826566696167,-0.004961915779858828,0.4282149374485016,0.679607629776001,-0.010508167557418346,0.451827734708786,0.62071692943573,-0.01976633444428444,0.4723353087902069,0.5737232565879822,-0.02881968766450882,0.3954448699951172,0.5863795280456543,0.0023123605642467737,0.4185466468334198,0.5163713693618774,-0.02093183435499668,0.4419085383415222,0.5193678140640259,-0.041022345423698425,0.4607928991317749,0.5410857200622559,-0.05151516571640968,0.37380343675613403,0.5727127194404602,-0.006977634504437447,0.38543862104415894,0.47895246744155884,-0.019266411662101746,0.39978688955307007,0.4151340126991272,-0.03142806142568588,0.4107200503349304,0.36119988560676575,-0.04032333940267563,0.3515609800815582,0.584001362323761,-0.02011079713702202,0.3440876007080078,0.49065375328063965,-0.031934674829244614,0.3413294553756714,0.42624056339263916,-0.0416470505297184,0.34113994240760803,0.3712522089481354,-0.0484166257083416,0.3297920823097229,0.6165798306465149,-0.03445740044116974,0.30978959798812866,0.5542644262313843,-0.04430057853460312,0.2987821102142334,0.506865382194519,-0.04757210612297058,0.2915278673171997,0.46295851469039917,-0.04951196908950806,nice
0.36491063237190247,0.812893271446228,2.7279463665763615e-07,0.40393736958503723,0.7580456733703613,-0.006090590730309486,0.43150606751441956,0.6804986000061035,-0.012185205705463886,0.45594578981399536,0.6220790147781372,-0.021706514060497284,0.4764413833618164,0.5761751532554626,-0.03081372193992138,0.4002435803413391,0.5841248631477356,0.000979914446361363,0.42442232370376587,0.5143880248069763,-0.022313840687274933,0.4473474323749542,0.5183814167976379,-0.042533989995718,0.4648110866546631,0.5412254333496094,-0.05297962576150894,0.3782963156700134,0.5693217515945435,-0.007773703895509243,0.3907386362552643,0.4748367667198181,-0.019953515380620956,0.4052671492099762,0.4119568169116974,-0.032041292637586594,0.4154072403907776,0.36027342081069946,-0.04072478413581848,0.3556755781173706,0.5797635316848755,-0.020355384796857834,0.3474673330783844,0.4871198832988739,-0.031900011003017426,0.3451574444770813,0.42323946952819824,-0.041392840445041656,0.3449869155883789,0.3696961998939514,-0.04786716029047966,0.33364757895469666,0.6122123599052429,-0.03426152467727661,0.31408190727233887,0.5480061769485474,-0.043440572917461395,0.3036095201969147,0.5000548362731934,-0.04610574617981911,0.29657667875289917,0.4562750458717346,-0.047537095844745636,nice
0.3687853217124939,0.8080165982246399,2.5970322781176947e-07,0.4086287319660187,0.754155695438385,-0.00591939827427268,0.4372338056564331,0.6788415312767029,-0.01192468125373125,0.4617321789264679,0.6220099329948425,-0.02123224548995495,0.4809412956237793,0.57439124584198,-0.030131084844470024,0.40614965558052063,0.583672046661377,0.00030635661096312106,0.43014001846313477,0.5138003826141357,-0.023158034309744835,0.4528934955596924,0.5189825296401978,-0.04318029806017876,0.4702623188495636,0.541792631149292,-0.05342986062169075,0.38499024510383606,0.5695992708206177,-0.00857978779822588,0.3975317180156708,0.47506183385849,-0.020976440981030464,0.4118257462978363,0.4124450087547302,-0.03324126452207565,0.421870619058609,0.36007460951805115,-0.042255934327840805,0.36271166801452637,0.5800819993019104,-0.021276891231536865,0.3557189404964447,0.488565593957901,-0.03303593024611473,0.3544650971889496,0.4247826337814331,-0.04303457960486412,0.3550136089324951,0.3702962398529053,-0.05000467970967293,0.3406578004360199,0.6109321117401123,-0.035219088196754456,0.3212604224681854,0.5468623042106628,-0.04473479464650154,0.31080856919288635,0.49925872683525085,-0.04795666038990021,0.3036012649536133,0.4552099108695984,-0.04993569478392601,nice
0.36844319105148315,0.8092248439788818,2.6519964535509644e-07,0.4072570204734802,0.7561275959014893,-0.005977635271847248,0.43551892042160034,0.6799699068069458,-0.011912633664906025,0.46048179268836975,0.6229074001312256,-0.021242501214146614,0.48074543476104736,0.5764824151992798,-0.030155213549733162,0.40414178371429443,0.5839959979057312,0.0007800933672115207,0.4292241334915161,0.5156710743904114,-0.02261308580636978,0.4514172375202179,0.5208709239959717,-0.042425356805324554,0.4679178297519684,0.544493556022644,-0.052512116730213165,0.38310977816581726,0.568964958190918,-0.00813122559338808,0.39618241786956787,0.47426703572273254,-0.02043910324573517,0.4105725586414337,0.41179126501083374,-0.032472435384988785,0.4208502471446991,0.3596703112125397,-0.04119901731610298,0.36106574535369873,0.5794141888618469,-0.020945744588971138,0.35308754444122314,0.4880298674106598,-0.03314066678285599,0.3509826064109802,0.4243708848953247,-0.04348878562450409,0.351116806268692,0.37030261754989624,-0.05054013058543205,0.33933597803115845,0.6109552979469299,-0.03499798849225044,0.31934815645217896,0.5470864176750183,-0.045222777873277664,0.30807140469551086,0.49960803985595703,-0.04899175465106964,0.3003634810447693,0.4556540846824646,-0.05122465640306473,nice
0.366451621055603,0.8109399080276489,2.749254690570524e-07,0.40566566586494446,0.756658136844635,-0.0059959678910672665,0.4338971674442291,0.6806519031524658,-0.012410311959683895,0.4586702883243561,0.624805212020874,-0.02237180434167385,0.47964879870414734,0.5803829431533813,-0.031914401799440384,0.40246132016181946,0.5852094292640686,0.00014557888789568096,0.4277055263519287,0.5168243050575256,-0.02369978092610836,0.4503849148750305,0.5236323475837708,-0.04377441480755806,0.4672536849975586,0.5475019812583923,-0.053983937948942184,0.3814205229282379,0.5713899731636047,-0.00901550892740488,0.39438122510910034,0.4770171046257019,-0.02154305763542652,0.4084492623806,0.4126132130622864,-0.033630236983299255,0.4183309078216553,0.3572286069393158,-0.04240531101822853,0.359281450510025,0.5827398896217346,-0.022039983421564102,0.3511044681072235,0.491337388753891,-0.03418257459998131,0.3484480381011963,0.42716479301452637,-0.04412408173084259,0.3479023575782776,0.37225663661956787,-0.05088087543845177,0.337279736995697,0.6149281859397888,-0.03635133057832718,0.31668078899383545,0.5518057346343994,-0.04644263908267021,0.3051045536994934,0.503838837146759,-0.0498247928917408,0.29707327485084534,0.45958250761032104,-0.0517309233546257,nice
0.36256518959999084,0.8128291964530945,2.6163201027884497e-07,0.4030017554759979,0.7576800584793091,-0.005566251464188099,0.431339830160141,0.6815588474273682,-0.01155844982713461,0.4558975100517273,0.6256366968154907,-0.021361183375120163,0.4755636751651764,0.5804426074028015,-0.030716096982359886,0.3999074697494507,0.5862579941749573,0.0018790944013744593,0.4242199957370758,0.5173046588897705,-0.02195858769118786,0.4465690851211548,0.5247119069099426,-0.04202819615602493,0.4630541205406189,0.550391435623169,-0.05204668268561363,0.3783864676952362,0.5720943212509155,-0.007403690833598375,0.3910773694515228,0.4776449203491211,-0.019719431176781654,0.40448683500289917,0.4133538007736206,-0.031709346920251846,0.4136190116405487,0.35950595140457153,-0.04020664468407631,0.3559917211532593,0.583106279373169,-0.020701779052615166,0.34780433773994446,0.489533931016922,-0.03278660029172897,0.3447183072566986,0.4239804148674011,-0.042989932000637054,0.3439615070819855,0.3689963221549988,-0.04975375533103943,0.33401793241500854,0.6156502962112427,-0.035274606198072433,0.3124198913574219,0.5528937578201294,-0.04545820131897926,0.30015429854393005,0.5048731565475464,-0.04912005364894867,0.29194456338882446,0.46109873056411743,-0.05103704705834389,nice
0.366343230009079,0.8141237497329712,2.5382936996720673e-07,0.4057404696941376,0.7592034935951233,-0.004612481687217951,0.43375954031944275,0.6806319355964661,-0.010032101534307003,0.45884132385253906,0.624168872833252,-0.01933043636381626,0.47924038767814636,0.5809504389762878,-0.028283599764108658,0.4019985795021057,0.5857462286949158,0.0018917728448286653,0.4264795780181885,0.5175542235374451,-0.021175645291805267,0.44851553440093994,0.5245165824890137,-0.040595825761556625,0.46443507075309753,0.5506101250648499,-0.050272971391677856,0.38052892684936523,0.5725772380828857,-0.007783918175846338,0.39250731468200684,0.47635528445243835,-0.019456088542938232,0.4060036838054657,0.4117657542228699,-0.030929069966077805,0.4153446853160858,0.3583899736404419,-0.03914114460349083,0.3586500287055969,0.5848162174224854,-0.021302370354533195,0.3497566878795624,0.49051469564437866,-0.03298899903893471,0.34748131036758423,0.4250829815864563,-0.04346669092774391,0.3473992943763733,0.370311975479126,-0.05057841166853905,0.33787161111831665,0.618518054485321,-0.035971179604530334,0.31550002098083496,0.5563949346542358,-0.04627189785242081,0.30257976055145264,0.5091809630393982,-0.0503341369330883,0.29350924491882324,0.4663536846637726,-0.052640561014413834,nice
0.3671373724937439,0.81222003698349,2.62576577370055e-07,0.40582653880119324,0.7566869258880615,-0.005770556163042784,0.43411320447921753,0.6779811382293701,-0.011975313536822796,0.4586959183216095,0.6222797632217407,-0.021922186017036438,0.47957804799079895,0.5781901478767395,-0.031307101249694824,0.4021185338497162,0.5812646746635437,0.0015325661515817046,0.4261484146118164,0.5110392570495605,-0.022527003660798073,0.44867873191833496,0.5185285210609436,-0.04311225563287735,0.4656983017921448,0.5445573329925537,-0.053438588976860046,0.3801727592945099,0.5677125453948975,-0.0075568389147520065,0.39149776101112366,0.4729233980178833,-0.019473161548376083,0.4047817289829254,0.40868812799453735,-0.031248832121491432,0.41430342197418213,0.354861319065094,-0.03969535231590271,0.3578577935695648,0.5795539021492004,-0.02067020907998085,0.34884506464004517,0.48757404088974,-0.031756866723299026,0.3457496762275696,0.4233093857765198,-0.04096951335668564,0.34530019760131836,0.36935925483703613,-0.04720422998070717,0.3362118899822235,0.6129916906356812,-0.035219769924879074,0.3149411678314209,0.5496881604194641,-0.044344983994960785,0.30299481749534607,0.5016598105430603,-0.047109656035900116,0.2950213849544525,0.4578794836997986,-0.04844866693019867,nice
0.3689940273761749,0.8083808422088623,2.6630738148014643e-07,0.40884020924568176,0.7530274987220764,-0.0063880253583192825,0.4374697208404541,0.6770601272583008,-0.01312525849789381,0.4624042809009552,0.6195675134658813,-0.02331480011343956,0.4829217493534088,0.5726867914199829,-0.03289102017879486,0.40554872155189514,0.579325795173645,0.0003070006787311286,0.4295448064804077,0.5084078907966614,-0.023475460708141327,0.45136791467666626,0.515080988407135,-0.04335771128535271,0.46720021963119507,0.5400872826576233,-0.053221821784973145,0.38385266065597534,0.5655961632728577,-0.008603351190686226,0.3958216607570648,0.46954020857810974,-0.02055864781141281,0.40897509455680847,0.4060301184654236,-0.032304927706718445,0.41791805624961853,0.35229364037513733,-0.040777891874313354,0.3615671396255493,0.5769569873809814,-0.02146962285041809,0.3529339134693146,0.4856299161911011,-0.03306450694799423,0.349794864654541,0.4212687015533447,-0.04281015321612358,0.3488386869430542,0.3667287826538086,-0.04942256212234497,0.3398132920265198,0.6092472076416016,-0.03568126633763313,0.31880074739456177,0.5462703108787537,-0.04527747258543968,0.3068329691886902,0.49941253662109375,-0.048365503549575806,0.2983056902885437,0.45637744665145874,-0.04998831823468208,nice
0.3703072667121887,0.8120901584625244,2.446913924813998e-07,0.4101523458957672,0.7566425800323486,-0.004575657192617655,0.43738511204719543,0.6804608106613159,-0.010592208243906498,0.46257269382476807,0.6251160502433777,-0.0204052422195673,0.4825916290283203,0.5793570280075073,-0.029780151322484016,0.40523460507392883,0.5842006206512451,0.0006459849537350237,0.4295063018798828,0.515887439250946,-0.02214678004384041,0.4510137736797333,0.5220490097999573,-0.040790047496557236,0.4659014940261841,0.5471396446228027,-0.04981779307126999,0.3840029835700989,0.5701513290405273,-0.009310108609497547,0.39588189125061035,0.4732015132904053,-0.02091159299015999,0.40881258249282837,0.4091842770576477,-0.03210819140076637,0.4170842170715332,0.35666489601135254,-0.040116261690855026,0.36214280128479004,0.581354022026062,-0.02291535958647728,0.35277342796325684,0.48767930269241333,-0.03471528738737106,0.34931817650794983,0.4229223132133484,-0.04479381814599037,0.3477824330329895,0.36930105090141296,-0.05157821252942085,0.34104040265083313,0.6149356961250305,-0.037578169256448746,0.3178739547729492,0.5511682629585266,-0.047601860016584396,0.305148184299469,0.5036123991012573,-0.05105431377887726,0.29620349407196045,0.4609930217266083,-0.052937958389520645,nice
0.3700859546661377,0.8229209780693054,2.3016993111468764e-07,0.41086727380752563,0.7678319811820984,-0.004714368376880884,0.43789809942245483,0.6910691261291504,-0.010687747038900852,0.4619855284690857,0.6342785358428955,-0.02040201984345913,0.48357242345809937,0.5892983078956604,-0.02973366342484951,0.40634241700172424,0.592129111289978,0.00012064488691976294,0.4298270046710968,0.5205258131027222,-0.023625429719686508,0.45227310061454773,0.5290558934211731,-0.04367698356509209,0.468237042427063,0.554461658000946,-0.05399099364876747,0.3850562274456024,0.5790767073631287,-0.010076423175632954,0.39567872881889343,0.48216813802719116,-0.022553855553269386,0.40939897298812866,0.41719725728034973,-0.035224709659814835,0.4183645248413086,0.363292932510376,-0.04473930969834328,0.3629484474658966,0.5917526483535767,-0.023958412930369377,0.3529834747314453,0.49832862615585327,-0.03622273728251457,0.3497435748577118,0.43264615535736084,-0.04742739349603653,0.3486468195915222,0.37644046545028687,-0.055387336760759354,0.3419032692909241,0.6256178617477417,-0.03891770914196968,0.31852588057518005,0.5618636608123779,-0.049341391772031784,0.3056710362434387,0.513866662979126,-0.053558818995952606,0.2966960668563843,0.46951979398727417,-0.056336723268032074,nice
0.36384814977645874,0.8270798921585083,1.9829666086934594e-07,0.4071003496646881,0.7748839259147644,-0.002491533989086747,0.43815237283706665,0.7044588923454285,-0.009352860040962696,0.46561992168426514,0.6568242311477661,-0.020429402589797974,0.4873364567756653,0.615157425403595,-0.030961353331804276,0.40828973054885864,0.6006773114204407,-0.0001079680587281473,0.43800339102745056,0.537306547164917,-0.026020999997854233,0.4620889723300934,0.5572826862335205,-0.04786686599254608,0.4783402681350708,0.5904291868209839,-0.05894716456532478,0.39005517959594727,0.5881749391555786,-0.011740808375179768,0.4057425260543823,0.49384045600891113,-0.025639763101935387,0.4241149127483368,0.4316207766532898,-0.03856387734413147,0.43738317489624023,0.3782491981983185,-0.04790639877319336,0.3694847822189331,0.6002772450447083,-0.0269042756408453,0.36270126700401306,0.5053742527961731,-0.039716798812150955,0.3636726140975952,0.43940895795822144,-0.049923721700906754,0.36580368876457214,0.3817225396633148,-0.05688202381134033,0.3500772714614868,0.6338286995887756,-0.04304792732000351,0.33023715019226074,0.5665040612220764,-0.05302649363875389,0.32137030363082886,0.5155417323112488,-0.05607031658291817,0.3156092166900635,0.46753785014152527,-0.05791853368282318,nice
0.3657195270061493,0.8282872438430786,2.3987701069927425e-07,0.40890204906463623,0.7763381600379944,-0.002550393808633089,0.4429064989089966,0.7106334567070007,-0.00978981051594019,0.47277846932411194,0.6684878468513489,-0.02142302878201008,0.49638140201568604,0.629126787185669,-0.03278357535600662,0.41480782628059387,0.6030634045600891,-0.000462640862679109,0.44476741552352905,0.5408225655555725,-0.026072373613715172,0.46896684169769287,0.5617905259132385,-0.04753665253520012,0.4851057827472687,0.5946037173271179,-0.0584392324090004,0.39733055233955383,0.5904070734977722,-0.012613494880497456,0.41472917795181274,0.49935591220855713,-0.026837937533855438,0.43392109870910645,0.4359842538833618,-0.04126473143696785,0.44735902547836304,0.381135493516922,-0.05199466645717621,0.3771297037601471,0.6026723384857178,-0.028133349493145943,0.3726218342781067,0.5071699023246765,-0.040998753160238266,0.3752463757991791,0.4415077567100525,-0.05244045332074165,0.3792468011379242,0.38459572196006775,-0.06061196327209473,0.3575041890144348,0.6361525058746338,-0.044567253440618515,0.34045693278312683,0.5674701929092407,-0.05433747172355652,0.33331263065338135,0.5173200964927673,-0.05774343013763428,0.32928895950317383,0.47108668088912964,-0.06006630137562752,nice
0.36404040455818176,0.8334783315658569,2.3838222773520101e-07,0.4083625376224518,0.7792438268661499,-0.0022534802556037903,0.44204238057136536,0.7100365161895752,-0.009157583117485046,0.471075177192688,0.6647182703018188,-0.02069561742246151,0.4943554699420929,0.6237760186195374,-0.03197668492794037,0.414614200592041,0.6059622168540955,0.001726138754747808,0.44231146574020386,0.5421689748764038,-0.024106649681925774,0.4655117392539978,0.5625331401824951,-0.04616071656346321,0.481244295835495,0.5953933596611023,-0.05746688321232796,0.3962147831916809,0.5929019451141357,-0.010889478959143162,0.4128027856349945,0.4993371367454529,-0.025230851024389267,0.43175140023231506,0.43437469005584717,-0.040225349366664886,0.4454995095729828,0.3784692883491516,-0.051291365176439285,0.3753654360771179,0.6051285266876221,-0.027079587802290916,0.37015920877456665,0.5088238716125488,-0.04026100039482117,0.372488409280777,0.44236212968826294,-0.05216887965798378,0.37691330909729004,0.38493582606315613,-0.060583874583244324,0.35523369908332825,0.6387218832969666,-0.044239941984415054,0.33715471625328064,0.5689813494682312,-0.054456304758787155,0.32940319180488586,0.517233669757843,-0.05830198898911476,0.3253430724143982,0.46925002336502075,-0.06094149500131607,nice
0.36331045627593994,0.8403230905532837,2.4300953782585566e-07,0.405701220035553,0.784853994846344,-0.0031388602219522,0.4382355511188507,0.7135372757911682,-0.00972641259431839,0.46694695949554443,0.666642963886261,-0.020783115178346634,0.4895656406879425,0.6255836486816406,-0.0313531830906868,0.4087347984313965,0.608566164970398,0.0027061845175921917,0.4354904294013977,0.5439332723617554,-0.022453760728240013,0.4594901204109192,0.5617793202400208,-0.04377566650509834,0.47607526183128357,0.5939363241195679,-0.05446965619921684,0.390244722366333,0.5957688093185425,-0.00911538302898407,0.4055907130241394,0.501839280128479,-0.022553153336048126,0.42297640442848206,0.43705499172210693,-0.03659609332680702,0.43532878160476685,0.3803451657295227,-0.04683983698487282,0.36927589774131775,0.6072149872779846,-0.024678198620676994,0.3630567193031311,0.5116801261901855,-0.037270687520504,0.36455053091049194,0.44575369358062744,-0.04803433641791344,0.368000864982605,0.38823097944259644,-0.05549675226211548,0.34815698862075806,0.6403096914291382,-0.041354890912771225,0.3286881446838379,0.5721815824508667,-0.05101621896028519,0.3202817440032959,0.5217790603637695,-0.053860556334257126,0.3157311677932739,0.47476422786712646,-0.055582474917173386,nice
0.3603619337081909,0.8382304906845093,2.301941037785582e-07,0.4028332531452179,0.782525360584259,-0.0030357043724507093,0.4353395700454712,0.708571195602417,-0.009203239344060421,0.4632797837257385,0.6590348482131958,-0.01967543177306652,0.4861447215080261,0.6164532899856567,-0.029718460515141487,0.40376219153404236,0.6057160496711731,0.0017770881531760097,0.42937904596328735,0.5371626019477844,-0.02348273992538452,0.4536186456680298,0.5534897446632385,-0.04482853412628174,0.47051340341567993,0.5853371620178223,-0.05542604252696037,0.38495302200317383,0.5930951833724976,-0.00955536775290966,0.39864063262939453,0.4985995292663574,-0.022930080071091652,0.41625314950942993,0.43325209617614746,-0.03680772706866264,0.4286333918571472,0.3779469430446625,-0.04691758006811142,0.3643462359905243,0.6051456332206726,-0.024533092975616455,0.3577234148979187,0.5102239847183228,-0.03647337481379509,0.35895130038261414,0.44467735290527344,-0.04734227433800697,0.3618723154067993,0.38814476132392883,-0.055003222078084946,0.34445396065711975,0.6383928656578064,-0.04063529148697853,0.32427218556404114,0.5720963478088379,-0.04989966005086899,0.3152032196521759,0.5224490761756897,-0.053165022283792496,0.3096383213996887,0.4768286943435669,-0.05521504580974579,nice
0.360270619392395,0.8362875580787659,2.4425003175565507e-07,0.40173134207725525,0.783126711845398,-0.00522567005828023,0.4340352416038513,0.7075222730636597,-0.01187192928045988,0.46195799112319946,0.6564081907272339,-0.022186407819390297,0.48296499252319336,0.6129437685012817,-0.0319039411842823,0.3999071419239044,0.6037835478782654,-0.0008130429778248072,0.42553725838661194,0.532720685005188,-0.02638188749551773,0.4488113522529602,0.5505532622337341,-0.048157088458538055,0.46422362327575684,0.5831135511398315,-0.05903084948658943,0.38012242317199707,0.5908087491989136,-0.010941294021904469,0.39475712180137634,0.49526864290237427,-0.024467462673783302,0.41294798254966736,0.4311066269874573,-0.03870629891753197,0.426266610622406,0.37687477469444275,-0.049225132912397385,0.3592901825904846,0.6032694578170776,-0.024832647293806076,0.35318517684936523,0.5091276168823242,-0.036845821887254715,0.3545893728733063,0.44403254985809326,-0.048464953899383545,0.3578462302684784,0.38768553733825684,-0.05683782324194908,0.3395148515701294,0.637284517288208,-0.04000941291451454,0.32081615924835205,0.5709085464477539,-0.04932855814695358,0.31177055835723877,0.5214323997497559,-0.05313155800104141,0.3059737980365753,0.4756142497062683,-0.05578846484422684,nice
0.36094382405281067,0.8387088179588318,2.2876332650412223e-07,0.4019671678543091,0.7821265459060669,-0.004593804478645325,0.43288305401802063,0.7037210464477539,-0.01133813988417387,0.4622397720813751,0.652438759803772,-0.02208579331636429,0.4869900643825531,0.6120017170906067,-0.032223038375377655,0.3978942930698395,0.6021252870559692,0.0011171193327754736,0.42360541224479675,0.5347867012023926,-0.02440696768462658,0.44775646924972534,0.554521918296814,-0.046183791011571884,0.4633369445800781,0.5877878069877625,-0.057297784835100174,0.3786633610725403,0.5900494456291199,-0.009838520549237728,0.39160364866256714,0.4949355125427246,-0.023652074858546257,0.40978631377220154,0.43055737018585205,-0.03769073262810707,0.4227775037288666,0.3763701617717743,-0.047995299100875854,0.3583860993385315,0.6038172245025635,-0.024750221520662308,0.35056328773498535,0.5076226592063904,-0.03754659369587898,0.35141587257385254,0.4410666227340698,-0.04935735836625099,0.3541024625301361,0.3833276927471161,-0.05772969499230385,0.3397602438926697,0.6397936344146729,-0.04089806228876114,0.31774234771728516,0.5742542147636414,-0.05118359252810478,0.3069794178009033,0.523957371711731,-0.0554974190890789,0.2998183071613312,0.47652775049209595,-0.058501213788986206,nice
0.35998886823654175,0.8401108384132385,2.3650056846236112e-07,0.401207834482193,0.7852916717529297,-0.005152724217623472,0.4328298568725586,0.7089093923568726,-0.012239838019013405,0.46237272024154663,0.6556575894355774,-0.02314271405339241,0.4842492640018463,0.6108095645904541,-0.033690355718135834,0.3992077112197876,0.6073091626167297,-0.0013527567498385906,0.42512938380241394,0.539707362651825,-0.02665013261139393,0.44756460189819336,0.5527452826499939,-0.04743004962801933,0.46211326122283936,0.5832642316818237,-0.05768934637308121,0.37908798456192017,0.5947321653366089,-0.012021970003843307,0.3916532099246979,0.4968312382698059,-0.025921354070305824,0.4084264039993286,0.43085670471191406,-0.03933814913034439,0.42038965225219727,0.3764587342739105,-0.04900656268000603,0.35789215564727783,0.6082913875579834,-0.026428116485476494,0.3497564196586609,0.5122888088226318,-0.03978899493813515,0.3502660095691681,0.4459560513496399,-0.05126246437430382,0.3527030944824219,0.38940125703811646,-0.05915253981947899,0.3380832374095917,0.6432344913482666,-0.04196561872959137,0.31611937284469604,0.5771938562393188,-0.053088922053575516,0.30542102456092834,0.5273113250732422,-0.05736280232667923,0.29839634895324707,0.4810405373573303,-0.060031674802303314,nice
0.35971683263778687,0.8422101736068726,2.4397266429332376e-07,0.4013878107070923,0.7891576290130615,-0.004891891032457352,0.43373608589172363,0.7124959230422974,-0.011084984987974167,0.4617454707622528,0.660120964050293,-0.021208221092820168,0.48260384798049927,0.6174866557121277,-0.03077356517314911,0.3972482681274414,0.6074283123016357,0.001967363990843296,0.42479366064071655,0.5441734790802002,-0.02260201796889305,0.4476587474346161,0.5565657615661621,-0.043164655566215515,0.46190202236175537,0.5876812934875488,-0.053168103098869324,0.37676140666007996,0.5940062999725342,-0.008498466573655605,0.38949406147003174,0.49667495489120483,-0.021459482610225677,0.4054241180419922,0.4300547242164612,-0.03427011892199516,0.41622358560562134,0.37517884373664856,-0.04325483366847038,0.35589486360549927,0.6060057282447815,-0.022922325879335403,0.347709059715271,0.5117974877357483,-0.035641588270664215,0.346868634223938,0.44436368346214294,-0.04659561812877655,0.34738078713417053,0.38755708932876587,-0.05388924479484558,0.33606961369514465,0.6398433446884155,-0.03857771307229996,0.31382861733436584,0.5756722688674927,-0.049236975610256195,0.3025064766407013,0.5264043807983398,-0.05296787619590759,0.29479604959487915,0.48085111379623413,-0.055028945207595825,nice
0.3578965365886688,0.8433629274368286,2.5899126399053785e-07,0.39932599663734436,0.7869046926498413,-0.004801089875400066,0.4306057095527649,0.7104402780532837,-0.011578572914004326,0.45903557538986206,0.6590111255645752,-0.02232651598751545,0.48077788949012756,0.6165984869003296,-0.032512858510017395,0.3947163224220276,0.6078010201454163,-0.00032760584144853055,0.4220362901687622,0.5447729825973511,-0.02501719631254673,0.4447995126247406,0.5560386180877686,-0.045106299221515656,0.45950064063072205,0.5856631994247437,-0.05488975718617439,0.3732702136039734,0.5943325757980347,-0.011161664500832558,0.38462796807289124,0.49463745951652527,-0.024483531713485718,0.3996576964855194,0.42747247219085693,-0.0368788056075573,0.41010892391204834,0.3732024133205414,-0.04558109492063522,0.35142284631729126,0.6076899766921997,-0.02574259787797928,0.3384358584880829,0.5130017995834351,-0.039143044501543045,0.33533716201782227,0.44669121503829956,-0.04997832328081131,0.3349478840827942,0.3908767104148865,-0.05707801133394241,0.3314850926399231,0.644086480140686,-0.04144475981593132,0.3068010210990906,0.5801828503608704,-0.05237248167395592,0.29456809163093567,0.5320795178413391,-0.05589338764548302,0.28646570444107056,0.48796308040618896,-0.05782341957092285,nice
0.35946235060691833,0.8432201743125916,2.7330074203746335e-07,0.39957118034362793,0.7858831882476807,-0.004448306746780872,0.4301404058933258,0.711147665977478,-0.011679012328386307,0.4579232633113861,0.6604131460189819,-0.022850532084703445,0.47816768288612366,0.6169520020484924,-0.03341161087155342,0.39356350898742676,0.60965895652771,-0.0011763874208554626,0.42083480954170227,0.5478490591049194,-0.02616904117166996,0.44373613595962524,0.5592302680015564,-0.046447575092315674,0.4585760235786438,0.5886380076408386,-0.05634888634085655,0.37212157249450684,0.5961579084396362,-0.012157201766967773,0.3819989562034607,0.4974062442779541,-0.026198899373412132,0.39776039123535156,0.42953571677207947,-0.038631588220596313,0.4092593789100647,0.37458547949790955,-0.047117121517658234,0.3503463864326477,0.6090235710144043,-0.02675730548799038,0.33656084537506104,0.5146143436431885,-0.040532730519771576,0.3322996497154236,0.4474796652793884,-0.05140649527311325,0.33115434646606445,0.39062654972076416,-0.058345165103673935,0.3305526375770569,0.6451104879379272,-0.0423835813999176,0.3043980002403259,0.583523690700531,-0.053250230848789215,0.29114270210266113,0.5366715788841248,-0.05660826712846756,0.2824413776397705,0.49323761463165283,-0.05827227234840393,nice
0.3595027029514313,0.8426375985145569,2.8294519438532006e-07,0.39954259991645813,0.7843202352523804,-0.0052298326045274734,0.4304892122745514,0.7104559540748596,-0.01307694148272276,0.4582686424255371,0.6602457761764526,-0.024831945076584816,0.4789481461048126,0.618108332157135,-0.03587670624256134,0.39292141795158386,0.6074520349502563,-0.0013835268327966332,0.4219417870044708,0.5467406511306763,-0.026681968942284584,0.4458123743534088,0.5595107674598694,-0.047581519931554794,0.4611280560493469,0.5900904536247253,-0.05800029635429382,0.3714122176170349,0.5936976075172424,-0.012208623811602592,0.38177987933158875,0.49568241834640503,-0.025853976607322693,0.39704644680023193,0.4286595582962036,-0.03831204026937485,0.4075407385826111,0.374237596988678,-0.047009240835905075,0.34921517968177795,0.6065036058425903,-0.026798132807016373,0.3358367085456848,0.5120134353637695,-0.04067584127187729,0.3300822973251343,0.445480078458786,-0.05191550776362419,0.3270292282104492,0.38984066247940063,-0.059165675193071365,0.32815802097320557,0.6429360508918762,-0.04246324300765991,0.30075743794441223,0.5826632380485535,-0.05405271053314209,0.28589698672294617,0.5370293259620667,-0.05791931599378586,0.27553802728652954,0.49518007040023804,-0.05986151099205017,nice
0.3595377802848816,0.8420315980911255,2.6599255420478585e-07,0.3999726474285126,0.7868461608886719,-0.005053661298006773,0.42985400557518005,0.7120239734649658,-0.01221825834363699,0.45754411816596985,0.6607831120491028,-0.023279432207345963,0.47796255350112915,0.6171858906745911,-0.03382587805390358,0.3930446207523346,0.6103664040565491,-0.0014244202757254243,0.42147135734558105,0.5461772680282593,-0.02714313380420208,0.4444589614868164,0.558822751045227,-0.048286400735378265,0.4587801694869995,0.5900702476501465,-0.05865788459777832,0.3718542158603668,0.5967220664024353,-0.011988427489995956,0.3832166790962219,0.5000733733177185,-0.02590450830757618,0.3995097875595093,0.43242669105529785,-0.03867733106017113,0.4111306667327881,0.37696361541748047,-0.047691710293293,0.35009339451789856,0.6097788214683533,-0.026361066848039627,0.3388291597366333,0.5166948437690735,-0.03990299254655838,0.3343456983566284,0.44876939058303833,-0.05116927623748779,0.3326335847377777,0.3913630247116089,-0.05864614620804787,0.3296917974948883,0.6458682417869568,-0.041845496743917465,0.30404171347618103,0.584723711013794,-0.052950646728277206,0.29079267382621765,0.5374168157577515,-0.05674796923995018,0.2822719216346741,0.493536114692688,-0.05884803086519241,nice
0.3586021065711975,0.8424787521362305,2.744605751558993e-07,0.3988594114780426,0.7870903015136719,-0.005698393099009991,0.429977148771286,0.7127732634544373,-0.013168280944228172,0.4579671025276184,0.6613258123397827,-0.024397099390625954,0.47838711738586426,0.6185169816017151,-0.03515194356441498,0.3942629098892212,0.6107067465782166,-0.0020686578936874866,0.42259103059768677,0.5454000234603882,-0.027430156245827675,0.4450000524520874,0.5583916902542114,-0.0481044203042984,0.45891135931015015,0.5906965136528015,-0.058105919510126114,0.3733454644680023,0.5971152186393738,-0.012343482114374638,0.3864554762840271,0.49943771958351135,-0.02564980648458004,0.4029771387577057,0.4317135214805603,-0.03791618347167969,0.41457244753837585,0.37750837206840515,-0.04654408618807793,0.35146385431289673,0.6104762554168701,-0.026477592065930367,0.3426814675331116,0.5142916440963745,-0.039849091321229935,0.3392924964427948,0.4452497661113739,-0.051357097923755646,0.3382454514503479,0.38862165808677673,-0.05898035690188408,0.33051788806915283,0.6473931074142456,-0.04172962158918381,0.3057091236114502,0.5856045484542847,-0.05331235006451607,0.2921864986419678,0.5376110076904297,-0.05764627456665039,0.28301018476486206,0.493834912776947,-0.05999656021595001,nice
0.3587392270565033,0.8401066064834595,2.7077928166363563e-07,0.39991992712020874,0.7851700782775879,-0.00526926526799798,0.431415855884552,0.7122235894203186,-0.01260925643146038,0.4594328999519348,0.662526547908783,-0.0237328689545393,0.47973641753196716,0.6205672025680542,-0.03435986861586571,0.39373353123664856,0.6093013882637024,-0.0014851520536467433,0.42414283752441406,0.5463041663169861,-0.027045365422964096,0.4475291073322296,0.560696542263031,-0.0483277253806591,0.4616180658340454,0.5928331613540649,-0.0587984062731266,0.3736917972564697,0.5956857204437256,-0.012096262536942959,0.38783156871795654,0.49828916788101196,-0.025389553979039192,0.4045866131782532,0.4306144416332245,-0.03813870623707771,0.41586846113204956,0.375713050365448,-0.04720865935087204,0.35244327783584595,0.6085795760154724,-0.02654372900724411,0.34447968006134033,0.5116698741912842,-0.04000129923224449,0.3412250876426697,0.4429991841316223,-0.051889367401599884,0.33992719650268555,0.3861454725265503,-0.05976896360516548,0.3318851590156555,0.6446248292922974,-0.04204133152961731,0.3060045838356018,0.5833361148834229,-0.05372888967394829,0.2921346426010132,0.5354983806610107,-0.05817148834466934,0.2826189696788788,0.4919494390487671,-0.06060238555073738,nice
0.35977065563201904,0.840950608253479,2.55590208553258e-07,0.40061813592910767,0.7858198881149292,-0.00484638474881649,0.4318447411060333,0.7118324041366577,-0.011986768804490566,0.4601598083972931,0.6615846157073975,-0.022990869358181953,0.48040127754211426,0.6187922358512878,-0.033519454300403595,0.3951532542705536,0.6078380942344666,-0.0014206935884431005,0.42516282200813293,0.5437389612197876,-0.027048710733652115,0.4480970501899719,0.5579898357391357,-0.04829999431967735,0.46163806319236755,0.5909641981124878,-0.05872507020831108,0.3746882379055023,0.5943664312362671,-0.012199558317661285,0.3876081109046936,0.4964880347251892,-0.02564375475049019,0.4048214256763458,0.42975562810897827,-0.03833010047674179,0.41659989953041077,0.3762507736682892,-0.047361258417367935,0.3534351587295532,0.6079164743423462,-0.026775328442454338,0.3441322445869446,0.5110746026039124,-0.0400528684258461,0.34079092741012573,0.4415442943572998,-0.05183965712785721,0.339627206325531,0.383523553609848,-0.05975714325904846,0.33338263630867004,0.6449159383773804,-0.04237839952111244,0.3064213991165161,0.5828864574432373,-0.05374716967344284,0.2927207350730896,0.5343762040138245,-0.0581001453101635,0.283694326877594,0.489692747592926,-0.06055975332856178,nice
0.35907304286956787,0.845238208770752,2.670268486326677e-07,0.39952123165130615,0.7883260250091553,-0.005270366091281176,0.4306020140647888,0.7130329608917236,-0.01241143885999918,0.4590810537338257,0.6625386476516724,-0.02340615913271904,0.4798462390899658,0.6195424199104309,-0.033925484865903854,0.3947967290878296,0.6098185181617737,-0.00040355694363825023,0.424966037273407,0.5466374754905701,-0.025966214016079903,0.4472094774246216,0.5602054595947266,-0.04732988402247429,0.46028342843055725,0.5927069783210754,-0.05783209577202797,0.3739304542541504,0.5952298045158386,-0.01091646309942007,0.38795268535614014,0.49733853340148926,-0.02402251586318016,0.4048706293106079,0.43040916323661804,-0.03676572069525719,0.4168233275413513,0.37704282999038696,-0.04584706947207451,0.3519408106803894,0.607989490032196,-0.0253787562251091,0.34371188282966614,0.5115813612937927,-0.03846326842904091,0.3406956195831299,0.4422428011894226,-0.05040530860424042,0.34007614850997925,0.3844694495201111,-0.058529794216156006,0.3308665454387665,0.6447687149047852,-0.04094433784484863,0.3058790862560272,0.5838289856910706,-0.05212904140353203,0.292634516954422,0.5361863970756531,-0.056399811059236526,0.2837609350681305,0.4923240840435028,-0.05889694392681122,nice
0.3573620021343231,0.8471500277519226,2.556600691150379e-07,0.39827048778533936,0.791658341884613,-0.005305214319378138,0.43071842193603516,0.7139884233474731,-0.012195877730846405,0.4600084125995636,0.6618332862854004,-0.022883769124746323,0.48125845193862915,0.6181268692016602,-0.03303534910082817,0.3949562609195709,0.6091922521591187,-0.0007664650329388678,0.4243939518928528,0.5456933379173279,-0.02608976885676384,0.4475838243961334,0.5596725940704346,-0.04701944813132286,0.46166759729385376,0.592453122138977,-0.05720636993646622,0.37393274903297424,0.5954837799072266,-0.011337745934724808,0.3862992525100708,0.497668594121933,-0.024648208171129227,0.40268319845199585,0.4295126497745514,-0.03732892498373985,0.41414663195610046,0.3755779564380646,-0.046254005283117294,0.35191598534584045,0.6094538569450378,-0.025809410959482193,0.3429054319858551,0.5118752121925354,-0.03934783115983009,0.33993926644325256,0.44238004088401794,-0.05115876719355583,0.33925843238830566,0.3850330114364624,-0.05897063761949539,0.33100828528404236,0.6471619009971619,-0.04135525971651077,0.30532413721084595,0.5846005082130432,-0.05321488156914711,0.2919844388961792,0.5357739925384521,-0.057803601026535034,0.2830961346626282,0.4910292625427246,-0.06029367446899414,nice
0.35751989483833313,0.8442506790161133,2.758358732535271e-07,0.39851120114326477,0.787570595741272,-0.005833677016198635,0.43111374974250793,0.7137300372123718,-0.013395357877016068,0.4599272608757019,0.6622501015663147,-0.024712074548006058,0.4807417392730713,0.6182218194007874,-0.035572659224271774,0.39606013894081116,0.6105902791023254,-0.0014922673581168056,0.42417237162590027,0.5481034517288208,-0.026601091027259827,0.4471947252750397,0.5604115724563599,-0.04736240580677986,0.4624541401863098,0.5912370681762695,-0.05759432911872864,0.3747272193431854,0.5965527296066284,-0.011952078901231289,0.38781973719596863,0.49901312589645386,-0.02537710964679718,0.4036294221878052,0.43044745922088623,-0.03817617520689964,0.41478756070137024,0.37519440054893494,-0.04728405550122261,0.3522151708602905,0.609626829624176,-0.026283226907253265,0.3438798189163208,0.5123417377471924,-0.040118686854839325,0.3410912752151489,0.4435175657272339,-0.05229569226503372,0.3407784402370453,0.3868730664253235,-0.06032848358154297,0.3308260440826416,0.6463857293128967,-0.04169496148824692,0.30549776554107666,0.5839679837226868,-0.05358002334833145,0.29147806763648987,0.536138653755188,-0.05828582122921944,0.2818028926849365,0.49258124828338623,-0.060908976942300797,nice
0.3593330681324005,0.8413031101226807,2.6671909836295526e-07,0.39993634819984436,0.7863653302192688,-0.005408794619143009,0.43116533756256104,0.712293267250061,-0.012756036594510078,0.4597213864326477,0.6619882583618164,-0.023746931925415993,0.48139458894729614,0.6204922199249268,-0.034302566200494766,0.3964773118495941,0.6113861799240112,-0.0031600843649357557,0.4253676235675812,0.5493128299713135,-0.028453757986426353,0.4481395483016968,0.5622619390487671,-0.048879027366638184,0.46255728602409363,0.5933945775032043,-0.05884837731719017,0.3749701976776123,0.5982591509819031,-0.013773138634860516,0.38742777705192566,0.498672753572464,-0.027600161731243134,0.4031456708908081,0.43039974570274353,-0.04002457484602928,0.4141257703304291,0.3748113214969635,-0.0487651452422142,0.35274189710617065,0.612273097038269,-0.02805645577609539,0.34332630038261414,0.513918936252594,-0.04217914864420891,0.3403351604938507,0.4446479380130768,-0.053848814219236374,0.3398202061653137,0.38703593611717224,-0.061456385999917984,0.3315688967704773,0.6494442820549011,-0.04331804811954498,0.30595919489860535,0.5853828191757202,-0.05528359115123749,0.2924157381057739,0.5367743372917175,-0.05958527699112892,0.2833123207092285,0.49228614568710327,-0.06193086877465248,nice
0.3581031262874603,0.8453023433685303,2.6433889388499665e-07,0.3990882337093353,0.7896983027458191,-0.005371361970901489,0.43051663041114807,0.7133578658103943,-0.012352141551673412,0.45998936891555786,0.6628456711769104,-0.023163536563515663,0.4821573495864868,0.6213338971138,-0.03346816822886467,0.3949223458766937,0.6118361353874207,-0.0008956988458521664,0.4251786470413208,0.5502750277519226,-0.026319220662117004,0.4485144019126892,0.5629211664199829,-0.04724366217851639,0.46300172805786133,0.5944570302963257,-0.05747770890593529,0.37396231293678284,0.5975261330604553,-0.011309831403195858,0.38732999563217163,0.499914288520813,-0.024556495249271393,0.40313485264778137,0.4317101240158081,-0.036941394209861755,0.41388463973999023,0.37587112188339233,-0.04569972679018974,0.35211634635925293,0.6104134321212769,-0.025645194575190544,0.34394893050193787,0.5141770839691162,-0.03904641047120094,0.3409121036529541,0.44518759846687317,-0.050561726093292236,0.33995938301086426,0.38750940561294556,-0.058181390166282654,0.33118656277656555,0.646763801574707,-0.041103068739175797,0.30645862221717834,0.5855621099472046,-0.05265718325972557,0.29282253980636597,0.5377531051635742,-0.05694342032074928,0.2835119962692261,0.4937015175819397,-0.05928494781255722,nice
0.35991424322128296,0.843882143497467,2.618363623696496e-07,0.4006178081035614,0.7855138778686523,-0.004106201231479645,0.4308508336544037,0.710867702960968,-0.010827356949448586,0.458449125289917,0.6610162258148193,-0.021624596789479256,0.4799116551876068,0.6195828914642334,-0.03204118460416794,0.3957170248031616,0.6097517013549805,-0.00011259653547313064,0.4260078966617584,0.5465990304946899,-0.025673670694231987,0.4488428235054016,0.5586192607879639,-0.04700721055269241,0.4627828001976013,0.589844822883606,-0.057508621364831924,0.3747096657752991,0.5957430601119995,-0.011219850741326809,0.3883459270000458,0.49736523628234863,-0.02426900528371334,0.4033192992210388,0.4288041591644287,-0.03703843802213669,0.41289764642715454,0.3732491731643677,-0.04618265852332115,0.35267582535743713,0.6088905334472656,-0.026115838438272476,0.3443475067615509,0.5118428468704224,-0.03942927345633507,0.34043294191360474,0.4424296021461487,-0.05151642486453056,0.33859121799468994,0.3849027156829834,-0.05962326377630234,0.33130884170532227,0.6457752585411072,-0.041938841342926025,0.30550211668014526,0.5849385261535645,-0.0535733662545681,0.29154735803604126,0.5375277400016785,-0.058091141283512115,0.2821305990219116,0.4944843053817749,-0.06059812009334564,nice
0.35932838916778564,0.844451367855072,2.750029750586691e-07,0.40057840943336487,0.7880098223686218,-0.0063797784969210625,0.4338966906070709,0.7108277082443237,-0.013549241237342358,0.46397846937179565,0.6585787534713745,-0.02447865530848503,0.48564445972442627,0.6155979633331299,-0.034846335649490356,0.39718735218048096,0.6083555221557617,-0.000624768843408674,0.4277411103248596,0.5443964004516602,-0.02618752233684063,0.4512903690338135,0.5571727156639099,-0.04731612280011177,0.4661402702331543,0.5886594653129578,-0.057609669864177704,0.3758811354637146,0.5942414999008179,-0.01069247629493475,0.3893265724182129,0.4970141053199768,-0.023803088814020157,0.40473461151123047,0.42917001247406006,-0.0363270603120327,0.41478443145751953,0.37376275658607483,-0.04518618434667587,0.35355016589164734,0.6077820062637329,-0.024878280237317085,0.3448096513748169,0.5116534233093262,-0.03816969320178032,0.34205785393714905,0.4430209994316101,-0.04930320754647255,0.34129518270492554,0.3859090805053711,-0.05658065527677536,0.3319612443447113,0.6446114182472229,-0.04034615308046341,0.307232528924942,0.581378161907196,-0.051810603588819504,0.2941429316997528,0.5328779220581055,-0.055792536586523056,0.2854267358779907,0.48829495906829834,-0.057809535413980484,nice
0.3590397834777832,0.848551869392395,2.441874187297799e-07,0.4006289839744568,0.790735125541687,-0.005376732908189297,0.4316803216934204,0.7121851444244385,-0.012181038036942482,0.46113479137420654,0.659579336643219,-0.023037884384393692,0.48427656292915344,0.6168538928031921,-0.033412862569093704,0.3969360888004303,0.6091614961624146,0.00045844767009839416,0.42645886540412903,0.5461688041687012,-0.025475328788161278,0.44944310188293457,0.5570605993270874,-0.04684343561530113,0.4638826549053192,0.5882732272148132,-0.057210471481084824,0.37507787346839905,0.5950183868408203,-0.010228817351162434,0.38611096143722534,0.49388769268989563,-0.023284832015633583,0.39850085973739624,0.4245451092720032,-0.03588728606700897,0.4056161046028137,0.36722251772880554,-0.04483360797166824,0.3532370924949646,0.6090901494026184,-0.02491060271859169,0.3434165418148041,0.5133846402168274,-0.037978220731019974,0.33987119793891907,0.4464491605758667,-0.04840122535824776,0.3376710116863251,0.3895547688007355,-0.05523354932665825,0.3327672481536865,0.6462355256080627,-0.04085846245288849,0.31053081154823303,0.5828269720077515,-0.051859162747859955,0.2984495759010315,0.5345173478126526,-0.05509079620242119,0.2897019386291504,0.4899217188358307,-0.05662639066576958,nice
0.358553946018219,0.8476991653442383,2.338414191171978e-07,0.40035727620124817,0.7915819883346558,-0.005101850256323814,0.4323749542236328,0.7130692005157471,-0.011372648179531097,0.4613773822784424,0.6608198285102844,-0.02145918644964695,0.48481059074401855,0.6196303963661194,-0.031035182997584343,0.397951602935791,0.6109610199928284,-0.0008105439483188093,0.426713764667511,0.5474821925163269,-0.02652422897517681,0.4492951035499573,0.557947039604187,-0.04725974425673485,0.4633635878562927,0.5888824462890625,-0.057100843638181686,0.3752627968788147,0.5968660712242126,-0.011329256929457188,0.3862791359424591,0.49351659417152405,-0.024411309510469437,0.3987279236316681,0.4244547486305237,-0.036441005766391754,0.40586769580841064,0.36744996905326843,-0.04480575770139694,0.3526677191257477,0.6102349162101746,-0.025671210139989853,0.34207311272621155,0.513484001159668,-0.03904038667678833,0.33897554874420166,0.44619569182395935,-0.04960170015692711,0.33761829137802124,0.38916152715682983,-0.05634285509586334,0.3315613865852356,0.6462897062301636,-0.041137322783470154,0.30749741196632385,0.5816782116889954,-0.05260520428419113,0.29456087946891785,0.533509373664856,-0.0560658760368824,0.28537678718566895,0.48915013670921326,-0.05763830244541168,nice
0.3575970530509949,0.8533666729927063,2.3519189085163816e-07,0.3996915817260742,0.7955952882766724,-0.005619370378553867,0.4313413202762604,0.7165536880493164,-0.012631682679057121,0.460778146982193,0.6628668308258057,-0.023517055436968803,0.48399025201797485,0.6187446713447571,-0.0338393859565258,0.39651408791542053,0.6119299530982971,-0.00021785582066513598,0.4246877431869507,0.5482743382453918,-0.026309341192245483,0.44745373725891113,0.5612496137619019,-0.04774551838636398,0.4616347551345825,0.5930684804916382,-0.0580664724111557,0.37379390001296997,0.5981579422950745,-0.010783241130411625,0.38360363245010376,0.4954041540622711,-0.02374517358839512,0.3959035575389862,0.42727404832839966,-0.03618016466498375,0.4033973217010498,0.3707094192504883,-0.04502850025892258,0.3511928617954254,0.612346887588501,-0.02528698742389679,0.3400704562664032,0.5172078609466553,-0.03787160664796829,0.3369843065738678,0.45172005891799927,-0.0474616214632988,0.335994690656662,0.39531850814819336,-0.05377500131726265,0.330098032951355,0.649776816368103,-0.04112241417169571,0.30586323142051697,0.5850118398666382,-0.05113348364830017,0.2941141128540039,0.5367633104324341,-0.05324747413396835,0.28649264574050903,0.4915149211883545,-0.05406005680561066,nice
0.3565230667591095,0.8501472473144531,2.515462540486624e-07,0.39854779839515686,0.7921751737594604,-0.005902348551899195,0.43128207325935364,0.7141585350036621,-0.013243526220321655,0.46131569147109985,0.6620585322380066,-0.024398591369390488,0.4826775789260864,0.6178911924362183,-0.035072069615125656,0.39620763063430786,0.6121811866760254,-0.001858433592133224,0.42354607582092285,0.5494484305381775,-0.027938993647694588,0.44733884930610657,0.5612281560897827,-0.04940294846892357,0.46357330679893494,0.5919139981269836,-0.06003353372216225,0.37376025319099426,0.5992125868797302,-0.012521668337285519,0.38324257731437683,0.4994320869445801,-0.02612948976457119,0.3958953619003296,0.4294557571411133,-0.03907852992415428,0.40416550636291504,0.37124618887901306,-0.04840990528464317,0.3511822521686554,0.6140128374099731,-0.027091320604085922,0.3402422368526459,0.5183889269828796,-0.040708862245082855,0.33636966347694397,0.45042866468429565,-0.051813505589962006,0.33493930101394653,0.3924003839492798,-0.05918854475021362,0.3302522897720337,0.6520456671714783,-0.04290734604001045,0.3057674169540405,0.5889327526092529,-0.05435618385672569,0.2925039529800415,0.5405227541923523,-0.058172788470983505,0.2834663689136505,0.49523359537124634,-0.0601862296462059,nice
0.3572639226913452,0.8503364324569702,2.4403274778705963e-07,0.39810362458229065,0.7943845987319946,-0.005914177745580673,0.4291617274284363,0.7172790765762329,-0.013438515365123749,0.4586338996887207,0.6646090745925903,-0.024655314162373543,0.4813495874404907,0.6210622191429138,-0.03536643460392952,0.3952866792678833,0.6146498918533325,-0.002797144465148449,0.42431479692459106,0.5499210953712463,-0.029367294162511826,0.447417289018631,0.5637853741645813,-0.05081374570727348,0.461680144071579,0.5968655943870544,-0.06107247248291969,0.3733707666397095,0.6015127301216125,-0.013349605724215508,0.38372185826301575,0.49888336658477783,-0.027032852172851562,0.3964008092880249,0.4290393590927124,-0.039773449301719666,0.40398645401000977,0.37216585874557495,-0.04876129701733589,0.3510521948337555,0.6164124608039856,-0.027714034542441368,0.34023529291152954,0.5186474919319153,-0.04136437177658081,0.3368765711784363,0.4504391849040985,-0.05232525244355202,0.3355790674686432,0.39271852374076843,-0.05948080122470856,0.3301101326942444,0.6545590162277222,-0.043228089809417725,0.3052753210067749,0.5906188488006592,-0.05461319908499718,0.29210585355758667,0.5423671007156372,-0.05804533138871193,0.28305584192276,0.4977109432220459,-0.05969353765249252,nice
0.3567437529563904,0.8529164791107178,2.4571099288550613e-07,0.3978409767150879,0.7984097003936768,-0.005675467662513256,0.4294845461845398,0.7182416915893555,-0.01218821108341217,0.45924443006515503,0.6650291681289673,-0.022413916885852814,0.48258349299430847,0.6235290169715881,-0.03214310109615326,0.3938405513763428,0.6151023507118225,-0.0012626408133655787,0.4227083921432495,0.5500271320343018,-0.02668744884431362,0.4465685188770294,0.5637136101722717,-0.04783837869763374,0.4617059826850891,0.5958490371704102,-0.05823477357625961,0.3716714382171631,0.6016345620155334,-0.011582275852560997,0.38301071524620056,0.5011215209960938,-0.024557296186685562,0.396969735622406,0.43191462755203247,-0.03750766068696976,0.40582025051116943,0.3749048113822937,-0.046924181282520294,0.34954583644866943,0.6159878969192505,-0.02572055533528328,0.3402872085571289,0.5191201567649841,-0.038569048047065735,0.3374331593513489,0.451575368642807,-0.04977098107337952,0.3363680839538574,0.39459723234176636,-0.05736560374498367,0.3286941647529602,0.6536048054695129,-0.0410592146217823,0.30504029989242554,0.589909017086029,-0.05160581320524216,0.2926153838634491,0.5415518283843994,-0.05511753261089325,0.28417739272117615,0.4968011677265167,-0.05711757019162178,nice
0.35685092210769653,0.8519532680511475,2.4768681328168896e-07,0.3983243703842163,0.7949881553649902,-0.005300665274262428,0.4298853874206543,0.7155404090881348,-0.011949596926569939,0.45964327454566956,0.6633986830711365,-0.022500593215227127,0.4821248948574066,0.6209145784378052,-0.03249945491552353,0.3945469856262207,0.6143665909767151,-0.00034638322540558875,0.4231625199317932,0.5497731566429138,-0.026326358318328857,0.4465844929218292,0.5628802180290222,-0.04778964817523956,0.46131789684295654,0.595649003982544,-0.05814991891384125,0.372653603553772,0.60059654712677,-0.01094734575599432,0.38371455669403076,0.4994509816169739,-0.0238938108086586,0.39751994609832764,0.42968887090682983,-0.03673657402396202,0.40643900632858276,0.37268027663230896,-0.045979972928762436,0.3503161370754242,0.6142855286598206,-0.02546977438032627,0.3407604694366455,0.51764976978302,-0.03826133534312248,0.3384186029434204,0.44986993074417114,-0.04921934753656387,0.33817970752716064,0.39279577136039734,-0.05662597715854645,0.32909640669822693,0.6512031555175781,-0.04120460897684097,0.305113285779953,0.5884230136871338,-0.05186627432703972,0.2928506135940552,0.5403167009353638,-0.05522444099187851,0.28476178646087646,0.4957887530326843,-0.057043224573135376,nice
0.3580842912197113,0.8519019484519958,2.400879282049573e-07,0.39982351660728455,0.7954473495483398,-0.0052353693172335625,0.431613564491272,0.7158031463623047,-0.011805005371570587,0.4606504738330841,0.6625556349754333,-0.0222232136875391,0.4828563332557678,0.6191047430038452,-0.0320681594312191,0.3957991600036621,0.6116636395454407,-0.00046369159827008843,0.4238014817237854,0.5472304821014404,-0.025894900783896446,0.44743612408638,0.5600143671035767,-0.04696827381849289,0.4627576768398285,0.5919210314750671,-0.05730487406253815,0.37368959188461304,0.5983636379241943,-0.01118452288210392,0.38449105620384216,0.49841082096099854,-0.024194777011871338,0.39811280369758606,0.4292623996734619,-0.03708944842219353,0.40679919719696045,0.37254562973976135,-0.04646860063076019,0.3515334129333496,0.612774133682251,-0.025739949196577072,0.34220224618911743,0.5152257084846497,-0.03873438760638237,0.33914825320243835,0.4475725293159485,-0.049793533980846405,0.33792832493782043,0.39052656292915344,-0.05728576332330704,0.3308277428150177,0.6505807638168335,-0.04147309437394142,0.3065553307533264,0.5864417552947998,-0.05234576389193535,0.29392510652542114,0.5372626185417175,-0.05603897571563721,0.28539395332336426,0.49157142639160156,-0.05810028314590454,nice
0.3583739399909973,0.8517884612083435,2.4795218678264064e-07,0.3997751474380493,0.7927044630050659,-0.005819957237690687,0.43173947930336,0.7149258255958557,-0.01321429293602705,0.46180564165115356,0.6617661714553833,-0.02453974448144436,0.48391562700271606,0.6174966096878052,-0.03549862280488014,0.39749008417129517,0.6141396760940552,-0.0009192621218971908,0.42600876092910767,0.5490352511405945,-0.027162181213498116,0.44881293177604675,0.5600799918174744,-0.048750054091215134,0.46369287371635437,0.5907715559005737,-0.059225987643003464,0.3759610652923584,0.6007453799247742,-0.0116950124502182,0.3872462511062622,0.4987850785255432,-0.02488561160862446,0.40075090527534485,0.4291266202926636,-0.03759663552045822,0.4095892906188965,0.37189945578575134,-0.04669312760233879,0.3539801836013794,0.6151830554008484,-0.026487277820706367,0.34515538811683655,0.5175349116325378,-0.03966927528381348,0.34282973408699036,0.4490293860435486,-0.050671789795160294,0.34247714281082153,0.39138585329055786,-0.05801653861999512,0.33300286531448364,0.6528549194335938,-0.04254917800426483,0.30871322751045227,0.5886868238449097,-0.05374087020754814,0.29626914858818054,0.5397418141365051,-0.05735890939831734,0.28782686591148376,0.49472206830978394,-0.0592658706009388,nice
0.35724949836730957,0.8512718677520752,2.394312446085678e-07,0.39950183033943176,0.7931631207466125,-0.005017655901610851,0.4318525493144989,0.7152180075645447,-0.011342953890562057,0.46134287118911743,0.6645156145095825,-0.021689392626285553,0.483429491519928,0.6217717528343201,-0.03147495910525322,0.3961278796195984,0.6137785911560059,0.0010888953693211079,0.42606881260871887,0.5493271946907043,-0.02472151443362236,0.44944941997528076,0.5624188184738159,-0.046138979494571686,0.46402302384376526,0.5949380397796631,-0.05648867040872574,0.3749070167541504,0.5997162461280823,-0.009611085057258606,0.3872472941875458,0.49984484910964966,-0.022533589974045753,0.40123450756073,0.4307065010070801,-0.0355801060795784,0.4101034998893738,0.37338221073150635,-0.04502265527844429,0.3529023230075836,0.6126829981803894,-0.02436686120927334,0.34513869881629944,0.5160877704620361,-0.03736507147550583,0.34309086203575134,0.44771090149879456,-0.04904073476791382,0.3426090478897095,0.38927191495895386,-0.05696124583482742,0.33165425062179565,0.6484084129333496,-0.04030323028564453,0.30794769525527954,0.5859811902046204,-0.05139131844043732,0.2953907251358032,0.537685215473175,-0.055507492274045944,0.2866579592227936,0.4925132691860199,-0.05789228528738022,nice
0.35752108693122864,0.8517098426818848,2.434766201986349e-07,0.3995121717453003,0.7937000393867493,-0.005703933537006378,0.4319760799407959,0.7154348492622375,-0.012753558345139027,0.4624043405056,0.662339448928833,-0.023674573749303818,0.48528942465782166,0.6192110776901245,-0.034178927540779114,0.39574113488197327,0.615119993686676,-0.0006311353645287454,0.424397349357605,0.5491703152656555,-0.026423167437314987,0.447748601436615,0.5614911913871765,-0.04777710512280464,0.46278637647628784,0.5930234789848328,-0.05816768482327461,0.37421664595603943,0.6015013456344604,-0.011077041737735271,0.38617146015167236,0.5009549856185913,-0.023959118872880936,0.40021204948425293,0.4323844313621521,-0.03677281737327576,0.4093315601348877,0.37535813450813293,-0.04612112417817116,0.35231882333755493,0.6150255799293518,-0.025480197742581367,0.34405291080474854,0.5172283053398132,-0.03820178657770157,0.342388391494751,0.44936031103134155,-0.04936537891626358,0.34253573417663574,0.39175117015838623,-0.05703353136777878,0.33156999945640564,0.6513643264770508,-0.041128091514110565,0.30792325735092163,0.5874031782150269,-0.051588527858257294,0.29618436098098755,0.539146363735199,-0.05511530488729477,0.28831005096435547,0.49480098485946655,-0.05721568688750267,nice
0.35822784900665283,0.850124180316925,2.4100214091049565e-07,0.3996094763278961,0.7938143610954285,-0.005468002520501614,0.43086427450180054,0.7160259485244751,-0.012216427363455296,0.4600764811038971,0.6633951663970947,-0.02275410108268261,0.48314523696899414,0.6213557124137878,-0.0329146645963192,0.39654138684272766,0.6157733798027039,-0.0010797657305374742,0.42507919669151306,0.5512685179710388,-0.026710346341133118,0.44849905371665955,0.5625579953193665,-0.047813933342695236,0.46375128626823425,0.5931429862976074,-0.05813523381948471,0.3751576542854309,0.6022830009460449,-0.011693568900227547,0.3866179585456848,0.5010040402412415,-0.024856900796294212,0.40000826120376587,0.43198126554489136,-0.037769414484500885,0.4083418846130371,0.37598323822021484,-0.04712051898241043,0.35299408435821533,0.6157929301261902,-0.026131730526685715,0.34421101212501526,0.517072319984436,-0.039494045078754425,0.3416455388069153,0.4492126703262329,-0.0508962944149971,0.3408031761646271,0.39237135648727417,-0.0585394911468029,0.33150792121887207,0.6519513726234436,-0.04167371615767479,0.30700480937957764,0.5873334407806396,-0.05302361771464348,0.2942841947078705,0.5385627150535583,-0.056991253048181534,0.28557342290878296,0.49380356073379517,-0.059205539524555206,nice
0.35886645317077637,0.851786732673645,2.4947098609118257e-07,0.3997943103313446,0.7938645482063293,-0.006031264550983906,0.43162623047828674,0.7168287634849548,-0.01331289205700159,0.46154510974884033,0.6658613681793213,-0.024311844259500504,0.4842604994773865,0.6239597797393799,-0.034813422709703445,0.39716997742652893,0.6148174405097961,-0.0014901581453159451,0.4258352518081665,0.5508977770805359,-0.027340060099959373,0.44941502809524536,0.5646456480026245,-0.04869893193244934,0.4649364948272705,0.5972400307655334,-0.059124905616045,0.3756951093673706,0.6019681096076965,-0.011915428563952446,0.3869818449020386,0.502033531665802,-0.024969253689050674,0.4006872773170471,0.4329584240913391,-0.03795377165079117,0.40975749492645264,0.3760489821434021,-0.04741927981376648,0.35357287526130676,0.6168367862701416,-0.02625471167266369,0.3455330431461334,0.5201064944267273,-0.03939827159047127,0.34377577900886536,0.4517394006252289,-0.05087978020310402,0.34394046664237976,0.39404699206352234,-0.05865359306335449,0.33248642086982727,0.6548091769218445,-0.04180773347616196,0.3089333474636078,0.5913619995117188,-0.05317382887005806,0.2964009642601013,0.5424551963806152,-0.05719894543290138,0.2878013253211975,0.49725204706192017,-0.05943043529987335,nice
0.3577495813369751,0.8520116209983826,2.5409394766029436e-07,0.39920738339424133,0.7942771315574646,-0.005482679698616266,0.43069714307785034,0.7176109552383423,-0.012696362100541592,0.4604833722114563,0.6666650176048279,-0.023798853158950806,0.4833049476146698,0.6239914298057556,-0.03451129421591759,0.39684179425239563,0.615359365940094,-0.0008236527792178094,0.42544084787368774,0.5515749454498291,-0.026701392605900764,0.44903838634490967,0.5632660984992981,-0.048052914440631866,0.46460965275764465,0.5941618084907532,-0.058439645916223526,0.3755480945110321,0.6022250652313232,-0.01166103221476078,0.3873043656349182,0.5002227425575256,-0.024672912433743477,0.4010137617588043,0.43093013763427734,-0.03738993778824806,0.40996673703193665,0.37429171800613403,-0.04654758796095848,0.35341742634773254,0.6165224313735962,-0.026421206071972847,0.3452460765838623,0.5186439156532288,-0.039461854845285416,0.34355518221855164,0.4499660134315491,-0.050385355949401855,0.3438207507133484,0.3923267126083374,-0.057711005210876465,0.33178550004959106,0.6536693572998047,-0.04237506538629532,0.3075992465019226,0.5891347527503967,-0.05343184620141983,0.2953455448150635,0.5398149490356445,-0.05687221139669418,0.2872975170612335,0.4940415620803833,-0.05867306888103485,nice
0.3578532040119171,0.8533975481987,2.526770970234793e-07,0.39902105927467346,0.7956648468971252,-0.005355814937502146,0.4309987425804138,0.7173983454704285,-0.012337197549641132,0.4608099162578583,0.6664503216743469,-0.023176295682787895,0.48346853256225586,0.6244158148765564,-0.033452484756708145,0.3967067301273346,0.6161774396896362,-0.0003662769158836454,0.42591768503189087,0.5530388355255127,-0.025793319568037987,0.449508398771286,0.5651201009750366,-0.04663119465112686,0.46474844217300415,0.5967417359352112,-0.05657866224646568,0.3755871057510376,0.6028006672859192,-0.011021872982382774,0.38738542795181274,0.5017020106315613,-0.023734362795948982,0.4013194143772125,0.43240147829055786,-0.035962846130132675,0.41037318110466003,0.3752904534339905,-0.04457438737154007,0.3537972867488861,0.6164031624794006,-0.02559812366962433,0.34543564915657043,0.5206822156906128,-0.038354869931936264,0.34383144974708557,0.4521215856075287,-0.049034953117370605,0.3438888490200043,0.39470645785331726,-0.056037865579128265,0.33287304639816284,0.6529274582862854,-0.04139935225248337,0.30819612741470337,0.5892311334609985,-0.05236997827887535,0.29522693157196045,0.5402219891548157,-0.055773090571165085,0.2862955629825592,0.49538877606391907,-0.057365238666534424,nice
0.35837388038635254,0.8498438596725464,2.4269002096843906e-07,0.4005562365055084,0.7937185168266296,-0.005293946713209152,0.4332940876483917,0.7160540819168091,-0.012018020264804363,0.46356451511383057,0.6646240949630737,-0.02250673621892929,0.4855344891548157,0.6218167543411255,-0.03250395506620407,0.39871132373809814,0.613934338092804,-0.0013661036500707269,0.4280238449573517,0.5506771206855774,-0.0268409363925457,0.45164600014686584,0.5629125833511353,-0.04767247661948204,0.46668267250061035,0.5942397713661194,-0.057710591703653336,0.37768644094467163,0.6005136966705322,-0.012113724835216999,0.389901340007782,0.49809733033180237,-0.02488497644662857,0.40347379446029663,0.42888686060905457,-0.037381090223789215,0.4116974472999573,0.37249475717544556,-0.04633064940571785,0.3559860289096832,0.6142975687980652,-0.026639482006430626,0.34740182757377625,0.5180197954177856,-0.03936131298542023,0.34493112564086914,0.4492143392562866,-0.05023421719670296,0.3438037037849426,0.3919603228569031,-0.05756072700023651,0.33513858914375305,0.6510094404220581,-0.042350612580776215,0.31072866916656494,0.586800217628479,-0.05344364792108536,0.2977389097213745,0.5371291041374207,-0.057087335735559464,0.2885158956050873,0.49175816774368286,-0.05898726359009743,nice
0.3598004877567291,0.8488730788230896,2.403596965905308e-07,0.4017045497894287,0.7937434911727905,-0.0054872469045221806,0.43388915061950684,0.7170547842979431,-0.01238919049501419,0.4640192985534668,0.6650633215904236,-0.02302675135433674,0.48711493611335754,0.6232167482376099,-0.033177509903907776,0.4002865254878998,0.6126875877380371,-0.0012073252582922578,0.42927300930023193,0.5483018755912781,-0.026622002944350243,0.45288217067718506,0.5612533092498779,-0.04784334450960159,0.46785813570022583,0.5927994251251221,-0.058281123638153076,0.37905094027519226,0.5996803641319275,-0.011895770207047462,0.391048401594162,0.4977976381778717,-0.024658553302288055,0.4053439497947693,0.4288164973258972,-0.03745190426707268,0.4140061140060425,0.3716509938240051,-0.046761829406023026,0.35706058144569397,0.6136350631713867,-0.026376495137810707,0.3492201566696167,0.5172487497329712,-0.03906911984086037,0.34767308831214905,0.44950300455093384,-0.04996541514992714,0.34732475876808167,0.3922378718852997,-0.057332564145326614,0.335866779088974,0.649989128112793,-0.04205668345093727,0.31178221106529236,0.5853291153907776,-0.05289758741855621,0.29902327060699463,0.5363189578056335,-0.056244052946567535,0.28988850116729736,0.491446852684021,-0.057992205023765564,nice
0.36095863580703735,0.8514838218688965,2.476662928074802e-07,0.40220075845718384,0.7934499382972717,-0.005204381421208382,0.4341779351234436,0.7161005735397339,-0.01211346872150898,0.4645642042160034,0.6653008460998535,-0.022908570244908333,0.4871204197406769,0.6234198212623596,-0.03326840326189995,0.39887720346450806,0.6155738234519958,-0.000889063288923353,0.4290910065174103,0.5522488355636597,-0.026917289942502975,0.45364293456077576,0.5650833249092102,-0.04821091517806053,0.46939826011657715,0.5970106720924377,-0.05844484642148018,0.3785686492919922,0.6025004982948303,-0.011821434833109379,0.3911774456501007,0.5006937980651855,-0.0249961968511343,0.40520355105400085,0.4308660626411438,-0.03776951879262924,0.4136776924133301,0.3731595277786255,-0.04688180610537529,0.3573688566684723,0.6163603067398071,-0.026659725233912468,0.3500044643878937,0.5173598527908325,-0.04007664695382118,0.34777069091796875,0.4473232626914978,-0.0516759492456913,0.34677568078041077,0.38879844546318054,-0.05932450667023659,0.336798757314682,0.6531283855438232,-0.042610954493284225,0.31220269203186035,0.5883008241653442,-0.05420433357357979,0.2992386221885681,0.5386164784431458,-0.05827700346708298,0.2902079224586487,0.49361976981163025,-0.06043775752186775,nice
0.3583252429962158,0.8540918827056885,2.287742262296888e-07,0.4013836979866028,0.796482503414154,-0.004209192935377359,0.43341100215911865,0.7171906232833862,-0.00998390931636095,0.46241775155067444,0.6655049920082092,-0.01987975277006626,0.48487699031829834,0.6250801682472229,-0.029276693239808083,0.4000082015991211,0.6142972707748413,0.002022176282480359,0.4292093813419342,0.5510379672050476,-0.023229006677865982,0.45254403352737427,0.5642884373664856,-0.04434499889612198,0.4668773114681244,0.5973187685012817,-0.054499488323926926,0.3784868121147156,0.6007209420204163,-0.0088722575455904,0.39026328921318054,0.4992941915988922,-0.020923659205436707,0.4046518802642822,0.43070361018180847,-0.03299236297607422,0.41371408104896545,0.3744862675666809,-0.04166959971189499,0.3565950393676758,0.6141613125801086,-0.023774070665240288,0.34903404116630554,0.5181124806404114,-0.035720326006412506,0.34743553400039673,0.4503893256187439,-0.04628241807222366,0.34702393412590027,0.3934256136417389,-0.05347831919789314,0.33543336391448975,0.6503450274467468,-0.03988748416304588,0.3116339445114136,0.5875815749168396,-0.05053135007619858,0.2989480793476105,0.5393720269203186,-0.0540933795273304,0.28982049226760864,0.49551382660865784,-0.05598944425582886,nice
0.35934367775917053,0.8518037796020508,2.41875937945224e-07,0.4005037546157837,0.7942872047424316,-0.0059524960815906525,0.43156561255455017,0.7188253998756409,-0.013652599416673183,0.4611881673336029,0.6682745814323425,-0.025107737630605698,0.4837839901447296,0.6251640915870667,-0.0360126718878746,0.3989257514476776,0.615281879901886,-0.002254028571769595,0.42742305994033813,0.5502126216888428,-0.02880842052400112,0.4510529339313507,0.5638716816902161,-0.05062812939286232,0.46624109148979187,0.596409797668457,-0.061191409826278687,0.3777264356613159,0.6023775339126587,-0.0128399059176445,0.3888758718967438,0.5001068711280823,-0.02625073678791523,0.4026951789855957,0.4313981533050537,-0.039175845682621,0.4116136431694031,0.3747062385082245,-0.048444170504808426,0.35567325353622437,0.6163775324821472,-0.027267927303910255,0.3481213450431824,0.5192354917526245,-0.04029765725135803,0.3462626338005066,0.4517933130264282,-0.050844233483076096,0.3459336757659912,0.39485132694244385,-0.057858582586050034,0.33427542448043823,0.6529922485351562,-0.042951878160238266,0.3098798096179962,0.5889664888381958,-0.05395525321364403,0.2969449460506439,0.5402896404266357,-0.057081758975982666,0.2878478467464447,0.49568864703178406,-0.058496538549661636,nice
0.35728558897972107,0.8524919748306274,2.473613562870014e-07,0.3988651931285858,0.7964024543762207,-0.005937781184911728,0.43123313784599304,0.7167816162109375,-0.012581893242895603,0.46167075634002686,0.6651960611343384,-0.022838231176137924,0.4844434857368469,0.6232512593269348,-0.032548580318689346,0.3974978029727936,0.6150058507919312,-0.001485160319134593,0.4268806278705597,0.5496410727500916,-0.027175957337021828,0.45090949535369873,0.5625059008598328,-0.048338841646909714,0.46662992238998413,0.594504714012146,-0.05859493464231491,0.3758542537689209,0.6017547249794006,-0.011748883873224258,0.3883756697177887,0.5001424551010132,-0.02454720251262188,0.40237945318222046,0.43042585253715515,-0.03725014254450798,0.41127756237983704,0.37319448590278625,-0.04645209759473801,0.3536553382873535,0.6161479949951172,-0.02593350224196911,0.34670132398605347,0.5192458033561707,-0.038727883249521255,0.345529168844223,0.45041805505752563,-0.04990324005484581,0.3459540605545044,0.39253708720207214,-0.05749179795384407,0.33247917890548706,0.6533966064453125,-0.04135492444038391,0.30941641330718994,0.589191198348999,-0.05244839936494827,0.29695016145706177,0.5398375391960144,-0.05624498799443245,0.2884787917137146,0.49426794052124023,-0.0583292655646801,nice
0.3580667972564697,0.849560022354126,2.3967731976881623e-07,0.39970287680625916,0.7933208346366882,-0.005262536928057671,0.4325468838214874,0.7160674333572388,-0.011945297941565514,0.46208420395851135,0.664577841758728,-0.022387754172086716,0.4836200475692749,0.6222863793373108,-0.032363761216402054,0.39741086959838867,0.6142354011535645,-0.0009439376299269497,0.4262457489967346,0.5499135851860046,-0.02631550468504429,0.449904203414917,0.5635311603546143,-0.047324635088443756,0.465422660112381,0.595761239528656,-0.05748872831463814,0.37661540508270264,0.6014429926872253,-0.011524460278451443,0.3883984386920929,0.5005476474761963,-0.02407791279256344,0.40189018845558167,0.43108662962913513,-0.03689887747168541,0.4104834496974945,0.37464848160743713,-0.046209342777729034,0.3550125062465668,0.6158157587051392,-0.025890378281474113,0.347062349319458,0.517471194267273,-0.038577351719141006,0.34511440992355347,0.44802170991897583,-0.0501466728746891,0.34494590759277344,0.39017996191978455,-0.05803751200437546,0.3344082236289978,0.6530252695083618,-0.041361093521118164,0.3097964823246002,0.5890862941741943,-0.0524977408349514,0.29667404294013977,0.5404893159866333,-0.05651530250906944,0.287759929895401,0.4958636462688446,-0.05872968211770058,nice
0.3587767481803894,0.8496629595756531,2.4642699258947687e-07,0.399994820356369,0.7932451367378235,-0.005636126268655062,0.4319775700569153,0.7156978845596313,-0.012416888028383255,0.4615781605243683,0.6646808981895447,-0.022955991327762604,0.4843699038028717,0.6237545013427734,-0.03302004188299179,0.39867138862609863,0.61446613073349,-0.0010339270811527967,0.42784810066223145,0.5504921674728394,-0.026906678453087807,0.45134520530700684,0.5632253885269165,-0.04826127365231514,0.4663793742656708,0.59486323595047,-0.058623239398002625,0.37739765644073486,0.6007351875305176,-0.011438469402492046,0.3894510567188263,0.5002079606056213,-0.02448398247361183,0.4032899737358093,0.43102049827575684,-0.03733782470226288,0.41213247179985046,0.3740498423576355,-0.046571359038352966,0.35545089840888977,0.6143420338630676,-0.025717293843626976,0.34813228249549866,0.5178513526916504,-0.03864093869924545,0.3463008999824524,0.44934940338134766,-0.04975736886262894,0.3459743857383728,0.39164069294929504,-0.057244881987571716,0.33414480090141296,0.6506541967391968,-0.041205957531929016,0.31055599451065063,0.5872569680213928,-0.05223166197538376,0.29812300205230713,0.5383607745170593,-0.05591018497943878,0.2895275056362152,0.493339866399765,-0.057877067476511,nice
0.3608833849430084,0.8498404026031494,2.4716928237467073e-07,0.40173572301864624,0.7931497097015381,-0.0055242870002985,0.43409302830696106,0.7148180603981018,-0.012112695723772049,0.4642210006713867,0.6622437834739685,-0.022472500801086426,0.48606279492378235,0.6195409893989563,-0.03237689658999443,0.3983207046985626,0.6125341653823853,-0.00022659807291347533,0.4280398488044739,0.5495280027389526,-0.025596583262085915,0.45231834053993225,0.5617730617523193,-0.0466112457215786,0.4681553244590759,0.5926593542098999,-0.05673247203230858,0.37789833545684814,0.599690854549408,-0.010748255997896194,0.3898621201515198,0.5000301599502563,-0.023322394117712975,0.40399885177612305,0.4304320812225342,-0.03569810464978218,0.41280436515808105,0.3732397258281708,-0.044478919357061386,0.3565518856048584,0.6137472987174988,-0.025253375992178917,0.3492054343223572,0.5156508684158325,-0.03823315352201462,0.34791097044944763,0.44567567110061646,-0.04965383559465408,0.34791022539138794,0.38732343912124634,-0.05712418630719185,0.3361264765262604,0.6503283977508545,-0.04093721881508827,0.311487078666687,0.5870040655136108,-0.052530307322740555,0.2981936037540436,0.5381328463554382,-0.05675989016890526,0.28878235816955566,0.4936468005180359,-0.0588734894990921,nice
0.35989266633987427,0.8484329581260681,2.4923659225351e-07,0.40088513493537903,0.7922963500022888,-0.005749260541051626,0.43322521448135376,0.7138624787330627,-0.012345115654170513,0.4638660252094269,0.6629565358161926,-0.022570600733160973,0.4863833487033844,0.6223485469818115,-0.03229141980409622,0.39995989203453064,0.612533450126648,-0.0010945844696834683,0.4294794201850891,0.5495368838310242,-0.027097154408693314,0.4538590610027313,0.5635369420051575,-0.04879550635814667,0.46936777234077454,0.5958033204078674,-0.05937443673610687,0.378897100687027,0.5990374088287354,-0.011509503237903118,0.3909943997859955,0.4978131651878357,-0.024609100073575974,0.40593427419662476,0.4285280704498291,-0.03757259249687195,0.415511816740036,0.37196624279022217,-0.04684903845191002,0.3568342924118042,0.6124280095100403,-0.025859950110316277,0.3502228558063507,0.5136906504631042,-0.03902333974838257,0.34907346963882446,0.44468069076538086,-0.050442129373550415,0.3493524491786957,0.3865985572338104,-0.05799499526619911,0.3352646231651306,0.6483688354492188,-0.04139278456568718,0.31149396300315857,0.5841392278671265,-0.05265703424811363,0.2988728880882263,0.5354071259498596,-0.056483618915081024,0.2903159260749817,0.4904332160949707,-0.058490484952926636,nice
0.36108097434043884,0.8497700095176697,2.458468770782929e-07,0.402065247297287,0.7940261363983154,-0.004914960358291864,0.43409308791160583,0.7147024273872375,-0.010959896259009838,0.4643571078777313,0.663815975189209,-0.020847132429480553,0.487337589263916,0.6235081553459167,-0.030368026345968246,0.3984830677509308,0.6137165427207947,0.0006282789399847388,0.42890793085098267,0.551868200302124,-0.02466505393385887,0.4535003900527954,0.5633524060249329,-0.04607464000582695,0.4695585370063782,0.5930292010307312,-0.056688930839300156,0.37854936718940735,0.6006547808647156,-0.010109086520969868,0.3915511965751648,0.5008077621459961,-0.022895094007253647,0.4065627157688141,0.4312279224395752,-0.03564809635281563,0.4161511957645416,0.3740237057209015,-0.044843755662441254,0.35746827721595764,0.614017128944397,-0.024827664718031883,0.350484162569046,0.5159968137741089,-0.03776518255472183,0.34992241859436035,0.44704651832580566,-0.04930100217461586,0.3507339358329773,0.3887089788913727,-0.057011764496564865,0.33706972002983093,0.6494957804679871,-0.04069702327251434,0.3130810856819153,0.58510422706604,-0.05196015164256096,0.3003278970718384,0.5362204313278198,-0.05609976872801781,0.2915036082267761,0.49125880002975464,-0.05843370035290718,nice
0.3607518672943115,0.8486998081207275,2.550202964357595e-07,0.40170344710350037,0.7941030859947205,-0.005761308129876852,0.43430617451667786,0.7163252234458923,-0.012626559473574162,0.46460047364234924,0.6645330190658569,-0.02317321114242077,0.486787885427475,0.6234179735183716,-0.033333536237478256,0.40044093132019043,0.6146020293235779,-0.0014428822323679924,0.4296918511390686,0.5525232553482056,-0.02638273686170578,0.4531518816947937,0.5639052391052246,-0.046691395342350006,0.4680013954639435,0.5940858721733093,-0.056438345462083817,0.3796271085739136,0.6006637215614319,-0.011857342906296253,0.39300018548965454,0.500150203704834,-0.02432216890156269,0.4075246751308441,0.43130791187286377,-0.036142800003290176,0.4166065454483032,0.37448304891586304,-0.04451238736510277,0.3577657639980316,0.6135151982307434,-0.02615608274936676,0.3508831262588501,0.5155643820762634,-0.03901728615164757,0.3497859239578247,0.4464823007583618,-0.05008471757173538,0.3499027490615845,0.38862144947052,-0.057428691536188126,0.3365376591682434,0.6489877104759216,-0.04161872714757919,0.312863826751709,0.5847582817077637,-0.053056854754686356,0.2999420464038849,0.5364492535591125,-0.057052742689847946,0.29071512818336487,0.49248555302619934,-0.059154849499464035,nice
0.36084869503974915,0.8497424125671387,2.4517760266462574e-07,0.4016064405441284,0.7934479713439941,-0.004669204354286194,0.43394768238067627,0.7152968049049377,-0.010819320566952229,0.46403878927230835,0.6639611721038818,-0.020885594189167023,0.4870542287826538,0.6235474944114685,-0.03067273274064064,0.39936563372612,0.6129652261734009,0.0009333610651083291,0.4284386932849884,0.55088871717453,-0.023624466732144356,0.45230209827423096,0.5615251660346985,-0.04439583420753479,0.46805551648139954,0.5913039445877075,-0.054633866995573044,0.37883681058883667,0.5999699234962463,-0.009865674190223217,0.391328364610672,0.5008260607719421,-0.022196326404809952,0.4059596657752991,0.43255746364593506,-0.03467337414622307,0.41530314087867737,0.37685883045196533,-0.04366721585392952,0.3572477102279663,0.6131837964057922,-0.024523789063096046,0.35022082924842834,0.5151382088661194,-0.03712209686636925,0.34956473112106323,0.4471471309661865,-0.048493802547454834,0.35028961300849915,0.39001449942588806,-0.05610227584838867,0.3360241651535034,0.6488481163978577,-0.04028846323490143,0.3120279908180237,0.5845604538917542,-0.05123011767864227,0.2995053231716156,0.5363894104957581,-0.055209871381521225,0.29087433218955994,0.4924384355545044,-0.05739221349358559,nice
0.3592870831489563,0.8481737375259399,2.5759035793271323e-07,0.4006434381008148,0.7916486859321594,-0.00610258849337697,0.43302005529403687,0.7151365876197815,-0.01295648142695427,0.46297958493232727,0.6642436385154724,-0.023434951901435852,0.48496222496032715,0.6218903660774231,-0.03340272232890129,0.3981763422489166,0.6161479353904724,-0.0011344874510541558,0.4269128739833832,0.5529720783233643,-0.026569198817014694,0.4513172507286072,0.565644383430481,-0.047779034823179245,0.4674631357192993,0.5961452722549438,-0.05813775584101677,0.37748977541923523,0.6022472381591797,-0.011168114840984344,0.39009079337120056,0.5030359029769897,-0.024022169411182404,0.4048946499824524,0.4338790774345398,-0.036928754299879074,0.4145791530609131,0.37708690762519836,-0.046216633170843124,0.35573768615722656,0.6146286725997925,-0.025117823854088783,0.34888869524002075,0.5170654654502869,-0.03802187740802765,0.34789329767227173,0.4485117793083191,-0.049726277589797974,0.34849870204925537,0.39165839552879333,-0.05752236023545265,0.33482736349105835,0.6491767764091492,-0.04027136042714119,0.31120070815086365,0.5860483050346375,-0.05126306042075157,0.2983493208885193,0.5383707880973816,-0.055293552577495575,0.28938382863998413,0.4956483840942383,-0.05747020244598389,nice
0.3609107434749603,0.8464400768280029,2.6023661803264986e-07,0.40159928798675537,0.7898504734039307,-0.005696386098861694,0.4334981143474579,0.7143541574478149,-0.012599378824234009,0.4631156623363495,0.6641543507575989,-0.023242756724357605,0.4853171706199646,0.623633623123169,-0.0335703119635582,0.39875805377960205,0.6149439215660095,-0.0006990020046941936,0.4278276860713959,0.554529070854187,-0.025788024067878723,0.4514710605144501,0.56540846824646,-0.04657069966197014,0.4669249951839447,0.5951265096664429,-0.056726884096860886,0.3781123459339142,0.6014687418937683,-0.011189164593815804,0.39051496982574463,0.5023494958877563,-0.02424360252916813,0.405114084482193,0.4338901937007904,-0.03690224140882492,0.41480785608291626,0.37834495306015015,-0.04582655802369118,0.3563288450241089,0.6144049763679504,-0.025587985292077065,0.34902411699295044,0.51652991771698,-0.03916630521416664,0.3480241596698761,0.44729676842689514,-0.05118602141737938,0.3487589955329895,0.3896987736225128,-0.059010040014982224,0.3352261185646057,0.64976567029953,-0.041067469865083694,0.3108100891113281,0.5866310000419617,-0.05285291373729706,0.29774829745292664,0.5387557148933411,-0.05728505924344063,0.28868192434310913,0.4953666031360626,-0.05964415892958641,nice
0.360161691904068,0.8481183052062988,2.663414022663346e-07,0.40137991309165955,0.7934720516204834,-0.005420877132564783,0.43377575278282166,0.7173525094985962,-0.012017859145998955,0.4638691246509552,0.6671554446220398,-0.02236185595393181,0.48701316118240356,0.6273223757743835,-0.032254159450531006,0.3978806734085083,0.6158141493797302,-0.0005859393277205527,0.4289933741092682,0.555111825466156,-0.025331059470772743,0.45367783308029175,0.567550003528595,-0.045637309551239014,0.46940526366233826,0.5983365178108215,-0.05546111986041069,0.37762272357940674,0.6013593673706055,-0.010926829650998116,0.39182499051094055,0.5039643049240112,-0.023572150617837906,0.4072788953781128,0.4351869821548462,-0.03565211594104767,0.4169612228870392,0.3792709410190582,-0.04417228698730469,0.35598790645599365,0.6130565404891968,-0.02516111731529236,0.3489408791065216,0.5148985981941223,-0.03830091282725334,0.34783491492271423,0.4459666609764099,-0.049742765724658966,0.3481491506099701,0.38899505138397217,-0.057197172194719315,0.3349553346633911,0.647103488445282,-0.040499407798051834,0.31066352128982544,0.5848284363746643,-0.05204620957374573,0.29747241735458374,0.5373365879058838,-0.05630435422062874,0.28834179043769836,0.4944213628768921,-0.058479320257902145,nice
0.3613770008087158,0.8467152118682861,2.6803846253642405e-07,0.4033587872982025,0.7902253866195679,-0.005259277764707804,0.43524983525276184,0.7163190245628357,-0.01174921914935112,0.46457916498184204,0.6676506996154785,-0.02214478887617588,0.4860953688621521,0.6273858547210693,-0.03209882602095604,0.399192750453949,0.6159847378730774,0.000638582743704319,0.43084001541137695,0.55657958984375,-0.024399999529123306,0.4549870789051056,0.570965051651001,-0.04564397409558296,0.47006866335868835,0.6018502712249756,-0.05621688812971115,0.3791680932044983,0.6017478704452515,-0.009868256747722626,0.3936735987663269,0.5049660801887512,-0.022811533883213997,0.4094553291797638,0.4361659288406372,-0.0360567569732666,0.4194897711277008,0.37934085726737976,-0.045584894716739655,0.3575757145881653,0.6134185791015625,-0.024341337382793427,0.35106778144836426,0.5151669383049011,-0.037731800228357315,0.3497137725353241,0.4465416371822357,-0.0502990297973156,0.34984055161476135,0.3892730474472046,-0.05854925513267517,0.33652669191360474,0.647250771522522,-0.03987610340118408,0.31251728534698486,0.5849982500076294,-0.051429733633995056,0.29936012625694275,0.5373602509498596,-0.05616546422243118,0.29021155834198,0.49383220076560974,-0.05879945307970047,nice
0.3626672327518463,0.8480783700942993,2.553136368987907e-07,0.4039255380630493,0.7906303405761719,-0.004447328392416239,0.4351860284805298,0.7160398960113525,-0.011190056800842285,0.464587926864624,0.6672333478927612,-0.021965540945529938,0.48629841208457947,0.6259980797767639,-0.03246593102812767,0.3998660147190094,0.6127257347106934,-6.703384860884398e-05,0.430404931306839,0.5521934032440186,-0.025610946118831635,0.4547653794288635,0.5657265782356262,-0.04718655347824097,0.4704921245574951,0.596794068813324,-0.057980284094810486,0.37989288568496704,0.5995091199874878,-0.011391796171665192,0.39376530051231384,0.5001315474510193,-0.02463413216173649,0.409188449382782,0.4308626353740692,-0.03808414191007614,0.41902995109558105,0.37469151616096497,-0.047773461788892746,0.3587619662284851,0.6131953001022339,-0.026534831151366234,0.35176020860671997,0.5117412209510803,-0.0403573177754879,0.34986478090286255,0.44125866889953613,-0.05333424359560013,0.3495788276195526,0.38303127884864807,-0.06194766238331795,0.33858805894851685,0.6499881744384766,-0.042604487389326096,0.313421368598938,0.5858773589134216,-0.05475233122706413,0.2995530068874359,0.5370309948921204,-0.05990808829665184,0.2897142767906189,0.4928412437438965,-0.06286180764436722,nice
0.36027076840400696,0.85085529088974,2.4454249114569393e-07,0.40158331394195557,0.7941974997520447,-0.004491083789616823,0.4334481656551361,0.7167257070541382,-0.010506733320653439,0.46291622519493103,0.667124330997467,-0.020348431542515755,0.485230952501297,0.6263049840927124,-0.029743460938334465,0.39972588419914246,0.6143585443496704,0.00033904227893799543,0.43001314997673035,0.5529116988182068,-0.02462710253894329,0.4542232155799866,0.5649456977844238,-0.04576551169157028,0.46977099776268005,0.5960491299629211,-0.056182894855737686,0.37865984439849854,0.6011387705802917,-0.010480888187885284,0.391152948141098,0.5009883046150208,-0.022763554006814957,0.4059818685054779,0.4319760203361511,-0.03527654707431793,0.4153754413127899,0.375910222530365,-0.044372256845235825,0.35647252202033997,0.6144469380378723,-0.02511759288609028,0.3498452305793762,0.5166354179382324,-0.037662021815776825,0.3484087884426117,0.4481205940246582,-0.04912817105650902,0.348347932100296,0.39104753732681274,-0.05685853213071823,0.33489149808883667,0.6502659916877747,-0.040819864720106125,0.3101310431957245,0.5876681208610535,-0.052022937685251236,0.2963513135910034,0.5396527051925659,-0.056144289672374725,0.2864314019680023,0.49574825167655945,-0.05837384983897209,nice
0.3595307469367981,0.8486781120300293,2.507715350930084e-07,0.4001636803150177,0.7922164797782898,-0.005615982227027416,0.43182244896888733,0.7139958143234253,-0.012230642139911652,0.4619337320327759,0.6617076992988586,-0.02258036471903324,0.4854317903518677,0.6198351979255676,-0.03247319161891937,0.3971059024333954,0.6144174337387085,1.9128070562146604e-05,0.42771872878074646,0.5524462461471558,-0.025352610275149345,0.4508470892906189,0.5629208087921143,-0.04624529555439949,0.46555376052856445,0.5943251848220825,-0.056265536695718765,0.3755973279476166,0.5996197462081909,-0.010196365416049957,0.388372540473938,0.49937883019447327,-0.022937968373298645,0.4021986126899719,0.43134331703186035,-0.03509027138352394,0.41111433506011963,0.37657058238983154,-0.04360727593302727,0.353514701128006,0.6119099259376526,-0.024400245398283005,0.3464372456073761,0.5137397646903992,-0.03744838014245033,0.34453555941581726,0.4461435079574585,-0.04831709712743759,0.34435468912124634,0.38984254002571106,-0.055378761142492294,0.332247257232666,0.6474713683128357,-0.03975723311305046,0.3084374666213989,0.5851237177848816,-0.050959788262844086,0.2956944704055786,0.5373914837837219,-0.05462166294455528,0.287017285823822,0.4937429428100586,-0.05639973282814026,nice
0.3582555949687958,0.8503087162971497,2.670378762559267e-07,0.39912593364715576,0.7932296991348267,-0.006320161744952202,0.4321257174015045,0.7149785161018372,-0.013443352654576302,0.4626469612121582,0.6624676585197449,-0.024391407147049904,0.4846492111682892,0.6190663576126099,-0.03487144410610199,0.3969302475452423,0.6153539419174194,-1.2363964742689859e-05,0.42413297295570374,0.551729679107666,-0.025068296119570732,0.44746220111846924,0.562479555606842,-0.04575459659099579,0.4632910490036011,0.5937992930412292,-0.055727992206811905,0.3753770589828491,0.6015549898147583,-0.010164431296288967,0.38732653856277466,0.5030568242073059,-0.022692890837788582,0.4011716842651367,0.4339985251426697,-0.03482997417449951,0.4105848968029022,0.37673845887184143,-0.04347563534975052,0.3526265621185303,0.6143244504928589,-0.024475686252117157,0.34509918093681335,0.5166915655136108,-0.03765096887946129,0.34288474917411804,0.4484100341796875,-0.04883814975619316,0.3427032232284546,0.39190131425857544,-0.056140512228012085,0.33023887872695923,0.6500391960144043,-0.04004702717065811,0.30641162395477295,0.5867095589637756,-0.05155741795897484,0.2930069863796234,0.5382072329521179,-0.055626921355724335,0.2836492955684662,0.4941712021827698,-0.05772390589118004,nice
0.3584715723991394,0.8509405851364136,2.543941377552983e-07,0.3999019265174866,0.7937931418418884,-0.0048622372560203075,0.43193313479423523,0.714935839176178,-0.011284109205007553,0.4618038237094879,0.6630157232284546,-0.021759292110800743,0.48449885845184326,0.6217735409736633,-0.031916894018650055,0.3965567946434021,0.6164612174034119,0.000908002199139446,0.4252723157405853,0.5523011088371277,-0.024401169270277023,0.44846609234809875,0.5625855922698975,-0.04555201902985573,0.46368804574012756,0.5932470560073853,-0.055832646787166595,0.3752410113811493,0.6027001738548279,-0.009817257523536682,0.38756340742111206,0.5015076398849487,-0.022191036492586136,0.4009159207344055,0.4319990873336792,-0.03454374149441719,0.4093642830848694,0.37530580163002014,-0.0433853454887867,0.35323598980903625,0.6153841614723206,-0.024512208998203278,0.3457009792327881,0.5183438658714294,-0.036914777010679245,0.34326156973838806,0.4494141936302185,-0.04794752225279808,0.3424818515777588,0.3918004333972931,-0.05539226159453392,0.33189940452575684,0.6508485078811646,-0.04040149599313736,0.30782046914100647,0.5890410542488098,-0.050952233374118805,0.29448387026786804,0.5413108468055725,-0.05449807271361351,0.2851257622241974,0.49747103452682495,-0.05642562732100487,nice
0.3594528138637543,0.8509228825569153,2.504305882666813e-07,0.40030989050865173,0.7949187159538269,-0.005146564915776253,0.4315532445907593,0.7166711091995239,-0.01141649391502142,0.4604831337928772,0.665132999420166,-0.021473824977874756,0.4828130602836609,0.6234765648841858,-0.031156757846474648,0.3973369002342224,0.6166046261787415,-0.0006500516319647431,0.42535147070884705,0.5513563752174377,-0.02593417465686798,0.4491032660007477,0.5608351230621338,-0.04693154990673065,0.4650242328643799,0.59050053358078,-0.05717739090323448,0.3760441839694977,0.603126585483551,-0.011158515699207783,0.3881237506866455,0.5019885301589966,-0.024083295837044716,0.40213170647621155,0.43253856897354126,-0.036689262837171555,0.4111918807029724,0.3760387599468231,-0.04563501104712486,0.3539862632751465,0.6159210801124573,-0.025480885058641434,0.3464404344558716,0.5179417729377747,-0.03849560767412186,0.3441677987575531,0.4483969211578369,-0.04977034404873848,0.34362170100212097,0.3900415897369385,-0.05721021816134453,0.3324335515499115,0.6512084007263184,-0.040911249816417694,0.30810102820396423,0.5876615047454834,-0.05187879130244255,0.29517319798469543,0.5394594669342041,-0.05557124689221382,0.2863613963127136,0.49522948265075684,-0.05747506767511368,nice
0.3618350028991699,0.8501986265182495,2.4247137275779096e-07,0.40313446521759033,0.7934578657150269,-0.004798200447112322,0.4346272349357605,0.7155106067657471,-0.010830298997461796,0.4634043574333191,0.6642703413963318,-0.020719509571790695,0.4846789240837097,0.6227641105651855,-0.030156832188367844,0.3993695378303528,0.6157405972480774,0.0005024954443797469,0.4298545718193054,0.5538454055786133,-0.024776941165328026,0.4537375867366791,0.5642625093460083,-0.045970045030117035,0.4692401885986328,0.594724178314209,-0.056363221257925034,0.3786979615688324,0.6024469137191772,-0.010172100737690926,0.3911406695842743,0.5025969743728638,-0.02306699939072132,0.40531498193740845,0.4328795373439789,-0.03579752892255783,0.4139316976070404,0.376616895198822,-0.044867005199193954,0.3571907579898834,0.6156250834465027,-0.02476125955581665,0.3491205871105194,0.5180820226669312,-0.037985119968652725,0.3471638262271881,0.4483981728553772,-0.049777716398239136,0.3466189503669739,0.3905763030052185,-0.057522375136613846,0.3367759883403778,0.6512084007263184,-0.040416788309812546,0.3116961419582367,0.5883452296257019,-0.052069224417209625,0.29799211025238037,0.5397584438323975,-0.05655248463153839,0.28840431571006775,0.49533170461654663,-0.05895993486046791,nice
0.3611147999763489,0.848544180393219,2.7044836770073744e-07,0.4021236300468445,0.7906272411346436,-0.005341672338545322,0.4342958927154541,0.7132748365402222,-0.012378130108118057,0.46489182114601135,0.6624786853790283,-0.02337322197854519,0.4873494505882263,0.6213619709014893,-0.03393061086535454,0.4002920389175415,0.6130450367927551,8.810254803393036e-05,0.4295297861099243,0.5515655279159546,-0.025027183815836906,0.4532583951950073,0.5615640878677368,-0.04563193768262863,0.4687373638153076,0.5933096408843994,-0.05539602041244507,0.37886351346969604,0.5990415215492249,-0.010437850840389729,0.3908863365650177,0.49796947836875916,-0.022602632641792297,0.40496504306793213,0.4292614459991455,-0.034084904938936234,0.41407090425491333,0.3739358186721802,-0.04201098158955574,0.3567792475223541,0.6115103363990784,-0.024923376739025116,0.34862279891967773,0.5139282941818237,-0.03720834478735924,0.34664493799209595,0.4447627067565918,-0.04751255735754967,0.34642401337623596,0.38796934485435486,-0.054187577217817307,0.3353567123413086,0.6474665403366089,-0.04065341129899025,0.3103221654891968,0.5851800441741943,-0.05124702677130699,0.29702889919281006,0.5370124578475952,-0.054465048015117645,0.2879321575164795,0.49363088607788086,-0.05585651472210884,nice
0.36654481291770935,0.8479694128036499,2.499029960745247e-07,0.4077196717262268,0.7905378341674805,-0.005291377194225788,0.438821017742157,0.7137818932533264,-0.012391961179673672,0.46797651052474976,0.6637531518936157,-0.023261822760105133,0.4895859360694885,0.622215986251831,-0.03368030861020088,0.40281620621681213,0.6128647327423096,-0.0017640275182202458,0.4324040710926056,0.5486258268356323,-0.027481382712721825,0.45709896087646484,0.56339430809021,-0.04880223050713539,0.4729969799518585,0.5953506231307983,-0.05925538390874863,0.3826267421245575,0.6003293395042419,-0.012697628699243069,0.39438632130622864,0.4988778829574585,-0.025797730311751366,0.4089190363883972,0.42979902029037476,-0.0389704704284668,0.41778072714805603,0.37343576550483704,-0.04852883145213127,0.3615468442440033,0.6142575144767761,-0.027407925575971603,0.35212278366088867,0.5162760019302368,-0.040338072925806046,0.3503608703613281,0.4465927481651306,-0.052346181124448776,0.34999871253967285,0.3877645432949066,-0.06049984320998192,0.3418048918247223,0.650183916091919,-0.04323921352624893,0.31581956148147583,0.5862483978271484,-0.05425679683685303,0.3017941415309906,0.5377039313316345,-0.058427635580301285,0.2917257845401764,0.49307993054389954,-0.06083570420742035,nice
0.36696135997772217,0.8490156531333923,2.584459366516967e-07,0.40750518441200256,0.7924628853797913,-0.00556205166503787,0.4384539723396301,0.716566801071167,-0.01266568899154663,0.46717405319213867,0.6654934883117676,-0.02355431392788887,0.4889368414878845,0.6234942078590393,-0.033995985984802246,0.4026935398578644,0.6138212084770203,-0.0011951050255447626,0.4313356280326843,0.5508137345314026,-0.02675386518239975,0.4559824466705322,0.5642507076263428,-0.048036374151706696,0.47191837430000305,0.5949877500534058,-0.05846184864640236,0.3820834755897522,0.6008046865463257,-0.011851783841848373,0.3940976560115814,0.5007533431053162,-0.024756059050559998,0.4088643491268158,0.4315895736217499,-0.03756825998425484,0.4182068407535553,0.37418103218078613,-0.04685916006565094,0.3602425754070282,0.6139519214630127,-0.02638377994298935,0.3521833121776581,0.5172209739685059,-0.0393301397562027,0.3511892557144165,0.4488469958305359,-0.05094398558139801,0.35146549344062805,0.3912481367588043,-0.05873524770140648,0.3391783833503723,0.6491326093673706,-0.04210510849952698,0.31506064534187317,0.585048258304596,-0.05313874036073685,0.30168417096138,0.5370498895645142,-0.05702991038560867,0.2918688654899597,0.4932951331138611,-0.05917269363999367,nice
0.36574292182922363,0.8475748300552368,2.704870212255628e-07,0.4056125283241272,0.7914258241653442,-0.005539204925298691,0.43610742688179016,0.7173767685890198,-0.012796861119568348,0.46488773822784424,0.6673993468284607,-0.02370089292526245,0.4860400855541229,0.6256294846534729,-0.03418737277388573,0.40111467242240906,0.6153460144996643,-0.0020882063545286655,0.4313262403011322,0.5533034801483154,-0.027458293363451958,0.45549580454826355,0.5647597312927246,-0.048401329666376114,0.4711571931838989,0.5949548482894897,-0.05867306515574455,0.3804652988910675,0.6024117469787598,-0.012762191705405712,0.39371368288993835,0.5016175508499146,-0.02585868537425995,0.40807461738586426,0.43229904770851135,-0.038568489253520966,0.41687169671058655,0.37622570991516113,-0.0476335771381855,0.3588045835494995,0.6161669492721558,-0.02720029652118683,0.3518325686454773,0.5160917639732361,-0.040761083364486694,0.3497796654701233,0.4465193748474121,-0.0528387613594532,0.34917089343070984,0.38929125666618347,-0.06075460836291313,0.33797547221183777,0.6524332761764526,-0.04264652729034424,0.3136444091796875,0.5888625383377075,-0.054580625146627426,0.2998146414756775,0.5408807992935181,-0.059141889214515686,0.2898423671722412,0.497672438621521,-0.06155242398381233,nice
0.3628280460834503,0.847152590751648,2.5319297947135055e-07,0.4043425917625427,0.7898087501525879,-0.004860871005803347,0.43605607748031616,0.7151250839233398,-0.011742750182747841,0.46533459424972534,0.6651080846786499,-0.022538647055625916,0.48634272813796997,0.623210072517395,-0.03307522088289261,0.40152040123939514,0.6139336824417114,-0.001156722311861813,0.4314689338207245,0.5511487722396851,-0.02684616856276989,0.45575058460235596,0.5641631484031677,-0.04837270826101303,0.4716638922691345,0.594900369644165,-0.05905655771493912,0.38101351261138916,0.6012301445007324,-0.012386581860482693,0.3933320939540863,0.5003491640090942,-0.025651581585407257,0.4076853394508362,0.4302622973918915,-0.039265185594558716,0.4165875017642975,0.37269777059555054,-0.04918943718075752,0.3592132031917572,0.6151759028434753,-0.027378832921385765,0.3514247536659241,0.5161819458007812,-0.04086574167013168,0.3497956097126007,0.44621962308883667,-0.05374063923954964,0.34954825043678284,0.38746652007102966,-0.06244537979364395,0.3384285271167755,0.6511450409889221,-0.043372511863708496,0.3135306239128113,0.5876845121383667,-0.055142033845186234,0.2996014356613159,0.5395470857620239,-0.060009971261024475,0.28951895236968994,0.49554115533828735,-0.06286762654781342,nice
0.3643673062324524,0.8443913459777832,2.43306914171626e-07,0.4060266613960266,0.7868731021881104,-0.00424934783950448,0.4371233582496643,0.7124449014663696,-0.010789263062179089,0.4656902849674225,0.663410484790802,-0.021302824839949608,0.4860619902610779,0.6207171082496643,-0.031444430351257324,0.4018666744232178,0.6096579432487488,-0.00036973480018787086,0.43206915259361267,0.5478388071060181,-0.026235809549689293,0.4568580985069275,0.5615230202674866,-0.047820039093494415,0.47286176681518555,0.5930915474891663,-0.058464065194129944,0.3817082345485687,0.597951352596283,-0.01189548522233963,0.3943299651145935,0.4975450932979584,-0.0254854466766119,0.409275621175766,0.4274711608886719,-0.03908532112836838,0.4183689057826996,0.3693825602531433,-0.0489342175424099,0.3603207767009735,0.6126859188079834,-0.027240749448537827,0.35258349776268005,0.51431804895401,-0.04126114770770073,0.35089167952537537,0.4443761706352234,-0.05398017540574074,0.3504607677459717,0.3854241669178009,-0.062355972826480865,0.3399929106235504,0.648909330368042,-0.04352010414004326,0.31512412428855896,0.5842952728271484,-0.05601103976368904,0.30102553963661194,0.5347437262535095,-0.06108197942376137,0.2908017635345459,0.48922741413116455,-0.06391008198261261,nice
0.3656820058822632,0.848118007183075,2.4399369635830226e-07,0.40793538093566895,0.7924869060516357,-0.004434108268469572,0.4397051930427551,0.7165494561195374,-0.01079406775534153,0.46868664026260376,0.6660621762275696,-0.02118217572569847,0.48986804485321045,0.6242930889129639,-0.03117072768509388,0.4049261212348938,0.6111788749694824,-2.2566880943486467e-05,0.43450841307640076,0.5481663346290588,-0.025376878678798676,0.4585193693637848,0.5617416501045227,-0.04652351886034012,0.4737227261066437,0.5930601954460144,-0.05699298530817032,0.3840174973011017,0.5976038575172424,-0.01126724574714899,0.3965236246585846,0.49698108434677124,-0.024370715022087097,0.4119034707546234,0.42764216661453247,-0.037548139691352844,0.42160099744796753,0.3705015480518341,-0.047097183763980865,0.3622763156890869,0.611290454864502,-0.026329683139920235,0.3533993065357208,0.5133966207504272,-0.039743587374687195,0.35181620717048645,0.44441765546798706,-0.0521940216422081,0.35164129734039307,0.3860456645488739,-0.060578227043151855,0.3421899974346161,0.6471869349479675,-0.04242639243602753,0.31753093004226685,0.583532989025116,-0.054316844791173935,0.3036646246910095,0.5346570014953613,-0.05932203680276871,0.2934911847114563,0.48919999599456787,-0.06228000670671463,nice
0.363750696182251,0.8571105003356934,2.4654988806105393e-07,0.40651291608810425,0.7980484366416931,-0.0029583750292658806,0.43750452995300293,0.7238918542861938,-0.009558118879795074,0.46622133255004883,0.6763493418693542,-0.02044355310499668,0.4884405732154846,0.6348205804824829,-0.03089144080877304,0.403191477060318,0.6185491681098938,-0.00026438230997882783,0.43545934557914734,0.5543174147605896,-0.026421239599585533,0.46042293310165405,0.5703185796737671,-0.04803866520524025,0.47580665349960327,0.604456901550293,-0.05855623632669449,0.3831707835197449,0.6066456437110901,-0.012553011067211628,0.3960944712162018,0.5040254592895508,-0.025996161624789238,0.41184884309768677,0.4332830309867859,-0.039333220571279526,0.42123275995254517,0.3759339153766632,-0.04898586496710777,0.36188626289367676,0.6219215393066406,-0.028499124571681023,0.35347819328308105,0.5225026607513428,-0.04188382625579834,0.3521368205547333,0.45246070623397827,-0.05390043929219246,0.35183995962142944,0.3936383128166199,-0.06194683536887169,0.3421032130718231,0.6589416265487671,-0.045302074402570724,0.3167179226875305,0.5942775011062622,-0.05720276013016701,0.3032360076904297,0.544399619102478,-0.0616590790450573,0.29330700635910034,0.49818140268325806,-0.0640597939491272,nice
0.361226886510849,0.8602426052093506,2.3526301617948775e-07,0.404135525226593,0.7991507649421692,-0.0036683352664113045,0.4363807141780853,0.7244346737861633,-0.011097775772213936,0.46505314111709595,0.6748098731040955,-0.022882435470819473,0.4852710962295532,0.6294810771942139,-0.034350067377090454,0.4014039635658264,0.6190383434295654,-0.000170681465533562,0.430054634809494,0.5536231994628906,-0.026294201612472534,0.4543571174144745,0.5690938234329224,-0.04813666641712189,0.4702913761138916,0.6014242768287659,-0.05904858931899071,0.38166555762290955,0.6073391437530518,-0.012428151443600655,0.3936660885810852,0.5057458877563477,-0.026286883279681206,0.4082828164100647,0.4355340600013733,-0.04056441783905029,0.41759487986564636,0.37691301107406616,-0.05117854103446007,0.36068829894065857,0.6230533719062805,-0.02837209962308407,0.35159334540367126,0.5246819257736206,-0.041799355298280716,0.35033485293388367,0.45588475465774536,-0.0541486032307148,0.35074540972709656,0.3970191776752472,-0.06282638013362885,0.34152403473854065,0.6613549590110779,-0.045300472527742386,0.3167998790740967,0.5952428579330444,-0.05672551691532135,0.3040338456630707,0.5449045896530151,-0.06103956699371338,0.29484641551971436,0.49862590432167053,-0.06376008689403534,nice
0.36361101269721985,0.8532613515853882,2.399092977611872e-07,0.40510183572769165,0.7961008548736572,-0.004509058780968189,0.4362857937812805,0.7183986306190491,-0.010921192355453968,0.4654417932033539,0.667654275894165,-0.02152070216834545,0.4865776300430298,0.6244874596595764,-0.03172910958528519,0.40206968784332275,0.6158818006515503,0.0008767260587774217,0.4312891662120819,0.5506627559661865,-0.02472187951207161,0.45564037561416626,0.5635624527931213,-0.04616227000951767,0.47102779150009155,0.5946953892707825,-0.056655243039131165,0.38176119327545166,0.6029976606369019,-0.010443700477480888,0.394090861082077,0.5026726722717285,-0.02329586073756218,0.4091320037841797,0.4339737296104431,-0.03632454201579094,0.4185935854911804,0.37624990940093994,-0.0458294115960598,0.36029765009880066,0.6166623830795288,-0.025766439735889435,0.353120356798172,0.5195015668869019,-0.038629621267318726,0.3522001802921295,0.4506767690181732,-0.05033254250884056,0.35237836837768555,0.3920115828514099,-0.058305200189352036,0.3398721516132355,0.6522967219352722,-0.042255666106939316,0.3162911534309387,0.5876842141151428,-0.053276095539331436,0.30322253704071045,0.5384715795516968,-0.05735161155462265,0.29359424114227295,0.4930191934108734,-0.05977224186062813,nice
0.36417508125305176,0.8532533049583435,2.392479245827417e-07,0.40662452578544617,0.7956770658493042,-0.0033729528076946735,0.4374505579471588,0.7191863656044006,-0.009840001352131367,0.46575790643692017,0.6705912351608276,-0.02067422866821289,0.48709821701049805,0.6282187700271606,-0.031015481799840927,0.40413710474967957,0.6118990778923035,0.001002335688099265,0.4335255026817322,0.5479374527931213,-0.024902552366256714,0.4583839774131775,0.5641476511955261,-0.04678443446755409,0.4742162227630615,0.5964993238449097,-0.057664670050144196,0.3835108280181885,0.5992814898490906,-0.011089502833783627,0.39591529965400696,0.4975358843803406,-0.024189254269003868,0.411089152097702,0.4272821843624115,-0.037757810205221176,0.42052528262138367,0.36877018213272095,-0.0477038137614727,0.3619975745677948,0.6140736937522888,-0.026952708140015602,0.35323184728622437,0.5161187052726746,-0.03983962908387184,0.35169753432273865,0.4470530152320862,-0.05167045816779137,0.35159918665885925,0.3881044387817383,-0.05980844050645828,0.3421945571899414,0.6515972018241882,-0.04385251924395561,0.3176041841506958,0.5871564745903015,-0.05497535318136215,0.3042985796928406,0.5373838543891907,-0.05901234969496727,0.2946244180202484,0.49110257625579834,-0.06136908754706383,nice
0.36543646454811096,0.8529307246208191,2.3771357859914133e-07,0.4078635573387146,0.7939378023147583,-0.0036049021873623133,0.43918001651763916,0.7196300029754639,-0.011032476089894772,0.4678844213485718,0.6711614727973938,-0.022854479029774666,0.4897473454475403,0.6279958486557007,-0.03428839519619942,0.40457460284233093,0.6133037209510803,-0.0005205920315347612,0.4350976049900055,0.5464321970939636,-0.027345413342118263,0.4594475030899048,0.5627161860466003,-0.04957795515656471,0.4744628071784973,0.5961921811103821,-0.060431383550167084,0.3847240209579468,0.6012992262840271,-0.012841149233281612,0.3973754346370697,0.4975103735923767,-0.026819884777069092,0.4131236970424652,0.4273257851600647,-0.040781307965517044,0.42306047677993774,0.36951276659965515,-0.050853997468948364,0.36362579464912415,0.6163844466209412,-0.028901483863592148,0.3550167381763458,0.5159213542938232,-0.04256631061434746,0.35401812195777893,0.44553130865097046,-0.054940782487392426,0.35423311591148376,0.38579270243644714,-0.06330743432044983,0.34397220611572266,0.6537051796913147,-0.04591371864080429,0.3190642297267914,0.5870598554611206,-0.05740046873688698,0.30601930618286133,0.5362451672554016,-0.061746127903461456,0.29645925760269165,0.4894082546234131,-0.064264677464962,nice
0.3638781011104584,0.8704322576522827,2.2712545444392163e-07,0.4073144793510437,0.8103411197662354,-0.002581199863925576,0.4387366473674774,0.7319669723510742,-0.008574845269322395,0.4679139256477356,0.6821062564849854,-0.019100269302725792,0.49027886986732483,0.638434648513794,-0.02901950106024742,0.4037777781486511,0.6241680383682251,0.0017912606708705425,0.43546420335769653,0.5586121082305908,-0.024204570800065994,0.46125277876853943,0.5756326913833618,-0.045836836099624634,0.4776378571987152,0.6093189716339111,-0.05636558309197426,0.38366609811782837,0.6117579936981201,-0.010826941579580307,0.39636358618736267,0.5083328485488892,-0.023739824071526527,0.41152310371398926,0.4369215965270996,-0.03689633309841156,0.4204522371292114,0.3773213028907776,-0.0463637039065361,0.36264413595199585,0.6272997856140137,-0.027251051738858223,0.3540355861186981,0.5264291763305664,-0.04055388271808624,0.3531312644481659,0.4553432762622833,-0.052498795092105865,0.35309916734695435,0.39473897218704224,-0.06037895008921623,0.3435465097427368,0.6661056280136108,-0.044600244611501694,0.31828367710113525,0.6004058718681335,-0.056526198983192444,0.3044280409812927,0.5487868189811707,-0.06098503991961479,0.2939324975013733,0.5010115504264832,-0.06326042860746384,nice
0.3611278533935547,0.876001238822937,2.5335612008348107e-07,0.4045568108558655,0.8177447319030762,-0.005001905839890242,0.4373301863670349,0.7381171584129333,-0.011714219115674496,0.46755164861679077,0.6853438019752502,-0.022567158564925194,0.48858803510665894,0.6414444446563721,-0.032926179468631744,0.40217098593711853,0.6329103708267212,-0.0006287299329414964,0.43225082755088806,0.5665422677993774,-0.027090346440672874,0.45759525895118713,0.5821387767791748,-0.048809196799993515,0.4740040898323059,0.6161344051361084,-0.05929665267467499,0.38083815574645996,0.6201663613319397,-0.011932232417166233,0.39409327507019043,0.5165885090827942,-0.02525925822556019,0.4087129533290863,0.4443923234939575,-0.038638923317193985,0.41750389337539673,0.38274237513542175,-0.04832494258880615,0.35889899730682373,0.6354564428329468,-0.027203619480133057,0.3511055111885071,0.5352632999420166,-0.04064375162124634,0.3499308228492737,0.46438413858413696,-0.052808839827775955,0.3497704565525055,0.4035913944244385,-0.06101832166314125,0.3385108709335327,0.6737791299819946,-0.04364226385951042,0.31431296467781067,0.6083887815475464,-0.05558150261640549,0.3007863163948059,0.5576426386833191,-0.06017420440912247,0.29078471660614014,0.5106945037841797,-0.06276194751262665,nice
0.3566533029079437,0.8823442459106445,2.486265202605864e-07,0.4007023572921753,0.8207075595855713,-0.002822809386998415,0.4338190257549286,0.7383337020874023,-0.008517793379724026,0.4626912474632263,0.6867572069168091,-0.019007474184036255,0.4849921464920044,0.6463607549667358,-0.028963914141058922,0.3995332717895508,0.6336205005645752,0.003118515480309725,0.4290313720703125,0.5675894618034363,-0.02278926968574524,0.45477235317230225,0.5852806568145752,-0.0442471019923687,0.47153136134147644,0.6214005947113037,-0.0545731782913208,0.37839439511299133,0.6208304166793823,-0.009277763776481152,0.39117223024368286,0.5187709331512451,-0.021975990384817123,0.4053953289985657,0.4466242790222168,-0.035042889416217804,0.41383814811706543,0.38501858711242676,-0.044419631361961365,0.3564331829547882,0.6368005275726318,-0.025647388771176338,0.34711673855781555,0.5386133193969727,-0.03825870528817177,0.3454679846763611,0.4677917957305908,-0.049680981785058975,0.34507811069488525,0.4073100686073303,-0.05746623873710632,0.3358856439590454,0.6770633459091187,-0.04315170645713806,0.31049689650535583,0.613545298576355,-0.05432269349694252,0.29643189907073975,0.5631461143493652,-0.058227889239788055,0.2859035134315491,0.5165908336639404,-0.060320284217596054,nice
0.3534974753856659,0.8790702223777771,2.3707070795353502e-07,0.3973196744918823,0.8170225024223328,-0.0029062544927001,0.43036893010139465,0.7392522692680359,-0.009197929874062538,0.4599001407623291,0.6896474957466125,-0.020172487944364548,0.48093318939208984,0.6466354131698608,-0.03073747642338276,0.397650808095932,0.634547233581543,0.001997351413592696,0.42696210741996765,0.5688953399658203,-0.024300219491124153,0.4520781934261322,0.5851518511772156,-0.04639677330851555,0.4688442349433899,0.6191476583480835,-0.0571991503238678,0.3766070604324341,0.6229498982429504,-0.010331801138818264,0.38804182410240173,0.5208219289779663,-0.023474661633372307,0.40197476744651794,0.44960421323776245,-0.037073031067848206,0.41061916947364807,0.3893848955631256,-0.04698893055319786,0.3545458912849426,0.6391671299934387,-0.026477409526705742,0.3451193571090698,0.5413082838058472,-0.03906917944550514,0.3435816764831543,0.47248202562332153,-0.05009398236870766,0.34376293420791626,0.4132475256919861,-0.0576469786465168,0.33390146493911743,0.6783668994903564,-0.043742693960666656,0.3089763820171356,0.6132602691650391,-0.05440822243690491,0.29626449942588806,0.563189685344696,-0.057702697813510895,0.28726571798324585,0.5167205333709717,-0.05942534655332565,nice
0.3535839915275574,0.8777888417243958,2.389897417742759e-07,0.39740172028541565,0.8189429044723511,-0.004116713535040617,0.4308019280433655,0.7390807867050171,-0.010397135280072689,0.46107232570648193,0.6878215670585632,-0.020957499742507935,0.4822784662246704,0.6441059112548828,-0.030965616926550865,0.3983117640018463,0.6337552070617676,0.0009064876940101385,0.4277191162109375,0.5684599280357361,-0.02497752755880356,0.45263436436653137,0.5850749015808105,-0.04640531167387962,0.4689779281616211,0.6194558143615723,-0.056779712438583374,0.3765701651573181,0.6212207674980164,-0.010763324797153473,0.3887547552585602,0.5178954601287842,-0.023587992414832115,0.4026530385017395,0.4465077519416809,-0.03679606691002846,0.4110492765903473,0.386493057012558,-0.04635430872440338,0.35428696870803833,0.6368396878242493,-0.02630869671702385,0.3454902172088623,0.5389991998672485,-0.03893996775150299,0.3437032997608185,0.46882402896881104,-0.05008440464735031,0.34345555305480957,0.40851491689682007,-0.05767762288451195,0.33367830514907837,0.6756908297538757,-0.043030619621276855,0.3089074194431305,0.6109726428985596,-0.05403761565685272,0.2956516146659851,0.5606184601783752,-0.057596996426582336,0.28629937767982483,0.5134588479995728,-0.059432193636894226,nice
0.35647210478782654,0.8772358894348145,2.389695339388709e-07,0.3995910584926605,0.8166242241859436,-0.0037408575881272554,0.43204453587532043,0.7389214634895325,-0.010265073738992214,0.46137702465057373,0.6894687414169312,-0.02125011384487152,0.4831986427307129,0.6470649242401123,-0.03171873465180397,0.39796167612075806,0.633987545967102,0.0011977568501606584,0.4280446171760559,0.5685639977455139,-0.025159457698464394,0.4531516134738922,0.5835605263710022,-0.04709332063794136,0.4698295295238495,0.6179108619689941,-0.05775946006178856,0.37718847393989563,0.6218372583389282,-0.010653688572347164,0.389129102230072,0.5198865532875061,-0.023686008527874947,0.40356773138046265,0.4485732614994049,-0.037064578384160995,0.412698358297348,0.38924577832221985,-0.04678457975387573,0.3558947443962097,0.6375631093978882,-0.02641107514500618,0.3476196229457855,0.5397137999534607,-0.03938198462128639,0.3463059067726135,0.47084841132164,-0.05106294900178909,0.34637555480003357,0.41245394945144653,-0.058969590812921524,0.3363479971885681,0.6763772368431091,-0.04328034445643425,0.3113679587841034,0.6136448383331299,-0.05486203730106354,0.29753732681274414,0.5641437768936157,-0.05912657454609871,0.28735002875328064,0.5182964205741882,-0.061412326991558075,nice
0.35659125447273254,0.8788787126541138,2.3465312892767543e-07,0.400501549243927,0.8182398080825806,-0.0037115737795829773,0.43253380060195923,0.7411643862724304,-0.010263297706842422,0.46208497881889343,0.6921132206916809,-0.02130819857120514,0.4840089976787567,0.650335431098938,-0.03190337494015694,0.3989342153072357,0.6375265121459961,0.0002882970147766173,0.4279294013977051,0.5725710391998291,-0.026549870148301125,0.45275309681892395,0.5877788662910461,-0.048617370426654816,0.46897393465042114,0.6232032775878906,-0.05937208980321884,0.3781118094921112,0.6254838109016418,-0.011926640756428242,0.38992196321487427,0.5242424011230469,-0.025818713009357452,0.4040164351463318,0.45210808515548706,-0.03983069211244583,0.4125935137271881,0.39220497012138367,-0.05001140758395195,0.3562626540660858,0.6418080925941467,-0.028011180460453033,0.34797507524490356,0.5423208475112915,-0.04211108386516571,0.3460204601287842,0.4730371832847595,-0.05496658757328987,0.345563143491745,0.4141199290752411,-0.06374125927686691,0.33572494983673096,0.6812887191772461,-0.04508241266012192,0.3114520311355591,0.6192854046821594,-0.058050889521837234,0.29761019349098206,0.5700223445892334,-0.06344439834356308,0.2874174118041992,0.5241546630859375,-0.0665670707821846,nice
0.35654929280281067,0.8801854252815247,2.3633025136859942e-07,0.40067774057388306,0.8186448812484741,-0.0037129789125174284,0.43390336632728577,0.7395266890525818,-0.010578238405287266,0.4643499255180359,0.6882737874984741,-0.022059371694922447,0.4856165647506714,0.6432462334632874,-0.033014412969350815,0.39926621317863464,0.6369585394859314,0.0008246785146184266,0.4285798966884613,0.5703865885734558,-0.02541753649711609,0.45381084084510803,0.5871390700340271,-0.04721606522798538,0.4709867238998413,0.6214465498924255,-0.05795960873365402,0.3787394165992737,0.6249293684959412,-0.011226414702832699,0.39079394936561584,0.5250284671783447,-0.024200882762670517,0.4055286645889282,0.4535371959209442,-0.037569161504507065,0.41489407420158386,0.39241135120391846,-0.047610338777303696,0.357363760471344,0.6408089399337769,-0.027250012382864952,0.3477229177951813,0.5433732867240906,-0.03996758535504341,0.34668755531311035,0.47350412607192993,-0.05183164402842522,0.3473321795463562,0.41342729330062866,-0.06022624298930168,0.338135302066803,0.6798025369644165,-0.04446321353316307,0.3131793141365051,0.6154705882072449,-0.05560304969549179,0.2996516525745392,0.564666211605072,-0.060061559081077576,0.28968188166618347,0.5178050994873047,-0.06288094818592072,nice
0.3575703203678131,0.8786532282829285,2.3412884786466748e-07,0.401259183883667,0.8177732229232788,-0.0034929681569337845,0.43452727794647217,0.7400550842285156,-0.009823407977819443,0.46406590938568115,0.6905235052108765,-0.02058093249797821,0.48486602306365967,0.6470993757247925,-0.030760031193494797,0.4009109139442444,0.6351871490478516,0.0008009212906472385,0.4307857155799866,0.569085955619812,-0.025267457589507103,0.45559215545654297,0.5876280069351196,-0.04704710468649864,0.47124558687210083,0.6229356527328491,-0.057637374848127365,0.3797658383846283,0.6228271722793579,-0.01106639951467514,0.39243727922439575,0.5213575959205627,-0.023925060406327248,0.40721482038497925,0.45058029890060425,-0.0374370738863945,0.41604557633399963,0.39069730043411255,-0.04738393798470497,0.357627272605896,0.6382961273193359,-0.02674981951713562,0.3498443067073822,0.5403133034706116,-0.03923151642084122,0.3489459455013275,0.47078263759613037,-0.05111081898212433,0.34923025965690613,0.4115893840789795,-0.0593852698802948,0.3373733162879944,0.676842987537384,-0.04351992532610893,0.3132055699825287,0.6125524044036865,-0.05455833673477173,0.29985541105270386,0.5628067255020142,-0.05867685005068779,0.289804071187973,0.5174493789672852,-0.06103726476430893,nice
0.3618386685848236,0.8729587197303772,2.4420774025202263e-07,0.40447235107421875,0.8141283392906189,-0.0037543950602412224,0.43685072660446167,0.7374230027198792,-0.01057505514472723,0.4662166237831116,0.687590479850769,-0.02166178449988365,0.4876631498336792,0.6448208093643188,-0.032246243208646774,0.40210649371147156,0.6321297883987427,-0.00021595860016532242,0.43308985233306885,0.5674586296081543,-0.026138002052903175,0.45833849906921387,0.5849835872650146,-0.04757540300488472,0.4746449291706085,0.6189380884170532,-0.05802984908223152,0.3822091817855835,0.6203209757804871,-0.012073656544089317,0.39523977041244507,0.5190262794494629,-0.024940166622400284,0.40964949131011963,0.44819629192352295,-0.03817921504378319,0.4182209074497223,0.3886883556842804,-0.047883372753858566,0.3613876700401306,0.6363375782966614,-0.027673492208123207,0.3522202670574188,0.5375209450721741,-0.040426116436719894,0.3504253625869751,0.4672127962112427,-0.05237370729446411,0.34993240237236023,0.40770870447158813,-0.06059388443827629,0.34230440855026245,0.6755905747413635,-0.04431237280368805,0.31692224740982056,0.6110966205596924,-0.05566785857081413,0.30307865142822266,0.5610294938087463,-0.06003313511610031,0.2928664982318878,0.5151945352554321,-0.06251822412014008,nice
0.36118564009666443,0.8733561038970947,2.446211908591067e-07,0.403795063495636,0.8129705786705017,-0.0038403496146202087,0.4366414248943329,0.7377798557281494,-0.010558790527284145,0.46545398235321045,0.6886611580848694,-0.021454093977808952,0.48638221621513367,0.6462394595146179,-0.031781651079654694,0.4027026891708374,0.6333977580070496,-0.0002510980993974954,0.43291422724723816,0.5689907670021057,-0.02644924819469452,0.45821985602378845,0.5879996418952942,-0.04845605418086052,0.474920392036438,0.6224510669708252,-0.05932028591632843,0.3820340037345886,0.6212025284767151,-0.011961410753428936,0.3946014642715454,0.5203238725662231,-0.02514459937810898,0.4089968502521515,0.4496493339538574,-0.03904666006565094,0.4177369177341461,0.3900313079357147,-0.049276597797870636,0.3604744076728821,0.6370721459388733,-0.027362553402781487,0.35158398747444153,0.5388388633728027,-0.04022744297981262,0.34983503818511963,0.46884432435035706,-0.05245588719844818,0.3497523069381714,0.4096301198005676,-0.060855381190776825,0.3403626084327698,0.6763759255409241,-0.04378897324204445,0.31525546312332153,0.6117125153541565,-0.055084217339754105,0.3014459013938904,0.5618788599967957,-0.05935003608465195,0.29131075739860535,0.5166760087013245,-0.061735600233078,nice
0.35620036721229553,0.8811646699905396,2.541270873734902e-07,0.4005562663078308,0.8200547099113464,-0.0027982480823993683,0.43410998582839966,0.7431468963623047,-0.008651320822536945,0.46376538276672363,0.6936554908752441,-0.019016630947589874,0.48378416895866394,0.6498969197273254,-0.028926433995366096,0.3995133340358734,0.6414000391960144,0.001411139382980764,0.42934536933898926,0.5747089982032776,-0.024301448836922646,0.4549928307533264,0.5892500877380371,-0.04580358788371086,0.4727165102958679,0.6224102973937988,-0.056287311017513275,0.37928205728530884,0.6289367079734802,-0.010830501094460487,0.392413854598999,0.5257153511047363,-0.02344691939651966,0.4067518413066864,0.45301878452301025,-0.03695385158061981,0.4152945578098297,0.3925609290599823,-0.04689457640051842,0.3579109013080597,0.644166111946106,-0.0267893485724926,0.34939008951187134,0.5439140200614929,-0.03936448693275452,0.3479515016078949,0.4727700650691986,-0.051642440259456635,0.3478845953941345,0.41352611780166626,-0.06013692170381546,0.3379497528076172,0.6829006671905518,-0.043732766062021255,0.31231802701950073,0.6173233985900879,-0.0551084466278553,0.29831215739250183,0.5665426254272461,-0.05960668995976448,0.28799426555633545,0.5210230350494385,-0.06219715252518654,nice
0.3545788526535034,0.8811682462692261,2.3481037203509914e-07,0.3992385268211365,0.8199612498283386,-0.003258954966440797,0.4337000250816345,0.7400093078613281,-0.008761211298406124,0.4635032117366791,0.6893852949142456,-0.018751438707113266,0.48459726572036743,0.6462349891662598,-0.028081446886062622,0.3997827470302582,0.6383821368217468,0.0024094153195619583,0.43042582273483276,0.5707412958145142,-0.02356744557619095,0.45591408014297485,0.5894419550895691,-0.045478418469429016,0.47240176796913147,0.6252027153968811,-0.05610882490873337,0.37908416986465454,0.6261485815048218,-0.009510326199233532,0.3923725187778473,0.5241555571556091,-0.022205527871847153,0.4065829813480377,0.4523499011993408,-0.03613557294011116,0.4145478308200836,0.39171960949897766,-0.046316660940647125,0.3573053777217865,0.6417514681816101,-0.02532535418868065,0.3498569130897522,0.5441960692405701,-0.037861768156290054,0.34858834743499756,0.47471702098846436,-0.05021437257528305,0.34831660985946655,0.4159667193889618,-0.05867939069867134,0.33718550205230713,0.6806604862213135,-0.042228203266859055,0.3124654293060303,0.6170465350151062,-0.05339854955673218,0.2984972298145294,0.5668779611587524,-0.05779927223920822,0.2879676818847656,0.5208566784858704,-0.06026587635278702,nice
0.35936811566352844,0.8782550692558289,2.5152914417958527e-07,0.40218520164489746,0.8175040483474731,-0.0035583602730184793,0.43450501561164856,0.7409035563468933,-0.01054722722619772,0.46547311544418335,0.6919251680374146,-0.02200811728835106,0.4888290762901306,0.6501526236534119,-0.03301594406366348,0.4001210033893585,0.636356770992279,0.0006271679303608835,0.43223315477371216,0.5724487900733948,-0.025995871052145958,0.4586060047149658,0.5888367295265198,-0.04844224080443382,0.47615140676498413,0.6212162971496582,-0.05962866544723511,0.3805278241634369,0.6250417828559875,-0.011735539883375168,0.39304572343826294,0.5229357481002808,-0.025401733815670013,0.4080887734889984,0.4507867991924286,-0.03927839174866676,0.41716650128364563,0.39038199186325073,-0.049326952546834946,0.3598479628562927,0.6417350769042969,-0.027935845777392387,0.35151731967926025,0.5419920682907104,-0.0416569858789444,0.3501632511615753,0.47085708379745483,-0.05369170010089874,0.34992071986198425,0.41035452485084534,-0.06162295863032341,0.3406357169151306,0.681398332118988,-0.04517049714922905,0.31566280126571655,0.6152917146682739,-0.05719438195228577,0.3018062710762024,0.5634478330612183,-0.061467595398426056,0.29151076078414917,0.5158302783966064,-0.06368239223957062,nice
0.36048415303230286,0.8764469027519226,2.2867843085805362e-07,0.4037202298641205,0.816537082195282,-0.002442730125039816,0.4355684220790863,0.7406925559043884,-0.008670466020703316,0.4645750820636749,0.6930404305458069,-0.019321618601679802,0.4865387976169586,0.65251624584198,-0.029477113857865334,0.4006223678588867,0.6366076469421387,0.000267036200966686,0.4322085976600647,0.571969747543335,-0.026140108704566956,0.45834100246429443,0.5885186195373535,-0.04830159246921539,0.4755227267742157,0.6215077042579651,-0.05936826393008232,0.38096311688423157,0.6261618733406067,-0.012310860678553581,0.39322903752326965,0.5241889357566833,-0.026052113622426987,0.40861573815345764,0.4533098340034485,-0.03986777737736702,0.41775938868522644,0.3946100175380707,-0.04995237663388252,0.36048489809036255,0.6426775455474854,-0.028496429324150085,0.35191717743873596,0.5436463952064514,-0.04194821044802666,0.3502346873283386,0.4729727506637573,-0.05406831577420235,0.3493994474411011,0.41269195079803467,-0.06226186826825142,0.3419085144996643,0.6812010407447815,-0.04555356502532959,0.3166537284851074,0.6160854697227478,-0.05717600882053375,0.3029398024082184,0.5653706789016724,-0.06157103180885315,0.29273471236228943,0.5184037089347839,-0.06406158953905106,nice
0.35749927163124084,0.8806445002555847,2.277779174164607e-07,0.40210455656051636,0.8189369440078735,-0.0034519897308200598,0.43548867106437683,0.7409956455230713,-0.00967690721154213,0.4654783308506012,0.6914207935333252,-0.020309699699282646,0.48665565252304077,0.6468086838722229,-0.03032746911048889,0.40139973163604736,0.6374822854995728,0.0015301367966458201,0.43121781945228577,0.5729119777679443,-0.024629827588796616,0.4566996097564697,0.5899803638458252,-0.04659607261419296,0.4734935760498047,0.6238107681274414,-0.057416096329689026,0.3807525634765625,0.6248221397399902,-0.010519791394472122,0.39276406168937683,0.5242420434951782,-0.023589376360177994,0.40773260593414307,0.4535350203514099,-0.03726286441087723,0.4168316721916199,0.39384788274765015,-0.04736865311861038,0.3591899573802948,0.6404118537902832,-0.026457874104380608,0.3507721722126007,0.5421828627586365,-0.039283111691474915,0.34965193271636963,0.4724922776222229,-0.051104433834552765,0.3498077988624573,0.4127669334411621,-0.059283748269081116,0.3393593430519104,0.679270327091217,-0.0434914231300354,0.3143188953399658,0.614249050617218,-0.054804906249046326,0.3009229004383087,0.5630595684051514,-0.05902811884880066,0.2910119593143463,0.5159310698509216,-0.06147126480937004,nice
0.35704246163368225,0.8799147605895996,2.425358331947791e-07,0.4014229476451874,0.8176239728927612,-0.0030612836126238108,0.4354841709136963,0.7393150925636292,-0.009294364601373672,0.46588316559791565,0.6891641020774841,-0.020051438361406326,0.48731833696365356,0.6453478336334229,-0.03031839057803154,0.40006932616233826,0.6351256966590881,0.0019398442236706614,0.43169352412223816,0.5700721740722656,-0.024512436240911484,0.4582871198654175,0.5879783034324646,-0.046957340091466904,0.47631824016571045,0.6223036050796509,-0.05810493975877762,0.38014310598373413,0.6238970756530762,-0.010458812117576599,0.39286008477211,0.5221500396728516,-0.02389637939631939,0.4079287052154541,0.4497443437576294,-0.038030218333005905,0.4170936346054077,0.3893343210220337,-0.04838460683822632,0.3590225577354431,0.6409168243408203,-0.02676261030137539,0.3512353301048279,0.5414124727249146,-0.040170278400182724,0.3503415584564209,0.47091010212898254,-0.05257606506347656,0.35050472617149353,0.4116676151752472,-0.060937680304050446,0.339618444442749,0.6808454990386963,-0.04408960044384003,0.3149064779281616,0.6143457293510437,-0.05605870485305786,0.3011401295661926,0.5627665519714355,-0.06070641055703163,0.2908344864845276,0.5160309076309204,-0.06329452246427536,nice
0.3587915301322937,0.8762943148612976,2.3794395076492947e-07,0.40211373567581177,0.816787838935852,-0.004549046978354454,0.4357883334159851,0.7395559549331665,-0.011883710511028767,0.4668499231338501,0.6895876526832581,-0.023336350917816162,0.4898429214954376,0.6467399001121521,-0.034219179302453995,0.4001276195049286,0.63554447889328,-0.001065187156200409,0.4317860007286072,0.569897472858429,-0.027991924434900284,0.45829182863235474,0.5884567499160767,-0.05045206844806671,0.47596055269241333,0.6222479939460754,-0.061659932136535645,0.38051071763038635,0.6241075396537781,-0.012817151844501495,0.3931785225868225,0.5237764120101929,-0.02688520774245262,0.4089192748069763,0.4530232548713684,-0.040983814746141434,0.41850244998931885,0.39362359046936035,-0.051334504038095474,0.3598838746547699,0.6404115557670593,-0.028452105820178986,0.351735383272171,0.5410275459289551,-0.04226040840148926,0.35115477442741394,0.4701230227947235,-0.05457325652241707,0.3515201807022095,0.4092100262641907,-0.06291786581277847,0.3410531282424927,0.679768979549408,-0.0451807975769043,0.31571370363235474,0.6134458184242249,-0.056955486536026,0.3020542562007904,0.5618354082107544,-0.06142883375287056,0.2920883893966675,0.5140999555587769,-0.0640363097190857,nice
0.35962364077568054,0.8783300518989563,2.3128038151298824e-07,0.40259605646133423,0.8175763487815857,-0.0037514418363571167,0.4358789026737213,0.7388883829116821,-0.010345138609409332,0.46643486618995667,0.6895601749420166,-0.02111758477985859,0.48865967988967896,0.6470670700073242,-0.03134547546505928,0.4020448327064514,0.6347159147262573,-0.0006691294256597757,0.43351060152053833,0.5698198080062866,-0.027118168771266937,0.4593433439731598,0.5893502831459045,-0.04909702390432358,0.4764876961708069,0.6240922212600708,-0.05996223911643028,0.3820844888687134,0.6238709092140198,-0.012606705538928509,0.3947264552116394,0.5227633118629456,-0.02624087780714035,0.40949147939682007,0.4514806866645813,-0.040156807750463486,0.41828328371047974,0.391606867313385,-0.05035341903567314,0.36110544204711914,0.641141414642334,-0.02824823185801506,0.3523935079574585,0.5405972599983215,-0.0416964590549469,0.35110175609588623,0.4700545072555542,-0.05381722375750542,0.35106080770492554,0.40991315245628357,-0.06204015016555786,0.3419506251811981,0.6811756491661072,-0.044881340116262436,0.3163912892341614,0.6148487329483032,-0.05694294348359108,0.3023277819156647,0.5637176036834717,-0.061573777347803116,0.29186657071113586,0.5166857838630676,-0.06412961333990097,nice
0.36202913522720337,0.874069094657898,2.6058265234496503e-07,0.4037613868713379,0.8143654465675354,-0.0057451073080301285,0.4363674223423004,0.7408469319343567,-0.013902564533054829,0.4669739603996277,0.6912503242492676,-0.025928663089871407,0.48916512727737427,0.6472197771072388,-0.037396181374788284,0.4017297327518463,0.6374008059501648,-0.0021739064250141382,0.43373313546180725,0.574434757232666,-0.028897320851683617,0.45899829268455505,0.5915462374687195,-0.05094970390200615,0.47544464468955994,0.6254851818084717,-0.06181254982948303,0.3816310167312622,0.6246540546417236,-0.013292769901454449,0.3943006694316864,0.5238285660743713,-0.027182424440979958,0.40909504890441895,0.45307695865631104,-0.04107370972633362,0.41836458444595337,0.39395731687545776,-0.05117664486169815,0.360362708568573,0.6396769285202026,-0.028271561488509178,0.35282665491104126,0.5388715267181396,-0.04226653277873993,0.351628839969635,0.4687235355377197,-0.05489387363195419,0.351815402507782,0.40972399711608887,-0.0633702352643013,0.3405693471431732,0.677743136882782,-0.04433651641011238,0.3156359791755676,0.6139446496963501,-0.05658913776278496,0.3015308976173401,0.5645634531974792,-0.06139550358057022,0.2910589575767517,0.5193808078765869,-0.06406965851783752,nice
0.35882216691970825,0.8779618144035339,2.3404649596159288e-07,0.4023963510990143,0.8179453015327454,-0.0044435434974730015,0.4355514347553253,0.7420943975448608,-0.011392617598176003,0.46600374579429626,0.6930942535400391,-0.022496648132801056,0.4886893630027771,0.6493043899536133,-0.032929349690675735,0.40195339918136597,0.6368654370307922,0.00019850868557114154,0.4340980052947998,0.5733596086502075,-0.026385748758912086,0.45993572473526,0.5920475721359253,-0.0486358180642128,0.4767078757286072,0.6267720460891724,-0.05956542119383812,0.38184693455696106,0.6240741610527039,-0.011385981924831867,0.39404648542404175,0.5232603549957275,-0.024900831282138824,0.4096384346485138,0.45313793420791626,-0.03878957778215408,0.41925138235092163,0.39456087350845337,-0.0488695427775383,0.36074990034103394,0.6394027471542358,-0.02686784788966179,0.35292237997055054,0.5400646924972534,-0.040290430188179016,0.352371484041214,0.4694548547267914,-0.05245501175522804,0.3526901304721832,0.4092353284358978,-0.06059282273054123,0.34141314029693604,0.677679181098938,-0.04343079775571823,0.3167518675327301,0.6131106019020081,-0.055158019065856934,0.30320653319358826,0.5628482103347778,-0.05952601507306099,0.29286110401153564,0.5165469646453857,-0.061826497316360474,nice
0.3611966371536255,0.8779364824295044,2.300399444266077e-07,0.4041295051574707,0.815567135810852,-0.003637719200924039,0.43532344698905945,0.7418338060379028,-0.011349886655807495,0.464663565158844,0.6956405639648438,-0.023424306884407997,0.48753052949905396,0.6540182828903198,-0.03504384681582451,0.4021502137184143,0.636824369430542,-0.0009555652504786849,0.4339752793312073,0.5731845498085022,-0.028918299823999405,0.45988014340400696,0.5927641987800598,-0.05198623612523079,0.47668084502220154,0.6291402578353882,-0.06336396932601929,0.3827093243598938,0.625194787979126,-0.01342590432614088,0.3947216868400574,0.5225224494934082,-0.028247086331248283,0.41018328070640564,0.45208144187927246,-0.042818788439035416,0.41972386837005615,0.3932325839996338,-0.05343487486243248,0.3621198534965515,0.6417441964149475,-0.029719891026616096,0.35324543714523315,0.5404490828514099,-0.04429639130830765,0.3520897924900055,0.4690249562263489,-0.0574493370950222,0.35215628147125244,0.4073322117328644,-0.06636323779821396,0.34329932928085327,0.6812142729759216,-0.04692855849862099,0.3177841305732727,0.6154818534851074,-0.059559911489486694,0.30394819378852844,0.5640928745269775,-0.06480548530817032,0.29363736510276794,0.5163344144821167,-0.06795766949653625,nice
0.3601258397102356,0.8771578073501587,2.4032254941630526e-07,0.4034292697906494,0.8181841373443604,-0.004138397518545389,0.4358523488044739,0.742043673992157,-0.010946398600935936,0.46576356887817383,0.6919748187065125,-0.021879494190216064,0.48755723237991333,0.6492607593536377,-0.03234127536416054,0.4024161696434021,0.6369739770889282,-0.0007857171585783362,0.4337093234062195,0.5732375979423523,-0.027227599173784256,0.4595033824443817,0.5898497104644775,-0.04918692633509636,0.47666820883750916,0.6231987476348877,-0.060086533427238464,0.3823607563972473,0.6239707469940186,-0.012452462688088417,0.3948328495025635,0.5228171944618225,-0.026122864335775375,0.41026997566223145,0.4523461163043976,-0.03983728960156441,0.4199105501174927,0.3943233788013458,-0.049855154007673264,0.36115914583206177,0.6390476822853088,-0.027885137125849724,0.35256141424179077,0.5387185215950012,-0.04149329289793968,0.35164451599121094,0.4678143262863159,-0.0539822019636631,0.35201525688171387,0.4077853858470917,-0.06251383572816849,0.34163713455200195,0.6773428916931152,-0.04434514790773392,0.31704044342041016,0.6124342679977417,-0.05642198398709297,0.3034121096134186,0.5616549253463745,-0.061402659863233566,0.2934350371360779,0.5151446461677551,-0.06433314085006714,nice
0.359958678483963,0.8811240196228027,2.3292574269362376e-07,0.40360066294670105,0.8203909993171692,-0.0032184484880417585,0.4369238018989563,0.7406740188598633,-0.009435059502720833,0.4666079878807068,0.6907932162284851,-0.02002234384417534,0.48980847001075745,0.6496015191078186,-0.03002309426665306,0.4015597105026245,0.6360754370689392,0.0012293627951294184,0.4334982633590698,0.5706344246864319,-0.025031819939613342,0.45993512868881226,0.5903210043907166,-0.047063183039426804,0.4770364761352539,0.6252717971801758,-0.05797627195715904,0.3819040060043335,0.6244605779647827,-0.011045891791582108,0.3949766457080841,0.5229747295379639,-0.024463549256324768,0.4100949466228485,0.45144861936569214,-0.03855011239647865,0.4187805652618408,0.3920890688896179,-0.04889876767992973,0.36108365654945374,0.6409890055656433,-0.02713819406926632,0.35282719135284424,0.5407611131668091,-0.040460970252752304,0.3521874248981476,0.47007864713668823,-0.05294124409556389,0.3522307574748993,0.4102332592010498,-0.061498209834098816,0.34215712547302246,0.6808359026908875,-0.04420914873480797,0.3173345625400543,0.6149518489837646,-0.0559798888862133,0.303794801235199,0.5634302496910095,-0.06062163785099983,0.2935746908187866,0.5159768462181091,-0.0633663684129715,nice
0.3598174452781677,0.8775437474250793,2.440995388042211e-07,0.40222078561782837,0.818384051322937,-0.004567214287817478,0.434914231300354,0.739696204662323,-0.01164285372942686,0.4655044972896576,0.6904714703559875,-0.022816557437181473,0.48853057622909546,0.6494626402854919,-0.03342343866825104,0.4008602499961853,0.6350192427635193,-0.0009082770557142794,0.4334218502044678,0.5714151859283447,-0.02764429710805416,0.45974910259246826,0.5904407501220703,-0.04981914535164833,0.47683414816856384,0.6253541111946106,-0.06077317148447037,0.3811382055282593,0.6227330565452576,-0.012538355775177479,0.39427557587623596,0.5214866399765015,-0.026335837319493294,0.4096011817455292,0.44988614320755005,-0.040177930146455765,0.4189007580280304,0.3899640142917633,-0.050254445523023605,0.3603856861591339,0.6385608911514282,-0.028018252924084663,0.3522208631038666,0.5375306010246277,-0.04162920266389847,0.3516644835472107,0.46663978695869446,-0.053801268339157104,0.3523043096065521,0.4063348174095154,-0.06204908713698387,0.3413349986076355,0.6776322722434998,-0.04459299519658089,0.31641334295272827,0.6116184592247009,-0.056561071425676346,0.3028807044029236,0.5607378482818604,-0.06109889969229698,0.29304802417755127,0.5140522718429565,-0.0636684000492096,nice
0.3590760827064514,0.8793097734451294,2.3112474423214735e-07,0.4025076925754547,0.8202978372573853,-0.003929541911929846,0.435913622379303,0.7413020133972168,-0.010454601608216763,0.4665865898132324,0.6909170150756836,-0.021213792264461517,0.4887703061103821,0.64715576171875,-0.03141043335199356,0.4031732678413391,0.635485053062439,0.0003194587479811162,0.4340629279613495,0.5710427165031433,-0.025758031755685806,0.45984581112861633,0.5894050598144531,-0.0473349392414093,0.4767932593822479,0.6242803335189819,-0.05793212726712227,0.38307294249534607,0.6229918003082275,-0.011505107395350933,0.39606499671936035,0.5227595567703247,-0.02479817159473896,0.41125741600990295,0.45203113555908203,-0.03832633048295975,0.4205554127693176,0.3923242688179016,-0.048186395317316055,0.36187729239463806,0.638608992099762,-0.027187243103981018,0.3536064922809601,0.5376889705657959,-0.04047371819615364,0.3532591760158539,0.4667171835899353,-0.05263669416308403,0.35423311591148376,0.4062173366546631,-0.06095792353153229,0.34245020151138306,0.6776456236839294,-0.04392603039741516,0.31751173734664917,0.611905574798584,-0.055895719677209854,0.30389904975891113,0.5605489015579224,-0.06068869307637215,0.2939847409725189,0.5132231712341309,-0.06344471871852875,nice
0.3616332411766052,0.8762932419776917,2.3797252879376174e-07,0.4047597348690033,0.8148669004440308,-0.003831046400591731,0.4374501705169678,0.7384105920791626,-0.011013774201273918,0.46677228808403015,0.6903035044670105,-0.022547338157892227,0.489216148853302,0.6489973664283752,-0.03349367529153824,0.40259280800819397,0.6342336535453796,-0.0003678356879390776,0.43410488963127136,0.5696120858192444,-0.0273201372474432,0.4607125520706177,0.5901761054992676,-0.04983585700392723,0.47813576459884644,0.6247403621673584,-0.06103067472577095,0.3828185200691223,0.6226007342338562,-0.01258332934230566,0.3955048620700836,0.5224673748016357,-0.02659599296748638,0.4109906852245331,0.4516358971595764,-0.040846358984708786,0.4203778803348541,0.3912789821624756,-0.05130905285477638,0.3618674874305725,0.6384665966033936,-0.028569694608449936,0.3538053035736084,0.5390855073928833,-0.04189397394657135,0.3538404703140259,0.46921443939208984,-0.05385546758770943,0.35495004057884216,0.4089992046356201,-0.062054991722106934,0.3428489863872528,0.6773244738578796,-0.04565516859292984,0.31830325722694397,0.6113439202308655,-0.056865375488996506,0.3051084280014038,0.5604614019393921,-0.06080944836139679,0.29528653621673584,0.5137753486633301,-0.06305300444364548,nice
0.36036208271980286,0.8760145902633667,2.42166294128765e-07,0.4031280279159546,0.8159459829330444,-0.004207858350127935,0.4359634220600128,0.7386436462402344,-0.010869844816625118,0.4665154218673706,0.6903712153434753,-0.021638158708810806,0.48916685581207275,0.649109423160553,-0.03187950327992439,0.4025522470474243,0.6340188980102539,-0.0003349723410792649,0.4337390661239624,0.5709915161132812,-0.026506274938583374,0.4603632092475891,0.5888323783874512,-0.04833311587572098,0.4781278073787689,0.6228906512260437,-0.05917716771364212,0.3829275071620941,0.6225696802139282,-0.012077420949935913,0.39535078406333923,0.5212409496307373,-0.025807909667491913,0.4112282693386078,0.45062392950057983,-0.039747707545757294,0.4213913679122925,0.3922192454338074,-0.04994084686040878,0.3618197739124298,0.6391888856887817,-0.027630994096398354,0.3534424602985382,0.5385149717330933,-0.0413268506526947,0.353177011013031,0.46811848878860474,-0.05393552407622337,0.35429367423057556,0.4079979658126831,-0.06250251084566116,0.3424069881439209,0.6784225702285767,-0.04420141130685806,0.3180887699127197,0.6129524111747742,-0.05641276761889458,0.30459558963775635,0.5622472763061523,-0.06134483590722084,0.2945170998573303,0.5154642462730408,-0.06423428654670715,nice
0.35944658517837524,0.8793978095054626,2.2680910660710651e-07,0.4037882387638092,0.8178808093070984,-0.0035380017943680286,0.43781742453575134,0.7395946383476257,-0.010175298899412155,0.46787959337234497,0.6904665231704712,-0.021149462088942528,0.49048298597335815,0.6474502682685852,-0.0313771516084671,0.40411216020584106,0.6346398591995239,0.00092789571499452,0.43418776988983154,0.567873477935791,-0.0254265908151865,0.46026548743247986,0.5875704288482666,-0.0477728433907032,0.4776480197906494,0.6228532195091248,-0.05890616402029991,0.3837960660457611,0.6225684285163879,-0.011113027110695839,0.39536967873573303,0.5228898525238037,-0.024542398750782013,0.4116385281085968,0.45310282707214355,-0.03883439674973488,0.4222182631492615,0.39481252431869507,-0.04938783496618271,0.3624114394187927,0.6381835341453552,-0.026922529563307762,0.35469838976860046,0.5407211780548096,-0.03953580930829048,0.35502949357032776,0.47217315435409546,-0.051346778869628906,0.3564096689224243,0.41348037123680115,-0.059609442949295044,0.3430032730102539,0.6772332787513733,-0.04386404901742935,0.31869763135910034,0.6128005385398865,-0.054594092071056366,0.305736243724823,0.5621093511581421,-0.05853397399187088,0.29609060287475586,0.5155256390571594,-0.06085195019841194,nice
0.36216554045677185,0.8723039031028748,2.4817504140628444e-07,0.4046468734741211,0.812641441822052,-0.0047606611624360085,0.4376732110977173,0.7384666204452515,-0.012370031327009201,0.4682437479496002,0.6905638575553894,-0.023937871679663658,0.49124622344970703,0.648044764995575,-0.03495879843831062,0.40396299958229065,0.6361606121063232,-0.001823160331696272,0.43588632345199585,0.5718531608581543,-0.028309231624007225,0.46103984117507935,0.590759813785553,-0.050164446234703064,0.47721660137176514,0.6260180473327637,-0.06082531437277794,0.3840286135673523,0.6241461634635925,-0.013342254795134068,0.39778754115104675,0.5232421159744263,-0.02694757655262947,0.41293638944625854,0.45279234647750854,-0.040819764137268066,0.4221966564655304,0.3938336670398712,-0.051001351326704025,0.36269310116767883,0.6399121880531311,-0.028600743040442467,0.3564140498638153,0.5398682951927185,-0.042137712240219116,0.3567296862602234,0.4703204929828644,-0.05446888878941536,0.3581397533416748,0.4113222062587738,-0.06284791976213455,0.3427702784538269,0.6782101988792419,-0.04486454278230667,0.3189794421195984,0.6127708554267883,-0.05673101171851158,0.305866539478302,0.5622387528419495,-0.06119616702198982,0.2961048483848572,0.515648603439331,-0.06371742486953735,nice
0.36009481549263,0.8749709725379944,2.4049782609836257e-07,0.40348947048187256,0.8147383332252502,-0.003709138138219714,0.4361383616924286,0.7395828366279602,-0.01053975522518158,0.46691980957984924,0.6920909285545349,-0.021654760465025902,0.49031928181648254,0.6496784090995789,-0.03227072209119797,0.40163740515708923,0.6352749466896057,0.0008945902227424085,0.4346368610858917,0.5731930732727051,-0.025119438767433167,0.46089425683021545,0.5911135077476501,-0.04699817672371864,0.4779179096221924,0.6253742575645447,-0.05778348073363304,0.3825335204601288,0.6225432753562927,-0.011001945473253727,0.39669352769851685,0.5217241644859314,-0.024161897599697113,0.41275957226753235,0.4509916305541992,-0.03794476017355919,0.4226730763912201,0.3916853666305542,-0.04808783158659935,0.3620742857456207,0.6374943256378174,-0.026734236627817154,0.3557928800582886,0.5371228456497192,-0.040048547089099884,0.35632532835006714,0.4669416844844818,-0.052563171833753586,0.3577103018760681,0.40712276101112366,-0.06105482578277588,0.342914342880249,0.6753124594688416,-0.04343072324991226,0.31856870651245117,0.6099401116371155,-0.05515317991375923,0.30550891160964966,0.5592365860939026,-0.05980493128299713,0.29590892791748047,0.5124033093452454,-0.06249309331178665,nice
0.361796498298645,0.8775591850280762,2.332149193762234e-07,0.4054102599620819,0.8162782192230225,-0.003006658749654889,0.4384370446205139,0.7395614981651306,-0.009469774551689625,0.4680093824863434,0.6915788650512695,-0.02033688873052597,0.4901082515716553,0.6488150358200073,-0.03058619052171707,0.4047696590423584,0.6332277655601501,0.0007198426756076515,0.4360818862915039,0.567051887512207,-0.02597900666296482,0.4624076783657074,0.5870141386985779,-0.048550691455602646,0.48026609420776367,0.6227304339408875,-0.05983753129839897,0.3851790726184845,0.6218621730804443,-0.011776675470173359,0.398151159286499,0.5212196707725525,-0.025847382843494415,0.4145510792732239,0.45047104358673096,-0.04063870757818222,0.42514821887016296,0.39088770747184753,-0.05152081325650215,0.36417698860168457,0.6382248401641846,-0.02797791175544262,0.3566916882991791,0.5376859903335571,-0.04166625440120697,0.3576850891113281,0.4690070152282715,-0.054143063724040985,0.35990938544273376,0.4098539650440216,-0.06262880563735962,0.3448345959186554,0.6776804327964783,-0.04513459652662277,0.32069870829582214,0.6108074188232422,-0.05683039501309395,0.30828234553337097,0.5590778589248657,-0.06125473976135254,0.2994677424430847,0.5109802484512329,-0.06378484517335892,nice
0.3601738512516022,0.8779946565628052,2.3686328631811193e-07,0.40489262342453003,0.8177472352981567,-0.0031688869930803776,0.4395900368690491,0.7392633557319641,-0.009331115521490574,0.4700354039669037,0.6901881098747253,-0.019845513626933098,0.49309077858924866,0.6484886407852173,-0.029812145978212357,0.4060186445713043,0.6349363327026367,0.0007491325959563255,0.4371833801269531,0.5698164105415344,-0.025040000677108765,0.4631728529930115,0.5892412662506104,-0.046617623418569565,0.48051440715789795,0.6240401268005371,-0.05725577473640442,0.3859576880931854,0.6233539581298828,-0.011465564370155334,0.40013012290000916,0.5225650072097778,-0.024630099534988403,0.41637054085731506,0.45154500007629395,-0.038317497819662094,0.4264788329601288,0.39134612679481506,-0.04834602400660515,0.36451414227485657,0.6391769051551819,-0.027390914037823677,0.35821741819381714,0.538870632648468,-0.04035038501024246,0.35945525765419006,0.4695126414299011,-0.05221892520785332,0.36162903904914856,0.4099924564361572,-0.06031810864806175,0.34472760558128357,0.6778815984725952,-0.0443197600543499,0.3209635019302368,0.6111264824867249,-0.055917367339134216,0.30823200941085815,0.5594082474708557,-0.06020142138004303,0.2987971305847168,0.5119086503982544,-0.06255189329385757,nice
0.3630465269088745,0.8786200881004333,2.3166450091594015e-07,0.40616676211357117,0.8179011940956116,-0.0034482653718441725,0.4387916624546051,0.7398989200592041,-0.010122827254235744,0.4687732458114624,0.6914350390434265,-0.021175513043999672,0.49135491251945496,0.6490165591239929,-0.03163920342922211,0.4041474461555481,0.6356637477874756,0.0008830172009766102,0.4351252615451813,0.5721952319145203,-0.02547675184905529,0.4612272381782532,0.5919141173362732,-0.04769361764192581,0.4784323573112488,0.6270592212677002,-0.058772891759872437,0.38483524322509766,0.6238240599632263,-0.011462615802884102,0.3978821635246277,0.5240892767906189,-0.025113558396697044,0.41359856724739075,0.452860951423645,-0.03947780281305313,0.42335617542266846,0.39158451557159424,-0.05013207346200943,0.3641240894794464,0.6392813324928284,-0.027613146230578423,0.3570791780948639,0.5398327112197876,-0.04096626862883568,0.35768991708755493,0.47092539072036743,-0.053299594670534134,0.3592548668384552,0.41088831424713135,-0.061800356954336166,0.3449587821960449,0.6775948405265808,-0.04479396715760231,0.32038024067878723,0.6118450164794922,-0.05627785250544548,0.30720847845077515,0.5610117316246033,-0.06063453108072281,0.29751473665237427,0.513775110244751,-0.06323891878128052,nice
0.3635488450527191,0.8735512495040894,2.3666970605518145e-07,0.40598657727241516,0.8139075040817261,-0.003982823807746172,0.43906766176223755,0.7390907406806946,-0.01121526025235653,0.46897152066230774,0.6917382478713989,-0.022626306861639023,0.4916830062866211,0.6501491665840149,-0.03341514244675636,0.40427637100219727,0.6341090798377991,-0.0007775889243930578,0.43614691495895386,0.568407416343689,-0.02743428386747837,0.4620254635810852,0.5874253511428833,-0.04964504763484001,0.47889864444732666,0.6226588487625122,-0.06057315319776535,0.38473954796791077,0.6218637228012085,-0.012584524229168892,0.3982197046279907,0.5220361351966858,-0.02603837475180626,0.4136916995048523,0.45225679874420166,-0.039935700595378876,0.42333313822746277,0.3933253586292267,-0.050306953489780426,0.36381930112838745,0.6367867588996887,-0.02815110795199871,0.35737913846969604,0.5376691818237305,-0.041153792291879654,0.35766297578811646,0.4691571593284607,-0.05312294885516167,0.35897326469421387,0.4107002913951874,-0.06147600710391998,0.3441954255104065,0.6744188070297241,-0.044774025678634644,0.3196296691894531,0.6092426180839539,-0.05588264390826225,0.30641037225723267,0.5590865612030029,-0.05998601019382477,0.29686784744262695,0.5126811265945435,-0.06244124099612236,nice
0.3621642291545868,0.8752217292785645,2.380789680955786e-07,0.40558305382728577,0.8134992718696594,-0.003702794900164008,0.43884849548339844,0.7379456162452698,-0.010775148868560791,0.468109667301178,0.6907123923301697,-0.022071262821555138,0.4910634756088257,0.6510802507400513,-0.032895609736442566,0.40455323457717896,0.6339821219444275,-0.0005601440789178014,0.4354837238788605,0.5696881413459778,-0.026770249009132385,0.4611751139163971,0.5890297889709473,-0.04877912253141403,0.4783141016960144,0.6236630082130432,-0.05984087660908699,0.3845985531806946,0.6233187317848206,-0.012701580300927162,0.397676020860672,0.5234189033508301,-0.02671694941818714,0.4140509366989136,0.4532877802848816,-0.041138578206300735,0.4247657060623169,0.3939456045627594,-0.05176449567079544,0.36350879073143005,0.6397982239723206,-0.028506245464086533,0.3559425175189972,0.5397546887397766,-0.04227583110332489,0.35687708854675293,0.4699985980987549,-0.055127959698438644,0.35921770334243774,0.41010838747024536,-0.06393054127693176,0.34426969289779663,0.6789472699165344,-0.045255158096551895,0.3195783793926239,0.6128522157669067,-0.05726313591003418,0.30655863881111145,0.5618158578872681,-0.06213506683707237,0.2971443831920624,0.5147380232810974,-0.06504437327384949,nice
0.3637683391571045,0.8695524334907532,2.595734258648008e-07,0.4061873257160187,0.8094149827957153,-0.004837279673665762,0.43897148966789246,0.7388013005256653,-0.012733330018818378,0.4693118929862976,0.692887544631958,-0.024557722732424736,0.4920229911804199,0.6514708399772644,-0.035760339349508286,0.4048992097377777,0.6344627141952515,-0.0015784896677359939,0.4373186230659485,0.5724769830703735,-0.027948133647441864,0.46266257762908936,0.5931606888771057,-0.0499749630689621,0.4791141152381897,0.6278097629547119,-0.06084375083446503,0.384877473115921,0.6216666102409363,-0.01296753529459238,0.3989628851413727,0.5213332772254944,-0.026582282036542892,0.4149340093135834,0.45220446586608887,-0.04064174368977547,0.42519325017929077,0.39365553855895996,-0.05098874866962433,0.3634398579597473,0.6361188292503357,-0.028073718771338463,0.3566429018974304,0.538314700126648,-0.041482191532850266,0.35784026980400085,0.4706113040447235,-0.05385406315326691,0.3604370355606079,0.4120386242866516,-0.06226847693324089,0.3433080017566681,0.673026442527771,-0.04419269412755966,0.3200806975364685,0.6092156767845154,-0.05539849027991295,0.30779677629470825,0.5604366064071655,-0.059403132647275925,0.2989085018634796,0.5147437453269958,-0.06169203296303749,nice
0.3634088933467865,0.8712269067764282,2.413259778677457e-07,0.40650948882102966,0.8127766847610474,-0.003950804937630892,0.4386431574821472,0.73781418800354,-0.010552041232585907,0.4681013226509094,0.6898865699768066,-0.021167272701859474,0.4906654357910156,0.6500057578086853,-0.031275976449251175,0.4046279191970825,0.6325559616088867,-0.0005403271643444896,0.4363165497779846,0.5688304305076599,-0.02633547969162464,0.4618203938007355,0.5861169099807739,-0.04796740785241127,0.47886544466018677,0.6203453540802002,-0.05871947482228279,0.3846145272254944,0.6207631230354309,-0.012069299817085266,0.3974321484565735,0.5203437805175781,-0.025311633944511414,0.41344696283340454,0.4511003792285919,-0.03885670006275177,0.4239196479320526,0.39417630434036255,-0.04876291751861572,0.36355090141296387,0.636748731136322,-0.027285322546958923,0.35644182562828064,0.5373820066452026,-0.040482763200998306,0.3570989966392517,0.4683809280395508,-0.0527380146086216,0.3590390384197235,0.4099980592727661,-0.06108398362994194,0.3440951704978943,0.6752622723579407,-0.043475691229104996,0.3199145197868347,0.6117203235626221,-0.05540638789534569,0.3067725896835327,0.5614546537399292,-0.06029495596885681,0.2972557246685028,0.5148653388023376,-0.06307414919137955,nice
0.36175283789634705,0.8755035400390625,2.4231897555182513e-07,0.4037488102912903,0.8161373138427734,-0.004396405071020126,0.43724802136421204,0.7396372556686401,-0.01124678086489439,0.46707606315612793,0.6916124224662781,-0.022081157192587852,0.48880478739738464,0.6498381495475769,-0.03215889632701874,0.40309661626815796,0.6345074772834778,-0.0006009359494782984,0.4347502887248993,0.5707329511642456,-0.0272503849118948,0.4607221782207489,0.5909290909767151,-0.049358610063791275,0.477668821811676,0.6266838312149048,-0.06011506915092468,0.38339558243751526,0.6230040192604065,-0.012272934429347515,0.3972858786582947,0.5223468542098999,-0.026054004207253456,0.41275641322135925,0.45179086923599243,-0.039963655173778534,0.42214664816856384,0.392378568649292,-0.05000066012144089,0.36215636134147644,0.639061689376831,-0.027754485607147217,0.35599666833877563,0.5395914316177368,-0.041329964995384216,0.3569622039794922,0.47095513343811035,-0.053116802126169205,0.3589443564414978,0.4123971164226532,-0.06093573570251465,0.34216347336769104,0.6780521869659424,-0.04430142790079117,0.3186458647251129,0.6121567487716675,-0.05600477010011673,0.30589330196380615,0.5611333847045898,-0.05999283865094185,0.29661431908607483,0.5139182209968567,-0.06203862652182579,nice
0.3614671528339386,0.8714128732681274,2.3275993044080678e-07,0.4042458236217499,0.8143692016601562,-0.0032270699739456177,0.43763303756713867,0.7390176057815552,-0.009323937818408012,0.46709904074668884,0.6914498805999756,-0.019556572660803795,0.4898381233215332,0.6515519618988037,-0.029299737885594368,0.40401285886764526,0.6362648010253906,-0.00037770249764434993,0.43518131971359253,0.5718698501586914,-0.026165369898080826,0.46023017168045044,0.5881569981575012,-0.047360021620988846,0.47645846009254456,0.6218147873878479,-0.05758871138095856,0.3841192424297333,0.6239572167396545,-0.012217092327773571,0.39728477597236633,0.5226964354515076,-0.02533964067697525,0.4131688177585602,0.45240890979766846,-0.03841450437903404,0.4230245053768158,0.394832968711853,-0.047825686633586884,0.3629816770553589,0.6389674544334412,-0.027684377506375313,0.3555729389190674,0.5394986271858215,-0.040752049535512924,0.35662782192230225,0.47040510177612305,-0.052597254514694214,0.3586938679218292,0.4122128486633301,-0.060514308512210846,0.3433176279067993,0.676367461681366,-0.044057972729206085,0.3187263011932373,0.6112503409385681,-0.05579235032200813,0.3058362305164337,0.5606675148010254,-0.06028866022825241,0.2965664863586426,0.5139415264129639,-0.06271755695343018,nice
0.36429351568222046,0.8689673542976379,2.513130539227859e-07,0.4064207077026367,0.8118599653244019,-0.004446787294000387,0.4383279085159302,0.7386537790298462,-0.011384302750229836,0.46789878606796265,0.6917276382446289,-0.022224362939596176,0.4908744692802429,0.6522842049598694,-0.03261936455965042,0.4041896462440491,0.6363577246665955,-0.00189369881991297,0.4349762201309204,0.5715022087097168,-0.027835460379719734,0.4601525366306305,0.5880497097969055,-0.049428790807724,0.47676578164100647,0.6214227676391602,-0.06006671115756035,0.3841196298599243,0.6243625283241272,-0.013148369267582893,0.3976534903049469,0.5233435034751892,-0.02643357403576374,0.41341233253479004,0.4536330997943878,-0.04016285017132759,0.42353999614715576,0.3958497941493988,-0.050360459834337234,0.3628639280796051,0.6387573480606079,-0.028015481308102608,0.35655733942985535,0.5396007299423218,-0.04095655679702759,0.3573199510574341,0.47084277868270874,-0.05321047082543373,0.3594810366630554,0.4128183126449585,-0.06171298772096634,0.3427481949329376,0.6748815774917603,-0.04387509077787399,0.3184918761253357,0.6101042628288269,-0.054971400648355484,0.3056923449039459,0.560653030872345,-0.05930402874946594,0.2966746985912323,0.5150729417800903,-0.061938028782606125,nice
0.3627627193927765,0.8743380904197693,2.359340669499943e-07,0.4058972895145416,0.8147842884063721,-0.004026975017040968,0.43851932883262634,0.738792896270752,-0.011192355304956436,0.46835842728614807,0.6906717419624329,-0.02258860506117344,0.4919675290584564,0.648994505405426,-0.033402275294065475,0.40548670291900635,0.6328704357147217,0.00018951852689497173,0.4367027282714844,0.5697952508926392,-0.026614943519234657,0.4623973071575165,0.5896714329719543,-0.04905868321657181,0.4790966510772705,0.6256464719772339,-0.06015276536345482,0.3857807517051697,0.6210770010948181,-0.01189347356557846,0.3984208106994629,0.5200564861297607,-0.025794317945837975,0.4145839214324951,0.44949424266815186,-0.03988346830010414,0.42498305439949036,0.39019662141799927,-0.050123430788517,0.36457982659339905,0.6373199224472046,-0.027866678312420845,0.357719361782074,0.5369504690170288,-0.0417599193751812,0.35868772864341736,0.46759599447250366,-0.054040197283029556,0.36088091135025024,0.40802237391471863,-0.06223372742533684,0.3447554111480713,0.6767765879631042,-0.04485365003347397,0.32020291686058044,0.611414909362793,-0.05710567533969879,0.3070840835571289,0.5598517060279846,-0.06170611456036568,0.2975165545940399,0.511623740196228,-0.06421113014221191,nice
0.3627530336380005,0.8723084926605225,2.496961997167091e-07,0.40602314472198486,0.812109649181366,-0.004650983028113842,0.4389965236186981,0.7383936643600464,-0.012105884961783886,0.4687430262565613,0.690862238407135,-0.023599399253726006,0.4908906817436218,0.6481631994247437,-0.03455936163663864,0.4043974280357361,0.633974015712738,-0.0006959313759580255,0.43594273924827576,0.5695858001708984,-0.027377840131521225,0.4615854024887085,0.5876328945159912,-0.049766749143600464,0.47855493426322937,0.62249356508255,-0.06087985634803772,0.38444823026657104,0.6213339567184448,-0.012296118773519993,0.39851438999176025,0.5219811797142029,-0.026167526841163635,0.41454172134399414,0.45182400941848755,-0.04064041003584862,0.42467013001441956,0.3924802541732788,-0.05139718949794769,0.3631952702999115,0.6361966729164124,-0.027736814692616463,0.35736504197120667,0.5362690687179565,-0.04129006713628769,0.35862356424331665,0.467762291431427,-0.053962577134370804,0.36109134554862976,0.408949077129364,-0.06273693591356277,0.3434019982814789,0.6739926934242249,-0.04423581436276436,0.31920868158340454,0.6092521548271179,-0.05594715103507042,0.30643898248672485,0.5589449405670166,-0.060666684061288834,0.2973451018333435,0.5117262601852417,-0.06353398412466049,nice
0.3634633421897888,0.8708707690238953,2.510284673462593e-07,0.40586769580841064,0.813420832157135,-0.0047003705985844135,0.438528835773468,0.7388516664505005,-0.011722021736204624,0.4685678780078888,0.6911768913269043,-0.022530484944581985,0.4915940761566162,0.6507018804550171,-0.03279327228665352,0.4047786593437195,0.6348751187324524,-0.002155093476176262,0.437002032995224,0.571793794631958,-0.028335394337773323,0.4629797339439392,0.5899791717529297,-0.049940697848796844,0.47994542121887207,0.6243270635604858,-0.060509804636240005,0.38480767607688904,0.6220802664756775,-0.013338732533156872,0.39869141578674316,0.5209717154502869,-0.026821281760931015,0.41493186354637146,0.4512051045894623,-0.04030796140432358,0.42530229687690735,0.392672598361969,-0.0501214936375618,0.36340460181236267,0.6367571353912354,-0.02818668633699417,0.35687699913978577,0.5366415977478027,-0.0416528582572937,0.3578542172908783,0.4671216607093811,-0.0539056695997715,0.3600844144821167,0.4077717363834381,-0.06214142218232155,0.34324806928634644,0.6741737723350525,-0.04401787742972374,0.3190164268016815,0.6094603538513184,-0.055769845843315125,0.3058242201805115,0.5595622062683105,-0.0602070577442646,0.2963259816169739,0.5130919814109802,-0.06267246603965759,nice
0.3616121709346771,0.8758570551872253,2.4113555241456197e-07,0.40490463376045227,0.8159065246582031,-0.0037412885576486588,0.43801987171173096,0.7396808862686157,-0.010248568840324879,0.4678746163845062,0.6918187141418457,-0.02098587341606617,0.48989900946617126,0.6488193273544312,-0.031145861372351646,0.40305155515670776,0.636806845664978,-5.467839218908921e-05,0.43442487716674805,0.5704416632652283,-0.026448436081409454,0.46109655499458313,0.5876094698905945,-0.048506010323762894,0.47893399000167847,0.6219226121902466,-0.059327658265829086,0.38348859548568726,0.624220073223114,-0.011843222193419933,0.3975429832935333,0.5238040685653687,-0.025233490392565727,0.4131241738796234,0.4529377818107605,-0.039224039763212204,0.4225320518016815,0.39260536432266235,-0.049569666385650635,0.3625831604003906,0.6384197473526001,-0.027392808347940445,0.3572024405002594,0.5376808643341064,-0.040471918880939484,0.3581048846244812,0.4680876135826111,-0.05273715779185295,0.3597407341003418,0.40887609124183655,-0.06117207929491997,0.34287598729133606,0.6754931211471558,-0.04396667703986168,0.3187929391860962,0.6098374724388123,-0.0552406907081604,0.30558040738105774,0.5589056015014648,-0.059592992067337036,0.29573655128479004,0.5120365619659424,-0.062125321477651596,nice
0.3606064021587372,0.8761156797409058,2.3268181337243732e-07,0.40422695875167847,0.8155446648597717,-0.0025180100928992033,0.43674981594085693,0.7407876253128052,-0.008889778517186642,0.46663185954093933,0.6930047273635864,-0.01975110173225403,0.4890756905078888,0.6508914232254028,-0.03016829863190651,0.4028626084327698,0.6368849277496338,0.001146943075582385,0.4339226484298706,0.5712277293205261,-0.024849044159054756,0.4598703980445862,0.5888494253158569,-0.04683336243033409,0.47734713554382324,0.6225775480270386,-0.057782068848609924,0.3838690221309662,0.6250817179679871,-0.011427665129303932,0.3973909914493561,0.523515522480011,-0.024713817983865738,0.4130578637123108,0.452675998210907,-0.03883719816803932,0.4228002429008484,0.39392945170402527,-0.049374137073755264,0.3629561960697174,0.6400308609008789,-0.02766658551990986,0.3562430739402771,0.5388071537017822,-0.04086983948945999,0.3570004105567932,0.46929383277893066,-0.053431302309036255,0.3589051365852356,0.41060715913772583,-0.062125593423843384,0.3432517647743225,0.6773407459259033,-0.044767919927835464,0.31820571422576904,0.6109472513198853,-0.05621335655450821,0.3050610423088074,0.5597988963127136,-0.06077701970934868,0.29551181197166443,0.5128898620605469,-0.06354406476020813,nice
0.36078834533691406,0.8766708970069885,2.4613896698610915e-07,0.40422144532203674,0.8169614672660828,-0.003868627827614546,0.4373817443847656,0.7408267259597778,-0.010755334980785847,0.46741098165512085,0.6921237707138062,-0.021937567740678787,0.48999863862991333,0.6499446630477905,-0.03262461721897125,0.40396246314048767,0.6350276470184326,0.0002155036199837923,0.4346555769443512,0.5716968178749084,-0.025661734864115715,0.4603322744369507,0.5900244116783142,-0.04742814227938652,0.4774315357208252,0.6239404082298279,-0.05827644094824791,0.3838750123977661,0.6229732036590576,-0.01179929543286562,0.39739686250686646,0.523043155670166,-0.024870507419109344,0.4128037691116333,0.4520605802536011,-0.03849462419748306,0.4223352372646332,0.3920312225818634,-0.04857495799660683,0.36236926913261414,0.6385689973831177,-0.027567781507968903,0.3555775284767151,0.5388275384902954,-0.0404534786939621,0.3558182716369629,0.46919143199920654,-0.052317433059215546,0.3571959435939789,0.410125195980072,-0.06050112470984459,0.34228676557540894,0.6776760220527649,-0.04442618787288666,0.3177560567855835,0.6128246188163757,-0.05596533045172691,0.30445340275764465,0.5614039301872253,-0.06027085334062576,0.2945576608181,0.514285683631897,-0.06269243359565735,nice
0.35575932264328003,0.8833473920822144,2.666287173269666e-07,0.3983830213546753,0.8245774507522583,-0.005322803743183613,0.43180355429649353,0.7468132376670837,-0.012532324530184269,0.4636470377445221,0.6961548328399658,-0.023717261850833893,0.487419456243515,0.6533070206642151,-0.03432932496070862,0.39966848492622375,0.6427029967308044,-0.0003817758406512439,0.43197473883628845,0.5766454935073853,-0.0268077552318573,0.4575906991958618,0.5928928852081299,-0.04885483160614967,0.47419971227645874,0.6269428133964539,-0.05955738201737404,0.3790323734283447,0.6292363405227661,-0.011669817380607128,0.39275917410850525,0.5256386399269104,-0.02472979575395584,0.40767616033554077,0.45334964990615845,-0.0382833331823349,0.41656169295310974,0.3938434422016144,-0.04801138490438461,0.3569135367870331,0.6444372534751892,-0.026927299797534943,0.35065755248069763,0.5432952046394348,-0.04029661789536476,0.35012364387512207,0.47222569584846497,-0.05241163820028305,0.35057127475738525,0.4122125506401062,-0.060441046953201294,0.33548635244369507,0.6832852959632874,-0.0432995967566967,0.3113151788711548,0.6194289922714233,-0.05506233870983124,0.29798150062561035,0.5696142315864563,-0.05916498973965645,0.2881619930267334,0.5233443379402161,-0.06121256947517395,nice
0.3594832420349121,0.8729162812232971,2.403900793979119e-07,0.40347495675086975,0.8127140998840332,-0.004415867384523153,0.4360363781452179,0.7381075620651245,-0.011827054433524609,0.46577686071395874,0.689731776714325,-0.02346213348209858,0.4877033829689026,0.6461221575737,-0.03464234620332718,0.40129438042640686,0.6308185458183289,-0.0007693312945775688,0.433183491230011,0.5677223205566406,-0.027663318440318108,0.4591127932071686,0.5867093801498413,-0.050079625099897385,0.476051926612854,0.6215695738792419,-0.06124180927872658,0.38109827041625977,0.6185013055801392,-0.01271912083029747,0.3936450183391571,0.5184378623962402,-0.026636963710188866,0.40928059816360474,0.448238730430603,-0.04066461697220802,0.41910138726234436,0.38986828923225403,-0.05097457394003868,0.35957133769989014,0.6351213455200195,-0.028525080531835556,0.3520962595939636,0.5339457392692566,-0.04232325404882431,0.35187795758247375,0.46402251720428467,-0.0545758455991745,0.35301101207733154,0.4038808047771454,-0.06291919201612473,0.33990803360939026,0.6751028299331665,-0.045395754277706146,0.3152519464492798,0.6102784276008606,-0.057624731212854385,0.3020098805427551,0.5596030354499817,-0.062227435410022736,0.29224225878715515,0.5125537514686584,-0.06480100750923157,nice
0.3600480854511261,0.8718200922012329,2.3526514780769503e-07,0.40307092666625977,0.8147227168083191,-0.003348330734297633,0.43531346321105957,0.7384331226348877,-0.009409288875758648,0.46536535024642944,0.69138503074646,-0.01956421509385109,0.4885295629501343,0.6511329412460327,-0.029185989871621132,0.40314507484436035,0.635452926158905,5.856681127625052e-06,0.4345550537109375,0.5707426071166992,-0.026041382923722267,0.46006226539611816,0.5876876711845398,-0.04798601195216179,0.47622671723365784,0.622162401676178,-0.05871392413973808,0.38264599442481995,0.6231944561004639,-0.011650457046926022,0.39525967836380005,0.5218588709831238,-0.02475564368069172,0.4111865758895874,0.4516971707344055,-0.038365885615348816,0.42081931233406067,0.3936986029148102,-0.04822497069835663,0.360969603061676,0.6375232338905334,-0.026949500665068626,0.3540467917919159,0.538345992565155,-0.03981860727071762,0.3539288640022278,0.4681801199913025,-0.05187463387846947,0.3545348048210144,0.40830284357070923,-0.05999353900551796,0.3405562937259674,0.6741172671318054,-0.043165743350982666,0.3162347376346588,0.6103911399841309,-0.0541570745408535,0.3029491603374481,0.561093807220459,-0.05814649909734726,0.2930128574371338,0.5153105854988098,-0.06028706952929497,nice
0.35680192708969116,0.8800112009048462,2.3190062847788795e-07,0.40132030844688416,0.8181556463241577,-0.00322717591188848,0.4348510503768921,0.7399554252624512,-0.009802175685763359,0.46502482891082764,0.6911402940750122,-0.02081071212887764,0.48786187171936035,0.6483955979347229,-0.031314700841903687,0.40134963393211365,0.6357097029685974,0.0011914429487660527,0.43311282992362976,0.5712952017784119,-0.025251852348446846,0.45893794298171997,0.5902574062347412,-0.047556836158037186,0.4758230447769165,0.6255942583084106,-0.05860837176442146,0.3815387785434723,0.6235740780830383,-0.011020608246326447,0.3943047523498535,0.5230857133865356,-0.024484258145093918,0.41017699241638184,0.4523427486419678,-0.038471609354019165,0.42012128233909607,0.39359867572784424,-0.04870098456740379,0.3603966236114502,0.639642596244812,-0.027053553611040115,0.3527008891105652,0.537539005279541,-0.040192924439907074,0.35237935185432434,0.4665306806564331,-0.05234488099813461,0.3533416986465454,0.40591752529144287,-0.06068464368581772,0.3408525884151459,0.6791566014289856,-0.04407913610339165,0.3159857392311096,0.6134870648384094,-0.05556368827819824,0.30278104543685913,0.5619299411773682,-0.05997445434331894,0.2930091917514801,0.5142552852630615,-0.06250212341547012,nice
0.36073851585388184,0.8760979175567627,2.612408422919543e-07,0.40304186940193176,0.8180714845657349,-0.004579390864819288,0.4363971948623657,0.7411329746246338,-0.011396238580346107,0.4671626389026642,0.6915714144706726,-0.022288715466856956,0.4896581768989563,0.6486745476722717,-0.03266512602567673,0.4022526144981384,0.6370055675506592,-0.0005766936228610575,0.4345381259918213,0.5724433064460754,-0.026702063158154488,0.46068933606147766,0.5889202356338501,-0.04846261069178581,0.4775163233280182,0.622520923614502,-0.05902830883860588,0.38236039876937866,0.6243187189102173,-0.01206234935671091,0.3964480459690094,0.5230603814125061,-0.025314155966043472,0.4121370017528534,0.4514423906803131,-0.03897807374596596,0.42151764035224915,0.39243417978286743,-0.04887499287724495,0.3606867790222168,0.6390545964241028,-0.027364838868379593,0.35402777791023254,0.5377846360206604,-0.040685974061489105,0.3546082377433777,0.4671104848384857,-0.0530194491147995,0.3560609519481659,0.40826961398124695,-0.061264894902706146,0.3399442136287689,0.6766919493675232,-0.043709054589271545,0.3162773847579956,0.611082911491394,-0.055394794791936874,0.30322253704071045,0.5604420900344849,-0.05980225279927254,0.29353010654449463,0.5142942667007446,-0.06218069791793823,nice
0.35984310507774353,0.878570556640625,2.4707927082090464e-07,0.4033488631248474,0.8189645409584045,-0.004790049046278,0.4370274543762207,0.741534411907196,-0.011821036227047443,0.4677168130874634,0.6918207406997681,-0.022822633385658264,0.4902213215827942,0.6485680937767029,-0.0332271046936512,0.40250271558761597,0.6363313794136047,-0.0005625618505291641,0.43401288986206055,0.5714069604873657,-0.02662334404885769,0.46007227897644043,0.5909976363182068,-0.04865027219057083,0.4770466685295105,0.6260573267936707,-0.059633415192365646,0.38248100876808167,0.6241848468780518,-0.012099040672183037,0.39598050713539124,0.5239356160163879,-0.025394627824425697,0.41200992465019226,0.4530230760574341,-0.0397002138197422,0.4220958352088928,0.39371636509895325,-0.05034938082098961,0.36097365617752075,0.6397903561592102,-0.02745574712753296,0.35486873984336853,0.5389291048049927,-0.040637459605932236,0.35570773482322693,0.4690513014793396,-0.05350090190768242,0.35773125290870667,0.4094583988189697,-0.06244660168886185,0.3409309685230255,0.6786741614341736,-0.04387521743774414,0.31663691997528076,0.6146413683891296,-0.055520955473184586,0.3033418655395508,0.5644098520278931,-0.06032451614737511,0.29359734058380127,0.5180346965789795,-0.06320570409297943,nice
0.35971251130104065,0.8751469254493713,2.467311048803822e-07,0.4026876389980316,0.8167811632156372,-0.004228830803185701,0.43645814061164856,0.7418569922447205,-0.011234353296458721,0.4669479429721832,0.6928929686546326,-0.022322509437799454,0.4897228479385376,0.649917483329773,-0.032822076231241226,0.40267643332481384,0.6360304355621338,-0.00014413926692213863,0.4353511333465576,0.5729758739471436,-0.026628609746694565,0.46075502038002014,0.5914589166641235,-0.048654619604349136,0.47668808698654175,0.6272662878036499,-0.059293486177921295,0.38283848762512207,0.6235713362693787,-0.011821147054433823,0.39665913581848145,0.5226545333862305,-0.025218946859240532,0.41286301612854004,0.4518389105796814,-0.03872573375701904,0.4227195382118225,0.39388275146484375,-0.048447903245687485,0.36113888025283813,0.6390611529350281,-0.027374573051929474,0.35510116815567017,0.5385559797286987,-0.04086902365088463,0.35564911365509033,0.46801063418388367,-0.05302507057785988,0.3570256233215332,0.4090425372123718,-0.06107373908162117,0.3404674232006073,0.6772419810295105,-0.04389861971139908,0.31653904914855957,0.6120498180389404,-0.055935632437467575,0.3034393787384033,0.5614612102508545,-0.060340482741594315,0.29371127486228943,0.5151933431625366,-0.06258614361286163,nice
0.3568148612976074,0.8838775753974915,2.4054344294199836e-07,0.4007548391819,0.8226293325424194,-0.003575253300368786,0.4359205365180969,0.7441343069076538,-0.01024866383522749,0.46679192781448364,0.6951259970664978,-0.021350540220737457,0.48958683013916016,0.6520100831985474,-0.0319058895111084,0.40160059928894043,0.6379599571228027,0.00178998161572963,0.43295684456825256,0.5720453262329102,-0.024720873683691025,0.45922449231147766,0.5913814902305603,-0.047623421996831894,0.4766866862773895,0.6268547177314758,-0.05913913622498512,0.38218045234680176,0.6262467503547668,-0.010598383843898773,0.39560428261756897,0.5255354642868042,-0.02398568019270897,0.4115884006023407,0.45376095175743103,-0.038702547550201416,0.4215375483036041,0.39439454674720764,-0.04962584003806114,0.3609200119972229,0.642468273639679,-0.026918157935142517,0.35500872135162354,0.5407439470291138,-0.0401545949280262,0.3552775979042053,0.47003382444381714,-0.05300870165228844,0.35645729303359985,0.41060882806777954,-0.0619044229388237,0.3408936858177185,0.6823779940605164,-0.044278182089328766,0.31654444336891174,0.6160312294960022,-0.05587863177061081,0.3029899597167969,0.5647516250610352,-0.06046939641237259,0.29274430871009827,0.5179221630096436,-0.06319498270750046,nice
0.3589484691619873,0.8722977638244629,2.536436909394979e-07,0.40272510051727295,0.8116549253463745,-0.00348373013548553,0.4361097514629364,0.7370715737342834,-0.010310026817023754,0.46643197536468506,0.6899764537811279,-0.021414626389741898,0.48886585235595703,0.6478069424629211,-0.032003004103899,0.40293657779693604,0.6326961517333984,0.00014854279288556427,0.4345715343952179,0.5679476857185364,-0.026273811236023903,0.4604453444480896,0.5856311917304993,-0.0483974814414978,0.4776045083999634,0.620425820350647,-0.05920516327023506,0.38295453786849976,0.6207154393196106,-0.011866364628076553,0.396817147731781,0.5193192362785339,-0.02501775696873665,0.4126627743244171,0.4487484097480774,-0.038764841854572296,0.4224720001220703,0.3899306058883667,-0.048851802945137024,0.3613337278366089,0.6361996531486511,-0.027607593685388565,0.35562801361083984,0.5375962853431702,-0.040203578770160675,0.35640209913253784,0.46804726123809814,-0.05183066427707672,0.35820090770721436,0.4091791808605194,-0.05982680991292,0.3407785892486572,0.6741707921028137,-0.044398486614227295,0.31690019369125366,0.6094056367874146,-0.05545930564403534,0.3039401173591614,0.5588939785957336,-0.059273723512887955,0.29435449838638306,0.5124596357345581,-0.061289794743061066,nice
0.3612184524536133,0.8738893866539001,2.457706216318911e-07,0.4049268960952759,0.8142979145050049,-0.004314982332289219,0.4382591247558594,0.7400307655334473,-0.011609946377575397,0.46944892406463623,0.6922982335090637,-0.02293705940246582,0.4928644001483917,0.6506819725036621,-0.03377143293619156,0.404890239238739,0.634333610534668,-0.0013307643821462989,0.43706023693084717,0.569608211517334,-0.027775315567851067,0.4633665680885315,0.5876893997192383,-0.05020861700177193,0.4809851050376892,0.6220966577529907,-0.06158784031867981,0.38491714000701904,0.6230467557907104,-0.013170300982892513,0.3979593515396118,0.5219219923019409,-0.027027197182178497,0.4151904284954071,0.45194053649902344,-0.041462283581495285,0.4264248311519623,0.3941572308540344,-0.052253153175115585,0.36341392993927,0.6393409371376038,-0.028697701171040535,0.3580344319343567,0.5393962860107422,-0.04192056134343147,0.3597329258918762,0.47048014402389526,-0.05431054159998894,0.3622863292694092,0.41117411851882935,-0.0629546120762825,0.34345582127571106,0.6779994964599609,-0.04527256637811661,0.3201259970664978,0.6131994724273682,-0.056632403284311295,0.3076745867729187,0.5627704858779907,-0.06103957071900368,0.2985713481903076,0.5155549049377441,-0.06369438022375107,nice
0.3624708950519562,0.8705069422721863,2.513793049274682e-07,0.405568391084671,0.8107869625091553,-0.004145626910030842,0.439540833234787,0.7369917035102844,-0.011593444272875786,0.4706164002418518,0.6899087429046631,-0.023098891600966454,0.49295878410339355,0.6464680433273315,-0.03411002457141876,0.40583911538124084,0.6335936188697815,-0.0015470305224880576,0.4374208450317383,0.5686855316162109,-0.027849290519952774,0.4634494185447693,0.5868251919746399,-0.04962228611111641,0.48076534271240234,0.621644914150238,-0.06029784679412842,0.38676828145980835,0.6214385628700256,-0.013452461920678616,0.40165165066719055,0.5201031565666199,-0.026923514902591705,0.41775092482566833,0.44936132431030273,-0.04078571870923042,0.4278216063976288,0.3895789384841919,-0.05103126913309097,0.36573976278305054,0.6363223195075989,-0.029027322307229042,0.36112508177757263,0.5347806811332703,-0.04234706610441208,0.3622065484523773,0.46507763862609863,-0.054740335792303085,0.3641774654388428,0.40610289573669434,-0.06327728182077408,0.3456006646156311,0.6740186810493469,-0.04556331783533096,0.32158222794532776,0.6077216863632202,-0.05721602216362953,0.30857446789741516,0.5569687485694885,-0.061638787388801575,0.2990812361240387,0.5103411674499512,-0.06419946253299713,nice
0.3626910150051117,0.8752374649047852,2.3115842395782238e-07,0.40678051114082336,0.8132211565971375,-0.002847272902727127,0.44048216938972473,0.7370192408561707,-0.009536352008581161,0.4701341986656189,0.6891060471534729,-0.020842013880610466,0.4924854338169098,0.6476485133171082,-0.03169282525777817,0.4084116220474243,0.6310892105102539,0.0020734998397529125,0.4380609691143036,0.5665990114212036,-0.023910507559776306,0.4635885953903198,0.5861957669258118,-0.04612487182021141,0.4805222153663635,0.6218363642692566,-0.05725187063217163,0.3887251913547516,0.6194062829017639,-0.010517966002225876,0.4020841717720032,0.5212135314941406,-0.023673536255955696,0.41791781783103943,0.45093297958374023,-0.03791074827313423,0.4279482662677765,0.3905605673789978,-0.048479367047548294,0.36724141240119934,0.6347177624702454,-0.026929311454296112,0.36088359355926514,0.5352568030357361,-0.03982723876833916,0.3620230555534363,0.46574363112449646,-0.052378274500370026,0.36427468061447144,0.4060840904712677,-0.06112361699342728,0.34685564041137695,0.6733991503715515,-0.044348109513521194,0.32274383306503296,0.6082280874252319,-0.055696915835142136,0.3097497522830963,0.5571855306625366,-0.060292601585388184,0.30010634660720825,0.5101821422576904,-0.06306051462888718,nice
0.3629022240638733,0.872361421585083,2.451416776239057e-07,0.4062483012676239,0.8127354979515076,-0.0043698702938854694,0.44042742252349854,0.7388904690742493,-0.011802013032138348,0.4709901511669159,0.6909343600273132,-0.02331245318055153,0.49337831139564514,0.6473861336708069,-0.03420180454850197,0.40733253955841064,0.6332067251205444,-0.0005309520056471229,0.4381258487701416,0.5677831172943115,-0.026777872815728188,0.4633561074733734,0.586770236492157,-0.0488206222653389,0.47971290349960327,0.6217169761657715,-0.05971554294228554,0.3876456320285797,0.6208407282829285,-0.012191666290163994,0.40175312757492065,0.5207998752593994,-0.025689175352454185,0.41812992095947266,0.45096778869628906,-0.03995317220687866,0.4285624325275421,0.39146795868873596,-0.05048229545354843,0.3662320077419281,0.6351469159126282,-0.02760547585785389,0.36065372824668884,0.5360859632492065,-0.040624771267175674,0.36155253648757935,0.46686017513275146,-0.05300229415297508,0.3634832501411438,0.40783461928367615,-0.061567772179841995,0.34574127197265625,0.6721434593200684,-0.04407364875078201,0.3222461938858032,0.6065738797187805,-0.05519954860210419,0.3093509376049042,0.5561457872390747,-0.05941453576087952,0.29984012246131897,0.5099972486495972,-0.061875954270362854,nice
0.3594300448894501,0.8772034645080566,2.4199920289902366e-07,0.4033331573009491,0.8150795102119446,-0.0032548934686928988,0.4380585849285126,0.7398204803466797,-0.009683807380497456,0.46850937604904175,0.6926841735839844,-0.020378870889544487,0.49024343490600586,0.649956226348877,-0.030383335426449776,0.40371379256248474,0.6334943175315857,0.0016078492626547813,0.4352121353149414,0.5699054002761841,-0.024286970496177673,0.46164071559906006,0.5898726582527161,-0.046605952084064484,0.4790719151496887,0.625726044178009,-0.0577409490942955,0.3839682638645172,0.6219415664672852,-0.010452451184391975,0.39808061718940735,0.5224774479866028,-0.02362971194088459,0.41439443826675415,0.451580673456192,-0.03802958130836487,0.4245108366012573,0.39246463775634766,-0.04871967062354088,0.3624016046524048,0.6372680068016052,-0.02627112902700901,0.35725104808807373,0.5382622480392456,-0.038886480033397675,0.3584016263484955,0.46929916739463806,-0.05130022391676903,0.36043742299079895,0.4108390510082245,-0.059968605637550354,0.3419547975063324,0.6753655672073364,-0.043109893798828125,0.3184991478919983,0.611229419708252,-0.05431307852268219,0.30544501543045044,0.5609948039054871,-0.0587397962808609,0.29569628834724426,0.5148797035217285,-0.06129874289035797,nice
0.3605350852012634,0.875748872756958,2.3439953622528265e-07,0.40315303206443787,0.8166335821151733,-0.0039046683814376593,0.4359602928161621,0.7408965229988098,-0.01073068380355835,0.46676984429359436,0.6932620406150818,-0.021591316908597946,0.4900017976760864,0.6519396305084229,-0.0317162424325943,0.40262293815612793,0.635149359703064,-0.0005322257056832314,0.43554171919822693,0.5711937546730042,-0.027031932026147842,0.4617096185684204,0.5914749503135681,-0.049170833081007004,0.4787678122520447,0.6280150413513184,-0.06006430462002754,0.383027583360672,0.6231285333633423,-0.012243409641087055,0.3952064514160156,0.521817147731781,-0.025867337360978127,0.41208040714263916,0.45187219977378845,-0.03969162702560425,0.42312106490135193,0.3941936492919922,-0.04980059713125229,0.36203646659851074,0.6388943195343018,-0.027710795402526855,0.3543131649494171,0.5388302803039551,-0.041022464632987976,0.3549543023109436,0.4697164297103882,-0.05331927910447121,0.35687142610549927,0.41092005372047424,-0.06170520931482315,0.3428803086280823,0.6774510741233826,-0.04417595639824867,0.317139208316803,0.6134691834449768,-0.05597742646932602,0.3032797574996948,0.5641299486160278,-0.06060122698545456,0.2931356430053711,0.5180913805961609,-0.0631881132721901,nice
0.360298216342926,0.8718996644020081,2.5269275738537544e-07,0.40331730246543884,0.813295841217041,-0.003899538656696677,0.43661224842071533,0.7387346029281616,-0.010658681392669678,0.4675377607345581,0.6906768083572388,-0.021526705473661423,0.49013790488243103,0.6485458016395569,-0.03185778483748436,0.4032866060733795,0.633920431137085,-1.2070081538695376e-05,0.4365186095237732,0.5704700946807861,-0.02630949765443802,0.46187570691108704,0.5878041982650757,-0.04811973124742508,0.4780920445919037,0.6233116388320923,-0.05863279104232788,0.3833540380001068,0.6205580830574036,-0.011572390794754028,0.39744919538497925,0.5188844799995422,-0.024431535974144936,0.41295763850212097,0.44895631074905396,-0.037592459470033646,0.4224640727043152,0.391569048166275,-0.04707890748977661,0.361945241689682,0.6353610157966614,-0.02691771276295185,0.35484886169433594,0.5347402095794678,-0.03975718840956688,0.3546452820301056,0.4649459421634674,-0.051524076610803604,0.35568106174468994,0.4063345491886139,-0.059455666691064835,0.3416278660297394,0.6733066439628601,-0.04325474798679352,0.3163607716560364,0.6100168824195862,-0.05494922399520874,0.3025720715522766,0.5610246658325195,-0.05922916904091835,0.2925868332386017,0.5157586932182312,-0.06139949709177017,nice
0.3606921136379242,0.8694798350334167,2.3958645556376723e-07,0.4046483635902405,0.8109971284866333,-0.004085305612534285,0.4382345676422119,0.7370953559875488,-0.010979468002915382,0.467688649892807,0.6907508969306946,-0.02181529998779297,0.4897778034210205,0.6501364707946777,-0.03198189660906792,0.4046422243118286,0.6318478584289551,-0.0015112676192075014,0.4361857771873474,0.5670607089996338,-0.027928749099373817,0.46219807863235474,0.5861601233482361,-0.04993094503879547,0.4792352616786957,0.6209500432014465,-0.06080056354403496,0.3847476541996002,0.6198698878288269,-0.013015787117183208,0.3980710804462433,0.5194263458251953,-0.026677340269088745,0.4136001467704773,0.4491487443447113,-0.04077846556901932,0.4230755567550659,0.3903219997882843,-0.05113927647471428,0.36359018087387085,0.6351770758628845,-0.0281185545027256,0.3559904098510742,0.5366671681404114,-0.04116534814238548,0.3560648262500763,0.46738290786743164,-0.05354319512844086,0.357377290725708,0.4086177945137024,-0.062097687274217606,0.34401044249534607,0.6731472015380859,-0.04423375055193901,0.31862014532089233,0.6097956299781799,-0.0557512566447258,0.30474239587783813,0.5600978136062622,-0.06037180870771408,0.29460984468460083,0.5141046047210693,-0.06303536891937256,nice
0.36259692907333374,0.872815728187561,2.667085539087566e-07,0.4051910638809204,0.812723696231842,-0.004241710528731346,0.43842294812202454,0.7384825944900513,-0.011637351475656033,0.46917814016342163,0.6899493336677551,-0.023152146488428116,0.4915652871131897,0.6472468972206116,-0.03412392735481262,0.40494754910469055,0.6344153881072998,-0.0011781529756262898,0.4363761842250824,0.5680326819419861,-0.027807196602225304,0.4624316096305847,0.5842073559761047,-0.049977682530879974,0.4799896478652954,0.6186308860778809,-0.06086409091949463,0.38498160243034363,0.6220215559005737,-0.012853936292231083,0.3982638418674469,0.5204336643218994,-0.026700356975197792,0.4148036539554596,0.44917210936546326,-0.04084201529622078,0.42556944489479065,0.39016595482826233,-0.05118275806307793,0.36340901255607605,0.6367217302322388,-0.028222570195794106,0.35622262954711914,0.5365700721740723,-0.04144889861345291,0.35666537284851074,0.4671548008918762,-0.05357792228460312,0.35851144790649414,0.4086556136608124,-0.06189008057117462,0.34302088618278503,0.6740134358406067,-0.04463211074471474,0.3183736801147461,0.6093798279762268,-0.055835749953985214,0.3054855167865753,0.5597919821739197,-0.05992304906249046,0.2962978184223175,0.5141270160675049,-0.062231529504060745,nice
0.36451342701911926,0.8691847920417786,2.626446189424314e-07,0.40652167797088623,0.8097898364067078,-0.004640055820345879,0.4395940601825714,0.7344081997871399,-0.011947083286941051,0.47022581100463867,0.688328206539154,-0.023157251998782158,0.49310094118118286,0.647776186466217,-0.03363652154803276,0.4051264226436615,0.631162703037262,-0.002107132226228714,0.4376074969768524,0.566520094871521,-0.028563275933265686,0.4636448323726654,0.5859927535057068,-0.05031345784664154,0.48050981760025024,0.6212862730026245,-0.06088092923164368,0.385678768157959,0.6190640926361084,-0.013528934679925442,0.40020614862442017,0.5200293660163879,-0.027181588113307953,0.4160517454147339,0.4492040276527405,-0.04101167991757393,0.4256754517555237,0.3899013102054596,-0.05110348016023636,0.36447471380233765,0.6337770223617554,-0.02863440476357937,0.3577081561088562,0.5347675681114197,-0.04178418964147568,0.3581276535987854,0.4656684994697571,-0.05380718782544136,0.35978326201438904,0.4071741998195648,-0.06199050322175026,0.34436172246932983,0.6710497140884399,-0.0448077954351902,0.3199504315853119,0.6071873903274536,-0.0562308244407177,0.3065369129180908,0.5575351119041443,-0.06044924631714821,0.29684165120124817,0.5117645859718323,-0.06274603307247162,nice
0.36152300238609314,0.8719984292984009,2.441109643314121e-07,0.40513598918914795,0.8127147555351257,-0.0038088189903646708,0.4391268789768219,0.7361047267913818,-0.010609130375087261,0.4698027968406677,0.6880473494529724,-0.021630408242344856,0.49193325638771057,0.6469526290893555,-0.03208049386739731,0.40546751022338867,0.6299295425415039,-0.0002611161326058209,0.43739837408065796,0.5639361143112183,-0.026788383722305298,0.4634072780609131,0.5839946269989014,-0.04910406470298767,0.4807502031326294,0.6201418042182922,-0.06018976494669914,0.3858780264854431,0.6189342737197876,-0.012254913337528706,0.39936575293540955,0.5200474858283997,-0.025950249284505844,0.41579723358154297,0.4493729770183563,-0.04025651142001152,0.4262963831424713,0.3905818462371826,-0.05079438164830208,0.36469924449920654,0.6355144381523132,-0.02803056500852108,0.3577916920185089,0.5360676646232605,-0.04147801920771599,0.3584252893924713,0.4665176272392273,-0.05427923426032066,0.36039039492607117,0.407534122467041,-0.06302770227193832,0.3453240394592285,0.6750479936599731,-0.044817909598350525,0.3199135363101959,0.6109532117843628,-0.05692581832408905,0.3060055673122406,0.5598754286766052,-0.062110062688589096,0.2960303723812103,0.5126557946205139,-0.06508757919073105,nice
0.36256593465805054,0.8742250204086304,2.4372869233957317e-07,0.40541180968284607,0.81447434425354,-0.0032639210112392902,0.4382736384868622,0.7383217215538025,-0.00975662749260664,0.46882009506225586,0.6906117796897888,-0.02057536505162716,0.4920687675476074,0.650363028049469,-0.0308773722499609,0.4048371911048889,0.6309592127799988,0.0011329768458381295,0.4368266761302948,0.5660676956176758,-0.024241963401436806,0.46227702498435974,0.5834487676620483,-0.04605845734477043,0.47903215885162354,0.617120087146759,-0.057050127536058426,0.3852218985557556,0.6189005970954895,-0.010958957485854626,0.399373859167099,0.5189099907875061,-0.023658474907279015,0.4156484603881836,0.44896578788757324,-0.03749050945043564,0.4256955683231354,0.39095836877822876,-0.04780222475528717,0.36422601342201233,0.6339089870452881,-0.026758430525660515,0.3575640916824341,0.5349385738372803,-0.03918953239917755,0.3580886721611023,0.4654555916786194,-0.051479022949934006,0.3595121502876282,0.40648043155670166,-0.06004222482442856,0.34460264444351196,0.6716384291648865,-0.04355878755450249,0.3196955919265747,0.6066848635673523,-0.05435522273182869,0.30649974942207336,0.5565380454063416,-0.05858466774225235,0.2967914938926697,0.5104580521583557,-0.061089035123586655,nice
0.36236709356307983,0.872431755065918,2.4235674800365814e-07,0.4059138298034668,0.8132133483886719,-0.0030395316425710917,0.4395570456981659,0.7369585037231445,-0.009071771055459976,0.4701582193374634,0.6890916228294373,-0.01944044977426529,0.4927516281604767,0.6481324434280396,-0.0292612686753273,0.4064073860645294,0.6333415508270264,0.0012217415496706963,0.43725743889808655,0.5695927739143372,-0.023865031078457832,0.46198198199272156,0.5878218412399292,-0.044669680297374725,0.47758838534355164,0.6215180158615112,-0.054683707654476166,0.3869599997997284,0.6207401156425476,-0.010759195312857628,0.40149298310279846,0.520133376121521,-0.022969553247094154,0.41683200001716614,0.4497438371181488,-0.03599260374903679,0.42590951919555664,0.3901435434818268,-0.04552023485302925,0.36571112275123596,0.6346023678779602,-0.026440707966685295,0.3593396246433258,0.5363074541091919,-0.03876056149601936,0.3598240911960602,0.4671459197998047,-0.05080883949995041,0.36091142892837524,0.40839827060699463,-0.05906802415847778,0.34547555446624756,0.6712387204170227,-0.04307134076952934,0.32086628675460815,0.6075473427772522,-0.05407841503620148,0.307467520236969,0.5581307411193848,-0.05830235034227371,0.29724109172821045,0.5125470757484436,-0.060666874051094055,nice
0.36474674940109253,0.869299590587616,2.514432537736866e-07,0.4069274663925171,0.8120467066764832,-0.0038732627872377634,0.43877217173576355,0.7380707263946533,-0.010734675452113152,0.4683341979980469,0.6911452412605286,-0.02173544280230999,0.49166128039360046,0.6510037779808044,-0.032280083745718,0.4055982828140259,0.6331096887588501,-0.0005205383058637381,0.4373610317707062,0.5701250433921814,-0.026451634243130684,0.4624062478542328,0.5871251821517944,-0.04798844829201698,0.47824329137802124,0.6215028762817383,-0.0584268756210804,0.3856397867202759,0.620679497718811,-0.012151861563324928,0.4000261127948761,0.5197486877441406,-0.025011440739035606,0.4157402813434601,0.44988712668418884,-0.03815937414765358,0.42537206411361694,0.3919171988964081,-0.04773973301053047,0.3641638457775116,0.6350247263908386,-0.02749089151620865,0.35809919238090515,0.5355489253997803,-0.04046241194009781,0.35862720012664795,0.466413676738739,-0.05251878499984741,0.36008399724960327,0.40824049711227417,-0.06066800281405449,0.3435637950897217,0.672020435333252,-0.043792009353637695,0.31954723596572876,0.6077476739883423,-0.055221300572156906,0.3063279390335083,0.5581917762756348,-0.05955561622977257,0.2965797483921051,0.5124605894088745,-0.061962325125932693,nice
0.35862722992897034,0.8730872869491577,2.5378909640494385e-07,0.40135514736175537,0.8141244053840637,-0.004921282175928354,0.43424269556999207,0.7377586364746094,-0.011819695122539997,0.4637342095375061,0.6887953877449036,-0.022619349882006645,0.4854009449481964,0.6464863419532776,-0.032830506563186646,0.4014423191547394,0.6341811418533325,-0.001419754116795957,0.43143659830093384,0.5726876854896545,-0.02777198888361454,0.45742353796958923,0.5905736684799194,-0.04975825920701027,0.4745645821094513,0.6247002482414246,-0.06064487621188164,0.380686491727829,0.6210176944732666,-0.012813196517527103,0.3944278955459595,0.5198400616645813,-0.026229452341794968,0.40906959772109985,0.449751615524292,-0.039908695966005325,0.4180026948451996,0.3907437324523926,-0.04985814914107323,0.35831207036972046,0.6361892223358154,-0.027978120371699333,0.35116809606552124,0.5373208522796631,-0.041602686047554016,0.3501003086566925,0.46819978952407837,-0.05394219607114792,0.3505811095237732,0.40943053364753723,-0.06230513006448746,0.3367766737937927,0.6750990748405457,-0.04419692978262901,0.3124999403953552,0.6120559573173523,-0.056170277297496796,0.2984771430492401,0.5638242959976196,-0.06058523803949356,0.288129985332489,0.519432783126831,-0.06303767114877701,nice
0.3543933033943176,0.8785603046417236,2.8610770641535055e-07,0.39686253666877747,0.8239021897315979,-0.005893638823181391,0.4301081895828247,0.7475081086158752,-0.012670119293034077,0.4612258970737457,0.6972239017486572,-0.02332804538309574,0.4846276640892029,0.6547752618789673,-0.03331177309155464,0.3974263668060303,0.6422561407089233,-1.8510152585804462e-05,0.4305759072303772,0.5800278186798096,-0.025682523846626282,0.4560561180114746,0.5941137075424194,-0.04687013849616051,0.47225069999694824,0.6274245381355286,-0.05686391517519951,0.3753812909126282,0.6257908344268799,-0.010411967523396015,0.39061275124549866,0.5251157879829407,-0.02257605269551277,0.40590721368789673,0.4550865590572357,-0.03456903621554375,0.4154626727104187,0.3967047333717346,-0.042911022901535034,0.35204291343688965,0.6371530294418335,-0.024870995432138443,0.34637901186943054,0.5387974381446838,-0.03747747093439102,0.34549111127853394,0.46919775009155273,-0.048051707446575165,0.345756858587265,0.41153183579444885,-0.05474666878581047,0.3289319574832916,0.6723536849021912,-0.04060002788901329,0.30470114946365356,0.6094993948936462,-0.051574207842350006,0.2910742461681366,0.5609840154647827,-0.05469842255115509,0.28135353326797485,0.5169969797134399,-0.05576436594128609,nice
0.3475196659564972,0.9024916291236877,2.825267415573762e-07,0.39019110798835754,0.843879222869873,-0.005907407961785793,0.4234141707420349,0.7703413963317871,-0.013719376176595688,0.4537275433540344,0.7192205786705017,-0.025263162329792976,0.4767231047153473,0.6724134087562561,-0.03617798164486885,0.3912661671638489,0.6620753407478333,-0.002776592969894409,0.4256722927093506,0.5974355936050415,-0.03046567551791668,0.45005136728286743,0.6129492521286011,-0.05327203497290611,0.46422892808914185,0.6480412483215332,-0.06420271098613739,0.3675103485584259,0.6449699401855469,-0.013795673847198486,0.3822008967399597,0.5378714799880981,-0.027981005609035492,0.3995402455329895,0.4692188501358032,-0.04140813276171684,0.41086700558662415,0.4139688313007355,-0.05079328641295433,0.3420555293560028,0.6570504903793335,-0.02872767671942711,0.33591681718826294,0.5544273853302002,-0.04297388345003128,0.3353259265422821,0.4848923683166504,-0.054994333535432816,0.33634525537490845,0.42696213722229004,-0.0627533346414566,0.31699180603027344,0.6936969757080078,-0.04468774050474167,0.2922516465187073,0.6278156042098999,-0.0563555471599102,0.2782163619995117,0.579778254032135,-0.059822455048561096,0.26792415976524353,0.535972535610199,-0.061328139156103134,nice
0.32984647154808044,0.9251633286476135,2.708835893372452e-07,0.373652845621109,0.8685647249221802,-0.006323239766061306,0.405860036611557,0.7937573790550232,-0.01453963853418827,0.4363870918750763,0.7398733496665955,-0.02641371823847294,0.4605233073234558,0.6941980123519897,-0.037477605044841766,0.3741294741630554,0.6864855885505676,-0.003649157704785466,0.4064877927303314,0.6191939115524292,-0.031045841053128242,0.42893996834754944,0.6353868842124939,-0.05310335010290146,0.4406301975250244,0.6707383990287781,-0.06320152431726456,0.34968116879463196,0.6680447459220886,-0.014209031127393246,0.36621642112731934,0.5585911870002747,-0.027900418266654015,0.38137757778167725,0.48815828561782837,-0.03987376391887665,0.3904617726802826,0.43007707595825195,-0.04778750240802765,0.3234409987926483,0.6779283881187439,-0.02865591086447239,0.31596821546554565,0.5745493769645691,-0.04255429655313492,0.3144988417625427,0.5083879232406616,-0.05312949791550636,0.3147026300430298,0.45381858944892883,-0.05940062180161476,0.29798582196235657,0.7132300734519958,-0.044191617518663406,0.27190595865249634,0.6466402411460876,-0.05552451312541962,0.2573130130767822,0.5994055867195129,-0.05810980871319771,0.24656522274017334,0.5573675632476807,-0.058574382215738297,nice
0.3101157546043396,0.9577840566635132,2.8956489472875546e-07,0.35304945707321167,0.899674117565155,-0.010186727158725262,0.3881969749927521,0.8177224397659302,-0.019927380606532097,0.42042863368988037,0.757100522518158,-0.03293975070118904,0.4438561797142029,0.7069746851921082,-0.04492601379752159,0.35705655813217163,0.7068911790847778,-0.0045119961723685265,0.39039134979248047,0.6351211667060852,-0.03417525067925453,0.41050034761428833,0.6501286029815674,-0.057568397372961044,0.41888535022735596,0.6870076060295105,-0.06825001537799835,0.33077389001846313,0.6875520944595337,-0.013986613601446152,0.34769776463508606,0.5767747759819031,-0.029338056221604347,0.3629244863986969,0.5051803588867188,-0.04224972799420357,0.3710830509662628,0.44755011796951294,-0.05038299039006233,0.3028891086578369,0.6990833878517151,-0.0282259713858366,0.29445305466651917,0.5934404134750366,-0.04418368637561798,0.29211902618408203,0.5204710960388184,-0.056472405791282654,0.29155606031417847,0.45885732769966125,-0.06372469663619995,0.27581101655960083,0.7381084561347961,-0.043900590389966965,0.2502702474594116,0.6723214387893677,-0.05720981955528259,0.23508945107460022,0.6239860653877258,-0.06113925948739052,0.22409364581108093,0.5795139670372009,-0.06245871260762215,nice
0.3049592077732086,0.9631443619728088,2.9646099619640154e-07,0.3493386507034302,0.9050187468528748,-0.010256730951368809,0.3854271471500397,0.8233329057693481,-0.019994352012872696,0.4173617362976074,0.7621024250984192,-0.03295647352933884,0.4408024251461029,0.7110517024993896,-0.04500836133956909,0.35284844040870667,0.7152195572853088,-0.006095865275710821,0.3861592411994934,0.6421968340873718,-0.035556722432374954,0.4059900939464569,0.6573870182037354,-0.05856708437204361,0.41414621472358704,0.6933531761169434,-0.06891889125108719,0.325909286737442,0.6964816451072693,-0.015357226133346558,0.34372690320014954,0.5859677791595459,-0.030291598290205002,0.3591540455818176,0.5136717557907104,-0.04279245063662529,0.3671734929084778,0.4557763934135437,-0.050745539367198944,0.297460675239563,0.708262026309967,-0.02923639304935932,0.2893443703651428,0.6028755307197571,-0.04459863156080246,0.28795889019966125,0.5310364365577698,-0.05689721927046776,0.28817081451416016,0.4707440733909607,-0.0642981082201004,0.2700677216053009,0.7469671964645386,-0.04453997313976288,0.24490994215011597,0.6815457344055176,-0.05763007700443268,0.22888872027397156,0.63462233543396,-0.061714865267276764,0.2166541963815689,0.5920773148536682,-0.06318066269159317,nice
0.31996285915374756,0.9287375807762146,2.80602137081587e-07,0.36398079991340637,0.8670005202293396,-0.007483852561563253,0.4008459150791168,0.7883654236793518,-0.01629980467259884,0.4333800673484802,0.7315670847892761,-0.029046565294265747,0.4570568799972534,0.683013379573822,-0.04104237258434296,0.36712563037872314,0.6829580664634705,-0.0031556901521980762,0.4020737409591675,0.6069990396499634,-0.03270559757947922,0.42346540093421936,0.629122257232666,-0.05642726644873619,0.4339057207107544,0.670089602470398,-0.06720836460590363,0.34296515583992004,0.6657483577728271,-0.013199134729802608,0.3608047068119049,0.555919349193573,-0.02740904502570629,0.376569926738739,0.4852537512779236,-0.04061203449964523,0.3850339651107788,0.42835551500320435,-0.04958522692322731,0.3162064850330353,0.6783677935600281,-0.02765047363936901,0.3095676302909851,0.5743429660797119,-0.04096854105591774,0.3069632053375244,0.5038003921508789,-0.05287403613328934,0.3057311773300171,0.4440665543079376,-0.06059667468070984,0.29017093777656555,0.715747058391571,-0.043465279042720795,0.2657108008861542,0.6491565704345703,-0.05437138304114342,0.25089314579963684,0.6017292737960815,-0.0577683188021183,0.2399415373802185,0.5584259629249573,-0.0591488815844059,nice
0.3344811201095581,0.9015814065933228,3.076917494126974e-07,0.37642785906791687,0.8414639830589294,-0.006260521709918976,0.4110585153102875,0.7661064863204956,-0.014323581010103226,0.4407345652580261,0.7137637138366699,-0.026370547711849213,0.463731974363327,0.6697803139686584,-0.03771904855966568,0.3772321939468384,0.6624114513397217,-0.0014810331631451845,0.40933316946029663,0.591132402420044,-0.029212690889835358,0.4336261451244354,0.6068695187568665,-0.05226040259003639,0.44861099123954773,0.6403950452804565,-0.06337208300828934,0.35373368859291077,0.6457613110542297,-0.01154360268265009,0.37016916275024414,0.5438973307609558,-0.025563690811395645,0.3853990435600281,0.4750577211380005,-0.03902646154165268,0.39395689964294434,0.4172765612602234,-0.048373524099588394,0.3281307518482208,0.6564297676086426,-0.025681262835860252,0.32078731060028076,0.5571244359016418,-0.03860063850879669,0.31815555691719055,0.48967528343200684,-0.04990124702453613,0.31721413135528564,0.4326099455356598,-0.05719952657818794,0.30288586020469666,0.6907023787498474,-0.041129641234874725,0.2805321514606476,0.6247169375419617,-0.05114335939288139,0.26683104038238525,0.5783506035804749,-0.0540647879242897,0.256854385137558,0.5370705127716064,-0.05522821098566055,nice
0.338090181350708,0.8803804516792297,2.91314393052744e-07,0.37938520312309265,0.8247330188751221,-0.007040553726255894,0.4130236506462097,0.7521045804023743,-0.01491481065750122,0.4425886273384094,0.7002096772193909,-0.026494326069951057,0.4650287926197052,0.6572136282920837,-0.0373821035027504,0.3805125951766968,0.6516255736351013,-0.0015302110696211457,0.4126526117324829,0.5870003700256348,-0.028389444574713707,0.4351952373981476,0.6011419892311096,-0.05047772079706192,0.4486275911331177,0.6342491507530212,-0.06090097874403,0.35725754499435425,0.6336731910705566,-0.011018439196050167,0.37271514534950256,0.5325636863708496,-0.024034537374973297,0.3869140148162842,0.4650352895259857,-0.03618549183011055,0.39516177773475647,0.4096898138523102,-0.044482871890068054,0.33240872621536255,0.6423729062080383,-0.024725796654820442,0.32562145590782166,0.5453680157661438,-0.037824999541044235,0.32349830865859985,0.47805482149124146,-0.048760831356048584,0.3230876922607422,0.4232574701309204,-0.05553252249956131,0.3076944947242737,0.6739110350608826,-0.039723630994558334,0.28460609912872314,0.6112944483757019,-0.050553519278764725,0.26993831992149353,0.5661040544509888,-0.05370562523603439,0.2593192756175995,0.5257567167282104,-0.05477410927414894,nice
0.3428700566291809,0.8687200546264648,2.696756098430342e-07,0.38392114639282227,0.8143680095672607,-0.006109350360929966,0.4157804548740387,0.7436842918395996,-0.013965455815196037,0.44336870312690735,0.6934067606925964,-0.02559529058635235,0.46477413177490234,0.6500016450881958,-0.036630190908908844,0.38483771681785583,0.6409874558448792,-0.002854925114661455,0.412579208612442,0.5760245323181152,-0.030145147815346718,0.4355192184448242,0.5890093445777893,-0.05272240564227104,0.45095065236091614,0.6201040744781494,-0.06391824781894684,0.36174219846725464,0.6255124807357788,-0.012992557138204575,0.3740145266056061,0.5279912352561951,-0.02708493359386921,0.3887792229652405,0.46168816089630127,-0.040034085512161255,0.39865589141845703,0.40758436918258667,-0.049171846359968185,0.337187260389328,0.6368667483329773,-0.027082165703177452,0.3286537528038025,0.540925145149231,-0.04094322770833969,0.3261776268482208,0.4741169214248657,-0.051997311413288116,0.3264716863632202,0.41900160908699036,-0.05913399159908295,0.3130790889263153,0.6707174181938171,-0.04235878214240074,0.2888634204864502,0.6087125539779663,-0.054196782410144806,0.2741972506046295,0.5628472566604614,-0.058171048760414124,0.26444652676582336,0.5214084386825562,-0.059974610805511475,nice
0.34312015771865845,0.8767166137695312,2.688436779862968e-07,0.38408300280570984,0.8220219612121582,-0.005877896677702665,0.4164850413799286,0.7500022053718567,-0.013497965410351753,0.444740891456604,0.6984385848045349,-0.02488735504448414,0.46678048372268677,0.6541764736175537,-0.035531505942344666,0.3845900297164917,0.6463162899017334,-0.0012681464431807399,0.41476649045944214,0.5798763632774353,-0.02789614535868168,0.4379431903362274,0.5928292274475098,-0.05028950423002243,0.4524809718132019,0.6245445013046265,-0.06130561605095863,0.36181938648223877,0.6294891238212585,-0.011075017042458057,0.37598177790641785,0.530425488948822,-0.02428640052676201,0.39107540249824524,0.4640800952911377,-0.03717118501663208,0.4005088806152344,0.409861296415329,-0.04638955369591713,0.3373253047466278,0.6388571858406067,-0.0248335562646389,0.33012625575065613,0.5425094366073608,-0.03753061965107918,0.3278423547744751,0.47652000188827515,-0.048570774495601654,0.3274942636489868,0.4222639799118042,-0.05594422295689583,0.31290069222450256,0.6713501214981079,-0.039770618081092834,0.2896183133125305,0.6092788577079773,-0.0499485582113266,0.2757883071899414,0.5644846558570862,-0.05306194722652435,0.2661023736000061,0.5247238874435425,-0.05454925447702408,nice
0.34466907382011414,0.8778306245803833,2.592007888324588e-07,0.3858157992362976,0.820216715335846,-0.005431202705949545,0.41752704977989197,0.7485037446022034,-0.013330253772437572,0.44621333479881287,0.6996315121650696,-0.02519381418824196,0.4681181311607361,0.6569997668266296,-0.0364103801548481,0.3863704800605774,0.6471382975578308,-0.0019832926336675882,0.4161220192909241,0.5841765999794006,-0.029575277119874954,0.43890172243118286,0.5991907715797424,-0.052625324577093124,0.4530913233757019,0.6320908665657043,-0.06398487091064453,0.36353155970573425,0.6321492195129395,-0.012797562405467033,0.3772275745868683,0.5325412154197693,-0.027115439996123314,0.39218905568122864,0.4651485085487366,-0.040707964450120926,0.4016339182853699,0.4100753664970398,-0.05030738189816475,0.3391655385494232,0.643821656703949,-0.027526691555976868,0.3318631947040558,0.5459133982658386,-0.04165691137313843,0.33023279905319214,0.47926121950149536,-0.053364869207143784,0.33063384890556335,0.4241824150085449,-0.06088154390454292,0.3153265714645386,0.6786232590675354,-0.04333707317709923,0.2915806174278259,0.6148853302001953,-0.05491605028510094,0.27742132544517517,0.5681308507919312,-0.058722373098134995,0.26758724451065063,0.5260128378868103,-0.06051857769489288,nice
0.34213611483573914,0.8802690505981445,2.7461646823212504e-07,0.38307124376296997,0.8260897994041443,-0.007132458500564098,0.4163001477718353,0.7532344460487366,-0.015348490327596664,0.44586181640625,0.7004894018173218,-0.027087368071079254,0.468614399433136,0.6559881567955017,-0.038207437843084335,0.38507431745529175,0.6497756838798523,-0.0030464078299701214,0.4151992201805115,0.5834179520606995,-0.029840409755706787,0.43829476833343506,0.5975295901298523,-0.052091084420681,0.45285025238990784,0.6294219493865967,-0.06298258900642395,0.3622962534427643,0.6331354975700378,-0.012656206265091896,0.37681517004966736,0.533659815788269,-0.026096509769558907,0.3922123312950134,0.46624237298965454,-0.03898773342370987,0.4021427035331726,0.41065704822540283,-0.04819348454475403,0.33767613768577576,0.6433165073394775,-0.026273205876350403,0.330905556678772,0.5457088947296143,-0.03941654786467552,0.3294689357280731,0.4783138036727905,-0.05049414932727814,0.33021488785743713,0.42267996072769165,-0.05781347677111626,0.3131006360054016,0.6766761541366577,-0.04115910083055496,0.289816677570343,0.6125330328941345,-0.05211535841226578,0.27609577775001526,0.5658653974533081,-0.05552767217159271,0.2666361629962921,0.5243404507637024,-0.05710887908935547,nice
0.3415240943431854,0.8791046142578125,2.704645112316939e-07,0.38249075412750244,0.8239133358001709,-0.006699409801512957,0.4165183901786804,0.7507195472717285,-0.014673000201582909,0.44659605622291565,0.6998482942581177,-0.026270141825079918,0.4686705768108368,0.6562920808792114,-0.03703987970948219,0.38529708981513977,0.6460943818092346,-0.0024615249130874872,0.4160992205142975,0.5809749960899353,-0.02969563938677311,0.43958958983421326,0.596526026725769,-0.052215851843357086,0.4544150233268738,0.6305167078971863,-0.06309693306684494,0.36228352785110474,0.629684329032898,-0.012323219329118729,0.3765949308872223,0.5302944183349609,-0.025906099006533623,0.3921876847743988,0.463845819234848,-0.03847673162817955,0.4021340012550354,0.41020458936691284,-0.0471666045486927,0.3376629948616028,0.6401028633117676,-0.026281550526618958,0.33105820417404175,0.5421010851860046,-0.0399533174932003,0.3300594985485077,0.47461506724357605,-0.05071660131216049,0.33103466033935547,0.41986238956451416,-0.05739961937069893,0.3132006525993347,0.6738989353179932,-0.04148317873477936,0.2896561622619629,0.6099376678466797,-0.05306994169950485,0.27528855204582214,0.5636143684387207,-0.056473929435014725,0.2652546763420105,0.5224452018737793,-0.05765070766210556,nice
0.3457595705986023,0.874365508556366,2.637518718984211e-07,0.3870815336704254,0.8203028440475464,-0.006700321566313505,0.4196009635925293,0.7494087219238281,-0.015047546476125717,0.4489673376083374,0.6985524892807007,-0.026856498792767525,0.4714822769165039,0.6544937491416931,-0.03804052621126175,0.3879804015159607,0.645056426525116,-0.0038749382365494967,0.41919371485710144,0.5810148119926453,-0.03090505674481392,0.4426168203353882,0.5960479974746704,-0.05340581387281418,0.4569358825683594,0.6279760003089905,-0.06454457342624664,0.3655127286911011,0.6292810440063477,-0.013648712076246738,0.37989965081214905,0.5310800075531006,-0.027423517778515816,0.39563047885894775,0.4644884765148163,-0.04049455747008324,0.4054446816444397,0.4090826213359833,-0.049937933683395386,0.34107935428619385,0.6400151252746582,-0.027291906997561455,0.33470308780670166,0.5420244932174683,-0.040730006992816925,0.3330966830253601,0.4742114245891571,-0.05215182900428772,0.333313912153244,0.41761213541030884,-0.05977299436926842,0.3166451156139374,0.6737414598464966,-0.042101312428712845,0.2922646403312683,0.6099708676338196,-0.05325059965252876,0.2784046530723572,0.563821017742157,-0.05690934509038925,0.2687807083129883,0.5223389863967896,-0.05873767286539078,nice
0.34424227476119995,0.8794240951538086,2.544895210121467e-07,0.38625290989875793,0.8226152658462524,-0.006095897872000933,0.41945570707321167,0.7502341270446777,-0.014000137336552143,0.44933122396469116,0.6997688412666321,-0.025660252198576927,0.47168874740600586,0.6555376052856445,-0.03670646995306015,0.38767170906066895,0.6461469531059265,-0.00190588622353971,0.41908612847328186,0.5832115411758423,-0.029230084270238876,0.4421446919441223,0.598693311214447,-0.05225985497236252,0.45618361234664917,0.6315755248069763,-0.06367278844118118,0.36547979712486267,0.6303333640098572,-0.012347257696092129,0.37971487641334534,0.531071662902832,-0.02617219090461731,0.3955942988395691,0.4635709524154663,-0.039593905210494995,0.4058550000190735,0.4081069529056549,-0.04916785657405853,0.3414832651615143,0.6420392990112305,-0.02680845372378826,0.33558347821235657,0.5429142117500305,-0.04061908274888992,0.3345278203487396,0.47430285811424255,-0.05243641510605812,0.3352782726287842,0.41730281710624695,-0.06017901003360748,0.3178354799747467,0.6775075197219849,-0.04239720478653908,0.2934047281742096,0.614260196685791,-0.054129455238580704,0.2796413004398346,0.5666434168815613,-0.058168232440948486,0.2701980471611023,0.5236572027206421,-0.06012948602437973,nice
0.346100389957428,0.8762054443359375,2.704607879877585e-07,0.3874835968017578,0.8204877972602844,-0.007057431153953075,0.42044925689697266,0.7494440078735352,-0.015436043962836266,0.45046502351760864,0.6998672485351562,-0.02723809890449047,0.473166286945343,0.6564262509346008,-0.03830718621611595,0.388526976108551,0.6461837291717529,-0.0035155147779732943,0.4200652539730072,0.5838483572006226,-0.030368292704224586,0.44358372688293457,0.6002930402755737,-0.05271992087364197,0.45828163623809814,0.6329995393753052,-0.06378591060638428,0.3662646412849426,0.6299279928207397,-0.01334313489496708,0.38020041584968567,0.5309791564941406,-0.02699628472328186,0.39650875329971313,0.46424052119255066,-0.04000982269644737,0.4076530933380127,0.40980780124664307,-0.04932995140552521,0.34228819608688354,0.6410719156265259,-0.027149271219968796,0.33608686923980713,0.5437947511672974,-0.04084698110818863,0.3352586328983307,0.47594431042671204,-0.05247145891189575,0.3364010453224182,0.42018115520477295,-0.060135744512081146,0.3186056315898895,0.6755552887916565,-0.04215111956000328,0.2942676544189453,0.6137689352035522,-0.05405674874782562,0.2800998091697693,0.5670427083969116,-0.05823979899287224,0.2702019214630127,0.5248835682868958,-0.06028696894645691,nice
0.34835317730903625,0.8790414929389954,2.7515127953847696e-07,0.3894174098968506,0.8231126070022583,-0.006768913008272648,0.4222505986690521,0.7514673471450806,-0.014701157808303833,0.4521975517272949,0.7011857032775879,-0.02611383982002735,0.4751778841018677,0.6580742597579956,-0.0368562750518322,0.389584481716156,0.6484708786010742,-0.0028498691972345114,0.422158420085907,0.5833574533462524,-0.029805198311805725,0.4451873302459717,0.5995957851409912,-0.052151232957839966,0.4590434730052948,0.6329987645149231,-0.06295396387577057,0.36699938774108887,0.6318641304969788,-0.012360154651105404,0.3823927342891693,0.5320394039154053,-0.02564668096601963,0.3989185392856598,0.4666528105735779,-0.038230422884225845,0.4097602963447571,0.4130789041519165,-0.04704735800623894,0.3428530693054199,0.6422692537307739,-0.025879783555865288,0.3372913897037506,0.544075071811676,-0.038959912955760956,0.33644428849220276,0.47603607177734375,-0.050275180488824844,0.33744195103645325,0.41986677050590515,-0.057615477591753006,0.31873074173927307,0.6760751008987427,-0.04058671370148659,0.29423367977142334,0.6131464838981628,-0.0515579991042614,0.2802605926990509,0.5669410824775696,-0.05516177415847778,0.2706995904445648,0.5255679488182068,-0.05672889202833176,nice
0.34713804721832275,0.8779451251029968,2.644709411470103e-07,0.38876742124557495,0.8230469226837158,-0.006991937756538391,0.42147570848464966,0.7502478361129761,-0.014952672645449638,0.4513051509857178,0.7004592418670654,-0.02636457234621048,0.4742449223995209,0.6577901244163513,-0.0371360145509243,0.39058828353881836,0.6467867493629456,-0.0032788703683763742,0.42227739095687866,0.5846142172813416,-0.030157726258039474,0.44531315565109253,0.6007452607154846,-0.05256091430783272,0.4595774710178375,0.6338605284690857,-0.06354520469903946,0.36794641613960266,0.6307490468025208,-0.01297474093735218,0.38221415877342224,0.5321674346923828,-0.026281120255589485,0.3985156714916229,0.46548718214035034,-0.03882861137390137,0.4096141457557678,0.4109112024307251,-0.047750841826200485,0.34380435943603516,0.6423251628875732,-0.026725465431809425,0.3379327654838562,0.5449428558349609,-0.040156394243240356,0.33744755387306213,0.47638756036758423,-0.051531195640563965,0.33907654881477356,0.4197707176208496,-0.05890608951449394,0.32014602422714233,0.6774963736534119,-0.04170098528265953,0.29557543992996216,0.6146795749664307,-0.0534830167889595,0.28131982684135437,0.5675290822982788,-0.05751989781856537,0.27142587304115295,0.524939239025116,-0.05935199558734894,nice
0.34451377391815186,0.8798026442527771,2.625775152864662e-07,0.3872840106487274,0.8246371150016785,-0.006547766271978617,0.42059436440467834,0.7515968680381775,-0.013936739414930344,0.45053520798683167,0.7013686895370483,-0.024983767420053482,0.47308769822120667,0.6577188968658447,-0.03534369170665741,0.3905267119407654,0.6475879549980164,-0.001148459268733859,0.42204397916793823,0.5844453573226929,-0.028094742447137833,0.4452095925807953,0.5986251831054688,-0.05066130310297012,0.459873229265213,0.6314335465431213,-0.06160961464047432,0.3678313195705414,0.6296791434288025,-0.010949594900012016,0.38286739587783813,0.5300347805023193,-0.024004315957427025,0.3987211585044861,0.46308040618896484,-0.036508385092020035,0.4090792238712311,0.4087105989456177,-0.045231323689222336,0.3434877395629883,0.6392427682876587,-0.024924399331212044,0.3385428488254547,0.541338324546814,-0.03817420080304146,0.33819469809532166,0.47356152534484863,-0.049286551773548126,0.33963674306869507,0.4177749454975128,-0.056350063532590866,0.319204181432724,0.6724086999893188,-0.04015236347913742,0.2954350709915161,0.6097539663314819,-0.051667340099811554,0.2812551259994507,0.5633764863014221,-0.05544717609882355,0.27156195044517517,0.5217876434326172,-0.0569768063724041,nice
0.3463492691516876,0.8723007440567017,2.594986483472894e-07,0.3878556787967682,0.8184530138969421,-0.006699885241687298,0.4211180806159973,0.7465295791625977,-0.014143690466880798,0.4509822726249695,0.6969060897827148,-0.025092655792832375,0.47329267859458923,0.654487133026123,-0.03550026938319206,0.39185139536857605,0.6446058750152588,-0.0022473973222076893,0.4226180911064148,0.5827060341835022,-0.02900068089365959,0.4454386830329895,0.596359133720398,-0.05145407095551491,0.4602077603340149,0.6281587481498718,-0.062438078224658966,0.3692395091056824,0.6277019381523132,-0.01200221199542284,0.382922500371933,0.5274428129196167,-0.025064758956432343,0.39841076731681824,0.46094781160354614,-0.03763202205300331,0.4090013802051544,0.40733602643013,-0.046527016907930374,0.345012366771698,0.6380765438079834,-0.02580007165670395,0.3391672968864441,0.5411292314529419,-0.03884545713663101,0.33851689100265503,0.4738907814025879,-0.04999246448278427,0.3400571942329407,0.41837188601493835,-0.057265833020210266,0.3207736015319824,0.6714666485786438,-0.040846068412065506,0.29661616683006287,0.6087607145309448,-0.05215045437216759,0.2826152741909027,0.5626704096794128,-0.05592380464076996,0.273265540599823,0.5208647847175598,-0.05762398988008499,nice
0.34760910272598267,0.8729701638221741,2.6918638695860864e-07,0.3893550634384155,0.8193713426589966,-0.00683588208630681,0.4224741756916046,0.7483449578285217,-0.014583892188966274,0.4524471163749695,0.6995343565940857,-0.02575584687292576,0.47445911169052124,0.6566946506500244,-0.03626881167292595,0.39294445514678955,0.6450113654136658,-0.003658115863800049,0.4250541925430298,0.5798689723014832,-0.031043777242302895,0.44865480065345764,0.5958932042121887,-0.05343352630734444,0.463439017534256,0.6306781768798828,-0.06408815830945969,0.37057480216026306,0.6283482313156128,-0.013287448324263096,0.38553065061569214,0.5277633666992188,-0.027104778215289116,0.4009900987148285,0.46081411838531494,-0.04008575156331062,0.41082674264907837,0.4073532819747925,-0.049011290073394775,0.3464883863925934,0.6390743255615234,-0.02685152366757393,0.34031590819358826,0.5407164692878723,-0.04065169766545296,0.3393658995628357,0.47211360931396484,-0.052076805382966995,0.3404325246810913,0.41582998633384705,-0.0592203214764595,0.3222582936286926,0.6730034947395325,-0.04156394675374031,0.2986897826194763,0.6095281839370728,-0.05305837467312813,0.28522488474845886,0.562463104724884,-0.05669115111231804,0.27635103464126587,0.5198231935501099,-0.05805819481611252,nice
0.34649354219436646,0.8748394846916199,2.5858537355816225e-07,0.3885164260864258,0.8217779397964478,-0.006274736952036619,0.4214734733104706,0.7496199607849121,-0.013524161651730537,0.45098891854286194,0.7010453939437866,-0.024354493245482445,0.47317349910736084,0.6581799983978271,-0.03449973091483116,0.3920201063156128,0.6443470120429993,-0.0024670977145433426,0.42359521985054016,0.5799750089645386,-0.02949751913547516,0.4470522999763489,0.5958779454231262,-0.0519317127764225,0.46181321144104004,0.6311420798301697,-0.0627281665802002,0.3690567910671234,0.6274064779281616,-0.012271517887711525,0.38359910249710083,0.52704918384552,-0.02539912983775139,0.3993031084537506,0.46024996042251587,-0.03812716528773308,0.4097064137458801,0.4068111181259155,-0.04711499437689781,0.34472140669822693,0.6383193731307983,-0.026044154539704323,0.33886006474494934,0.5405188798904419,-0.03900450840592384,0.3380296230316162,0.4728795289993286,-0.05024535208940506,0.33933526277542114,0.417068213224411,-0.05760130658745766,0.32066482305526733,0.67269366979599,-0.041001636534929276,0.2968609929084778,0.6109611988067627,-0.05199441686272621,0.2829063832759857,0.5645828247070312,-0.05562477186322212,0.27357217669487,0.5224589705467224,-0.05723055079579353,nice
0.33761322498321533,0.87867671251297,2.9182427851992543e-07,0.3800438344478607,0.8236420154571533,-0.007243648171424866,0.4133615493774414,0.7535030245780945,-0.01573484018445015,0.44237029552459717,0.7052030563354492,-0.027553468942642212,0.4636927843093872,0.6613591313362122,-0.03867529705166817,0.3816058337688446,0.6510763168334961,-0.004819878377020359,0.41154998540878296,0.589272141456604,-0.03178631514310837,0.4339408278465271,0.6062401533126831,-0.053622953593730927,0.44654837250709534,0.6405743360519409,-0.06387965381145477,0.3581562638282776,0.6340727210044861,-0.014832478947937489,0.37370961904525757,0.5302146673202515,-0.02862117812037468,0.3887448012828827,0.4625753164291382,-0.04151575267314911,0.39813995361328125,0.40705955028533936,-0.050384826958179474,0.3325759768486023,0.6438691020011902,-0.02867959998548031,0.32539165019989014,0.5436413288116455,-0.042886555194854736,0.32428404688835144,0.4772292375564575,-0.05493900552392006,0.32499009370803833,0.4221077561378479,-0.062483977526426315,0.3072918653488159,0.6767764687538147,-0.043569136410951614,0.28367069363594055,0.6111238598823547,-0.05487333983182907,0.2698761522769928,0.5658139586448669,-0.05815071985125542,0.25961610674858093,0.5254233479499817,-0.05951610580086708,nice
0.3295218050479889,0.8819928765296936,2.7802019531009137e-07,0.3701491057872772,0.8266783356666565,-0.007405588869005442,0.40340203046798706,0.7538731098175049,-0.01612766832113266,0.43323761224746704,0.702098548412323,-0.028192417696118355,0.45672160387039185,0.6589455008506775,-0.03962850570678711,0.3727831244468689,0.650985598564148,-0.00479755038395524,0.4028506278991699,0.5850425958633423,-0.03228422626852989,0.42478039860725403,0.6007480621337891,-0.05495724081993103,0.4379948377609253,0.633927583694458,-0.06595798581838608,0.34967532753944397,0.6352564096450806,-0.01455015130341053,0.365191251039505,0.533379852771759,-0.028425972908735275,0.379923939704895,0.46556591987609863,-0.04156694933772087,0.38887110352516174,0.40898892283439636,-0.050888147205114365,0.32465291023254395,0.6461513042449951,-0.02827364020049572,0.3176802098751068,0.5477581024169922,-0.042466241866350174,0.3159135580062866,0.47977715730667114,-0.05471273511648178,0.31614187359809875,0.4229334592819214,-0.0626348927617073,0.2996969521045685,0.6799759268760681,-0.04311976581811905,0.2755063772201538,0.6149294376373291,-0.05478701367974281,0.26067933440208435,0.5689452886581421,-0.05866948515176773,0.2501530051231384,0.5268803238868713,-0.0605817548930645,nice
0.3351970911026001,0.8772262930870056,2.9843408810847905e-07,0.3756664991378784,0.8231480121612549,-0.00851859524846077,0.40816542506217957,0.7531299591064453,-0.01788328029215336,0.4369756579399109,0.7002410292625427,-0.030592121183872223,0.46089673042297363,0.6571215391159058,-0.042350366711616516,0.3769090175628662,0.6474652886390686,-0.0038024745881557465,0.4089999198913574,0.5812597274780273,-0.03116600215435028,0.4312712252140045,0.6025694608688354,-0.05381138250231743,0.44407278299331665,0.6393857002258301,-0.06477876007556915,0.3538826107978821,0.6307259798049927,-0.012938455678522587,0.37134087085723877,0.5310391187667847,-0.026965752243995667,0.385836124420166,0.46401476860046387,-0.04032468423247337,0.3943125307559967,0.4082888662815094,-0.04968871548771858,0.3279515504837036,0.6407179832458496,-0.026221007108688354,0.3221915662288666,0.5442603826522827,-0.039726391434669495,0.3194001317024231,0.4766421914100647,-0.0514509454369545,0.3184663653373718,0.4198005795478821,-0.059111177921295166,0.301494300365448,0.6745649576187134,-0.04085618257522583,0.2798638343811035,0.6112774610519409,-0.05130520462989807,0.2661719024181366,0.5659692287445068,-0.05427289009094238,0.2562318444252014,0.5245620608329773,-0.055626463145017624,nice
0.34187373518943787,0.8794911503791809,2.8267277230042964e-07,0.3829331398010254,0.824426531791687,-0.007009770721197128,0.41645485162734985,0.752718985080719,-0.015442818403244019,0.4468561112880707,0.7017465233802795,-0.02736182138323784,0.4701991379261017,0.6579940915107727,-0.038615867495536804,0.3856589198112488,0.6460227966308594,-0.002856623847037554,0.4176484942436218,0.5839484333992004,-0.029635343700647354,0.44164562225341797,0.5996215343475342,-0.052104078233242035,0.4565981924533844,0.631830096244812,-0.06334155052900314,0.3636893033981323,0.6298628449440002,-0.012916451320052147,0.3784426152706146,0.5299509763717651,-0.02669564075767994,0.39429816603660583,0.46357929706573486,-0.03989123925566673,0.40449729561805725,0.40981197357177734,-0.04925261065363884,0.3390902280807495,0.641356885433197,-0.02698136307299137,0.3323987126350403,0.542753279209137,-0.040982313454151154,0.3309151232242584,0.47455328702926636,-0.05290524661540985,0.33134692907333374,0.4183959364891052,-0.06071440130472183,0.31405341625213623,0.6768181324005127,-0.04220547154545784,0.29042643308639526,0.6139626502990723,-0.05398976802825928,0.2763121426105499,0.5679123401641846,-0.057926278561353683,0.2661507725715637,0.52635657787323,-0.05985531583428383,nice
0.34425127506256104,0.8797980546951294,2.689069447114889e-07,0.3854607045650482,0.8245919346809387,-0.007166858296841383,0.41909006237983704,0.7529759407043457,-0.015577701851725578,0.44987592101097107,0.7019100189208984,-0.02742384560406208,0.4729711413383484,0.6568430066108704,-0.03861091285943985,0.38869357109069824,0.6489363312721252,-0.0034860693849623203,0.4222022593021393,0.5854314565658569,-0.03140020743012428,0.4457443356513977,0.60254967212677,-0.054759785532951355,0.4600658714771271,0.6370840072631836,-0.06628282368183136,0.3665004372596741,0.6319506764411926,-0.0131864994764328,0.38254836201667786,0.5322402715682983,-0.02723270282149315,0.39895251393318176,0.4651252031326294,-0.04091896861791611,0.4094815254211426,0.41008761525154114,-0.050755634903907776,0.34209492802619934,0.6427301168441772,-0.026923200115561485,0.3370177149772644,0.5440901517868042,-0.040809232741594315,0.33630305528640747,0.4760645925998688,-0.05282946303486824,0.3373751640319824,0.41968783736228943,-0.060799699276685715,0.31753426790237427,0.6773346066474915,-0.04183904454112053,0.29386037588119507,0.6140169501304626,-0.053423020988702774,0.280181884765625,0.5674663186073303,-0.05732167139649391,0.2708044946193695,0.5255090594291687,-0.05925337225198746,nice
0.3451148569583893,0.878278374671936,2.712760078793508e-07,0.3868127465248108,0.8250951766967773,-0.006860193330794573,0.41998764872550964,0.7543567419052124,-0.014919367618858814,0.450351357460022,0.705793559551239,-0.02632850967347622,0.47389450669288635,0.6634676456451416,-0.03714291751384735,0.391163170337677,0.6495622396469116,-0.004348925314843655,0.4242323338985443,0.5875295400619507,-0.031187759712338448,0.44792985916137695,0.6035475134849548,-0.05324389785528183,0.4626627564430237,0.6369589567184448,-0.06413319706916809,0.3691004514694214,0.6323803067207336,-0.014206457883119583,0.3848959803581238,0.5326572060585022,-0.028030820190906525,0.4017183482646942,0.46614891290664673,-0.040824275463819504,0.41272103786468506,0.41266128420829773,-0.049795255064964294,0.3449653685092926,0.6433361172676086,-0.02791554480791092,0.3397478461265564,0.5438945293426514,-0.04195967689156532,0.3393835723400116,0.47557634115219116,-0.053622838109731674,0.3409331440925598,0.4193026125431061,-0.061149634420871735,0.3207991123199463,0.6777744889259338,-0.04272172227501869,0.29626041650772095,0.6147551536560059,-0.055141959339380264,0.28225743770599365,0.5681066513061523,-0.05950317159295082,0.2727656364440918,0.5263421535491943,-0.06148996204137802,nice
0.344118595123291,0.8751314878463745,2.7283257963972574e-07,0.3860112428665161,0.8218698501586914,-0.006624582689255476,0.41977763175964355,0.7512103915214539,-0.014387337490916252,0.44969210028648376,0.7031229734420776,-0.025578534230589867,0.47297340631484985,0.661932647228241,-0.03615755960345268,0.3894438147544861,0.6456645131111145,-0.0032717185094952583,0.4232238829135895,0.5845449566841125,-0.03012801520526409,0.44672903418540955,0.6012901663780212,-0.052413225173950195,0.4611257314682007,0.6352093815803528,-0.06328689306974411,0.3673764765262604,0.6293710470199585,-0.0132039375603199,0.3834509551525116,0.5298588275909424,-0.026629863306879997,0.4001406133174896,0.4642021656036377,-0.039207059890031815,0.41099727153778076,0.4117242395877838,-0.04795946925878525,0.3434563875198364,0.6410548686981201,-0.027080319821834564,0.3386079967021942,0.5430096387863159,-0.04068286716938019,0.3390845060348511,0.475502610206604,-0.05195463076233864,0.3413546085357666,0.4201391935348511,-0.05910922586917877,0.31949490308761597,0.6762735843658447,-0.04209301993250847,0.295284241437912,0.6139594316482544,-0.054053258150815964,0.28148573637008667,0.5674093961715698,-0.05795704200863838,0.2721623480319977,0.5251815915107727,-0.059519506990909576,nice
0.34506386518478394,0.8738092184066772,2.591052918887726e-07,0.3870188891887665,0.8196229934692383,-0.007044974714517593,0.41971153020858765,0.7504274845123291,-0.015518772415816784,0.44933122396469116,0.7017249464988708,-0.027376258745789528,0.4725750684738159,0.6582846641540527,-0.03866278752684593,0.3901882469654083,0.645508348941803,-0.0045279692858457565,0.4229849576950073,0.5832022428512573,-0.03210723400115967,0.44600263237953186,0.6000849604606628,-0.05494248494505882,0.46008753776550293,0.6338756680488586,-0.06622613966464996,0.36827969551086426,0.6293258666992188,-0.014373964630067348,0.38380810618400574,0.5304787158966064,-0.02872229926288128,0.40068376064300537,0.46484023332595825,-0.04217775911092758,0.41201114654541016,0.41132137179374695,-0.051758863031864166,0.34437403082847595,0.6408029198646545,-0.028153713792562485,0.33854520320892334,0.5423166155815125,-0.042390935122966766,0.338518887758255,0.47408169507980347,-0.05458405613899231,0.3408067226409912,0.4172058403491974,-0.06258060038089752,0.32028716802597046,0.6757152080535889,-0.04304587468504906,0.2955087721347809,0.6118021607398987,-0.055175673216581345,0.28192973136901855,0.5644292235374451,-0.05968547984957695,0.2732337415218353,0.5213930606842041,-0.06196002662181854,nice
0.34779030084609985,0.870445966720581,2.620218708671018e-07,0.390028178691864,0.8183513879776001,-0.006192752625793219,0.42349058389663696,0.748102068901062,-0.013417747803032398,0.4526876211166382,0.7008447647094727,-0.02418169565498829,0.4741154909133911,0.6582914590835571,-0.03430487960577011,0.3926064074039459,0.6430637836456299,-0.0021756563801318407,0.4248339533805847,0.583204448223114,-0.02924405224621296,0.4481136202812195,0.6007049679756165,-0.05184460058808327,0.46267399191856384,0.6354684829711914,-0.0628712847828865,0.3709082007408142,0.6262896060943604,-0.012182701379060745,0.3859733045101166,0.5276291370391846,-0.025774382054805756,0.40285396575927734,0.4618098735809326,-0.03867719694972038,0.4144783616065979,0.4084087312221527,-0.04757457971572876,0.3473339378833771,0.6373924016952515,-0.02615365758538246,0.34202998876571655,0.539616584777832,-0.03974828124046326,0.3422200679779053,0.47212475538253784,-0.050914131104946136,0.3446175158023834,0.416126012802124,-0.05790812149643898,0.3235876262187958,0.6719545125961304,-0.041287247091531754,0.30002421140670776,0.6094601154327393,-0.05304177105426788,0.2870531678199768,0.562427282333374,-0.056689321994781494,0.27890336513519287,0.5197094082832336,-0.05803987383842468,nice
0.348137766122818,0.8717663884162903,2.712594664444623e-07,0.3893943428993225,0.8196869492530823,-0.007168071810156107,0.4225635528564453,0.7505223155021667,-0.01539655402302742,0.4531618356704712,0.7026985883712769,-0.026919305324554443,0.4768572747707367,0.6596333980560303,-0.0378040187060833,0.3930707275867462,0.6445184946060181,-0.0038181664422154427,0.4259931147098541,0.5820503830909729,-0.03146888315677643,0.4494980573654175,0.5991109609603882,-0.05438443645834923,0.46387219429016113,0.6339338421821594,-0.06551575660705566,0.37150225043296814,0.6275700330734253,-0.013457471504807472,0.3869374394416809,0.528584361076355,-0.027348609641194344,0.40393710136413574,0.4628087282180786,-0.040501609444618225,0.4153125584125519,0.40929168462753296,-0.0496513806283474,0.3478359580039978,0.6383213996887207,-0.027063025161623955,0.34328415989875793,0.5411968231201172,-0.040910493582487106,0.3427204489707947,0.4730203151702881,-0.05230063945055008,0.3437900245189667,0.4162040948867798,-0.05952594056725502,0.3236826956272125,0.6725019216537476,-0.041839197278022766,0.30006110668182373,0.6101568937301636,-0.053684115409851074,0.28700491786003113,0.5633139610290527,-0.05734333395957947,0.27823179960250854,0.5205569863319397,-0.05874074622988701,nice
0.3436986207962036,0.8807532787322998,2.6048573431580735e-07,0.38599902391433716,0.8268506526947021,-0.005745886825025082,0.4198637008666992,0.7553399205207825,-0.013175428844988346,0.4500945210456848,0.7073246240615845,-0.024199534207582474,0.4726719856262207,0.6643590331077576,-0.03466804325580597,0.39075082540512085,0.6509615182876587,-0.0035329738166183233,0.42310410737991333,0.5874672532081604,-0.030641857534646988,0.44603535532951355,0.6025145649909973,-0.05272561311721802,0.4596058428287506,0.6366298198699951,-0.06329390406608582,0.36819225549697876,0.633849024772644,-0.013966357335448265,0.38437339663505554,0.532207727432251,-0.02789081633090973,0.40149959921836853,0.46520760655403137,-0.040735404938459396,0.41253453493118286,0.4113393723964691,-0.04963461309671402,0.34380248188972473,0.6446555852890015,-0.02823246270418167,0.3386354446411133,0.5433250665664673,-0.04246319457888603,0.33879387378692627,0.4742164611816406,-0.05474202334880829,0.3405059576034546,0.4170248210430145,-0.06259230524301529,0.31955865025520325,0.6792636513710022,-0.043445341289043427,0.2950170636177063,0.6147865653038025,-0.055615998804569244,0.2811594307422638,0.5675141215324402,-0.06015127897262573,0.2716315984725952,0.5247582793235779,-0.062338076531887054,nice
0.3401278257369995,0.8877759575843811,2.668058982635557e-07,0.3820231854915619,0.8330298662185669,-0.006405736319720745,0.41571179032325745,0.7615666389465332,-0.014881262555718422,0.4466923475265503,0.7120499610900879,-0.02692260406911373,0.47077128291130066,0.6679556369781494,-0.038395438343286514,0.38517290353775024,0.6569449305534363,-0.00400884822010994,0.4177064597606659,0.5941277146339417,-0.03136332333087921,0.44030338525772095,0.6094070076942444,-0.05381777137517929,0.45307016372680664,0.6430758833885193,-0.06480900943279266,0.36256539821624756,0.6401932835578918,-0.014630937948822975,0.3784288465976715,0.5381066799163818,-0.028872227296233177,0.3953556716442108,0.47106629610061646,-0.042189642786979675,0.4062294065952301,0.41603612899780273,-0.051732491701841354,0.33755362033843994,0.6511305570602417,-0.029139576479792595,0.3325643241405487,0.5513664484024048,-0.04361937940120697,0.3315616250038147,0.48265933990478516,-0.055780813097953796,0.33183807134628296,0.42543739080429077,-0.06382042169570923,0.3125103712081909,0.6856598854064941,-0.04466421529650688,0.2896518111228943,0.6198521256446838,-0.05689284950494766,0.2759247422218323,0.5726170539855957,-0.06091279163956642,0.26567456126213074,0.5300417542457581,-0.06299415975809097,nice
0.3393111824989319,0.8853215575218201,2.68775607992211e-07,0.3810156285762787,0.8312621116638184,-0.007567724213004112,0.414745569229126,0.7634003162384033,-0.017074376344680786,0.44513896107673645,0.7142758369445801,-0.029993632808327675,0.4681563973426819,0.6687982082366943,-0.042168617248535156,0.3847202658653259,0.6548550724983215,-0.005331647116690874,0.41849350929260254,0.5909270644187927,-0.03385370224714279,0.44117021560668945,0.612446129322052,-0.05718718841671944,0.4535907804965973,0.6498004198074341,-0.06850077211856842,0.3626503646373749,0.638900637626648,-0.01534621138125658,0.3792383074760437,0.5386121869087219,-0.029933447018265724,0.39557957649230957,0.4717189073562622,-0.04346608743071556,0.4057047367095947,0.4165221154689789,-0.05306796729564667,0.33786171674728394,0.6510099768638611,-0.029416115954518318,0.3321461081504822,0.5512505173683167,-0.04388117790222168,0.3308580815792084,0.48273617029190063,-0.055792052298784256,0.3314804434776306,0.42579787969589233,-0.06350108981132507,0.31297898292541504,0.6870449185371399,-0.04465731233358383,0.2895219027996063,0.6224476099014282,-0.05696632340550423,0.27563169598579407,0.5745304226875305,-0.060968633741140366,0.26581430435180664,0.5309167504310608,-0.06277960538864136,nice
