0,1,2,3,4,5,6,7,8,9,10,11,12,13,14,15,16,17,18,19,20,21,22,23,24,25,26,27,28,29,30,31,32,33,34,35,36,37,38,39,40,41,42,43,44,45,46,47,48,49,50,51,52,53,54,55,56,57,58,59,60,61,62,label
0.2790249288082123,0.8660365343093872,4.581023347327573e-07,0.22417742013931274,0.8216478824615479,-0.012275400571525097,0.18759500980377197,0.7378290295600891,-0.02872680313885212,0.18087232112884521,0.6475180983543396,-0.042555686086416245,0.19142019748687744,0.5794801115989685,-0.056443363428115845,0.200307697057724,0.7339918613433838,-0.05340136960148811,0.20258112251758575,0.591039776802063,-0.07694292813539505,0.20789876580238342,0.5100886821746826,-0.08707521110773087,0.21247944235801697,0.45042693614959717,-0.09138831496238708,0.2388955056667328,0.7309536933898926,-0.057441744953393936,0.23759950697422028,0.5787118673324585,-0.07777180522680283,0.2370445281267166,0.49071311950683594,-0.08446820825338364,0.23488229513168335,0.42504391074180603,-0.08871159702539444,0.2771243751049042,0.7223000526428223,-0.060037121176719666,0.27377283573150635,0.5788667798042297,-0.0751507431268692,0.26757189631462097,0.4962075352668762,-0.07745806127786636,0.25939422845840454,0.4363570809364319,-0.07829037308692932,0.3108382821083069,0.7082724571228027,-0.06277798116207123,0.3038819432258606,0.5960238575935364,-0.07350446283817291,0.29694297909736633,0.5303636193275452,-0.07434335350990295,0.2900587022304535,0.48058533668518066,-0.07382255047559738,please
0.3189638555049896,0.8850390315055847,6.343988161461311e-07,0.2729194164276123,0.8376913070678711,-0.015000528655946255,0.24402675032615662,0.7538958191871643,-0.03374776616692543,0.24227815866470337,0.6677888631820679,-0.048670969903469086,0.25163862109184265,0.6083171367645264,-0.06379294395446777,0.2436644434928894,0.7872427701950073,-0.06418026983737946,0.2492559552192688,0.6488109827041626,-0.08843419700860977,0.2559193968772888,0.5630056262016296,-0.09889794141054153,0.26251325011253357,0.4985587000846863,-0.10334981977939606,0.2897508144378662,0.7952311635017395,-0.06721049547195435,0.28921064734458923,0.6453964114189148,-0.09050548821687698,0.28641805052757263,0.5511521697044373,-0.09809180349111557,0.28190797567367554,0.4842483699321747,-0.10285788029432297,0.33144235610961914,0.7866082787513733,-0.0682682916522026,0.32915958762168884,0.6381476521492004,-0.08601772040128708,0.32018861174583435,0.545098066329956,-0.09037765115499496,0.308273047208786,0.483869343996048,-0.0918387919664383,0.36385637521743774,0.7636745572090149,-0.06930133700370789,0.353162556886673,0.6431818604469299,-0.08005011826753616,0.34090521931648254,0.5721456408500671,-0.08129921555519104,0.32816630601882935,0.5215332508087158,-0.08130025118589401,please
0.323220431804657,0.8791040182113647,7.551751650680671e-07,0.2746654152870178,0.8290290832519531,-0.016737917438149452,0.25114867091178894,0.7388806939125061,-0.03841695562005043,0.2589080333709717,0.6479750275611877,-0.054618269205093384,0.2734493613243103,0.5878910422325134,-0.07176000624895096,0.2498757541179657,0.7883992195129395,-0.0831550732254982,0.26165539026260376,0.6449148654937744,-0.11081092804670334,0.27056685090065,0.5526950359344482,-0.12186509370803833,0.27827122807502747,0.48282748460769653,-0.12615777552127838,0.29830461740493774,0.8033585548400879,-0.08466719835996628,0.30236154794692993,0.6478816270828247,-0.11377011984586716,0.30295565724372864,0.5455678701400757,-0.12159673124551773,0.30011919140815735,0.4743087887763977,-0.12603703141212463,0.3412659466266632,0.7978276610374451,-0.0826493576169014,0.3433232009410858,0.6425381302833557,-0.10325112193822861,0.33582475781440735,0.5464789867401123,-0.10691370069980621,0.32466861605644226,0.4871962070465088,-0.10727912187576294,0.37325286865234375,0.7753341197967529,-0.08034864813089371,0.35998332500457764,0.6456136703491211,-0.09115643799304962,0.34662744402885437,0.5738170742988586,-0.09136121720075607,0.33541226387023926,0.5265230536460876,-0.0904841348528862,please
0.3227894902229309,0.8971551656723022,7.022183012850292e-07,0.27417343854904175,0.8461691737174988,-0.018041785806417465,0.25118252635002136,0.7504197955131531,-0.039343226701021194,0.2615032494068146,0.6594356894493103,-0.055807024240493774,0.2762376070022583,0.6044560670852661,-0.07334545999765396,0.24622803926467896,0.7947922945022583,-0.07657571882009506,0.2599227726459503,0.6469393968582153,-0.10139171779155731,0.26840153336524963,0.5581169724464417,-0.11116552352905273,0.27431201934814453,0.4912636876106262,-0.11522061377763748,0.2939132750034332,0.8125408887863159,-0.0783396065235138,0.2998117506504059,0.660205602645874,-0.10535624623298645,0.29959914088249207,0.561017632484436,-0.11423846334218979,0.2955389618873596,0.49267449975013733,-0.11973878741264343,0.33713120222091675,0.8108583092689514,-0.07718202471733093,0.340343713760376,0.6552441716194153,-0.09799082577228546,0.3319461941719055,0.5554125308990479,-0.10448157042264938,0.3189905285835266,0.4924640655517578,-0.10710570961236954,0.37082982063293457,0.7909734845161438,-0.07585249841213226,0.3577314615249634,0.6600454449653625,-0.08783995360136032,0.3433244526386261,0.5919601321220398,-0.08969860523939133,0.32962244749069214,0.5503131747245789,-0.09031706303358078,please
0.31900203227996826,0.9049935340881348,7.554437502221845e-07,0.27520716190338135,0.8555676341056824,-0.015747355297207832,0.2518252730369568,0.7656689882278442,-0.03669561445713043,0.25783199071884155,0.6757372617721558,-0.0533740259706974,0.2714841961860657,0.616077184677124,-0.07082848995923996,0.24073217809200287,0.8063971996307373,-0.07386595755815506,0.2539600133895874,0.6623616218566895,-0.10177655518054962,0.2632327079772949,0.5706605315208435,-0.11488263309001923,0.2713615596294403,0.5022668838500977,-0.1209021732211113,0.2866086959838867,0.824145495891571,-0.07774527370929718,0.293801486492157,0.6673099398612976,-0.10583877563476562,0.29462361335754395,0.5647684335708618,-0.11524681746959686,0.291260302066803,0.4946601092815399,-0.1210983619093895,0.3292454481124878,0.8215653896331787,-0.07915882766246796,0.33307158946990967,0.6624761819839478,-0.09972996264696121,0.3261091411113739,0.5644276738166809,-0.1050262600183487,0.31409111618995667,0.503123939037323,-0.10692805051803589,0.36321958899497986,0.8018715381622314,-0.0805853083729744,0.3552832305431366,0.6694681644439697,-0.09261514991521835,0.3436582386493683,0.5963654518127441,-0.09431596100330353,0.33051538467407227,0.5474915504455566,-0.09465371072292328,please
0.3215295672416687,0.9027628302574158,6.075127316762519e-07,0.27549028396606445,0.8500736355781555,-0.013643159531056881,0.2552575170993805,0.7560535073280334,-0.03155248984694481,0.26532143354415894,0.6699383854866028,-0.044294554740190506,0.2830227017402649,0.6186227798461914,-0.057505249977111816,0.25810086727142334,0.7917322516441345,-0.06942968815565109,0.2708779275417328,0.6552143692970276,-0.09254985302686691,0.280837744474411,0.5678437948226929,-0.1019776314496994,0.2883000671863556,0.5030435919761658,-0.10556677728891373,0.3044818043708801,0.8108158111572266,-0.07137438654899597,0.3143256604671478,0.6530275940895081,-0.09179825335741043,0.31498435139656067,0.5560026168823242,-0.09774789214134216,0.31032076478004456,0.4863409399986267,-0.10197222977876663,0.34512171149253845,0.8109680414199829,-0.0700521320104599,0.35002923011779785,0.6565151810646057,-0.08422441780567169,0.3409370183944702,0.562037467956543,-0.0867924839258194,0.3266279697418213,0.4991227984428406,-0.08778632432222366,0.37562796473503113,0.7951934337615967,-0.0683382898569107,0.3682405948638916,0.6674666404724121,-0.07728071510791779,0.3565247058868408,0.5930129885673523,-0.07713285088539124,0.34286510944366455,0.5399378538131714,-0.07616601884365082,please
0.37530338764190674,0.8765774369239807,3.928670082586905e-07,0.3299700617790222,0.8290046453475952,-0.02550770342350006,0.3204973042011261,0.7405076026916504,-0.04213237389922142,0.33754730224609375,0.6636847853660583,-0.050645023584365845,0.35220056772232056,0.6157253980636597,-0.05862650275230408,0.3508255183696747,0.7649604082107544,-0.07632444053888321,0.36611372232437134,0.6287937164306641,-0.0960095152258873,0.3776341378688812,0.5474034547805786,-0.10062624514102936,0.3838678002357483,0.4886041581630707,-0.10078811645507812,0.39377304911613464,0.769349992275238,-0.06866748631000519,0.4077323079109192,0.6234803199768066,-0.08363211899995804,0.41129904985427856,0.5381782650947571,-0.08460404723882675,0.4104190170764923,0.4774954617023468,-0.08466711640357971,0.42556512355804443,0.768674373626709,-0.058647699654102325,0.43397676944732666,0.6425105333328247,-0.06941815465688705,0.4260673224925995,0.5688206553459167,-0.06826531141996384,0.41779181361198425,0.5218217372894287,-0.066458560526371,0.44452807307243347,0.7605807781219482,-0.04917535558342934,0.44495266675949097,0.6655575037002563,-0.05709857493638992,0.4354681372642517,0.6108618378639221,-0.05537791550159454,0.4258086085319519,0.5759458541870117,-0.052563175559043884,please
0.4397244453430176,0.9341697692871094,-2.9508772314557064e-08,0.4040818214416504,0.8546674847602844,-0.033866919577121735,0.41198697686195374,0.7556821703910828,-0.052347756922245026,0.4436984062194824,0.6856208443641663,-0.05884259566664696,0.467437207698822,0.6407044529914856,-0.06333643198013306,0.43694040179252625,0.8552966117858887,-0.0978025272488594,0.4693625271320343,0.7127521634101868,-0.11934041976928711,0.4793629050254822,0.6273478269577026,-0.12002863734960556,0.482577383518219,0.5675190687179565,-0.11751890927553177,0.4798884391784668,0.8725461959838867,-0.08445297181606293,0.5130056142807007,0.715083122253418,-0.10552851855754852,0.5154720544815063,0.6209496259689331,-0.10192319005727768,0.5101910829544067,0.5582951307296753,-0.09773510694503784,0.5105839967727661,0.8699038624763489,-0.06847917288541794,0.5294713377952576,0.7278326749801636,-0.08336295187473297,0.5261492133140564,0.6429977416992188,-0.07926719635725021,0.5167399048805237,0.5875480771064758,-0.07494757324457169,0.5270445942878723,0.8520673513412476,-0.053560033440589905,0.5347824692726135,0.7439641952514648,-0.06427297741174698,0.5268687009811401,0.6805391311645508,-0.06296594440937042,0.5165987610816956,0.6379928588867188,-0.06062978133559227,please
0.3228687644004822,0.9208856225013733,7.14574753146735e-07,0.277245432138443,0.8698859214782715,-0.011310061439871788,0.2529134154319763,0.7816892266273499,-0.029910778626799583,0.26206108927726746,0.6901843547821045,-0.045966532081365585,0.28085339069366455,0.6298559904098511,-0.06245845556259155,0.23874470591545105,0.8118636608123779,-0.059158194810152054,0.2531038820743561,0.675920844078064,-0.08343952149152756,0.2652853727340698,0.5924491882324219,-0.09507419168949127,0.2768844962120056,0.5300388336181641,-0.10057318955659866,0.2817024886608124,0.8257277011871338,-0.06496437638998032,0.28945139050483704,0.6788989305496216,-0.08837877959012985,0.29544752836227417,0.5842234492301941,-0.09577551484107971,0.2992308735847473,0.5168030261993408,-0.10025285184383392,0.3234040439128876,0.8246703743934631,-0.06887210160493851,0.32767656445503235,0.6721031069755554,-0.08607339859008789,0.3261672258377075,0.5829131007194519,-0.08932250738143921,0.3214540183544159,0.5251242518424988,-0.08996084332466125,0.35982486605644226,0.8091393709182739,-0.07280591130256653,0.35479554533958435,0.6848353743553162,-0.08197785168886185,0.3468332886695862,0.6166212558746338,-0.08185207843780518,0.3383987545967102,0.5694879293441772,-0.08075258135795593,please
0.3166567385196686,0.9305018782615662,7.936244514894497e-07,0.266591340303421,0.8782912492752075,-0.012043018825352192,0.23922254145145416,0.7954905033111572,-0.03449353948235512,0.24671350419521332,0.7097352743148804,-0.054076772183179855,0.2675122916698456,0.6530027389526367,-0.0743613988161087,0.22945824265480042,0.8202455043792725,-0.07401759922504425,0.24243736267089844,0.6806206107139587,-0.10570072382688522,0.2556963264942169,0.5985649228096008,-0.12173523753881454,0.2671414911746979,0.535744309425354,-0.13014626502990723,0.27225977182388306,0.8352943658828735,-0.08186661452054977,0.27768924832344055,0.6836205124855042,-0.1141328439116478,0.2860727906227112,0.583136796951294,-0.12310303002595901,0.2925841510295868,0.5103240013122559,-0.127772718667984,0.31452134251594543,0.8350886106491089,-0.08736815303564072,0.3172931373119354,0.679472029209137,-0.11068379878997803,0.3170926570892334,0.5842015743255615,-0.11331658810377121,0.3147936761379242,0.5206698775291443,-0.11252353340387344,0.35203415155410767,0.820586621761322,-0.09295207262039185,0.3469739258289337,0.6907926797866821,-0.10404376685619354,0.33949628472328186,0.6232255101203918,-0.10258689522743225,0.33235669136047363,0.5757204294204712,-0.10064688324928284,please
0.3214808702468872,0.9238934516906738,7.753047270853131e-07,0.2737829387187958,0.8711454272270203,-0.012758079916238785,0.2469148337841034,0.7861825823783875,-0.03489748015999794,0.2540588974952698,0.6962974071502686,-0.05401740223169327,0.2730588912963867,0.6365218162536621,-0.0737423226237297,0.23049168288707733,0.8121240735054016,-0.07090885937213898,0.24657447636127472,0.6691176891326904,-0.10087387263774872,0.2608585059642792,0.5866813659667969,-0.1158284842967987,0.2731785178184509,0.5237587094306946,-0.1233118325471878,0.27323228120803833,0.8277894258499146,-0.07768797129392624,0.2800533175468445,0.6724739074707031,-0.10718296468257904,0.2878172993659973,0.5743487477302551,-0.11560369282960892,0.2938339412212372,0.5043601393699646,-0.120279960334301,0.3156227767467499,0.8274787664413452,-0.08235017955303192,0.3203792870044708,0.6691436767578125,-0.10299808531999588,0.3190654218196869,0.575387716293335,-0.10578732192516327,0.3155863881111145,0.513974666595459,-0.10575070232152939,0.35318121314048767,0.8119440674781799,-0.087209053337574,0.3479868471622467,0.6823002099990845,-0.09707070142030716,0.34200501441955566,0.6106781363487244,-0.09617474675178528,0.3371046781539917,0.559217095375061,-0.09476403146982193,please
0.3214839696884155,0.91506028175354,7.643977255611389e-07,0.27434295415878296,0.8618124127388,-0.010928542353212833,0.24981272220611572,0.7745245099067688,-0.031516171991825104,0.257681280374527,0.6849204897880554,-0.04922885447740555,0.27548736333847046,0.6214213371276855,-0.06758292019367218,0.2338847815990448,0.7990722060203552,-0.06867680698633194,0.2512739300727844,0.6551555395126343,-0.09713323414325714,0.2646828591823578,0.5705537796020508,-0.11051663756370544,0.27748817205429077,0.5063533186912537,-0.11688853055238724,0.276834636926651,0.8170024156570435,-0.0751013457775116,0.28445225954055786,0.661511242389679,-0.10522766411304474,0.29122108221054077,0.565270185470581,-0.11401493102312088,0.2953009605407715,0.49623990058898926,-0.11847025901079178,0.31968605518341064,0.818436861038208,-0.07889799773693085,0.32509440183639526,0.6598148345947266,-0.10020557790994644,0.3238467574119568,0.5675376653671265,-0.10273069143295288,0.31858283281326294,0.5062119960784912,-0.10214512050151825,0.3566635251045227,0.8050501346588135,-0.08248208463191986,0.353752464056015,0.6711835861206055,-0.093471959233284,0.34578007459640503,0.6037049889564514,-0.09268829226493835,0.3365892469882965,0.5564478039741516,-0.09094175696372986,please
0.31889790296554565,0.8955761194229126,7.906378982625029e-07,0.27301543951034546,0.8393816351890564,-0.013551256619393826,0.2498072385787964,0.7466846704483032,-0.0355631560087204,0.2599170207977295,0.6529491543769836,-0.054058223962783813,0.2789396643638611,0.5872592926025391,-0.07329181581735611,0.23169252276420593,0.78439861536026,-0.07386483252048492,0.24932029843330383,0.6415168642997742,-0.10358089208602905,0.2638375759124756,0.5565589070320129,-0.11790627241134644,0.27711352705955505,0.4927792549133301,-0.12478061765432358,0.27522268891334534,0.8071810603141785,-0.07973948121070862,0.2838907241821289,0.6539721488952637,-0.11111489683389664,0.29117855429649353,0.5549510717391968,-0.12039273977279663,0.2958909571170807,0.4854317903518677,-0.12509359419345856,0.31894156336784363,0.8102352619171143,-0.08301887661218643,0.32501497864723206,0.6478766202926636,-0.10514698177576065,0.32327786087989807,0.5525021553039551,-0.10780825465917587,0.3173651397228241,0.49055320024490356,-0.10723696649074554,0.3562285602092743,0.7967970371246338,-0.08626146614551544,0.35444745421409607,0.66155606508255,-0.09705626964569092,0.3471202850341797,0.5929544568061829,-0.09554409235715866,0.3383950889110565,0.5459723472595215,-0.0933334082365036,please
0.32410576939582825,0.8891037702560425,7.777661608088238e-07,0.2762756943702698,0.8385764360427856,-0.012138789519667625,0.25173795223236084,0.7537743449211121,-0.03414323180913925,0.26028960943222046,0.6644299626350403,-0.05264928191900253,0.2779720723628998,0.604507565498352,-0.07225827872753143,0.2363908588886261,0.7817069292068481,-0.07430173456668854,0.25287947058677673,0.6358201503753662,-0.10309493541717529,0.2672552764415741,0.552742600440979,-0.11672574281692505,0.27940845489501953,0.4913433790206909,-0.12295988947153091,0.2796909809112549,0.7987375855445862,-0.07997641712427139,0.2863706052303314,0.6401264071464539,-0.10853719711303711,0.29329192638397217,0.5426754951477051,-0.11618304252624512,0.2983030080795288,0.4761444926261902,-0.12030491977930069,0.3225393295288086,0.7988851070404053,-0.08273933827877045,0.32691067457199097,0.6353436708450317,-0.10176732391119003,0.3244065046310425,0.54364013671875,-0.1033390462398529,0.3198310136795044,0.4863835573196411,-0.10282444208860397,0.35907483100891113,0.7842132449150085,-0.08537431806325912,0.35355207324028015,0.6503608226776123,-0.09397141635417938,0.34533581137657166,0.5808347463607788,-0.0919690728187561,0.3378186821937561,0.5330344438552856,-0.08983024954795837,please
0.32662808895111084,0.8878256678581238,7.366029421973508e-07,0.27970659732818604,0.833195686340332,-0.010963598266243935,0.2558562755584717,0.7462970018386841,-0.031032690778374672,0.26525139808654785,0.6582687497138977,-0.047838594764471054,0.28289246559143066,0.5983408093452454,-0.065522700548172,0.2449778914451599,0.7685602903366089,-0.07010452449321747,0.26263996958732605,0.6231740117073059,-0.09715957939624786,0.2766994833946228,0.5398603677749634,-0.10945042222738266,0.2882152795791626,0.4777246415615082,-0.11484156548976898,0.2880100607872009,0.7888627648353577,-0.0754832997918129,0.2967548668384552,0.6310055255889893,-0.10222111642360687,0.3042133152484894,0.5354073643684387,-0.10876373946666718,0.3089611232280731,0.4698067307472229,-0.11222676187753677,0.32942867279052734,0.7921155691146851,-0.07803262770175934,0.33711302280426025,0.6303374767303467,-0.09592827409505844,0.3351001441478729,0.5409399271011353,-0.0967421606183052,0.3300323486328125,0.4855547547340393,-0.09563151746988297,0.36459505558013916,0.7800379395484924,-0.08042597025632858,0.35955771803855896,0.6489276885986328,-0.08823655545711517,0.3519260287284851,0.5827186107635498,-0.08558676391839981,0.34438762068748474,0.5388189554214478,-0.08292421698570251,please
0.325783908367157,0.9229206442832947,7.685451350880612e-07,0.27829939126968384,0.8702486753463745,-0.013213520869612694,0.25365281105041504,0.7814102172851562,-0.03480936959385872,0.26163458824157715,0.6886367797851562,-0.05281390994787216,0.2808178961277008,0.6283112168312073,-0.07130534946918488,0.24264678359031677,0.8190435171127319,-0.07371179759502411,0.25791463255882263,0.672513484954834,-0.10171712934970856,0.26942017674446106,0.5855204463005066,-0.11392340064048767,0.2804698348045349,0.5198508501052856,-0.11936037242412567,0.28834599256515503,0.83626389503479,-0.07894573360681534,0.29446545243263245,0.6809556484222412,-0.10747339576482773,0.2995316982269287,0.5799809098243713,-0.11438243836164474,0.3037133514881134,0.5088144540786743,-0.1179310604929924,0.33119067549705505,0.8346084356307983,-0.08159252256155014,0.33473730087280273,0.6765720248222351,-0.10121971368789673,0.33196964859962463,0.5837077498435974,-0.1029786691069603,0.32695284485816956,0.5232102870941162,-0.10215744376182556,0.36716219782829285,0.8150274753570557,-0.08430652320384979,0.3611264228820801,0.6852010488510132,-0.09371764212846756,0.35237011313438416,0.617311954498291,-0.09265866875648499,0.3436785638332367,0.5693312883377075,-0.09101758152246475,please
0.32819074392318726,0.93053138256073,7.995768100954592e-07,0.28296712040901184,0.8770611882209778,-0.014215043745934963,0.2604336142539978,0.789063572883606,-0.03572066128253937,0.2694036364555359,0.6994900107383728,-0.05337485671043396,0.28509047627449036,0.6420251131057739,-0.07153361290693283,0.24160468578338623,0.8194824457168579,-0.07242093980312347,0.26058831810951233,0.674466609954834,-0.10184309631586075,0.2752545177936554,0.5862919092178345,-0.11698572337627411,0.2872978746891022,0.5206558704376221,-0.12416400760412216,0.2871703803539276,0.8394156098365784,-0.07680204510688782,0.29659736156463623,0.6819336414337158,-0.10579247772693634,0.3037121593952179,0.5813215374946594,-0.11502798646688461,0.30822575092315674,0.512127161026001,-0.12033895403146744,0.3304428458213806,0.840408980846405,-0.07871946692466736,0.33689072728157043,0.6814538836479187,-0.09848520159721375,0.3350498676300049,0.5877214670181274,-0.10107886791229248,0.33099880814552307,0.527560830116272,-0.1009615883231163,0.36589306592941284,0.8237199187278748,-0.08077779412269592,0.3612689673900604,0.6932298541069031,-0.08953791856765747,0.35226649045944214,0.6244882345199585,-0.08779779076576233,0.3445955216884613,0.575705885887146,-0.08573845773935318,please
0.3293152451515198,0.9186269640922546,7.783791033943999e-07,0.2823554277420044,0.8682650327682495,-0.013894700445234776,0.25653189420700073,0.7858536839485168,-0.035060252994298935,0.26499122381210327,0.6988752484321594,-0.052386630326509476,0.2851605713367462,0.6437112092971802,-0.07029644399881363,0.24769246578216553,0.8087988495826721,-0.07084831595420837,0.2640237808227539,0.6660235524177551,-0.09808250516653061,0.2761456072330475,0.5797916054725647,-0.11129265278577805,0.28706640005111694,0.5141420960426331,-0.11761986464262009,0.2930620014667511,0.8245536684989929,-0.07497942447662354,0.3014090359210968,0.6736371517181396,-0.10206235200166702,0.3072194457054138,0.5740099549293518,-0.10996652394533157,0.310598224401474,0.5026261806488037,-0.11451142281293869,0.3354790508747101,0.8241443634033203,-0.07655408978462219,0.3404283821582794,0.6721041798591614,-0.09532321244478226,0.33748653531074524,0.578873336315155,-0.09829418361186981,0.3321766257286072,0.5176055431365967,-0.09846644848585129,0.37035977840423584,0.8081971406936646,-0.07818461954593658,0.36379748582839966,0.6830494999885559,-0.08742431551218033,0.3546549081802368,0.6140886545181274,-0.08664567768573761,0.3464183509349823,0.5647252798080444,-0.08511774241924286,please
0.32557404041290283,0.8305459022521973,8.599469651926483e-07,0.27941209077835083,0.7832117080688477,-0.01984172686934471,0.25648680329322815,0.6973182559013367,-0.044509537518024445,0.266119122505188,0.6094796061515808,-0.06311218440532684,0.28533634543418884,0.5522241592407227,-0.08251223713159561,0.24500063061714172,0.7360024452209473,-0.08692615479230881,0.2607136368751526,0.5933361053466797,-0.11644190549850464,0.2747897207736969,0.5075041055679321,-0.12989310920238495,0.2887614369392395,0.443126916885376,-0.13606716692447662,0.29213449358940125,0.7492709159851074,-0.0873008593916893,0.29838690161705017,0.5966922044754028,-0.11634421348571777,0.30404195189476013,0.4989274740219116,-0.12357695400714874,0.30993029475212097,0.4319138824939728,-0.12803786993026733,0.3353056311607361,0.7458064556121826,-0.08460097014904022,0.3407718539237976,0.5957186222076416,-0.10375852882862091,0.3381635844707489,0.5066254138946533,-0.10551103204488754,0.33446723222732544,0.45169320702552795,-0.10552696138620377,0.3685604929924011,0.7287594676017761,-0.08218774944543839,0.3656098246574402,0.6058652400970459,-0.09202456474304199,0.3562215566635132,0.5396407246589661,-0.09139072895050049,0.3481651842594147,0.4957393407821655,-0.09036367386579514,please
0.3236508369445801,0.9049109816551208,3.4554398098407546e-07,0.27779942750930786,0.8588919043540955,-0.014515253715217113,0.2619815468788147,0.773455798625946,-0.0267843846231699,0.2718128561973572,0.6957513093948364,-0.03541641682386398,0.2883141040802002,0.6439557671546936,-0.04420575127005577,0.2891671061515808,0.7749037742614746,-0.045139651745557785,0.3018346130847931,0.6586101651191711,-0.06141927093267441,0.3059110641479492,0.5849372744560242,-0.06708688288927078,0.30571627616882324,0.5288353562355042,-0.06907100230455399,0.3239561915397644,0.7801917791366577,-0.04556555300951004,0.3338632583618164,0.655021071434021,-0.06058797612786293,0.3319990932941437,0.5698946714401245,-0.06519951671361923,0.32545557618141174,0.5066544413566589,-0.06794312596321106,0.3521119952201843,0.783519446849823,-0.04495629295706749,0.3568972051143646,0.6594210863113403,-0.05845518410205841,0.3501524329185486,0.5775620937347412,-0.062366783618927,0.3398051857948303,0.5176045894622803,-0.06340273469686508,0.37169724702835083,0.7794114947319031,-0.04438789188861847,0.3707837462425232,0.6763778328895569,-0.05609140172600746,0.3636389672756195,0.6075355410575867,-0.058971107006073,0.3536592721939087,0.5551060438156128,-0.05918772146105766,please
0.3118152916431427,0.8368372917175293,7.135238888622553e-07,0.2692073881626129,0.7778820991516113,-0.014593302272260189,0.2520880103111267,0.68489009141922,-0.03270375356078148,0.264117956161499,0.6005845665931702,-0.04608601704239845,0.28460001945495605,0.5499750375747681,-0.05976615473628044,0.24688729643821716,0.722602367401123,-0.06573973596096039,0.26577886939048767,0.5835503339767456,-0.08795029670000076,0.2807009220123291,0.49915197491645813,-0.09604819118976593,0.2926376163959503,0.4378725588321686,-0.09826374799013138,0.2910410761833191,0.7437769174575806,-0.06709599494934082,0.3046850264072418,0.5861319303512573,-0.08618288487195969,0.31101638078689575,0.494851291179657,-0.08977235853672028,0.3125181496143341,0.4325627386569977,-0.0917915627360344,0.3322749137878418,0.7482156157493591,-0.0656270682811737,0.3405841588973999,0.5975950956344604,-0.07784758508205414,0.33978360891342163,0.5103952288627625,-0.07605582475662231,0.33413296937942505,0.4551360607147217,-0.07382403314113617,0.3657243251800537,0.7366710305213928,-0.06431905180215836,0.3629404902458191,0.6122013330459595,-0.06995242089033127,0.35800209641456604,0.5402182936668396,-0.0657537654042244,0.3520375192165375,0.4916790723800659,-0.06175707280635834,please
0.31570863723754883,0.9132220149040222,7.715831316090771e-07,0.2635984718799591,0.8594863414764404,-0.01733406074345112,0.24263647198677063,0.7558759450912476,-0.03918978571891785,0.2581198811531067,0.6543021202087402,-0.0547516867518425,0.27965131402015686,0.5905765295028687,-0.07099420577287674,0.2367483228445053,0.8093535900115967,-0.08408670127391815,0.2602406144142151,0.6568210124969482,-0.10964181274175644,0.27300363779067993,0.5617244839668274,-0.11981092393398285,0.28400158882141113,0.4912452697753906,-0.12368392199277878,0.28970056772232056,0.8318827152252197,-0.08468707650899887,0.30489495396614075,0.6663607954978943,-0.10981184989213943,0.31054118275642395,0.5604462623596191,-0.1162569671869278,0.3127981722354889,0.489184707403183,-0.12063096463680267,0.3366462290287018,0.8289468884468079,-0.08140144497156143,0.3460140526294708,0.6553421020507812,-0.09745050966739655,0.33925318717956543,0.5561488270759583,-0.09929560124874115,0.32978588342666626,0.49669766426086426,-0.0998360887169838,0.37247249484062195,0.8057125806808472,-0.07795195281505585,0.36647656559944153,0.665326714515686,-0.08433856070041656,0.3521038591861725,0.5958276987075806,-0.0821121409535408,0.33874404430389404,0.5517802834510803,-0.0803309753537178,please
0.3175421357154846,0.9158180952072144,7.692144095017284e-07,0.26914119720458984,0.8559737205505371,-0.01594114489853382,0.2515026032924652,0.754308819770813,-0.037013594061136246,0.26826635003089905,0.6582505106925964,-0.05278448387980461,0.2927302420139313,0.5997574329376221,-0.06909877806901932,0.24577639997005463,0.8080600500106812,-0.07954874634742737,0.2682318091392517,0.6581064462661743,-0.10655464977025986,0.2817360460758209,0.5621914863586426,-0.11781248450279236,0.2936728596687317,0.49192991852760315,-0.12230497598648071,0.2955755293369293,0.8310036659240723,-0.08140779286623001,0.3105319142341614,0.6679360270500183,-0.10716552287340164,0.31535905599594116,0.5629545450210571,-0.11380412429571152,0.3161654770374298,0.4905744194984436,-0.11801089346408844,0.3401409685611725,0.8313422203063965,-0.0799354612827301,0.3510119915008545,0.6684287786483765,-0.0971900075674057,0.3464863896369934,0.5734226703643799,-0.09923391044139862,0.33784231543540955,0.5144165754318237,-0.09927535802125931,0.37524834275245667,0.8126888275146484,-0.07848753035068512,0.37409886717796326,0.679239809513092,-0.08765149116516113,0.3640897572040558,0.6055768132209778,-0.08744071424007416,0.3531568646430969,0.5564730763435364,-0.0864688977599144,please
0.31734412908554077,0.9227327108383179,7.883109560680168e-07,0.2664228677749634,0.8687964677810669,-0.02173611894249916,0.24528396129608154,0.768088698387146,-0.045857351273298264,0.25990667939186096,0.6701304316520691,-0.06310951709747314,0.2852909564971924,0.6090483069419861,-0.08122185617685318,0.24872173368930817,0.8153968453407288,-0.08989275246858597,0.26897555589675903,0.6618431806564331,-0.11777707934379578,0.28073421120643616,0.5659504532814026,-0.1287839710712433,0.2905553877353668,0.49384447932243347,-0.1330687254667282,0.2995489239692688,0.8351291418075562,-0.08848506957292557,0.3131602108478546,0.6715561151504517,-0.11601617187261581,0.3157336413860321,0.5645861625671387,-0.12372711300849915,0.3147721290588379,0.488777756690979,-0.1286255270242691,0.34401553869247437,0.8312400579452515,-0.08339027315378189,0.35233062505722046,0.6644244194030762,-0.10168056190013885,0.3453458547592163,0.5642090439796448,-0.10495497286319733,0.3356064558029175,0.5001347661018372,-0.10590684413909912,0.37673357129096985,0.8092478513717651,-0.07842139154672623,0.37169504165649414,0.6727128028869629,-0.0878441110253334,0.35975539684295654,0.5970481634140015,-0.08813182264566422,0.34775495529174805,0.5453748106956482,-0.08767491579055786,please
0.3229607045650482,0.9199687838554382,6.881381295897882e-07,0.2745811343193054,0.8670516610145569,-0.01692867837846279,0.2523086667060852,0.7704914212226868,-0.03626404330134392,0.2659493386745453,0.682335615158081,-0.04939357563853264,0.2896555960178375,0.6320200562477112,-0.06284382194280624,0.25689786672592163,0.8142848610877991,-0.07829301059246063,0.27809131145477295,0.6688030362129211,-0.10334596782922745,0.2930668294429779,0.5746577978134155,-0.11325317621231079,0.30582886934280396,0.5074127316474915,-0.11660437285900116,0.304507315158844,0.8408404588699341,-0.0781174823641777,0.32223066687583923,0.6769612431526184,-0.10090281814336777,0.3273158371448517,0.5711017847061157,-0.1076105386018753,0.3277115225791931,0.49812182784080505,-0.11196181923151016,0.34859195351600647,0.842617928981781,-0.0741838663816452,0.36013779044151306,0.6786975860595703,-0.08918218314647675,0.3557529151439667,0.5823726654052734,-0.09083825349807739,0.34733107686042786,0.5217682123184204,-0.09069408476352692,0.3832215964794159,0.8221039175987244,-0.07008946686983109,0.38186022639274597,0.6875466704368591,-0.0787266343832016,0.3743612468242645,0.6113085746765137,-0.07752825319766998,0.3661605715751648,0.5597108602523804,-0.075420081615448,please
0.32339784502983093,0.9247218370437622,7.37997879696195e-07,0.2700096070766449,0.872808039188385,-0.02355719916522503,0.24892984330654144,0.7733051776885986,-0.04610738158226013,0.2622181475162506,0.6838337779045105,-0.061531439423561096,0.2852763235569,0.6301873326301575,-0.07830429822206497,0.2649649381637573,0.8164513111114502,-0.0888805165886879,0.2859434187412262,0.6730917692184448,-0.11565332859754562,0.2989652156829834,0.5795795917510986,-0.1256304681301117,0.30780282616615295,0.5101784467697144,-0.12961925566196442,0.31007102131843567,0.8408464193344116,-0.08700086921453476,0.32809552550315857,0.6809406280517578,-0.11302061378955841,0.3320363163948059,0.5723519325256348,-0.12121304124593735,0.3305647075176239,0.4945501685142517,-0.12695923447608948,0.35219359397888184,0.8458383083343506,-0.08170071244239807,0.36528536677360535,0.6889290809631348,-0.10073499381542206,0.36134690046310425,0.5891867876052856,-0.10598579794168472,0.35307997465133667,0.5223571062088013,-0.10845669358968735,0.385897159576416,0.8326006531715393,-0.07649334520101547,0.38763663172721863,0.7010254263877869,-0.08984239399433136,0.3814604580402374,0.62241530418396,-0.09295723587274551,0.3738858997821808,0.5688034296035767,-0.09438028931617737,please
0.3201855421066284,0.927825927734375,6.276821977735381e-07,0.2683611512184143,0.8697908520698547,-0.019038213416934013,0.24819675087928772,0.7691398859024048,-0.037301406264305115,0.26462823152542114,0.6820904016494751,-0.04835549741983414,0.29008206725120544,0.6344223022460938,-0.059832680970430374,0.2677014470100403,0.8275286555290222,-0.0804637148976326,0.28961417078971863,0.6865954399108887,-0.10163538157939911,0.30281564593315125,0.5959511399269104,-0.10739947855472565,0.312086820602417,0.5291836857795715,-0.10855098068714142,0.31498831510543823,0.8560031652450562,-0.07831677049398422,0.33518412709236145,0.6960484385490417,-0.09771443903446198,0.34069809317588806,0.5917542576789856,-0.10166526585817337,0.34036287665367126,0.5181384086608887,-0.10457614064216614,0.35649701952934265,0.8619305491447449,-0.07232850790023804,0.3709421157836914,0.7030280232429504,-0.08629311621189117,0.36875805258750916,0.6023624539375305,-0.08877068758010864,0.3612430989742279,0.535262942314148,-0.0895855650305748,0.3885711133480072,0.8463002443313599,-0.06598752737045288,0.3905133605003357,0.7143479585647583,-0.07568229734897614,0.38355427980422974,0.6379491686820984,-0.07571891695261002,0.3742161989212036,0.5862436890602112,-0.07487218827009201,please
0.31584906578063965,0.9215389490127563,6.416111659746093e-07,0.2670782506465912,0.8590046167373657,-0.018330829218029976,0.2522178292274475,0.7596696019172668,-0.037279240787029266,0.27083200216293335,0.6780713200569153,-0.049839068204164505,0.2955193817615509,0.6306360960006714,-0.06273943185806274,0.25834447145462036,0.8130261898040771,-0.07620827853679657,0.2794496417045593,0.6707900166511536,-0.09869460761547089,0.29373565316200256,0.5797004699707031,-0.10533797740936279,0.3049883246421814,0.51468425989151,-0.10671672224998474,0.3041526973247528,0.8434567451477051,-0.07634451240301132,0.3242795467376709,0.6817604303359985,-0.09676836431026459,0.33160144090652466,0.577272891998291,-0.10167860984802246,0.33309638500213623,0.5060730576515198,-0.10475645214319229,0.346928209066391,0.8544235229492188,-0.07315891236066818,0.36396434903144836,0.6928681135177612,-0.08913680166006088,0.3630940020084381,0.5922737717628479,-0.0919145792722702,0.3552611768245697,0.5257043838500977,-0.09232907742261887,0.38130873441696167,0.8450092077255249,-0.06955438107252121,0.38344302773475647,0.7125223875045776,-0.08084291964769363,0.3792356252670288,0.6324280500411987,-0.08061181753873825,0.37200385332107544,0.5755628943443298,-0.07892613112926483,please
0.30787041783332825,0.8805177807807922,7.198141247499734e-07,0.2582986354827881,0.8215669989585876,-0.015758225694298744,0.24001923203468323,0.7252631187438965,-0.03679007291793823,0.2550506889820099,0.6338664889335632,-0.05128675326704979,0.276590496301651,0.5819488763809204,-0.06665411591529846,0.24163983762264252,0.7699223756790161,-0.08620505779981613,0.2656618654727936,0.6235123872756958,-0.11161112785339355,0.2788330912590027,0.533069908618927,-0.12067575752735138,0.2884922921657562,0.4658997058868408,-0.12382689118385315,0.29165828227996826,0.7963587045669556,-0.08695496618747711,0.30999624729156494,0.631292998790741,-0.11237087845802307,0.3117440938949585,0.5292780995368958,-0.11869852244853973,0.3078911304473877,0.4595095217227936,-0.12276320904493332,0.33554378151893616,0.797864556312561,-0.08309930562973022,0.34739023447036743,0.6340551376342773,-0.09946862608194351,0.33920153975486755,0.5330305099487305,-0.10192381590604782,0.32646849751472473,0.4684375524520874,-0.10264768451452255,0.36808884143829346,0.7806715369224548,-0.07871883362531662,0.3655916154384613,0.646170437335968,-0.08757509291172028,0.3529473841190338,0.5691405534744263,-0.08698803931474686,0.3397738039493561,0.5164411067962646,-0.0857437252998352,please
0.30485808849334717,0.891866147518158,7.43430177863047e-07,0.25577154755592346,0.8326188325881958,-0.017122045159339905,0.2372165322303772,0.7347282767295837,-0.0394137017428875,0.253592848777771,0.642646312713623,-0.05489274859428406,0.27528852224349976,0.5888187289237976,-0.0716615542769432,0.23734360933303833,0.777004599571228,-0.09090621769428253,0.2583964169025421,0.6319552659988403,-0.11967593431472778,0.27277040481567383,0.5384457111358643,-0.131742924451828,0.2836064398288727,0.468339741230011,-0.13683374226093292,0.28620874881744385,0.8020250797271729,-0.09132155776023865,0.30069050192832947,0.6422103643417358,-0.12070891261100769,0.3051380515098572,0.5351049900054932,-0.1304621547460556,0.3037705719470978,0.4565334916114807,-0.13674183189868927,0.3301604092121124,0.8033496141433716,-0.08692632615566254,0.3383263647556305,0.6451027989387512,-0.10680163651704788,0.33268824219703674,0.541084349155426,-0.1115361824631691,0.3224434554576874,0.47011446952819824,-0.11356064677238464,0.36256328225135803,0.7855318784713745,-0.08186863362789154,0.35891202092170715,0.6537676453590393,-0.0933820828795433,0.3476621210575104,0.5767441391944885,-0.09410318732261658,0.3366714417934418,0.5212389826774597,-0.09361964464187622,please
0.30135026574134827,0.8863300085067749,7.886798698564235e-07,0.252541184425354,0.8278936743736267,-0.017684388905763626,0.23393741250038147,0.728899359703064,-0.04093319550156593,0.25092852115631104,0.6383731365203857,-0.05811546370387077,0.2739122211933136,0.5866069793701172,-0.07643973082304001,0.22768035531044006,0.7759528160095215,-0.08817252516746521,0.2521747946739197,0.6242064237594604,-0.11705809831619263,0.26741930842399597,0.5308504104614258,-0.1291801482439041,0.27931293845176697,0.45962512493133545,-0.13440075516700745,0.27757105231285095,0.8033766746520996,-0.08955945819616318,0.29352036118507385,0.6357890963554382,-0.1180291622877121,0.2986118495464325,0.5295884609222412,-0.12621235847473145,0.29897961020469666,0.4550860524177551,-0.13172167539596558,0.3224773108959198,0.8064795732498169,-0.08703774958848953,0.3341948688030243,0.6397679448127747,-0.1062418669462204,0.32961514592170715,0.5368019938468933,-0.10976502299308777,0.3205619752407074,0.47080934047698975,-0.11103664338588715,0.3567747473716736,0.7883516550064087,-0.08433695882558823,0.35342082381248474,0.6498064994812012,-0.09483709186315536,0.34148573875427246,0.5716895461082458,-0.09517171233892441,0.32925814390182495,0.5183577537536621,-0.09487553685903549,please
0.3049246072769165,0.8581640720367432,8.059834044615855e-07,0.2542196810245514,0.8055613040924072,-0.021424569189548492,0.2351047694683075,0.7094261646270752,-0.046789851039648056,0.25340279936790466,0.6172811388969421,-0.06480906158685684,0.2786407768726349,0.5648339986801147,-0.08393007516860962,0.23106089234352112,0.761043906211853,-0.09619037806987762,0.25552430748939514,0.6087449789047241,-0.1250411570072174,0.2704869508743286,0.514362096786499,-0.13675911724567413,0.2817481756210327,0.4437166750431061,-0.14179500937461853,0.283844530582428,0.7844298481941223,-0.09485814720392227,0.2988201677799225,0.6220151782035828,-0.12398970127105713,0.30331313610076904,0.5161128640174866,-0.132683664560318,0.3024211525917053,0.4439411759376526,-0.13896223902702332,0.3290511965751648,0.7807232737541199,-0.08913512527942657,0.33802539110183716,0.6157890558242798,-0.10888320207595825,0.3295375108718872,0.511443018913269,-0.1137264221906662,0.3171439468860626,0.4472658038139343,-0.11620723456144333,0.3611847758293152,0.7549353837966919,-0.08320697396993637,0.3530932068824768,0.6188122630119324,-0.09336219727993011,0.3382560610771179,0.5460796356201172,-0.09394031763076782,0.3236863613128662,0.4990702271461487,-0.09415798634290695,please
0.3099804222583771,0.8483846187591553,6.996845058893086e-07,0.26422813534736633,0.7872666716575623,-0.014186897315084934,0.24955381453037262,0.6857897639274597,-0.031999606639146805,0.26605284214019775,0.592644453048706,-0.044436823576688766,0.28764575719833374,0.5394594073295593,-0.057340431958436966,0.24374014139175415,0.7302417159080505,-0.07409271597862244,0.2677503526210785,0.5798249244689941,-0.09759725630283356,0.28296661376953125,0.49050313234329224,-0.10523974150419235,0.29530996084213257,0.42698901891708374,-0.10680507868528366,0.2925238311290741,0.7582306265830994,-0.07519694417715073,0.30801424384117126,0.587921679019928,-0.09710250794887543,0.31266215443611145,0.48744696378707886,-0.10087188333272934,0.313318133354187,0.4194948077201843,-0.10289417952299118,0.33658552169799805,0.7616378664970398,-0.07283175736665726,0.3477672040462494,0.5955231189727783,-0.08720210194587708,0.34141966700553894,0.5007929801940918,-0.0864834189414978,0.33130770921707153,0.4414755403995514,-0.08461446315050125,0.37022316455841064,0.744193434715271,-0.07034340500831604,0.36654895544052124,0.6055387258529663,-0.07758651673793793,0.3558399975299835,0.5332748293876648,-0.07452274113893509,0.34502723813056946,0.48639848828315735,-0.07124187797307968,please
0.3111180365085602,0.8551057577133179,6.462141186602821e-07,0.2657921612262726,0.7938072681427002,-0.012219693511724472,0.25461193919181824,0.6955492496490479,-0.029333606362342834,0.2738608717918396,0.6104581952095032,-0.041120488196611404,0.2967073321342468,0.5629183650016785,-0.05341707542538643,0.25030139088630676,0.7313037514686584,-0.07356321811676025,0.2693442404270172,0.5849094390869141,-0.09795351326465607,0.2847219705581665,0.49579983949661255,-0.10704578459262848,0.29743561148643494,0.4316166639328003,-0.10971546918153763,0.29702094197273254,0.7569701671600342,-0.07559189945459366,0.31183966994285583,0.5928244590759277,-0.09875192493200302,0.31787848472595215,0.4916248917579651,-0.10498331487178802,0.31904420256614685,0.42160940170288086,-0.10865074396133423,0.34030768275260925,0.761952817440033,-0.07373128831386566,0.35116124153137207,0.6011157035827637,-0.08938863128423691,0.3451922535896301,0.5053056478500366,-0.09158631414175034,0.3352034389972687,0.4420604407787323,-0.09176453948020935,0.373543918132782,0.7486398220062256,-0.07126249372959137,0.37229329347610474,0.6166592240333557,-0.07958835363388062,0.36204031109809875,0.5440738201141357,-0.07801276445388794,0.35180649161338806,0.49316829442977905,-0.07580764591693878,please
0.31222131848335266,0.8584304451942444,7.212044579318899e-07,0.26542627811431885,0.797461986541748,-0.014518149197101593,0.24877119064331055,0.6995247602462769,-0.03430091217160225,0.26380133628845215,0.607874870300293,-0.04833409935235977,0.28497663140296936,0.5562537908554077,-0.0630418136715889,0.24281220138072968,0.744504451751709,-0.08016092330217361,0.2657209634780884,0.5983614921569824,-0.10695997625589371,0.2816290855407715,0.5068303942680359,-0.11804171651601791,0.29430633783340454,0.4401104748249054,-0.12223799526691437,0.29282692074775696,0.769899845123291,-0.08177448064088821,0.30891481041908264,0.6047057509422302,-0.1066962257027626,0.31359532475471497,0.5027867555618286,-0.11341515183448792,0.3125605285167694,0.4327027499675751,-0.11783373355865479,0.3377482295036316,0.7701137661933899,-0.07942406088113785,0.34777629375457764,0.6067694425582886,-0.09519252926111221,0.3400478959083557,0.5099080204963684,-0.09642457216978073,0.3280787169933319,0.448963463306427,-0.0962902083992958,0.3714723587036133,0.7506163120269775,-0.07684202492237091,0.36822158098220825,0.6157932877540588,-0.08474403619766235,0.35638317465782166,0.5427963733673096,-0.08283066004514694,0.34421369433403015,0.49392884969711304,-0.08060862123966217,please
0.3112887442111969,0.8533575534820557,7.235619818857231e-07,0.2642885446548462,0.790452778339386,-0.014547061175107956,0.2502688765525818,0.6893392205238342,-0.034733518958091736,0.26801130175590515,0.5998897552490234,-0.0492856428027153,0.2907832860946655,0.5503778457641602,-0.06482768803834915,0.24677234888076782,0.7359058856964111,-0.08206408470869064,0.2706725597381592,0.5907704830169678,-0.10723139345645905,0.2867793142795563,0.4998587369918823,-0.11616679280996323,0.2994349002838135,0.43418949842453003,-0.11882096529006958,0.29422783851623535,0.7678443789482117,-0.08349182456731796,0.31344932317733765,0.6023287177085876,-0.1065579503774643,0.320048987865448,0.49969059228897095,-0.11057549715042114,0.32147616147994995,0.43196165561676025,-0.11325246840715408,0.33745652437210083,0.7756518721580505,-0.08088960498571396,0.35410839319229126,0.6105613708496094,-0.09541507065296173,0.3489743769168854,0.5149880051612854,-0.09484554827213287,0.33938169479370117,0.4580230116844177,-0.09341631084680557,0.3711310029029846,0.7626737952232361,-0.078040711581707,0.37196025252342224,0.6239676475524902,-0.08508714288473129,0.3617255389690399,0.5489189624786377,-0.08234162628650665,0.3505575656890869,0.5011663436889648,-0.07956217229366302,please
0.3059536814689636,0.8590108156204224,7.526904255428235e-07,0.2596627175807953,0.7932184934616089,-0.017656516283750534,0.24528376758098602,0.6889461874961853,-0.0405561737716198,0.2624177932739258,0.5947821140289307,-0.057318706065416336,0.2857617437839508,0.5394778847694397,-0.07510979473590851,0.2373068928718567,0.7484529614448547,-0.08956950902938843,0.2628709077835083,0.6009809970855713,-0.11884500831365585,0.27966946363449097,0.5096907615661621,-0.13039720058441162,0.29222336411476135,0.44277626276016235,-0.13503199815750122,0.2862618863582611,0.7788497805595398,-0.09125059843063354,0.30375993251800537,0.6133633852005005,-0.1201595664024353,0.30907195806503296,0.509775698184967,-0.127518892288208,0.3084613084793091,0.43957751989364624,-0.13223426043987274,0.33118635416030884,0.7830583453178406,-0.08899841457605362,0.34300246834754944,0.618610680103302,-0.1081162840127945,0.3389360308647156,0.5165433883666992,-0.11022400110960007,0.3294954001903534,0.45182377099990845,-0.11055665463209152,0.3658010959625244,0.7659052610397339,-0.08664152026176453,0.36549240350723267,0.6314523816108704,-0.09698870778083801,0.35502752661705017,0.5530873537063599,-0.09679360687732697,0.34347671270370483,0.5007214546203613,-0.09606878459453583,please
0.30663344264030457,0.8588017821311951,7.466287570423447e-07,0.26027417182922363,0.7966434955596924,-0.016166038811206818,0.24515187740325928,0.6950597167015076,-0.03755822777748108,0.26253294944763184,0.6045198440551758,-0.05282016843557358,0.2848110795021057,0.5556466579437256,-0.06909861415624619,0.2387567162513733,0.7498496174812317,-0.08522870391607285,0.2658362090587616,0.6040724515914917,-0.11196104437112808,0.2829115390777588,0.5100328922271729,-0.12266873568296432,0.2955772876739502,0.44108855724334717,-0.1269986480474472,0.28942692279815674,0.78010493516922,-0.08651473373174667,0.3092550039291382,0.6163313388824463,-0.11207546293735504,0.3135611116886139,0.5140441060066223,-0.11876696348190308,0.31093093752861023,0.44566628336906433,-0.12347209453582764,0.33420366048812866,0.7841706275939941,-0.08352202922105789,0.34737429022789,0.6182442903518677,-0.10051381587982178,0.3395847976207733,0.5164363980293274,-0.1021035835146904,0.3260481655597687,0.4555041790008545,-0.10228922963142395,0.3680337071418762,0.7666134238243103,-0.08020161837339401,0.3655453324317932,0.6283827424049377,-0.08933985978364944,0.35138511657714844,0.5531575679779053,-0.08763409405946732,0.3357987403869629,0.5066430568695068,-0.08573979884386063,please
0.3049037754535675,0.8722553253173828,7.405768656099099e-07,0.25687795877456665,0.8141875863075256,-0.015778101980686188,0.23834174871444702,0.7187055945396423,-0.035895295441150665,0.2536388337612152,0.6304209232330322,-0.050284456461668015,0.27488449215888977,0.581131100654602,-0.06540049612522125,0.23573052883148193,0.7644222378730774,-0.07826726138591766,0.2580624520778656,0.6185709238052368,-0.10304509848356247,0.2724294662475586,0.5284387469291687,-0.11216066777706146,0.28364571928977966,0.4605196714401245,-0.11541207134723663,0.28531044721603394,0.7882835268974304,-0.07915826886892319,0.3009607493877411,0.6261975169181824,-0.10346614569425583,0.30567559599876404,0.5247061848640442,-0.1096438318490982,0.3049566149711609,0.45236697793006897,-0.1136055663228035,0.3289148509502411,0.7912151217460632,-0.07637058198451996,0.3388442397117615,0.6353578567504883,-0.09323866665363312,0.3343336582183838,0.5364102125167847,-0.09588316828012466,0.3243582844734192,0.4713435769081116,-0.0963662713766098,0.3619145452976227,0.7752295136451721,-0.0732378289103508,0.35770490765571594,0.6450837850570679,-0.08285527676343918,0.3474059998989105,0.5703473091125488,-0.08246145397424698,0.33605507016181946,0.5195857286453247,-0.08125302940607071,please
0.2938007116317749,0.8745687007904053,7.181160981417634e-07,0.24349722266197205,0.8264814019203186,-0.01966749131679535,0.21943360567092896,0.7284441590309143,-0.0407591238617897,0.23146913945674896,0.6321650147438049,-0.05584282428026199,0.25403571128845215,0.5719971656799316,-0.07166164368391037,0.2240578532218933,0.7589688301086426,-0.07818155735731125,0.24354775249958038,0.6212173700332642,-0.10493506491184235,0.2563888430595398,0.5333833694458008,-0.1169244721531868,0.2669235169887543,0.46502816677093506,-0.12276576459407806,0.27049630880355835,0.7768782377243042,-0.07837910950183868,0.28420332074165344,0.6247931122779846,-0.10351691395044327,0.2882912755012512,0.5268967747688293,-0.11224212497472763,0.28810712695121765,0.4531399607658386,-0.11853043735027313,0.3125859498977661,0.77799391746521,-0.0758119449019432,0.3183141350746155,0.6276782155036926,-0.09421100467443466,0.31336894631385803,0.5308390259742737,-0.10010934621095657,0.30486011505126953,0.4629875421524048,-0.10333234071731567,0.3453907072544098,0.7646133899688721,-0.07328992336988449,0.3394738435745239,0.6425309181213379,-0.08526429533958435,0.32955431938171387,0.5683092474937439,-0.0885392278432846,0.3193701207637787,0.5140339136123657,-0.09032595157623291,please
0.28442102670669556,0.899301290512085,7.505023518206144e-07,0.2366451621055603,0.8442756533622742,-0.016981948167085648,0.21458546817302704,0.7457191348075867,-0.038061317056417465,0.22565919160842896,0.6535719633102417,-0.053165558725595474,0.24507883191108704,0.5979551076889038,-0.06881529837846756,0.21372509002685547,0.7983027100563049,-0.08339709043502808,0.23373988270759583,0.6460682153701782,-0.11010070890188217,0.24605520069599152,0.553002119064331,-0.12018496543169022,0.2567673623561859,0.48346391320228577,-0.12385362386703491,0.263528436422348,0.821130633354187,-0.08410345762968063,0.2743673026561737,0.6538057327270508,-0.11006425321102142,0.27676159143447876,0.5497152805328369,-0.11666794121265411,0.27607324719429016,0.4763067364692688,-0.12090003490447998,0.30762094259262085,0.819777250289917,-0.08108190447092056,0.31409329175949097,0.6560177206993103,-0.09826008230447769,0.3077617883682251,0.5572915077209473,-0.10040053725242615,0.298376202583313,0.4923743009567261,-0.1007813960313797,0.34046685695648193,0.7987655401229858,-0.0779310017824173,0.33479413390159607,0.6654229760169983,-0.08669888228178024,0.32255372405052185,0.591937780380249,-0.08595330268144608,0.31099623441696167,0.5406237244606018,-0.08491485565900803,please
0.30581867694854736,0.8840792179107666,6.69788789764425e-07,0.25862088799476624,0.82825767993927,-0.014686536975204945,0.2351396679878235,0.7388222813606262,-0.033929817378520966,0.24350516498088837,0.652323305606842,-0.04898079112172127,0.2631568908691406,0.5984296798706055,-0.06459686905145645,0.2352292239665985,0.7632810473442078,-0.0650780126452446,0.253011018037796,0.6261109709739685,-0.08878090232610703,0.26596689224243164,0.5410003662109375,-0.09959903359413147,0.27659085392951965,0.4760955274105072,-0.10456649214029312,0.281130850315094,0.7786957621574402,-0.06766855716705322,0.29326412081718445,0.629033088684082,-0.08879207819700241,0.2982480227947235,0.5352869033813477,-0.09526877850294113,0.2987295389175415,0.4665217399597168,-0.09978543967008591,0.3230040967464447,0.7803233861923218,-0.0677558183670044,0.329739511013031,0.6333069801330566,-0.08227844536304474,0.3256833255290985,0.5438347458839417,-0.08362869173288345,0.31754815578460693,0.4854857921600342,-0.08367982506752014,0.3569197654724121,0.7689952254295349,-0.06803488731384277,0.35064566135406494,0.6498463153839111,-0.07578221708536148,0.34171250462532043,0.5800464153289795,-0.07424352318048477,0.33268991112709045,0.5329092741012573,-0.07242142409086227,please
0.32732704281806946,0.8775258660316467,5.562548608395446e-07,0.28120511770248413,0.8229827880859375,-0.014403306879103184,0.26633912324905396,0.7299022674560547,-0.03113192319869995,0.28113463521003723,0.6461334824562073,-0.043206170201301575,0.3025493025779724,0.5942186117172241,-0.05536456033587456,0.2725655138492584,0.7563968896865845,-0.06205848231911659,0.28842952847480774,0.6181089282035828,-0.08231238275766373,0.30047523975372314,0.5341989994049072,-0.08887740224599838,0.3090909421443939,0.47313323616981506,-0.09039491415023804,0.3139747381210327,0.7741732597351074,-0.06296779960393906,0.32785287499427795,0.6196390390396118,-0.08055979758501053,0.3319534361362457,0.5245593786239624,-0.08417149633169174,0.33064770698547363,0.4563750624656677,-0.08628278225660324,0.3528045415878296,0.7779388427734375,-0.06128367409110069,0.3603278398513794,0.6255553960800171,-0.07328789681196213,0.3561645746231079,0.5375496745109558,-0.07250938564538956,0.3470149338245392,0.4783225953578949,-0.07091755419969559,0.3843138813972473,0.7669857740402222,-0.05961480736732483,0.3816869854927063,0.6436095237731934,-0.0669776126742363,0.375027596950531,0.5724440813064575,-0.0647321566939354,0.36575809121131897,0.5224020481109619,-0.061864856630563736,please
0.34124428033828735,0.8773493766784668,6.788416726521973e-07,0.294322669506073,0.8129810690879822,-0.019958894699811935,0.27932778000831604,0.7073537111282349,-0.04131772369146347,0.2975766658782959,0.6183872222900391,-0.05579555407166481,0.31991812586784363,0.5665935277938843,-0.07127154618501663,0.2886568605899811,0.75081866979599,-0.08628951758146286,0.3150136470794678,0.6123303174972534,-0.11214407533407211,0.330319881439209,0.5244577527046204,-0.12152893096208572,0.340393602848053,0.45895618200302124,-0.1251537799835205,0.33360546827316284,0.7836114764213562,-0.08594530075788498,0.35635125637054443,0.6235580444335938,-0.11120402067899704,0.3627472519874573,0.5206083655357361,-0.11862979084253311,0.36197271943092346,0.4476259648799896,-0.12372218072414398,0.3743780553340912,0.7955780029296875,-0.08185040950775146,0.3924238383769989,0.6360347270965576,-0.09991735219955444,0.3893280327320099,0.5347083806991577,-0.10488750785589218,0.37909743189811707,0.4655771255493164,-0.10739271342754364,0.40473824739456177,0.788463294506073,-0.0774410218000412,0.4119384288787842,0.6563735604286194,-0.0902843251824379,0.40586575865745544,0.5760749578475952,-0.09310578554868698,0.39671754837036133,0.5200368165969849,-0.09420954436063766,please
0.3425392806529999,0.8810609579086304,7.186081347754225e-07,0.2933342754840851,0.818291962146759,-0.01749393530189991,0.2761135399341583,0.7201623916625977,-0.03725171834230423,0.2933887243270874,0.6352134346961975,-0.050780825316905975,0.3157317638397217,0.5869148969650269,-0.06509231775999069,0.2828652262687683,0.7535087466239929,-0.07682766020298004,0.3078373968601227,0.6140904426574707,-0.10127877444028854,0.3241156339645386,0.5254744291305542,-0.11125729233026505,0.3359467685222626,0.4615626037120819,-0.11494626104831696,0.3307056427001953,0.7763333916664124,-0.0762191191315651,0.3511376678943634,0.6190978288650513,-0.09771950542926788,0.35711467266082764,0.5211354494094849,-0.10345709323883057,0.3569783568382263,0.45309579372406006,-0.10748275369405746,0.3726431727409363,0.782103419303894,-0.07210653275251389,0.3869847357273102,0.626308262348175,-0.08687413483858109,0.3820144534111023,0.5353065729141235,-0.08836587518453598,0.3719857633113861,0.47892069816589355,-0.08831416815519333,0.403903603553772,0.7719477415084839,-0.0678146705031395,0.40507978200912476,0.6439822912216187,-0.07626672834157944,0.3963949680328369,0.572561502456665,-0.0747390165925026,0.38615813851356506,0.5284931659698486,-0.07256420701742172,please
0.3304385840892792,0.8759843111038208,6.960111136322666e-07,0.2846508026123047,0.8226402401924133,-0.02034333162009716,0.26790952682495117,0.7299216389656067,-0.04172663763165474,0.285054087638855,0.6476821303367615,-0.056834492832422256,0.3072100877761841,0.600104570388794,-0.07281360030174255,0.27739232778549194,0.750434935092926,-0.07996866106987,0.29833486676216125,0.6124072670936584,-0.10488035529851913,0.31295764446258545,0.5264575481414795,-0.11546523123979568,0.323589026927948,0.46273207664489746,-0.1201196238398552,0.3208531439304352,0.7721514105796814,-0.07876070588827133,0.33813682198524475,0.6241019368171692,-0.10207967460155487,0.344402015209198,0.5275232791900635,-0.10958756506443024,0.34547585248947144,0.458344966173172,-0.11502223461866379,0.36085057258605957,0.7791193723678589,-0.07440034300088882,0.3748319447040558,0.6334937810897827,-0.09081602096557617,0.3719332218170166,0.5441638231277466,-0.09439787268638611,0.36449989676475525,0.4860289990901947,-0.09594377875328064,0.3917810022830963,0.7700458765029907,-0.07019079476594925,0.3928477168083191,0.6473666429519653,-0.08188176155090332,0.38475504517555237,0.5775794982910156,-0.08355160057544708,0.37547385692596436,0.5323353409767151,-0.08363096415996552,please
0.31600797176361084,0.8947701454162598,6.19294894477207e-07,0.26878565549850464,0.8364862203598022,-0.013838352635502815,0.25566112995147705,0.7418954968452454,-0.03129066154360771,0.27376025915145874,0.6587101221084595,-0.04334617406129837,0.2963862121105194,0.6109245419502258,-0.05605605989694595,0.25764718651771545,0.7673030495643616,-0.06923545897006989,0.2786428928375244,0.6298561692237854,-0.09086648374795914,0.2914096713066101,0.5423141121864319,-0.09841185808181763,0.30074894428253174,0.47968000173568726,-0.10042187571525574,0.301673948764801,0.7917651534080505,-0.07039135694503784,0.31871652603149414,0.6361144781112671,-0.08925706148147583,0.32342687249183655,0.5373374223709106,-0.09358561038970947,0.32317304611206055,0.4690074026584625,-0.09652315080165863,0.34226930141448975,0.799554705619812,-0.06816497445106506,0.35428664088249207,0.6444673538208008,-0.08104393631219864,0.3492048680782318,0.5513341426849365,-0.0820012241601944,0.3394526243209839,0.4908710718154907,-0.08182568848133087,0.3741975426673889,0.7917957305908203,-0.06555090099573135,0.3745253384113312,0.6655787229537964,-0.0731232538819313,0.3665531277656555,0.5930516719818115,-0.07124760746955872,0.3565882444381714,0.5428450107574463,-0.0688198134303093,please
0.3101682662963867,0.9027934074401855,7.4956449225283e-07,0.2657037377357483,0.8437663912773132,-0.016574177891016006,0.25058498978614807,0.7407958507537842,-0.0375046469271183,0.2671889066696167,0.6473750472068787,-0.05281989648938179,0.2902313470840454,0.5951035618782043,-0.06884526461362839,0.2424851953983307,0.7881551384925842,-0.08058962225914001,0.26400402188301086,0.6359565854072571,-0.10638752579689026,0.2790853977203369,0.5419468283653259,-0.11633764952421188,0.29082366824150085,0.47400838136672974,-0.12001658976078033,0.29085487127304077,0.8149498701095581,-0.08213295042514801,0.30752405524253845,0.6470082402229309,-0.10676682740449905,0.3124840259552002,0.5433489680290222,-0.1130860224366188,0.3118142783641815,0.4735165536403656,-0.11732013523578644,0.3356195092201233,0.8186569809913635,-0.08021020889282227,0.3477942943572998,0.6523610353469849,-0.0960092693567276,0.3423367142677307,0.5519038438796997,-0.0979667380452156,0.332001268863678,0.48803532123565674,-0.09855982661247253,0.370351105928421,0.8020504117012024,-0.07827968150377274,0.3699140250682831,0.6659128069877625,-0.08634695410728455,0.3596380949020386,0.5902215838432312,-0.08549725264310837,0.3478442132472992,0.5391861796379089,-0.0844944640994072,please
0.3217781186103821,0.8979748487472534,6.68658401536959e-07,0.27851957082748413,0.8396347761154175,-0.014894520863890648,0.26398608088493347,0.7425812482833862,-0.03379548341035843,0.2804720401763916,0.6546647548675537,-0.04736342281103134,0.30290600657463074,0.6080307960510254,-0.061467017978429794,0.2608787417411804,0.7792844176292419,-0.07516051083803177,0.27905339002609253,0.6352139711380005,-0.09989173710346222,0.2932986617088318,0.5442278981208801,-0.10971995443105698,0.30502569675445557,0.4788880944252014,-0.11330842971801758,0.30807119607925415,0.8011623024940491,-0.07661077380180359,0.32179009914398193,0.6434774398803711,-0.09916916489601135,0.3261120617389679,0.5416339635848999,-0.10585984587669373,0.3260859251022339,0.4708136022090912,-0.11030831933021545,0.35140639543533325,0.802685558795929,-0.07453009486198425,0.3609675168991089,0.649688720703125,-0.08939498662948608,0.35602059960365295,0.555112898349762,-0.09147634357213974,0.3472006916999817,0.4945286512374878,-0.09180035442113876,0.3848191201686859,0.7863673567771912,-0.0723467543721199,0.3815951943397522,0.6608344912528992,-0.08060108125209808,0.3700903654098511,0.5899201035499573,-0.0795983150601387,0.3581744134426117,0.5426852703094482,-0.0778447613120079,please
0.32949352264404297,0.8868427872657776,7.354186095653859e-07,0.2830882668495178,0.8249048590660095,-0.018038515001535416,0.26537227630615234,0.7308276891708374,-0.04055660963058472,0.2800741493701935,0.6468794345855713,-0.056593507528305054,0.2989986836910248,0.5968265533447266,-0.07313451170921326,0.2679958939552307,0.7777687311172485,-0.08731110394001007,0.2903631329536438,0.6349291801452637,-0.11656614392995834,0.3067431151866913,0.542022705078125,-0.12932088971138,0.31981414556503296,0.4724976420402527,-0.13466383516788483,0.3148973286151886,0.8056300282478333,-0.08763568103313446,0.3330519199371338,0.6454039812088013,-0.11558748036623001,0.33997276425361633,0.5423093438148499,-0.12398319691419601,0.34128451347351074,0.46854209899902344,-0.12938475608825684,0.3571285605430603,0.8087956309318542,-0.08379727602005005,0.3705858290195465,0.6495687365531921,-0.10203352570533752,0.36650145053863525,0.5536278486251831,-0.10344616323709488,0.35779109597206116,0.49090272188186646,-0.10324908047914505,0.38850006461143494,0.7912784218788147,-0.07982829213142395,0.38952499628067017,0.6601125001907349,-0.08990941196680069,0.3812369704246521,0.5852779150009155,-0.08847028017044067,0.3726809620857239,0.5331136584281921,-0.0864550992846489,please
0.32227081060409546,0.8813711404800415,6.813566528762749e-07,0.2766704559326172,0.8278826475143433,-0.01722581870853901,0.25835204124450684,0.7358193397521973,-0.03814825415611267,0.2734449505805969,0.6513671875,-0.05352069064974785,0.2964385449886322,0.6027464866638184,-0.06956516206264496,0.26153600215911865,0.7743820548057556,-0.0787150114774704,0.278975248336792,0.6294190287590027,-0.10439521819353104,0.29409950971603394,0.5409219264984131,-0.11408116668462753,0.30666646361351013,0.4772178530693054,-0.11742498725652695,0.3057968318462372,0.7941327095031738,-0.0794466882944107,0.3197198212146759,0.6328225135803223,-0.1029159426689148,0.32604238390922546,0.5358502864837646,-0.10847647488117218,0.3277018964290619,0.4694175720214844,-0.1118917465209961,0.3472466766834259,0.7951505184173584,-0.0769442766904831,0.35550573468208313,0.6390307545661926,-0.09260314702987671,0.3527070879936218,0.548600971698761,-0.09370160102844238,0.34600692987442017,0.4906308054924011,-0.09349068999290466,0.37971052527427673,0.7798382639884949,-0.07449626922607422,0.3785438537597656,0.653244137763977,-0.08391806483268738,0.37272924184799194,0.5801090002059937,-0.08358140289783478,0.36577415466308594,0.5293625593185425,-0.08252649009227753,please
0.3035125434398651,0.886810302734375,6.504906195914373e-07,0.2552422285079956,0.8273157477378845,-0.013874426484107971,0.2404053658246994,0.7285445928573608,-0.03193055838346481,0.2576737701892853,0.6383946537971497,-0.04468484967947006,0.2807478606700897,0.5890499949455261,-0.058297302573919296,0.24162369966506958,0.7598530054092407,-0.07199541479349136,0.2619337737560272,0.619376003742218,-0.09362717717885971,0.27597278356552124,0.5330590009689331,-0.10080660879611969,0.28623872995376587,0.47067970037460327,-0.1026073470711708,0.2884692847728729,0.7817625999450684,-0.0730799213051796,0.30328381061553955,0.6297147870063782,-0.09336782246828079,0.3075190782546997,0.5337894558906555,-0.09778779000043869,0.3062944710254669,0.46673303842544556,-0.10048168152570724,0.33098775148391724,0.78577721118927,-0.07050615549087524,0.3392728567123413,0.6365070939064026,-0.08409437537193298,0.3344879448413849,0.5469827651977539,-0.08451654016971588,0.3256492614746094,0.4884280562400818,-0.08355167508125305,0.3639988601207733,0.7737938165664673,-0.0675547793507576,0.3592366576194763,0.6513466238975525,-0.07440394908189774,0.34918102622032166,0.5817233920097351,-0.07193553447723389,0.3390515148639679,0.5342985987663269,-0.06903678923845291,please
0.30800861120224,0.8932502865791321,6.468110314017395e-07,0.2619127333164215,0.8334043025970459,-0.01298874244093895,0.2455395758152008,0.7342930436134338,-0.030560540035367012,0.2608025074005127,0.6444962620735168,-0.04357857629656792,0.28243786096572876,0.594717800617218,-0.05713042616844177,0.24357876181602478,0.7708085775375366,-0.06876190751791,0.2634481191635132,0.6282034516334534,-0.09116478264331818,0.2773662805557251,0.5414378643035889,-0.09918118268251419,0.2874775230884552,0.4775030016899109,-0.10162953287363052,0.2895241975784302,0.7953406572341919,-0.07135967165231705,0.30600571632385254,0.6355406045913696,-0.09236788749694824,0.3109738826751709,0.5381379127502441,-0.09740246087312698,0.309760719537735,0.4702721834182739,-0.1005178913474083,0.33180350065231323,0.8000212907791138,-0.07069630920886993,0.3449457585811615,0.6433101892471313,-0.08502218127250671,0.341495543718338,0.5508314371109009,-0.08612371236085892,0.3316187560558319,0.4912784695625305,-0.08567150682210922,0.365347295999527,0.7872472405433655,-0.06984807550907135,0.3645128309726715,0.656336784362793,-0.07756330072879791,0.3555123805999756,0.5852633714675903,-0.07575960457324982,0.3440004885196686,0.538947582244873,-0.07347528636455536,please
0.3331455886363983,0.8805211782455444,5.501410100805515e-07,0.2871796786785126,0.8237829804420471,-0.017775041982531548,0.2705623507499695,0.7330488562583923,-0.036944594234228134,0.28593015670776367,0.6500065922737122,-0.05073237791657448,0.3066832721233368,0.5966969132423401,-0.06501007825136185,0.27997374534606934,0.7463939785957336,-0.07105555385351181,0.29817116260528564,0.6163297891616821,-0.09629254788160324,0.31035345792770386,0.5351418256759644,-0.1074892207980156,0.31937646865844727,0.4738897681236267,-0.11247830092906952,0.32163140177726746,0.7648727893829346,-0.0712386816740036,0.33620718121528625,0.6272748112678528,-0.09498017281293869,0.34059733152389526,0.5354208946228027,-0.10306005924940109,0.340670645236969,0.4670286178588867,-0.10814232379198074,0.36011505126953125,0.7720795273780823,-0.06871701031923294,0.36795780062675476,0.6332342028617859,-0.08572425693273544,0.36408960819244385,0.5474385023117065,-0.08803676068782806,0.35708925127983093,0.4882062077522278,-0.08816879987716675,0.39103779196739197,0.7649617195129395,-0.06630457937717438,0.38844096660614014,0.650776743888855,-0.07745271921157837,0.381326824426651,0.5811870098114014,-0.0775182694196701,0.37402278184890747,0.5321975946426392,-0.07599891722202301,please
0.3354153633117676,0.878932774066925,7.234814916046162e-07,0.28784167766571045,0.8159899711608887,-0.018568653613328934,0.27344590425491333,0.7167421579360962,-0.040657926350831985,0.29404398798942566,0.6342915892601013,-0.05621929094195366,0.31948423385620117,0.5897213220596313,-0.0728069469332695,0.2805554270744324,0.7661778330802917,-0.08737398684024811,0.3053783178329468,0.6279036998748779,-0.11350475251674652,0.32054463028907776,0.5392618179321289,-0.1232195794582367,0.3317401707172394,0.4730831980705261,-0.12703156471252441,0.3260633051395416,0.7988595962524414,-0.08738542348146439,0.3485206663608551,0.6415088176727295,-0.11215467005968094,0.35477715730667114,0.5406666398048401,-0.11801733821630478,0.3549216091632843,0.4705290198326111,-0.1223871186375618,0.36705783009529114,0.8091443777084351,-0.08346264809370041,0.38676151633262634,0.6508722901344299,-0.1006140261888504,0.3830299377441406,0.5563417673110962,-0.1031755805015564,0.3728668987751007,0.4952601492404938,-0.1042761579155922,0.39795055985450745,0.7995741367340088,-0.07928577065467834,0.40439340472221375,0.6685658097267151,-0.09053584188222885,0.3981464207172394,0.5929178595542908,-0.0915115624666214,0.38910526037216187,0.5408593416213989,-0.09161493182182312,please
0.324576735496521,0.887126088142395,6.84726160216087e-07,0.2764057219028473,0.8326404094696045,-0.01426094863563776,0.2587438225746155,0.7399480938911438,-0.0328075997531414,0.2749965786933899,0.6560181975364685,-0.045930564403533936,0.2985197603702545,0.6094709634780884,-0.059321753680706024,0.25921720266342163,0.7737122178077698,-0.07108494639396667,0.2821405827999115,0.6371352076530457,-0.0945507064461708,0.2968653440475464,0.5483425259590149,-0.10364814847707748,0.3094082176685333,0.4838082194328308,-0.10701577365398407,0.30640169978141785,0.7934513092041016,-0.07233494520187378,0.32488176226615906,0.640419602394104,-0.09342890232801437,0.33034226298332214,0.544664204120636,-0.09857947379350662,0.3314942419528961,0.4790099263191223,-0.10216120630502701,0.3478577733039856,0.7940713763237,-0.07031358033418655,0.36017942428588867,0.6424352526664734,-0.08436158299446106,0.35497766733169556,0.5519983768463135,-0.08599243313074112,0.34535807371139526,0.49506425857543945,-0.08638507127761841,0.3795318603515625,0.7789091467857361,-0.06807798892259598,0.38058918714523315,0.6558936238288879,-0.07626263797283173,0.37173378467559814,0.5865734219551086,-0.07575531303882599,0.36072325706481934,0.5388728976249695,-0.07455594837665558,please
0.3136540949344635,0.9001495242118835,6.731096391376923e-07,0.26819363236427307,0.8444496989250183,-0.01559213362634182,0.25166434049606323,0.7460054755210876,-0.03487663343548775,0.2665325105190277,0.6579186916351318,-0.04855870082974434,0.28805842995643616,0.605185866355896,-0.06300338357686996,0.2537887692451477,0.7905943393707275,-0.07759632915258408,0.2722110152244568,0.6515876054763794,-0.10322581231594086,0.28665223717689514,0.5613095164299011,-0.11290830373764038,0.29889342188835144,0.49439358711242676,-0.1164625734090805,0.2984752058982849,0.8135051727294922,-0.07930072396993637,0.31375861167907715,0.6569539308547974,-0.10358461737632751,0.31943532824516296,0.5567178130149841,-0.11008866131305695,0.3208634555339813,0.485027015209198,-0.11428240686655045,0.3399134576320648,0.8162268996238708,-0.077574722468853,0.349894642829895,0.6643136143684387,-0.09431599080562592,0.3469470739364624,0.570996880531311,-0.0969947874546051,0.3400592505931854,0.5075975060462952,-0.09781285375356674,0.37220853567123413,0.8019941449165344,-0.07563018798828125,0.37335240840911865,0.6775991916656494,-0.08606666326522827,0.3667149841785431,0.604733943939209,-0.08669369667768478,0.35905909538269043,0.5522933006286621,-0.08627630025148392,please
0.30928903818130493,0.906432032585144,7.608295504724083e-07,0.262124240398407,0.8482152223587036,-0.017386361956596375,0.24489611387252808,0.754108726978302,-0.03911014273762703,0.26189783215522766,0.6678611040115356,-0.054662931710481644,0.2840571701526642,0.6169151067733765,-0.07092553377151489,0.24307405948638916,0.7979762554168701,-0.08297929912805557,0.26564085483551025,0.6497772336006165,-0.10990272462368011,0.28121405839920044,0.5570242404937744,-0.12067291885614395,0.2935517430305481,0.4888943135738373,-0.12451887130737305,0.29122087359428406,0.820390522480011,-0.0832088440656662,0.3085997402667999,0.658327043056488,-0.10917007178068161,0.314590185880661,0.5564823746681213,-0.11643807590007782,0.3149074912071228,0.48420318961143494,-0.12089572846889496,0.33410748839378357,0.8197533488273621,-0.07949549704790115,0.3459370732307434,0.6609510183334351,-0.09616506844758987,0.3417525291442871,0.5657947063446045,-0.0976921021938324,0.33273231983184814,0.5039124488830566,-0.0975756123661995,0.36552664637565613,0.8008130788803101,-0.07567625492811203,0.3654451072216034,0.6711511015892029,-0.08408068120479584,0.35627803206443787,0.5999814867973328,-0.08227833360433578,0.3460834324359894,0.5509336590766907,-0.08008098602294922,please
0.3157818615436554,0.902887225151062,7.297060733435501e-07,0.26915743947029114,0.8438052535057068,-0.016531703993678093,0.2521919310092926,0.7425230145454407,-0.0376424640417099,0.2677985429763794,0.6480911374092102,-0.05256357416510582,0.2915979027748108,0.5958572030067444,-0.06807336211204529,0.2536347806453705,0.7976395487785339,-0.08336886763572693,0.2712693214416504,0.6437016725540161,-0.10857647657394409,0.28424420952796936,0.5491756200790405,-0.11712633818387985,0.2957141399383545,0.4819464385509491,-0.1193823367357254,0.3031097650527954,0.8204473853111267,-0.08357270807027817,0.3143785893917084,0.6494105458259583,-0.10641875863075256,0.317923367023468,0.5463440418243408,-0.1103159710764885,0.318540096282959,0.47813084721565247,-0.11273404210805893,0.34622976183891296,0.8182297348976135,-0.07985321432352066,0.3516291081905365,0.652617871761322,-0.09328382462263107,0.34428247809410095,0.5596432685852051,-0.09183023124933243,0.3349665701389313,0.5031925439834595,-0.09009043872356415,0.3777601420879364,0.7967684864997864,-0.07617253065109253,0.3721500039100647,0.6637802124023438,-0.08158916980028152,0.36102744936943054,0.5929017066955566,-0.07813040167093277,0.35081946849823,0.5461317300796509,-0.07524672895669937,please
0.31600138545036316,0.9030807018280029,7.582801799799199e-07,0.2682991027832031,0.8416541814804077,-0.01742491126060486,0.25253522396087646,0.7430694103240967,-0.03965400904417038,0.2706637978553772,0.6553987264633179,-0.055696092545986176,0.2945045530796051,0.6072220206260681,-0.0725921168923378,0.25351861119270325,0.793578565120697,-0.08804690837860107,0.2742428779602051,0.6462467908859253,-0.1160181313753128,0.2903866171836853,0.5533090829849243,-0.12671473622322083,0.30364567041397095,0.48511695861816406,-0.13047626614570618,0.30108946561813354,0.8222401738166809,-0.08911217004060745,0.318494588136673,0.6577762365341187,-0.1161869689822197,0.32437318563461304,0.5538440942764282,-0.12286104261875153,0.32515189051628113,0.4824305474758148,-0.1269482523202896,0.34455156326293945,0.8265543580055237,-0.08605628460645676,0.3585495352745056,0.6648402810096741,-0.10332706570625305,0.354522168636322,0.569787323474884,-0.10438352078199387,0.3458510935306549,0.5107114315032959,-0.10384505242109299,0.37784698605537415,0.8101967573165894,-0.08293652534484863,0.3793586194515228,0.6744746565818787,-0.09202633053064346,0.3704436421394348,0.5990505814552307,-0.09055308252573013,0.3607132136821747,0.5482855439186096,-0.08857565373182297,please
0.32278671860694885,0.893474817276001,7.725465138719301e-07,0.27066972851753235,0.8358577489852905,-0.0167095810174942,0.2516528069972992,0.7397093772888184,-0.037437595427036285,0.2690397799015045,0.6490450501441956,-0.051854077726602554,0.2947976291179657,0.599003791809082,-0.06684492528438568,0.2566162943840027,0.7943937182426453,-0.08296605944633484,0.2788013815879822,0.6446197628974915,-0.10834203660488129,0.2927617132663727,0.5509634017944336,-0.11752001196146011,0.3056230843067169,0.48223695158958435,-0.12054822593927383,0.30676859617233276,0.8142003417015076,-0.08244471997022629,0.32064956426620483,0.6529058814048767,-0.10668830573558807,0.32595300674438477,0.5493361949920654,-0.11146115511655807,0.3286261558532715,0.4783615171909332,-0.11451750248670578,0.34955310821533203,0.8104210495948792,-0.07793370634317398,0.3578100800514221,0.6527464389801025,-0.09296263754367828,0.3518456220626831,0.559930682182312,-0.09278344362974167,0.3434722423553467,0.5033890604972839,-0.09148585051298141,0.38090407848358154,0.7881543636322021,-0.07341749966144562,0.3780765235424042,0.6588941216468811,-0.08017487823963165,0.36676931381225586,0.5889185667037964,-0.07791753113269806,0.3554936349391937,0.5444673299789429,-0.07557743042707443,please
0.3188762962818146,0.8861992955207825,6.853619538560451e-07,0.2716875374317169,0.8277642726898193,-0.01808333210647106,0.2565675973892212,0.7328780889511108,-0.040309205651283264,0.2742965519428253,0.6486756801605225,-0.0549863800406456,0.2980681359767914,0.6003878712654114,-0.07037921249866486,0.2605572044849396,0.7865535020828247,-0.09337689727544785,0.2803448736667633,0.643273115158081,-0.12055674195289612,0.2942364811897278,0.5501797199249268,-0.12999507784843445,0.30657491087913513,0.48222750425338745,-0.13288401067256927,0.30884015560150146,0.8141664266586304,-0.09287276118993759,0.3253174126148224,0.6536723971366882,-0.11949148774147034,0.3279571235179901,0.5491526126861572,-0.1256432980298996,0.3265543580055237,0.47711074352264404,-0.12951162457466125,0.3518766462802887,0.8157232999801636,-0.08754691481590271,0.36311790347099304,0.6561815142631531,-0.10437949746847153,0.35536664724349976,0.5589454174041748,-0.10552754253149033,0.34501883387565613,0.49768978357315063,-0.10532283782958984,0.3838425278663635,0.7965555191040039,-0.08182594180107117,0.3809363543987274,0.6643446087837219,-0.0903509184718132,0.36823222041130066,0.5927850008010864,-0.08829713612794876,0.357048362493515,0.5438933372497559,-0.08606969565153122,please
0.3201996982097626,0.8935618996620178,7.796504633006407e-07,0.27257999777793884,0.8388577699661255,-0.018008511513471603,0.2534779906272888,0.7460100650787354,-0.04058585688471794,0.2684464752674103,0.6588210463523865,-0.056638456881046295,0.29162296652793884,0.6106499433517456,-0.07379992306232452,0.2570507228374481,0.7831853628158569,-0.08809764683246613,0.2773318290710449,0.6386153697967529,-0.11678004264831543,0.2924570143222809,0.5439207553863525,-0.12954019010066986,0.30512815713882446,0.4750424027442932,-0.13490597903728485,0.3056738078594208,0.8064885139465332,-0.08812310546636581,0.32207319140434265,0.6504413485527039,-0.11553972214460373,0.3272090256214142,0.5462604761123657,-0.12477367371320724,0.32770320773124695,0.4727613031864166,-0.13085313141345978,0.34884119033813477,0.80673748254776,-0.08367262035608292,0.357589989900589,0.6533629298210144,-0.10108400136232376,0.35116061568260193,0.5576906204223633,-0.10397706925868988,0.34191739559173584,0.4970845878124237,-0.10493247210979462,0.3803344964981079,0.7883738875389099,-0.07905346900224686,0.37715601921081543,0.6609184741973877,-0.08838389813899994,0.36598724126815796,0.5887688994407654,-0.08744406700134277,0.3558396100997925,0.5400537252426147,-0.08579595386981964,please
0.31594008207321167,0.8987717032432556,6.799526772738318e-07,0.2688329815864563,0.845939040184021,-0.014935980550944805,0.2495250552892685,0.7522509098052979,-0.034530919045209885,0.2635310888290405,0.6652795672416687,-0.04814748093485832,0.28564056754112244,0.6137967109680176,-0.062328699976205826,0.2520217299461365,0.7962644696235657,-0.08178550004959106,0.270273357629776,0.6584686636924744,-0.10914600640535355,0.2838764786720276,0.5673468708992004,-0.12060161679983139,0.2959505021572113,0.4996272325515747,-0.1254964917898178,0.29779937863349915,0.82087641954422,-0.08326885849237442,0.3124893307685852,0.6653408408164978,-0.1091114729642868,0.31787845492362976,0.5646315813064575,-0.11678941547870636,0.3189033269882202,0.49329566955566406,-0.12222649902105331,0.3396833837032318,0.8214060664176941,-0.0808277502655983,0.349857360124588,0.6671582460403442,-0.09813902527093887,0.34591442346572876,0.576183021068573,-0.10134147107601166,0.33805182576179504,0.518879771232605,-0.10269847512245178,0.3721771836280823,0.8024908304214478,-0.07803954184055328,0.37289589643478394,0.6760810017585754,-0.08878209441900253,0.36483651399612427,0.6041013598442078,-0.09017126262187958,0.3557191789150238,0.5533625483512878,-0.09039516001939774,please
0.3165944516658783,0.9122776985168457,7.334959377658379e-07,0.2695101499557495,0.8561028242111206,-0.014929467812180519,0.25233834981918335,0.7614724040031433,-0.03442882001399994,0.26907867193222046,0.674431562423706,-0.0483308844268322,0.29478150606155396,0.6242595911026001,-0.06288930028676987,0.2555038034915924,0.8000830411911011,-0.07811956852674484,0.2735462784767151,0.6561132669448853,-0.10442182421684265,0.28683558106422424,0.5645912885665894,-0.11577355116605759,0.2990078330039978,0.4969482719898224,-0.12041845172643661,0.30209168791770935,0.8223259449005127,-0.07912550866603851,0.31671708822250366,0.6662189960479736,-0.10412878543138504,0.32179784774780273,0.564401388168335,-0.11180168390274048,0.32371988892555237,0.49212929606437683,-0.11686137318611145,0.34416109323501587,0.8230401873588562,-0.07633461803197861,0.35365819931030273,0.6701371669769287,-0.09241142123937607,0.34936562180519104,0.579362154006958,-0.09494665265083313,0.34234949946403503,0.5211067199707031,-0.09549946337938309,0.37622907757759094,0.8050338625907898,-0.07336310297250748,0.37557801604270935,0.6773737668991089,-0.08212196081876755,0.3667721748352051,0.6079516410827637,-0.08169963210821152,0.35812345147132874,0.5595240592956543,-0.080436110496521,please
0.31885793805122375,0.9022110104560852,7.643851631655707e-07,0.27007728815078735,0.849094033241272,-0.018802640959620476,0.25164860486984253,0.7525390386581421,-0.0408853255212307,0.267074853181839,0.6626555919647217,-0.05598806217312813,0.2898057699203491,0.6100757122039795,-0.07190413773059845,0.25564080476760864,0.8000617027282715,-0.088828444480896,0.2742381989955902,0.6547809839248657,-0.11628123372793198,0.2874385416507721,0.5603913068771362,-0.12713609635829926,0.29974114894866943,0.4921206831932068,-0.1309380829334259,0.304479718208313,0.8222249746322632,-0.08791527152061462,0.3188430666923523,0.6601050496101379,-0.11374589055776596,0.32318437099456787,0.5556308031082153,-0.1200108453631401,0.3248703181743622,0.4851057231426239,-0.1238681823015213,0.3471842110157013,0.8213343024253845,-0.0828845351934433,0.35620638728141785,0.6647177934646606,-0.09926700592041016,0.3501755893230438,0.5731743574142456,-0.10042280703783035,0.3423004150390625,0.5178830027580261,-0.09996823966503143,0.3787368834018707,0.8022541403770447,-0.07778505235910416,0.3755388557910919,0.6717995405197144,-0.08599404245615005,0.36443305015563965,0.6025775671005249,-0.08437727391719818,0.3548876941204071,0.5575540065765381,-0.08233663439750671,please
0.31395214796066284,0.91228187084198,7.192790576482366e-07,0.2679412364959717,0.8514467477798462,-0.014510349370539188,0.2515830397605896,0.7513027787208557,-0.032850656658411026,0.2683880627155304,0.6632841229438782,-0.046155158430337906,0.29218536615371704,0.6153777241706848,-0.06033596023917198,0.2532542645931244,0.7941687107086182,-0.0735994353890419,0.27282974123954773,0.6535905003547668,-0.09914472699165344,0.2878580689430237,0.5601096749305725,-0.11047660559415817,0.30097171664237976,0.49146854877471924,-0.11507286131381989,0.2997500002384186,0.8204873204231262,-0.07571098953485489,0.3157156705856323,0.6624635457992554,-0.09901849180459976,0.3211438059806824,0.5602044463157654,-0.10634643584489822,0.3217166066169739,0.48785561323165894,-0.11102935671806335,0.3421694338321686,0.8253313302993774,-0.07435758411884308,0.35229238867759705,0.6689935922622681,-0.08965101838111877,0.34831851720809937,0.5748894214630127,-0.09169673174619675,0.3399660885334015,0.5148197412490845,-0.09173505008220673,0.3752910792827606,0.8116485476493835,-0.07292186468839645,0.37545350193977356,0.6802731156349182,-0.08141019940376282,0.36742570996284485,0.6059441566467285,-0.08025692403316498,0.35802987217903137,0.555910050868988,-0.07822412252426147,please
0.31610456109046936,0.9017373323440552,7.566963518002012e-07,0.26784294843673706,0.8433406352996826,-0.017668182030320168,0.24974536895751953,0.7472113370895386,-0.03888428211212158,0.2680331766605377,0.6591557860374451,-0.05413829907774925,0.29335153102874756,0.6109267473220825,-0.06992138922214508,0.253641277551651,0.7948530912399292,-0.0836913213133812,0.27344515919685364,0.6505319476127625,-0.11108720302581787,0.28814563155174255,0.5563861727714539,-0.12258388102054596,0.30126437544822693,0.48801180720329285,-0.12728644907474518,0.3009682297706604,0.8209658265113831,-0.08436974883079529,0.315958708524704,0.6645939350128174,-0.11139177531003952,0.32186323404312134,0.5596448183059692,-0.12013258785009384,0.3239138126373291,0.4860689342021942,-0.12579631805419922,0.34398186206817627,0.8223702907562256,-0.08115285634994507,0.3542322814464569,0.6659614443778992,-0.09907820075750351,0.3511022925376892,0.573020339012146,-0.10251393914222717,0.34465253353118896,0.51685631275177,-0.10344136506319046,0.3762300908565521,0.8037259578704834,-0.0779314711689949,0.373950332403183,0.6736574172973633,-0.08786849677562714,0.36358344554901123,0.6036607027053833,-0.08810383826494217,0.35372689366340637,0.5572959184646606,-0.08724495768547058,please
0.3206299841403961,0.9022986888885498,7.252217528730398e-07,0.27536025643348694,0.8478837609291077,-0.017123084515333176,0.2594292163848877,0.7489773035049438,-0.03742639720439911,0.2760807275772095,0.6579122543334961,-0.05207076668739319,0.30029919743537903,0.6084908843040466,-0.06731203198432922,0.2537940442562103,0.7914912700653076,-0.07849176228046417,0.27588000893592834,0.6422850489616394,-0.10338577628135681,0.2915912866592407,0.5512146949768066,-0.11294006556272507,0.30470043420791626,0.4858455955982208,-0.11613388359546661,0.3015178442001343,0.814250111579895,-0.07888848334550858,0.31780728697776794,0.6504586935043335,-0.10188508033752441,0.3226970136165619,0.5507683157920837,-0.10779735445976257,0.3235786259174347,0.4843195974826813,-0.11174438148736954,0.34514617919921875,0.8136788606643677,-0.07588144391775131,0.35624194145202637,0.6527984738349915,-0.09043531119823456,0.35142064094543457,0.5614892244338989,-0.09178337454795837,0.34303879737854004,0.5066630840301514,-0.09180980175733566,0.37862738966941833,0.7939574718475342,-0.07302894443273544,0.3770220875740051,0.6620038151741028,-0.07976328581571579,0.3674182593822479,0.5926555395126343,-0.07815922796726227,0.3575800359249115,0.5480369329452515,-0.07647394388914108,please
0.3235897123813629,0.8944026231765747,7.018177825557359e-07,0.2788099944591522,0.8399210572242737,-0.014682426117360592,0.25989240407943726,0.7445142865180969,-0.034198421984910965,0.27309685945510864,0.6560634970664978,-0.04782489314675331,0.2948176860809326,0.6056985855102539,-0.06207531690597534,0.26179349422454834,0.785856306552887,-0.07915922999382019,0.28087401390075684,0.6442645192146301,-0.10419920086860657,0.29579436779022217,0.5520374178886414,-0.11413180083036423,0.30893898010253906,0.4859735071659088,-0.11747699975967407,0.30849891901016235,0.8089227080345154,-0.08006435632705688,0.3247739374637604,0.6476277112960815,-0.1022367849946022,0.32928410172462463,0.5470739006996155,-0.10730639100074768,0.3295446038246155,0.47888025641441345,-0.11071310937404633,0.35064128041267395,0.8098183274269104,-0.07696018368005753,0.36256182193756104,0.6500479578971863,-0.09045658260583878,0.3560643792152405,0.560187578201294,-0.09011252969503403,0.34614109992980957,0.506260871887207,-0.0891115665435791,0.38281282782554626,0.7933077812194824,-0.07362839579582214,0.3830084800720215,0.6617951393127441,-0.0801624208688736,0.37390705943107605,0.5909456610679626,-0.07731438428163528,0.36398857831954956,0.5449647903442383,-0.07444795966148376,please
0.3245079219341278,0.9006531238555908,7.569783520011697e-07,0.27978214621543884,0.8412355780601501,-0.016079707071185112,0.2631593346595764,0.7432850003242493,-0.036793678998947144,0.27668285369873047,0.6575061082839966,-0.05147833004593849,0.29655084013938904,0.6085648536682129,-0.0670669823884964,0.26358944177627563,0.7911350727081299,-0.08306201547384262,0.28487053513526917,0.6485645174980164,-0.1100466176867485,0.3010638356208801,0.5526838302612305,-0.12115863710641861,0.31412747502326965,0.4825272262096405,-0.1252836138010025,0.3103230595588684,0.8206253051757812,-0.08428244292736053,0.3294302523136139,0.6558923721313477,-0.10931836068630219,0.3353060483932495,0.5486167073249817,-0.11604832857847214,0.3355788290500641,0.47551217675209045,-0.120445117354393,0.35320860147476196,0.8264452815055847,-0.08141454309225082,0.3690216541290283,0.665159285068512,-0.0973893329501152,0.36354440450668335,0.5655349493026733,-0.09842630475759506,0.35340672731399536,0.502477765083313,-0.09818807989358902,0.3857157230377197,0.8132278919219971,-0.07834324985742569,0.3883131742477417,0.6774126887321472,-0.08691602945327759,0.3789907693862915,0.6005222797393799,-0.08485104143619537,0.3686012029647827,0.5482738018035889,-0.08255357295274734,please
0.3262081742286682,0.8940941095352173,7.370147159235785e-07,0.2781927287578583,0.8413689136505127,-0.019529232755303383,0.25704485177993774,0.7532771825790405,-0.0424925871193409,0.26994386315345764,0.6714337468147278,-0.0587313249707222,0.2908004820346832,0.6227837204933167,-0.07571609318256378,0.2649998962879181,0.7880174517631531,-0.08709389716386795,0.2846561074256897,0.6508890390396118,-0.114934541285038,0.2988753616809845,0.5597324967384338,-0.1264951378107071,0.31129494309425354,0.49225950241088867,-0.13135628402233124,0.3116145133972168,0.8074375987052917,-0.08670416474342346,0.32839906215667725,0.6574596166610718,-0.11427336186170578,0.33378303050994873,0.5547202825546265,-0.12309317290782928,0.3351081907749176,0.48096367716789246,-0.12879957258701324,0.35376670956611633,0.8074938654899597,-0.08225349336862564,0.364329069852829,0.6581934094429016,-0.10108494013547897,0.3599216341972351,0.5645575523376465,-0.10407991707324982,0.35233405232429504,0.5043290853500366,-0.10473380237817764,0.3855144679546356,0.7906306385993958,-0.0776483416557312,0.3836193382740021,0.6661636829376221,-0.08912725746631622,0.37402239441871643,0.5949941277503967,-0.08926589041948318,0.36544257402420044,0.5471416115760803,-0.08811468631029129,please
0.3218221664428711,0.9025944471359253,7.557653134426801e-07,0.2773118019104004,0.8460375070571899,-0.01952436938881874,0.2591927945613861,0.7490176558494568,-0.042280253022909164,0.27189940214157104,0.6625506281852722,-0.05807008966803551,0.29014381766319275,0.6102458238601685,-0.0747680813074112,0.2583468556404114,0.7989470958709717,-0.09063440561294556,0.2811095714569092,0.6557641625404358,-0.11973217874765396,0.2960294783115387,0.5619891881942749,-0.13181330263614655,0.3079729974269867,0.49173587560653687,-0.13670720160007477,0.3050280511379242,0.8272806406021118,-0.09040886163711548,0.32401224970817566,0.6626471281051636,-0.1181659996509552,0.3299373686313629,0.5573415756225586,-0.1264410763978958,0.33052048087120056,0.48316144943237305,-0.13193818926811218,0.3479406535625458,0.8297262191772461,-0.0860559418797493,0.362314373254776,0.6688103079795837,-0.10391823202371597,0.3571222126483917,0.5707538723945618,-0.10651057213544846,0.347699910402298,0.5064589977264404,-0.10747217386960983,0.380329966545105,0.8117808103561401,-0.08162590116262436,0.38255009055137634,0.67829430103302,-0.09137257933616638,0.3740460276603699,0.6041166186332703,-0.09089300781488419,0.36525285243988037,0.5528228282928467,-0.08997077494859695,please
0.3181912899017334,0.9001322984695435,7.551178669018555e-07,0.2750157415866852,0.8437105417251587,-0.016290318220853806,0.2578195333480835,0.7520667910575867,-0.03824169933795929,0.27286410331726074,0.6697734594345093,-0.054052114486694336,0.2953251302242279,0.6245539784431458,-0.07086925208568573,0.253256618976593,0.7913944721221924,-0.08520610630512238,0.27526000142097473,0.6487255096435547,-0.1113727018237114,0.2918640971183777,0.5595623850822449,-0.12131967395544052,0.30592718720436096,0.4945283532142639,-0.1246989518404007,0.3002110421657562,0.8176081776618958,-0.0862504318356514,0.31967219710350037,0.6561532020568848,-0.110540971159935,0.3276689946651459,0.5570200681686401,-0.11617454141378403,0.3307958245277405,0.4904544949531555,-0.11977852880954742,0.34360432624816895,0.8225181102752686,-0.08302322775125504,0.35908231139183044,0.664038896560669,-0.09815986454486847,0.3570805788040161,0.5744525790214539,-0.09794851392507553,0.3503599166870117,0.5207653641700745,-0.09696931391954422,0.3771239221096039,0.8088831901550293,-0.07959569990634918,0.37703797221183777,0.6782316565513611,-0.0867423415184021,0.36705291271209717,0.6101005673408508,-0.08344794809818268,0.3570137619972229,0.5663972496986389,-0.08037807047367096,please
0.3190387487411499,0.8862918615341187,7.247840585478116e-07,0.2742564082145691,0.8329177498817444,-0.017872978001832962,0.25587719678878784,0.7420845031738281,-0.03934033587574959,0.268841952085495,0.6579632759094238,-0.05402253940701485,0.28972354531288147,0.6090531349182129,-0.06949516385793686,0.2569592595100403,0.785321831703186,-0.08815968036651611,0.2764478623867035,0.647193193435669,-0.11571373790502548,0.2914198040962219,0.557006299495697,-0.1267286092042923,0.3047165870666504,0.4911077916622162,-0.13088102638721466,0.30493947863578796,0.8111910223960876,-0.08802881091833115,0.32026490569114685,0.6542856693267822,-0.11388026177883148,0.3256969749927521,0.5528203248977661,-0.1209595575928688,0.326805055141449,0.4819680452346802,-0.12570121884346008,0.348524808883667,0.813796877861023,-0.0836264044046402,0.3605475425720215,0.6619244813919067,-0.10045097768306732,0.35534676909446716,0.5718803405761719,-0.10167818516492844,0.3464668393135071,0.5149810314178467,-0.1014745831489563,0.3811696469783783,0.7974637150764465,-0.07903745025396347,0.38009950518608093,0.6706913709640503,-0.08829829096794128,0.36968138813972473,0.6019992828369141,-0.08666570484638214,0.3598032295703888,0.5562495589256287,-0.08455675095319748,please
0.32065463066101074,0.8806154727935791,7.366725185420364e-07,0.27512404322624207,0.8210236430168152,-0.018568167462944984,0.25833702087402344,0.7257892489433289,-0.041285380721092224,0.2730166018009186,0.6380105018615723,-0.05739695206284523,0.2934703528881073,0.5852804183959961,-0.07401105016469955,0.2585098147392273,0.7796112298965454,-0.08977289497852325,0.2792026996612549,0.6322301030158997,-0.11838776618242264,0.2944453954696655,0.5399909019470215,-0.12919597327709198,0.30747321248054504,0.4727068543434143,-0.13252294063568115,0.30555787682533264,0.8065452575683594,-0.0896800085902214,0.3215159475803375,0.6389261484146118,-0.11682867258787155,0.32624202966690063,0.5359389781951904,-0.12268075346946716,0.3266083300113678,0.4670788049697876,-0.12582147121429443,0.34876272082328796,0.8065648078918457,-0.08544138818979263,0.35984480381011963,0.6434764266014099,-0.1022157296538353,0.35383573174476624,0.548568069934845,-0.10154112428426743,0.3441789746284485,0.48963692784309387,-0.09971630573272705,0.38091039657592773,0.7869604825973511,-0.08132091164588928,0.3807462751865387,0.6505813002586365,-0.0893387421965599,0.37122952938079834,0.5764694809913635,-0.0861981064081192,0.3613658547401428,0.5273787975311279,-0.08290472626686096,please
0.32502973079681396,0.8605046272277832,6.906897169756121e-07,0.28179287910461426,0.8065475821495056,-0.015544930472970009,0.26610079407691956,0.7117059826850891,-0.034423813223838806,0.28033584356307983,0.6238456964492798,-0.04747214913368225,0.3007774353027344,0.5768839120864868,-0.06097511574625969,0.26395612955093384,0.7543474435806274,-0.07572021335363388,0.2841968536376953,0.611967921257019,-0.09865915775299072,0.29850202798843384,0.5235595703125,-0.10622172057628632,0.31086334586143494,0.4595639705657959,-0.10790930688381195,0.3106684684753418,0.7790579199790955,-0.07579292356967926,0.32594990730285645,0.6194484233856201,-0.09606919437646866,0.33046138286590576,0.5215861797332764,-0.09908691048622131,0.3311893343925476,0.45488348603248596,-0.10095832496881485,0.3522750735282898,0.7819540500640869,-0.0723898857831955,0.36286622285842896,0.6275540590286255,-0.0849982351064682,0.35724785923957825,0.5376490354537964,-0.08350074291229248,0.3477907180786133,0.48179346323013306,-0.08152025192975998,0.384077250957489,0.7665091753005981,-0.06901762634515762,0.3817993402481079,0.6363522410392761,-0.0749063640832901,0.37236008048057556,0.5666761994361877,-0.07123320549726486,0.36165109276771545,0.5207194089889526,-0.0678132176399231,please
0.32444170117378235,0.8466284275054932,6.851707325949974e-07,0.27812352776527405,0.787059485912323,-0.014141027815639973,0.2615087926387787,0.6961976289749146,-0.03406430035829544,0.2763299345970154,0.6132158041000366,-0.0479830726981163,0.29758739471435547,0.5629132986068726,-0.06229888275265694,0.2694864869117737,0.7333564758300781,-0.07956656068563461,0.28864285349845886,0.5958125591278076,-0.10416912287473679,0.3031007945537567,0.5095816850662231,-0.11298248916864395,0.3154267966747284,0.4470236897468567,-0.11565378308296204,0.31448131799697876,0.7586356401443481,-0.07995562255382538,0.32945239543914795,0.603941798210144,-0.10299160331487656,0.33448949456214905,0.50699383020401,-0.10725479573011398,0.3351036608219147,0.4398362338542938,-0.10974776744842529,0.3537881374359131,0.7641735076904297,-0.07622035592794418,0.36539536714553833,0.6126459836959839,-0.09091925621032715,0.3607960641384125,0.5224372148513794,-0.09046592563390732,0.3521265983581543,0.46492594480514526,-0.08897776901721954,0.3827069401741028,0.7540706396102905,-0.07201451063156128,0.384776771068573,0.6271597743034363,-0.07992813736200333,0.3777354955673218,0.5559976100921631,-0.0775173008441925,0.369091659784317,0.5082385540008545,-0.07463029026985168,please
0.32751399278640747,0.8467894792556763,6.333496003207983e-07,0.2849321961402893,0.7892860174179077,-0.013504506088793278,0.27082401514053345,0.6928690671920776,-0.030556606128811836,0.28729236125946045,0.6082665324211121,-0.04213771969079971,0.3089600205421448,0.5605002641677856,-0.05434102937579155,0.2710955739021301,0.7266227006912231,-0.0713353157043457,0.29155129194259644,0.5903283357620239,-0.0938991978764534,0.3073118031024933,0.504502534866333,-0.10285528004169464,0.3201887905597687,0.4434165060520172,-0.10594798624515533,0.3164615333080292,0.7528261542320251,-0.0719754621386528,0.3327842056751251,0.6016157269477844,-0.09237399697303772,0.3388003408908844,0.5067347884178162,-0.09818714112043381,0.33933475613594055,0.44116055965423584,-0.10217408090829849,0.35753706097602844,0.7597219944000244,-0.0688881054520607,0.3687419891357422,0.6091436147689819,-0.08226490020751953,0.36428889632225037,0.5203765630722046,-0.08371103554964066,0.35532474517822266,0.4644836187362671,-0.0838901698589325,0.388227641582489,0.7486791610717773,-0.06538888812065125,0.3873705565929413,0.6241530179977417,-0.07283731549978256,0.37966203689575195,0.5545810461044312,-0.0713370218873024,0.3714980185031891,0.507591187953949,-0.06935098022222519,please
0.3313274681568146,0.8406131863594055,5.718580382563232e-07,0.2873910069465637,0.7849493026733398,-0.01284928247332573,0.2737038731575012,0.6897071599960327,-0.028877489268779755,0.2891809046268463,0.6060817837715149,-0.03986484184861183,0.31025853753089905,0.5565373301506042,-0.05120665580034256,0.277273029088974,0.7162777185440063,-0.0657697394490242,0.29915592074394226,0.5810605883598328,-0.08687682449817657,0.3136409521102905,0.5000022053718567,-0.09433984011411667,0.3240888714790344,0.4418318271636963,-0.09663557261228561,0.32001224160194397,0.7409987449645996,-0.06670777499675751,0.3371565341949463,0.5907774567604065,-0.08589070290327072,0.342687726020813,0.49893540143966675,-0.09068673849105835,0.3426121473312378,0.43466711044311523,-0.09388446807861328,0.35959863662719727,0.7485954761505127,-0.06452807039022446,0.3716740608215332,0.5998979806900024,-0.07798849791288376,0.3678421378135681,0.5105232000350952,-0.0800633504986763,0.35888975858688354,0.45062464475631714,-0.08065180480480194,0.39043182134628296,0.7394087910652161,-0.061906732618808746,0.3922232687473297,0.6175709366798401,-0.07071094214916229,0.38594189286231995,0.5477674603462219,-0.0706612765789032,0.3773122727870941,0.49812090396881104,-0.06960820406675339,please
0.3289451599121094,0.841960608959198,6.124941478446999e-07,0.28750672936439514,0.779870867729187,-0.014147100038826466,0.2768174707889557,0.6853393316268921,-0.031492073088884354,0.2940659523010254,0.6041465997695923,-0.043190039694309235,0.31507179141044617,0.5547791123390198,-0.05518780276179314,0.2784057855606079,0.7164628505706787,-0.07015087455511093,0.3029716908931732,0.5818989872932434,-0.09135330468416214,0.3171650171279907,0.5004814267158508,-0.09832882136106491,0.32680201530456543,0.44185876846313477,-0.09999250620603561,0.32057085633277893,0.7471940517425537,-0.07022342830896378,0.3409214913845062,0.5923366546630859,-0.08935276418924332,0.3469117283821106,0.4989320933818817,-0.09318987280130386,0.34688320755958557,0.4340302646160126,-0.09562218189239502,0.3596566319465637,0.7593822479248047,-0.06683877110481262,0.37706929445266724,0.6059304475784302,-0.0794907882809639,0.37357181310653687,0.5152704119682312,-0.07972277700901031,0.3645525276660919,0.45420944690704346,-0.07895505428314209,0.3904201090335846,0.7535048723220825,-0.06309597194194794,0.3945600092411041,0.6262605786323547,-0.07043706625699997,0.38724058866500854,0.5548768639564514,-0.06851179152727127,0.37731826305389404,0.5050243139266968,-0.06604305654764175,please
0.33045387268066406,0.8437960147857666,5.620678962259262e-07,0.2854696214199066,0.7821511626243591,-0.013058720156550407,0.2722751498222351,0.6886781454086304,-0.02974812127649784,0.2880432605743408,0.604891300201416,-0.04041179269552231,0.3087042570114136,0.5527135133743286,-0.05141811445355415,0.28258273005485535,0.7207460999488831,-0.07295777648687363,0.3055288791656494,0.5863074660301208,-0.09563802927732468,0.3189176023006439,0.5038498640060425,-0.10343030840158463,0.32851341366767883,0.4441137909889221,-0.10559860616922379,0.32487183809280396,0.7478243708610535,-0.07292479276657104,0.3423303961753845,0.5943293571472168,-0.09384484589099884,0.3474317789077759,0.4988485276699066,-0.0980948954820633,0.3474850654602051,0.4314723312854767,-0.10062247514724731,0.3635128438472748,0.7560091018676758,-0.06912035495042801,0.3762821555137634,0.6070305705070496,-0.08317770808935165,0.3724867105484009,0.5160220861434937,-0.08410055190324783,0.3646461069583893,0.4531465768814087,-0.0837397649884224,0.3934113383293152,0.7479621171951294,-0.0646938681602478,0.3950141668319702,0.6270009875297546,-0.07303844392299652,0.38793128728866577,0.5565366148948669,-0.07192151993513107,0.3803653120994568,0.5056304931640625,-0.07005118578672409,please
0.3289923369884491,0.8476623892784119,6.018203748681117e-07,0.2866066098213196,0.7903507351875305,-0.015298908576369286,0.27240195870399475,0.6912819743156433,-0.032807204872369766,0.28663042187690735,0.6026028990745544,-0.043785423040390015,0.3052087724208832,0.5458178520202637,-0.055093418806791306,0.2762009799480438,0.726514995098114,-0.07751007378101349,0.30262431502342224,0.5891827344894409,-0.1000274196267128,0.3170902132987976,0.5060605406761169,-0.10733584314584732,0.3267892599105835,0.4455716013908386,-0.1093854084610939,0.3189111053943634,0.7579428553581238,-0.07661284506320953,0.34029990434646606,0.6016532182693481,-0.09786058217287064,0.3468835651874542,0.5059125423431396,-0.10246843844652176,0.3471551835536957,0.4381938874721527,-0.10550587624311447,0.3589545488357544,0.7687217593193054,-0.0717552900314331,0.3764320909976959,0.6147061586380005,-0.08587419241666794,0.3729664385318756,0.5234300494194031,-0.08707822859287262,0.36426034569740295,0.46169590950012207,-0.08714359253644943,0.38985124230384827,0.761067271232605,-0.0664057508111,0.3943081796169281,0.6333960890769958,-0.07554270327091217,0.3852812349796295,0.5634329915046692,-0.07527434825897217,0.37447723746299744,0.5150901675224304,-0.07402737438678741,please
0.3266921937465668,0.8526968359947205,6.419415399250283e-07,0.2858494520187378,0.7950153350830078,-0.014719999395310879,0.27284812927246094,0.7002535462379456,-0.033346496522426605,0.2897437512874603,0.6168692111968994,-0.046114832162857056,0.31199103593826294,0.5686826705932617,-0.05953682214021683,0.2729797959327698,0.7315574884414673,-0.07722041010856628,0.2974550127983093,0.5958554744720459,-0.10036085546016693,0.3130878210067749,0.5116252303123474,-0.10846975445747375,0.32454848289489746,0.45094770193099976,-0.11093239486217499,0.3160855770111084,0.7621729969978333,-0.07741966843605042,0.3360151946544647,0.607781708240509,-0.09838620573282242,0.3421468436717987,0.513332724571228,-0.10255680233240128,0.3424815833568573,0.4487514793872833,-0.10538274049758911,0.3569832146167755,0.7724697589874268,-0.07371066510677338,0.3748999238014221,0.6190330386161804,-0.08672886341810226,0.3716866672039032,0.531649112701416,-0.08599882572889328,0.36310723423957825,0.47674453258514404,-0.08479458093643188,0.3893980383872986,0.7641132473945618,-0.06981350481510162,0.3934288024902344,0.634197473526001,-0.07721351832151413,0.3852751851081848,0.5649247169494629,-0.07493075728416443,0.37543076276779175,0.519417405128479,-0.07234276086091995,please
0.33099839091300964,0.8462744355201721,6.51028585707536e-07,0.2888171374797821,0.7919424772262573,-0.01599126122891903,0.2689441442489624,0.7037435173988342,-0.034822698682546616,0.2766585946083069,0.6232267618179321,-0.04771409556269646,0.2904832363128662,0.5696506500244141,-0.0609239861369133,0.27485233545303345,0.7359236478805542,-0.07498309016227722,0.2954943776130676,0.600415825843811,-0.10009707510471344,0.3104635179042816,0.5147925019264221,-0.1102069690823555,0.32260817289352417,0.4522782266139984,-0.11388315260410309,0.3187887668609619,0.7578052878379822,-0.07466062158346176,0.33322468400001526,0.607059121131897,-0.09813269227743149,0.3405032753944397,0.5121527314186096,-0.10486134886741638,0.34279748797416687,0.44413360953330994,-0.10891609638929367,0.35895463824272156,0.7616828083992004,-0.07088442891836166,0.36836934089660645,0.6154796481132507,-0.08672365546226501,0.3657833933830261,0.5254877805709839,-0.08871281892061234,0.35861316323280334,0.4643592834472656,-0.08885715901851654,0.38920965790748596,0.7495932579040527,-0.06683313846588135,0.3906060457229614,0.6283667087554932,-0.07665180414915085,0.38502126932144165,0.55873042345047,-0.07643245160579681,0.37792250514030457,0.5095466375350952,-0.07502423971891403,please
0.32906556129455566,0.8492827415466309,6.071814482311311e-07,0.28760048747062683,0.7903909087181091,-0.01323588378727436,0.27441370487213135,0.6960815191268921,-0.02967938967049122,0.29099196195602417,0.6143758296966553,-0.040547214448451996,0.31216248869895935,0.5658251643180847,-0.0516936331987381,0.27459320425987244,0.730765700340271,-0.07099926471710205,0.2994804084300995,0.5957379937171936,-0.0936494842171669,0.31490427255630493,0.5121461749076843,-0.10264372080564499,0.3258470892906189,0.4505208432674408,-0.10610001534223557,0.3185581564903259,0.7588531374931335,-0.07172973453998566,0.3389401435852051,0.6087480187416077,-0.09291284531354904,0.3457452356815338,0.5137596130371094,-0.09940049052238464,0.3458455801010132,0.4456022381782532,-0.10398890823125839,0.35949042439460754,0.766703724861145,-0.06880754977464676,0.3750620186328888,0.6165383458137512,-0.08317582309246063,0.37107762694358826,0.5243415832519531,-0.08629056811332703,0.3616487979888916,0.4617811441421509,-0.08777572214603424,0.39134496450424194,0.7553956508636475,-0.06540461629629135,0.3933515250682831,0.6324865818023682,-0.0745047777891159,0.38474565744400024,0.5611963272094727,-0.0749821811914444,0.3750690519809723,0.5094512701034546,-0.0744737982749939,please
0.32941320538520813,0.8447124361991882,6.4955838752212e-07,0.2849949300289154,0.7835919857025146,-0.0152082908898592,0.27094101905822754,0.6868529319763184,-0.033097200095653534,0.2870880365371704,0.6045132279396057,-0.044848524034023285,0.3085196018218994,0.5544396042823792,-0.05683441087603569,0.2759864330291748,0.7308726906776428,-0.07536675781011581,0.29935047030448914,0.5939926505088806,-0.09826960414648056,0.31390538811683655,0.5092872977256775,-0.10638848692178726,0.3249569237232208,0.44781389832496643,-0.10879894345998764,0.3207259476184845,0.7614627480506897,-0.07501883059740067,0.3390447199344635,0.6044484376907349,-0.0967634916305542,0.3444635272026062,0.507608950138092,-0.10179683566093445,0.3446079194545746,0.44040095806121826,-0.10490886867046356,0.3607677221298218,0.7702515721321106,-0.07084159553050995,0.37529414892196655,0.6158779859542847,-0.08495212346315384,0.3703885078430176,0.5235406756401062,-0.08572036772966385,0.3606308102607727,0.4619632959365845,-0.08518843352794647,0.3900585174560547,0.7598075270652771,-0.06632725149393082,0.3940572738647461,0.6327986717224121,-0.07432805746793747,0.38570570945739746,0.560420036315918,-0.0727032795548439,0.37548354268074036,0.5109378099441528,-0.07049175351858139,please
0.32918256521224976,0.8395369648933411,6.853458671685075e-07,0.28589218854904175,0.7789646983146667,-0.013204948976635933,0.2727397382259369,0.6859244704246521,-0.031683143228292465,0.2892618179321289,0.6027259826660156,-0.04442773014307022,0.3096480071544647,0.5522212386131287,-0.05773726850748062,0.27061861753463745,0.7206054925918579,-0.07550697028636932,0.2950245440006256,0.5859407782554626,-0.0988723561167717,0.3116687834262848,0.5032517313957214,-0.10719020664691925,0.324461430311203,0.4451075792312622,-0.10944554209709167,0.314339816570282,0.7488617300987244,-0.07575877755880356,0.3338656425476074,0.5956268906593323,-0.0968199223279953,0.34084755182266235,0.5019803047180176,-0.10047861188650131,0.34208035469055176,0.4389696717262268,-0.10271419584751129,0.3543808162212372,0.7562511563301086,-0.07205839455127716,0.3701223134994507,0.6055594682693481,-0.08485308289527893,0.36625000834465027,0.5173658132553101,-0.08364422619342804,0.3576768934726715,0.46109408140182495,-0.08197706192731857,0.38480308651924133,0.7460284233093262,-0.06794285029172897,0.38791385293006897,0.6225458979606628,-0.07391924411058426,0.3811061382293701,0.552433967590332,-0.07059140503406525,0.3731837272644043,0.504615843296051,-0.06722888350486755,please
0.33022722601890564,0.8476065397262573,6.122394324847846e-07,0.28709036111831665,0.7899980545043945,-0.011854586191475391,0.2714841365814209,0.6969861388206482,-0.028405120596289635,0.2834891080856323,0.6125277280807495,-0.03960852697491646,0.3022249639034271,0.5599455833435059,-0.0510241761803627,0.2771272659301758,0.7260739803314209,-0.06885150820016861,0.299681693315506,0.5903734564781189,-0.09085692465305328,0.31479883193969727,0.5076508522033691,-0.09882829338312149,0.3260074555873871,0.44917118549346924,-0.1010221615433693,0.3193245530128479,0.7503829598426819,-0.06931763142347336,0.33760589361190796,0.5983721017837524,-0.08877527713775635,0.34351715445518494,0.5069308280944824,-0.09247342497110367,0.3435419499874115,0.44547897577285767,-0.09472554922103882,0.3574570417404175,0.7559985518455505,-0.06621862947940826,0.37167656421661377,0.6079427599906921,-0.07824940979480743,0.3687249422073364,0.5207255482673645,-0.0782771036028862,0.3601011037826538,0.4647749960422516,-0.07763240486383438,0.3866625726222992,0.7454781532287598,-0.06262541562318802,0.38950902223587036,0.6236087083816528,-0.06902515143156052,0.3840707540512085,0.5543085932731628,-0.06716381758451462,0.3761308193206787,0.5064971446990967,-0.06494631618261337,please
0.33815664052963257,0.853030264377594,6.080775847294717e-07,0.2950153350830078,0.7909623384475708,-0.013303641229867935,0.28460603952407837,0.6991883516311646,-0.03056698478758335,0.3039886951446533,0.6198937892913818,-0.041925542056560516,0.3282696306705475,0.573253870010376,-0.05341418460011482,0.28726205229759216,0.7319188117980957,-0.0718643069267273,0.3099555969238281,0.5971758365631104,-0.0950014665722847,0.32505932450294495,0.5142719745635986,-0.10310734808444977,0.3364287316799164,0.4560626745223999,-0.10505057126283646,0.3289766311645508,0.7601908445358276,-0.0723932683467865,0.34886133670806885,0.6029379367828369,-0.09330952167510986,0.3560100495815277,0.5088489651679993,-0.09718529880046844,0.3581080436706543,0.44536077976226807,-0.09878437221050262,0.36857011914253235,0.7699202299118042,-0.06926150619983673,0.38409873843193054,0.6169207096099854,-0.08244221657514572,0.3810923993587494,0.5274710655212402,-0.08169428259134293,0.3737925589084625,0.4684383273124695,-0.07977178692817688,0.4002572298049927,0.763550341129303,-0.06570955365896225,0.40471214056015015,0.6400002837181091,-0.07213330268859863,0.39909055829048157,0.5699456334114075,-0.06851299852132797,0.3926059305667877,0.520533561706543,-0.06455585360527039,please
0.3421498239040375,0.8490250706672668,5.966641651866667e-07,0.29866260290145874,0.7894096374511719,-0.012947406619787216,0.28754913806915283,0.6959649324417114,-0.02974480204284191,0.3057268559932709,0.6157532930374146,-0.04135873541235924,0.329997181892395,0.5689452290534973,-0.05343411862850189,0.2900787591934204,0.7318540215492249,-0.06777001172304153,0.31351566314697266,0.6012645959854126,-0.08934769779443741,0.3291606903076172,0.518606960773468,-0.09692969918251038,0.3410322964191437,0.45910969376564026,-0.09924020618200302,0.33144381642341614,0.7587172985076904,-0.06898729503154755,0.3506750762462616,0.6099147200584412,-0.08796077221632004,0.35790884494781494,0.5150735378265381,-0.09219048917293549,0.3597072660923004,0.4488312900066376,-0.09526863694190979,0.3700074255466461,0.7677599191665649,-0.0669693723320961,0.38558292388916016,0.621196985244751,-0.07981875538825989,0.383367121219635,0.52994304895401,-0.08124924451112747,0.3757748007774353,0.46702253818511963,-0.08173557370901108,0.40044257044792175,0.7597019076347351,-0.0645938292145729,0.4060733914375305,0.641456127166748,-0.07279710471630096,0.4016936719417572,0.5698003172874451,-0.07239899784326553,0.39434513449668884,0.5166569948196411,-0.07138027995824814,please
0.3334030210971832,0.8596376776695251,5.93398624459951e-07,0.2927345633506775,0.8031042218208313,-0.014647076837718487,0.2794981896877289,0.7124505043029785,-0.03209012746810913,0.2938845157623291,0.6337662935256958,-0.04480807110667229,0.3136146366596222,0.5859500169754028,-0.057758089154958725,0.2803897261619568,0.7365474104881287,-0.06337157636880875,0.302496075630188,0.6050636172294617,-0.08433803915977478,0.31753936409950256,0.5260071754455566,-0.09178491681814194,0.32863977551460266,0.4688717722892761,-0.0939113050699234,0.3195653259754181,0.7610769271850586,-0.06417368352413177,0.33868810534477234,0.614118754863739,-0.08272096514701843,0.34674423933029175,0.5243427753448486,-0.08684420585632324,0.348914235830307,0.4614466428756714,-0.08930417150259018,0.35672566294670105,0.770613968372345,-0.06245282292366028,0.3695157468318939,0.6268373131752014,-0.07461146265268326,0.37048575282096863,0.5397645235061646,-0.07478444278240204,0.36531898379325867,0.48042261600494385,-0.07411523908376694,0.3869664967060089,0.7641265392303467,-0.06080080196261406,0.3901245594024658,0.645217776298523,-0.06806568056344986,0.38798218965530396,0.5745745897293091,-0.06674228608608246,0.38240987062454224,0.5233546495437622,-0.0648529902100563,please
0.32238876819610596,0.8593798279762268,6.491234216809971e-07,0.281345397233963,0.7963981628417969,-0.014118644408881664,0.27057409286499023,0.6990451812744141,-0.03280375525355339,0.2877529561519623,0.6148103475570679,-0.045723386108875275,0.308322548866272,0.5678809285163879,-0.05906013771891594,0.26597458124160767,0.746796190738678,-0.0781233087182045,0.28924018144607544,0.609044075012207,-0.10266321152448654,0.3049313724040985,0.5229765176773071,-0.1115066260099411,0.3175824284553528,0.46081459522247314,-0.1142144501209259,0.31193816661834717,0.7762153148651123,-0.07903977483510971,0.3293152153491974,0.6210042834281921,-0.10280237346887589,0.3345556855201721,0.5253216028213501,-0.10782532393932343,0.3347569406032562,0.46094685792922974,-0.11072622984647751,0.35336342453956604,0.7816765308380127,-0.07606232166290283,0.3664665222167969,0.6292040944099426,-0.09107816219329834,0.36131808161735535,0.5368754863739014,-0.09165946394205093,0.35168927907943726,0.4780781865119934,-0.09100545197725296,0.38424113392829895,0.7677068114280701,-0.07279205322265625,0.38579729199409485,0.6416923999786377,-0.0803353488445282,0.37719643115997314,0.5690416097640991,-0.07872744649648666,0.36802777647972107,0.5184963345527649,-0.0767899677157402,please
0.33248788118362427,0.8618956804275513,5.945402108409326e-07,0.2908436059951782,0.8110579252243042,-0.015237499959766865,0.27060121297836304,0.730535089969635,-0.03312648832798004,0.27500635385513306,0.6540040373802185,-0.046032559126615524,0.28355032205581665,0.5995293259620667,-0.059451114386320114,0.2812672555446625,0.7461702823638916,-0.06850571930408478,0.29769545793533325,0.6167346239089966,-0.09342928975820541,0.31072109937667847,0.5358304381370544,-0.10480375587940216,0.32079851627349854,0.47534894943237305,-0.10962150245904922,0.32053953409194946,0.7613998055458069,-0.06878606975078583,0.3337807059288025,0.6220360398292542,-0.09127664566040039,0.3398649990558624,0.531622588634491,-0.09928397089242935,0.3408910930156708,0.46509626507759094,-0.10461561381816864,0.35738682746887207,0.764367401599884,-0.06618063151836395,0.36537450551986694,0.6303417086601257,-0.08165668696165085,0.3634295165538788,0.5447357296943665,-0.08485689014196396,0.3575131297111511,0.48434561491012573,-0.0863676592707634,0.3867916166782379,0.7554700374603271,-0.06344812363386154,0.3882584869861603,0.6465188264846802,-0.07390502095222473,0.3844577372074127,0.5784240961074829,-0.07505330443382263,0.3792543113231659,0.5279744267463684,-0.07488135993480682,please
0.3385837972164154,0.8698924779891968,5.602313990493712e-07,0.29403653740882874,0.8130736351013184,-0.013003607280552387,0.28356000781059265,0.7192374467849731,-0.028775377199053764,0.3024391233921051,0.6385371685028076,-0.039669204503297806,0.32580986618995667,0.5913851261138916,-0.05115850642323494,0.28955936431884766,0.7478675246238708,-0.06475722789764404,0.3105936646461487,0.6139451861381531,-0.08539937436580658,0.324208527803421,0.5323890447616577,-0.09244542568922043,0.33401528000831604,0.472679078578949,-0.09473150223493576,0.3305385708808899,0.7712191939353943,-0.06622600555419922,0.34726083278656006,0.6216599345207214,-0.08596272766590118,0.35389941930770874,0.5285561084747314,-0.09171382337808609,0.35556766390800476,0.46313363313674927,-0.09547317773103714,0.36921459436416626,0.779447078704834,-0.06468938291072845,0.3820191025733948,0.6323037147521973,-0.0792592391371727,0.37976008653640747,0.5405682921409607,-0.08350115269422531,0.37218359112739563,0.4770817756652832,-0.08551628887653351,0.3998904228210449,0.7720677852630615,-0.06263859570026398,0.40303516387939453,0.6527988910675049,-0.07286884635686874,0.397754967212677,0.5818266868591309,-0.07462417334318161,0.3901923894882202,0.5296277403831482,-0.07497062534093857,please
0.33137229084968567,0.856275200843811,5.078953222437121e-07,0.2868167757987976,0.8092386722564697,-0.014227048493921757,0.26859888434410095,0.7289907932281494,-0.02842155285179615,0.27719753980636597,0.6517714262008667,-0.038222625851631165,0.29253530502319336,0.5992369055747986,-0.04843742400407791,0.28489556908607483,0.725793719291687,-0.0520356111228466,0.30005311965942383,0.6076460480690002,-0.07029874622821808,0.31106090545654297,0.5358112454414368,-0.07794444262981415,0.3198508620262146,0.4820878505706787,-0.08093881607055664,0.3240722119808197,0.7336826324462891,-0.05149808153510094,0.33467334508895874,0.6079965829849243,-0.06627370417118073,0.33844682574272156,0.5288904309272766,-0.07078903168439865,0.3389020562171936,0.47092205286026,-0.07403817772865295,0.3583933711051941,0.7365788221359253,-0.04913482815027237,0.3633458912372589,0.6166876554489136,-0.059452544897794724,0.3608323931694031,0.5439918041229248,-0.06031534820795059,0.35587137937545776,0.4925771951675415,-0.06057743355631828,0.3851031959056854,0.7320945262908936,-0.046922896057367325,0.3851955235004425,0.6380312442779541,-0.054023947566747665,0.3816525638103485,0.5789404511451721,-0.05339984595775604,0.37727540731430054,0.5346047878265381,-0.05207131803035736,please
0.3178439736366272,0.8548453450202942,6.701193342451006e-07,0.2780851423740387,0.7995598316192627,-0.016031520441174507,0.2610790729522705,0.7062362432479858,-0.03490928187966347,0.27017077803611755,0.6205255389213562,-0.047516610473394394,0.2866250276565552,0.5676708221435547,-0.06063982471823692,0.2616799771785736,0.7462576031684875,-0.08010386675596237,0.283294141292572,0.6130717992782593,-0.10578548163175583,0.29900628328323364,0.5254504680633545,-0.1158025786280632,0.31229066848754883,0.4629780650138855,-0.11966072022914886,0.30578720569610596,0.7718321681022644,-0.08040694147348404,0.3222334682941437,0.6226593852043152,-0.10491041094064713,0.32832157611846924,0.526186466217041,-0.11137229204177856,0.3298923671245575,0.4585445523262024,-0.11553946137428284,0.346956342458725,0.7775945663452148,-0.07695060968399048,0.3585973381996155,0.6354358792304993,-0.09304167330265045,0.3562898635864258,0.5460444092750549,-0.0949096605181694,0.3504147231578827,0.4867123067378998,-0.09543238580226898,0.37859538197517395,0.7668343782424927,-0.07329696416854858,0.38008689880371094,0.650063157081604,-0.08372680097818375,0.3735671937465668,0.5792608857154846,-0.0843902975320816,0.367488831281662,0.5276605486869812,-0.08395281434059143,please
0.33414313197135925,0.8648431301116943,5.86582302730676e-07,0.29212287068367004,0.8095827102661133,-0.014504175633192062,0.2762419581413269,0.7153310179710388,-0.031628262251615524,0.2881837785243988,0.632952868938446,-0.043272241950035095,0.30689123272895813,0.5852110385894775,-0.055225614458322525,0.28193312883377075,0.7494879961013794,-0.0703330859541893,0.30472540855407715,0.6127386093139648,-0.09159862995147705,0.3200022280216217,0.5309625864028931,-0.09806212037801743,0.33156800270080566,0.47252410650253296,-0.09931422770023346,0.3236475884914398,0.77726811170578,-0.07046262919902802,0.34143900871276855,0.6190597414970398,-0.08897954225540161,0.3488840162754059,0.5256284475326538,-0.0918392688035965,0.35113972425460815,0.46189767122268677,-0.0933961272239685,0.3629639446735382,0.7857744693756104,-0.06731754541397095,0.37496495246887207,0.6316993236541748,-0.07908981293439865,0.3738207221031189,0.543613076210022,-0.07813574373722076,0.36758166551589966,0.4854639768600464,-0.0767439678311348,0.3941994607448578,0.7764666080474854,-0.0639878585934639,0.39562103152275085,0.6512796878814697,-0.07093947380781174,0.3928787112236023,0.5805145502090454,-0.06869269162416458,0.3882991373538971,0.5293892025947571,-0.06615310907363892,please
0.32124796509742737,0.8706170916557312,6.680771775791072e-07,0.2804366946220398,0.8147417902946472,-0.014860962517559528,0.26602858304977417,0.7226575613021851,-0.033849503844976425,0.2791403532028198,0.640002429485321,-0.04774196818470955,0.29877951741218567,0.5929707288742065,-0.06234239041805267,0.26159143447875977,0.7641812562942505,-0.073867566883564,0.2806323170661926,0.6288476586341858,-0.09832612425088882,0.29602673649787903,0.5427310466766357,-0.10783971846103668,0.30919381976127625,0.48050397634506226,-0.11114314943552017,0.30581212043762207,0.7868059873580933,-0.07547177374362946,0.3216576874256134,0.6351948976516724,-0.09819214046001434,0.3276705741882324,0.5394425392150879,-0.10389035940170288,0.32878756523132324,0.47383779287338257,-0.10745114088058472,0.3466188311576843,0.7898426055908203,-0.07387325912714005,0.35828036069869995,0.6439770460128784,-0.08854091912508011,0.3559425473213196,0.5535563230514526,-0.08989647030830383,0.34904205799102783,0.495145708322525,-0.08986493200063705,0.3783305883407593,0.7763112187385559,-0.07226746529340744,0.37902119755744934,0.6545851826667786,-0.08005859702825546,0.37251147627830505,0.5833367109298706,-0.07907944917678833,0.36484283208847046,0.5340685844421387,-0.07765322923660278,please
0.3191443085670471,0.8744068741798401,6.54919631415396e-07,0.27522358298301697,0.8183454275131226,-0.014981759712100029,0.25765982270240784,0.7250126600265503,-0.03340582549571991,0.27054163813591003,0.6392114758491516,-0.04621061682701111,0.2906878590583801,0.5896154046058655,-0.05944852530956268,0.25884386897087097,0.7700077295303345,-0.07529925554990768,0.2772602140903473,0.6346613764762878,-0.09963575750589371,0.2919903099536896,0.5487744212150574,-0.10914289951324463,0.3048323392868042,0.48771238327026367,-0.11244986951351166,0.3037843704223633,0.7940149903297424,-0.07570257782936096,0.3188190162181854,0.6438998579978943,-0.09806742519140244,0.32461556792259216,0.5490055680274963,-0.10377014428377151,0.32567545771598816,0.48475396633148193,-0.10744749754667282,0.3446367681026459,0.7963772416114807,-0.07256325334310532,0.3544788360595703,0.6509584188461304,-0.08712884783744812,0.3510194420814514,0.5638907551765442,-0.08848161995410919,0.3434291183948517,0.5098488926887512,-0.0883493646979332,0.3758436143398285,0.7798286080360413,-0.06922054290771484,0.3745991587638855,0.6604538559913635,-0.07711055129766464,0.36653172969818115,0.5920436382293701,-0.0761655941605568,0.3578422963619232,0.54646897315979,-0.07454244792461395,please
0.32373014092445374,0.8784776926040649,6.185143206494104e-07,0.2852669358253479,0.8210251927375793,-0.013809929601848125,0.27060189843177795,0.7263776063919067,-0.030525697395205498,0.28051745891571045,0.6414190530776978,-0.041988305747509,0.29622364044189453,0.5892989635467529,-0.05395103618502617,0.2673160433769226,0.7689917683601379,-0.06916933506727219,0.2880403995513916,0.640920102596283,-0.09238305687904358,0.3025263547897339,0.5562214851379395,-0.10167396813631058,0.31473052501678467,0.4938918948173523,-0.10518507659435272,0.31044435501098633,0.792468786239624,-0.07023389637470245,0.32707783579826355,0.6505600810050964,-0.09219716489315033,0.33259525895118713,0.5564972162246704,-0.09882780909538269,0.33348220586776733,0.4888950288295746,-0.10328615456819534,0.3505033552646637,0.7963882088661194,-0.06803121417760849,0.36202672123908997,0.6548948287963867,-0.0834306851029396,0.35790693759918213,0.5661047101020813,-0.08626103401184082,0.3491629362106323,0.5061466097831726,-0.08715099841356277,0.38166189193725586,0.783494234085083,-0.06547199934720993,0.38294023275375366,0.6668238043785095,-0.0746447890996933,0.3761637806892395,0.5970439314842224,-0.0749591663479805,0.3683708906173706,0.5465047359466553,-0.07423092424869537,please
0.3260212540626526,0.8868546485900879,6.068381139812118e-07,0.2863945960998535,0.8363902568817139,-0.01391739770770073,0.26763030886650085,0.7479484677314758,-0.030762750655412674,0.2740963399410248,0.6658878326416016,-0.042501822113990784,0.2882826626300812,0.6135238409042358,-0.05481768026947975,0.2699626386165619,0.7755958437919617,-0.06776884198188782,0.28774961829185486,0.6442182064056396,-0.09100474417209625,0.3014652132987976,0.560936689376831,-0.10055307298898697,0.31294432282447815,0.5008936524391174,-0.10402119904756546,0.3120361566543579,0.7968147993087769,-0.0685541108250618,0.3243332505226135,0.6492026448249817,-0.08903195708990097,0.3293202817440033,0.557761549949646,-0.09538688510656357,0.3304848372936249,0.49305933713912964,-0.09964021295309067,0.35130059719085693,0.8000059723854065,-0.06625761836767197,0.35805585980415344,0.6544727087020874,-0.08033565431833267,0.35274747014045715,0.5696294903755188,-0.08271251618862152,0.34455251693725586,0.513538122177124,-0.08349021524190903,0.3820073902606964,0.7871639132499695,-0.06370414793491364,0.379791796207428,0.6698617935180664,-0.07244623452425003,0.3726162910461426,0.6029620170593262,-0.07264155149459839,0.3652721643447876,0.554669976234436,-0.07177840918302536,please
0.32026538252830505,0.8816325664520264,6.551010756083997e-07,0.2807542085647583,0.8268101811408997,-0.015137264505028725,0.26479798555374146,0.7405132055282593,-0.03391888365149498,0.27345022559165955,0.6605887413024902,-0.04688512906432152,0.2880514860153198,0.6106321811676025,-0.060284197330474854,0.2639288604259491,0.7774882912635803,-0.0767941027879715,0.2831934690475464,0.6467238664627075,-0.10352425277233124,0.2981586754322052,0.5609632134437561,-0.11525752395391464,0.31100350618362427,0.4973568022251129,-0.12002810090780258,0.30783969163894653,0.7998471260070801,-0.07731235027313232,0.32216235995292664,0.6521701812744141,-0.10192567855119705,0.3283771276473999,0.5556855201721191,-0.11033552885055542,0.33066967129707336,0.4855450689792633,-0.11596609652042389,0.3487040400505066,0.8004775047302246,-0.0741184651851654,0.35882502794265747,0.6572389602661133,-0.09012646228075027,0.35505515336990356,0.5695528388023376,-0.09258007258176804,0.34841614961624146,0.5104885101318359,-0.09333257377147675,0.38002049922943115,0.7836366891860962,-0.07074064016342163,0.3802575469017029,0.6666998267173767,-0.07966440171003342,0.372416615486145,0.5990156531333923,-0.07928527146577835,0.3649098575115204,0.5497116446495056,-0.07809514552354813,please
0.3243614733219147,0.8864418268203735,6.473965754594246e-07,0.283147931098938,0.8304328322410583,-0.013672305271029472,0.2649872899055481,0.7427148222923279,-0.03175629675388336,0.27139508724212646,0.6614420413970947,-0.04474560543894768,0.2836851179599762,0.6100782155990601,-0.05832405760884285,0.2669351398944855,0.7760415077209473,-0.07227955013513565,0.2863439619541168,0.6450639367103577,-0.09755849838256836,0.3004712164402008,0.5599446296691895,-0.10836847126483917,0.3122875690460205,0.49648550152778625,-0.11260729283094406,0.3105657398700714,0.7999122142791748,-0.07382242381572723,0.32649165391921997,0.6521714329719543,-0.0972670242190361,0.3314701020717621,0.5571849942207336,-0.10454239696264267,0.33159980177879333,0.48913806676864624,-0.10926695913076401,0.35058435797691345,0.8036295771598816,-0.07180768996477127,0.3615598678588867,0.6598755121231079,-0.0871187075972557,0.3571977913379669,0.5698858499526978,-0.08901946991682053,0.3484671413898468,0.50962233543396,-0.08937856554985046,0.38141387701034546,0.7906203269958496,-0.0695173516869545,0.3823300302028656,0.6698638200759888,-0.07836595177650452,0.3752942979335785,0.5989993214607239,-0.07758036255836487,0.3670523762702942,0.5482432842254639,-0.07601093500852585,please
0.3282218873500824,0.8751302361488342,6.391247779902187e-07,0.28542977571487427,0.8207175135612488,-0.015036526136100292,0.26796048879623413,0.7297757267951965,-0.03259719908237457,0.27866804599761963,0.6455599069595337,-0.04449952393770218,0.295909583568573,0.5941510200500488,-0.056741151958703995,0.27018076181411743,0.7719242572784424,-0.07246929407119751,0.2914806604385376,0.6404865980148315,-0.09689908474683762,0.30603092908859253,0.5541179180145264,-0.10748925060033798,0.31825241446495056,0.49074795842170715,-0.11177658289670944,0.3155078589916229,0.7950036525726318,-0.07270790636539459,0.3319479525089264,0.647972822189331,-0.09508655965328217,0.3368208706378937,0.5526149272918701,-0.10210975259542465,0.3368842601776123,0.48602938652038574,-0.1068890169262886,0.35577118396759033,0.7963876724243164,-0.06955993920564651,0.3662201464176178,0.6527004837989807,-0.08449113368988037,0.36090415716171265,0.5621786117553711,-0.08724883198738098,0.3515361547470093,0.5032691359519958,-0.08813769370317459,0.38578975200653076,0.779732882976532,-0.06623492389917374,0.38560089468955994,0.6596745848655701,-0.07519924640655518,0.37650173902511597,0.5893718004226685,-0.0754273310303688,0.3658396303653717,0.5409791469573975,-0.07457955926656723,please
0.3313710391521454,0.8798311352729797,6.429747259062424e-07,0.2900592088699341,0.8271334171295166,-0.015509719029068947,0.2708936333656311,0.7392109632492065,-0.034342922270298004,0.2782653272151947,0.6580979228019714,-0.047680240124464035,0.29401981830596924,0.6063485741615295,-0.06155530735850334,0.27323320508003235,0.7696987986564636,-0.07384892553091049,0.294391930103302,0.6358195543289185,-0.09792400896549225,0.3081270158290863,0.5536723136901855,-0.1079004630446434,0.31884944438934326,0.4945012331008911,-0.11182046681642532,0.3157876133918762,0.7965342998504639,-0.07400645315647125,0.3325786590576172,0.6503592729568481,-0.09653261303901672,0.3381406366825104,0.5575613975524902,-0.10347501188516617,0.3383720815181732,0.4930972158908844,-0.10825113207101822,0.35516268014907837,0.803135871887207,-0.07072993367910385,0.36698058247566223,0.6589586138725281,-0.08565138280391693,0.363888144493103,0.5700136423110962,-0.08811702579259872,0.3559949994087219,0.5121173858642578,-0.0890076756477356,0.38527733087539673,0.7915821671485901,-0.06723532825708389,0.38679495453834534,0.670500636100769,-0.07636892795562744,0.3804066479206085,0.6011955142021179,-0.07650893926620483,0.3718075752258301,0.554088830947876,-0.07566771656274796,please
0.33106058835983276,0.8794761896133423,6.409785555661074e-07,0.289183109998703,0.8264880776405334,-0.018058989197015762,0.2693844437599182,0.7384510040283203,-0.03646188974380493,0.2749106287956238,0.6578977108001709,-0.048985645174980164,0.28711357712745667,0.6058810353279114,-0.06194692850112915,0.2739180326461792,0.7690067291259766,-0.07155190408229828,0.2955552935600281,0.6412026286125183,-0.09443425387144089,0.3096158802509308,0.5601789951324463,-0.1036054939031601,0.32075443863868713,0.49959805607795715,-0.10694579780101776,0.3171457052230835,0.7923234701156616,-0.07025974988937378,0.33527326583862305,0.6496568322181702,-0.09049970656633377,0.34115663170814514,0.5578598380088806,-0.09643927216529846,0.34240633249282837,0.49228334426879883,-0.1005968302488327,0.35672125220298767,0.7980334758758545,-0.06605404615402222,0.3689691424369812,0.6600038409233093,-0.07986590266227722,0.3661702275276184,0.5731300115585327,-0.08192072808742523,0.35922616720199585,0.5157558917999268,-0.08250391483306885,0.38762637972831726,0.787589967250824,-0.061954937875270844,0.3876667022705078,0.671638548374176,-0.07086270302534103,0.380803644657135,0.6019999384880066,-0.07098687440156937,0.37242624163627625,0.5546111464500427,-0.07000657171010971,please
0.3306944668292999,0.8797180652618408,6.010322408656066e-07,0.28797924518585205,0.8253978490829468,-0.014813276007771492,0.27030229568481445,0.7342686653137207,-0.03286731243133545,0.27811533212661743,0.6482858657836914,-0.04487105831503868,0.291644811630249,0.5922418832778931,-0.057590190321207047,0.27557554841041565,0.7668942213058472,-0.07654105126857758,0.2960436940193176,0.6378996968269348,-0.10059145838022232,0.31013768911361694,0.5559779405593872,-0.10985856503248215,0.3210880160331726,0.4951169788837433,-0.11333653330802917,0.31824398040771484,0.7903621196746826,-0.07660438120365143,0.334724485874176,0.6484434604644775,-0.09937666356563568,0.34075623750686646,0.5553126335144043,-0.10609479993581772,0.3420875072479248,0.4889114499092102,-0.11086748540401459,0.3573305010795593,0.7952497005462646,-0.07288900762796402,0.36929547786712646,0.6555076837539673,-0.08859880268573761,0.366314560174942,0.5645284056663513,-0.09230795502662659,0.35936880111694336,0.5027042627334595,-0.09419655799865723,0.38677337765693665,0.7832298874855042,-0.06858379393815994,0.3879217505455017,0.6663813591003418,-0.07863906770944595,0.3810849189758301,0.5946668982505798,-0.08002643287181854,0.37380897998809814,0.5429221987724304,-0.08022601902484894,please
0.3282294273376465,0.8850315809249878,6.58230362660106e-07,0.2877623438835144,0.8316826820373535,-0.017536472529172897,0.2723352909088135,0.7383952140808105,-0.037045903503894806,0.28428134322166443,0.6544554829597473,-0.04999189078807831,0.30131736397743225,0.6038622260093689,-0.06366490572690964,0.27347856760025024,0.7799279093742371,-0.08104293793439865,0.29712197184562683,0.6433942317962646,-0.1051003485918045,0.312303364276886,0.5600685477256775,-0.11391428112983704,0.32395821809768677,0.5000873804092407,-0.1168653815984726,0.31759846210479736,0.8062658309936523,-0.07973187416791916,0.33589377999305725,0.654918372631073,-0.10301654785871506,0.34173598885536194,0.5612132549285889,-0.10937771946191788,0.3421085476875305,0.4969466030597687,-0.1135573461651802,0.3582516312599182,0.8108085989952087,-0.07445095479488373,0.3708719313144684,0.6615685820579529,-0.089645616710186,0.3666779696941376,0.574114978313446,-0.09150300920009613,0.3581916093826294,0.5181647539138794,-0.0918666198849678,0.3886721134185791,0.796233057975769,-0.06892069429159164,0.39035698771476746,0.6724504828453064,-0.07754607498645782,0.38113734126091003,0.6060233116149902,-0.07687848806381226,0.3712558150291443,0.5624982714653015,-0.07552890479564667,please
0.33224186301231384,0.8884716033935547,6.657468247794895e-07,0.29274260997772217,0.83315110206604,-0.015308693051338196,0.2753189206123352,0.7480287551879883,-0.03357897698879242,0.2837069034576416,0.6703388094902039,-0.04673423990607262,0.300485759973526,0.61968594789505,-0.06004181504249573,0.27349478006362915,0.7828018069267273,-0.0694359764456749,0.2939906120300293,0.6508074402809143,-0.09288672357797623,0.3085538446903229,0.5693467855453491,-0.1024586632847786,0.32108789682388306,0.5099008679389954,-0.10593977570533752,0.31585368514060974,0.8062325119972229,-0.0696512907743454,0.3316241502761841,0.661206841468811,-0.09109850972890854,0.3387019634246826,0.5697513818740845,-0.09735067188739777,0.34185564517974854,0.5060374140739441,-0.10129448771476746,0.35557618737220764,0.8109017610549927,-0.06676705181598663,0.36768674850463867,0.6710636615753174,-0.08057421445846558,0.3665770888328552,0.589069664478302,-0.08145422488451004,0.36177679896354675,0.5370957851409912,-0.08094472438097,0.3865974545478821,0.7987422943115234,-0.06392787396907806,0.38885536789894104,0.6833288073539734,-0.0714971050620079,0.38267701864242554,0.6186002492904663,-0.07017847895622253,0.3753305673599243,0.5746076703071594,-0.06814046949148178,please
0.3457220494747162,0.8912439346313477,5.321870162333653e-07,0.3028830289840698,0.8343879580497742,-0.01563209295272827,0.2829428017139435,0.7473350763320923,-0.0322614349424839,0.28551405668258667,0.6680206656455994,-0.04380590468645096,0.2918255925178528,0.614692747592926,-0.05559844523668289,0.2964201867580414,0.769744336605072,-0.0665721669793129,0.3169386386871338,0.6480662226676941,-0.08948799967765808,0.33014655113220215,0.5721756219863892,-0.09953351318836212,0.3391888737678528,0.5155988931655884,-0.10360684990882874,0.33645498752593994,0.7920101881027222,-0.06626832485198975,0.35368865728378296,0.6562325358390808,-0.08726880699396133,0.3597014248371124,0.5676955580711365,-0.09451249241828918,0.3603014349937439,0.5033942461013794,-0.09924234449863434,0.37284034490585327,0.7997912764549255,-0.06301455944776535,0.3872009515762329,0.6662929654121399,-0.07753916084766388,0.38446563482284546,0.5853002667427063,-0.07933172583580017,0.37700149416923523,0.532752275466919,-0.07931305468082428,0.4003801643848419,0.7921658754348755,-0.05972782149910927,0.405229389667511,0.680744469165802,-0.06935207545757294,0.39951032400131226,0.6146830916404724,-0.06938278675079346,0.3913531005382538,0.5709586143493652,-0.06796234101057053,please
0.35403910279273987,0.8784435987472534,5.395639277594455e-07,0.3082157075405121,0.8270208835601807,-0.014956943690776825,0.2915874421596527,0.7437697649002075,-0.030930960550904274,0.30578166246414185,0.6700287461280823,-0.042289525270462036,0.32744351029396057,0.6292567253112793,-0.05427420139312744,0.30565115809440613,0.7616474628448486,-0.05970821902155876,0.32354652881622314,0.6439324617385864,-0.08055591583251953,0.33552175760269165,0.5693973302841187,-0.08932589739561081,0.3439626097679138,0.5148451924324036,-0.09269896894693375,0.3466325104236603,0.7781299948692322,-0.060148876160383224,0.3608172833919525,0.6435977816581726,-0.07935831695795059,0.3650796711444855,0.5568846464157104,-0.08617997914552689,0.36483991146087646,0.4944162368774414,-0.09045324474573135,0.38231360912323,0.7820838689804077,-0.05820586904883385,0.3913189768791199,0.6506774425506592,-0.07298356294631958,0.3880675435066223,0.5669624209403992,-0.07760397344827652,0.3803599178791046,0.5095902681350708,-0.07926571369171143,0.4087730944156647,0.7732514142990112,-0.056015659123659134,0.40973562002182007,0.6649476885795593,-0.06577478349208832,0.4049508571624756,0.5992574691772461,-0.06708549708127975,0.3990688621997833,0.5526252388954163,-0.06676986813545227,please
0.34577322006225586,0.894366979598999,6.124863034528971e-07,0.30160149931907654,0.8380345106124878,-0.013926759362220764,0.28638917207717896,0.7492384314537048,-0.030779490247368813,0.2983267903327942,0.6705363988876343,-0.04294721409678459,0.31540101766586304,0.6210087537765503,-0.055675387382507324,0.2951735556125641,0.7747520208358765,-0.06546328961849213,0.3172210454940796,0.6455996632575989,-0.08771150559186935,0.3326752185821533,0.5658819675445557,-0.0967070683836937,0.3435421884059906,0.5085611343383789,-0.09993313252925873,0.3354894518852234,0.7973406314849854,-0.06623221188783646,0.35459932684898376,0.6551313996315002,-0.08659013360738754,0.3625364303588867,0.5651112794876099,-0.09267901629209518,0.3645232617855072,0.5010443925857544,-0.09656120091676712,0.3724398910999298,0.8049201965332031,-0.06396251916885376,0.3873773217201233,0.6662474274635315,-0.07805708050727844,0.38607093691825867,0.5817655324935913,-0.07999445497989655,0.37948527932167053,0.5255908370018005,-0.08008869737386703,0.4006781578063965,0.7970002889633179,-0.06147139146924019,0.40646693110466003,0.6794309020042419,-0.07062637060880661,0.40197044610977173,0.6114155054092407,-0.07035093009471893,0.39444977045059204,0.5656791925430298,-0.0688171237707138,please
0.3378646671772003,0.896923303604126,6.315087262009911e-07,0.2972344756126404,0.8376795053482056,-0.01530563086271286,0.2756575644016266,0.7482195496559143,-0.0329415537416935,0.2757970988750458,0.6690410375595093,-0.04557761177420616,0.27976882457733154,0.6133949756622314,-0.05870683118700981,0.2795853316783905,0.7899313569068909,-0.06957011669874191,0.3028833568096161,0.6616766452789307,-0.09301816672086716,0.31821173429489136,0.5797014236450195,-0.10249511897563934,0.3301655352115631,0.5182565450668335,-0.10638179630041122,0.3224015533924103,0.812332272529602,-0.0703609362244606,0.34004274010658264,0.6711430549621582,-0.09297085553407669,0.34941327571868896,0.5771015882492065,-0.10024293512105942,0.3529921770095825,0.5087981224060059,-0.10529790073633194,0.3614366948604584,0.8181428909301758,-0.0680926963686943,0.37551069259643555,0.6790133714675903,-0.08468043804168701,0.37561532855033875,0.5890709757804871,-0.08815006911754608,0.36976736783981323,0.5295911431312561,-0.08960168808698654,0.3915799558162689,0.8072300553321838,-0.06557773798704147,0.3934429883956909,0.6924542784690857,-0.07628922909498215,0.3879720866680145,0.6239067316055298,-0.077530138194561,0.3809686303138733,0.577609121799469,-0.0776866227388382,please
0.3226676285266876,0.9284238219261169,5.521304728972609e-07,0.2791943848133087,0.8798243999481201,-0.01350314449518919,0.2589866816997528,0.7947971224784851,-0.029904847964644432,0.26738032698631287,0.7140137553215027,-0.04207973927259445,0.2850901484489441,0.6608404517173767,-0.0545627698302269,0.26469239592552185,0.8165637850761414,-0.0598500519990921,0.27821165323257446,0.6923988461494446,-0.0824146717786789,0.2889915406703949,0.6128278374671936,-0.09194111824035645,0.29910603165626526,0.5538843870162964,-0.09593336284160614,0.30339115858078003,0.8291825652122498,-0.06170016899704933,0.31316348910331726,0.6940381526947021,-0.08275159448385239,0.3180065453052521,0.6062808632850647,-0.09022744745016098,0.3205086886882782,0.540259599685669,-0.0947486087679863,0.34091028571128845,0.829376757144928,-0.0611952543258667,0.34494340419769287,0.7004439830780029,-0.07628493756055832,0.34305354952812195,0.6178956031799316,-0.08036545664072037,0.3388576805591583,0.5584322810173035,-0.08215262740850449,0.37227433919906616,0.8186535239219666,-0.06055304780602455,0.3713689148426056,0.7171811461448669,-0.07067298144102097,0.3670761287212372,0.6543912887573242,-0.07237844169139862,0.36275514960289,0.6049771904945374,-0.07258505374193192,please
0.3234299421310425,0.9293225407600403,5.622612206934718e-07,0.27972936630249023,0.8806372880935669,-0.012026405893266201,0.2603989243507385,0.7898805737495422,-0.026964662596583366,0.26810523867607117,0.7030792236328125,-0.03712324798107147,0.28345268964767456,0.6478919982910156,-0.04746445268392563,0.2680651843547821,0.8213909864425659,-0.06240659952163696,0.2815747857093811,0.6918010711669922,-0.0815219059586525,0.29147636890411377,0.6119604110717773,-0.0873933807015419,0.3002755641937256,0.5535432696342468,-0.08848488330841064,0.3091275095939636,0.8395208120346069,-0.0629344955086708,0.3188454210758209,0.6989485621452332,-0.07980147749185562,0.3222218155860901,0.6100748181343079,-0.08272571116685867,0.32339245080947876,0.5464693307876587,-0.08446332812309265,0.34681251645088196,0.8408076167106628,-0.060381364077329636,0.3527509272098541,0.7044945359230042,-0.07136621326208115,0.3486044704914093,0.6225297451019287,-0.07130814343690872,0.34217068552970886,0.567049503326416,-0.0704280436038971,0.3768236041069031,0.8277533054351807,-0.057538893073797226,0.37466681003570557,0.7160154581069946,-0.06397468596696854,0.36802127957344055,0.6514366865158081,-0.06249355152249336,0.3607633709907532,0.6047011613845825,-0.060286857187747955,please
0.3161841630935669,0.9292792677879333,6.52684946089721e-07,0.27275973558425903,0.8759185075759888,-0.013907548040151596,0.2535640597343445,0.7834988832473755,-0.030358191579580307,0.2622099816799164,0.6978493332862854,-0.04198618605732918,0.27613234519958496,0.6475316286087036,-0.05377304553985596,0.2546304166316986,0.8330523371696472,-0.066584013402462,0.2716151475906372,0.7028408646583557,-0.08835481852293015,0.2840234637260437,0.6169477105140686,-0.09619198739528656,0.295285165309906,0.554398775100708,-0.098368339240551,0.29872971773147583,0.8540332913398743,-0.06760666519403458,0.31238722801208496,0.7085117101669312,-0.08768080174922943,0.31730785965919495,0.613530158996582,-0.09195364266633987,0.31908106803894043,0.5486432313919067,-0.09442654252052307,0.33882936835289,0.8553450107574463,-0.06568996608257294,0.3491991460323334,0.7136332988739014,-0.07904644310474396,0.34600117802619934,0.6257617473602295,-0.07982023805379868,0.33832162618637085,0.5708872079849243,-0.07900425046682358,0.37038132548332214,0.8393454551696777,-0.06376577913761139,0.37047094106674194,0.7196515202522278,-0.07105135172605515,0.36321404576301575,0.6497114896774292,-0.0697646215558052,0.35401734709739685,0.6038087606430054,-0.06767203658819199,please
0.3136180639266968,0.9282127618789673,6.856888603579137e-07,0.2707768678665161,0.8751197457313538,-0.014585391618311405,0.25410640239715576,0.7879584431648254,-0.03351014852523804,0.2659977078437805,0.7076685428619385,-0.047426529228687286,0.28374871611595154,0.6583771705627441,-0.06192473694682121,0.25017404556274414,0.8268750905990601,-0.07179558277130127,0.2687076926231384,0.6946707367897034,-0.09604208171367645,0.28177720308303833,0.6114357113838196,-0.10598438233137131,0.2929709553718567,0.550059974193573,-0.10960790514945984,0.2938884496688843,0.8472332954406738,-0.07306652516126633,0.3090322017669678,0.7013378739356995,-0.09664174914360046,0.3135772943496704,0.6080451607704163,-0.1029803529381752,0.3142539858818054,0.5437684059143066,-0.10665273666381836,0.3337876498699188,0.8483179211616516,-0.07111388444900513,0.3457689583301544,0.7054292559623718,-0.08669640868902206,0.34192633628845215,0.6175430417060852,-0.08826107531785965,0.33390411734580994,0.5619851350784302,-0.08785802870988846,0.364278644323349,0.833690881729126,-0.06905394792556763,0.36507532000541687,0.7139301300048828,-0.07722147554159164,0.35718846321105957,0.6453444957733154,-0.07584608346223831,0.3480922281742096,0.5997706055641174,-0.07373186200857162,please
0.3185771405696869,0.9228448867797852,7.017717962298775e-07,0.2763572931289673,0.870914876461029,-0.016043951734900475,0.2579066753387451,0.7809324264526367,-0.034817323088645935,0.2678534686565399,0.6956836581230164,-0.0482453778386116,0.28322547674179077,0.6429358124732971,-0.06230178847908974,0.2528638243675232,0.8252118825912476,-0.07280654460191727,0.2733564078807831,0.6918705701828003,-0.09708036482334137,0.28686702251434326,0.6083020567893982,-0.10707638412714005,0.2993655204772949,0.545468270778656,-0.11104455590248108,0.2973318099975586,0.8459890484809875,-0.07356644421815872,0.31290605664253235,0.7015917897224426,-0.09742091596126556,0.31860965490341187,0.6075063347816467,-0.10349687188863754,0.3217531442642212,0.5425843000411987,-0.10706116259098053,0.3383091688156128,0.8485953211784363,-0.07141194492578506,0.35089078545570374,0.7080514430999756,-0.08764535933732986,0.34765344858169556,0.6192929744720459,-0.08977039158344269,0.3408200144767761,0.5618495941162109,-0.08996309340000153,0.3708260655403137,0.8346766233444214,-0.06932200491428375,0.370888888835907,0.718956708908081,-0.07877980917692184,0.363416850566864,0.6492993831634521,-0.07875573635101318,0.35598430037498474,0.6012110710144043,-0.0777723416686058,please
0.32215234637260437,0.9183241128921509,5.941110998719523e-07,0.2819782495498657,0.8655116558074951,-0.013825607486069202,0.2648596167564392,0.7736989855766296,-0.02981649339199066,0.2712750732898712,0.6897397041320801,-0.04056166112422943,0.2813131809234619,0.6377105712890625,-0.05168996378779411,0.2697417140007019,0.8075156211853027,-0.06642623245716095,0.2870051860809326,0.6851175427436829,-0.08729435503482819,0.29862484335899353,0.604040265083313,-0.09537118673324585,0.3079322278499603,0.5438450574874878,-0.0982741117477417,0.3100395202636719,0.8322079181671143,-0.06678106635808945,0.325734406709671,0.6919650435447693,-0.08497774600982666,0.33135589957237244,0.6014382839202881,-0.0894695296883583,0.3330875635147095,0.5377293825149536,-0.09281766414642334,0.3474753797054291,0.8397505283355713,-0.06406181305646896,0.3609636425971985,0.7038014531135559,-0.07608012855052948,0.3597809076309204,0.6204090714454651,-0.07645868510007858,0.3547880947589874,0.5656617879867554,-0.07617433369159698,0.37776997685432434,0.8310365080833435,-0.06121372804045677,0.38012489676475525,0.7161253690719604,-0.06834637373685837,0.37519940733909607,0.650721549987793,-0.06688487529754639,0.3692162036895752,0.6056444048881531,-0.06508312374353409,please
0.3321197032928467,0.8964164853096008,6.656222808487655e-07,0.2882942259311676,0.8397594690322876,-0.019648302346467972,0.2687162756919861,0.7484654188156128,-0.04008923098444939,0.27683377265930176,0.6639693379402161,-0.05434789881110191,0.2927437722682953,0.6096264719963074,-0.06904913485050201,0.2738181948661804,0.7873166799545288,-0.07789543271064758,0.29651522636413574,0.6618442535400391,-0.10353603214025497,0.3103199601173401,0.5792306661605835,-0.11480429768562317,0.32177454233169556,0.5166511535644531,-0.11998904496431351,0.318219929933548,0.8120571970939636,-0.07675269991159439,0.33574286103248596,0.6747705340385437,-0.10152426362037659,0.3423728942871094,0.5819317102432251,-0.10997273027896881,0.3445737957954407,0.5150743126869202,-0.11580353230237961,0.3583108186721802,0.8179550766944885,-0.07243303954601288,0.3701147437095642,0.681132435798645,-0.08983686566352844,0.36856532096862793,0.5922181010246277,-0.09364132583141327,0.36237040162086487,0.5337983965873718,-0.09526470303535461,0.38820967078208923,0.806938111782074,-0.06822659075260162,0.3897659182548523,0.6924940347671509,-0.0794220119714737,0.3831755518913269,0.6246398687362671,-0.08100377768278122,0.3751246929168701,0.5784651041030884,-0.08122606575489044,please
0.33191201090812683,0.8964464664459229,6.639766638727451e-07,0.2883841395378113,0.8450009822845459,-0.016275493428111076,0.2712668180465698,0.7529152631759644,-0.03441667556762695,0.2843974232673645,0.6694897413253784,-0.04721342772245407,0.3048851191997528,0.6199380159378052,-0.06060139834880829,0.27207714319229126,0.7909854650497437,-0.0719229206442833,0.29284635186195374,0.6583582758903503,-0.09600504487752914,0.3069298267364502,0.574256181716919,-0.10571329295635223,0.3192063868045807,0.5127096772193909,-0.10944583266973495,0.31604093313217163,0.8124798536300659,-0.07196372002363205,0.33162179589271545,0.6693694591522217,-0.09544102102518082,0.3380905091762543,0.5739801526069641,-0.10312210768461227,0.34062477946281433,0.5057092905044556,-0.1080203428864479,0.35664159059524536,0.8136727809906006,-0.06894370913505554,0.3660842180252075,0.6728301048278809,-0.08520514518022537,0.3636396527290344,0.5830703377723694,-0.0896710455417633,0.3572915196418762,0.5222481489181519,-0.09146120399236679,0.3879605829715729,0.7966359257698059,-0.06579666584730148,0.3875003159046173,0.6798564195632935,-0.07573859393596649,0.37980160117149353,0.6114814281463623,-0.07750777900218964,0.37137576937675476,0.5622586607933044,-0.07776092737913132,please
0.32348817586898804,0.8742693066596985,6.466737545451906e-07,0.2815854549407959,0.8235940933227539,-0.01375110074877739,0.26428890228271484,0.7343854904174805,-0.03081178292632103,0.2764025330543518,0.6517147421836853,-0.042916204780340195,0.29447269439697266,0.6008275151252747,-0.0555526465177536,0.26065871119499207,0.7688788771629333,-0.0679461807012558,0.28117647767066956,0.6407895684242249,-0.09213592112064362,0.2969023883342743,0.557471752166748,-0.1027422621846199,0.31024619936943054,0.49793487787246704,-0.1072026714682579,0.30294686555862427,0.7921972274780273,-0.06931715458631516,0.318931519985199,0.6512340307235718,-0.0918956845998764,0.326495885848999,0.5589044690132141,-0.09891624003648758,0.3292279541492462,0.49281734228134155,-0.10351564735174179,0.34350088238716125,0.7969306707382202,-0.06781673431396484,0.3543354868888855,0.6590299606323242,-0.08363942056894302,0.3525826632976532,0.5732027292251587,-0.08647843450307846,0.34635108709335327,0.5156223177909851,-0.08735854178667068,0.37672165036201477,0.7841446995735168,-0.06603509187698364,0.37766534090042114,0.6702886819839478,-0.0764295905828476,0.3731333613395691,0.6000046730041504,-0.07754087448120117,0.3678135275840759,0.5471214056015015,-0.07722514122724533,please
0.32640647888183594,0.8407741785049438,7.291934593922633e-07,0.279805064201355,0.7879410982131958,-0.017088698223233223,0.2613705098628998,0.7021287679672241,-0.037356000393629074,0.2752402722835541,0.6217503547668457,-0.05183360353112221,0.29611629247665405,0.5719698667526245,-0.06682123988866806,0.26548150181770325,0.7412956953048706,-0.0744161605834961,0.2844078838825226,0.6077671051025391,-0.09948832541704178,0.29838988184928894,0.5223535299301147,-0.11007022112607956,0.3101870119571686,0.4619988203048706,-0.11412359029054642,0.31007128953933716,0.7607185244560242,-0.07412837445735931,0.32428690791130066,0.6120222806930542,-0.0967327356338501,0.32772526144981384,0.5165504217147827,-0.10253731906414032,0.32680290937423706,0.45231786370277405,-0.10641158372163773,0.34888043999671936,0.7609505653381348,-0.07087092101573944,0.3598693311214447,0.6179133057594299,-0.08554872870445251,0.35436639189720154,0.5287960171699524,-0.0872114822268486,0.3442309498786926,0.4725929796695709,-0.08754550665616989,0.377868115901947,0.7460798025131226,-0.06769364327192307,0.3809146583080292,0.6284092664718628,-0.07686051726341248,0.37473130226135254,0.5591955184936523,-0.07681851089000702,0.3654358386993408,0.5131789445877075,-0.07583809643983841,please
0.3237151801586151,0.8399588465690613,7.305700364668155e-07,0.2793183922767639,0.7827455997467041,-0.016249628737568855,0.2641504406929016,0.6911203861236572,-0.0374663807451725,0.2787623703479767,0.6067187786102295,-0.05312925577163696,0.29825425148010254,0.5562500357627869,-0.06949163973331451,0.25790783762931824,0.7369641065597534,-0.07969780266284943,0.2792096734046936,0.5984532237052917,-0.10636856406927109,0.2938407361507416,0.5137002468109131,-0.1171499490737915,0.3068353235721588,0.4524075388908386,-0.12121502310037613,0.3034484386444092,0.7613949775695801,-0.08096566796302795,0.31799042224884033,0.607005774974823,-0.10714871436357498,0.32370075583457947,0.5132141709327698,-0.11271599680185318,0.3260294198989868,0.4506107568740845,-0.11557977646589279,0.34553617238998413,0.7644270658493042,-0.0789361372590065,0.35518643260002136,0.6133882999420166,-0.09550001472234726,0.3506505787372589,0.5260415077209473,-0.09518976509571075,0.3427242040634155,0.47191697359085083,-0.09361406415700912,0.37825772166252136,0.7493741512298584,-0.07699375599622726,0.378391832113266,0.6255861520767212,-0.08498255908489227,0.37030476331710815,0.5583704710006714,-0.08269084990024567,0.36139926314353943,0.5134929418563843,-0.08025781810283661,please
0.3247969150543213,0.8466552495956421,6.882767138449708e-07,0.280419260263443,0.7872240543365479,-0.015762856230139732,0.26436540484428406,0.690214991569519,-0.03546762093901634,0.27931150794029236,0.6020941734313965,-0.049723368138074875,0.29926028847694397,0.5510404109954834,-0.06451218575239182,0.26116815209388733,0.7443063259124756,-0.07774937152862549,0.2818491458892822,0.6025649309158325,-0.10319232195615768,0.2975893020629883,0.5142123699188232,-0.11260349303483963,0.31069111824035645,0.45073848962783813,-0.1157086193561554,0.30769142508506775,0.7694345116615295,-0.07914526015520096,0.32388198375701904,0.6117605566978455,-0.1033925712108612,0.32942092418670654,0.514022171497345,-0.1084737554192543,0.32932978868484497,0.44886595010757446,-0.11147859692573547,0.3499607741832733,0.7720040678977966,-0.07724466174840927,0.3618514835834503,0.6192992329597473,-0.09315691888332367,0.3571542799472809,0.5275483131408691,-0.09384243935346603,0.346582293510437,0.47125712037086487,-0.09313470125198364,0.3826688826084137,0.7555139660835266,-0.07534858584403992,0.38316377997398376,0.628736138343811,-0.08411554992198944,0.37434646487236023,0.557687520980835,-0.08296846598386765,0.3628543019294739,0.5117440223693848,-0.08130045235157013,please
0.32727599143981934,0.850210428237915,7.608525720570469e-07,0.28282430768013,0.7916808724403381,-0.016251975670456886,0.26553022861480713,0.694234311580658,-0.03863036632537842,0.2796642482280731,0.606536865234375,-0.05543936416506767,0.3002908229827881,0.5538449883460999,-0.07338368892669678,0.2619713544845581,0.7445032596588135,-0.0835559293627739,0.2846265435218811,0.6036668419837952,-0.11031212657690048,0.3009769320487976,0.5163299441337585,-0.12088221311569214,0.31479546427726746,0.45206546783447266,-0.12525072693824768,0.3082789480686188,0.7719141244888306,-0.085708387196064,0.3253471553325653,0.6140398979187012,-0.11200114339590073,0.3316289782524109,0.5179404020309448,-0.11714368313550949,0.33348551392555237,0.4542894959449768,-0.12022184580564499,0.35136735439300537,0.7798525094985962,-0.08427554368972778,0.36574411392211914,0.6218537092208862,-0.10143302381038666,0.36215531826019287,0.5279939770698547,-0.10167887061834335,0.3533732295036316,0.4700798988342285,-0.10098718106746674,0.38532617688179016,0.7695658802986145,-0.08270493149757385,0.3883637487888336,0.6391116380691528,-0.0917806476354599,0.38155263662338257,0.5677926540374756,-0.09016206115484238,0.3726361095905304,0.5200843811035156,-0.08867298811674118,please
0.3305123746395111,0.8561368584632874,7.14903933385358e-07,0.285447895526886,0.8002290725708008,-0.014764728955924511,0.267048716545105,0.7061633467674255,-0.03461422398686409,0.27961137890815735,0.6190118193626404,-0.04909365251660347,0.29998016357421875,0.5680887699127197,-0.06446301937103271,0.2638416290283203,0.755394697189331,-0.07803285866975784,0.2849738597869873,0.613538384437561,-0.10355734825134277,0.30033981800079346,0.526528537273407,-0.11340853571891785,0.31437593698501587,0.463297963142395,-0.11697924882173538,0.3109844923019409,0.7776907682418823,-0.07958915084600449,0.32550516724586487,0.6215004324913025,-0.10439489036798477,0.3311547636985779,0.526358962059021,-0.11007510870695114,0.33253228664398193,0.4625846743583679,-0.11339421570301056,0.35394740104675293,0.7777353525161743,-0.07753035426139832,0.36406922340393066,0.6253567337989807,-0.09354780614376068,0.35950934886932373,0.5359063744544983,-0.09443662315607071,0.34987229108810425,0.48142239451408386,-0.09388069063425064,0.3871925473213196,0.7595594525337219,-0.07529506087303162,0.3860379457473755,0.6321890950202942,-0.0834590420126915,0.3773193359375,0.5650858283042908,-0.08177302032709122,0.3669030964374542,0.5220604538917542,-0.07977861166000366,please
0.32964009046554565,0.8497227430343628,7.488607707273331e-07,0.28317099809646606,0.7972867488861084,-0.01633608341217041,0.26258957386016846,0.7071932554244995,-0.037238456308841705,0.27490484714508057,0.6206424832344055,-0.052484482526779175,0.29447141289711,0.5689008831977844,-0.06867733597755432,0.26210296154022217,0.7487788200378418,-0.07974538207054138,0.2828938961029053,0.6102091670036316,-0.10559157282114029,0.2980402708053589,0.522405743598938,-0.11704444885253906,0.31097424030303955,0.4575027823448181,-0.12212997674942017,0.3087414801120758,0.770943284034729,-0.08068609237670898,0.3235962390899658,0.6208709478378296,-0.10513350367546082,0.3307555615901947,0.523041307926178,-0.11151236295700073,0.33375003933906555,0.4564647078514099,-0.11587497591972351,0.3514169752597809,0.773867130279541,-0.0781896710395813,0.3623451590538025,0.6217823624610901,-0.0939282700419426,0.3590694069862366,0.5299758315086365,-0.09620863199234009,0.351834774017334,0.47426778078079224,-0.09704194962978363,0.3843974769115448,0.7586081027984619,-0.07561124861240387,0.3829260766506195,0.6322354078292847,-0.0843239575624466,0.3751082420349121,0.5611245036125183,-0.08439210802316666,0.3669503629207611,0.5136050581932068,-0.083964504301548,please
0.3293503224849701,0.8483640551567078,7.148750000851578e-07,0.2852587401866913,0.7934346199035645,-0.015980413183569908,0.2667669653892517,0.701914370059967,-0.03639466315507889,0.27870094776153564,0.616869330406189,-0.051558852195739746,0.2988448143005371,0.5640982389450073,-0.06720118224620819,0.26537108421325684,0.7463019490242004,-0.07589508593082428,0.2851680517196655,0.6045219302177429,-0.10120651870965958,0.29987338185310364,0.5209140777587891,-0.11087538301944733,0.3130626678466797,0.4614179730415344,-0.11425710469484329,0.3103318512439728,0.7690367698669434,-0.07694332301616669,0.3225315809249878,0.6138519048690796,-0.10186273604631424,0.3280195891857147,0.5211136341094971,-0.10705600678920746,0.32965508103370667,0.45931562781333923,-0.1096973568201065,0.35117626190185547,0.7712526321411133,-0.0749368667602539,0.3597167432308197,0.6218264102935791,-0.09100635349750519,0.3568715751171112,0.533694863319397,-0.09135007113218307,0.3489153981208801,0.47866225242614746,-0.09020723402500153,0.38249480724334717,0.7561541795730591,-0.07298538833856583,0.38373440504074097,0.6307435631752014,-0.0810331180691719,0.37789246439933777,0.5645136833190918,-0.07917799800634384,0.36937883496284485,0.5213707089424133,-0.07705213874578476,please
0.33139967918395996,0.859764575958252,7.043736331979744e-07,0.28775715827941895,0.8005169034004211,-0.013444646261632442,0.26964494585990906,0.7081356048583984,-0.03262638300657272,0.28037890791893005,0.6240556836128235,-0.047026149928569794,0.29890748858451843,0.5724236965179443,-0.06202922761440277,0.2657208740711212,0.7527763247489929,-0.07332959771156311,0.2875612676143646,0.6170346736907959,-0.09883510321378708,0.3035253882408142,0.5322390794754028,-0.10926494002342224,0.31712180376052856,0.4700852036476135,-0.11336256563663483,0.31046628952026367,0.7776562571525574,-0.07581746578216553,0.32592207193374634,0.6236392855644226,-0.09999474883079529,0.33286118507385254,0.5281793475151062,-0.10540956258773804,0.33458834886550903,0.4633500277996063,-0.10857389867305756,0.35222816467285156,0.7818300724029541,-0.07509610801935196,0.3642979562282562,0.6313043832778931,-0.09070323407649994,0.3615596294403076,0.5399231314659119,-0.09099841117858887,0.35348623991012573,0.48205357789993286,-0.09003652632236481,0.38574835658073425,0.7683676481246948,-0.07427573949098587,0.38678011298179626,0.6420418620109558,-0.08248506486415863,0.3803330659866333,0.5716655850410461,-0.08076125383377075,0.3721338212490082,0.5245859622955322,-0.07872956991195679,please
0.33233320713043213,0.8800919055938721,6.967853778405697e-07,0.28702735900878906,0.8229074478149414,-0.018043044954538345,0.2681834101676941,0.7324841022491455,-0.040009044110774994,0.27872535586357117,0.649978518486023,-0.05590280517935753,0.2980878949165344,0.5974024534225464,-0.07269495725631714,0.27108126878738403,0.7775121927261353,-0.08342551440000534,0.2940124273300171,0.6437003016471863,-0.11113995313644409,0.3079932928085327,0.5572264790534973,-0.12324835360050201,0.3186253309249878,0.49299249053001404,-0.12888534367084503,0.3167244791984558,0.8009911775588989,-0.08355295658111572,0.33162644505500793,0.6509752869606018,-0.10923203080892563,0.33705151081085205,0.5558010339736938,-0.11636510491371155,0.33739227056503296,0.49066853523254395,-0.12146347761154175,0.3578946888446808,0.803837776184082,-0.0801360085606575,0.36949464678764343,0.6560403108596802,-0.09743592888116837,0.36513251066207886,0.56448894739151,-0.09975049644708633,0.3561028242111206,0.5078640580177307,-0.10054139047861099,0.389878511428833,0.7882819175720215,-0.07666479796171188,0.39038902521133423,0.6663716435432434,-0.08702795207500458,0.3816911578178406,0.5959237813949585,-0.08751710504293442,0.37163442373275757,0.5503014326095581,-0.08724086731672287,please
0.3323042392730713,0.8768667578697205,7.387466780528484e-07,0.28939351439476013,0.8231543302536011,-0.018842788413167,0.27019378542900085,0.7346137762069702,-0.04139450564980507,0.2809734642505646,0.6543279886245728,-0.057577479630708694,0.30038827657699585,0.6025427579879761,-0.0745573565363884,0.2703903913497925,0.779068112373352,-0.08531568944454193,0.2941844165325165,0.6440703868865967,-0.11245105415582657,0.3082427680492401,0.5582432150840759,-0.12368170917034149,0.31946009397506714,0.4942440986633301,-0.12872125208377838,0.3157348334789276,0.8044970631599426,-0.08489354699850082,0.3316992521286011,0.6556851863861084,-0.11230386048555374,0.3373599052429199,0.5586634874343872,-0.12031512707471848,0.33763378858566284,0.4907958507537842,-0.12564051151275635,0.3561275899410248,0.8078622817993164,-0.08072320371866226,0.3691421151161194,0.662340521812439,-0.0993780642747879,0.367175430059433,0.5709173083305359,-0.10241048783063889,0.35934919118881226,0.5122409462928772,-0.10338157415390015,0.38620829582214355,0.792219877243042,-0.07638270407915115,0.38948678970336914,0.6698713302612305,-0.08712132275104523,0.3829384446144104,0.5999484658241272,-0.08790510892868042,0.3741746246814728,0.5524075627326965,-0.08797523379325867,please
0.33619189262390137,0.8838098049163818,7.186587822616275e-07,0.29178690910339355,0.82909095287323,-0.01727249100804329,0.27289333939552307,0.7395327091217041,-0.03860928863286972,0.28354719281196594,0.6582944393157959,-0.05417017638683319,0.3031976521015167,0.6083776354789734,-0.07057327777147293,0.27315637469291687,0.7813633680343628,-0.0809919461607933,0.2952926754951477,0.6475746631622314,-0.10676915943622589,0.30893775820732117,0.5636559128761292,-0.11695484071969986,0.32051730155944824,0.5006284117698669,-0.12125405669212341,0.31939592957496643,0.8050827383995056,-0.08136259019374847,0.333575576543808,0.6590766310691833,-0.10770535469055176,0.3388821482658386,0.5638926029205322,-0.11536775529384613,0.33968791365623474,0.49719732999801636,-0.12032843381166458,0.36066049337387085,0.8075822591781616,-0.07804658263921738,0.37134480476379395,0.6620441675186157,-0.09648162126541138,0.3680996596813202,0.5696333646774292,-0.10022543370723724,0.3596053421497345,0.5099337697029114,-0.10143408179283142,0.39159369468688965,0.7915679812431335,-0.07439834624528885,0.3916228711605072,0.6685495972633362,-0.08469186723232269,0.38379716873168945,0.5986503958702087,-0.08537957072257996,0.37479010224342346,0.5510400533676147,-0.08518345654010773,please
0.33148929476737976,0.8871049880981445,7.115131666068919e-07,0.2915016710758209,0.8296087980270386,-0.0205267034471035,0.2737072706222534,0.7380780577659607,-0.04275289550423622,0.2802126705646515,0.6565077304840088,-0.058423325419425964,0.2929253876209259,0.60060715675354,-0.07456961274147034,0.26954156160354614,0.7908922433853149,-0.08487509191036224,0.2937786281108856,0.6618013978004456,-0.11391417682170868,0.308713436126709,0.5742586255073547,-0.12667536735534668,0.32068032026290894,0.5084606409072876,-0.13240846991539001,0.3150750994682312,0.815323531627655,-0.08397070318460464,0.33204153180122375,0.6685321927070618,-0.11241964995861053,0.33780020475387573,0.5706567764282227,-0.12111936509609222,0.3388771712779999,0.5028714537620544,-0.12669800221920013,0.3568972647190094,0.8167961239814758,-0.07984337210655212,0.36965295672416687,0.67411869764328,-0.099820576608181,0.36630117893218994,0.5810511708259583,-0.10344240069389343,0.35799843072891235,0.5202189087867737,-0.10462129861116409,0.38906165957450867,0.7987914085388184,-0.07582659274339676,0.39208778738975525,0.6813880205154419,-0.08825939893722534,0.38440442085266113,0.6094151735305786,-0.09003394842147827,0.37519919872283936,0.5587310194969177,-0.09042870998382568,please
0.33616599440574646,0.8880597949028015,7.324685498133476e-07,0.29053816199302673,0.8360155820846558,-0.019625624641776085,0.2672337293624878,0.7471252679824829,-0.04293537139892578,0.2719678580760956,0.6639670133590698,-0.05981389805674553,0.2850826382637024,0.6051020622253418,-0.07729284465312958,0.27331480383872986,0.8000843524932861,-0.08884496241807938,0.2959343492984772,0.6592445373535156,-0.11731947213411331,0.3091668486595154,0.5711008310317993,-0.12814472615718842,0.3202996850013733,0.5068623423576355,-0.13228891789913177,0.3185576796531677,0.821150541305542,-0.0882759541273117,0.3323231041431427,0.6675042510032654,-0.11688806116580963,0.3375323414802551,0.5686892867088318,-0.12320306897163391,0.33920687437057495,0.5034011602401733,-0.12694227695465088,0.3588137924671173,0.8191152811050415,-0.08414187282323837,0.3698796033859253,0.6676620841026306,-0.10313206911087036,0.36547553539276123,0.576819896697998,-0.1046840250492096,0.3569503426551819,0.520986795425415,-0.10457141697406769,0.3889700472354889,0.7987502813339233,-0.08009883016347885,0.3893365263938904,0.6732640266418457,-0.09096360951662064,0.38136935234069824,0.6028045415878296,-0.09147637337446213,0.37239688634872437,0.5567546486854553,-0.09124559909105301,please
0.32869160175323486,0.8936375975608826,6.791052555854549e-07,0.28446462750434875,0.8387004137039185,-0.015390852466225624,0.2644686698913574,0.7528483867645264,-0.03297159820795059,0.2720211446285248,0.6714401841163635,-0.04584343358874321,0.28536540269851685,0.6182783246040344,-0.058851100504398346,0.26347383856773376,0.7833765149116516,-0.064352847635746,0.2843391001224518,0.6579651832580566,-0.0884324386715889,0.2991343140602112,0.5776422619819641,-0.099461629986763,0.31194770336151123,0.5173286199569702,-0.10431329905986786,0.3071884214878082,0.7999805212020874,-0.06530122458934784,0.3227551579475403,0.6625295281410217,-0.08792296797037125,0.33075153827667236,0.5738387703895569,-0.09496709704399109,0.33432841300964355,0.5095610618591309,-0.09942411631345749,0.3473600447177887,0.8018625378608704,-0.06386768817901611,0.35927915573120117,0.6700546741485596,-0.07987308502197266,0.3591247797012329,0.5891656279563904,-0.0815468579530716,0.3537795841693878,0.5361347794532776,-0.08133506029844284,0.3787519335746765,0.790524959564209,-0.06256242096424103,0.3827919661998749,0.6811140775680542,-0.07188467681407928,0.37861964106559753,0.6158106327056885,-0.07137231528759003,0.37188005447387695,0.5699793100357056,-0.06986523419618607,please
0.32746538519859314,0.896378755569458,7.118459279809031e-07,0.28392183780670166,0.8440459966659546,-0.016737785190343857,0.264951229095459,0.7532928586006165,-0.03627067804336548,0.27382132411003113,0.6683099269866943,-0.05018823221325874,0.2887336313724518,0.6162642240524292,-0.06475508213043213,0.26458245515823364,0.7970152497291565,-0.0751328095793724,0.28451472520828247,0.6636653542518616,-0.0995442196726799,0.29743054509162903,0.5786983966827393,-0.1091746836900711,0.3087870478630066,0.5153624415397644,-0.11260565370321274,0.31006211042404175,0.8156407475471497,-0.07521110773086548,0.3232663571834564,0.6689378619194031,-0.09898281842470169,0.32791680097579956,0.5749446153640747,-0.10435216873884201,0.3291420340538025,0.5104168653488159,-0.10733674466609955,0.3506152629852295,0.8152897953987122,-0.07213178277015686,0.36020463705062866,0.6734371781349182,-0.0880005732178688,0.35609620809555054,0.5869659185409546,-0.08865411579608917,0.34775689244270325,0.5329902768135071,-0.08758741617202759,0.3816155195236206,0.7990506291389465,-0.06910557299852371,0.3789919316768646,0.6790367364883423,-0.07695842534303665,0.3715667128562927,0.6125019192695618,-0.07496348023414612,0.3638814091682434,0.5685164928436279,-0.07260283082723618,please
0.32073020935058594,0.8967025279998779,7.192995212790265e-07,0.2765270173549652,0.8420186638832092,-0.01328224129974842,0.258150577545166,0.7556107044219971,-0.03165097162127495,0.27021676301956177,0.6739242076873779,-0.04599297046661377,0.29008468985557556,0.6230338215827942,-0.060846585780382156,0.25432270765304565,0.7907761335372925,-0.06644118577241898,0.2721441686153412,0.6562564373016357,-0.09064380079507828,0.2865123152732849,0.575802743434906,-0.10080356895923615,0.2993977665901184,0.5166012048721313,-0.10483167320489883,0.29739537835121155,0.8076581954956055,-0.06893870234489441,0.308834046125412,0.6619735360145569,-0.09235262125730515,0.31579241156578064,0.5715786814689636,-0.09845650941133499,0.31965500116348267,0.5085228681564331,-0.10188139230012894,0.3375316560268402,0.8091925382614136,-0.06879425048828125,0.3454444706439972,0.6745838522911072,-0.08439159393310547,0.3456577956676483,0.5928441286087036,-0.08553903549909592,0.34215426445007324,0.5405343770980835,-0.0847933366894722,0.3701052665710449,0.7955931425094604,-0.06870171427726746,0.3680587410926819,0.6827739477157593,-0.07681279629468918,0.3631422519683838,0.6165416836738586,-0.0756031796336174,0.3586239516735077,0.5700143575668335,-0.07368852198123932,please
0.3207181692123413,0.9089159965515137,6.643339247602853e-07,0.2779777944087982,0.851211667060852,-0.011126461438834667,0.26054054498672485,0.7638278007507324,-0.027655109763145447,0.271485298871994,0.6810306310653687,-0.040018901228904724,0.2887307405471802,0.6293777227401733,-0.052533749490976334,0.2516772150993347,0.803798258304596,-0.0645008385181427,0.2706201374530792,0.6659371256828308,-0.0884319320321083,0.28505027294158936,0.5833371877670288,-0.09854524582624435,0.2981952726840973,0.5233563780784607,-0.10190954059362411,0.29571041464805603,0.8249534368515015,-0.06708605587482452,0.308023601770401,0.6712245941162109,-0.08924388885498047,0.31408804655075073,0.5772143602371216,-0.09517338871955872,0.31663841009140015,0.512474536895752,-0.09844015538692474,0.3363499343395233,0.8246164917945862,-0.06669913977384567,0.3445872366428375,0.6765294075012207,-0.0810704231262207,0.3410547971725464,0.5904699563980103,-0.08181765675544739,0.3342403769493103,0.535523533821106,-0.080721914768219,0.3685251474380493,0.8060551881790161,-0.0661410465836525,0.3639932870864868,0.6849990487098694,-0.07216272503137589,0.3552590310573578,0.6203789710998535,-0.06923756003379822,0.34690624475479126,0.5764005780220032,-0.06605535000562668,please
0.3213050663471222,0.906476616859436,6.587870302610099e-07,0.2748774588108063,0.8543356657028198,-0.01220372598618269,0.25362664461135864,0.7666909098625183,-0.02948136255145073,0.2636941075325012,0.6808487176895142,-0.04233882948756218,0.28243234753608704,0.6267370581626892,-0.05556982383131981,0.25276118516921997,0.803463339805603,-0.06760445237159729,0.269114226102829,0.6689842939376831,-0.09097050130367279,0.2818288803100586,0.5859805345535278,-0.10026057064533234,0.2934373915195465,0.5247842669487,-0.10345857590436935,0.29767054319381714,0.8215090036392212,-0.06970147788524628,0.3073285222053528,0.6768418550491333,-0.09221715480089188,0.31115689873695374,0.5836676359176636,-0.09792011231184006,0.3116578757762909,0.5178723931312561,-0.10108618438243866,0.3380357027053833,0.8211832642555237,-0.06859515607357025,0.3446800708770752,0.6791303753852844,-0.08411038666963577,0.34094110131263733,0.5944770574569702,-0.08535835891962051,0.3329888582229614,0.5412867069244385,-0.08438367396593094,0.3697076737880707,0.8055751323699951,-0.06718692928552628,0.36338675022125244,0.6862806081771851,-0.07500161975622177,0.35387492179870605,0.6237989068031311,-0.07308676838874817,0.3443206250667572,0.5836989283561707,-0.07033220678567886,please
0.3312399983406067,0.9087742567062378,6.294873742263007e-07,0.2878398001194,0.8608283996582031,-0.012904814444482327,0.2643984258174896,0.7756107449531555,-0.02833463065326214,0.26684412360191345,0.6919510364532471,-0.039449408650398254,0.27361905574798584,0.6348575353622437,-0.05073278397321701,0.26677846908569336,0.8009735941886902,-0.06045278161764145,0.2844715416431427,0.6728933453559875,-0.08227154612541199,0.29637372493743896,0.5908568501472473,-0.09168415516614914,0.30667412281036377,0.5295487642288208,-0.09551393240690231,0.30863094329833984,0.8129404783248901,-0.06181228905916214,0.3222302496433258,0.6771471500396729,-0.08286764472723007,0.3272566497325897,0.5870912671089172,-0.08968954533338547,0.3280888795852661,0.5222046375274658,-0.09413103759288788,0.34664177894592285,0.8112097978591919,-0.06068579480051994,0.35912254452705383,0.6797019839286804,-0.07621724903583527,0.3560681641101837,0.5974372029304504,-0.07989204674959183,0.34804126620292664,0.5433616638183594,-0.08112723380327225,0.3770045042037964,0.7965091466903687,-0.05932636931538582,0.3776872754096985,0.6862632632255554,-0.06898076087236404,0.3715681731700897,0.6210208535194397,-0.0702553242444992,0.36442506313323975,0.5748420357704163,-0.07012389600276947,please
0.33753231167793274,0.8976011872291565,6.654057074229058e-07,0.29240915179252625,0.8446311950683594,-0.0157704446464777,0.27008265256881714,0.7609007954597473,-0.03498632833361626,0.27481481432914734,0.6826671957969666,-0.04913392290472984,0.28640681505203247,0.6291472911834717,-0.0637221559882164,0.2745142877101898,0.7944873571395874,-0.07119223475456238,0.2947399914264679,0.6679325699806213,-0.09570898860692978,0.3081216812133789,0.5857883095741272,-0.10621684789657593,0.3195754885673523,0.5251415967941284,-0.11059707403182983,0.31913673877716064,0.8142884969711304,-0.07196420431137085,0.3337428569793701,0.6747004985809326,-0.09475398808717728,0.339719295501709,0.5824939608573914,-0.10085874795913696,0.3413293659687042,0.5190207362174988,-0.10488621145486832,0.3590502440929413,0.8173164129257202,-0.06983057409524918,0.3691696524620056,0.6812369227409363,-0.08530592918395996,0.3655994236469269,0.5952892303466797,-0.08653236925601959,0.35719025135040283,0.5407469272613525,-0.0863235592842102,0.3896592855453491,0.8039447069168091,-0.06773697584867477,0.39001190662384033,0.6907944083213806,-0.07704131305217743,0.38301199674606323,0.622433602809906,-0.07659965008497238,0.3739643096923828,0.5764918327331543,-0.07531017810106277,please
0.3370932638645172,0.9034560918807983,6.728371317876736e-07,0.2935875356197357,0.8409584760665894,-0.016903944313526154,0.2765139043331146,0.7467589378356934,-0.036940839141607285,0.28782519698143005,0.663524329662323,-0.05212590843439102,0.3055911660194397,0.612409234046936,-0.06773757934570312,0.2703988552093506,0.802435040473938,-0.07384151965379715,0.29356399178504944,0.6729350090026855,-0.10002230852842331,0.30832231044769287,0.5877827405929565,-0.1111043244600296,0.32148993015289307,0.5238617658615112,-0.11580093950033188,0.31659671664237976,0.8254942893981934,-0.07542064040899277,0.33111003041267395,0.682349681854248,-0.10073664784431458,0.3369499444961548,0.5849938988685608,-0.10849110037088394,0.33942702412605286,0.5171427726745605,-0.11359258741140366,0.3581548035144806,0.8256967067718506,-0.07421108335256577,0.3691342771053314,0.682007908821106,-0.09253546595573425,0.36452004313468933,0.5894675254821777,-0.09606614708900452,0.3552766442298889,0.5316166877746582,-0.0968942642211914,0.3911406397819519,0.8064019083976746,-0.07321085780858994,0.3905979096889496,0.6853563785552979,-0.08358296751976013,0.38042691349983215,0.6173706650733948,-0.08394218981266022,0.36847248673439026,0.574394702911377,-0.08323536068201065,please
0.3299604654312134,0.9002924561500549,6.527277491841232e-07,0.2861819863319397,0.8431676030158997,-0.01704598404467106,0.2672170400619507,0.7503209710121155,-0.03583124279975891,0.2763441205024719,0.6657208204269409,-0.0488438680768013,0.29137682914733887,0.6128959655761719,-0.061834584921598434,0.26931121945381165,0.8049324750900269,-0.07252168655395508,0.29170599579811096,0.6755650043487549,-0.09568478912115097,0.30468639731407166,0.5885202288627625,-0.10481760650873184,0.315830260515213,0.526597797870636,-0.10801269114017487,0.3158494830131531,0.8282996416091919,-0.07190073281526566,0.33264973759651184,0.6782361268997192,-0.09261052310466766,0.3349267244338989,0.5862559080123901,-0.09712354093790054,0.3328850269317627,0.5277543067932129,-0.10019215941429138,0.35593509674072266,0.8287150859832764,-0.068221315741539,0.3673492670059204,0.679425835609436,-0.08196801692247391,0.359417200088501,0.5921763181686401,-0.08202596008777618,0.3469546437263489,0.542873740196228,-0.0810048058629036,0.3858848810195923,0.810657262802124,-0.06470470875501633,0.38621222972869873,0.6875244379043579,-0.07184913009405136,0.3758164942264557,0.6200979351997375,-0.06985539197921753,0.3622104823589325,0.5806708335876465,-0.06756162643432617,please
0.3276018798351288,0.9186482429504395,6.54859604765079e-07,0.28473737835884094,0.8686659932136536,-0.016909034922719002,0.2628107964992523,0.7780774235725403,-0.03622417524456978,0.269930899143219,0.6922040581703186,-0.049951326102018356,0.2832576036453247,0.6374546885490417,-0.06396666169166565,0.2633812725543976,0.8206722736358643,-0.0767286941409111,0.28155240416526794,0.6811836957931519,-0.10165020823478699,0.29450979828834534,0.5968893766403198,-0.11116602271795273,0.3060383200645447,0.5360998511314392,-0.11436785012483597,0.30680084228515625,0.8425964117050171,-0.07670383900403976,0.31782853603363037,0.6897456645965576,-0.0999702513217926,0.32333895564079285,0.5958734154701233,-0.10534773766994476,0.3260025382041931,0.5337703824043274,-0.10850662738084793,0.34730491042137146,0.8438044786453247,-0.07346993684768677,0.35575002431869507,0.6976780891418457,-0.088220976293087,0.3531239628791809,0.6142144203186035,-0.08822271972894669,0.34720930457115173,0.5643057823181152,-0.08704733103513718,0.37912797927856445,0.8271324634552002,-0.07042800635099411,0.3763682246208191,0.7060694098472595,-0.07825460284948349,0.3679368495941162,0.6390524506568909,-0.0767468810081482,0.35908904671669006,0.5963400602340698,-0.07466785609722137,please
0.32490697503089905,0.9205008745193481,6.802877692280163e-07,0.2793774902820587,0.8719936013221741,-0.014416908845305443,0.2591380476951599,0.7863125801086426,-0.03341154754161835,0.26997140049934387,0.702321469783783,-0.04724638909101486,0.2892815172672272,0.6491977572441101,-0.061510149389505386,0.2589811682701111,0.8268151879310608,-0.07307840883731842,0.27552273869514465,0.6886762976646423,-0.09763430058956146,0.28749600052833557,0.605311393737793,-0.10729951411485672,0.2990093529224396,0.5435131788253784,-0.11084578931331635,0.30368706583976746,0.8409523367881775,-0.07406125962734222,0.31334689259529114,0.6923518180847168,-0.09699561446905136,0.3171365559101105,0.6003263592720032,-0.10236375033855438,0.31899547576904297,0.5362431406974792,-0.10572468489408493,0.3435449004173279,0.8363533616065979,-0.07192155718803406,0.3483896851539612,0.695129930973053,-0.08658038824796677,0.34467411041259766,0.611635684967041,-0.08787334710359573,0.33853623270988464,0.5589721202850342,-0.08774683624505997,0.37426304817199707,0.8157305121421814,-0.06975916773080826,0.369344025850296,0.7005415558815002,-0.07708115875720978,0.36103686690330505,0.6370096802711487,-0.07616163045167923,0.3530687093734741,0.5937421917915344,-0.07478674501180649,please
0.3234962522983551,0.9257603883743286,6.980505418141547e-07,0.28188440203666687,0.8707477450370789,-0.015477743931114674,0.26228928565979004,0.780422031879425,-0.035566531121730804,0.269401490688324,0.6959788799285889,-0.050429824739694595,0.28118956089019775,0.640510082244873,-0.06584247201681137,0.2591366171836853,0.8251891732215881,-0.07735894620418549,0.27815189957618713,0.6864121556282043,-0.1036452203989029,0.29150593280792236,0.600778341293335,-0.11410937458276749,0.3031647801399231,0.5384323596954346,-0.11774022877216339,0.30174678564071655,0.8478057384490967,-0.0787881463766098,0.3171667456626892,0.6952724456787109,-0.10444775223731995,0.32260143756866455,0.6004050374031067,-0.1096646636724472,0.324307382106781,0.5380743741989136,-0.11221388727426529,0.34151744842529297,0.851587176322937,-0.07704414427280426,0.35591360926628113,0.704026997089386,-0.09443673491477966,0.35259297490119934,0.6158139109611511,-0.09511275589466095,0.34430384635925293,0.5615684390068054,-0.09393075853586197,0.3734566867351532,0.83897465467453,-0.07520060241222382,0.37563586235046387,0.7164233326911926,-0.08419986069202423,0.3683463931083679,0.6484575271606445,-0.08246145397424698,0.35956907272338867,0.6056259274482727,-0.08021173626184464,please
0.3344079256057739,0.918828010559082,6.67353617700428e-07,0.28786686062812805,0.8692653775215149,-0.017753606662154198,0.2653864622116089,0.7844928503036499,-0.038369860500097275,0.2746732532978058,0.7018117308616638,-0.05312785878777504,0.29220616817474365,0.6495928764343262,-0.06839346885681152,0.2780056297779083,0.814274251461029,-0.07632320374250412,0.2927919030189514,0.6813042163848877,-0.1000739261507988,0.3027482032775879,0.5988295078277588,-0.1097094714641571,0.3118534982204437,0.5380263924598694,-0.11347213387489319,0.32152286171913147,0.8321163058280945,-0.07541073858737946,0.3325093388557434,0.6882950663566589,-0.09798777103424072,0.3351563513278961,0.5968416333198547,-0.1033952608704567,0.33538559079170227,0.5347541570663452,-0.10684220492839813,0.358756422996521,0.8348520994186401,-0.07126624137163162,0.3676876723766327,0.6924651265144348,-0.08615332841873169,0.36155956983566284,0.6068581938743591,-0.08775415271520615,0.35283878445625305,0.5550016760826111,-0.08781396597623825,0.3860009014606476,0.823345422744751,-0.06710824370384216,0.383616179227829,0.7074583768844604,-0.07519252598285675,0.37491700053215027,0.6404805779457092,-0.07450922578573227,0.3658652901649475,0.5981806516647339,-0.0732366293668747,please
0.33750295639038086,0.9197606444358826,6.541472998833342e-07,0.2944084703922272,0.8681637048721313,-0.0171502772718668,0.2730977237224579,0.7748984098434448,-0.037042632699012756,0.27980339527130127,0.6903324723243713,-0.0513065829873085,0.2939804792404175,0.6364619135856628,-0.06608956307172775,0.27100473642349243,0.8243172764778137,-0.07962394505739212,0.2905769348144531,0.686980128288269,-0.10569512099027634,0.3049456477165222,0.6021803617477417,-0.11544110625982285,0.3171769380569458,0.5406714677810669,-0.11916393041610718,0.3156391680240631,0.8451492786407471,-0.08024398237466812,0.3285309374332428,0.6969416737556458,-0.1070161834359169,0.33447933197021484,0.6022812128067017,-0.11466256529092789,0.33599352836608887,0.5375763773918152,-0.11926334351301193,0.35703811049461365,0.8437426686286926,-0.07746075093746185,0.3657133877277374,0.6975714564323425,-0.09617844223976135,0.36195194721221924,0.6068328619003296,-0.09977168589830399,0.3532950282096863,0.5486405491828918,-0.10083860158920288,0.38868099451065063,0.8243319392204285,-0.07452342659235,0.38779646158218384,0.7037325501441956,-0.0855027437210083,0.3792937397956848,0.6346373558044434,-0.08676107227802277,0.3693459630012512,0.5884554982185364,-0.08676764369010925,please
0.3361567258834839,0.9229776263237,6.284953428803419e-07,0.291064977645874,0.8635547757148743,-0.016517944633960724,0.2713674306869507,0.7689101099967957,-0.03620803356170654,0.28042277693748474,0.683008074760437,-0.05080309882760048,0.2963109612464905,0.6281371116638184,-0.06584712117910385,0.27620720863342285,0.8190953135490417,-0.0739278495311737,0.29758691787719727,0.68539959192276,-0.09791682660579681,0.31070536375045776,0.6026008725166321,-0.10681936144828796,0.3209516108036041,0.541671872138977,-0.11014153808355331,0.3212437927722931,0.8419131636619568,-0.07477296143770218,0.33518633246421814,0.6931894421577454,-0.09774038940668106,0.3402399718761444,0.6011362671852112,-0.10323303192853928,0.34140923619270325,0.5400999784469604,-0.10685166716575623,0.3614027500152588,0.8446024656295776,-0.07263566553592682,0.37201395630836487,0.6960768103599548,-0.08836406469345093,0.3679189682006836,0.6071872115135193,-0.09032829105854034,0.3589187562465668,0.5531536340713501,-0.09062842279672623,0.39258867502212524,0.8288246989250183,-0.0705682709813118,0.39110320806503296,0.7059890031814575,-0.07937847822904587,0.3813612759113312,0.6379725337028503,-0.07930633425712585,0.36985915899276733,0.5961218476295471,-0.07862748950719833,please
0.33688968420028687,0.9264360666275024,6.321548653431819e-07,0.2969732880592346,0.8661453127861023,-0.01565537042915821,0.2753172218799591,0.7719568014144897,-0.03379667177796364,0.27533847093582153,0.6876512765884399,-0.046846311539411545,0.27948978543281555,0.6291150450706482,-0.06032111868262291,0.2754689157009125,0.8226609230041504,-0.07202886044979095,0.2993769645690918,0.6881498098373413,-0.09613852202892303,0.31389307975769043,0.604167103767395,-0.10521843284368515,0.3249923288822174,0.5421749949455261,-0.10832080245018005,0.3185204267501831,0.8476616144180298,-0.07269187271595001,0.3360368311405182,0.6978135704994202,-0.09621972590684891,0.3428971767425537,0.6039654016494751,-0.10262865573167801,0.344651997089386,0.5406827926635742,-0.10659297555685043,0.3583763539791107,0.8525949716567993,-0.07021172344684601,0.3729579448699951,0.7058945894241333,-0.08688408881425858,0.37151557207107544,0.616935133934021,-0.0893268883228302,0.3638569414615631,0.5616486072540283,-0.08965077996253967,0.3898642957210541,0.8388568758964539,-0.06753567606210709,0.39158084988594055,0.7166047096252441,-0.0774688795208931,0.3841930031776428,0.647270679473877,-0.07769158482551575,0.37434956431388855,0.6030168533325195,-0.07687296718358994,please
0.3382774293422699,0.9219224452972412,6.586284371223883e-07,0.2980443835258484,0.864730954170227,-0.017847880721092224,0.2744954526424408,0.7721718549728394,-0.036505792289972305,0.2714199423789978,0.6900453567504883,-0.04953427612781525,0.270785391330719,0.6294845342636108,-0.06305762380361557,0.2759566605091095,0.8208813071250916,-0.07410196214914322,0.29872623085975647,0.6892105340957642,-0.09894182533025742,0.3120066225528717,0.6046110987663269,-0.1086505874991417,0.3225818872451782,0.541616678237915,-0.11234448105096817,0.32005053758621216,0.8439322710037231,-0.07380467653274536,0.3358469009399414,0.6994538307189941,-0.098756805062294,0.34245726466178894,0.6035621166229248,-0.1060025617480278,0.3439364731311798,0.5366690158843994,-0.11042941361665726,0.36001643538475037,0.8475683927536011,-0.0706050843000412,0.37230464816093445,0.7044891119003296,-0.08866329491138458,0.36985525488853455,0.6114622950553894,-0.09207536280155182,0.3613801598548889,0.5515595078468323,-0.09293276071548462,0.3909885287284851,0.8329892158508301,-0.06732023507356644,0.39149239659309387,0.7131243944168091,-0.07864963263273239,0.38475340604782104,0.6409229040145874,-0.07998932898044586,0.37575802206993103,0.5935693979263306,-0.07987037301063538,please
0.33248716592788696,0.9193074107170105,6.692793590445945e-07,0.2913164496421814,0.8631322383880615,-0.02024483121931553,0.27234798669815063,0.7712054252624512,-0.04112548008561134,0.276462197303772,0.687254011631012,-0.05541163682937622,0.2853737473487854,0.6291810870170593,-0.07016156613826752,0.27259117364883423,0.8233441114425659,-0.08151712268590927,0.29475030303001404,0.6907638311386108,-0.10811103135347366,0.3085048496723175,0.605667233467102,-0.11885111033916473,0.3200748562812805,0.5433052778244019,-0.12315931916236877,0.31877264380455017,0.8466824889183044,-0.08015672117471695,0.33501073718070984,0.7028910517692566,-0.10800714790821075,0.33922457695007324,0.6073811054229736,-0.11717589199542999,0.33869999647140503,0.5416958928108215,-0.1228051707148552,0.3600427508354187,0.8478100299835205,-0.07541852444410324,0.37131983041763306,0.7049210071563721,-0.09532180428504944,0.36657142639160156,0.6103294491767883,-0.10014421492815018,0.3564877510070801,0.5489917993545532,-0.10190596431493759,0.3897016644477844,0.8297748565673828,-0.07056935876607895,0.3902701437473297,0.7124100923538208,-0.08262095600366592,0.38141557574272156,0.6411712765693665,-0.08435606211423874,0.3708409070968628,0.5933607816696167,-0.08461011946201324,please
0.34040480852127075,0.9233365058898926,6.95629125857522e-07,0.29259127378463745,0.8666070699691772,-0.018334895372390747,0.2744777500629425,0.7782500386238098,-0.04071363806724548,0.2901481091976166,0.6959620714187622,-0.05756973475217819,0.3134077787399292,0.6436402797698975,-0.07446257770061493,0.27753669023513794,0.8247315883636475,-0.0778079703450203,0.29877057671546936,0.6896536946296692,-0.10395722836256027,0.31307196617126465,0.6082852482795715,-0.11472851783037186,0.3252231478691101,0.5460889339447021,-0.11917722970247269,0.32298582792282104,0.843464195728302,-0.07795523852109909,0.33702728152275085,0.6957249045372009,-0.10257559269666672,0.34256377816200256,0.605073094367981,-0.10829414427280426,0.34565481543540955,0.5425320267677307,-0.11171340197324753,0.36275383830070496,0.8437598943710327,-0.07520619034767151,0.3721058964729309,0.6984703540802002,-0.09216924011707306,0.36776718497276306,0.6087072491645813,-0.0940486341714859,0.36085349321365356,0.552603006362915,-0.09386851638555527,0.3936167359352112,0.8272542953491211,-0.07267425209283829,0.39099499583244324,0.7080410718917847,-0.08076842129230499,0.38150498270988464,0.6424723267555237,-0.07927189767360687,0.37249284982681274,0.6004735231399536,-0.0775466039776802,please
0.3362465798854828,0.9276372194290161,5.862023044755915e-07,0.292379230260849,0.8681540489196777,-0.01732378825545311,0.2707102596759796,0.7748342752456665,-0.036782827228307724,0.2748958170413971,0.6874992251396179,-0.05052203685045242,0.28385794162750244,0.627459704875946,-0.06447417289018631,0.2815972864627838,0.8209644556045532,-0.07646848261356354,0.30252915620803833,0.6894176006317139,-0.10061291605234146,0.3147824704647064,0.6062066555023193,-0.10939925909042358,0.3231799304485321,0.543770432472229,-0.11270003765821457,0.3248547315597534,0.8447625637054443,-0.07603196054697037,0.3390789031982422,0.7007282972335815,-0.0994255542755127,0.343627005815506,0.6078146696090698,-0.10541853308677673,0.3431825637817383,0.5434736609458923,-0.10953771322965622,0.36301442980766296,0.8491960167884827,-0.0723237618803978,0.37497642636299133,0.7069719433784485,-0.08933824300765991,0.3710644245147705,0.6168450713157654,-0.09254399687051773,0.3617636263370514,0.5594912171363831,-0.09364284574985504,0.3919718861579895,0.8359147906303406,-0.06843043118715286,0.3921920657157898,0.7159576416015625,-0.07997725158929825,0.3838486969470978,0.6460391283035278,-0.08196521550416946,0.373521089553833,0.6010373830795288,-0.08239549398422241,please
0.3383747637271881,0.9169859886169434,6.23535925114993e-07,0.2949749529361725,0.8613050580024719,-0.01660040020942688,0.27210474014282227,0.7715728878974915,-0.03577769175171852,0.27497342228889465,0.6875420808792114,-0.04937838017940521,0.2866259813308716,0.6300460696220398,-0.06313291192054749,0.2776273787021637,0.8167479038238525,-0.07467290014028549,0.29872968792915344,0.6855524778366089,-0.09891820698976517,0.31212714314460754,0.6040528416633606,-0.10760238766670227,0.3234531879425049,0.5436290502548218,-0.1105351448059082,0.32177698612213135,0.8388874530792236,-0.07450144737958908,0.3355705738067627,0.692112922668457,-0.09736062586307526,0.3409527838230133,0.6003285050392151,-0.10256055742502213,0.34240972995758057,0.5373916029930115,-0.10588423907756805,0.36156830191612244,0.840772807598114,-0.0711766928434372,0.3713829219341278,0.6970215439796448,-0.0867772176861763,0.36766788363456726,0.611521303653717,-0.08770464360713959,0.35925692319869995,0.557799756526947,-0.08718141913414001,0.3922141194343567,0.8247730135917664,-0.06780001521110535,0.3914478123188019,0.7072879672050476,-0.07704789936542511,0.38314223289489746,0.6384150981903076,-0.07693241536617279,0.37262046337127686,0.593369722366333,-0.07582976669073105,please
0.3358861207962036,0.9155646562576294,6.076614340599917e-07,0.29491114616394043,0.8577606678009033,-0.0187552347779274,0.27044612169265747,0.7626184225082397,-0.03869221359491348,0.26976096630096436,0.6768490672111511,-0.05253982916474342,0.27532315254211426,0.6159613132476807,-0.06651909649372101,0.28005698323249817,0.8166448473930359,-0.07953193783760071,0.30196475982666016,0.6835269927978516,-0.10450328141450882,0.3142327070236206,0.601521372795105,-0.11326207220554352,0.32299327850341797,0.5406370162963867,-0.11635886877775192,0.32197415828704834,0.8437775373458862,-0.07867314666509628,0.3378545045852661,0.6934102773666382,-0.1024828776717186,0.34297141432762146,0.6008177995681763,-0.10756684094667435,0.34418827295303345,0.5392564535140991,-0.11105556041002274,0.36002612113952637,0.849081814289093,-0.074676513671875,0.3746030330657959,0.7007659673690796,-0.0912681370973587,0.37135735154151917,0.6130471229553223,-0.0927409902215004,0.36340636014938354,0.5588959455490112,-0.09284919500350952,0.38948068022727966,0.8349184393882751,-0.07075505703687668,0.3923065960407257,0.7114462852478027,-0.08172217756509781,0.38459786772727966,0.6414785385131836,-0.08288378268480301,0.3748239278793335,0.597193717956543,-0.08294695615768433,please
0.3423578143119812,0.9083684086799622,6.282857611950021e-07,0.29720285534858704,0.8567924499511719,-0.017115676775574684,0.272922545671463,0.7690975069999695,-0.03451080992817879,0.27097126841545105,0.6852236986160278,-0.04618621617555618,0.27319273352622986,0.6255073547363281,-0.058291707187891006,0.28092071413993835,0.8084425926208496,-0.07021225988864899,0.3017456531524658,0.6781225204467773,-0.09243575483560562,0.3137858211994171,0.5977766513824463,-0.10065492242574692,0.32443952560424805,0.5374298691749573,-0.10377030819654465,0.32719093561172485,0.8248696327209473,-0.06918764114379883,0.3398241698741913,0.6870565414428711,-0.09238258749246597,0.3435363173484802,0.5953752994537354,-0.10014063864946365,0.34404078125953674,0.529971182346344,-0.10518723726272583,0.36728960275650024,0.8245107531547546,-0.06507429480552673,0.3753640949726105,0.6878145337104797,-0.0821470245718956,0.3694128394126892,0.5971012115478516,-0.08758998662233353,0.3594757914543152,0.5375279188156128,-0.0901142805814743,0.3963549733161926,0.8076017498970032,-0.06062832847237587,0.3941025733947754,0.6953079104423523,-0.07157092541456223,0.3842089772224426,0.6271876692771912,-0.07423346489667892,0.3732760548591614,0.5805540084838867,-0.07525786012411118,please
0.33549878001213074,0.9041105508804321,6.90227466293436e-07,0.29466402530670166,0.8476227521896362,-0.02062699943780899,0.2732120752334595,0.7582588791847229,-0.0423680804669857,0.2734827399253845,0.6784936785697937,-0.05766025185585022,0.2776426672935486,0.6209286451339722,-0.07369587570428848,0.2748914659023285,0.7989634275436401,-0.08229029178619385,0.30085277557373047,0.667953372001648,-0.10799921303987503,0.3162648677825928,0.5865423083305359,-0.11817406862974167,0.32761433720588684,0.5251162052154541,-0.12250147759914398,0.319804310798645,0.824363112449646,-0.08072797954082489,0.3384065330028534,0.6828600764274597,-0.10744594782590866,0.3459649384021759,0.5895147323608398,-0.11539878696203232,0.3478194773197174,0.5253069400787354,-0.12057770788669586,0.36040258407592773,0.8322884440422058,-0.07580767571926117,0.3763338029384613,0.6909847259521484,-0.09538152813911438,0.37413489818573,0.5976285934448242,-0.09950216114521027,0.3662397861480713,0.5389591455459595,-0.10100332647562027,0.3911193013191223,0.8216358423233032,-0.07074616849422455,0.39281606674194336,0.7029716372489929,-0.08307424187660217,0.3849293887615204,0.6315248608589172,-0.08488651365041733,0.37566429376602173,0.5859981775283813,-0.08537913113832474,please
0.34469857811927795,0.9047313928604126,6.474241445175721e-07,0.30145975947380066,0.8521345257759094,-0.015343164093792439,0.27967768907546997,0.7644315958023071,-0.03321355953812599,0.28281158208847046,0.6820576190948486,-0.04587504640221596,0.2908094525337219,0.6246070265769958,-0.058821797370910645,0.2809333801269531,0.8053603172302246,-0.07010804861783981,0.3045364022254944,0.6738989353179932,-0.09401418268680573,0.31899672746658325,0.5907994508743286,-0.1038660854101181,0.3309118151664734,0.5303442478179932,-0.10773548483848572,0.3259744942188263,0.8270840644836426,-0.07049021869897842,0.3416779637336731,0.6818646192550659,-0.09368355572223663,0.34692344069480896,0.5884780287742615,-0.10109370946884155,0.34708496928215027,0.5242969989776611,-0.10589614510536194,0.36672407388687134,0.828403115272522,-0.0677332654595375,0.37626373767852783,0.6829732060432434,-0.08429811149835587,0.371147096157074,0.5928344130516052,-0.08765614777803421,0.3608601987361908,0.5355217456817627,-0.08873689919710159,0.39758771657943726,0.8116764426231384,-0.06469167023897171,0.3967752754688263,0.6927551627159119,-0.07519086450338364,0.38799023628234863,0.6236079931259155,-0.07618612051010132,0.37687355279922485,0.5768771171569824,-0.07578100264072418,please
0.3441120684146881,0.9228846430778503,6.374039571710455e-07,0.2983558475971222,0.8657529950141907,-0.014527512714266777,0.280220627784729,0.7743104696273804,-0.03296936675906181,0.2917062044143677,0.692659854888916,-0.046284690499305725,0.3096415400505066,0.6417679786682129,-0.06002599000930786,0.28402310609817505,0.814297616481781,-0.07246483862400055,0.30499690771102905,0.6794341206550598,-0.09571346640586853,0.3188941776752472,0.5984054803848267,-0.10425934940576553,0.3297087252140045,0.5381577014923096,-0.10739286988973618,0.32801273465156555,0.8390190601348877,-0.07340837270021439,0.3428419828414917,0.6905767321586609,-0.09669947624206543,0.34820127487182617,0.598034143447876,-0.1031971126794815,0.3485912084579468,0.5327938795089722,-0.10727858543395996,0.3674299120903015,0.8432124853134155,-0.07094160467386246,0.37755754590034485,0.6969691514968872,-0.08691992610692978,0.37384024262428284,0.6055899858474731,-0.09025425463914871,0.36526328325271606,0.5449315905570984,-0.09136791527271271,0.39701294898986816,0.828392505645752,-0.06814439594745636,0.3976600468158722,0.7073141932487488,-0.07757007330656052,0.3899393081665039,0.6376628279685974,-0.07834039628505707,0.38024038076400757,0.5896055102348328,-0.07799983024597168,please
0.3417152762413025,0.9227941632270813,6.597842343580851e-07,0.29871639609336853,0.8657307028770447,-0.015381344594061375,0.28063204884529114,0.7764062285423279,-0.03554674610495567,0.29149049520492554,0.6960147619247437,-0.050951842218637466,0.30843815207481384,0.641942024230957,-0.06713051348924637,0.2832593023777008,0.8170120120048523,-0.07405709475278854,0.30439794063568115,0.6819953918457031,-0.09842687100172043,0.317775160074234,0.599308431148529,-0.1079174056649208,0.3280150890350342,0.5384677052497864,-0.11158552020788193,0.32531580328941345,0.8403133153915405,-0.07565171271562576,0.33979466557502747,0.691405713558197,-0.10004424303770065,0.3464256227016449,0.5980276465415955,-0.10609299689531326,0.3484019935131073,0.5339133739471436,-0.10960522294044495,0.3635343611240387,0.845491886138916,-0.07406303286552429,0.37547874450683594,0.6979419589042664,-0.09076844155788422,0.3726559281349182,0.6069790124893188,-0.09298520535230637,0.36489689350128174,0.54960697889328,-0.09320394694805145,0.3939555287361145,0.8332676291465759,-0.07239551842212677,0.39268046617507935,0.7105490565299988,-0.08162211626768112,0.38383784890174866,0.6432467103004456,-0.08127681910991669,0.37373873591423035,0.6013512015342712,-0.08027796447277069,please
0.3366530239582062,0.908856987953186,6.629848030570429e-07,0.29454225301742554,0.8491808176040649,-0.01755698025226593,0.277082622051239,0.7545089721679688,-0.03748412802815437,0.28788989782333374,0.6711357831954956,-0.05138833448290825,0.3055025637149811,0.6203385591506958,-0.06548921018838882,0.27540430426597595,0.8080830574035645,-0.07686839252710342,0.30004844069480896,0.6771191954612732,-0.1008012667298317,0.31459149718284607,0.5950267314910889,-0.10979713499546051,0.32700151205062866,0.5354961156845093,-0.1130802109837532,0.32082319259643555,0.8372110724449158,-0.07622968405485153,0.33821338415145874,0.6885649561882019,-0.09929711371660233,0.3435265123844147,0.5962904691696167,-0.10494592040777206,0.3448464274406433,0.5351263284683228,-0.10866787284612656,0.3615384101867676,0.8426089882850647,-0.07222774624824524,0.3744945526123047,0.6941713690757751,-0.0875077173113823,0.37098121643066406,0.6056160926818848,-0.0887703225016594,0.3626441955566406,0.5516988635063171,-0.08856958150863647,0.39205998182296753,0.8275216817855835,-0.06823748350143433,0.39397740364074707,0.7048623561859131,-0.07631520181894302,0.3854292631149292,0.6371795535087585,-0.07528626173734665,0.3746858537197113,0.5940510034561157,-0.0738300085067749,please
0.3429409861564636,0.903693437576294,6.033309887243377e-07,0.2980864346027374,0.8504118919372559,-0.015624318271875381,0.2725847363471985,0.7631157040596008,-0.03368271514773369,0.2722248136997223,0.6789466142654419,-0.0465894415974617,0.28067538142204285,0.6219964623451233,-0.059597935527563095,0.27786368131637573,0.8075845241546631,-0.06964282691478729,0.2986317276954651,0.6774389743804932,-0.09250030666589737,0.31159526109695435,0.5962498784065247,-0.10122031718492508,0.3225363790988922,0.5373913049697876,-0.10446642339229584,0.3220796585083008,0.8274364471435547,-0.06999415904283524,0.3361710011959076,0.680909276008606,-0.09123449772596359,0.34124982357025146,0.5898905396461487,-0.0963343009352684,0.34216219186782837,0.5298634767532349,-0.09996718168258667,0.3611990511417389,0.8271499872207642,-0.06750296801328659,0.37248894572257996,0.681268572807312,-0.0825299322605133,0.36703231930732727,0.5935112237930298,-0.0845070630311966,0.35669609904289246,0.5409796237945557,-0.08503935486078262,0.39107546210289,0.8093960881233215,-0.06494750082492828,0.39147818088531494,0.6891570091247559,-0.07389019429683685,0.38270607590675354,0.6230055093765259,-0.07380565255880356,0.37130680680274963,0.583128035068512,-0.07306888699531555,please
0.3407997190952301,0.9096956253051758,6.184324092828319e-07,0.29880771040916443,0.8524779677391052,-0.019181357696652412,0.2755369246006012,0.7612342834472656,-0.03850971534848213,0.27355507016181946,0.6794705986976624,-0.051661357283592224,0.27274230122566223,0.6208869814872742,-0.06484111398458481,0.28503134846687317,0.8117573261260986,-0.07736238092184067,0.30475929379463196,0.6809205412864685,-0.10277712345123291,0.3179253935813904,0.5973109602928162,-0.11263909935951233,0.32774779200553894,0.5347437858581543,-0.11648193001747131,0.3287341892719269,0.8333786129951477,-0.07618450373411179,0.343440443277359,0.6885693669319153,-0.10156164318323135,0.3483331799507141,0.5958299040794373,-0.10908926278352737,0.3476984202861786,0.5302890539169312,-0.11392112076282501,0.3669353425502777,0.8350180387496948,-0.07194335013628006,0.37754499912261963,0.6934977769851685,-0.09072577953338623,0.37451115250587463,0.6027379035949707,-0.0945349857211113,0.3658066391944885,0.5423165559768677,-0.09578198939561844,0.3943917453289032,0.819146990776062,-0.06759674102067947,0.3963843286037445,0.7020941972732544,-0.07986751198768616,0.3894071578979492,0.6325745582580566,-0.08192745596170425,0.38018015027046204,0.5854689478874207,-0.08247023075819016,please
0.3385486900806427,0.916258692741394,6.513534458463255e-07,0.2947562336921692,0.8569628596305847,-0.015114142559468746,0.27363893389701843,0.7654172778129578,-0.033889319747686386,0.27921062707901,0.6818946003913879,-0.04764636233448982,0.29054924845695496,0.6271488666534424,-0.06162503361701965,0.2751907408237457,0.8167986273765564,-0.07194758206605911,0.2972499430179596,0.6842460036277771,-0.09599025547504425,0.3114606738090515,0.6005402207374573,-0.10520324110984802,0.32332155108451843,0.5394626259803772,-0.10834898799657822,0.3199411928653717,0.8405740261077881,-0.07294988632202148,0.3350524306297302,0.6919600367546082,-0.09575148671865463,0.3414822220802307,0.5981802940368652,-0.1006850078701973,0.3440912961959839,0.5358573198318481,-0.10357920825481415,0.36009398102760315,0.8425555229187012,-0.07089906930923462,0.37205395102500916,0.6943487524986267,-0.08557647466659546,0.36789965629577637,0.6061561107635498,-0.0857507660984993,0.35912007093429565,0.552524745464325,-0.08463826775550842,0.39138633012771606,0.8259094953536987,-0.06896106898784637,0.3911411464214325,0.7023885250091553,-0.07621484994888306,0.38242632150650024,0.6336872577667236,-0.07440156489610672,0.37241801619529724,0.5907093286514282,-0.07222919911146164,please
0.3350076973438263,0.922136664390564,6.617991630264441e-07,0.2961072623729706,0.8593749403953552,-0.016611644998192787,0.27494072914123535,0.7687746286392212,-0.0355699360370636,0.2736799120903015,0.688532292842865,-0.049137040972709656,0.2755177617073059,0.6302187442779541,-0.0631539523601532,0.27552881836891174,0.8138825297355652,-0.07314670830965042,0.30004504323005676,0.6830832958221436,-0.09798229485750198,0.3145078122615814,0.5984465479850769,-0.10847306996583939,0.3254190981388092,0.5348972678184509,-0.11289959400892258,0.3200644552707672,0.8404847979545593,-0.07335135340690613,0.3368804156780243,0.6962994337081909,-0.09848824888467789,0.34285280108451843,0.6008597612380981,-0.10682114958763123,0.3435038626194,0.5339434146881104,-0.11215542256832123,0.36022982001304626,0.8471705913543701,-0.0703335553407669,0.37410902976989746,0.7020043134689331,-0.08856124430894852,0.37071239948272705,0.6055997610092163,-0.09269095957279205,0.36164867877960205,0.5424042344093323,-0.09406589716672897,0.39074885845184326,0.8346657752990723,-0.06702592223882675,0.3930303454399109,0.7136112451553345,-0.078719861805439,0.38530197739601135,0.6393463015556335,-0.08031846582889557,0.37535372376441956,0.5888097882270813,-0.08033528178930283,please
0.33854755759239197,0.919945240020752,6.442838298426068e-07,0.29546794295310974,0.864824116230011,-0.016475649550557137,0.27387022972106934,0.7748238444328308,-0.03635310381650925,0.2796871066093445,0.6917359828948975,-0.051105987280607224,0.29131364822387695,0.635511577129364,-0.06607884913682938,0.27377548813819885,0.8255756497383118,-0.07505350559949875,0.2951924502849579,0.6883774399757385,-0.10005659610033035,0.3085748553276062,0.6059473752975464,-0.10929147154092789,0.3200645446777344,0.5455284714698792,-0.11267023533582687,0.31797951459884644,0.846854031085968,-0.07625298947095871,0.33064860105514526,0.6975193023681641,-0.10219462215900421,0.33529940247535706,0.6025065183639526,-0.10915745049715042,0.3366696238517761,0.5387678742408752,-0.11311348527669907,0.3579694330692291,0.8459675312042236,-0.07440999895334244,0.36712223291397095,0.6985992789268494,-0.09244100749492645,0.36229565739631653,0.6051783561706543,-0.09586421400308609,0.3530583679676056,0.5458930730819702,-0.0967874601483345,0.3890111446380615,0.8263252377510071,-0.07248258590698242,0.38738179206848145,0.7058991193771362,-0.08284375071525574,0.37801021337509155,0.6361858248710632,-0.08370588719844818,0.3673912286758423,0.5898356437683105,-0.08352150768041611,please
0.3491787910461426,0.9204469919204712,5.640280278385035e-07,0.30569905042648315,0.8649839758872986,-0.013995432294905186,0.2874079942703247,0.7769985795021057,-0.03205808997154236,0.29541218280792236,0.6951747536659241,-0.04530270770192146,0.30794450640678406,0.6388927102088928,-0.05895528197288513,0.2903177738189697,0.8199260234832764,-0.070975162088871,0.30864742398262024,0.6905608177185059,-0.09463956952095032,0.32208937406539917,0.6087715029716492,-0.10344280302524567,0.33293968439102173,0.5492565631866455,-0.10659196972846985,0.3327033221721649,0.8373849987983704,-0.07236870378255844,0.3438499867916107,0.6961188316345215,-0.0954541265964508,0.348611444234848,0.6042050123214722,-0.10164899379014969,0.3495276868343353,0.5409128665924072,-0.10540495067834854,0.3713461756706238,0.8363571166992188,-0.07051639258861542,0.37883391976356506,0.69818115234375,-0.08639687299728394,0.3743320405483246,0.6099295616149902,-0.08868539333343506,0.3660131096839905,0.553191602230072,-0.0891411229968071,0.40184450149536133,0.8199025988578796,-0.06841353327035904,0.3997913897037506,0.7062443494796753,-0.07780594378709793,0.3908013105392456,0.6397689580917358,-0.07796869426965714,0.381073534488678,0.5953754186630249,-0.07719492167234421,please
0.3395256996154785,0.9063634276390076,6.14912153196201e-07,0.29556742310523987,0.8490782380104065,-0.014847974292933941,0.27398881316185,0.7611157894134521,-0.03166224807500839,0.27802610397338867,0.6789552569389343,-0.04409415274858475,0.28897637128829956,0.6247590184211731,-0.05651907995343208,0.2802864611148834,0.8053291440010071,-0.06193380057811737,0.3001806139945984,0.675176203250885,-0.08312497287988663,0.3128676414489746,0.5954585075378418,-0.09073648601770401,0.32311320304870605,0.5367918610572815,-0.09323461353778839,0.32262682914733887,0.8219702243804932,-0.06259025633335114,0.3343406617641449,0.6814746856689453,-0.08194746822118759,0.3401968479156494,0.5942913889884949,-0.08641280978918076,0.3423813581466675,0.5333858132362366,-0.08938086032867432,0.3604203164577484,0.8222166299819946,-0.06088768318295479,0.36830249428749084,0.6836614608764648,-0.07460673898458481,0.36640608310699463,0.6048811674118042,-0.07497334480285645,0.3597944974899292,0.5557276010513306,-0.07402542978525162,0.38980433344841003,0.8069789409637451,-0.05938543751835823,0.38887229561805725,0.6938080787658691,-0.06698485463857651,0.3831540048122406,0.6309897303581238,-0.06585576385259628,0.37565016746520996,0.5913606286048889,-0.06413188576698303,please
0.33376479148864746,0.9107083678245544,6.56738563975523e-07,0.2940993010997772,0.8536605834960938,-0.015890073031187057,0.272296667098999,0.7648196816444397,-0.032634809613227844,0.27084746956825256,0.6828397512435913,-0.04462852329015732,0.27051395177841187,0.6249464750289917,-0.056517038494348526,0.26827487349510193,0.8075655102729797,-0.06486053764820099,0.29024529457092285,0.6788285374641418,-0.08932988345623016,0.3035782277584076,0.5977529883384705,-0.0997253805398941,0.31510645151138306,0.536316454410553,-0.10357017070055008,0.3119521141052246,0.8320324420928955,-0.06574665755033493,0.328271746635437,0.6897136569023132,-0.09001489728689194,0.33378252387046814,0.5983151197433472,-0.09775694459676743,0.335054486989975,0.5330377817153931,-0.10198923200368881,0.35299211740493774,0.8371247053146362,-0.06426555663347244,0.36478814482688904,0.6991099119186401,-0.08144664019346237,0.3624618351459503,0.6141555309295654,-0.08372772485017776,0.3546287417411804,0.5573265552520752,-0.0833362489938736,0.38536393642425537,0.824379026889801,-0.06289895623922348,0.3864566683769226,0.7088829874992371,-0.07307276874780655,0.380375474691391,0.6400859951972961,-0.07288624346256256,0.3722115755081177,0.5917400121688843,-0.0711841806769371,please
0.3366670310497284,0.9099651575088501,6.228073061720352e-07,0.2918500006198883,0.8543546199798584,-0.014875627122819424,0.2712145447731018,0.7631958723068237,-0.032277218997478485,0.2776152193546295,0.6791012287139893,-0.0446067675948143,0.2897241711616516,0.6237242221832275,-0.05699368938803673,0.27488815784454346,0.8089995384216309,-0.06863145530223846,0.2943550646305084,0.6799143552780151,-0.09118128567934036,0.3066275119781494,0.5989211797714233,-0.09979413449764252,0.31713101267814636,0.5389130115509033,-0.10302639752626419,0.31867149472236633,0.8313561677932739,-0.06930425763130188,0.3339938223361969,0.6887636780738831,-0.09222047030925751,0.33845245838165283,0.5970228314399719,-0.09915539622306824,0.3381848931312561,0.533387303352356,-0.10360600054264069,0.35799652338027954,0.8336426019668579,-0.0668952614068985,0.3687821328639984,0.6934818029403687,-0.0832969918847084,0.36545565724372864,0.6052453517913818,-0.08705639094114304,0.35639381408691406,0.5490996241569519,-0.08837728202342987,0.38739079236984253,0.8179563283920288,-0.06418600678443909,0.3885890245437622,0.7019909620285034,-0.07418204843997955,0.3810728192329407,0.6350878477096558,-0.0753490999341011,0.3705652356147766,0.590665340423584,-0.07526174932718277,please
0.3377324640750885,0.9130901098251343,5.856481379851175e-07,0.2953413128852844,0.8572855591773987,-0.013796992599964142,0.27159377932548523,0.7685691714286804,-0.030154649168252945,0.2732546627521515,0.6854561567306519,-0.04230023920536041,0.28480786085128784,0.6272037029266357,-0.05435760319232941,0.27930012345314026,0.8018419146537781,-0.06024036929011345,0.29982471466064453,0.6754034161567688,-0.08094864338636398,0.31231260299682617,0.5969359874725342,-0.08905685693025589,0.3227018713951111,0.5390748977661133,-0.09224898368120193,0.321169376373291,0.8200416564941406,-0.06127478927373886,0.3350158929824829,0.6841524839401245,-0.08021564781665802,0.3405973017215729,0.597562313079834,-0.08546414226293564,0.3428027629852295,0.5369245409965515,-0.08915133774280548,0.35898056626319885,0.8232151865959167,-0.05986952409148216,0.36963582038879395,0.688531219959259,-0.07317367941141129,0.36789968609809875,0.6080572605133057,-0.07472172379493713,0.3613956868648529,0.5574088096618652,-0.07482445985078812,0.3890547752380371,0.8104640245437622,-0.058508507907390594,0.3890003561973572,0.6997315287590027,-0.06644199788570404,0.381632000207901,0.6372019052505493,-0.06634446978569031,0.3724898099899292,0.5973103046417236,-0.06536602228879929,please
0.3422526717185974,0.914199948310852,6.550301350216614e-07,0.29909414052963257,0.8652037382125854,-0.018270175904035568,0.2794022560119629,0.7785964608192444,-0.03774716705083847,0.2891506850719452,0.6991811990737915,-0.05099700763821602,0.3061505854129791,0.6469887495040894,-0.06438617408275604,0.2861422002315521,0.8165426254272461,-0.07508542388677597,0.30592143535614014,0.6843348741531372,-0.09795846045017242,0.31857064366340637,0.6048204302787781,-0.10615890473127365,0.3298645615577698,0.5472350716590881,-0.1087946817278862,0.32857659459114075,0.8402422666549683,-0.07324235141277313,0.3434477150440216,0.6943508386611938,-0.09485408663749695,0.34869641065597534,0.60365891456604,-0.10033082962036133,0.35084953904151917,0.5411934852600098,-0.10392284393310547,0.36687687039375305,0.843845546245575,-0.06824682652950287,0.3784818649291992,0.7014713287353516,-0.08246438205242157,0.376456618309021,0.6195005774497986,-0.08439333736896515,0.3706563413143158,0.5667170882225037,-0.08487400412559509,0.39570266008377075,0.8294492959976196,-0.06326241791248322,0.39715346693992615,0.7136508226394653,-0.07206187397241592,0.3907606601715088,0.6489675641059875,-0.07250679284334183,0.38294410705566406,0.6047164797782898,-0.0719461664557457,please
0.33498916029930115,0.9135808944702148,6.250194246604224e-07,0.2905759811401367,0.8530037999153137,-0.016319816932082176,0.2687237560749054,0.7630687952041626,-0.036185234785079956,0.2729010283946991,0.6812806725502014,-0.05080631747841835,0.2828468084335327,0.6256117224693298,-0.06570374965667725,0.27879849076271057,0.8125519752502441,-0.07645842432975769,0.2969762086868286,0.6807469725608826,-0.10191203653812408,0.3090827763080597,0.5997028350830078,-0.11160381883382797,0.3192923665046692,0.5400065183639526,-0.1150074452161789,0.3212605118751526,0.8357948064804077,-0.07714094966650009,0.33368557691574097,0.6894760131835938,-0.10188034921884537,0.3383422791957855,0.5963317155838013,-0.10728096216917038,0.3397793173789978,0.5347796082496643,-0.11031533032655716,0.35898125171661377,0.8389357328414917,-0.074698306620121,0.36975064873695374,0.6957714557647705,-0.09175702929496765,0.36522987484931946,0.6080437302589417,-0.09324217587709427,0.3564055860042572,0.5544023513793945,-0.09279126673936844,0.38832229375839233,0.8250160813331604,-0.07221049815416336,0.38742348551750183,0.7056826949119568,-0.08133016526699066,0.379362016916275,0.6384255290031433,-0.08053229004144669,0.37070608139038086,0.5961751937866211,-0.07916563004255295,please
0.3380812406539917,0.9046930074691772,6.046112162039208e-07,0.2936646342277527,0.8487803339958191,-0.01774156093597412,0.26948240399360657,0.7569468021392822,-0.03775781765580177,0.27015042304992676,0.6716703772544861,-0.052120063453912735,0.2751461863517761,0.6137799024581909,-0.0669899508357048,0.27868184447288513,0.8088549375534058,-0.08004362136125565,0.2977367043495178,0.6754274964332581,-0.10584087669849396,0.3104841411113739,0.5927110910415649,-0.11527949571609497,0.32048091292381287,0.5318025946617126,-0.1188422217965126,0.32253873348236084,0.8262560963630676,-0.08025023341178894,0.3334675133228302,0.6809322834014893,-0.10520318150520325,0.33889496326446533,0.588036835193634,-0.11121798306703568,0.3405700623989105,0.5254510641098022,-0.11512342095375061,0.3622010052204132,0.8240211606025696,-0.07719654589891434,0.36867445707321167,0.6828191876411438,-0.09446022659540176,0.3654155135154724,0.5937792062759399,-0.09656842797994614,0.35824817419052124,0.5379802584648132,-0.09710296243429184,0.39294204115867615,0.8052049279212952,-0.07417212426662445,0.38978198170661926,0.6890692710876465,-0.08480387926101685,0.38133716583251953,0.6197634339332581,-0.08587044477462769,0.37239688634872437,0.574492871761322,-0.0859924703836441,please
0.33607903122901917,0.9026004076004028,6.511859282909427e-07,0.28979140520095825,0.8425486087799072,-0.01702430285513401,0.2709837257862091,0.749255359172821,-0.03672092780470848,0.28275805711746216,0.6654824018478394,-0.05113472416996956,0.3000730872154236,0.6136410236358643,-0.06578193604946136,0.276706337928772,0.8057166934013367,-0.07260886579751968,0.2993873953819275,0.6796295046806335,-0.09671865403652191,0.3127090632915497,0.5962783694267273,-0.10595192015171051,0.3232664167881012,0.5343251824378967,-0.10953572392463684,0.32154613733291626,0.826628565788269,-0.07312900573015213,0.33635377883911133,0.6846553683280945,-0.09556882083415985,0.3416658937931061,0.5931448936462402,-0.10059410333633423,0.3430258631706238,0.5305846333503723,-0.10392467677593231,0.36031365394592285,0.8281848430633545,-0.07088914513587952,0.37156832218170166,0.6882939338684082,-0.0866631269454956,0.36749815940856934,0.5990707278251648,-0.08832041919231415,0.3584657311439514,0.5424890518188477,-0.08827032893896103,0.3900368809700012,0.8124926090240479,-0.06888370960950851,0.39089012145996094,0.695951521396637,-0.07786282151937485,0.3823818266391754,0.6275730729103088,-0.0778028666973114,0.3719923198223114,0.5837470889091492,-0.07703357934951782,please
0.3388218879699707,0.9086892604827881,6.193155854816723e-07,0.29628652334213257,0.8551090359687805,-0.016073167324066162,0.27202582359313965,0.7711046934127808,-0.03482640162110329,0.27291038632392883,0.6906228065490723,-0.04870280250906944,0.28013932704925537,0.6331714391708374,-0.06272638589143753,0.2747628092765808,0.8090506196022034,-0.07122235000133514,0.29287785291671753,0.6779183149337769,-0.09613170474767685,0.3057199716567993,0.5977986454963684,-0.1061125323176384,0.3171646296977997,0.5395157337188721,-0.10979539901018143,0.3158617317676544,0.8258083462715149,-0.071812704205513,0.32737821340560913,0.6871682405471802,-0.09570712596178055,0.3335218131542206,0.5972625017166138,-0.10175701975822449,0.33682751655578613,0.5358723402023315,-0.10534261912107468,0.35421764850616455,0.8266143798828125,-0.06977025419473648,0.3640347421169281,0.6929932236671448,-0.08686504513025284,0.36331772804260254,0.6104061603546143,-0.08909545093774796,0.3588627874851227,0.5587804317474365,-0.08917912095785141,0.3851235508918762,0.8119791746139526,-0.0677800327539444,0.3831122815608978,0.6996273994445801,-0.07812578976154327,0.3772242069244385,0.6348889470100403,-0.07874739170074463,0.3715210258960724,0.591899037361145,-0.07813327014446259,please
0.3446667492389679,0.9213825464248657,5.689918793905235e-07,0.30362004041671753,0.8669276237487793,-0.014874976128339767,0.2787967324256897,0.7743280529975891,-0.03035515360534191,0.27702581882476807,0.689609169960022,-0.04127928614616394,0.27799978852272034,0.6294503808021545,-0.05203915387392044,0.2836064398288727,0.8190896511077881,-0.06142749637365341,0.304756760597229,0.6879233121871948,-0.08205168694257736,0.3180549144744873,0.6094897985458374,-0.08885123580694199,0.3274558484554291,0.5520715117454529,-0.09075554460287094,0.32447549700737,0.840196967124939,-0.0620657280087471,0.33880624175071716,0.694409191608429,-0.08218865841627121,0.3451579809188843,0.6054812073707581,-0.08732893317937851,0.3463197350502014,0.5435465574264526,-0.09050963819026947,0.36165016889572144,0.8431310653686523,-0.06042799353599548,0.371812105178833,0.7007075548171997,-0.07543177902698517,0.370918869972229,0.6139121055603027,-0.07838385552167892,0.3642731010913849,0.5568619966506958,-0.07918725162744522,0.39076146483421326,0.8294132351875305,-0.058698467910289764,0.3908405900001526,0.712173581123352,-0.06850441545248032,0.38506966829299927,0.6446442604064941,-0.06994665414094925,0.37697988748550415,0.5991902947425842,-0.0700710192322731,please
0.3334462642669678,0.9234090447425842,6.269249297474744e-07,0.29382893443107605,0.8657015562057495,-0.01929568313062191,0.27154678106307983,0.7736466526985168,-0.03877614438533783,0.27068892121315,0.6880054473876953,-0.052162278443574905,0.2740528881549835,0.6283214092254639,-0.0656619518995285,0.2747989296913147,0.8271171450614929,-0.07775240391492844,0.29469627141952515,0.6905128359794617,-0.10289720445871353,0.307117760181427,0.6077668070793152,-0.11176106333732605,0.3175850808620453,0.5465772151947021,-0.114814892411232,0.3189394474029541,0.8477053046226501,-0.07645202428102493,0.33200669288635254,0.7022396922111511,-0.10275248438119888,0.3368902802467346,0.6082044839859009,-0.11046703159809113,0.3382728695869446,0.5428876876831055,-0.11502210050821304,0.35902976989746094,0.8485101461410522,-0.07204492390155792,0.3686508536338806,0.7090014815330505,-0.09150959551334381,0.36619335412979126,0.6190069913864136,-0.09609932452440262,0.359169065952301,0.5600816607475281,-0.09762585163116455,0.388942152261734,0.8311560750007629,-0.0675283670425415,0.38880836963653564,0.7177051305770874,-0.08036278933286667,0.3807257413864136,0.649121105670929,-0.08328045159578323,0.3712850511074066,0.6027539372444153,-0.0842278003692627,please
0.33756721019744873,0.9272863864898682,5.926417543378193e-07,0.29475462436676025,0.8695593476295471,-0.016320742666721344,0.27162444591522217,0.7776288986206055,-0.03414678946137428,0.2725258469581604,0.6897459030151367,-0.04657738283276558,0.27609360218048096,0.6299001574516296,-0.0591401532292366,0.27913010120391846,0.8215163946151733,-0.07181167602539062,0.29829829931259155,0.6895209550857544,-0.0958094522356987,0.31004077196121216,0.608053982257843,-0.10508312284946442,0.3204001486301422,0.5470362305641174,-0.10840113461017609,0.3225429058074951,0.8417743444442749,-0.07167061418294907,0.33456072211265564,0.6997917890548706,-0.0954013392329216,0.33842718601226807,0.6075842976570129,-0.10237552970647812,0.33963584899902344,0.5424087047576904,-0.10659730434417725,0.36148664355278015,0.8438202738761902,-0.06842153519392014,0.3699382543563843,0.7042444348335266,-0.08516158163547516,0.3665817975997925,0.6164718270301819,-0.08832189440727234,0.3596566617488861,0.5595074892044067,-0.08909228444099426,0.390787273645401,0.8293991684913635,-0.06504563242197037,0.3895949721336365,0.7143426537513733,-0.07524637132883072,0.3810819685459137,0.6480043530464172,-0.07618644833564758,0.37156549096107483,0.6041818857192993,-0.07570285350084305,please
0.3305591940879822,0.9489508271217346,6.261410590013838e-07,0.29155176877975464,0.8876828551292419,-0.017755039036273956,0.2712049186229706,0.7872874140739441,-0.03557683527469635,0.27058807015419006,0.6967586278915405,-0.047906432300806046,0.26918405294418335,0.6342772245407104,-0.06026020273566246,0.2657516300678253,0.842426598072052,-0.07163520157337189,0.2879559397697449,0.7081479430198669,-0.09643207490444183,0.30170202255249023,0.6243960857391357,-0.10597505420446396,0.3129526674747467,0.5625816583633423,-0.10931997746229172,0.30982837080955505,0.8717699646949768,-0.07206913828849792,0.32613450288772583,0.723046064376831,-0.09702133387327194,0.3320865333080292,0.6261426210403442,-0.10440177470445633,0.3336552381515503,0.5600425004959106,-0.1087593138217926,0.35179078578948975,0.8791285753250122,-0.06992881000041962,0.36393651366233826,0.7316954731941223,-0.08787500858306885,0.35993313789367676,0.6382713913917542,-0.09150838851928711,0.35038048028945923,0.5783352851867676,-0.09239201992750168,0.385783851146698,0.8655183911323547,-0.06785495579242706,0.3862258493900299,0.7437028288841248,-0.07904145866632462,0.37835755944252014,0.670580267906189,-0.08027858287096024,0.368028849363327,0.6219905614852905,-0.07988650351762772,please
0.34291619062423706,0.9617178440093994,6.658504503320728e-07,0.2979094982147217,0.9112284183502197,-0.015458162873983383,0.2771238088607788,0.8245811462402344,-0.034217093139886856,0.286872535943985,0.739777684211731,-0.0482335165143013,0.30416902899742126,0.6807214617729187,-0.06259556859731674,0.2784616947174072,0.8561093807220459,-0.06868766993284225,0.29647788405418396,0.7262552976608276,-0.09310282766819,0.3076428174972534,0.6415722966194153,-0.10374715924263,0.3168835937976837,0.5783466100692749,-0.10849069803953171,0.32083430886268616,0.871954619884491,-0.07006067782640457,0.33336761593818665,0.7344512343406677,-0.09410808235406876,0.338497519493103,0.6399633884429932,-0.10218265652656555,0.33980679512023926,0.5701556205749512,-0.10741628706455231,0.3593754470348358,0.8731094598770142,-0.06875056773424149,0.36892157793045044,0.7396560907363892,-0.0868857130408287,0.367021381855011,0.6532414555549622,-0.09184136241674423,0.36061230301856995,0.5936985015869141,-0.09372386336326599,0.39037421345710754,0.8593710660934448,-0.06723551452159882,0.39002230763435364,0.7493939399719238,-0.07873709499835968,0.38400304317474365,0.6822671294212341,-0.08111000806093216,0.3772779107093811,0.6334168910980225,-0.08176284283399582,please
0.35076093673706055,0.9870224595069885,6.574451845153817e-07,0.3062402307987213,0.935903012752533,-0.01402180828154087,0.2866329550743103,0.8502197861671448,-0.030348574742674828,0.297782301902771,0.7650968432426453,-0.04242715984582901,0.3197391629219055,0.7095720767974854,-0.05458710715174675,0.2855615019798279,0.8785291314125061,-0.0576368011534214,0.30341386795043945,0.7506262063980103,-0.07778484374284744,0.3150678277015686,0.6686379909515381,-0.08625547587871552,0.32482993602752686,0.6065611839294434,-0.08985057473182678,0.32983362674713135,0.8898429870605469,-0.05865073949098587,0.34252944588661194,0.7561566829681396,-0.07842253148555756,0.3460896611213684,0.6646010875701904,-0.08523101359605789,0.3455991744995117,0.5952373743057251,-0.08973855525255203,0.3695133924484253,0.8872820138931274,-0.0574907548725605,0.3767412006855011,0.7570936679840088,-0.07214750349521637,0.3737391531467438,0.6696411371231079,-0.07640400528907776,0.3664916157722473,0.6077308654785156,-0.07803001999855042,0.4014602601528168,0.8714351058006287,-0.056248147040605545,0.4006578326225281,0.7649627923965454,-0.064935103058815,0.39391347765922546,0.6995763778686523,-0.06619174778461456,0.3851991295814514,0.651068925857544,-0.06619440019130707,please
0.34568557143211365,0.9813464283943176,6.961819281059434e-07,0.3045276701450348,0.9320693016052246,-0.015352461487054825,0.2834204137325287,0.8435187935829163,-0.032982565462589264,0.29355567693710327,0.7597638964653015,-0.04595145210623741,0.31178349256515503,0.7059933543205261,-0.05885862186551094,0.27793869376182556,0.8872289657592773,-0.06558957695960999,0.2955999970436096,0.7511814832687378,-0.08875614404678345,0.30991941690444946,0.6641826629638672,-0.09823333472013474,0.3227148652076721,0.5995637774467468,-0.10180716216564178,0.3222123980522156,0.9110147953033447,-0.06680858880281448,0.33533748984336853,0.7634956240653992,-0.08905716985464096,0.3424226641654968,0.6659553050994873,-0.096419557929039,0.3452131450176239,0.5951799154281616,-0.10105770826339722,0.36365407705307007,0.9143785238265991,-0.06545810401439667,0.3741641342639923,0.7698663473129272,-0.08177260309457779,0.37567687034606934,0.6812840700149536,-0.08501528203487396,0.3710719048976898,0.6221564412117004,-0.08550389856100082,0.3973206877708435,0.898345410823822,-0.06400125473737717,0.39702317118644714,0.7787158489227295,-0.07371623814105988,0.39207276701927185,0.7099791765213013,-0.07385117560625076,0.38353025913238525,0.6613267064094543,-0.0726686418056488,please
0.34804415702819824,0.976655125617981,6.750688612555678e-07,0.30402976274490356,0.9251369833946228,-0.01331646740436554,0.2836596369743347,0.8349822163581848,-0.029193449765443802,0.29381975531578064,0.7488325238227844,-0.04053432494401932,0.3108215928077698,0.6899223327636719,-0.05162486061453819,0.28285354375839233,0.8733893632888794,-0.06044704467058182,0.30047208070755005,0.7368130683898926,-0.08146019279956818,0.31292420625686646,0.6518677473068237,-0.08944395184516907,0.32451489567756653,0.5885215997695923,-0.09188085794448853,0.3283725082874298,0.891848623752594,-0.06147124990820885,0.33992812037467957,0.7444859147071838,-0.08043639361858368,0.34535518288612366,0.6497786045074463,-0.08513575047254562,0.34795454144477844,0.5830802917480469,-0.08799377083778381,0.3691485822200775,0.8931211829185486,-0.06000390648841858,0.37659281492233276,0.7537683844566345,-0.07285928726196289,0.3749712407588959,0.6699621677398682,-0.07376953959465027,0.36925017833709717,0.6155819892883301,-0.07309021800756454,0.40105751156806946,0.8783023953437805,-0.05846656113862991,0.39944180846214294,0.76385098695755,-0.06564334034919739,0.3935762345790863,0.6981410980224609,-0.0640743151307106,0.38575106859207153,0.6528468132019043,-0.06167512387037277,please
0.3568454682826996,0.949985146522522,6.479949661297724e-07,0.3145272731781006,0.8957892060279846,-0.011568245477974415,0.2961997985839844,0.8099976778030396,-0.02799345552921295,0.30841508507728577,0.7299694418907166,-0.04016217961907387,0.3288995623588562,0.6801562905311584,-0.05221695825457573,0.29572999477386475,0.8450675010681152,-0.06230291724205017,0.3143916428089142,0.7098833918571472,-0.08453958481550217,0.3276939392089844,0.6265420913696289,-0.09350665658712387,0.33894219994544983,0.5654325485229492,-0.09662933647632599,0.33948156237602234,0.8645972013473511,-0.06440067291259766,0.35360410809516907,0.7157267332077026,-0.08472656458616257,0.35828104615211487,0.6229302883148193,-0.09040951728820801,0.35877397656440735,0.5566356182098389,-0.09389577060937881,0.3784143030643463,0.8654467463493347,-0.06357711553573608,0.3883839547634125,0.7216152548789978,-0.0768745094537735,0.38476884365081787,0.635594367980957,-0.07854252308607101,0.3767240345478058,0.577552318572998,-0.07856995612382889,0.4081251621246338,0.8495835661888123,-0.06253588199615479,0.40866562724113464,0.7330605387687683,-0.06982582062482834,0.4020625948905945,0.6659233570098877,-0.06885752081871033,0.3937467932701111,0.6173001527786255,-0.06707014888525009,please
0.3510347306728363,0.9722153544425964,5.609950903817662e-07,0.30724525451660156,0.9245928525924683,-0.012121474370360374,0.2867903411388397,0.8372665047645569,-0.02731844037771225,0.2961777448654175,0.7550017237663269,-0.03876448795199394,0.3141546845436096,0.7010920643806458,-0.050538353621959686,0.2907832860946655,0.8556414842605591,-0.05670620873570442,0.3047950863838196,0.7263765335083008,-0.07727129757404327,0.31604453921318054,0.6449017524719238,-0.0856282189488411,0.325039267539978,0.5833215117454529,-0.08889082819223404,0.33103567361831665,0.8714832067489624,-0.058968834578990936,0.3427845537662506,0.7335183620452881,-0.07852976769208908,0.3477557301521301,0.6435399055480957,-0.08511412143707275,0.34866568446159363,0.5773323774337769,-0.0893334448337555,0.36817601323127747,0.8735522627830505,-0.058921463787555695,0.3768036663532257,0.7372022867202759,-0.0734686478972435,0.3745313584804535,0.652058482170105,-0.07764580845832825,0.3678809404373169,0.5933886766433716,-0.07925327122211456,0.3980769217014313,0.8616549372673035,-0.05861983448266983,0.39707210659980774,0.7477004528045654,-0.06853751093149185,0.3909870684146881,0.6792371273040771,-0.0705232322216034,0.3828836977481842,0.6293823719024658,-0.07081422209739685,please
0.33938854932785034,0.9826032519340515,6.322879926301539e-07,0.3008566200733185,0.9266085028648376,-0.013494457118213177,0.28524935245513916,0.8367235660552979,-0.02988678403198719,0.2982732355594635,0.7564651966094971,-0.04181851074099541,0.31822776794433594,0.7073992490768433,-0.05410367622971535,0.27845335006713867,0.87687748670578,-0.06257035583257675,0.2980002760887146,0.7470036149024963,-0.08403000980615616,0.3125118017196655,0.6637442111968994,-0.09239623695611954,0.3247901499271393,0.6020934581756592,-0.09530037641525269,0.3207646608352661,0.901572048664093,-0.06439900398254395,0.3367643356323242,0.756496012210846,-0.08452223241329193,0.3432708978652954,0.6633384227752686,-0.09068302065134048,0.34470510482788086,0.5964502692222595,-0.0946974977850914,0.36005812883377075,0.9075517654418945,-0.06354691833257675,0.3743264675140381,0.7599866390228271,-0.07858586311340332,0.3727771043777466,0.6718400120735168,-0.08161987364292145,0.3651488125324249,0.6144902110099792,-0.08227146416902542,0.3916299343109131,0.896474301815033,-0.062402185052633286,0.39466792345046997,0.7752389311790466,-0.0714254304766655,0.38977691531181335,0.7053007483482361,-0.07146048545837402,0.3808628022670746,0.6566036343574524,-0.07037325948476791,please
0.34020617604255676,0.9750137329101562,6.44931049009756e-07,0.2994037866592407,0.9253764152526855,-0.013828421011567116,0.28060996532440186,0.8427267074584961,-0.029814787209033966,0.28931233286857605,0.7599905133247375,-0.04114428535103798,0.3062245547771454,0.7037999629974365,-0.05268597602844238,0.2826055884361267,0.8713716268539429,-0.05854043737053871,0.300632119178772,0.7438458204269409,-0.0768350139260292,0.3115984797477722,0.6630552411079407,-0.08337121456861496,0.32062268257141113,0.6030224561691284,-0.08548139780759811,0.32417991757392883,0.8852670192718506,-0.05888104438781738,0.3378959894180298,0.7475315928459167,-0.07468225061893463,0.34289658069610596,0.658205509185791,-0.07821297645568848,0.34431594610214233,0.5940056443214417,-0.08112552762031555,0.36059069633483887,0.8866780996322632,-0.05687887966632843,0.37189632654190063,0.752432644367218,-0.06811261177062988,0.37052279710769653,0.6690622568130493,-0.06876834481954575,0.36468198895454407,0.6118926405906677,-0.06884679943323135,0.38914209604263306,0.876459002494812,-0.054797034710645676,0.3894578516483307,0.7688672542572021,-0.06123998761177063,0.38404664397239685,0.7019091844558716,-0.06005840748548508,0.37694600224494934,0.6531996726989746,-0.05881504341959953,please
0.33880192041397095,0.9270934462547302,6.612828542529314e-07,0.2955186665058136,0.8703725337982178,-0.014721440151333809,0.27137675881385803,0.7799108028411865,-0.031453974545001984,0.2711200416088104,0.6941814422607422,-0.04324484243988991,0.2758180499076843,0.6327207088470459,-0.05494921654462814,0.2749306559562683,0.817107617855072,-0.06536854803562164,0.29317495226860046,0.6826515793800354,-0.08901207894086838,0.3069223165512085,0.5993427634239197,-0.09888127446174622,0.3193579614162445,0.5382582545280457,-0.10244964063167572,0.31872811913490295,0.8365561366081238,-0.0657573714852333,0.3312109708786011,0.6924278736114502,-0.08825258910655975,0.33669397234916687,0.5995036959648132,-0.0954967811703682,0.33908429741859436,0.5337144732475281,-0.09993875026702881,0.3583516478538513,0.8383148312568665,-0.0633382648229599,0.3686401844024658,0.6980605721473694,-0.07903015613555908,0.3653845191001892,0.6105626225471497,-0.08146902918815613,0.3578019142150879,0.552936315536499,-0.08178701996803284,0.3886878192424774,0.8239217400550842,-0.06079890951514244,0.38992995023727417,0.7077735662460327,-0.07064714282751083,0.3833117187023163,0.6394805908203125,-0.07078070938587189,0.3750402629375458,0.593848705291748,-0.06943386793136597,please
0.34971368312835693,0.856828510761261,6.924110493855551e-07,0.30276647210121155,0.8001211285591125,-0.014795483089983463,0.281743586063385,0.7109202146530151,-0.034106962382793427,0.2911734879016876,0.6273330450057983,-0.0482146255671978,0.3086099624633789,0.5717846155166626,-0.06258121132850647,0.2864514887332916,0.7501370310783386,-0.07304707169532776,0.305127888917923,0.6083023548126221,-0.09822536259889603,0.31887686252593994,0.5211330056190491,-0.10826770216226578,0.3299171030521393,0.45833438634872437,-0.11195378005504608,0.3312193751335144,0.7682638764381409,-0.07427474856376648,0.34329754114151,0.6115998029708862,-0.09759417176246643,0.34708988666534424,0.5151867866516113,-0.10349078476428986,0.34569838643074036,0.44762593507766724,-0.10713636130094528,0.3707272410392761,0.7688815593719482,-0.07227521389722824,0.37807080149650574,0.6185717582702637,-0.08797915279865265,0.37315770983695984,0.5261610150337219,-0.08923391997814178,0.36378854513168335,0.4650983214378357,-0.08891798555850983,0.40004900097846985,0.7547370791435242,-0.07007408142089844,0.39856305718421936,0.6319789290428162,-0.07957339286804199,0.39070385694503784,0.5594474077224731,-0.07893821597099304,0.3809993267059326,0.5094742774963379,-0.07736974954605103,please
0.356209397315979,0.807410478591919,6.007322781442781e-07,0.31017565727233887,0.7535765767097473,-0.013064160943031311,0.2907727062702179,0.6599686145782471,-0.03068530559539795,0.29998183250427246,0.5705421566963196,-0.04303652048110962,0.3154617249965668,0.5115371942520142,-0.055569738149642944,0.29396581649780273,0.691947340965271,-0.0709351971745491,0.3046585023403168,0.5447825193405151,-0.09381602704524994,0.31340330839157104,0.45811793208122253,-0.10104244947433472,0.3201175332069397,0.39621099829673767,-0.102595254778862,0.3387782573699951,0.7045591473579407,-0.07224933803081512,0.34268391132354736,0.540715217590332,-0.09318668395280838,0.3420880138874054,0.4481937885284424,-0.09628438949584961,0.3385623097419739,0.3868526816368103,-0.09744124114513397,0.3791784644126892,0.7019873857498169,-0.07015178352594376,0.3772844672203064,0.5446964502334595,-0.08362988382577896,0.3664550185203552,0.45961660146713257,-0.08203954994678497,0.3534131646156311,0.40601837635040283,-0.07974804937839508,0.409970760345459,0.6861003041267395,-0.0677742063999176,0.3996049165725708,0.5624809861183167,-0.07470758259296417,0.3865494132041931,0.49565762281417847,-0.07136011123657227,0.3737139403820038,0.45164555311203003,-0.06776319444179535,please
0.3694346249103546,0.8364574313163757,4.3696090301637014e-07,0.32980018854141235,0.7887982726097107,-0.010824055410921574,0.3161751627922058,0.7072852253913879,-0.02335432358086109,0.3287695348262787,0.6265558004379272,-0.033315666019916534,0.34586378931999207,0.5735203623771667,-0.042991071939468384,0.31021127104759216,0.7100030183792114,-0.04208783805370331,0.31853240728378296,0.5845768451690674,-0.059713300317525864,0.3292207419872284,0.5113420486450195,-0.06678193062543869,0.3387278616428375,0.45889317989349365,-0.06941444426774979,0.3475642800331116,0.7078922390937805,-0.04459477961063385,0.3516305387020111,0.5770633816719055,-0.06003475561738014,0.3557194471359253,0.5004934072494507,-0.06512213498353958,0.35743266344070435,0.445276141166687,-0.06822847574949265,0.3830035626888275,0.7020894885063171,-0.04604339972138405,0.382591187953949,0.5790053606033325,-0.05736257880926132,0.37861907482147217,0.5077608823776245,-0.05841341242194176,0.37235400080680847,0.45931753516197205,-0.05835798382759094,0.4129883646965027,0.6910895705223083,-0.047795530408620834,0.4027251899242401,0.5975133180618286,-0.05448737367987633,0.3925415277481079,0.5449450612068176,-0.05330953374505043,0.38272687792778015,0.5074605941772461,-0.051589976996183395,please
0.3756634593009949,0.8505716323852539,5.004033027944388e-07,0.332391619682312,0.792098879814148,-0.010952762328088284,0.320720911026001,0.7010783553123474,-0.024404115974903107,0.3380802869796753,0.6201646327972412,-0.03334648907184601,0.35829105973243713,0.5733381509780884,-0.042046308517456055,0.3269326090812683,0.7301414012908936,-0.05659624934196472,0.3421574532985687,0.5965518355369568,-0.07394092530012131,0.35329774022102356,0.5177148580551147,-0.07802075147628784,0.3613157868385315,0.46160417795181274,-0.07779234647750854,0.3677390515804291,0.7488102912902832,-0.057638321071863174,0.3791224956512451,0.5969702005386353,-0.07305089384317398,0.3816384971141815,0.5092657208442688,-0.07466136664152145,0.37918806076049805,0.44966578483581543,-0.07496540248394012,0.4049290120601654,0.7547298073768616,-0.05579129979014397,0.4107034206390381,0.6075316667556763,-0.06630270183086395,0.40494266152381897,0.5246752500534058,-0.06474862992763519,0.3951183557510376,0.4717664122581482,-0.062344614416360855,0.4335464537143707,0.7478262186050415,-0.05363807454705238,0.43073368072509766,0.6276141405105591,-0.05917331203818321,0.42192041873931885,0.5615970492362976,-0.0554816797375679,0.41109782457351685,0.5166846513748169,-0.05151944234967232,please
0.3799128234386444,0.8550809621810913,4.5557149519481754e-07,0.3376731276512146,0.7957793474197388,-0.011923680081963539,0.3254883885383606,0.7085822820663452,-0.02473508007824421,0.33958590030670166,0.6293551325798035,-0.033355362713336945,0.35570991039276123,0.5767742395401001,-0.04137910157442093,0.33788901567459106,0.7296786308288574,-0.05271992087364197,0.35388725996017456,0.5883720517158508,-0.0693180039525032,0.3631061613559723,0.5110706686973572,-0.07243245840072632,0.36906886100769043,0.4564788341522217,-0.0712028294801712,0.3771282136440277,0.7444888949394226,-0.05303659662604332,0.3894239068031311,0.5880298614501953,-0.06846247613430023,0.3913794457912445,0.5047423839569092,-0.06971138715744019,0.388834685087204,0.44924888014793396,-0.06865459680557251,0.41217902302742004,0.7503194212913513,-0.0508333183825016,0.41885948181152344,0.6037179827690125,-0.060946784913539886,0.4137513041496277,0.5256317853927612,-0.05795164406299591,0.4053092300891876,0.47396907210350037,-0.054163139313459396,0.43775686621665955,0.7458078861236572,-0.0485406219959259,0.4358367621898651,0.6296683549880981,-0.05374369025230408,0.42818206548690796,0.56883305311203,-0.04866153374314308,0.4188332259654999,0.5279114246368408,-0.04318888485431671,please
0.3761337697505951,0.8645021319389343,4.3458260279294336e-07,0.33370935916900635,0.8117673397064209,-0.01327862124890089,0.3222580552101135,0.7255902290344238,-0.026816505938768387,0.3375842571258545,0.6479114294052124,-0.0355624184012413,0.3570001721382141,0.6014883518218994,-0.0444321446120739,0.33660709857940674,0.7492400407791138,-0.05734449625015259,0.3470644950866699,0.615690290927887,-0.07412693649530411,0.3544738292694092,0.5384676456451416,-0.07788176834583282,0.35894525051116943,0.4834337532520294,-0.07763222604990005,0.3747231960296631,0.7602388858795166,-0.057126231491565704,0.3825625777244568,0.6132700443267822,-0.0714365690946579,0.38418591022491455,0.527809739112854,-0.07311432808637619,0.38194605708122253,0.4692569673061371,-0.07358472049236298,0.4070459306240082,0.7625344395637512,-0.054323893040418625,0.40987977385520935,0.6215874552726746,-0.06426510959863663,0.40469664335250854,0.5393182635307312,-0.06432188302278519,0.3962944447994232,0.4837636947631836,-0.06344052404165268,0.4296514689922333,0.7545531988143921,-0.05128883942961693,0.4258052110671997,0.642483115196228,-0.05835048481822014,0.41875308752059937,0.5756579637527466,-0.05704773962497711,0.40957093238830566,0.5277425050735474,-0.05483689531683922,please
0.360397607088089,0.855655312538147,4.084280931238027e-07,0.31754225492477417,0.8015607595443726,-0.013326854445040226,0.3053823709487915,0.7171863317489624,-0.02717394381761551,0.3215608596801758,0.641476035118103,-0.03609690070152283,0.3414697051048279,0.5951409935951233,-0.04500323906540871,0.31965118646621704,0.7421231865882874,-0.05792025476694107,0.33179259300231934,0.6097231507301331,-0.07561813294887543,0.33799901604652405,0.5341610312461853,-0.07967866212129593,0.34161174297332764,0.4806740880012512,-0.0795762836933136,0.357713520526886,0.7534937858581543,-0.05791095271706581,0.3669998347759247,0.6055504679679871,-0.07460785657167435,0.3677610456943512,0.5195473432540894,-0.07712364196777344,0.36437106132507324,0.4596570134162903,-0.0775136798620224,0.39065635204315186,0.7571517825126648,-0.0553450845181942,0.3955203890800476,0.6136916279792786,-0.06833773851394653,0.3905729353427887,0.5316298007965088,-0.06942763924598694,0.38165411353111267,0.47586315870285034,-0.06850318610668182,0.4143717288970947,0.7514190077781677,-0.052264146506786346,0.41033339500427246,0.6384626030921936,-0.06160629540681839,0.4021056294441223,0.573801577091217,-0.060684386640787125,0.3917976915836334,0.5284830331802368,-0.058246079832315445,please
0.3559708595275879,0.848198413848877,5.124094286657055e-07,0.3147174119949341,0.7869505882263184,-0.01303925272077322,0.3039810359477997,0.7006344199180603,-0.028320807963609695,0.3188571035861969,0.6238569021224976,-0.03834143653512001,0.33672794699668884,0.5727522373199463,-0.04864003509283066,0.3134457767009735,0.7278577089309692,-0.06538920104503632,0.32834482192993164,0.5965377688407898,-0.08649364858865738,0.33815839886665344,0.5183398723602295,-0.09316730499267578,0.3456319570541382,0.462331622838974,-0.09440702944993973,0.3539224863052368,0.7469841241836548,-0.06556374579668045,0.3650255501270294,0.5989734530448914,-0.08581101894378662,0.3676396608352661,0.5107795596122742,-0.0898015946149826,0.36635714769363403,0.44990065693855286,-0.09109818935394287,0.3902355134487152,0.7544932961463928,-0.06246514618396759,0.39699506759643555,0.6117767095565796,-0.07662580907344818,0.389924556016922,0.528109610080719,-0.07638522982597351,0.37990978360176086,0.4720020294189453,-0.074281707406044,0.41651368141174316,0.7506831288337708,-0.05891525372862816,0.4138137698173523,0.6347799301147461,-0.06719211488962173,0.40311509370803833,0.5679795145988464,-0.0644029900431633,0.39234521985054016,0.5226667523384094,-0.060571927577257156,please
