0,1,2,3,4,5,6,7,8,9,10,11,12,13,14,15,16,17,18,19,20,21,22,23,24,25,26,27,28,29,30,31,32,33,34,35,36,37,38,39,40,41,42,43,44,45,46,47,48,49,50,51,52,53,54,55,56,57,58,59,60,61,62,label
0.5158461928367615,0.698037326335907,-3.073910477269237e-07,0.4601290822029114,0.6675240397453308,-0.00757066672667861,0.4240959882736206,0.5980445146560669,-0.0164639875292778,0.40477481484413147,0.5377781391143799,-0.02770853228867054,0.39369070529937744,0.49138975143432617,-0.037944115698337555,0.44370588660240173,0.461600124835968,-0.013492935337126255,0.4133055806159973,0.38196611404418945,-0.042538661509752274,0.3786128759384155,0.3411303758621216,-0.05847618728876114,0.3474092483520508,0.3141883909702301,-0.0681481882929802,0.4668881297111511,0.469441682100296,-0.024931656196713448,0.3858524262905121,0.4784810245037079,-0.06420955061912537,0.38083744049072266,0.5609235763549805,-0.06890872865915298,0.39699313044548035,0.6027769446372986,-0.06246670335531235,0.4840680658817291,0.5070890784263611,-0.03902614116668701,0.4056844115257263,0.5609177947044373,-0.07525704056024551,0.4139649271965027,0.6330665349960327,-0.06483135372400284,0.43585020303726196,0.64776211977005,-0.048489682376384735,0.4971739649772644,0.5622779726982117,-0.05416382849216461,0.4343522787094116,0.6134774684906006,-0.07724824547767639,0.4399283826351166,0.6606012582778931,-0.06938479840755463,0.45911145210266113,0.6623263359069824,-0.057199977338314056,R
0.4783095121383667,0.3811126947402954,1.7573549371263653e-07,0.4614783823490143,0.29247644543647766,-0.01659112609922886,0.4229132831096649,0.22248339653015137,-0.02678372524678707,0.3807695508003235,0.18631869554519653,-0.03612697497010231,0.35117289423942566,0.1773587465286255,-0.04630499333143234,0.3524208068847656,0.23529624938964844,-0.026278004050254822,0.29271048307418823,0.21539276838302612,-0.044808242470026016,0.25790876150131226,0.20732441544532776,-0.05802831053733826,0.2263542264699936,0.20265953242778778,-0.06760568916797638,0.3446510136127472,0.2789146304130554,-0.03218452259898186,0.27355608344078064,0.2575627565383911,-0.05096680670976639,0.2293594628572464,0.245576411485672,-0.06479078531265259,0.19130414724349976,0.24008381366729736,-0.07463183254003525,0.35096752643585205,0.3274466395378113,-0.03944484144449234,0.2842938303947449,0.3192843198776245,-0.05660688504576683,0.24222557246685028,0.3115105628967285,-0.06607653200626373,0.2052146941423416,0.3075906038284302,-0.07254206389188766,0.36746662855148315,0.38104939460754395,-0.048087019473314285,0.31516051292419434,0.3801519572734833,-0.06412408500909805,0.2837235927581787,0.3744759261608124,-0.0702502578496933,0.25422701239585876,0.3728063702583313,-0.07391604036092758,R
0.5944164991378784,0.6911493539810181,-4.1843659914775344e-07,0.5216566920280457,0.6712943315505981,0.0037456718273460865,0.47650933265686035,0.5892671346664429,0.00040973807335831225,0.4488699436187744,0.5220242142677307,-0.00835393276065588,0.4304186701774597,0.4710787832736969,-0.016315197572112083,0.491118460893631,0.428101509809494,0.002199586248025298,0.4643074870109558,0.31767359375953674,-0.025514421984553337,0.4284546673297882,0.28919684886932373,-0.04055168852210045,0.39708203077316284,0.28547167778015137,-0.04818766564130783,0.5113213658332825,0.4206405580043793,-0.013025296851992607,0.4277981221675873,0.4343309700489044,-0.04875006526708603,0.4227483868598938,0.5227596759796143,-0.0527680329978466,0.43941420316696167,0.5722802877426147,-0.046739641577005386,0.5274858474731445,0.44605934619903564,-0.030772827565670013,0.4465263783931732,0.5091269016265869,-0.062900610268116,0.46205297112464905,0.5836227536201477,-0.052027780562639236,0.48783159255981445,0.607215940952301,-0.03649137541651726,0.5387547612190247,0.4913570284843445,-0.04901772364974022,0.4747130870819092,0.551697313785553,-0.06793970614671707,0.4870508015155792,0.6040310859680176,-0.05967720225453377,0.5109060406684875,0.6108453273773193,-0.04789808392524719,R
0.47760432958602905,0.4116640090942383,1.887014349222227e-07,0.46479055285453796,0.3095950186252594,-0.015619657002389431,0.4275078773498535,0.2399023473262787,-0.023843690752983093,0.3811233341693878,0.2008742392063141,-0.031169934198260307,0.35261765122413635,0.1994353085756302,-0.03932533413171768,0.35335573554039,0.2569988965988159,-0.022618500515818596,0.29356613755226135,0.23211273550987244,-0.03806279972195625,0.25852566957473755,0.2252577692270279,-0.0493917278945446,0.2262890487909317,0.22079607844352722,-0.05842122435569763,0.3437160849571228,0.3014158606529236,-0.02749668061733246,0.2740749716758728,0.27836865186691284,-0.04721648991107941,0.23006613552570343,0.2679908871650696,-0.06238831207156181,0.19184234738349915,0.26042643189430237,-0.07311883568763733,0.3497092127799988,0.3502929210662842,-0.03320808336138725,0.28462904691696167,0.34096258878707886,-0.05017899349331856,0.24224792420864105,0.3346449136734009,-0.05943993106484413,0.20473133027553558,0.32991766929626465,-0.06571858376264572,0.36682239174842834,0.40247178077697754,-0.04016680642962456,0.31295931339263916,0.39926356077194214,-0.05506431311368942,0.28260374069213867,0.3921961188316345,-0.06047738716006279,0.2540733218193054,0.3871138393878937,-0.06389328092336655,R
0.5918371677398682,0.7203866839408875,-3.7552416642938624e-07,0.5154293775558472,0.6922604441642761,0.0007913782028481364,0.47024571895599365,0.608811616897583,-0.005335601512342691,0.44463905692100525,0.5381680727005005,-0.016054382547736168,0.4270026981830597,0.48644325137138367,-0.026011276990175247,0.4868277609348297,0.4497181475162506,-0.00476716086268425,0.4460020959377289,0.3527083992958069,-0.03418373316526413,0.4060910940170288,0.3195532262325287,-0.05152374133467674,0.37045595049858093,0.3048143684864044,-0.061665892601013184,0.5053114891052246,0.44452008605003357,-0.01935032568871975,0.4185771048069,0.45690953731536865,-0.05662617087364197,0.4177718162536621,0.5431761741638184,-0.06143561005592346,0.43598780035972595,0.59330815076828,-0.05674203485250473,0.5188139081001282,0.4696190357208252,-0.0362606979906559,0.4363850951194763,0.5360745191574097,-0.06836763024330139,0.45706385374069214,0.6089239120483398,-0.05626077950000763,0.4859693944454193,0.6334981918334961,-0.040958620607852936,0.5281725525856018,0.5142227411270142,-0.05409207567572594,0.46309518814086914,0.5802639126777649,-0.07332536578178406,0.47897395491600037,0.633754551410675,-0.0643811970949173,0.5042718052864075,0.6403222680091858,-0.052728865295648575,R
0.4842525124549866,0.4158613979816437,1.876813797707655e-07,0.46836334466934204,0.31414851546287537,-0.011591892689466476,0.4282339811325073,0.25157496333122253,-0.018393738195300102,0.3828392028808594,0.21157044172286987,-0.02571824938058853,0.3523959815502167,0.19782835245132446,-0.03388100489974022,0.3532716929912567,0.2667878270149231,-0.015835393220186234,0.2939494550228119,0.24100281298160553,-0.030656108632683754,0.25943100452423096,0.2320394665002823,-0.042030662298202515,0.22722803056240082,0.2246335744857788,-0.0512654110789299,0.34327155351638794,0.30856195092201233,-0.023577166721224785,0.27338340878486633,0.28492027521133423,-0.04171082004904747,0.2291310727596283,0.2726817727088928,-0.056493330746889114,0.19075685739517212,0.2646789252758026,-0.06726466864347458,0.3491975963115692,0.35599514842033386,-0.03245745599269867,0.2829359173774719,0.34756726026535034,-0.0490630567073822,0.24082627892494202,0.34211137890815735,-0.05872967466711998,0.20315809547901154,0.3393772840499878,-0.06558144092559814,0.36669543385505676,0.40737295150756836,-0.04239605739712715,0.31192219257354736,0.4056982696056366,-0.05831114575266838,0.27936774492263794,0.39959201216697693,-0.06493307650089264,0.24824270606040955,0.39574456214904785,-0.06926320493221283,R
0.578425407409668,0.7423670291900635,-4.660200829675887e-07,0.5041064023971558,0.7075650691986084,0.006410159170627594,0.46112555265426636,0.6201055645942688,0.004362495616078377,0.4360206723213196,0.5525783896446228,-0.003258911892771721,0.4214378595352173,0.5003001689910889,-0.010032824240624905,0.4814075231552124,0.4774210453033447,0.007601854857057333,0.4421277642250061,0.396292507648468,-0.018400128930807114,0.40685099363327026,0.3828309178352356,-0.032867416739463806,0.37748563289642334,0.38785892724990845,-0.03991479054093361,0.4999179542064667,0.47638362646102905,-0.008416491560637951,0.4117755889892578,0.49113214015960693,-0.040219999849796295,0.4132167398929596,0.5758479237556458,-0.04356864094734192,0.4314028024673462,0.6182051301002502,-0.038203030824661255,0.5151907205581665,0.5020502209663391,-0.0270643662661314,0.43242961168289185,0.5642514228820801,-0.055688705295324326,0.4517095685005188,0.6360554695129395,-0.04522816464304924,0.4773561656475067,0.6533069014549255,-0.03140303120017052,0.5268673896789551,0.5440195202827454,-0.046060606837272644,0.4613490104675293,0.6057645678520203,-0.06174950301647186,0.4764377772808075,0.6568793654441833,-0.053181242197752,0.49998271465301514,0.6600513458251953,-0.042625363916158676,R
0.480195015668869,0.4265039563179016,1.619369669469961e-07,0.4663853049278259,0.3256920278072357,-0.013418842107057571,0.42574089765548706,0.25799378752708435,-0.020912062376737595,0.38072144985198975,0.2182958722114563,-0.028568081557750702,0.3503626585006714,0.20234686136245728,-0.037070054560899734,0.348770409822464,0.2722068130970001,-0.018136760219931602,0.2885233461856842,0.2490580677986145,-0.03421514108777046,0.25306236743927,0.24157825112342834,-0.04644142463803291,0.22078029811382294,0.2373848259449005,-0.05591822788119316,0.33929821848869324,0.31555113196372986,-0.025030959397554398,0.2684475779533386,0.29099971055984497,-0.04271874204277992,0.22368209064006805,0.2778480052947998,-0.05686619505286217,0.18593063950538635,0.2722249925136566,-0.06707525998353958,0.34517544507980347,0.36378213763237,-0.0333128459751606,0.277523398399353,0.35238116979599,-0.04971881955862045,0.2354457676410675,0.3440383970737457,-0.059236589819192886,0.19821281731128693,0.3402913212776184,-0.06598640233278275,0.36202073097229004,0.4163113832473755,-0.04286247491836548,0.3085671663284302,0.41213586926460266,-0.05902712792158127,0.2760193347930908,0.4034181535243988,-0.06594984233379364,0.24527812004089355,0.3978731632232666,-0.07032512873411179,R
0.5685015320777893,0.7543582916259766,-4.623095151146117e-07,0.4913496971130371,0.7224506735801697,0.0021946411579847336,0.4499282240867615,0.6412437558174133,-0.0027897972613573074,0.4240931272506714,0.575390100479126,-0.01281839981675148,0.4088658094406128,0.5233954191207886,-0.02167821116745472,0.47673171758651733,0.4938700795173645,0.00316221104003489,0.43651995062828064,0.41464775800704956,-0.02445843070745468,0.40030694007873535,0.4045514762401581,-0.03918082267045975,0.3711242377758026,0.41209179162979126,-0.046095944941043854,0.4948728382587433,0.4912780523300171,-0.011267360299825668,0.4054485857486725,0.4977603256702423,-0.046402458101511,0.4038434624671936,0.5863864421844482,-0.05004359781742096,0.4205799996852875,0.6317400932312012,-0.0436483733355999,0.5092026591300964,0.5138875842094421,-0.02869327738881111,0.4258362054824829,0.5760394930839539,-0.06033605709671974,0.4435516595840454,0.6501874923706055,-0.049559030681848526,0.46904513239860535,0.6672343015670776,-0.03436567634344101,0.5193290114402771,0.5534072518348694,-0.046814531087875366,0.45473960041999817,0.6179966926574707,-0.06393512338399887,0.46805113554000854,0.6702605485916138,-0.05528894066810608,0.4913058876991272,0.6733849048614502,-0.044167306274175644,R
0.4745113253593445,0.4430693984031677,1.595700496181962e-07,0.4601852297782898,0.3410436809062958,-0.014090387150645256,0.4186123311519623,0.2735133171081543,-0.02159491553902626,0.3736616373062134,0.236629456281662,-0.029352746903896332,0.34415608644485474,0.21304884552955627,-0.037922702729701996,0.34127968549728394,0.2861476540565491,-0.016841309145092964,0.2817903161048889,0.2653874456882477,-0.03326879069209099,0.24706639349460602,0.2589816451072693,-0.046102795749902725,0.21563629806041718,0.25578999519348145,-0.05569151043891907,0.3317203223705292,0.3323962390422821,-0.02355331927537918,0.260466992855072,0.30982261896133423,-0.039966560900211334,0.21562421321868896,0.2977122664451599,-0.05355875566601753,0.1778978407382965,0.2929869294166565,-0.06316021829843521,0.337576687335968,0.38190561532974243,-0.03206610679626465,0.27039265632629395,0.3726082444190979,-0.047774411737918854,0.22824043035507202,0.3645975887775421,-0.057632926851511,0.1912044882774353,0.3610207438468933,-0.06436660140752792,0.3551485538482666,0.4349941909313202,-0.04198375344276428,0.3022325336933136,0.43336397409439087,-0.057364001870155334,0.27003684639930725,0.4265209138393402,-0.06393083184957504,0.2406509518623352,0.42212581634521484,-0.06783532351255417,R
0.556951642036438,0.7596865892410278,-4.821993115911027e-07,0.48357829451560974,0.7300641536712646,0.002238393761217594,0.44190794229507446,0.6514914035797119,-0.0023438974749296904,0.41746875643730164,0.5898531079292297,-0.012427003122866154,0.4039326608181,0.5410789251327515,-0.020917754620313644,0.46483659744262695,0.504743218421936,0.003091042162850499,0.43199822306632996,0.4160301089286804,-0.025631947442889214,0.3947613537311554,0.42045778036117554,-0.04028291627764702,0.36942845582962036,0.45170271396636963,-0.045706409960985184,0.4838005602359772,0.503761887550354,-0.010953366756439209,0.4003092050552368,0.511050283908844,-0.043657466769218445,0.3982057571411133,0.5949447751045227,-0.046557579189538956,0.4162769913673401,0.6400697827339172,-0.04027002304792404,0.5009800791740417,0.5279873013496399,-0.02825825847685337,0.4234948456287384,0.5950689911842346,-0.05687923729419708,0.4392479360103607,0.6643555760383606,-0.046869900077581406,0.46327418088912964,0.6817733645439148,-0.033059194684028625,0.5144017934799194,0.567863941192627,-0.046379752457141876,0.45507997274398804,0.6324074268341064,-0.06061143800616264,0.466321736574173,0.6798583269119263,-0.05185842514038086,0.4873659014701843,0.6829636096954346,-0.041183359920978546,R
0.469429075717926,0.45806610584259033,1.5462163105439686e-07,0.45664840936660767,0.35469767451286316,-0.014383986592292786,0.41551315784454346,0.285007119178772,-0.022323137149214745,0.3707539439201355,0.2504492700099945,-0.03059009648859501,0.339222252368927,0.21891486644744873,-0.039673130959272385,0.3387134075164795,0.2970481514930725,-0.01719585806131363,0.27862849831581116,0.2745354175567627,-0.03407471254467964,0.24355602264404297,0.2671471834182739,-0.046981457620859146,0.21170388162136078,0.26270151138305664,-0.0566323921084404,0.32986512780189514,0.3417431116104126,-0.0239767674356699,0.25730055570602417,0.31894922256469727,-0.04028946906328201,0.212330162525177,0.30715295672416687,-0.05358240380883217,0.17429600656032562,0.3026973307132721,-0.06317456066608429,0.33538079261779785,0.3908061385154724,-0.03278706595301628,0.2670242190361023,0.38303789496421814,-0.04869528487324715,0.2248879075050354,0.3756401836872101,-0.058550875633955,0.18747104704380035,0.37230855226516724,-0.0654672160744667,0.3518293797969818,0.4435599446296692,-0.043060388416051865,0.29794830083847046,0.44062793254852295,-0.059044916182756424,0.26472046971321106,0.43402209877967834,-0.06628582626581192,0.23425909876823425,0.4297221004962921,-0.07078737765550613,R
0.5600776672363281,0.7595640420913696,-4.958745307703794e-07,0.4848678410053253,0.7395908236503601,0.0016332888044416904,0.44149234890937805,0.6730130314826965,-0.004237579647451639,0.41391149163246155,0.6233087182044983,-0.015335855074226856,0.39686623215675354,0.5810601115226746,-0.02412676252424717,0.46338170766830444,0.5117767453193665,0.00020233842951711267,0.42941850423812866,0.4184074401855469,-0.028489110991358757,0.39611852169036865,0.4404130280017853,-0.04128600284457207,0.3796756863594055,0.48454874753952026,-0.04507819190621376,0.4817482531070709,0.5095943212509155,-0.01315119955688715,0.39532482624053955,0.5145017504692078,-0.04639214649796486,0.3915359377861023,0.5987315773963928,-0.04791971296072006,0.4109472632408142,0.6418919563293457,-0.040534090250730515,0.49715784192085266,0.5330132246017456,-0.02971196547150612,0.4188309907913208,0.6001390218734741,-0.05796974152326584,0.4349800944328308,0.6667094826698303,-0.04702474921941757,0.45987668633461,0.6799255609512329,-0.03267708420753479,0.5085882544517517,0.5720424056053162,-0.04699598625302315,0.4493964612483978,0.637467622756958,-0.05984192714095116,0.461107075214386,0.6843429803848267,-0.0500684529542923,0.4825219511985779,0.6855659484863281,-0.038715705275535583,R
0.46632370352745056,0.46338850259780884,1.2720003894628462e-07,0.4535622000694275,0.35894346237182617,-0.011433091945946217,0.41229936480522156,0.28524938225746155,-0.017491642385721207,0.3678532838821411,0.2487533688545227,-0.024543797597289085,0.3393384516239166,0.22713075578212738,-0.032721273601055145,0.33546096086502075,0.29936325550079346,-0.013628951273858547,0.2740374803543091,0.27720311284065247,-0.028998376801609993,0.23782479763031006,0.27011874318122864,-0.04127461835741997,0.20569956302642822,0.2666589021682739,-0.05062110349535942,0.32672902941703796,0.3431299924850464,-0.0215451680123806,0.2542017698287964,0.32087260484695435,-0.03648291528224945,0.20916847884655,0.30976834893226624,-0.0492820218205452,0.1719493269920349,0.30722105503082275,-0.05860554426908493,0.3316616117954254,0.39178094267845154,-0.03127119690179825,0.2620927393436432,0.3816312551498413,-0.045847490429878235,0.22027257084846497,0.37473002076148987,-0.05535726621747017,0.18404118716716766,0.37384897470474243,-0.06211535632610321,0.347042441368103,0.4443686008453369,-0.042277902364730835,0.2922302782535553,0.4389752745628357,-0.05715914070606232,0.2587938904762268,0.4330114424228668,-0.06392449140548706,0.22901856899261475,0.4306657314300537,-0.0681421086192131,R
0.5565557479858398,0.7626080513000488,-5.318615308169683e-07,0.4826456904411316,0.742139458656311,0.0017172317020595074,0.43856120109558105,0.6791796088218689,-0.005604422651231289,0.4113647937774658,0.6265594959259033,-0.017938286066055298,0.39387941360473633,0.581865668296814,-0.02793114073574543,0.4571675658226013,0.5106632709503174,-0.004291296936571598,0.4216252863407135,0.4173051118850708,-0.03542666882276535,0.39147070050239563,0.4443069100379944,-0.0502907820045948,0.3761520981788635,0.4911079704761505,-0.05532871186733246,0.47712045907974243,0.5094135403633118,-0.01796751096844673,0.39046648144721985,0.5284252166748047,-0.05257940664887428,0.39055585861206055,0.6117356419563293,-0.05486808717250824,0.41166582703590393,0.6545191407203674,-0.048839058727025986,0.493042916059494,0.53626948595047,-0.03464558720588684,0.4137456715106964,0.6061556339263916,-0.06345022469758987,0.4321430027484894,0.6723434329032898,-0.05152896046638489,0.45762234926223755,0.6862528324127197,-0.037057552486658096,0.5058351159095764,0.5782861113548279,-0.05199612304568291,0.4462660551071167,0.6439582705497742,-0.06548850238323212,0.45861196517944336,0.6908039450645447,-0.055368032306432724,0.4795626401901245,0.6916154623031616,-0.043880678713321686,R
0.4639245867729187,0.46735715866088867,1.4013164673087886e-07,0.4502618610858917,0.3616854250431061,-0.013714957050979137,0.4090728759765625,0.2907874286174774,-0.021546585485339165,0.36489441990852356,0.25635361671447754,-0.029984895139932632,0.3306199610233307,0.22296157479286194,-0.03926621377468109,0.33083027601242065,0.30283069610595703,-0.01537904143333435,0.27013200521469116,0.2818635106086731,-0.03253926336765289,0.2343340516090393,0.2755497097969055,-0.04594738036394119,0.20166760683059692,0.2722530961036682,-0.05578295513987541,0.32255053520202637,0.347838819026947,-0.02243535779416561,0.2509387731552124,0.3251208961009979,-0.03825764358043671,0.2062518298625946,0.31435632705688477,-0.051380425691604614,0.16822920739650726,0.31124523282051086,-0.06093642860651016,0.32841289043426514,0.39725419878959656,-0.031631674617528915,0.260151743888855,0.387885183095932,-0.04710927605628967,0.218509241938591,0.38160502910614014,-0.0560670867562294,0.18170009553432465,0.3805111348628998,-0.062342725694179535,0.345153272151947,0.4499192535877228,-0.04230903834104538,0.290919691324234,0.44344383478164673,-0.057592932134866714,0.2579635679721832,0.43572351336479187,-0.06378120183944702,0.22817489504814148,0.43205955624580383,-0.06745235621929169,R
0.5565533638000488,0.7583092451095581,-5.272875114314957e-07,0.4794696569442749,0.7415390014648438,0.00444986205548048,0.4354715049266815,0.6693006753921509,-0.0011135286185890436,0.4086719751358032,0.6068512201309204,-0.011848514899611473,0.3937877118587494,0.5553830862045288,-0.020865483209490776,0.45798471570014954,0.5121637582778931,-0.002367178676649928,0.4229055345058441,0.41870781779289246,-0.03106539696455002,0.3912275433540344,0.44276726245880127,-0.044075943529605865,0.37441205978393555,0.48478588461875916,-0.048357464373111725,0.47677889466285706,0.5091438889503479,-0.016600940376520157,0.3891924321651459,0.5275527238845825,-0.04842013493180275,0.39001819491386414,0.6109179258346558,-0.04897557571530342,0.4111531674861908,0.6487995982170105,-0.042287617921829224,0.492584764957428,0.5331534743309021,-0.03339213505387306,0.412836492061615,0.6047170162200928,-0.06087375804781914,0.43240025639533997,0.6718851327896118,-0.04819990694522858,0.4583682119846344,0.6840372085571289,-0.0335971862077713,0.5054380297660828,0.5721955299377441,-0.05050448700785637,0.4456114172935486,0.6413648128509521,-0.06338054686784744,0.45970618724823,0.6893277764320374,-0.05292170122265816,0.4815485179424286,0.6897059082984924,-0.04150526225566864,R
0.4592152535915375,0.4823233485221863,2.0098478614727355e-07,0.44301313161849976,0.3831615746021271,-0.016315745189785957,0.4054785668849945,0.31311097741127014,-0.02579266019165516,0.36158880591392517,0.2826850414276123,-0.03520976006984711,0.327828973531723,0.25387218594551086,-0.04524816945195198,0.3272998034954071,0.3293158710002899,-0.019765032455325127,0.26706430315971375,0.30829715728759766,-0.037714313715696335,0.23059062659740448,0.3035632371902466,-0.0509040430188179,0.19804193079471588,0.3023601770401001,-0.06021936237812042,0.3184846043586731,0.3772476613521576,-0.025703178718686104,0.24679765105247498,0.35509395599365234,-0.042497195303440094,0.20122532546520233,0.34545624256134033,-0.05542973056435585,0.16375090181827545,0.3424246311187744,-0.06443767994642258,0.3240685760974884,0.42868393659591675,-0.03370504826307297,0.25594279170036316,0.4215856194496155,-0.04967262223362923,0.21285951137542725,0.4165598452091217,-0.058550603687763214,0.17619788646697998,0.4152929186820984,-0.06461896747350693,0.34092700481414795,0.48399800062179565,-0.04332643374800682,0.289029598236084,0.481560617685318,-0.058632031083106995,0.256893515586853,0.47600606083869934,-0.06447752565145493,0.22770288586616516,0.47238555550575256,-0.06772957742214203,R
0.557479739189148,0.7264679670333862,-4.343205262102856e-07,0.48120561242103577,0.7031233906745911,-0.0012740854872390628,0.4324938952922821,0.6252487897872925,-0.00888770166784525,0.4072324335575104,0.5588794350624084,-0.021558357402682304,0.38834813237190247,0.5072598457336426,-0.032996825873851776,0.4494748115539551,0.46272024512290955,-0.009660208597779274,0.4190009534358978,0.343067467212677,-0.04419007524847984,0.3778161406517029,0.3242782950401306,-0.06241544708609581,0.3442500829696655,0.33419090509414673,-0.07048439979553223,0.4727424085140228,0.45741546154022217,-0.023621581494808197,0.3995925188064575,0.4836590588092804,-0.06501656025648117,0.3893173336982727,0.5702024698257446,-0.0707443505525589,0.4015544652938843,0.6230763792991638,-0.06570126861333847,0.4924335479736328,0.486532598733902,-0.04059788957238197,0.4189605116844177,0.5656406879425049,-0.07490311563014984,0.43368256092071533,0.6350890398025513,-0.06320103257894516,0.45885488390922546,0.6580502390861511,-0.04722314700484276,0.5087780952453613,0.53383868932724,-0.058735545724630356,0.4489060342311859,0.6057171821594238,-0.07701356709003448,0.45893773436546326,0.6541839241981506,-0.06756900250911713,0.4809208810329437,0.6572823524475098,-0.05500635877251625,R
0.46291735768318176,0.484753280878067,2.3942558868839114e-07,0.4483548402786255,0.3851645588874817,-0.020036302506923676,0.41168880462646484,0.31451666355133057,-0.029740246012806892,0.36661651730537415,0.2795896530151367,-0.03840736299753189,0.3302002251148224,0.2524552345275879,-0.04719741642475128,0.32907313108444214,0.33041906356811523,-0.020654035732150078,0.2676191031932831,0.3066795766353607,-0.03795401751995087,0.2297719568014145,0.2995823919773102,-0.051187846809625626,0.19575393199920654,0.29608914256095886,-0.06072597578167915,0.31872785091400146,0.3782770037651062,-0.023994548246264458,0.24833956360816956,0.353183388710022,-0.04116528853774071,0.20254667103290558,0.3423190712928772,-0.055220670998096466,0.16402335464954376,0.3372217118740082,-0.06481568515300751,0.323580801486969,0.4288465976715088,-0.029598291963338852,0.2580663561820984,0.4202249348163605,-0.04542505741119385,0.21504846215248108,0.4148418605327606,-0.05527934432029724,0.17781616747379303,0.412960946559906,-0.06181313842535019,0.3404068946838379,0.4828767478466034,-0.03715554252266884,0.2886868417263031,0.47792038321495056,-0.052303802222013474,0.2572552561759949,0.47252553701400757,-0.05858147516846657,0.22874011099338531,0.4686843752861023,-0.061918020248413086,R
0.5644328594207764,0.7708277106285095,-6.252982416299346e-07,0.4855581223964691,0.7331403493881226,0.003946589305996895,0.4374760091304779,0.6593008637428284,-0.002665805397555232,0.4110701382160187,0.6014819741249084,-0.015766145661473274,0.3957879841327667,0.5480905771255493,-0.02616705372929573,0.45832201838493347,0.504536509513855,0.001046102144755423,0.4286779463291168,0.40822353959083557,-0.034358710050582886,0.39531293511390686,0.4330200254917145,-0.0517268180847168,0.372028112411499,0.4759071469306946,-0.05812564119696617,0.47961553931236267,0.5017879009246826,-0.01582985371351242,0.3919990658760071,0.5356160998344421,-0.05506894737482071,0.39568063616752625,0.622031569480896,-0.0580306313931942,0.416116327047348,0.6567404866218567,-0.051415130496025085,0.49686816334724426,0.527031660079956,-0.03644359111785889,0.41609397530555725,0.6121680736541748,-0.06813345104455948,0.43994423747062683,0.6797480583190918,-0.05411811172962189,0.4662878215312958,0.6863089203834534,-0.037613824009895325,0.5118725895881653,0.5672647953033447,-0.05802541598677635,0.447922945022583,0.6406161189079285,-0.07286620885133743,0.462419331073761,0.6901630163192749,-0.06077682599425316,0.4839527904987335,0.6893477439880371,-0.04723547771573067,R
0.4629569947719574,0.48301011323928833,1.8772668397559755e-07,0.4477802515029907,0.37960392236709595,-0.016135886311531067,0.4070555865764618,0.30995017290115356,-0.024145394563674927,0.36106762290000916,0.27091890573501587,-0.03206542134284973,0.32543864846229553,0.24213950335979462,-0.040748097002506256,0.32790327072143555,0.32370442152023315,-0.017425311729311943,0.2664831280708313,0.29776352643966675,-0.034605640918016434,0.23021651804447174,0.2893041968345642,-0.04803694412112236,0.1972627192735672,0.2835856080055237,-0.05800170078873634,0.3176996111869812,0.3704279065132141,-0.022989390417933464,0.2469254434108734,0.344703733921051,-0.04031527042388916,0.20209349691867828,0.3322741687297821,-0.05492450296878815,0.1634777933359146,0.325735479593277,-0.06545337289571762,0.3228096067905426,0.4216209352016449,-0.030664432793855667,0.2554379105567932,0.4098201394081116,-0.04718517139554024,0.21213515102863312,0.40254053473472595,-0.05756582319736481,0.1730729043483734,0.39897623658180237,-0.06482327729463577,0.33947163820266724,0.4767047166824341,-0.03987615928053856,0.2851165533065796,0.4692836403846741,-0.05594528466463089,0.25210335850715637,0.4603337347507477,-0.06299232691526413,0.2211834192276001,0.4539703130722046,-0.06731230020523071,R
0.5656314492225647,0.7805171608924866,-5.218532805884024e-07,0.48837903141975403,0.7565761804580688,0.006198951508849859,0.4425372779369354,0.68549644947052,0.0014621000736951828,0.41369032859802246,0.6309260129928589,-0.009070823900401592,0.39582356810569763,0.580881655216217,-0.017566237598657608,0.46349775791168213,0.5311638712882996,0.0015683949459344149,0.4297832250595093,0.4306844472885132,-0.026911428198218346,0.39591094851493835,0.4572919011116028,-0.038933586329221725,0.37806835770606995,0.5034843683242798,-0.041940364986658096,0.4818490147590637,0.5286861658096313,-0.013585259206593037,0.3934060037136078,0.5397654175758362,-0.046511441469192505,0.3925289511680603,0.6226702928543091,-0.04707219824194908,0.4125864803791046,0.6617264151573181,-0.039324138313531876,0.4963696002960205,0.5518093705177307,-0.03144717216491699,0.4167014956474304,0.6236530542373657,-0.05950004979968071,0.43709278106689453,0.6888039112091064,-0.04753235727548599,0.463512122631073,0.6993802785873413,-0.032588351517915726,0.50743168592453,0.5886551737785339,-0.04949989542365074,0.4470236301422119,0.6583749651908875,-0.06243962049484253,0.4619225859642029,0.7077057957649231,-0.0520201176404953,0.4846063554286957,0.7093494534492493,-0.04012755677103996,R
0.4617000222206116,0.4890461266040802,1.769736144296985e-07,0.4481123983860016,0.38163262605667114,-0.015871891751885414,0.4087646007537842,0.3104468584060669,-0.024123040959239006,0.362525999546051,0.2731249928474426,-0.03226422145962715,0.32591259479522705,0.24622981250286102,-0.04124225676059723,0.32811400294303894,0.3242195248603821,-0.018974190577864647,0.2653604745864868,0.29872745275497437,-0.03629180043935776,0.2283480167388916,0.29043206572532654,-0.049626775085926056,0.19438427686691284,0.28567543625831604,-0.05957529693841934,0.3180491328239441,0.3711856007575989,-0.02490474283695221,0.24559488892555237,0.34477484226226807,-0.04208719730377197,0.20076324045658112,0.33203965425491333,-0.056279681622982025,0.16232450306415558,0.32594189047813416,-0.06662146747112274,0.3232513666152954,0.42268621921539307,-0.03280290216207504,0.254849374294281,0.41069796681404114,-0.049052175134420395,0.21185213327407837,0.40306711196899414,-0.05893940106034279,0.17318858206272125,0.39985302090644836,-0.06598459929227829,0.3399417996406555,0.4788978695869446,-0.04221007600426674,0.28492802381515503,0.46998924016952515,-0.058342598378658295,0.2519199550151825,0.46016359329223633,-0.06532755494117737,0.22129961848258972,0.4537464678287506,-0.06964681297540665,R
0.5566187500953674,0.7778018116950989,-5.202237502999196e-07,0.4809434711933136,0.7545223236083984,0.0029275023844093084,0.43553245067596436,0.6873841285705566,-0.0023846819531172514,0.4087978005409241,0.6342252492904663,-0.013128265738487244,0.39312735199928284,0.5862462520599365,-0.021290751174092293,0.45571550726890564,0.5277324914932251,0.0008734105504117906,0.4224874973297119,0.43344318866729736,-0.028963753953576088,0.3899816870689392,0.4606097340583801,-0.04245888069272041,0.3733145594596863,0.5085594654083252,-0.046580370515584946,0.47488513588905334,0.5263321399688721,-0.013079818338155746,0.3881950378417969,0.5437605977058411,-0.04678294062614441,0.3887583017349243,0.6247053742408752,-0.048053350299596786,0.40929993987083435,0.6595467329025269,-0.041079334914684296,0.4903518855571747,0.5521262884140015,-0.030366582795977592,0.4118015766143799,0.6244072914123535,-0.05874655395746231,0.4306504726409912,0.6894270181655884,-0.04666655510663986,0.45535704493522644,0.6970423460006714,-0.03195406496524811,0.5028228759765625,0.5929614305496216,-0.04838113859295845,0.44396790862083435,0.6622692346572876,-0.06132610887289047,0.4569157361984253,0.7077981233596802,-0.051172759383916855,0.4778050482273102,0.7050310969352722,-0.039680782705545425,R
0.45919403433799744,0.49243298172950745,1.6493875421019766e-07,0.4447510838508606,0.38873565196990967,-0.014898511581122875,0.40343934297561646,0.3178347945213318,-0.022579045966267586,0.3564881980419159,0.2796696424484253,-0.030429985374212265,0.3203372359275818,0.24958273768424988,-0.03905400633811951,0.32405444979667664,0.3299036920070648,-0.01708097569644451,0.26229262351989746,0.30556052923202515,-0.03432918339967728,0.22617654502391815,0.29732611775398254,-0.0476980060338974,0.1931076943874359,0.2918991148471832,-0.05773189663887024,0.3136076331138611,0.37674200534820557,-0.023835090920329094,0.23978765308856964,0.351439893245697,-0.04131181538105011,0.19418774545192719,0.3389991223812103,-0.05601252615451813,0.15535445511341095,0.33223825693130493,-0.0666845515370369,0.31851503252983093,0.42812949419021606,-0.032571010291576385,0.2492842823266983,0.41813772916793823,-0.04944480583071709,0.2055894285440445,0.41135692596435547,-0.0598573312163353,0.16672152280807495,0.407182514667511,-0.06717246770858765,0.33515748381614685,0.4841860234737396,-0.042737215757369995,0.27952438592910767,0.4768967032432556,-0.05938642844557762,0.24584457278251648,0.46780574321746826,-0.06674250960350037,0.214368999004364,0.4611295759677887,-0.07133389264345169,R
0.5593401789665222,0.7855725288391113,-5.323266805135063e-07,0.4809160530567169,0.7589686512947083,0.006158829666674137,0.43547093868255615,0.6889945268630981,0.0003073255065828562,0.4075758755207062,0.634310781955719,-0.011542940512299538,0.39024949073791504,0.5853683352470398,-0.021344980224967003,0.45754045248031616,0.531211256980896,0.00026960938703268766,0.4210156798362732,0.43554186820983887,-0.028157690539956093,0.3871152997016907,0.4605284333229065,-0.04087689146399498,0.36888518929481506,0.5090692043304443,-0.04476330801844597,0.4763021767139435,0.5319414138793945,-0.015142238698899746,0.3867177665233612,0.5495795607566833,-0.04589781537652016,0.38612788915634155,0.6292902231216431,-0.045832760632038116,0.4059479832649231,0.6654617786407471,-0.03930095583200455,0.49084049463272095,0.5594634413719177,-0.03325905278325081,0.4089864194393158,0.6287263035774231,-0.05830466374754906,0.4277013838291168,0.6931015253067017,-0.044806454330682755,0.4524412751197815,0.7030583620071411,-0.030673686414957047,0.502004861831665,0.6016278266906738,-0.05191287398338318,0.44131478667259216,0.6686105728149414,-0.06284511834383011,0.45492643117904663,0.7134313583374023,-0.0518035925924778,0.476525217294693,0.7121601700782776,-0.040548112243413925,R
0.454551100730896,0.49745380878448486,1.7767112581168476e-07,0.4403068721294403,0.39232945442199707,-0.01653071492910385,0.40103888511657715,0.31914910674095154,-0.024893153458833694,0.3532307744026184,0.2791215777397156,-0.033015795052051544,0.3161279857158661,0.249965637922287,-0.04169919714331627,0.32106631994247437,0.33242267370224,-0.018904386088252068,0.25813668966293335,0.30658018589019775,-0.036083292216062546,0.22119608521461487,0.29837071895599365,-0.04910805821418762,0.18727612495422363,0.2926178574562073,-0.05880871042609215,0.3100358545780182,0.37780439853668213,-0.02459314838051796,0.2360343635082245,0.35148584842681885,-0.042367417365312576,0.1899065226316452,0.3385648727416992,-0.056683868169784546,0.1509869247674942,0.33191102743148804,-0.06687480956315994,0.31446895003318787,0.4284462034702301,-0.032283466309309006,0.2447916865348816,0.41836681962013245,-0.04905896633863449,0.2015751153230667,0.41191020607948303,-0.058577120304107666,0.16361509263515472,0.40902307629585266,-0.06503654271364212,0.33073967695236206,0.4834245443344116,-0.04157378152012825,0.2741153836250305,0.47638803720474243,-0.05783776193857193,0.24041052162647247,0.4678090810775757,-0.06456156075000763,0.20958276093006134,0.4620536267757416,-0.06851771473884583,R
0.5564600229263306,0.7848535776138306,-5.116874035593355e-07,0.4786328673362732,0.7621064186096191,0.003389316610991955,0.43236714601516724,0.6935174465179443,-0.0031266221776604652,0.40383192896842957,0.6366049647331238,-0.01506530586630106,0.3864726126194,0.5868258476257324,-0.025000933557748795,0.45277366042137146,0.5321654677391052,-0.002316409256309271,0.41521522402763367,0.4379553198814392,-0.03247822821140289,0.38298702239990234,0.46546584367752075,-0.046588994562625885,0.3674492835998535,0.5126070976257324,-0.05107215419411659,0.47167807817459106,0.5321630835533142,-0.016655990853905678,0.38298091292381287,0.548053503036499,-0.04870866984128952,0.38049134612083435,0.6273993253707886,-0.05005146190524101,0.3993559777736664,0.6664632558822632,-0.044122885912656784,0.48624861240386963,0.5593122243881226,-0.03388895094394684,0.4062131643295288,0.6338125467300415,-0.06093403324484825,0.42553406953811646,0.6973707675933838,-0.04905581846833229,0.4514468312263489,0.7085856795310974,-0.035212572664022446,0.49730363488197327,0.6017038822174072,-0.051696110516786575,0.43610846996307373,0.6728213429450989,-0.0643773004412651,0.4507139027118683,0.7185425162315369,-0.05410971865057945,0.47333693504333496,0.7182411551475525,-0.04279184713959694,R
0.4519622325897217,0.5054439902305603,1.7637904647926916e-07,0.4371784031391144,0.3980060815811157,-0.0177925918251276,0.3972190022468567,0.3259170651435852,-0.025791147723793983,0.3487888276576996,0.2871972620487213,-0.03325109928846359,0.3117207884788513,0.25865262746810913,-0.04130886495113373,0.3146343529224396,0.3390095829963684,-0.018405040726065636,0.2493007779121399,0.31456899642944336,-0.03466814011335373,0.21153560280799866,0.3064449429512024,-0.04755541682243347,0.1768334060907364,0.3016841411590576,-0.05741225555539131,0.30374419689178467,0.38583365082740784,-0.023354213684797287,0.22854092717170715,0.36134740710258484,-0.039808958768844604,0.18148964643478394,0.3504880964756012,-0.05411658063530922,0.14204633235931396,0.345930278301239,-0.06472465395927429,0.30859237909317017,0.4373161792755127,-0.030547965317964554,0.23816001415252686,0.42769184708595276,-0.04627355560660362,0.19535291194915771,0.42161238193511963,-0.05613956227898598,0.15742184221744537,0.4184379577636719,-0.0633077323436737,0.3251085579395294,0.4940866231918335,-0.03952779248356819,0.26809293031692505,0.4887552261352539,-0.05561591684818268,0.23470136523246765,0.48097044229507446,-0.06270752847194672,0.20357826352119446,0.47450122237205505,-0.06719662249088287,R
0.5600234866142273,0.8010431528091431,-5.156516067472694e-07,0.479953408241272,0.7792263031005859,0.004476327449083328,0.4330903887748718,0.7098161578178406,-0.0018749445443972945,0.4047428369522095,0.6535096764564514,-0.0142162861302495,0.3866686224937439,0.6038655042648315,-0.024457432329654694,0.44961121678352356,0.5442520976066589,0.0008871114696376026,0.4115317463874817,0.4537609815597534,-0.029169777408242226,0.38127565383911133,0.4820495545864105,-0.0438934750854969,0.3666335344314575,0.5306719541549683,-0.048897404223680496,0.46786046028137207,0.5427888631820679,-0.01411393005400896,0.38103508949279785,0.572343111038208,-0.045207858085632324,0.38320764899253845,0.6503395438194275,-0.04662720486521721,0.4036085903644562,0.6824743747711182,-0.041118375957012177,0.48270583152770996,0.570769727230072,-0.03218207135796547,0.40505731105804443,0.6552357077598572,-0.057931553572416306,0.4264240264892578,0.7161125540733337,-0.04621449112892151,0.4517464339733124,0.7212285995483398,-0.033249180763959885,0.4942343235015869,0.6141747832298279,-0.050954192876815796,0.4370304048061371,0.6934242248535156,-0.06318425387144089,0.45352596044540405,0.7368362545967102,-0.0532962791621685,0.4754508435726166,0.7315899729728699,-0.042520418763160706,R
0.4477446377277374,0.5239814519882202,1.9420491526034311e-07,0.42972850799560547,0.41137009859085083,-0.017694098874926567,0.38915157318115234,0.3344985246658325,-0.025867769494652748,0.3405592739582062,0.2947741150856018,-0.033704403787851334,0.30150389671325684,0.272487074136734,-0.04207524657249451,0.30454084277153015,0.3602983355522156,-0.015989771112799644,0.23834338784217834,0.33806097507476807,-0.03232331946492195,0.19947655498981476,0.3337891101837158,-0.04551956430077553,0.16449612379074097,0.33315059542655945,-0.05515684932470322,0.2946472465991974,0.4106827676296234,-0.020640578120946884,0.21908730268478394,0.3906356990337372,-0.03598872944712639,0.17252235114574432,0.3841637372970581,-0.04920628294348717,0.13297350704669952,0.3834185004234314,-0.05871296674013138,0.2994787395000458,0.4641200602054596,-0.027820391580462456,0.22868841886520386,0.4591294527053833,-0.04202292487025261,0.18650628626346588,0.453124463558197,-0.049973707646131516,0.1494055837392807,0.44982099533081055,-0.05559087544679642,0.316036194562912,0.5210402011871338,-0.036970727145671844,0.258931040763855,0.520707368850708,-0.050761014223098755,0.2248522937297821,0.5146132111549377,-0.05569159984588623,0.19397306442260742,0.5095798969268799,-0.0583689920604229,R
0.5565941333770752,0.8178426623344421,-5.103062790112745e-07,0.48090091347694397,0.7892521619796753,0.0121244415640831,0.4322952926158905,0.7186571359634399,0.008774753659963608,0.4018824100494385,0.6660364866256714,-0.0013725844910368323,0.3849393129348755,0.6206710934638977,-0.010122359730303288,0.44426098465919495,0.5681268572807312,0.004380880855023861,0.4030904769897461,0.475112646818161,-0.02032674290239811,0.3691807985305786,0.5040440559387207,-0.03074745088815689,0.3545231223106384,0.5524736642837524,-0.033520013093948364,0.46003445982933044,0.5691131353378296,-0.013024285435676575,0.36734890937805176,0.6013534665107727,-0.03812054917216301,0.3678758442401886,0.6740361452102661,-0.036053143441677094,0.3890079855918884,0.70299232006073,-0.029833314940333366,0.4721676707267761,0.5987012982368469,-0.03234538435935974,0.3942496180534363,0.684542179107666,-0.0517645962536335,0.4157748520374298,0.7388388514518738,-0.039112482219934464,0.4413693845272064,0.7408395409584045,-0.027587952092289925,0.4816412031650543,0.6415914297103882,-0.05169586092233658,0.42467164993286133,0.7238181233406067,-0.06052303686738014,0.44228705763816833,0.7658882141113281,-0.05050414428114891,0.46428200602531433,0.7608667612075806,-0.04077250882983208,R
0.4454362392425537,0.5291995406150818,1.7681695396731811e-07,0.43082159757614136,0.41634175181388855,-0.018900586292147636,0.3922532796859741,0.3363844156265259,-0.028474247083067894,0.3446374237537384,0.29662346839904785,-0.03768199309706688,0.30494701862335205,0.27066153287887573,-0.047426920384168625,0.30626195669174194,0.3550875186920166,-0.018587013706564903,0.23996049165725708,0.33240437507629395,-0.03614852949976921,0.20135968923568726,0.328203022480011,-0.050320401787757874,0.16711485385894775,0.3290204405784607,-0.06058993563055992,0.2956979274749756,0.407320499420166,-0.023357057943940163,0.21993371844291687,0.38527950644493103,-0.03914874047040939,0.17297068238258362,0.378178209066391,-0.0532512404024601,0.13432875275611877,0.3780438005924225,-0.06377313286066055,0.2998304069042206,0.4624876081943512,-0.030788585543632507,0.22875864803791046,0.452028751373291,-0.04541802033782005,0.185673326253891,0.4456976056098938,-0.054913196712732315,0.14842213690280914,0.44364529848098755,-0.06205121427774429,0.31583523750305176,0.521304726600647,-0.04022359475493431,0.2590087354183197,0.5157802104949951,-0.05488219112157822,0.22479665279388428,0.507317304611206,-0.06133024021983147,0.1938960701227188,0.4999879002571106,-0.06545515358448029,R
0.5519937872886658,0.8078072667121887,-4.634127321878623e-07,0.4736112058162689,0.7910757660865784,0.004622138105332851,0.42567041516304016,0.7265225052833557,-0.001859042327851057,0.39568135142326355,0.6719709038734436,-0.01362477894872427,0.37962135672569275,0.626326322555542,-0.023535888642072678,0.4414808750152588,0.5654551386833191,-0.0022477316670119762,0.4035867154598236,0.47560375928878784,-0.030079273506999016,0.37015968561172485,0.5013883113861084,-0.042226746678352356,0.35479772090911865,0.5491507649421692,-0.04582075774669647,0.4593088626861572,0.5649499297142029,-0.016641343012452126,0.36962923407554626,0.599162220954895,-0.04598454385995865,0.37253424525260925,0.6734863519668579,-0.04531426355242729,0.39390453696250916,0.7026705741882324,-0.03880947828292847,0.47283995151519775,0.5943089127540588,-0.033631742000579834,0.39676007628440857,0.6850318312644958,-0.05861235782504082,0.41769132018089294,0.7417112588882446,-0.046701580286026,0.44198334217071533,0.7452834844589233,-0.033751048147678375,0.48281872272491455,0.6381790041923523,-0.051080383360385895,0.42814385890960693,0.7222539186477661,-0.06359401345252991,0.4442436695098877,0.7643527984619141,-0.054473914206027985,0.4645390212535858,0.7594808340072632,-0.04433419927954674,R
0.4488746225833893,0.5386000871658325,1.7556743614477455e-07,0.43339061737060547,0.4170559346675873,-0.015555132180452347,0.39579471945762634,0.3406555652618408,-0.023147474974393845,0.3458019196987152,0.29837149381637573,-0.030512219294905663,0.3064197301864624,0.27182456851005554,-0.03812163695693016,0.31028512120246887,0.357553094625473,-0.015248565934598446,0.2421649694442749,0.33292868733406067,-0.02981904149055481,0.20256245136260986,0.3296654224395752,-0.041091978549957275,0.16724343597888947,0.3298499882221222,-0.049763962626457214,0.2984786331653595,0.4079965054988861,-0.020574912428855896,0.22225981950759888,0.3852774500846863,-0.0389925055205822,0.1739201694726944,0.37881046533584595,-0.05421308055520058,0.13403411209583282,0.37659260630607605,-0.06475610285997391,0.30292069911956787,0.4622623324394226,-0.027569059282541275,0.23157605528831482,0.45030203461647034,-0.043035585433244705,0.1869659721851349,0.4442082643508911,-0.05152396857738495,0.1478758603334427,0.44154950976371765,-0.05737162008881569,0.3201248347759247,0.5209092497825623,-0.03608314320445061,0.2609541714191437,0.5150523781776428,-0.05068233236670494,0.22673749923706055,0.5063588619232178,-0.056113310158252716,0.19487199187278748,0.499003529548645,-0.059177953749895096,R
0.5658344030380249,0.8109045028686523,-4.824840971195954e-07,0.48824644088745117,0.7994316220283508,0.004833444021642208,0.43812549114227295,0.7402867078781128,-0.002713479334488511,0.4051845073699951,0.6930513381958008,-0.016013730317354202,0.3864481449127197,0.6461312174797058,-0.027101503685116768,0.447256863117218,0.569714367389679,-0.00041869920096360147,0.40651172399520874,0.48039722442626953,-0.02909410558640957,0.37293779850006104,0.5053431391716003,-0.04188722372055054,0.3574528992176056,0.5520550012588501,-0.045920684933662415,0.4651356041431427,0.5693216323852539,-0.016506483778357506,0.37191927433013916,0.6046685576438904,-0.047817960381507874,0.3790186941623688,0.6802414059638977,-0.047443341463804245,0.4039233922958374,0.7080638408660889,-0.040378592908382416,0.480449378490448,0.5978907942771912,-0.03541010618209839,0.40328606963157654,0.6898776888847351,-0.061803512275218964,0.4292822480201721,0.7486288547515869,-0.04864296317100525,0.4562118351459503,0.7487199306488037,-0.03442535549402237,0.49354204535484314,0.6414623260498047,-0.05483684688806534,0.4371641278266907,0.7235367894172668,-0.0678732767701149,0.45633938908576965,0.7670634984970093,-0.05735670402646065,0.4789324402809143,0.75987708568573,-0.0460389107465744,R
0.44421130418777466,0.5323541164398193,2.13968377238416e-07,0.42887234687805176,0.4167162775993347,-0.018373576924204826,0.3880165219306946,0.33407023549079895,-0.02845928817987442,0.3384512960910797,0.29319047927856445,-0.03810858353972435,0.2979155480861664,0.2691996097564697,-0.04830903559923172,0.30075639486312866,0.35334280133247375,-0.021745312958955765,0.2331606149673462,0.33130550384521484,-0.04059852659702301,0.19355705380439758,0.3270954489707947,-0.05499468371272087,0.15777987241744995,0.3268229067325592,-0.065415158867836,0.2900038957595825,0.40689679980278015,-0.027795519679784775,0.20853972434997559,0.38441145420074463,-0.046170350164175034,0.15876872837543488,0.37446850538253784,-0.06113775819540024,0.1172095388174057,0.37164777517318726,-0.07189567387104034,0.2956509590148926,0.4639734625816345,-0.036099839955568314,0.22136935591697693,0.45785558223724365,-0.053213685750961304,0.17536842823028564,0.4516531527042389,-0.06305668503046036,0.13545416295528412,0.44993630051612854,-0.06996466219425201,0.31366783380508423,0.5241802930831909,-0.04621235653758049,0.2542429566383362,0.5200462937355042,-0.062832310795784,0.21811826527118683,0.510925829410553,-0.06954322010278702,0.18489953875541687,0.503858745098114,-0.0735723078250885,R
0.561294436454773,0.8112773299217224,-5.213217946220539e-07,0.48276230692863464,0.7928200960159302,0.008403130806982517,0.43548035621643066,0.7217903137207031,0.003177423495799303,0.4055744707584381,0.6645552515983582,-0.008352928794920444,0.3904586732387543,0.6186447739601135,-0.01812158338725567,0.44182419776916504,0.5662664771080017,0.0011375041212886572,0.39748746156692505,0.47568055987358093,-0.026058077812194824,0.3637235164642334,0.5037933588027954,-0.037210218608379364,0.34808075428009033,0.5506954193115234,-0.04011837765574455,0.4592325985431671,0.5636380910873413,-0.015502973459661007,0.363979309797287,0.6014328002929688,-0.04543338343501091,0.36995404958724976,0.682593822479248,-0.04405292123556137,0.3949524164199829,0.7148305773735046,-0.036547884345054626,0.4743129312992096,0.5919386148452759,-0.034447137266397476,0.39480140805244446,0.6851687431335449,-0.05864787846803665,0.4196906089782715,0.7459178566932678,-0.045244600623846054,0.4472942054271698,0.7489925622940063,-0.031447142362594604,0.4872167110443115,0.6353100538253784,-0.053620461374521255,0.42937251925468445,0.7219720482826233,-0.06406141817569733,0.4485626518726349,0.7652032375335693,-0.05329163745045662,0.47181203961372375,0.7579801678657532,-0.04244508594274521,R
0.4306517243385315,0.5173918008804321,2.323251635516499e-07,0.4152134656906128,0.39740198850631714,-0.018309524282813072,0.3768082559108734,0.31784287095069885,-0.028509756550192833,0.32636845111846924,0.2722872495651245,-0.03809785842895508,0.2853674292564392,0.24770262837409973,-0.048210546374320984,0.28662028908729553,0.3326047360897064,-0.022892072796821594,0.21669240295886993,0.30694666504859924,-0.04086952656507492,0.1749427616596222,0.30226051807403564,-0.05466625839471817,0.13693782687187195,0.30046406388282776,-0.06522764265537262,0.2755674421787262,0.3858690857887268,-0.02888496033847332,0.19416576623916626,0.3616954982280731,-0.050202272832393646,0.14261269569396973,0.3511870205402374,-0.06752429157495499,0.09951573610305786,0.3444780707359314,-0.07960418611764908,0.28180909156799316,0.4441143870353699,-0.036441635340452194,0.2061356008052826,0.4337315857410431,-0.054990675300359726,0.15798188745975494,0.42542707920074463,-0.06558544933795929,0.11600358784198761,0.4193921685218811,-0.07276181131601334,0.30150866508483887,0.5052140951156616,-0.0456131249666214,0.24014770984649658,0.502318799495697,-0.06286916881799698,0.2042897641658783,0.4952324330806732,-0.06942686438560486,0.17148132622241974,0.4888501465320587,-0.07313213497400284,R
0.5518896579742432,0.8125334978103638,-5.241582243797893e-07,0.46958521008491516,0.7908064126968384,0.009832298383116722,0.4178675711154938,0.716585636138916,0.004983142018318176,0.38538017868995667,0.6598983407020569,-0.006730514112859964,0.3687525689601898,0.6104714274406433,-0.01697121560573578,0.42899084091186523,0.5566802024841309,0.00256108189933002,0.38342589139938354,0.4625645577907562,-0.02481803670525551,0.3480472266674042,0.48908084630966187,-0.03592803329229355,0.33254629373550415,0.5366294980049133,-0.038796208798885345,0.44776996970176697,0.5546520948410034,-0.015364470891654491,0.3516836166381836,0.5891735553741455,-0.04569993168115616,0.35508808493614197,0.6728915572166443,-0.044325120747089386,0.3785867691040039,0.7065366506576538,-0.03672751411795616,0.46317359805107117,0.5828920006752014,-0.03558308258652687,0.38192814588546753,0.676929771900177,-0.05965534597635269,0.40643930435180664,0.7386156320571899,-0.045779068022966385,0.43457087874412537,0.7398447394371033,-0.031909264624118805,0.47538384795188904,0.6274241805076599,-0.056073449552059174,0.4161699712276459,0.7178886532783508,-0.06722109764814377,0.43585196137428284,0.7630654573440552,-0.05642282962799072,0.4607394337654114,0.7548660635948181,-0.045467764139175415,R
0.4132576584815979,0.5079977512359619,2.334667499326315e-07,0.3944976329803467,0.37528619170188904,-0.013196215964853764,0.3554016947746277,0.2958472967147827,-0.021291594952344894,0.30163463950157166,0.245731383562088,-0.02941017411649227,0.2605474591255188,0.21387851238250732,-0.03779160603880882,0.2630055844783783,0.3128598928451538,-0.01792052946984768,0.18982945382595062,0.278605192899704,-0.03369517996907234,0.14750437438488007,0.2715284824371338,-0.04459235444664955,0.1099415123462677,0.26661860942840576,-0.05302984640002251,0.24973121285438538,0.3651898503303528,-0.025645673274993896,0.16478516161441803,0.33316853642463684,-0.050358228385448456,0.11097158491611481,0.3228847086429596,-0.0685703381896019,0.06524433195590973,0.3140689432621002,-0.08020918071269989,0.2551107406616211,0.42378512024879456,-0.03396357595920563,0.17683273553848267,0.4076322615146637,-0.053771886974573135,0.12789134681224823,0.39970701932907104,-0.06263847649097443,0.08503347635269165,0.39364680647850037,-0.0676480382680893,0.27564528584480286,0.48872217535972595,-0.04324660822749138,0.20961101353168488,0.4829311668872833,-0.05940893292427063,0.1731933057308197,0.4741935431957245,-0.0638381689786911,0.1390552818775177,0.46854153275489807,-0.06564370542764664,R
0.536018431186676,0.8185915946960449,-5.47066917988559e-07,0.45266222953796387,0.7962970733642578,0.008984832093119621,0.39917048811912537,0.7189049124717712,0.004305638372898102,0.36780500411987305,0.6587735414505005,-0.007139521650969982,0.3511827290058136,0.6097157001495361,-0.016971871256828308,0.4067130386829376,0.5594825744628906,0.0025166217237710953,0.35758429765701294,0.46506810188293457,-0.02676953561604023,0.3222155272960663,0.49291980266571045,-0.03949708864092827,0.30664700269699097,0.5402334332466125,-0.043137818574905396,0.4243577718734741,0.5569911003112793,-0.015099921263754368,0.32698822021484375,0.5966496467590332,-0.04716803878545761,0.3334283232688904,0.6830840110778809,-0.04668526351451874,0.35878950357437134,0.7165528535842896,-0.03928307443857193,0.4392091631889343,0.586395800113678,-0.03530455380678177,0.35819658637046814,0.6844326257705688,-0.06089070439338684,0.3845576047897339,0.7490093111991882,-0.04753948375582695,0.41320574283599854,0.7501026391983032,-0.033591173589229584,0.4515436887741089,0.6324380040168762,-0.05578012019395828,0.3921416997909546,0.7267854809761047,-0.06736322492361069,0.4127531051635742,0.7732447385787964,-0.056782279163599014,0.43731725215911865,0.763411283493042,-0.0458565317094326,R
0.4133610725402832,0.5337179899215698,1.531407463062351e-07,0.39663663506507874,0.4011230170726776,-0.017086174339056015,0.35183367133140564,0.3183951675891876,-0.025155315175652504,0.29604166746139526,0.27498483657836914,-0.03290554881095886,0.2538506090641022,0.24061325192451477,-0.04144350811839104,0.26260823011398315,0.33850425481796265,-0.01901152729988098,0.1905151605606079,0.3119977116584778,-0.03654990717768669,0.1496347039937973,0.3064591586589813,-0.05042784661054611,0.11214606463909149,0.30329543352127075,-0.06128169968724251,0.24952328205108643,0.39207831025123596,-0.025823447853326797,0.1633186787366867,0.36515459418296814,-0.04677625000476837,0.10961714386940002,0.3555746078491211,-0.06483637541532516,0.06510220468044281,0.3527233898639679,-0.07787933200597763,0.2546664774417877,0.4513629674911499,-0.034378908574581146,0.1744489073753357,0.43602731823921204,-0.05300363898277283,0.12608373165130615,0.4290087819099426,-0.06445105373859406,0.08250357210636139,0.4259510040283203,-0.07270408421754837,0.273320734500885,0.517333984375,-0.04441431537270546,0.20870709419250488,0.5095153450965881,-0.06286539137363434,0.17129367589950562,0.49729567766189575,-0.0709858238697052,0.13460542261600494,0.4885590672492981,-0.07625177502632141,R
0.5434320569038391,0.8157098293304443,-5.348768468138587e-07,0.46185746788978577,0.7947303056716919,0.009374186396598816,0.41212379932403564,0.7179666757583618,0.004960932303220034,0.38299623131752014,0.657344400882721,-0.006185808684676886,0.36689484119415283,0.6108095049858093,-0.015820054337382317,0.41592276096343994,0.5649099349975586,0.002456424990668893,0.3680709898471832,0.4713580012321472,-0.02486063353717327,0.333307683467865,0.4970434308052063,-0.03616264835000038,0.31872159242630005,0.5448297262191772,-0.03920212760567665,0.43386876583099365,0.5636881589889526,-0.014549430459737778,0.3394213020801544,0.6061186790466309,-0.043890535831451416,0.3482806980609894,0.6867966651916504,-0.04232313111424446,0.3748975098133087,0.7158205509185791,-0.03522184491157532,0.44968724250793457,0.5928669571876526,-0.03398603945970535,0.3685415983200073,0.6846285462379456,-0.0585767887532711,0.39585626125335693,0.7465737462043762,-0.045264821499586105,0.42498722672462463,0.747005045413971,-0.031904350966215134,0.4635081887245178,0.6375226378440857,-0.053544625639915466,0.4046950340270996,0.7236180305480957,-0.06512811034917831,0.4251510202884674,0.7683935761451721,-0.054782968014478683,0.4492688775062561,0.7599169611930847,-0.04431428015232086,R
0.4151347875595093,0.5263893604278564,2.0173231973785732e-07,0.39873799681663513,0.40754255652427673,-0.01853192411363125,0.35888585448265076,0.3259217143058777,-0.02801802195608616,0.3077348470687866,0.28087079524993896,-0.03695245087146759,0.266834020614624,0.25804415345191956,-0.04637926071882248,0.2700238823890686,0.3443002998828888,-0.02093806117773056,0.19989672303199768,0.3157486915588379,-0.03950267657637596,0.15888835489749908,0.30982300639152527,-0.054110269993543625,0.1213761568069458,0.3077273368835449,-0.06504517793655396,0.2572535276412964,0.39698919653892517,-0.026578469201922417,0.17530587315559387,0.369922012090683,-0.047336429357528687,0.12427948415279388,0.3588528037071228,-0.06510605663061142,0.0813959389925003,0.3537229299545288,-0.07786081731319427,0.26202717423439026,0.4543645977973938,-0.03402112051844597,0.1861516237258911,0.44252604246139526,-0.05229371786117554,0.1389247179031372,0.4336298406124115,-0.06341123580932617,0.09696254134178162,0.42851245403289795,-0.07125343382358551,0.279911071062088,0.5167729258537292,-0.043171096593141556,0.2182845175266266,0.5107927918434143,-0.06040366366505623,0.1825094223022461,0.5013308525085449,-0.06743790209293365,0.14842620491981506,0.49473699927330017,-0.07176461815834045,R
0.5316894054412842,0.8305652141571045,-5.408691094999085e-07,0.45346567034721375,0.8014172315597534,0.009475228376686573,0.4028365910053253,0.7254981994628906,0.004740077070891857,0.3719136416912079,0.6668895483016968,-0.006312310695648193,0.3551025390625,0.6225876808166504,-0.01590173877775669,0.4093436598777771,0.5736486315727234,-0.0004911517607979476,0.36485031247138977,0.4794962704181671,-0.029291430488228798,0.33001700043678284,0.5119874477386475,-0.041713908314704895,0.3123193383216858,0.5624226927757263,-0.045097414404153824,0.42728450894355774,0.5767571926116943,-0.017397252842783928,0.3323386609554291,0.6234367489814758,-0.04697515815496445,0.3389103412628174,0.7007781863212585,-0.04511887952685356,0.36292266845703125,0.7286614775657654,-0.0382310189306736,0.4417056143283844,0.6095489263534546,-0.03656437247991562,0.3621560037136078,0.7027500867843628,-0.059456367045640945,0.386210560798645,0.7603486180305481,-0.0455486923456192,0.41252708435058594,0.7615720629692078,-0.0323367603123188,0.4534853994846344,0.6566898226737976,-0.05590643361210823,0.39425304532051086,0.7385086417198181,-0.06626100093126297,0.4130033552646637,0.7820134162902832,-0.055344246327877045,0.4363428056240082,0.7750512957572937,-0.04450643062591553,R
0.4045140743255615,0.5626004934310913,2.1371624825405888e-07,0.3859994411468506,0.43674471974372864,-0.016707632690668106,0.3434337377548218,0.3574540615081787,-0.0255050677806139,0.2900329530239105,0.31335777044296265,-0.03413855656981468,0.2488580048084259,0.28154242038726807,-0.04330076649785042,0.2545468211174011,0.3757050633430481,-0.01832299493253231,0.18329323828220367,0.34621578454971313,-0.035511188209056854,0.1422276794910431,0.33961939811706543,-0.049017567187547684,0.10424411296844482,0.33771374821662903,-0.05938407778739929,0.24235931038856506,0.42861393094062805,-0.024823982268571854,0.16004514694213867,0.40105611085891724,-0.04460626095533371,0.10830472409725189,0.3917554020881653,-0.06111939996480942,0.06501364707946777,0.3892490565776825,-0.07287025451660156,0.24801799654960632,0.48668792843818665,-0.03313259780406952,0.17152215540409088,0.4745566248893738,-0.05012000352144241,0.12417197227478027,0.46662020683288574,-0.05987711623311043,0.0819353461265564,0.4623038172721863,-0.06693004071712494,0.2671176791191101,0.5501532554626465,-0.043049637228250504,0.20440277457237244,0.5424222946166992,-0.059005752205848694,0.16785597801208496,0.5318797826766968,-0.06497570872306824,0.1337626576423645,0.5234197974205017,-0.06865908950567245,R
0.5212187767028809,0.8409947156906128,-5.482427809511137e-07,0.44656550884246826,0.8145143985748291,0.011802301742136478,0.39749547839164734,0.7390074729919434,0.009603734128177166,0.36733928322792053,0.6853087544441223,0.0006750820321030915,0.3507371246814728,0.6421417593955994,-0.006733518093824387,0.40013349056243896,0.5929409265518188,0.004746316000819206,0.35374167561531067,0.5047693252563477,-0.020506953820586205,0.3184777498245239,0.5344928503036499,-0.03003796748816967,0.3039851784706116,0.5830300450325012,-0.031810157001018524,0.41686394810676575,0.5955169796943665,-0.012620406225323677,0.3217858672142029,0.6415976881980896,-0.040092188864946365,0.3280926048755646,0.7185514569282532,-0.037710823118686676,0.3528297245502472,0.7434177398681641,-0.030164791271090508,0.4314083456993103,0.6270618438720703,-0.032035909593105316,0.35277819633483887,0.7234184741973877,-0.05453518033027649,0.3786245584487915,0.7802050709724426,-0.041847482323646545,0.4062511622905731,0.7767581343650818,-0.029029520228505135,0.443716436624527,0.6731579303741455,-0.051279466599226,0.3851177990436554,0.7593132853507996,-0.06187776103615761,0.40580856800079346,0.8002519607543945,-0.05195404216647148,0.4300273060798645,0.790026068687439,-0.041705209761857986,R
0.4041396677494049,0.5703396797180176,1.884180136357827e-07,0.38928890228271484,0.44741731882095337,-0.02025415748357773,0.34811556339263916,0.36473992466926575,-0.02909206412732601,0.2952140271663666,0.3236105740070343,-0.03688585013151169,0.2532462775707245,0.2942280173301697,-0.04508943855762482,0.256782203912735,0.3850192427635193,-0.02076420933008194,0.18663877248764038,0.35860294103622437,-0.037965141236782074,0.1463206708431244,0.3524690866470337,-0.05167485028505325,0.10895693302154541,0.3485187590122223,-0.06234152615070343,0.2434912472963333,0.43847984075546265,-0.025166217237710953,0.16151750087738037,0.412213534116745,-0.045453086495399475,0.11009424924850464,0.40248554944992065,-0.06342151761054993,0.06667941808700562,0.3988702893257141,-0.07635212689638138,0.2484022080898285,0.49583834409713745,-0.03150857985019684,0.1726813167333603,0.48526889085769653,-0.04969724267721176,0.12619313597679138,0.4781748056411743,-0.061543967574834824,0.08414478600025177,0.4746372699737549,-0.06990041583776474,0.2667374014854431,0.5583569407463074,-0.039632827043533325,0.2050503045320511,0.5514160990715027,-0.057060811668634415,0.16970625519752502,0.5409899353981018,-0.06490986049175262,0.13556601107120514,0.5330324769020081,-0.06995298713445663,R
0.5239134430885315,0.8515426516532898,-5.118708372719993e-07,0.4487542510032654,0.8270384073257446,0.009421886876225471,0.39950576424598694,0.7534863948822021,0.0057593039236962795,0.3702658712863922,0.6958742737770081,-0.004240135196596384,0.3552294373512268,0.6523004174232483,-0.012664495967328548,0.40698254108428955,0.6058171987533569,0.0016011137049645185,0.3587343394756317,0.515491247177124,-0.024513980373740196,0.3209540545940399,0.5409625768661499,-0.03404081240296364,0.3048379123210907,0.5868169069290161,-0.03592291846871376,0.4225730895996094,0.6066380143165588,-0.014884929172694683,0.3271747827529907,0.6522998809814453,-0.043561264872550964,0.33355584740638733,0.7288262248039246,-0.04079354926943779,0.3583836555480957,0.7545034885406494,-0.032722920179367065,0.4349967837333679,0.6379535794258118,-0.033720921725034714,0.35830631852149963,0.7383551597595215,-0.056858450174331665,0.3845086097717285,0.792142927646637,-0.04447789490222931,0.41214513778686523,0.7864127159118652,-0.03201646730303764,0.44487738609313965,0.6838647723197937,-0.05275152623653412,0.3913950026035309,0.7771477103233337,-0.06410785019397736,0.4114994406700134,0.8175897598266602,-0.05577913299202919,0.433723121881485,0.8055748343467712,-0.04691789299249649,R
0.4075673818588257,0.5824161767959595,2.3608022559074016e-07,0.3909221291542053,0.4523850381374359,-0.020114894956350327,0.3524645268917084,0.37216538190841675,-0.030552640557289124,0.3001282811164856,0.327872097492218,-0.039868853986263275,0.2566959261894226,0.2951417565345764,-0.04944003000855446,0.26249170303344727,0.39196982979774475,-0.02223987877368927,0.19222453236579895,0.36133134365081787,-0.03980332985520363,0.15097416937351227,0.35529136657714844,-0.053344786167144775,0.11234620213508606,0.35011789202690125,-0.0642085149884224,0.24874341487884521,0.44424208998680115,-0.02679014764726162,0.1682099550962448,0.41558316349983215,-0.05147400125861168,0.1160847544670105,0.4070938229560852,-0.07234514504671097,0.07136626541614532,0.40147316455841064,-0.08703620731830597,0.2533533573150635,0.5025047659873962,-0.03261842578649521,0.17912594974040985,0.48856043815612793,-0.05315680056810379,0.1308097243309021,0.4817586839199066,-0.06547121703624725,0.0873420238494873,0.47583356499671936,-0.07392589747905731,0.2716312110424042,0.5668589472770691,-0.03997037559747696,0.2096928358078003,0.5584595203399658,-0.057989444583654404,0.17434902489185333,0.5472719073295593,-0.06559774279594421,0.13966186344623566,0.5385004281997681,-0.07046690583229065,R
0.5289455056190491,0.8623551726341248,-5.478604521158559e-07,0.4570719301700592,0.8287131786346436,0.008985131978988647,0.4069032371044159,0.7557938098907471,0.004203491378575563,0.3743843138217926,0.7030907273292542,-0.006836017593741417,0.3557652235031128,0.6634901165962219,-0.015488927252590656,0.4109310507774353,0.6111081838607788,0.002219212707132101,0.3643497824668884,0.5205062627792358,-0.026435043662786484,0.3302372097969055,0.5524967908859253,-0.0382576584815979,0.3168127238750458,0.6050480008125305,-0.04149241745471954,0.42763346433639526,0.6142902970314026,-0.015022543258965015,0.32998543977737427,0.6609342694282532,-0.04452304169535637,0.3418491780757904,0.733735203742981,-0.042346060276031494,0.3695903718471527,0.7508158683776855,-0.035092517733573914,0.44110745191574097,0.647440493106842,-0.034998271614313126,0.36159980297088623,0.7508559823036194,-0.05768485367298126,0.38945716619491577,0.8031756281852722,-0.044074852019548416,0.4160940945148468,0.789911687374115,-0.031658779829740524,0.45201629400253296,0.6944054365158081,-0.05540046468377113,0.3939779996871948,0.7920864820480347,-0.06711039692163467,0.41668108105659485,0.8317583799362183,-0.05772913992404938,0.43963539600372314,0.8146191239356995,-0.04830175265669823,R
0.41186609864234924,0.5927236080169678,2.0643634002226463e-07,0.39849111437797546,0.4653806686401367,-0.020271137356758118,0.35699662566185,0.38048234581947327,-0.030295422300696373,0.3016224503517151,0.3373478055000305,-0.039527907967567444,0.2583315074443817,0.3039407730102539,-0.04938873276114464,0.2646617293357849,0.39878344535827637,-0.0221210066229105,0.19288289546966553,0.373176634311676,-0.040278490632772446,0.15135902166366577,0.3671347200870514,-0.054591599851846695,0.11304230988025665,0.3618428111076355,-0.06594254076480865,0.2517675757408142,0.4532170295715332,-0.027450304478406906,0.16706982254981995,0.42815980315208435,-0.04917280003428459,0.11446070671081543,0.4175398647785187,-0.06832747161388397,0.06966656446456909,0.41094186902046204,-0.0824018120765686,0.257038950920105,0.5127863883972168,-0.03469167649745941,0.17924413084983826,0.5039653778076172,-0.054404307156801224,0.1307353526353836,0.4970114231109619,-0.06751415878534317,0.08764766156673431,0.49226173758506775,-0.07692261785268784,0.2756647765636444,0.5776517987251282,-0.043643519282341,0.21149596571922302,0.5707053542137146,-0.06261485069990158,0.1745366007089615,0.5612066984176636,-0.07189200073480606,0.13920719921588898,0.5540167689323425,-0.0781371146440506,R
0.5316791534423828,0.8734711408615112,-5.176542572371545e-07,0.45774173736572266,0.8458033800125122,0.010129397734999657,0.4067094624042511,0.773394763469696,0.006108986679464579,0.37491217255592346,0.7169570326805115,-0.004089485853910446,0.35815006494522095,0.6735855937004089,-0.012513164430856705,0.40989950299263,0.6264167428016663,0.00011566624016268179,0.3619097173213959,0.5331493616104126,-0.026155056431889534,0.32505252957344055,0.5636600255966187,-0.03538617864251137,0.3098859488964081,0.6120244860649109,-0.03713040426373482,0.42625856399536133,0.6286880373954773,-0.016569834202528,0.3301548957824707,0.6778090596199036,-0.044537682086229324,0.33674895763397217,0.7530062198638916,-0.04073480889201164,0.3611370325088501,0.77492755651474,-0.03277285397052765,0.43898582458496094,0.6617978811264038,-0.03542513772845268,0.36077290773391724,0.7598980665206909,-0.05676981806755066,0.3862214684486389,0.8105437755584717,-0.04247462749481201,0.41276815533638,0.8020467758178711,-0.029776789247989655,0.44908607006073,0.7082099914550781,-0.05448484048247337,0.3934761583805084,0.7992989420890808,-0.06478997319936752,0.4138907492160797,0.8375942707061768,-0.055277273058891296,0.4359549582004547,0.8238823413848877,-0.045938458293676376,R
0.412899911403656,0.5845775604248047,2.026293230983356e-07,0.3957788348197937,0.4638257622718811,-0.02161566913127899,0.35536766052246094,0.3814477324485779,-0.03188111260533333,0.30126237869262695,0.34275850653648376,-0.041134461760520935,0.25754863023757935,0.313262403011322,-0.05084545165300369,0.2640853226184845,0.40675705671310425,-0.020705142989754677,0.19479912519454956,0.3807528614997864,-0.039171747863292694,0.15513619780540466,0.37417227029800415,-0.05397152900695801,0.11841307580471039,0.3683655560016632,-0.0653848797082901,0.2519889175891876,0.4616519808769226,-0.02494914084672928,0.1706690788269043,0.4383915364742279,-0.04659055918455124,0.11927488446235657,0.4294701814651489,-0.06612085551023483,0.07532113790512085,0.42413389682769775,-0.08048892766237259,0.257821649312973,0.5201733708381653,-0.03139983490109444,0.18363040685653687,0.5134634375572205,-0.05093659833073616,0.13687697052955627,0.506106972694397,-0.06406405568122864,0.09461379051208496,0.49863046407699585,-0.07352309674024582,0.2765476107597351,0.5834012627601624,-0.039714913815259933,0.21616092324256897,0.5790567398071289,-0.05808520317077637,0.18201060593128204,0.5695354342460632,-0.06684460490942001,0.1483488827943802,0.5615186095237732,-0.07279734313488007,R
0.5338116884231567,0.8731294870376587,-5.00770738653955e-07,0.4577710032463074,0.8504476547241211,0.007977958768606186,0.4080694019794464,0.7782235741615295,0.004241365473717451,0.37848761677742004,0.7214710712432861,-0.005370628088712692,0.36145108938217163,0.6801592111587524,-0.013192210346460342,0.4132874310016632,0.6283384561538696,0.0009276956552639604,0.36706870794296265,0.5373874306678772,-0.02562006749212742,0.330289363861084,0.5643413662910461,-0.035606782883405685,0.3159558176994324,0.6122661828994751,-0.03765728697180748,0.4302896559238434,0.6306105852127075,-0.014366409741342068,0.334768682718277,0.6748440861701965,-0.042673081159591675,0.34107083082199097,0.7516987323760986,-0.039634477347135544,0.3663843274116516,0.7754296064376831,-0.03153952583670616,0.4437294006347656,0.6627811193466187,-0.03215623274445534,0.3652547597885132,0.7581279277801514,-0.05482064560055733,0.3888741135597229,0.8119010329246521,-0.04171886667609215,0.4150692820549011,0.8052753210067749,-0.02888059802353382,0.45447662472724915,0.708837628364563,-0.050290320068597794,0.39956045150756836,0.7983085513114929,-0.06096018850803375,0.4180089235305786,0.8369503617286682,-0.051837027072906494,0.43937474489212036,0.823489248752594,-0.042409442365169525,R
0.41732412576675415,0.5842369794845581,1.6733878283048398e-07,0.4014821946620941,0.4593602418899536,-0.01916191726922989,0.36133408546447754,0.3761498034000397,-0.02827397920191288,0.30781805515289307,0.3355337679386139,-0.036734312772750854,0.2649451494216919,0.3091241717338562,-0.045950744301080704,0.27372539043426514,0.39889901876449585,-0.020962964743375778,0.20349083840847015,0.37296199798583984,-0.03962407633662224,0.16259965300559998,0.3665357232093811,-0.0542161650955677,0.12530378997325897,0.3608688712120056,-0.0655658021569252,0.26113754510879517,0.4513435661792755,-0.026585442945361137,0.17840731143951416,0.42899706959724426,-0.04924098029732704,0.12667638063430786,0.41902217268943787,-0.06898072361946106,0.0831558108329773,0.41240572929382324,-0.08327239751815796,0.2663668990135193,0.5084136128425598,-0.03404027968645096,0.18982796370983124,0.500963032245636,-0.0544818714261055,0.1416548639535904,0.49301090836524963,-0.06748328357934952,0.0984366238117218,0.4864644706249237,-0.07666318863630295,0.28490909934043884,0.5701630115509033,-0.04308304935693741,0.2218722403049469,0.5660504698753357,-0.06259074807167053,0.18522235751152039,0.5551941394805908,-0.0716952234506607,0.14939092099666595,0.5463962554931641,-0.07772684097290039,R
0.5364448428153992,0.8597081899642944,-5.115091994412069e-07,0.462095707654953,0.8368712663650513,0.005808575078845024,0.41288459300994873,0.7609685659408569,0.0012052735546603799,0.3834596276283264,0.6996843218803406,-0.009175431914627552,0.36681821942329407,0.6563488245010376,-0.017590323463082314,0.41828620433807373,0.6130274534225464,0.0008896477520465851,0.3709253668785095,0.5251256227493286,-0.02683800458908081,0.3358577787876129,0.550688624382019,-0.03766119107604027,0.32224521040916443,0.5977773666381836,-0.04004829376935959,0.435342401266098,0.6134849786758423,-0.014164925552904606,0.3404742479324341,0.6558116674423218,-0.04472500830888748,0.34736812114715576,0.734184205532074,-0.04303083196282387,0.3719956874847412,0.7610740065574646,-0.034846462309360504,0.4489784836769104,0.6434619426727295,-0.03209405392408371,0.3703886866569519,0.7381837964057922,-0.05697108805179596,0.3952302038669586,0.7961276173591614,-0.044415879994630814,0.4218084216117859,0.7923521399497986,-0.030996596440672874,0.459991991519928,0.6881919503211975,-0.050586264580488205,0.4051312208175659,0.7778964638710022,-0.06278819590806961,0.4242541790008545,0.8198193907737732,-0.054219651967287064,0.44580912590026855,0.8077604174613953,-0.044625088572502136,R
0.4212719798088074,0.5761240720748901,1.735487700216254e-07,0.40706706047058105,0.458076536655426,-0.020077435299754143,0.3678649663925171,0.37471720576286316,-0.029299817979335785,0.31580111384391785,0.3355916142463684,-0.037703365087509155,0.2760253846645355,0.3109084665775299,-0.04697703197598457,0.2793574333190918,0.3978409171104431,-0.021432187408208847,0.21163752675056458,0.3718864917755127,-0.03964673727750778,0.17250946164131165,0.36391016840934753,-0.05426260828971863,0.1362798660993576,0.3584739565849304,-0.06554315239191055,0.26856160163879395,0.45081859827041626,-0.026221880689263344,0.1891888976097107,0.4261816442012787,-0.04578818008303642,0.1401853859424591,0.41446158289909363,-0.06320825219154358,0.09819534420967102,0.4078867435455322,-0.07619199901819229,0.2747853100299835,0.5073946714401245,-0.033209554851055145,0.20154866576194763,0.5003157258033752,-0.05165786296129227,0.156191885471344,0.49065765738487244,-0.0637243390083313,0.11503030359745026,0.48231688141822815,-0.07251287251710892,0.29331302642822266,0.5676702857017517,-0.04204711690545082,0.2339274287223816,0.5620375275611877,-0.06029510870575905,0.19965897500514984,0.5513845682144165,-0.06880269944667816,0.16650375723838806,0.5420534610748291,-0.07451484352350235,R
0.5446863770484924,0.857596218585968,-4.953857910550141e-07,0.47119924426078796,0.8304477334022522,0.007619752082973719,0.4250735640525818,0.7542818188667297,0.0031509536784142256,0.39757654070854187,0.6949869394302368,-0.007231791503727436,0.38365375995635986,0.6521297097206116,-0.0159099530428648,0.4302176535129547,0.611212968826294,4.003522917628288e-05,0.38548725843429565,0.5217264890670776,-0.026142526417970657,0.3506833016872406,0.5475844144821167,-0.03588641807436943,0.33666908740997314,0.5948871374130249,-0.03789789229631424,0.4466826617717743,0.6124218702316284,-0.015547086484730244,0.3538588881492615,0.6514990925788879,-0.04363500699400902,0.3615894913673401,0.7270683646202087,-0.04077644646167755,0.38689303398132324,0.7532565593719482,-0.03278511017560959,0.46053433418273926,0.6429934501647949,-0.03352266922593117,0.38376519083976746,0.7340431809425354,-0.056010644882917404,0.40806397795677185,0.789260983467102,-0.042930491268634796,0.43447816371917725,0.7864411473274231,-0.030188975855708122,0.4717753827571869,0.6881113648414612,-0.05184563994407654,0.41766005754470825,0.7731671333312988,-0.06237838789820671,0.4358585476875305,0.8135257959365845,-0.05315013974905014,0.45723211765289307,0.8032588362693787,-0.043774012476205826,R
0.434540331363678,0.5757459998130798,1.5179891477146157e-07,0.42525696754455566,0.45347660779953003,-0.018407050520181656,0.3849882483482361,0.3676844835281372,-0.027125893160700798,0.332765132188797,0.3270818889141083,-0.0351073294878006,0.2971554100513458,0.29771021008491516,-0.04381244629621506,0.30037862062454224,0.3826187252998352,-0.023124199360609055,0.2334425151348114,0.353729248046875,-0.041026581078767776,0.19307257235050201,0.34690168499946594,-0.05439990013837814,0.15692304074764252,0.34388044476509094,-0.0647597685456276,0.28758203983306885,0.43568921089172363,-0.028540920466184616,0.20704831182956696,0.40985551476478577,-0.04839377850294113,0.15774357318878174,0.3993142545223236,-0.06393064558506012,0.1159944087266922,0.3947027325630188,-0.07496528327465057,0.29191094636917114,0.49207112193107605,-0.03574807569384575,0.2171180546283722,0.4791296720504761,-0.054113999009132385,0.17113886773586273,0.471967875957489,-0.06460516899824142,0.12972396612167358,0.4688001871109009,-0.07184429466724396,0.30881962180137634,0.5531437993049622,-0.04460257664322853,0.24863018095493317,0.5439132452011108,-0.0625971183180809,0.2126338928937912,0.5328128337860107,-0.07048781216144562,0.17824268341064453,0.5242698192596436,-0.07539576292037964,R
0.5613735318183899,0.8648085594177246,-5.303056695993291e-07,0.48494699597358704,0.8344477415084839,0.010968651622533798,0.4367774426937103,0.7554107308387756,0.007555547170341015,0.40773069858551025,0.6966578364372253,-0.0026157740503549576,0.3925109803676605,0.6523342728614807,-0.011011479422450066,0.44740065932273865,0.6129462718963623,0.004167752806097269,0.40256592631340027,0.5203641057014465,-0.021180538460612297,0.36823126673698425,0.5477074384689331,-0.02977878227829933,0.3560778796672821,0.5954999923706055,-0.030957121402025223,0.4647950530052185,0.6151631474494934,-0.01320595946162939,0.3716852068901062,0.6517976522445679,-0.0403628870844841,0.37838849425315857,0.7288418412208557,-0.03680753707885742,0.4036290645599365,0.7530965805053711,-0.02844810299575329,0.4786761403083801,0.6461548805236816,-0.03294547274708748,0.40004098415374756,0.737456738948822,-0.05478642135858536,0.42353013157844543,0.7941989302635193,-0.041397321969270706,0.45001518726348877,0.788199245929718,-0.02871314063668251,0.4894006848335266,0.6916667222976685,-0.052767958492040634,0.4323050379753113,0.7769352197647095,-0.06303969025611877,0.4510739743709564,0.819113552570343,-0.05353604629635811,0.47354620695114136,0.807094156742096,-0.044086113572120667,R
0.44697219133377075,0.5737314224243164,1.8792390221733513e-07,0.4308536648750305,0.45443978905677795,-0.01488776970654726,0.3937041461467743,0.3751674294471741,-0.02310130186378956,0.34287914633750916,0.3300471007823944,-0.03126690536737442,0.3026433289051056,0.3064204454421997,-0.04020806401968002,0.3070966899394989,0.3934096097946167,-0.018703240901231766,0.23732905089855194,0.36433738470077515,-0.03574599698185921,0.1965329796075821,0.35792794823646545,-0.048639412969350815,0.160253643989563,0.3540324568748474,-0.058515820652246475,0.2950066030025482,0.4456160068511963,-0.025459488853812218,0.21426162123680115,0.42006897926330566,-0.0476989820599556,0.16420245170593262,0.4091269373893738,-0.06607208400964737,0.12245018780231476,0.402510404586792,-0.07886021584272385,0.3004087507724762,0.503059983253479,-0.03332386910915375,0.22486820816993713,0.4937765598297119,-0.05267123132944107,0.17797398567199707,0.4868115782737732,-0.06385593116283417,0.13714918494224548,0.4834029972553253,-0.07131140679121017,0.3191598057746887,0.5644418001174927,-0.042322415858507156,0.2580985128879547,0.5579755902290344,-0.060120049864053726,0.22365160286426544,0.5480944514274597,-0.06744922697544098,0.1905021369457245,0.5424832701683044,-0.07177732139825821,R
0.5585031509399414,0.8709410429000854,-5.131688567416859e-07,0.4902746379375458,0.837630033493042,0.011702505871653557,0.44324395060539246,0.7645453810691833,0.007639806251972914,0.4134168028831482,0.7132816314697266,-0.003173847682774067,0.3971104025840759,0.6756616234779358,-0.01215317752212286,0.4420953094959259,0.6232694387435913,0.002356168581172824,0.3961722254753113,0.5323604345321655,-0.022921813651919365,0.36231085658073425,0.5582613945007324,-0.031336262822151184,0.348796546459198,0.6038190126419067,-0.032608579844236374,0.45961207151412964,0.6269586682319641,-0.015599478036165237,0.3646790087223053,0.671141505241394,-0.04212364926934242,0.37336552143096924,0.7454806566238403,-0.037454891949892044,0.3993965983390808,0.7641953229904175,-0.029104866087436676,0.47419264912605286,0.660454511642456,-0.035652123391628265,0.39377960562705994,0.7483675479888916,-0.05545782670378685,0.41796761751174927,0.8034392595291138,-0.03933505713939667,0.4445474445819855,0.7954590916633606,-0.02582809329032898,0.4865565001964569,0.707690954208374,-0.05590423196554184,0.4284079074859619,0.7897902131080627,-0.06467408686876297,0.4462718963623047,0.8299237489700317,-0.053486622869968414,0.4685894846916199,0.8178138732910156,-0.04326784610748291,R
0.42891350388526917,0.583149254322052,2.2981210179295886e-07,0.4132877588272095,0.47073712944984436,-0.021857159212231636,0.3728955090045929,0.386114239692688,-0.032544661313295364,0.32233065366744995,0.3456261157989502,-0.04228048399090767,0.28060388565063477,0.32145899534225464,-0.05245059356093407,0.28456422686576843,0.4086381494998932,-0.022792473435401917,0.21763209998607635,0.38405945897102356,-0.042519088834524155,0.17829962074756622,0.37912267446517944,-0.05804303288459778,0.14240941405296326,0.37772616744041443,-0.0693666860461235,0.27375492453575134,0.46236443519592285,-0.027176951989531517,0.19309194386005402,0.4388931691646576,-0.04686548933386803,0.14337891340255737,0.42853230237960815,-0.06388374418020248,0.1009918600320816,0.42383328080177307,-0.07613033056259155,0.2792454957962036,0.5194200277328491,-0.0341087244451046,0.20467609167099,0.5130020976066589,-0.05280739814043045,0.15905174612998962,0.5056756734848022,-0.06475868821144104,0.11889268457889557,0.5011191368103027,-0.07295829057693481,0.2969990670681,0.5805604457855225,-0.04310644790530205,0.2382693886756897,0.5785553455352783,-0.06104659289121628,0.2028130441904068,0.571325421333313,-0.06921132653951645,0.16931018233299255,0.5653325915336609,-0.07425810396671295,R
0.5430773496627808,0.8813214898109436,-4.753550228997483e-07,0.4706067740917206,0.8584205508232117,0.007761102169752121,0.4219861626625061,0.786653459072113,0.003372523467987776,0.39247289299964905,0.7300601601600647,-0.006470898166298866,0.37623724341392517,0.6906943917274475,-0.01436337735503912,0.42614471912384033,0.6373719573020935,-0.0025411469396203756,0.38117969036102295,0.5451152324676514,-0.02896837145090103,0.3453492522239685,0.5729239583015442,-0.038057442754507065,0.3313675820827484,0.6217405796051025,-0.03943447396159172,0.4432125687599182,0.6391328573226929,-0.017804937437176704,0.3491367697715759,0.6817152500152588,-0.045369043946266174,0.35454267263412476,0.7551022171974182,-0.040700435638427734,0.3788246810436249,0.777909517288208,-0.031759556382894516,0.4564303159713745,0.6728639602661133,-0.0353878028690815,0.37938427925109863,0.7658230066299438,-0.0564858615398407,0.40089699625968933,0.8164312839508057,-0.04171283543109894,0.42553582787513733,0.8102099299430847,-0.028269710019230843,0.4665398895740509,0.7213538885116577,-0.05341900885105133,0.4136270582675934,0.8069146871566772,-0.06265775859355927,0.4301474094390869,0.8448886871337891,-0.052552174776792526,0.45013803243637085,0.8335210084915161,-0.04269175976514816,R
0.4227354824542999,0.6064960360527039,1.8070724649987824e-07,0.4097355008125305,0.48436295986175537,-0.019824780523777008,0.37053462862968445,0.3985835611820221,-0.028597548604011536,0.31741392612457275,0.3571144640445709,-0.036530692130327225,0.2768470048904419,0.3255091905593872,-0.045001015067100525,0.27947306632995605,0.4193541407585144,-0.01896306686103344,0.21158602833747864,0.39293745160102844,-0.036253415048122406,0.17179134488105774,0.3863583207130432,-0.05018453299999237,0.13571438193321228,0.3832927644252777,-0.060705870389938354,0.2672564685344696,0.4734513759613037,-0.023213688284158707,0.1861933469772339,0.44943565130233765,-0.042313408106565475,0.13583193719387054,0.43879061937332153,-0.05899590998888016,0.09378629922866821,0.4346676468849182,-0.07083068788051605,0.2719072103500366,0.5313460826873779,-0.02971614897251129,0.19714176654815674,0.5228092670440674,-0.047403886914253235,0.15129952132701874,0.513956606388092,-0.058583278208971024,0.11029040813446045,0.5083716511726379,-0.06621332466602325,0.28925424814224243,0.5933065414428711,-0.03804202377796173,0.22819209098815918,0.5878127217292786,-0.055256206542253494,0.19308289885520935,0.5802793502807617,-0.06273507326841354,0.16001203656196594,0.5751721262931824,-0.0671362355351448,R
0.5412210822105408,0.8933557271957397,-4.93699246817414e-07,0.4690852463245392,0.8655046820640564,0.01020562183111906,0.4207428991794586,0.7917492389678955,0.006109114736318588,0.3894840478897095,0.7343622446060181,-0.004247220233082771,0.37097957730293274,0.6965215802192688,-0.01283153984695673,0.4233856499195099,0.6464397311210632,0.0017754854634404182,0.37539613246917725,0.5599054098129272,-0.02332511730492115,0.3394382894039154,0.5842455625534058,-0.03177182748913765,0.32545334100723267,0.6284368634223938,-0.033055927604436874,0.43971091508865356,0.6499300003051758,-0.014971056021749973,0.34439659118652344,0.6956456303596497,-0.040998708456754684,0.35265690088272095,0.7689121961593628,-0.035689570009708405,0.37825632095336914,0.7871227860450745,-0.02666260302066803,0.4525581896305084,0.684016227722168,-0.03410626947879791,0.37527602910995483,0.77828049659729,-0.053878288716077805,0.3977656364440918,0.8297049403190613,-0.03890307620167732,0.42274096608161926,0.819631814956665,-0.026055127382278442,0.46267205476760864,0.7318757176399231,-0.05368544161319733,0.40918630361557007,0.8206153512001038,-0.06293758004903793,0.4260220229625702,0.8593838214874268,-0.05367181450128555,0.4459044933319092,0.8461182713508606,-0.0449015349149704,R
0.4253023862838745,0.6146426796913147,1.666247158027545e-07,0.4139917194843292,0.49162521958351135,-0.0229814350605011,0.3745791018009186,0.40355443954467773,-0.03349324315786362,0.32075005769729614,0.3621116280555725,-0.042739786207675934,0.2793595492839813,0.33263859152793884,-0.05278204381465912,0.2810371518135071,0.42431116104125977,-0.023259349167346954,0.2125626504421234,0.3995240032672882,-0.04229769855737686,0.1724478304386139,0.39319512248039246,-0.05791352689266205,0.13631810247898102,0.38994070887565613,-0.0697152316570282,0.26956772804260254,0.4778258800506592,-0.027228521183133125,0.189163476228714,0.4538176655769348,-0.04586734622716904,0.13827559351921082,0.44367897510528564,-0.06262564659118652,0.09500756859779358,0.4388059377670288,-0.07511479407548904,0.2749456465244293,0.5359427332878113,-0.03395913541316986,0.19929659366607666,0.5214225053787231,-0.05177503451704979,0.1524728685617447,0.510606586933136,-0.06398436427116394,0.1098615825176239,0.5019111037254333,-0.0729154646396637,0.29323071241378784,0.5999963879585266,-0.04285745695233345,0.2320239245891571,0.5934882760047913,-0.06140994280576706,0.19590944051742554,0.5832438468933105,-0.07044405490159988,0.16172216832637787,0.5738368630409241,-0.07626259326934814,R
0.5455224514007568,0.8966366052627563,-5.125692155161232e-07,0.4723701775074005,0.870400607585907,0.007871189154684544,0.42315664887428284,0.7952877283096313,0.0026546367444097996,0.3930600881576538,0.7353379130363464,-0.008299104869365692,0.3767067790031433,0.6940314769744873,-0.01745782606303692,0.428593248128891,0.6482797861099243,-0.0045837839134037495,0.3792109787464142,0.552776575088501,-0.03308314457535744,0.3418905436992645,0.5828309655189514,-0.04313916340470314,0.32723268866539,0.6323332786560059,-0.044925257563591,0.4457649290561676,0.650631844997406,-0.020468732342123985,0.3491770625114441,0.695205807685852,-0.049653004854917526,0.3543170392513275,0.7731168866157532,-0.04523012042045593,0.37845978140830994,0.7968540191650391,-0.036459021270275116,0.4586033523082733,0.685078501701355,-0.03867972269654274,0.37897250056266785,0.7800676226615906,-0.060679733753204346,0.4018983244895935,0.8347306251525879,-0.04519344121217728,0.42783188819885254,0.8279094696044922,-0.03145701810717583,0.4687560796737671,0.7338359951972961,-0.05737583339214325,0.4132840633392334,0.8213115930557251,-0.0673813447356224,0.43124017119407654,0.8600162267684937,-0.057068806141614914,0.45285120606422424,0.8462671637535095,-0.04711975157260895,R
0.4268009662628174,0.6036126017570496,1.7599064960904798e-07,0.41482478380203247,0.48406079411506653,-0.023724332451820374,0.372953861951828,0.39707911014556885,-0.03548787534236908,0.32130151987075806,0.3562792241573334,-0.04599261283874512,0.2800498604774475,0.3222278952598572,-0.057052936404943466,0.28143665194511414,0.4166450500488281,-0.02503635734319687,0.2128887176513672,0.3947725296020508,-0.04644186794757843,0.171937495470047,0.3902056813240051,-0.06323270499706268,0.13476251065731049,0.3889670968055725,-0.07560119032859802,0.2711378037929535,0.46915403008461,-0.029394736513495445,0.18980169296264648,0.4470503032207489,-0.050540316849946976,0.13874129951000214,0.43949005007743835,-0.06835988163948059,0.09471718966960907,0.4382472336292267,-0.0812096819281578,0.27704963088035583,0.5262852311134338,-0.03652115538716316,0.2003873884677887,0.5096654891967773,-0.05700766295194626,0.1533023864030838,0.4995860755443573,-0.06922559440135956,0.11033473908901215,0.4941127598285675,-0.07744362205266953,0.29518502950668335,0.5892046093940735,-0.04574969410896301,0.23506277799606323,0.5806378722190857,-0.06605912744998932,0.1984451413154602,0.5675180554389954,-0.0750391036272049,0.16345766186714172,0.5568674206733704,-0.08031930774450302,R
0.5457528233528137,0.8939806222915649,-5.030128704675008e-07,0.47403839230537415,0.8659831285476685,0.008460186421871185,0.4243900775909424,0.7919650077819824,0.003620880888774991,0.39270520210266113,0.7318428754806519,-0.007086987141519785,0.3742307424545288,0.6917715072631836,-0.01577901281416416,0.42914021015167236,0.6439641118049622,-0.0014918346423655748,0.38060829043388367,0.5512030720710754,-0.028088001534342766,0.34344735741615295,0.5784255266189575,-0.03696432337164879,0.3289589285850525,0.6256821155548096,-0.0382387712597847,0.4446380138397217,0.6480256915092468,-0.017491912469267845,0.34650158882141113,0.6937064528465271,-0.044811323285102844,0.35446107387542725,0.7680585980415344,-0.03937937319278717,0.3803892135620117,0.7879858613014221,-0.03017481416463852,0.4560088515281677,0.6829129457473755,-0.03594600036740303,0.3772803544998169,0.7788975238800049,-0.05644451826810837,0.4014582335948944,0.8300018310546875,-0.04078935086727142,0.4274362325668335,0.8203135132789612,-0.027375202625989914,0.46505236625671387,0.7306374907493591,-0.05496298149228096,0.4110582768917084,0.8185551166534424,-0.06420598924160004,0.429287850856781,0.8573415279388428,-0.054209206253290176,0.44980716705322266,0.8444499969482422,-0.04481833055615425,R
0.4183920621871948,0.5960399508476257,2.159064962370394e-07,0.4032495617866516,0.47879844903945923,-0.022384554147720337,0.3607092499732971,0.39114266633987427,-0.032895877957344055,0.3101401925086975,0.34922075271606445,-0.04257805272936821,0.26853540539741516,0.32068008184432983,-0.05246846377849579,0.267768919467926,0.4154941141605377,-0.019145650789141655,0.19920408725738525,0.38864725828170776,-0.03958209976553917,0.15849246084690094,0.3843640685081482,-0.05650561302900314,0.12221108376979828,0.3849809765815735,-0.0684344694018364,0.25640279054641724,0.46696072816848755,-0.02339022420346737,0.17480431497097015,0.44308170676231384,-0.0419752262532711,0.12242282927036285,0.43465960025787354,-0.05875876918435097,0.077785924077034,0.43290942907333374,-0.07082121819257736,0.2601965665817261,0.5226582884788513,-0.030772525817155838,0.1835349202156067,0.5051512718200684,-0.04851321876049042,0.1372063010931015,0.4948810935020447,-0.059741102159023285,0.09650328755378723,0.49097174406051636,-0.06730473041534424,0.2765365242958069,0.5845622420310974,-0.04042144492268562,0.21732468903064728,0.5773648619651794,-0.05756320059299469,0.18042540550231934,0.5664223432540894,-0.06473933905363083,0.14630848169326782,0.5581996440887451,-0.0687515139579773,R
0.5244866609573364,0.8927228450775146,-4.937264748150483e-07,0.44881385564804077,0.8658372759819031,0.007855495437979698,0.3983076810836792,0.7877378463745117,0.003040677634999156,0.3637610673904419,0.7253864407539368,-0.007324400823563337,0.34364524483680725,0.6818858981132507,-0.015605677850544453,0.40501245856285095,0.6365661025047302,0.0016786763444542885,0.356805682182312,0.5500977635383606,-0.023871833458542824,0.3193841278553009,0.5748963952064514,-0.033411115407943726,0.3021296262741089,0.6198256015777588,-0.035740625113248825,0.4187162518501282,0.6399290561676025,-0.01418551616370678,0.31881701946258545,0.6927934885025024,-0.04087034612894058,0.32891368865966797,0.7662699818611145,-0.0363352932035923,0.355739027261734,0.7832038998603821,-0.028097566217184067,0.42915961146354675,0.6742298007011414,-0.03268491476774216,0.34809836745262146,0.76992267370224,-0.054407402873039246,0.37399232387542725,0.8235772848129272,-0.039809320122003555,0.4009723663330078,0.8162639737129211,-0.026824859902262688,0.4378494620323181,0.7219255566596985,-0.05175863206386566,0.3832814693450928,0.8124763369560242,-0.06398341804742813,0.4039554297924042,0.8522660136222839,-0.0556880384683609,0.4257988929748535,0.8392435312271118,-0.04688031226396561,R
0.41169798374176025,0.6098406314849854,2.3877447574705e-07,0.3980407118797302,0.4890364408493042,-0.025190502405166626,0.3521917164325714,0.4040643572807312,-0.035839371383190155,0.29699644446372986,0.3573135733604431,-0.04495329409837723,0.25473177433013916,0.32036349177360535,-0.0541713684797287,0.2538795471191406,0.4207383692264557,-0.020165761932730675,0.18334782123565674,0.3938443064689636,-0.03835555538535118,0.1428414285182953,0.3864620327949524,-0.0537085086107254,0.10608415305614471,0.38289397954940796,-0.06542782485485077,0.23994064331054688,0.4762948453426361,-0.022832121700048447,0.15711292624473572,0.44812479615211487,-0.04071003943681717,0.10550408065319061,0.4374384582042694,-0.05762786418199539,0.061498209834098816,0.43328726291656494,-0.07026766240596771,0.24289080500602722,0.5366696119308472,-0.028688903898000717,0.1657802015542984,0.5155094861984253,-0.04631592333316803,0.11935392022132874,0.5028920769691467,-0.058725375682115555,0.07788416743278503,0.4951168894767761,-0.0676717609167099,0.25890228152275085,0.6048754453659058,-0.03694302961230278,0.19922181963920593,0.5926778316497803,-0.05470004677772522,0.1626920849084854,0.5800374746322632,-0.06343725323677063,0.12817169725894928,0.5695030093193054,-0.06905081123113632,R
0.527690052986145,0.9399843811988831,-5.976267516416556e-07,0.4449770748615265,0.9020001888275146,0.010608121752738953,0.39465761184692383,0.8180581331253052,0.005334402434527874,0.36184078454971313,0.748760998249054,-0.006317912135273218,0.3437366783618927,0.6995134949684143,-0.015655910596251488,0.4162145256996155,0.6600249409675598,0.0022393378894776106,0.3666490912437439,0.5604241490364075,-0.026200156658887863,0.3251371383666992,0.5919936895370483,-0.03707001730799675,0.3068709373474121,0.6434319615364075,-0.039786484092473984,0.43122580647468567,0.6645877361297607,-0.015095614828169346,0.32662928104400635,0.7095192074775696,-0.04466516897082329,0.33593985438346863,0.7899771928787231,-0.04079514741897583,0.36399757862091064,0.8120653629302979,-0.03255822882056236,0.4396780729293823,0.7000138163566589,-0.03498150035738945,0.3498198688030243,0.7974349856376648,-0.0579671785235405,0.37515175342559814,0.8558212518692017,-0.04270488768815994,0.4028277099132538,0.8510696887969971,-0.02917516604065895,0.44496074318885803,0.7497677206993103,-0.05519307777285576,0.3807268738746643,0.843802809715271,-0.06677877902984619,0.4007120132446289,0.8894318342208862,-0.05711610987782478,0.4233083426952362,0.8808088302612305,-0.04737212508916855,R
0.4465927481651306,0.6167349219322205,1.7740126168064307e-07,0.4330673813819885,0.48880326747894287,-0.023312335833907127,0.38651806116104126,0.3939708173274994,-0.03384524583816528,0.3314380347728729,0.3474123179912567,-0.04328290745615959,0.29031121730804443,0.3099624514579773,-0.05324796959757805,0.2893919348716736,0.4116223454475403,-0.022408761084079742,0.21629461646080017,0.38381534814834595,-0.04320668801665306,0.17319419980049133,0.37516695261001587,-0.060162197798490524,0.1342415064573288,0.37071701884269714,-0.07287954539060593,0.2757933437824249,0.46927744150161743,-0.0273889247328043,0.1889590620994568,0.43938493728637695,-0.04826897010207176,0.1344148814678192,0.42557579278945923,-0.06649883836507797,0.08796782791614532,0.42004314064979553,-0.07967805117368698,0.2796414792537689,0.5320640802383423,-0.03528895974159241,0.19754773378372192,0.5094099640846252,-0.05549520626664162,0.14801236987113953,0.49262261390686035,-0.06803900748491287,0.10330969095230103,0.480640709400177,-0.07669563591480255,0.2962328791618347,0.6017110347747803,-0.04532162472605705,0.23170974850654602,0.5876254439353943,-0.06515105068683624,0.19288095831871033,0.568486213684082,-0.07381569594144821,0.15603213012218475,0.5510272979736328,-0.07908664643764496,R
0.564773678779602,0.9149741530418396,-5.978449166832434e-07,0.4813184440135956,0.8843408226966858,0.012609593570232391,0.4299091696739197,0.7991560101509094,0.008744980208575726,0.39746928215026855,0.7296186685562134,-0.00190745887812227,0.38037070631980896,0.6794102787971497,-0.010547058656811714,0.44408121705055237,0.6326121091842651,0.0037366750184446573,0.39113831520080566,0.5350134372711182,-0.02182774245738983,0.3521665632724762,0.5683488249778748,-0.030897682532668114,0.3364136219024658,0.6206893920898438,-0.0327572301030159,0.45999181270599365,0.6367713809013367,-0.014426985755562782,0.3536151945590973,0.6903830170631409,-0.04055328294634819,0.36048147082328796,0.7711849808692932,-0.03601013496518135,0.3880704641342163,0.7922512292861938,-0.02873912639915943,0.46951737999916077,0.6741381287574768,-0.03491078317165375,0.38087427616119385,0.7729074358940125,-0.05503858998417854,0.40556013584136963,0.8322361707687378,-0.03993014991283417,0.43380239605903625,0.8266345262527466,-0.027882391586899757,0.4756913483142853,0.7239624857902527,-0.055623915046453476,0.413254976272583,0.8174094557762146,-0.06580907851457596,0.4331304430961609,0.8640813827514648,-0.056262705475091934,0.45562270283699036,0.8553042411804199,-0.04732412099838257,R
0.4551435112953186,0.6011243462562561,1.9722118338449945e-07,0.4432655870914459,0.4729989171028137,-0.02063896879553795,0.40043652057647705,0.3796819746494293,-0.03026461787521839,0.3459610939025879,0.33131682872772217,-0.0392855629324913,0.30506670475006104,0.28671878576278687,-0.0485200472176075,0.30189192295074463,0.3892099857330322,-0.01886754110455513,0.2307492196559906,0.35399699211120605,-0.03797762840986252,0.1889619529247284,0.343544602394104,-0.053132250905036926,0.15112559497356415,0.33583298325538635,-0.06469845026731491,0.28676632046699524,0.4438006281852722,-0.024571876972913742,0.2020372897386551,0.40935811400413513,-0.046433765441179276,0.14929251372814178,0.3934051990509033,-0.06520891189575195,0.10527154803276062,0.3837643265724182,-0.07853390276432037,0.28973284363746643,0.5048441886901855,-0.03274478763341904,0.21020126342773438,0.4797392189502716,-0.0535014308989048,0.16140185296535492,0.46282505989074707,-0.06579668819904327,0.118414506316185,0.45087167620658875,-0.07397187501192093,0.30587145686149597,0.5734729766845703,-0.042708076536655426,0.24174565076828003,0.5580639839172363,-0.06258407980203629,0.2030712366104126,0.5400723814964294,-0.07109633088111877,0.16619162261486053,0.5239225029945374,-0.07609207928180695,R
0.5779876708984375,0.9391721487045288,-6.007477963976271e-07,0.5136035680770874,0.8817963004112244,0.011631974950432777,0.4625278115272522,0.7998021841049194,0.006746490485966206,0.42327234148979187,0.7426867485046387,-0.004284419119358063,0.39811697602272034,0.712922215461731,-0.013785178773105145,0.4647808372974396,0.6643457412719727,-0.0028859348967671394,0.4097985029220581,0.5643377304077148,-0.03179212287068367,0.37134358286857605,0.5957251787185669,-0.04369489848613739,0.3527916669845581,0.6479020118713379,-0.0471043586730957,0.4751532971858978,0.6788243055343628,-0.020179808139801025,0.3703220784664154,0.728069007396698,-0.04698716849088669,0.38006526231765747,0.8006662130355835,-0.0437421016395092,0.4068606197834015,0.8170294165611267,-0.03785909712314606,0.48215633630752563,0.7235610485076904,-0.03933197259902954,0.3980931341648102,0.8208781480789185,-0.0581829659640789,0.4228392243385315,0.8726009726524353,-0.044660765677690506,0.4487994611263275,0.8640878796577454,-0.03452800586819649,0.4873364567756653,0.7790313959121704,-0.05876927822828293,0.43125322461128235,0.8730377554893494,-0.06944862008094788,0.4521137475967407,0.9124362468719482,-0.06213758885860443,0.4737374782562256,0.8985207676887512,-0.05510397255420685,R
0.470175564289093,0.6183826923370361,2.264450813527219e-07,0.453949511051178,0.4854520261287689,-0.02159944362938404,0.41148412227630615,0.39902979135513306,-0.03193953260779381,0.3562955856323242,0.35090917348861694,-0.041460104286670685,0.3141160011291504,0.3105480670928955,-0.05153064429759979,0.31483593583106995,0.4160971939563751,-0.021137600764632225,0.23853060603141785,0.38379889726638794,-0.04047176241874695,0.194000244140625,0.375705748796463,-0.056122567504644394,0.15340834856033325,0.370339035987854,-0.06822314113378525,0.29911792278289795,0.47223392128944397,-0.026358839124441147,0.21209195256233215,0.44125062227249146,-0.04824580252170563,0.15740090608596802,0.42790845036506653,-0.06763088703155518,0.11153936386108398,0.4189416468143463,-0.08159085363149643,0.30247554183006287,0.5347070693969727,-0.03393907472491264,0.2209947407245636,0.512179970741272,-0.053764428943395615,0.17071178555488586,0.4966144561767578,-0.06646758317947388,0.1252690702676773,0.4840052127838135,-0.075604647397995,0.32006970047950745,0.6044775247573853,-0.04340947046875954,0.25632208585739136,0.5917043685913086,-0.06273934990167618,0.21909484267234802,0.575210452079773,-0.07108650356531143,0.18316826224327087,0.5591433644294739,-0.076299287378788,R
0.6029062271118164,0.9362217783927917,-5.015867827751208e-07,0.5254064798355103,0.9060696363449097,0.007350597996264696,0.47280168533325195,0.829157829284668,0.0009072527172975242,0.4387218952178955,0.7659397125244141,-0.01092020608484745,0.41866832971572876,0.7249658703804016,-0.020560123026371002,0.48057273030281067,0.66815185546875,-0.005251855589449406,0.4278896152973175,0.5689826607704163,-0.03249209374189377,0.3853000998497009,0.5902423858642578,-0.04135705158114433,0.3654308319091797,0.637472927570343,-0.042790137231349945,0.4957367181777954,0.6766022443771362,-0.021689722314476967,0.38845324516296387,0.7242772579193115,-0.04887326434254646,0.3967408537864685,0.7994160056114197,-0.04313955456018448,0.42352110147476196,0.8161792755126953,-0.034149739891290665,0.5059171915054321,0.7177168130874634,-0.04043787717819214,0.4211362600326538,0.8210628628730774,-0.06152595207095146,0.44616955518722534,0.8734440803527832,-0.04614643752574921,0.4724835753440857,0.8600509166717529,-0.0332459956407547,0.5130431652069092,0.7733592391014099,-0.059783268719911575,0.45580050349235535,0.8690374493598938,-0.07082401216030121,0.4760932922363281,0.910049319267273,-0.061267197132110596,0.4977343678474426,0.8965485095977783,-0.051855143159627914,R
0.48001739382743835,0.6003718376159668,1.839339489606573e-07,0.46945658326148987,0.4771445691585541,-0.022793825715780258,0.43030646443367004,0.38076379895210266,-0.03507068008184433,0.3810986876487732,0.3262016773223877,-0.046871744096279144,0.339883416891098,0.28080564737319946,-0.05947510898113251,0.33390548825263977,0.38925909996032715,-0.023603074252605438,0.2640725076198578,0.35408204793930054,-0.046735137701034546,0.22094285488128662,0.34376847743988037,-0.06507503986358643,0.18212509155273438,0.3393740653991699,-0.07814718037843704,0.32039156556129456,0.4447595775127411,-0.029252545908093452,0.2377033680677414,0.4096980690956116,-0.05063600093126297,0.18512199819087982,0.3946879506111145,-0.06843068450689316,0.1397453248500824,0.3880869746208191,-0.08131343871355057,0.32334649562835693,0.5073502063751221,-0.03804396465420723,0.2434905767440796,0.4838660955429077,-0.05847335234284401,0.19457998871803284,0.46696797013282776,-0.07058828324079514,0.15036089718341827,0.4546816647052765,-0.07895184308290482,0.3388291299343109,0.5768665671348572,-0.04905780032277107,0.27592039108276367,0.5634325742721558,-0.06876806914806366,0.23732417821884155,0.5456317067146301,-0.07724518328905106,0.20114146173000336,0.5293006896972656,-0.08233365416526794,R
0.6125537157058716,0.9250840544700623,-5.268557856652478e-07,0.53243088722229,0.8966962099075317,0.008822545409202576,0.4817347228527069,0.813204288482666,0.0027278102934360504,0.4495023488998413,0.743635356426239,-0.009057135321199894,0.43030035495758057,0.698214590549469,-0.018664833158254623,0.4919143319129944,0.6494056582450867,-0.004426730331033468,0.4381965100765228,0.549262285232544,-0.03087090142071247,0.3963162899017334,0.5739717483520508,-0.03875536844134331,0.3778834939002991,0.6209726333618164,-0.03972538560628891,0.5072083473205566,0.6555057764053345,-0.021365243941545486,0.3984382748603821,0.7014313340187073,-0.04821041226387024,0.40507006645202637,0.7796981930732727,-0.041549548506736755,0.4323408603668213,0.7987983226776123,-0.032295845448970795,0.5171524286270142,0.6953467726707458,-0.0405399389564991,0.4291715621948242,0.7921361923217773,-0.06062127649784088,0.4524158835411072,0.8474437594413757,-0.043348394334316254,0.4790652096271515,0.8369958400726318,-0.02983418107032776,0.5244671106338501,0.749494731426239,-0.06037187576293945,0.465237557888031,0.8392079472541809,-0.06972616165876389,0.4833150804042816,0.8821189403533936,-0.05905371904373169,0.5041006803512573,0.8707575798034668,-0.049585212022066116,R
0.48739320039749146,0.5953885316848755,2.3042868235734204e-07,0.4764898419380188,0.46934613585472107,-0.02248649299144745,0.43651723861694336,0.37711215019226074,-0.034846171736717224,0.3858494758605957,0.32578060030937195,-0.046570565551519394,0.34668126702308655,0.281691312789917,-0.05913921445608139,0.3406258523464203,0.38675469160079956,-0.025766918435692787,0.2698315382003784,0.3507220149040222,-0.04769011214375496,0.22625133395195007,0.33949530124664307,-0.06487137079238892,0.18661724030971527,0.3331283926963806,-0.07758288085460663,0.3274504840373993,0.44260838627815247,-0.03145328164100647,0.2447904348373413,0.4060629606246948,-0.05342360585927963,0.19181814789772034,0.3899891972541809,-0.07178739458322525,0.14644615352153778,0.3810043931007385,-0.08509743958711624,0.33115988969802856,0.5057158470153809,-0.03970057889819145,0.25214794278144836,0.4823448061943054,-0.06029614061117172,0.2030697911977768,0.4664246141910553,-0.07272578775882721,0.15936966240406036,0.45384681224823,-0.08131066709756851,0.34718185663223267,0.5758447051048279,-0.04999551922082901,0.2832930386066437,0.5608692765235901,-0.06990980356931686,0.2445065975189209,0.5440557599067688,-0.07862596958875656,0.20839552581310272,0.5286151170730591,-0.0838521346449852,R
0.6112556457519531,0.9221429228782654,-5.36679749529867e-07,0.5408673286437988,0.8823065757751465,0.012504400685429573,0.49063852429389954,0.8031858801841736,0.007676217705011368,0.4549156427383423,0.7417565584182739,-0.0031588522251695395,0.43337613344192505,0.7053386569023132,-0.012295093387365341,0.4939560890197754,0.6507226824760437,-0.003248471301048994,0.43835222721099854,0.5510621070861816,-0.028657693415880203,0.39641720056533813,0.5742680430412292,-0.03613466024398804,0.37743186950683594,0.6195232272148132,-0.03700120747089386,0.5071003437042236,0.6577494740486145,-0.021303784102201462,0.3983169198036194,0.7057636976242065,-0.04698368161916733,0.4048621654510498,0.7818364500999451,-0.04031074419617653,0.431476354598999,0.8017362356185913,-0.03143032640218735,0.5153239965438843,0.6984337568283081,-0.040981799364089966,0.4292844831943512,0.7946736812591553,-0.059569600969552994,0.45288699865341187,0.8471801280975342,-0.042913056910037994,0.4789601266384125,0.8365816473960876,-0.03022794984281063,0.5215885639190674,0.7523465156555176,-0.060873277485370636,0.46445339918136597,0.8428292870521545,-0.06944084912538528,0.48317211866378784,0.8842053413391113,-0.05936969444155693,0.5033894181251526,0.8727262020111084,-0.05061999708414078,R
0.4823726713657379,0.6167740225791931,2.1827635521276534e-07,0.47084635496139526,0.4886877238750458,-0.024385297670960426,0.42986759543418884,0.3980390429496765,-0.035983964800834656,0.3764953911304474,0.3498378396034241,-0.04635472968220711,0.33515819907188416,0.3084835410118103,-0.057133156806230545,0.330058753490448,0.41106343269348145,-0.022400805726647377,0.25749027729034424,0.3783642649650574,-0.04261661693453789,0.21420824527740479,0.3709885776042938,-0.05914868041872978,0.17536601424217224,0.3685864210128784,-0.07149596512317657,0.31619638204574585,0.46814441680908203,-0.026310691609978676,0.23288482427597046,0.4365859627723694,-0.046870969235897064,0.180213063955307,0.4247034192085266,-0.06539589166641235,0.13589520752429962,0.4187543988227844,-0.07893609255552292,0.3199465870857239,0.5306129455566406,-0.03319656476378441,0.24054887890815735,0.5075772404670715,-0.05249642953276634,0.19152356684207916,0.4930049180984497,-0.06537426263093948,0.14700524508953094,0.48129093647003174,-0.0745980441570282,0.3367955684661865,0.599911093711853,-0.04233895614743233,0.2729526162147522,0.585686445236206,-0.06173396855592728,0.23530665040016174,0.569707989692688,-0.07091600447893143,0.1990794837474823,0.5535539388656616,-0.07668714225292206,R
0.6022331714630127,0.9281024932861328,-4.827424504583178e-07,0.5315284729003906,0.888656497001648,0.009950556792318821,0.47962135076522827,0.8136637210845947,0.0034375477116554976,0.44381868839263916,0.757334291934967,-0.009002572856843472,0.42214223742485046,0.7253537774085999,-0.01969035156071186,0.4846714437007904,0.6631788015365601,-0.003978367894887924,0.43038472533226013,0.5694359540939331,-0.031576864421367645,0.3878554105758667,0.5924072861671448,-0.041440483182668686,0.3681609034538269,0.639541506767273,-0.04361244663596153,0.4977995753288269,0.6772743463516235,-0.021810084581375122,0.39074355363845825,0.7275264263153076,-0.04896864295005798,0.39953291416168213,0.7975826263427734,-0.043840400874614716,0.4258621037006378,0.8102645874023438,-0.03560088947415352,0.5071735382080078,0.7220224142074585,-0.041632506996393204,0.4248826205730438,0.8244965076446533,-0.06170481815934181,0.44952940940856934,0.8725646734237671,-0.04620777443051338,0.47450074553489685,0.8566005229949951,-0.033622074872255325,0.5142105221748352,0.7789589762687683,-0.061852410435676575,0.45823514461517334,0.8706767559051514,-0.07204241305589676,0.47809746861457825,0.9077542424201965,-0.06217111647129059,0.49880921840667725,0.8908634185791016,-0.052876755595207214,R
0.4786341190338135,0.6199831366539001,2.2570647217889928e-07,0.46573197841644287,0.4924255907535553,-0.02440384030342102,0.4240249991416931,0.4029538333415985,-0.035094477236270905,0.3706517815589905,0.35453760623931885,-0.044582586735486984,0.328289270401001,0.31459158658981323,-0.05439671128988266,0.3263298571109772,0.41922086477279663,-0.020910950377583504,0.2537471354007721,0.38770994544029236,-0.04141648858785629,0.2097996324300766,0.3799039125442505,-0.058091454207897186,0.17079368233680725,0.3770945966243744,-0.07021401822566986,0.3120388984680176,0.47670692205429077,-0.024267688393592834,0.22934067249298096,0.44579800963401794,-0.044700589030981064,0.176096573472023,0.43351563811302185,-0.0626518502831459,0.1313338428735733,0.42774540185928345,-0.0753677636384964,0.3154010772705078,0.5386174917221069,-0.03081914596259594,0.2366110235452652,0.5184533596038818,-0.05025756359100342,0.18757285177707672,0.5042100548744202,-0.06260626763105392,0.14367057383060455,0.49320265650749207,-0.07093047350645065,0.3319653570652008,0.6070173978805542,-0.039704594761133194,0.2691161632537842,0.5941916704177856,-0.05860782787203789,0.23146368563175201,0.5792666077613831,-0.06702128797769547,0.1960746943950653,0.5645493268966675,-0.071914441883564,R
0.6040893793106079,0.9381769895553589,-5.226261805546528e-07,0.5264233946800232,0.9126613140106201,0.007366578560322523,0.47366517782211304,0.8382270336151123,-0.00015586175140924752,0.43943536281585693,0.7737630605697632,-0.013089427724480629,0.41924434900283813,0.7308107018470764,-0.023775748908519745,0.48195359110832214,0.6711810231208801,-0.0073743658140301704,0.42495912313461304,0.5732649564743042,-0.03722117468714714,0.38331273198127747,0.6037472486495972,-0.04759858921170235,0.3654230535030365,0.6544964909553528,-0.049712397158145905,0.4970393478870392,0.6800191402435303,-0.023987337946891785,0.38842347264289856,0.7362040877342224,-0.054253265261650085,0.39812594652175903,0.8135812282562256,-0.049129147082567215,0.42573609948158264,0.8304427266120911,-0.040162041783332825,0.5066843032836914,0.7223796248435974,-0.04293617233633995,0.4212109446525574,0.8313636779785156,-0.06614967435598373,0.44817933440208435,0.8839184641838074,-0.049910131841897964,0.4749038815498352,0.8701683282852173,-0.03599268198013306,0.5139626860618591,0.7777383923530579,-0.06237243488430977,0.4555952250957489,0.8762356042861938,-0.07442979514598846,0.47714659571647644,0.9169933199882507,-0.0643044114112854,0.4992067813873291,0.9013943672180176,-0.05418401584029198,R
0.4770340323448181,0.6272506713867188,2.2212996952930553e-07,0.46368181705474854,0.4946807026863098,-0.021927405148744583,0.4250180423259735,0.4071400463581085,-0.03354815021157265,0.37162327766418457,0.3594636023044586,-0.0444025956094265,0.3295307159423828,0.3195825219154358,-0.055960457772016525,0.32584479451179504,0.42470842599868774,-0.023199453949928284,0.2526302933692932,0.3907572031021118,-0.04402339085936546,0.2087717354297638,0.3825322091579437,-0.0605349987745285,0.16936899721622467,0.37807074189186096,-0.07290416210889816,0.31134897470474243,0.48176389932632446,-0.02877497300505638,0.22699415683746338,0.4496745467185974,-0.05141096189618111,0.17242589592933655,0.4374784827232361,-0.07083360850811005,0.1269303411245346,0.43046852946281433,-0.08484560996294022,0.31588315963745117,0.5447088479995728,-0.03679361566901207,0.2352277636528015,0.5243867039680481,-0.05744782090187073,0.18469920754432678,0.5110037922859192,-0.07008904218673706,0.13955794274806976,0.49978476762771606,-0.07900982350111008,0.3347858488559723,0.6140068769454956,-0.046728212386369705,0.2693365514278412,0.602566123008728,-0.06704720109701157,0.23145419359207153,0.5877857804298401,-0.07574781775474548,0.19516849517822266,0.5738900899887085,-0.08100292086601257,R
0.6005550622940063,0.9391517639160156,-5.174821922082629e-07,0.5301789045333862,0.9008622169494629,0.008152973838150501,0.47725147008895874,0.8251540064811707,0.001724952831864357,0.4416345953941345,0.7681198716163635,-0.01028948649764061,0.41943129897117615,0.7368325591087341,-0.020563825964927673,0.48179391026496887,0.6720967888832092,-0.005569064989686012,0.4261481463909149,0.5769175887107849,-0.03519382327795029,0.38447535037994385,0.6063759922981262,-0.04678649082779884,0.36542242765426636,0.6570367217063904,-0.04979001358151436,0.4950006604194641,0.6833898425102234,-0.022236183285713196,0.3889697790145874,0.7383030652999878,-0.05123436078429222,0.3962215781211853,0.8133618831634521,-0.04776856303215027,0.4213922917842865,0.8314124941825867,-0.04036877676844597,0.5042722821235657,0.7278287410736084,-0.04109261929988861,0.42148372530937195,0.8358247876167297,-0.06338362395763397,0.4465831220149994,0.8869044184684753,-0.049597468227148056,0.4719843864440918,0.8740074038505554,-0.03749807924032211,0.5113160014152527,0.7850455045700073,-0.0603155717253685,0.4556110203266144,0.8825924396514893,-0.07210827618837357,0.4763689637184143,0.9219325184822083,-0.06338217854499817,0.49781736731529236,0.9063972234725952,-0.054436877369880676,R
0.4752132296562195,0.6279391050338745,2.296765018172664e-07,0.46379560232162476,0.49942320585250854,-0.025921115651726723,0.422983318567276,0.40805327892303467,-0.038162972778081894,0.3696413040161133,0.3605520725250244,-0.04907391965389252,0.3256591260433197,0.32335203886032104,-0.060545578598976135,0.32398560643196106,0.4250345230102539,-0.024644063785672188,0.2513546943664551,0.3938315212726593,-0.045972879976034164,0.2075004130601883,0.38633257150650024,-0.06323006004095078,0.16818328201770782,0.38309019804000854,-0.07591956108808517,0.3100029528141022,0.48387956619262695,-0.028047597035765648,0.22631138563156128,0.45325911045074463,-0.04902917519211769,0.1728588044643402,0.4414669871330261,-0.0675470381975174,0.12784400582313538,0.43612658977508545,-0.08106233924627304,0.3137481212615967,0.5470551252365112,-0.03463733568787575,0.2342086136341095,0.5273459553718567,-0.054235219955444336,0.18504120409488678,0.5145961046218872,-0.0671408474445343,0.1410222053527832,0.5053219795227051,-0.07630288600921631,0.3308747112751007,0.6155810356140137,-0.043691251426935196,0.26688599586486816,0.6031597256660461,-0.06297577917575836,0.2283412367105484,0.5889551043510437,-0.07215621322393417,0.1919878125190735,0.5752192735671997,-0.07793837040662766,R
0.6013762950897217,0.940926730632782,-4.944500915371464e-07,0.523619532585144,0.9185529947280884,0.007054397836327553,0.47123903036117554,0.8444032073020935,-0.0005187882343307137,0.43798887729644775,0.7827683091163635,-0.013365226797759533,0.41853564977645874,0.7436687350273132,-0.0241233017295599,0.4791092574596405,0.6751862168312073,-0.007719886489212513,0.4248415231704712,0.5773993730545044,-0.036442212760448456,0.38409024477005005,0.6081595420837402,-0.046292442828416824,0.36635395884513855,0.6594281792640686,-0.04836729168891907,0.4946683645248413,0.6825892925262451,-0.024244137108325958,0.3872494101524353,0.7360196709632874,-0.05300041288137436,0.3957850933074951,0.8134843111038208,-0.047767434269189835,0.4223800301551819,0.8326188921928406,-0.039011068642139435,0.5053360462188721,0.7252616882324219,-0.042970091104507446,0.42179712653160095,0.8361403346061707,-0.0646662637591362,0.4472465515136719,0.8873606324195862,-0.04900573194026947,0.4726161062717438,0.8744214177131653,-0.03591519594192505,0.5128186345100403,0.7821887135505676,-0.06224702298641205,0.4575607180595398,0.8828057646751404,-0.07350530475378036,0.4784475862979889,0.9219887256622314,-0.06386445462703705,0.49945303797721863,0.9057704210281372,-0.0544225238263607,R
0.4796629846096039,0.6307156682014465,2.1682782858079008e-07,0.4688543677330017,0.5020740032196045,-0.023759404197335243,0.42727479338645935,0.41003838181495667,-0.034735094755887985,0.3742277920246124,0.3586398661136627,-0.044565409421920776,0.33180734515190125,0.31995460391044617,-0.055040474981069565,0.32785549759864807,0.42357099056243896,-0.024170657619833946,0.253481924533844,0.3910209834575653,-0.04501284286379814,0.20842179656028748,0.38235315680503845,-0.0618206150829792,0.16816803812980652,0.37865856289863586,-0.0744120329618454,0.3138047158718109,0.4825306534767151,-0.028572047129273415,0.22892998158931732,0.44990673661231995,-0.0498812198638916,0.17473164200782776,0.43618452548980713,-0.06881377100944519,0.1292082518339157,0.42927980422973633,-0.08269798755645752,0.31791383028030396,0.5463421940803528,-0.035741034895181656,0.23801091313362122,0.5242714881896973,-0.055446092039346695,0.1877947896718979,0.5086894035339355,-0.06863757967948914,0.14289049804210663,0.4967440962791443,-0.07815828919410706,0.3359765112400055,0.6160233020782471,-0.04512534290552139,0.2717781960964203,0.6022154092788696,-0.06481313705444336,0.2332892119884491,0.5854320526123047,-0.07414616644382477,0.19700321555137634,0.5686545372009277,-0.08011644333600998,R
0.6055436134338379,0.9352914094924927,-5.262756985757733e-07,0.5435515642166138,0.8815425634384155,0.012472638860344887,0.48851698637008667,0.80681973695755,0.007905363105237484,0.447331964969635,0.7583349943161011,-0.002774144522845745,0.4206162095069885,0.7349982857704163,-0.011690806597471237,0.48403385281562805,0.6712267398834229,-0.003228497924283147,0.4270734190940857,0.5763567090034485,-0.031438328325748444,0.3859708309173584,0.6051360964775085,-0.041659798473119736,0.3676908016204834,0.654858410358429,-0.04387020319700241,0.4960411787033081,0.6842069625854492,-0.02156522497534752,0.39122748374938965,0.7394670844078064,-0.049303218722343445,0.39998653531074524,0.8107922077178955,-0.044746559113264084,0.42597874999046326,0.8260751962661743,-0.03697669506072998,0.5049495697021484,0.7297089695930481,-0.041615523397922516,0.42439958453178406,0.8343550562858582,-0.06237228214740753,0.4493259787559509,0.8832544684410095,-0.04754311218857765,0.47424060106277466,0.8698426485061646,-0.035202790051698685,0.5119760632514954,0.7875657677650452,-0.06163429096341133,0.4567912220954895,0.8800280690193176,-0.07214538753032684,0.47713005542755127,0.918671190738678,-0.06254637986421585,0.49787935614585876,0.9048537611961365,-0.05331199988722801,R
0.4829161465167999,0.6280554533004761,2.0535824774015055e-07,0.4710409343242645,0.49760901927948,-0.02224617265164852,0.4298902153968811,0.4072013199329376,-0.03332490473985672,0.3764076232910156,0.35621994733810425,-0.04373684152960777,0.33455079793930054,0.314229279756546,-0.05487161502242088,0.32955583930015564,0.41927003860473633,-0.022325200960040092,0.25563448667526245,0.3849639594554901,-0.043194230645895004,0.2111174762248993,0.37515631318092346,-0.06014581397175789,0.17079699039459229,0.3700023293495178,-0.07296089828014374,0.3157255947589874,0.47716274857521057,-0.027769697830080986,0.2310757339000702,0.4443390369415283,-0.04959467053413391,0.1771765649318695,0.4303877651691437,-0.06862857937812805,0.131426602602005,0.4229357838630676,-0.08255962282419205,0.32035231590270996,0.5402871370315552,-0.035912156105041504,0.23988187313079834,0.51723313331604,-0.05610775575041771,0.1899099498987198,0.5015237927436829,-0.06861575692892075,0.14468882977962494,0.48937830328941345,-0.07756796479225159,0.33914557099342346,0.6095625162124634,-0.046128761023283005,0.27411314845085144,0.5962001085281372,-0.06607162207365036,0.23550906777381897,0.578980565071106,-0.07486292719841003,0.198804572224617,0.5623676776885986,-0.08035576343536377,R
0.6051617860794067,0.931903600692749,-5.118183707963908e-07,0.5306042432785034,0.902144730091095,0.007594374939799309,0.4770471155643463,0.8286112546920776,0.0016430054092779756,0.4419417381286621,0.7690489292144775,-0.009738242253661156,0.42171770334243774,0.7316972017288208,-0.019039763137698174,0.4824536144733429,0.6708329319953918,-0.004764988552778959,0.4288390576839447,0.5728857517242432,-0.033643048256635666,0.38743090629577637,0.6015030145645142,-0.04435501620173454,0.3679000735282898,0.6518726348876953,-0.046917837113142014,0.4971139430999756,0.6807490587234497,-0.020978836342692375,0.39186200499534607,0.7385939359664917,-0.0508323609828949,0.40126273036003113,0.8119933605194092,-0.04723081737756729,0.4271657466888428,0.827276349067688,-0.03936923295259476,0.507229745388031,0.7239134311676025,-0.03943219035863876,0.425500750541687,0.8331431150436401,-0.0624605230987072,0.4512241780757904,0.8822458386421204,-0.04801536351442337,0.4758627116680145,0.867363452911377,-0.03506845980882645,0.5147233009338379,0.7796577215194702,-0.0582987479865551,0.4594292938709259,0.8766524195671082,-0.07013476639986038,0.4804072082042694,0.9141656160354614,-0.060796987265348434,0.5009926557540894,0.8976687788963318,-0.05118630453944206,R
0.4813309907913208,0.6321176886558533,2.1375635128606518e-07,0.4704280197620392,0.498747318983078,-0.02200513519346714,0.4298918843269348,0.40811532735824585,-0.03267525136470795,0.3772444725036621,0.35535234212875366,-0.04250931739807129,0.3358268737792969,0.31296542286872864,-0.053176119923591614,0.331632524728775,0.41974467039108276,-0.023756636306643486,0.257754385471344,0.38371068239212036,-0.04397205635905266,0.2126697152853012,0.3727318048477173,-0.059918612241744995,0.1718493551015854,0.3667868673801422,-0.07205494493246078,0.3166499733924866,0.476647287607193,-0.02886580117046833,0.23230484127998352,0.44186273217201233,-0.05049543082714081,0.17864346504211426,0.42772066593170166,-0.06891939789056778,0.13315065205097198,0.42034435272216797,-0.0822698324918747,0.32002976536750793,0.5397814512252808,-0.03643004968762398,0.23919352889060974,0.517947793006897,-0.05623706057667732,0.18854200839996338,0.5030089020729065,-0.06876466423273087,0.14252449572086334,0.4916713833808899,-0.07771889120340347,0.33691564202308655,0.6095982789993286,-0.045973751693964005,0.2709852159023285,0.5949835777282715,-0.06565900892019272,0.23273110389709473,0.5786404013633728,-0.07452680170536041,0.19624212384223938,0.5631017088890076,-0.08005040138959885,R
0.6039984822273254,0.932475209236145,-5.15278088641935e-07,0.5254193544387817,0.9054985046386719,0.006363637279719114,0.472844660282135,0.8295322060585022,-0.0013177217915654182,0.43917450308799744,0.7656555771827698,-0.013957614079117775,0.41970425844192505,0.7231311202049255,-0.0245048925280571,0.4833267331123352,0.6666082143783569,-0.010056729428470135,0.4288662374019623,0.5671586990356445,-0.041315045207738876,0.3883894979953766,0.5996003746986389,-0.052937101572752,0.37023693323135376,0.6503248810768127,-0.05579541623592377,0.50004643201828,0.6748481392860413,-0.025955071672797203,0.3916926085948944,0.7291494607925415,-0.056970156729221344,0.4011455178260803,0.8064367175102234,-0.052186060696840286,0.42829471826553345,0.8243255615234375,-0.04333135485649109,0.5116003155708313,0.717423677444458,-0.04415421560406685,0.4249850809574127,0.8264731168746948,-0.06798235327005386,0.4506881833076477,0.877052903175354,-0.051864948123693466,0.47652706503868103,0.8636325597763062,-0.037703707814216614,0.5202357769012451,0.7740590572357178,-0.06283378601074219,0.4613334834575653,0.873977780342102,-0.07474192976951599,0.48191896080970764,0.9121036529541016,-0.06448111683130264,0.5033864974975586,0.8952868580818176,-0.054235875606536865,R
0.48389923572540283,0.6283125877380371,2.300327679449765e-07,0.47336310148239136,0.5009008049964905,-0.025461914017796516,0.42997902631759644,0.406955748796463,-0.037076663225889206,0.3769974112510681,0.3579387664794922,-0.04739480838179588,0.33622294664382935,0.31341567635536194,-0.05806108936667442,0.33015790581703186,0.4189361035823822,-0.02336624450981617,0.25835120677948,0.3845822811126709,-0.04453424736857414,0.21406711637973785,0.3735700845718384,-0.06173010542988777,0.17440080642700195,0.36756810545921326,-0.07459216564893723,0.3161162734031677,0.4784352779388428,-0.02708677016198635,0.23236095905303955,0.44565245509147644,-0.048342254012823105,0.179082453250885,0.43095165491104126,-0.06679299473762512,0.1337164044380188,0.42286649346351624,-0.08003357797861099,0.31989678740501404,0.5422796607017517,-0.03399496525526047,0.2404336780309677,0.5193894505500793,-0.05447090044617653,0.19152791798114777,0.5026476383209229,-0.0675140768289566,0.1472121626138687,0.48922988772392273,-0.07644694298505783,0.3372354209423065,0.6120138168334961,-0.04329417645931244,0.274614155292511,0.5970457792282104,-0.0632382407784462,0.23673096299171448,0.5805555582046509,-0.07236013561487198,0.20089322328567505,0.5642498135566711,-0.07786092907190323,R
0.6075506210327148,0.9342696070671082,-5.267546612230944e-07,0.5402547717094421,0.8929888010025024,0.009242543950676918,0.4859778583049774,0.818269670009613,0.003979424946010113,0.4477045238018036,0.7627184987068176,-0.006824309006333351,0.4228149950504303,0.7337844967842102,-0.01560815330594778,0.48533427715301514,0.6696301102638245,-0.004237329587340355,0.4278889000415802,0.5758823156356812,-0.03213338181376457,0.3877026438713074,0.6052622199058533,-0.04222126305103302,0.3704805374145508,0.6561766266822815,-0.04432206600904465,0.49831417202949524,0.6817910671234131,-0.020791420713067055,0.39349687099456787,0.7375057339668274,-0.0485093891620636,0.40179187059402466,0.8094362020492554,-0.044843707233667374,0.42643633484840393,0.8248047232627869,-0.03760450333356857,0.5074010491371155,0.7262664437294006,-0.03927905112504959,0.4272238612174988,0.8333126902580261,-0.0603213831782341,0.4528089165687561,0.8811895847320557,-0.04662329703569412,0.4772193431854248,0.8663906455039978,-0.034934621304273605,0.5142108201980591,0.7834293246269226,-0.05797730013728142,0.4596882164478302,0.8785005211830139,-0.06879293918609619,0.48159241676330566,0.9152469038963318,-0.059772901237010956,0.5025317668914795,0.8983777165412903,-0.05082861706614494,R
0.4834722876548767,0.6280148029327393,2.4124415176629554e-07,0.4724605083465576,0.4988386929035187,-0.025521526113152504,0.4313408136367798,0.4071267247200012,-0.037618473172187805,0.3783762454986572,0.356678307056427,-0.048316486179828644,0.3370213806629181,0.3140336871147156,-0.05931650847196579,0.3319702744483948,0.4186323881149292,-0.023590214550495148,0.2595154345035553,0.38403651118278503,-0.044691961258649826,0.21567650139331818,0.3735925555229187,-0.0619487464427948,0.17618410289287567,0.36829331517219543,-0.07478558272123337,0.31739264726638794,0.47828325629234314,-0.027097273617982864,0.233650803565979,0.44369596242904663,-0.04887887462973595,0.1801842749118805,0.42839983105659485,-0.0679946169257164,0.13464081287384033,0.41994282603263855,-0.08172222971916199,0.32084789872169495,0.5426260828971863,-0.033639270812273026,0.24172723293304443,0.5179434418678284,-0.05402398109436035,0.19247768819332123,0.5012419819831848,-0.06712950766086578,0.14795105159282684,0.48790037631988525,-0.07611767202615738,0.3377745449542999,0.6126759052276611,-0.04252763092517853,0.27409568428993225,0.5961534380912781,-0.06220024824142456,0.2361932247877121,0.5789877772331238,-0.07112670689821243,0.20018289983272552,0.5621328353881836,-0.07653944939374924,R
0.6030188798904419,0.9316502809524536,-5.181324809200305e-07,0.5344254374504089,0.8893407583236694,0.010761181823909283,0.4816831052303314,0.8144657611846924,0.005576760973781347,0.4441930949687958,0.760844349861145,-0.005541895516216755,0.4222537577152252,0.7298693656921387,-0.015027504414319992,0.48328351974487305,0.6680796146392822,-0.003515942022204399,0.42864271998405457,0.5731468796730042,-0.03138063848018646,0.3865615725517273,0.6000472903251648,-0.04101281240582466,0.3687022030353546,0.6489666700363159,-0.04283451288938522,0.49719056487083435,0.6801092624664307,-0.020923737436532974,0.3917628526687622,0.7364027500152588,-0.048667605966329575,0.39966750144958496,0.8101983666419983,-0.04364919662475586,0.42568519711494446,0.8248270153999329,-0.03529823198914528,0.5070413947105408,0.7244269251823425,-0.04026222229003906,0.4244578778743744,0.83171147108078,-0.06116331368684769,0.44879862666130066,0.8819336891174316,-0.04619326442480087,0.47363021969795227,0.8668867945671082,-0.033612485975027084,0.5145580768585205,0.7811552882194519,-0.05977551266551018,0.45839807391166687,0.8788197636604309,-0.07047717273235321,0.47823986411094666,0.9170103073120117,-0.06110735237598419,0.4988374412059784,0.9009535908699036,-0.05187009274959564,R
0.48256760835647583,0.6407358050346375,2.1820008555550885e-07,0.47237157821655273,0.509391188621521,-0.02373257838189602,0.43046271800994873,0.41364553570747375,-0.03494517505168915,0.3769696056842804,0.36098361015319824,-0.04505163058638573,0.33513233065605164,0.31945592164993286,-0.05562150478363037,0.3301786482334137,0.4229033589363098,-0.02291288413107395,0.25765466690063477,0.3875659704208374,-0.043745264410972595,0.21340149641036987,0.37676453590393066,-0.06065484881401062,0.17354777455329895,0.3707025647163391,-0.0733557939529419,0.31542420387268066,0.4815911650657654,-0.027475690469145775,0.23098912835121155,0.4477497637271881,-0.04913964122533798,0.1773446649312973,0.43319082260131836,-0.0680663213133812,0.13141536712646484,0.4246249198913574,-0.08176790922880173,0.3189653754234314,0.5457109212875366,-0.034873638302087784,0.2392309308052063,0.5222672820091248,-0.055254798382520676,0.18942904472351074,0.5064458847045898,-0.06798243522644043,0.14402709901332855,0.4940706789493561,-0.07680246978998184,0.33653879165649414,0.616283118724823,-0.0444817841053009,0.27177202701568604,0.5998774170875549,-0.06441099941730499,0.23322665691375732,0.5843273997306824,-0.07319674640893936,0.19622007012367249,0.5700684785842896,-0.0784817710518837,R
0.6070513725280762,0.9371069669723511,-5.456773806145065e-07,0.5389644503593445,0.8935378193855286,0.010812378488481045,0.4854343831539154,0.816990077495575,0.005223442334681749,0.44767123460769653,0.7626778483390808,-0.006276799365878105,0.4243258535861969,0.7337174415588379,-0.016064446419477463,0.4855026304721832,0.6711376905441284,-0.004693594295531511,0.42683175206184387,0.5777995586395264,-0.03280960023403168,0.38557198643684387,0.6083904504776001,-0.04321015253663063,0.3674379587173462,0.659048855304718,-0.04579109326004982,0.4976865351200104,0.6825808882713318,-0.0225695613771677,0.3916093111038208,0.7432963848114014,-0.0499068908393383,0.40246397256851196,0.8167381286621094,-0.04576607793569565,0.42984122037887573,0.8304623365402222,-0.03864096477627754,0.5069090723991394,0.7270143032073975,-0.04217960312962532,0.42380139231681824,0.8365926146507263,-0.06288302689790726,0.45116016268730164,0.887812077999115,-0.0483679473400116,0.4771469831466675,0.873120903968811,-0.03669606149196625,0.5145309567451477,0.78507399559021,-0.06188802421092987,0.45791006088256836,0.8840618133544922,-0.07307755202054977,0.4807077646255493,0.9222506284713745,-0.06381868571043015,0.5030176639556885,0.9053255319595337,-0.054889556020498276,R
0.4850410223007202,0.635285496711731,2.3884143729446805e-07,0.4728647768497467,0.5035134553909302,-0.02513309195637703,0.43164658546447754,0.4121611714363098,-0.0373864620923996,0.3781028091907501,0.3624305725097656,-0.048338230699300766,0.3355119526386261,0.3196776211261749,-0.05957205593585968,0.3322329521179199,0.421977698802948,-0.023533634841442108,0.258562833070755,0.387246310710907,-0.0446787066757679,0.21407468616962433,0.376847505569458,-0.06175977736711502,0.1738128662109375,0.3709089159965515,-0.07458062469959259,0.3171595633029938,0.48065832257270813,-0.02746935747563839,0.23297378420829773,0.44673919677734375,-0.04956373944878578,0.17931216955184937,0.4315996766090393,-0.06867001950740814,0.13400834798812866,0.422517329454422,-0.08241529017686844,0.32066136598587036,0.5447056889533997,-0.03440123423933983,0.24043703079223633,0.5212029218673706,-0.05510062724351883,0.19113358855247498,0.5048932433128357,-0.06807532906532288,0.1465282142162323,0.4914652705192566,-0.07708506286144257,0.33815813064575195,0.6147486567497253,-0.043631963431835175,0.27412164211273193,0.5999752879142761,-0.06385492533445358,0.23592987656593323,0.5832691192626953,-0.0729675441980362,0.19965656101703644,0.5661779046058655,-0.07851694524288177,R
0.6116412878036499,0.9292904138565063,-5.47222498425981e-07,0.5515605211257935,0.86696857213974,0.014714518561959267,0.49725574254989624,0.7918604612350464,0.010353170335292816,0.4553382396697998,0.7455663681030273,-0.0005894657806493342,0.42798322439193726,0.7259398102760315,-0.010142100043594837,0.490169882774353,0.664436936378479,-0.002907474059611559,0.4317586421966553,0.5697690844535828,-0.031477056443691254,0.3905954658985138,0.6020231246948242,-0.04266360402107239,0.3720816969871521,0.6549084782600403,-0.045531947165727615,0.5002114176750183,0.6808866858482361,-0.021831883117556572,0.3939087986946106,0.740748405456543,-0.04828698933124542,0.4046595096588135,0.8097865581512451,-0.04349211975932121,0.431558758020401,0.8217699527740479,-0.036405954509973526,0.5080089569091797,0.7281515598297119,-0.04216627776622772,0.4262813329696655,0.8322702050209045,-0.06097371131181717,0.45304208993911743,0.877383828163147,-0.04558436572551727,0.47853899002075195,0.8622580766677856,-0.03383510559797287,0.5148296356201172,0.7864069938659668,-0.06233233958482742,0.45887285470962524,0.8774148225784302,-0.07139896601438522,0.4806629717350006,0.9122345447540283,-0.0612032376229763,0.5020477771759033,0.8963053226470947,-0.05210694670677185,R
0.48623085021972656,0.6335674524307251,2.1897211865962163e-07,0.4776837229728699,0.49817773699760437,-0.022610489279031754,0.43710291385650635,0.4033662676811218,-0.03328889235854149,0.38302701711654663,0.35510772466659546,-0.043137326836586,0.34413835406303406,0.3097732365131378,-0.053400058299303055,0.33625951409339905,0.41560542583465576,-0.021680565550923347,0.2643318772315979,0.3790125250816345,-0.04191486909985542,0.22094017267227173,0.36823537945747375,-0.05810709670186043,0.18197917938232422,0.36247459053993225,-0.07027720659971237,0.3206985890865326,0.47486498951911926,-0.02630821242928505,0.2369684875011444,0.4400659501552582,-0.048371974378824234,0.18380780518054962,0.42346248030662537,-0.06741327792406082,0.13919061422348022,0.4129635691642761,-0.08088865131139755,0.3236629068851471,0.5385987758636475,-0.033551231026649475,0.2444033920764923,0.5151467323303223,-0.05392301827669144,0.19547680020332336,0.49591344594955444,-0.06688466668128967,0.15163426101207733,0.4794338047504425,-0.07578546553850174,0.3404668867588043,0.6081104278564453,-0.04283612221479416,0.276495099067688,0.593255877494812,-0.06249397620558739,0.23835767805576324,0.5756558179855347,-0.07145832479000092,0.20236890017986298,0.5569785833358765,-0.07690645754337311,R
0.6063191890716553,0.9313505291938782,-5.39452230441384e-07,0.5376155972480774,0.889032244682312,0.008094130083918571,0.48508575558662415,0.8130479454994202,0.0019098306074738503,0.44841814041137695,0.7542946934700012,-0.009735983796417713,0.4264014959335327,0.7191674113273621,-0.019240600988268852,0.48615407943725586,0.6625896096229553,-0.0049616810865700245,0.4315287470817566,0.5661597847938538,-0.03394675254821777,0.3911955952644348,0.5960586667060852,-0.04482043534517288,0.3737300634384155,0.6470990180969238,-0.04746473208069801,0.5007562637329102,0.6728779673576355,-0.02135978452861309,0.3955666422843933,0.7327572107315063,-0.050235114991664886,0.404764860868454,0.8049654364585876,-0.04692583903670311,0.43008068203926086,0.8191298842430115,-0.03991220146417618,0.5115154385566711,0.7160300612449646,-0.03991049528121948,0.42868030071258545,0.8254156708717346,-0.06239217519760132,0.45501911640167236,0.8748873472213745,-0.04842319339513779,0.4800165295600891,0.8600038886070251,-0.03629834204912186,0.5199745297431946,0.7723381519317627,-0.058728840202093124,0.4613610506057739,0.8705310225486755,-0.07118803262710571,0.4827475845813751,0.9089478850364685,-0.06235360726714134,0.503973662853241,0.8927464485168457,-0.05314934626221657,R
0.4888867735862732,0.6261838674545288,2.3700620488398272e-07,0.48020392656326294,0.49437108635902405,-0.024989662691950798,0.44100865721702576,0.4007391929626465,-0.0365552119910717,0.3875832259654999,0.3481624126434326,-0.04676524177193642,0.3458090126514435,0.30640387535095215,-0.05726998299360275,0.33939799666404724,0.4115232229232788,-0.023303929716348648,0.26865148544311523,0.3734007477760315,-0.043446365743875504,0.22590023279190063,0.36238113045692444,-0.059741463512182236,0.18692302703857422,0.35621368885040283,-0.0720444843173027,0.32301613688468933,0.4710219204425812,-0.02690451592206955,0.24032777547836304,0.43279221653938293,-0.04861850291490555,0.1877990961074829,0.4152319133281708,-0.06728947907686234,0.14297030866146088,0.40395990014076233,-0.08065237104892731,0.32554712891578674,0.5353215336799622,-0.033413585275411606,0.2470792829990387,0.5091922283172607,-0.05368030443787575,0.1982826143503189,0.49072325229644775,-0.06661634147167206,0.1542280614376068,0.4754030108451843,-0.0754612609744072,0.342101514339447,0.6051763892173767,-0.042215920984745026,0.2771669626235962,0.5865789651870728,-0.06190754473209381,0.2387670874595642,0.5695013403892517,-0.07098288834095001,0.20259994268417358,0.5528131127357483,-0.0765279158949852,R
0.6064088344573975,0.924237072467804,-5.268219638310256e-07,0.5396799445152283,0.8789141178131104,0.009788623079657555,0.486651211977005,0.8030984401702881,0.004528408870100975,0.44918349385261536,0.7488853335380554,-0.00633709691464901,0.4255777895450592,0.720969557762146,-0.015502517111599445,0.48960527777671814,0.6593415141105652,-0.004403525032103062,0.4350880980491638,0.5639714598655701,-0.032696403563022614,0.39311736822128296,0.592227578163147,-0.043320395052433014,0.37327253818511963,0.6415218710899353,-0.04601478949189186,0.5027371048927307,0.6713085174560547,-0.021366462111473083,0.39843448996543884,0.7271965146064758,-0.049289774149656296,0.40786483883857727,0.7998797297477722,-0.04535675048828125,0.43408071994781494,0.8146504163742065,-0.038016825914382935,0.5114818215370178,0.7163070440292358,-0.04027779400348663,0.4296296536922455,0.8237743377685547,-0.06155814602971077,0.45411866903305054,0.8730420470237732,-0.04782234504818916,0.4782848656177521,0.8584903478622437,-0.03629995137453079,0.5179691314697266,0.7734848260879517,-0.05937633663415909,0.4634810984134674,0.8720893859863281,-0.07101219892501831,0.48442262411117554,0.9096491932868958,-0.06268259137868881,0.504709005355835,0.8927081823348999,-0.054346609860658646,R
0.488760381937027,0.6248748898506165,2.2613610894950398e-07,0.4798743724822998,0.49783599376678467,-0.0243401937186718,0.43922722339630127,0.40254583954811096,-0.036527976393699646,0.38766705989837646,0.35175788402557373,-0.04769390448927879,0.3472277820110321,0.30744367837905884,-0.05935252830386162,0.3401935398578644,0.40984129905700684,-0.02467595599591732,0.2695886194705963,0.3735908269882202,-0.046825408935546875,0.22636941075325012,0.36275553703308105,-0.0643673688173294,0.1874723881483078,0.3575788736343384,-0.0770973190665245,0.3253159523010254,0.46886810660362244,-0.029328659176826477,0.24193626642227173,0.4309552013874054,-0.05115427449345589,0.1890508383512497,0.4128681421279907,-0.06945368647575378,0.14413051307201385,0.4034794569015503,-0.08242562413215637,0.3278820812702179,0.533315896987915,-0.03698853403329849,0.24796292185783386,0.5076437592506409,-0.05761701241135597,0.1989223212003708,0.4882112145423889,-0.07030988484621048,0.15495459735393524,0.47322362661361694,-0.0788268893957138,0.3437177538871765,0.6035282611846924,-0.04691709205508232,0.2792893350124359,0.5862178206443787,-0.06676710397005081,0.2401891052722931,0.5667308568954468,-0.07567303627729416,0.20371945202350616,0.5479381084442139,-0.08092745393514633,R
0.6115623712539673,0.9208988547325134,-5.326201630850846e-07,0.5448791980743408,0.8731330037117004,0.011472678743302822,0.49059855937957764,0.7953842282295227,0.005898297764360905,0.45214805006980896,0.7421040534973145,-0.005554404109716415,0.42795485258102417,0.7152829766273499,-0.015388199128210545,0.4899650514125824,0.656230092048645,-0.005298825912177563,0.4335078299045563,0.5633030533790588,-0.03289308026432991,0.3930850923061371,0.5951603055000305,-0.042287956923246384,0.3754987120628357,0.645649790763855,-0.04416000470519066,0.5030843615531921,0.669864296913147,-0.023078199476003647,0.3985072374343872,0.7297481894493103,-0.05014481022953987,0.4090808629989624,0.8036036491394043,-0.04469618946313858,0.436880499124527,0.818350613117218,-0.036590807139873505,0.5122452974319458,0.7156662344932556,-0.04250379651784897,0.4295969307422638,0.8222293257713318,-0.06311459839344025,0.4554857015609741,0.8726054430007935,-0.04773331433534622,0.4816223680973053,0.8597521781921387,-0.03531607612967491,0.5194385051727295,0.7727323174476624,-0.061934467405080795,0.4639310836791992,0.8677626252174377,-0.07294753193855286,0.48539265990257263,0.9065101146697998,-0.06350722163915634,0.507035493850708,0.8918941020965576,-0.05446307361125946,R
0.4878506660461426,0.6321159601211548,2.1702008723423205e-07,0.47906506061553955,0.5050153136253357,-0.025015803053975105,0.43867236375808716,0.40776410698890686,-0.03655315935611725,0.3867292106151581,0.3557360768318176,-0.04688296467065811,0.3446683883666992,0.3174218237400055,-0.057589251548051834,0.3388878107070923,0.4148319959640503,-0.023377830162644386,0.2673356533050537,0.3799850046634674,-0.04494422674179077,0.22381140291690826,0.3686819076538086,-0.06233043223619461,0.18458065390586853,0.3630666136741638,-0.0750264897942543,0.32365772128105164,0.47308510541915894,-0.027295932173728943,0.2407533824443817,0.43660882115364075,-0.04813316836953163,0.18844792246818542,0.4203677475452423,-0.06615573912858963,0.14385439455509186,0.41224390268325806,-0.07907737791538239,0.32569047808647156,0.5371120572090149,-0.03444508835673332,0.24684759974479675,0.5135651230812073,-0.054361529648303986,0.19841532409191132,0.4959103465080261,-0.06716835498809814,0.15473495423793793,0.4818497598171234,-0.07587829977273941,0.3410963714122772,0.6085060834884644,-0.04399828612804413,0.2773231565952301,0.5920252203941345,-0.06308189034461975,0.23951932787895203,0.5743734240531921,-0.07179184257984161,0.20422452688217163,0.5570825338363647,-0.07705530524253845,R
0.6055275797843933,0.9297833442687988,-5.422447770797589e-07,0.5297538042068481,0.8995684385299683,0.009560376405715942,0.47720271348953247,0.8240565061569214,0.004683841951191425,0.443165123462677,0.7643179297447205,-0.0059884702786803246,0.4231482148170471,0.7267045378684998,-0.014794046990573406,0.4847980737686157,0.666444718837738,-0.0026134930085390806,0.4322097599506378,0.5681223273277283,-0.030607139691710472,0.3910658657550812,0.5983819961547852,-0.04068735986948013,0.3729059100151062,0.6481322050094604,-0.04291563481092453,0.501300573348999,0.6746848821640015,-0.019159192219376564,0.39768674969673157,0.7336651682853699,-0.04743228480219841,0.4059685170650482,0.8104687333106995,-0.042863138020038605,0.43201881647109985,0.8261086344718933,-0.03471371904015541,0.5125823616981506,0.7161046266555786,-0.037946294993162155,0.4290705919265747,0.8267607688903809,-0.05984882265329361,0.4525168836116791,0.8784351944923401,-0.04519788175821304,0.47668901085853577,0.8640411496162415,-0.032583415508270264,0.5208337306976318,0.7699737548828125,-0.05699422210454941,0.46310195326805115,0.8710565567016602,-0.06817325949668884,0.48255211114883423,0.9105848073959351,-0.05888776481151581,0.5030151605606079,0.8941905498504639,-0.04966640844941139,R
0.4869537949562073,0.6295654773712158,2.251112078965889e-07,0.4773547053337097,0.5022844076156616,-0.024110060185194016,0.4364857077598572,0.4101083278656006,-0.035154856741428375,0.38340747356414795,0.36088016629219055,-0.04517850652337074,0.34350186586380005,0.31914955377578735,-0.055553119629621506,0.33733755350112915,0.4191511869430542,-0.02155355177819729,0.26742762327194214,0.3819449543952942,-0.042165398597717285,0.22481852769851685,0.37073788046836853,-0.058907732367515564,0.18604856729507446,0.36565178632736206,-0.07131549715995789,0.321427583694458,0.4781765043735504,-0.025570977479219437,0.2392652928829193,0.44063520431518555,-0.04598601907491684,0.18757440149784088,0.4243011772632599,-0.0635286197066307,0.14335869252681732,0.4156019389629364,-0.07610604166984558,0.3233898878097534,0.5419360399246216,-0.032757844775915146,0.24459391832351685,0.5186303853988647,-0.052316006273031235,0.19618533551692963,0.5008688569068909,-0.06463649868965149,0.1522417962551117,0.4866067171096802,-0.07313690334558487,0.3390856981277466,0.612024188041687,-0.0423089973628521,0.2755749821662903,0.5966658592224121,-0.06127572059631348,0.23784023523330688,0.5793139338493347,-0.06983979791402817,0.202286496758461,0.5616306662559509,-0.07508666813373566,R
0.6037404537200928,0.930298924446106,-5.221363039709104e-07,0.5315877199172974,0.8966953754425049,0.009791877120733261,0.47962772846221924,0.8225367665290833,0.004011753015220165,0.44394707679748535,0.7679145932197571,-0.007623409852385521,0.42249688506126404,0.7348766922950745,-0.017474539577960968,0.4845737814903259,0.6682232618331909,-0.003966786898672581,0.43048861622810364,0.5736509561538696,-0.03242485970258713,0.38913220167160034,0.602620005607605,-0.04281582310795784,0.37068504095077515,0.6528601050376892,-0.04516356438398361,0.49908918142318726,0.679458498954773,-0.021207405254244804,0.39513111114501953,0.7385224103927612,-0.04980705305933952,0.40444302558898926,0.8117444515228271,-0.04564032331109047,0.43079331517219543,0.8255065083503723,-0.03789966553449631,0.5089759826660156,0.7231462001800537,-0.040503595024347305,0.42644765973091125,0.831752598285675,-0.06258577108383179,0.4515109062194824,0.8829519748687744,-0.047852665185928345,0.4763242304325104,0.869202196598053,-0.03523571789264679,0.5161342620849609,0.7795900702476501,-0.060022640973329544,0.4601079523563385,0.8773180842399597,-0.07193047553300858,0.48082098364830017,0.9162873029708862,-0.06265275180339813,0.5014933347702026,0.9005113244056702,-0.05324355885386467,R
0.4888831377029419,0.6360445618629456,2.305638986399572e-07,0.4802636206150055,0.5087084770202637,-0.026254193857312202,0.4404134452342987,0.41279301047325134,-0.03870893269777298,0.3878226578235626,0.3604382276535034,-0.04973495379090309,0.34583958983421326,0.3182251453399658,-0.06106135994195938,0.3397473990917206,0.41681867837905884,-0.024669544771313667,0.2683436870574951,0.3804640769958496,-0.04690270498394966,0.22391769289970398,0.3695511221885681,-0.06490714102983475,0.18369640409946442,0.365032434463501,-0.07799720019102097,0.3244267404079437,0.4759049713611603,-0.028144102543592453,0.24151206016540527,0.4376021921634674,-0.04965312406420708,0.18910840153694153,0.42056941986083984,-0.06807509809732437,0.14406128227710724,0.41172167658805847,-0.08111142367124557,0.3263453245162964,0.5407775044441223,-0.03492078557610512,0.24727456271648407,0.5156764388084412,-0.055506858974695206,0.1978643387556076,0.49769848585128784,-0.06865254044532776,0.15380573272705078,0.48433324694633484,-0.07739230245351791,0.34160810708999634,0.612456202507019,-0.04419489577412605,0.2778330445289612,0.5947566628456116,-0.06378050893545151,0.2392072081565857,0.577130913734436,-0.07272738963365555,0.2037951648235321,0.5606218576431274,-0.07796305418014526,R
0.6070795059204102,0.9271647930145264,-5.372376108425669e-07,0.543774425983429,0.8770380616188049,0.011444389820098877,0.4900578558444977,0.8031069040298462,0.006609857082366943,0.450652152299881,0.753262460231781,-0.0041677504777908325,0.4253150522708893,0.7271364331245422,-0.013071583583950996,0.4876146614551544,0.6651198267936707,-0.004096304066479206,0.4308953881263733,0.5678138136863708,-0.03190087154507637,0.38990628719329834,0.5973184108734131,-0.040941022336483,0.3729245960712433,0.6485475301742554,-0.04222789406776428,0.500931441783905,0.6782578229904175,-0.021633891388773918,0.39565378427505493,0.7357977032661438,-0.049275994300842285,0.40525028109550476,0.8068233132362366,-0.044151775538921356,0.4316394329071045,0.8187309503555298,-0.03589693084359169,0.5106936097145081,0.7224350571632385,-0.040911875665187836,0.42761537432670593,0.8286380171775818,-0.06176382675766945,0.45313116908073425,0.8771224617958069,-0.046738896518945694,0.47787952423095703,0.8603790402412415,-0.0342167429625988,0.5189067721366882,0.7779681086540222,-0.060127902776002884,0.4606875777244568,0.8738969564437866,-0.07103805989027023,0.482040673494339,0.9109950065612793,-0.06133377179503441,0.5031754374504089,0.8934742212295532,-0.051790058612823486,R
0.4898051619529724,0.629318356513977,2.2609866334732942e-07,0.48117542266845703,0.5031325221061707,-0.024418167769908905,0.4395703673362732,0.4063893258571625,-0.03559226170182228,0.3872915208339691,0.35444462299346924,-0.04558273032307625,0.34519901871681213,0.3133920729160309,-0.05595547333359718,0.3403967022895813,0.41153964400291443,-0.023702876642346382,0.27058470249176025,0.37405142188072205,-0.04525598883628845,0.22722893953323364,0.3622392416000366,-0.06247815489768982,0.18842008709907532,0.356884628534317,-0.07492586970329285,0.32461637258529663,0.4710618853569031,-0.027890073135495186,0.24166631698608398,0.4332289695739746,-0.048955995589494705,0.18850837647914886,0.41596555709838867,-0.06671501696109772,0.1435573399066925,0.4079265296459198,-0.07910646498203278,0.32631587982177734,0.5359116792678833,-0.03514273837208748,0.24725539982318878,0.5104539394378662,-0.05525388941168785,0.19824953377246857,0.49144795536994934,-0.06762542575597763,0.15469400584697723,0.47745412588119507,-0.07576626539230347,0.34172454476356506,0.6068354845046997,-0.04471522197127342,0.278596967458725,0.5898215174674988,-0.06396256387233734,0.2398427128791809,0.5710560083389282,-0.07236968725919724,0.2042381912469864,0.5526866912841797,-0.07709615677595139,R
0.6117656826972961,0.9291871786117554,-5.365303650251008e-07,0.5380638241767883,0.8938378691673279,0.010393302887678146,0.4845443665981293,0.8185034394264221,0.004767908714711666,0.4481375515460968,0.7600987553596497,-0.006825555581599474,0.4253203272819519,0.728829026222229,-0.016583308577537537,0.4897351861000061,0.6628409028053284,-0.0035580398980528116,0.4344725012779236,0.5636786222457886,-0.032599110156297684,0.39294618368148804,0.595134437084198,-0.04379873722791672,0.3741230368614197,0.6466616988182068,-0.046636369079351425,0.5032191276550293,0.6744799017906189,-0.020912665873765945,0.3974325358867645,0.7316696047782898,-0.04908781498670578,0.40654557943344116,0.8064735531806946,-0.04461987316608429,0.4328387975692749,0.8214453458786011,-0.03687850385904312,0.5122203826904297,0.7189210653305054,-0.040337949991226196,0.4287377595901489,0.8266928195953369,-0.06143300235271454,0.45359358191490173,0.8765903115272522,-0.046398986130952835,0.47850915789604187,0.8632276654243469,-0.03391164913773537,0.5187734365463257,0.7753986120223999,-0.06001422926783562,0.4619309902191162,0.8709666132926941,-0.07066934555768967,0.48242491483688354,0.9097041487693787,-0.060854680836200714,0.503625214099884,0.8947881460189819,-0.051355816423892975,R
0.4892715811729431,0.6349161863327026,2.174549109668078e-07,0.48147493600845337,0.5027322173118591,-0.022188326343894005,0.4411712884902954,0.40601658821105957,-0.032629046589136124,0.38867324590682983,0.35020679235458374,-0.04218625649809837,0.3487960994243622,0.3140053451061249,-0.05240178108215332,0.34352031350135803,0.4108361005783081,-0.02307557314634323,0.2722899615764618,0.37337031960487366,-0.043432097882032394,0.2289893627166748,0.36214953660964966,-0.05962398275732994,0.18989355862140656,0.35677188634872437,-0.07163245230913162,0.3278568685054779,0.46895527839660645,-0.02802816778421402,0.24497392773628235,0.43026190996170044,-0.0495985746383667,0.19192016124725342,0.41239216923713684,-0.0676991418004036,0.1467265486717224,0.40254855155944824,-0.08051405102014542,0.33013880252838135,0.5334545373916626,-0.03556469455361366,0.2516484558582306,0.5088894963264465,-0.055238276720047,0.20275664329528809,0.4908823072910309,-0.06751200556755066,0.15908890962600708,0.4769551455974579,-0.07584913074970245,0.3458782434463501,0.6046416163444519,-0.04521399363875389,0.28078988194465637,0.5866767764091492,-0.06380640715360641,0.24188750982284546,0.5690680146217346,-0.07212064415216446,0.2060936987400055,0.5519920587539673,-0.07717005908489227,R
0.6083434224128723,0.9228017330169678,-5.189609169065079e-07,0.5421104431152344,0.8760302066802979,0.011730991303920746,0.4893017113208771,0.7999315857887268,0.0068680960685014725,0.4512222409248352,0.7460926175117493,-0.00419994443655014,0.4281342029571533,0.7170546054840088,-0.013627536594867706,0.4904572367668152,0.6594225168228149,-0.0035921111702919006,0.4346156418323517,0.5621002316474915,-0.03153320401906967,0.39308369159698486,0.5916953086853027,-0.04104054719209671,0.3749891519546509,0.6415208578109741,-0.042632509022951126,0.5030636787414551,0.6732657551765442,-0.021524954587221146,0.39873403310775757,0.7282350063323975,-0.04875357449054718,0.40726959705352783,0.8014901280403137,-0.04318762570619583,0.43364107608795166,0.8149185180664062,-0.03464231640100479,0.5117807388305664,0.7186897397041321,-0.04128953441977501,0.4301774799823761,0.8232765793800354,-0.062089115381240845,0.4548826515674591,0.8738009333610535,-0.046865615993738174,0.4802566170692444,0.8599947690963745,-0.03407609090209007,0.518501877784729,0.7757707834243774,-0.06110382825136185,0.4625788927078247,0.8684660196304321,-0.07168875634670258,0.48269352316856384,0.9075181484222412,-0.0617898590862751,0.5038583278656006,0.8937098979949951,-0.052140604704618454,R
0.49313583970069885,0.6194645762443542,2.0786885102097585e-07,0.48516473174095154,0.49438104033470154,-0.022787561640143394,0.4432511031627655,0.39698082208633423,-0.03366111218929291,0.39277487993240356,0.34817489981651306,-0.04396354779601097,0.3518965244293213,0.30548906326293945,-0.05463425815105438,0.34342437982559204,0.4025968313217163,-0.021623320877552032,0.27452051639556885,0.368339478969574,-0.043796930462121964,0.2306833267211914,0.35647791624069214,-0.06132517382502556,0.19181588292121887,0.3505359888076782,-0.07378501445055008,0.3291877210140228,0.46164363622665405,-0.026557380333542824,0.24772904813289642,0.4257853329181671,-0.04778283089399338,0.19579435884952545,0.4069727063179016,-0.06510029733181,0.1515042930841446,0.39730963110923767,-0.0770738422870636,0.3315681517124176,0.5249239802360535,-0.03462518751621246,0.2531943619251251,0.5014148950576782,-0.055249691009521484,0.20530705153942108,0.4832612872123718,-0.06718597561120987,0.16275320947170258,0.4703100025653839,-0.07466091960668564,0.34677204489707947,0.5940340161323547,-0.04497230798006058,0.2843210995197296,0.5801309943199158,-0.0644640251994133,0.24520611763000488,0.5624649524688721,-0.07285487651824951,0.20941179990768433,0.5457308292388916,-0.0773148164153099,R
0.6171388626098633,0.9268414378166199,-5.434046101981949e-07,0.5494275689125061,0.8770647048950195,0.012640662491321564,0.494719922542572,0.7949202656745911,0.008782864548265934,0.4578368663787842,0.7386309504508972,-0.0016874476568773389,0.4343348741531372,0.7099921107292175,-0.010062956251204014,0.49314653873443604,0.6546725034713745,0.0008717663586139679,0.4372556805610657,0.5582128763198853,-0.026968708261847496,0.3974161744117737,0.5867009162902832,-0.03658226132392883,0.3807944059371948,0.6354483366012573,-0.038356002420186996,0.5060849785804749,0.666623055934906,-0.017577510327100754,0.3996046483516693,0.7224664092063904,-0.04576145112514496,0.41063323616981506,0.7947863936424255,-0.04069064185023308,0.4387001097202301,0.8073664903640747,-0.03218523785471916,0.5153768062591553,0.7106046080589294,-0.038270503282547,0.43108460307121277,0.8140478134155273,-0.05883008614182472,0.4569302797317505,0.8625749349594116,-0.043667491525411606,0.48241105675697327,0.8461792469024658,-0.031202616170048714,0.5230600237846375,0.7663116455078125,-0.05913463234901428,0.46600577235221863,0.8588714003562927,-0.06908141821622849,0.4866464138031006,0.8962633609771729,-0.059746548533439636,0.5072128772735596,0.8791791796684265,-0.05095010623335838,R
0.49950867891311646,0.608206033706665,2.1147739914795238e-07,0.4910755753517151,0.48108989000320435,-0.02216430753469467,0.4510074853897095,0.38856643438339233,-0.032011453062295914,0.400217205286026,0.33725133538246155,-0.04096366837620735,0.36146581172943115,0.2953316271305084,-0.050366632640361786,0.3551051914691925,0.3948087990283966,-0.020316898822784424,0.2866641879081726,0.35677939653396606,-0.03933188319206238,0.24534331262111664,0.34329158067703247,-0.054687950760126114,0.2077781707048416,0.3340126872062683,-0.06639357656240463,0.3390701413154602,0.44961491227149963,-0.024864422157406807,0.25886744260787964,0.41242489218711853,-0.04480968043208122,0.20828896760940552,0.39573097229003906,-0.06214768812060356,0.16492195427417755,0.3857405483722687,-0.07464385032653809,0.34075117111206055,0.5104941725730896,-0.03219371289014816,0.26463523507118225,0.4840477705001831,-0.051129404455423355,0.21812371909618378,0.4667777717113495,-0.06350972503423691,0.1760255992412567,0.4539269506931305,-0.07216177135705948,0.3558577597141266,0.5787928700447083,-0.04159470647573471,0.2951865494251251,0.5609910488128662,-0.05996335297822952,0.25838276743888855,0.5430848598480225,-0.06855323910713196,0.2236509770154953,0.5259432196617126,-0.07395588606595993,R
0.6207104325294495,0.911605954170227,-5.522168180505105e-07,0.5507205724716187,0.8657106161117554,0.014898188412189484,0.5008669495582581,0.7834576368331909,0.011389607563614845,0.46520400047302246,0.7243504524230957,0.0010926147224381566,0.44337254762649536,0.6906297206878662,-0.007960307411849499,0.5053840279579163,0.6405455470085144,2.3837905246182345e-05,0.4501231610774994,0.5386765003204346,-0.026649510487914085,0.40799224376678467,0.5621798038482666,-0.03610347583889961,0.38873767852783203,0.6058369874954224,-0.03810901939868927,0.5175750851631165,0.6500852704048157,-0.018983181565999985,0.4094959497451782,0.6999419927597046,-0.04593905061483383,0.41465672850608826,0.7774803638458252,-0.04076492413878441,0.4404481053352356,0.799264669418335,-0.03252915292978287,0.5249884128570557,0.6915993094444275,-0.03951955959200859,0.43920737504959106,0.7892306447029114,-0.05912233516573906,0.46311888098716736,0.8420100212097168,-0.04362444207072258,0.48937031626701355,0.8323710560798645,-0.031036829575896263,0.5307278037071228,0.7444782853126526,-0.05993034318089485,0.47177985310554504,0.8337773680686951,-0.06862965226173401,0.49132686853408813,0.8753995299339294,-0.058306675404310226,0.5124322772026062,0.8632965087890625,-0.04897213354706764,R
0.5016509890556335,0.6017677783966064,2.1181503484513087e-07,0.49435073137283325,0.47658443450927734,-0.020325319841504097,0.4566107392311096,0.38298553228378296,-0.03013654798269272,0.4078131318092346,0.3284241855144501,-0.03959258273243904,0.368570476770401,0.28634220361709595,-0.04979012906551361,0.36084797978401184,0.3835810422897339,-0.019627563655376434,0.29340067505836487,0.34474438428878784,-0.03851747512817383,0.25309765338897705,0.3298013210296631,-0.05385936051607132,0.21684785187244415,0.319280207157135,-0.06551432609558105,0.3450012803077698,0.4392315149307251,-0.0254051610827446,0.2647290825843811,0.3985561728477478,-0.04486459866166115,0.2145121991634369,0.37914103269577026,-0.06214525178074837,0.17198894917964935,0.36749935150146484,-0.07462989538908005,0.3465813994407654,0.5018226504325867,-0.03382042050361633,0.27093306183815,0.4727339744567871,-0.05264565348625183,0.22369959950447083,0.45330411195755005,-0.06523114442825317,0.1811450868844986,0.43830782175064087,-0.0741153210401535,0.3616500794887543,0.5717949271202087,-0.04409974068403244,0.3016355633735657,0.5514406561851501,-0.06270608305931091,0.2653994858264923,0.532710611820221,-0.07127371430397034,0.23114831745624542,0.5154988169670105,-0.07662595808506012,R
0.6247201561927795,0.9035681486129761,-5.295178198139183e-07,0.5477505922317505,0.8661504983901978,0.011483454145491123,0.4975426495075226,0.7827918529510498,0.00649972353130579,0.46364063024520874,0.7163164615631104,-0.0045742555521428585,0.44360899925231934,0.6728017330169678,-0.013910644687712193,0.5092342495918274,0.6331766843795776,-0.0018872085493057966,0.4563480019569397,0.5285104513168335,-0.029619846493005753,0.4149538576602936,0.5509851574897766,-0.03990471735596657,0.39573508501052856,0.5934075713157654,-0.04237918183207512,0.5236836075782776,0.638633131980896,-0.019384006038308144,0.41693776845932007,0.6822918057441711,-0.04762678220868111,0.4228633642196655,0.7588651180267334,-0.04300511255860329,0.4483664333820343,0.7798629403114319,-0.03481559827923775,0.5321005582809448,0.6755361557006836,-0.038755640387535095,0.444438636302948,0.771743655204773,-0.05975695326924324,0.4687493145465851,0.8259684443473816,-0.04379265010356903,0.4949807822704315,0.8172110319137573,-0.030512351542711258,0.5375562906265259,0.7255528569221497,-0.05830477550625801,0.4762052893638611,0.8161992430686951,-0.06791466474533081,0.49706795811653137,0.8584612011909485,-0.05707169696688652,0.5190231204032898,0.8457932472229004,-0.04703369364142418,R
0.5006835460662842,0.6069124937057495,1.9020113484202739e-07,0.495835542678833,0.47719550132751465,-0.020079519599676132,0.46108800172805786,0.380506306886673,-0.029176771640777588,0.41198304295539856,0.32007575035095215,-0.03768623620271683,0.37443169951438904,0.2769075334072113,-0.046712715178728104,0.3678213059902191,0.37700143456459045,-0.018646670505404472,0.3016045093536377,0.33427566289901733,-0.03643034026026726,0.2618027925491333,0.3201588988304138,-0.05102640017867088,0.22579848766326904,0.3107263445854187,-0.062228329479694366,0.3498920202255249,0.4304889440536499,-0.02385026216506958,0.2699078321456909,0.38721963763237,-0.04386520758271217,0.21927718818187714,0.36857375502586365,-0.06199895218014717,0.17601962387561798,0.35623699426651,-0.07509030401706696,0.3500489294528961,0.49209851026535034,-0.03134789690375328,0.2760377526283264,0.46193650364875793,-0.04979012534022331,0.22897104918956757,0.44380655884742737,-0.06222264841198921,0.18665185570716858,0.42987626791000366,-0.07100020349025726,0.3639252781867981,0.5613508820533752,-0.040695782750844955,0.30358079075813293,0.5404599905014038,-0.05806773528456688,0.2685554027557373,0.5238074064254761,-0.06583040952682495,0.2353544384241104,0.5095205903053284,-0.07079745829105377,R
0.6205908060073853,0.9069632291793823,-5.332062755769584e-07,0.554236888885498,0.8566837310791016,0.013044835068285465,0.5051434636116028,0.7723363637924194,0.00892981793731451,0.47003769874572754,0.7113050222396851,-0.0014925512950867414,0.44766589999198914,0.6774112582206726,-0.009980912320315838,0.5060408711433411,0.6333527565002441,-0.00044593357597477734,0.4544735848903656,0.5323145985603333,-0.02738155424594879,0.4148515462875366,0.5567036867141724,-0.03678831458091736,0.3961575925350189,0.6016711592674255,-0.038795582950115204,0.5182822346687317,0.6425101161003113,-0.01897834986448288,0.41303181648254395,0.6856549382209778,-0.045652780681848526,0.4223563075065613,0.7577812671661377,-0.039762936532497406,0.4500032365322113,0.7760626077651978,-0.031318217515945435,0.5263664126396179,0.6841193437576294,-0.039469122886657715,0.4422317147254944,0.7748595476150513,-0.05818551406264305,0.4668101668357849,0.822952151298523,-0.04141625761985779,0.49290329217910767,0.8109725713729858,-0.028657713904976845,0.5327064394950867,0.7373244166374207,-0.060216523706912994,0.4754714071750641,0.8215850591659546,-0.06835274398326874,0.49512478709220886,0.8595953583717346,-0.05785774812102318,0.5156111717224121,0.846168041229248,-0.04896751046180725,R
0.5018726587295532,0.607438862323761,2.0827971525250177e-07,0.497023344039917,0.4854899048805237,-0.024146728217601776,0.45933520793914795,0.38681963086128235,-0.034678228199481964,0.4104912281036377,0.3289365768432617,-0.04396592080593109,0.37104037404060364,0.2861603796482086,-0.05368894711136818,0.36459463834762573,0.3833736479282379,-0.02204861119389534,0.29841727018356323,0.34173038601875305,-0.041597880423069,0.2580447494983673,0.32546716928482056,-0.05747145786881447,0.2215954065322876,0.3137519955635071,-0.06938119232654572,0.34777432680130005,0.4385358989238739,-0.025805635377764702,0.26834946870803833,0.3960830271244049,-0.04487423226237297,0.2188386470079422,0.3769358992576599,-0.061667680740356445,0.17608162760734558,0.36482685804367065,-0.07384415715932846,0.34808987379074097,0.5007303953170776,-0.03264600411057472,0.2736513018608093,0.4703660011291504,-0.05152006074786186,0.22741515934467316,0.451765239238739,-0.06400236487388611,0.18529051542282104,0.43731388449668884,-0.07267305999994278,0.3618459701538086,0.5698863863945007,-0.04177166149020195,0.30277159810066223,0.5477727055549622,-0.06004743278026581,0.26744112372398376,0.5301799774169922,-0.06844333559274673,0.23414839804172516,0.5146600008010864,-0.07368387281894684,R
0.6226359605789185,0.9057604670524597,-5.379354206525022e-07,0.544635534286499,0.8707817792892456,0.011698223650455475,0.4944647550582886,0.7885918617248535,0.007228116039186716,0.46069610118865967,0.7252432703971863,-0.003171368967741728,0.4405883848667145,0.6852907538414001,-0.011792385950684547,0.5051127076148987,0.6361438035964966,-0.001500786398537457,0.45201778411865234,0.5379691123962402,-0.027039237320423126,0.412533164024353,0.5642154216766357,-0.03537812456488609,0.3948918581008911,0.6096968054771423,-0.03686067834496498,0.5189716815948486,0.6440332531929016,-0.019082481041550636,0.4112159013748169,0.6880141496658325,-0.04570059850811958,0.4184049069881439,0.7650045156478882,-0.04024263098835945,0.44527098536491394,0.7872315049171448,-0.03180057182908058,0.5274748802185059,0.6843483448028564,-0.03840571269392967,0.4410732388496399,0.7793903946876526,-0.057841937988996506,0.46588805317878723,0.8319123983383179,-0.041819922626018524,0.49249452352523804,0.8225261569023132,-0.029063263908028603,0.5336835384368896,0.7376325130462646,-0.05791732296347618,0.4747290015220642,0.8260341286659241,-0.0665823370218277,0.4953063428401947,0.8664596080780029,-0.05610012635588646,0.5168925523757935,0.8538162708282471,-0.04682246968150139,R
0.49921202659606934,0.6089686155319214,2.0233491682120075e-07,0.49121707677841187,0.4793541133403778,-0.016944536939263344,0.454918771982193,0.3879120945930481,-0.025403743609786034,0.40709829330444336,0.3281692862510681,-0.03370530903339386,0.3708658218383789,0.292874276638031,-0.0429859533905983,0.3647148013114929,0.38877782225608826,-0.019831929355859756,0.29622983932495117,0.3459550142288208,-0.036997321993112564,0.2561943829059601,0.3302132487297058,-0.05055081099271774,0.21982510387897491,0.3183918297290802,-0.06127466261386871,0.34835177659988403,0.44226324558258057,-0.02647189423441887,0.26805347204208374,0.3994276225566864,-0.04736394062638283,0.21777115762233734,0.3811795115470886,-0.06543297320604324,0.17503660917282104,0.36820733547210693,-0.07849482446908951,0.34974274039268494,0.5042791366577148,-0.03467360511422157,0.2747608423233032,0.47423991560935974,-0.053423408418893814,0.2273128628730774,0.45637574791908264,-0.06548617780208588,0.18488843739032745,0.4410286247730255,-0.07410457730293274,0.36433038115501404,0.5733439922332764,-0.04426883906126022,0.3031248450279236,0.5517426133155823,-0.06189539656043053,0.2683608829975128,0.5339508652687073,-0.06940266489982605,0.235573872923851,0.5181532502174377,-0.07428097724914551,R
0.6229526400566101,0.9058544039726257,-5.605764386018564e-07,0.5578659176826477,0.8484446406364441,0.01768273115158081,0.5074253082275391,0.7660332918167114,0.014400492422282696,0.4675949215888977,0.7099598050117493,0.00434724148362875,0.4433143734931946,0.6773262619972229,-0.004257551394402981,0.5092728734016418,0.6350374221801758,0.00014220390585251153,0.4531148076057434,0.5348840951919556,-0.024732647463679314,0.41219770908355713,0.5623940229415894,-0.032556287944316864,0.39407879114151,0.6080207824707031,-0.03385127708315849,0.5207102298736572,0.6454256772994995,-0.01998879946768284,0.4132450222969055,0.6946786642074585,-0.04442346468567848,0.42354816198349,0.7686008214950562,-0.037121426314115524,0.4527667164802551,0.7853363156318665,-0.028529681265354156,0.5276114344596863,0.6869435906410217,-0.04120469465851784,0.44117429852485657,0.7785254120826721,-0.05823881924152374,0.4671283960342407,0.8311355710029602,-0.040041279047727585,0.49501511454582214,0.8212705254554749,-0.02695995196700096,0.532892107963562,0.7394927144050598,-0.06208077818155289,0.47312045097351074,0.8245710730552673,-0.06974866986274719,0.49415409564971924,0.8671255111694336,-0.05814504995942116,0.5165361166000366,0.8562012314796448,-0.04854224622249603,R
0.5014461278915405,0.6076874732971191,1.672658953566497e-07,0.4957306981086731,0.4800718128681183,-0.017674345523118973,0.4588776230812073,0.3853607177734375,-0.02545418217778206,0.40975502133369446,0.3285316228866577,-0.03328533098101616,0.37406250834465027,0.2866787314414978,-0.04216939955949783,0.36709773540496826,0.3843117356300354,-0.017003294080495834,0.30083921551704407,0.3429574966430664,-0.03452172875404358,0.261685848236084,0.32671040296554565,-0.04887235909700394,0.22662341594696045,0.314443439245224,-0.06009877845644951,0.35036739706993103,0.4372202455997467,-0.02391965314745903,0.26961857080459595,0.3955087661743164,-0.04280029609799385,0.21983762085437775,0.3761178255081177,-0.05999414622783661,0.17763236165046692,0.3636363744735718,-0.07259702682495117,0.35119420289993286,0.49764588475227356,-0.03317946940660477,0.2754964232444763,0.4668845534324646,-0.0515972301363945,0.22859367728233337,0.44801485538482666,-0.06427469104528427,0.18638452887535095,0.4332375228404999,-0.07335838675498962,0.36567240953445435,0.5662644505500793,-0.04407365992665291,0.30486956238746643,0.546857476234436,-0.06242181733250618,0.2690292000770569,0.5290051102638245,-0.07103787362575531,0.23516912758350372,0.5126315951347351,-0.07666344940662384,R
0.6233518719673157,0.9024204015731812,-5.411500865193375e-07,0.5507084131240845,0.8626844882965088,0.013228166848421097,0.5009673237800598,0.7801271080970764,0.009683160111308098,0.46650680899620056,0.7183007597923279,-0.00010522328375373036,0.44658440351486206,0.681610107421875,-0.008350606076419353,0.5056094527244568,0.6336708068847656,-7.986255513969809e-05,0.4525948762893677,0.53469318151474,-0.024972617626190186,0.41218245029449463,0.5584938526153564,-0.03278972581028938,0.3940649628639221,0.6030893325805664,-0.0340149886906147,0.5192528963088989,0.6394687294960022,-0.01826375536620617,0.41266441345214844,0.6850447654724121,-0.044267650693655014,0.4200305640697479,0.7625146508216858,-0.03828210011124611,0.4470071792602539,0.7841508388519287,-0.02951638400554657,0.5279571413993835,0.6785892248153687,-0.03813355043530464,0.44180184602737427,0.7737208008766174,-0.05729718133807182,0.4662725031375885,0.8276867866516113,-0.04146486148238182,0.4928555488586426,0.8177995085716248,-0.02887655235826969,0.5346014499664307,0.7310664057731628,-0.05802211910486221,0.4750415086746216,0.8211332559585571,-0.06672769784927368,0.4954721927642822,0.8622162342071533,-0.05662098154425621,0.5172470211982727,0.8487995862960815,-0.047631699591875076,R
0.5019594430923462,0.6045204401016235,2.0161429858944757e-07,0.4947318732738495,0.47394272685050964,-0.01642606221139431,0.46027159690856934,0.3855707049369812,-0.024413755163550377,0.41241738200187683,0.32463860511779785,-0.03239551559090614,0.37426894903182983,0.28550124168395996,-0.04115143045783043,0.3663288354873657,0.38378772139549255,-0.017308490350842476,0.29776960611343384,0.34104305505752563,-0.03347610682249069,0.256862998008728,0.32533442974090576,-0.04652329161763191,0.2203073352575302,0.31316983699798584,-0.05698387697339058,0.34988436102867126,0.4368617832660675,-0.023997562006115913,0.26958000659942627,0.39443016052246094,-0.044635988771915436,0.21900267899036407,0.3764132857322693,-0.06283831596374512,0.17608246207237244,0.36250340938568115,-0.07595976442098618,0.3516651391983032,0.49854761362075806,-0.03227737173438072,0.2775402069091797,0.4697152376174927,-0.05054723471403122,0.23003050684928894,0.4519782066345215,-0.06234760954976082,0.18775931000709534,0.43675336241722107,-0.07071235030889511,0.36730411648750305,0.5679396986961365,-0.041995007544755936,0.30605316162109375,0.547550618648529,-0.059163130819797516,0.27156758308410645,0.5307628512382507,-0.06646019965410233,0.2392791509628296,0.5164654850959778,-0.07109814137220383,R
0.6250548362731934,0.9040384292602539,-5.380609877647657e-07,0.5578066110610962,0.854320228099823,0.014140536077320576,0.5086514949798584,0.7715076804161072,0.010760458186268806,0.47324028611183167,0.7123769521713257,0.0008881905232556164,0.4500654637813568,0.6814959645271301,-0.007369068916887045,0.5098966360092163,0.6343168020248413,0.0001837092568166554,0.45577892661094666,0.5313301086425781,-0.02516314759850502,0.41472792625427246,0.5558404922485352,-0.032868728041648865,0.3968133330345154,0.6010217666625977,-0.03368133679032326,0.5215886235237122,0.6420649886131287,-0.01818380318582058,0.41377946734428406,0.6875229477882385,-0.04407886043190956,0.4200092852115631,0.7623803615570068,-0.03783226013183594,0.4461579918861389,0.783580482006073,-0.029007354751229286,0.528160810470581,0.6820659041404724,-0.03819511458277702,0.44315433502197266,0.7780932188034058,-0.05640683323144913,0.4673537313938141,0.8295142650604248,-0.040368273854255676,0.49322059750556946,0.8202511668205261,-0.02792489342391491,0.5330998301506042,0.73295658826828,-0.05826664716005325,0.47555649280548096,0.8220294713973999,-0.06594720482826233,0.4955972135066986,0.8637197017669678,-0.055666737258434296,0.5159927606582642,0.8526968359947205,-0.04677223786711693,R
0.5030404329299927,0.600898265838623,1.9431280406934093e-07,0.4969649016857147,0.47456124424934387,-0.01951770856976509,0.4618372619152069,0.37827545404434204,-0.028952866792678833,0.41403234004974365,0.3214397430419922,-0.038156308233737946,0.37606722116470337,0.2828802466392517,-0.0483333095908165,0.36975187063217163,0.375133216381073,-0.01989395171403885,0.30405986309051514,0.33365097641944885,-0.03903312236070633,0.2643819749355316,0.31796038150787354,-0.05467275157570839,0.22870494425296783,0.3062804937362671,-0.06656435877084732,0.35236069560050964,0.4292682409286499,-0.026443056762218475,0.27239876985549927,0.38542115688323975,-0.04620061442255974,0.2223438024520874,0.3649778962135315,-0.06403414160013199,0.17954662442207336,0.35123658180236816,-0.07709318399429321,0.352711021900177,0.49187788367271423,-0.03546746075153351,0.27748221158981323,0.46144190430641174,-0.054601285606622696,0.2306431531906128,0.44243133068084717,-0.06779691576957703,0.1886766105890274,0.4276776909828186,-0.07720185816287994,0.3669069707393646,0.5623475313186646,-0.04628770425915718,0.30716729164123535,0.5409449338912964,-0.06479042768478394,0.2718275189399719,0.5226368308067322,-0.07338809221982956,0.23854798078536987,0.5069065690040588,-0.07900319248437881,R
0.6264617443084717,0.9012194871902466,-5.40146913863282e-07,0.5563437938690186,0.8562952280044556,0.013585494831204414,0.5054365992546082,0.7726169228553772,0.010318459011614323,0.46949058771133423,0.7121474742889404,0.00041651027277112007,0.4474475681781769,0.67667555809021,-0.00766193401068449,0.50898677110672,0.6286720037460327,0.0022450790274888277,0.45553237199783325,0.5292525291442871,-0.0242050401866436,0.4158012568950653,0.5540614724159241,-0.03350142017006874,0.39806267619132996,0.5997415781021118,-0.035262737423181534,0.5207899212837219,0.6381685733795166,-0.016238827258348465,0.41511011123657227,0.6824086904525757,-0.043480560183525085,0.4230146110057831,0.7578334808349609,-0.03821038827300072,0.4503149092197418,0.7794101238250732,-0.02951974794268608,0.5278021097183228,0.6797050833702087,-0.03667862340807915,0.4429130554199219,0.7716147899627686,-0.05655524134635925,0.4674752652645111,0.8237675428390503,-0.04036945477128029,0.49388396739959717,0.8155000805854797,-0.027066076174378395,0.5331210494041443,0.7334234118461609,-0.05720377340912819,0.47567829489707947,0.816860020160675,-0.06567685306072235,0.49541065096855164,0.8575522899627686,-0.054753776639699936,0.5161688327789307,0.8465865850448608,-0.044934649020433426,R
0.5043216347694397,0.6078066229820251,1.8176478988607414e-07,0.4990479350090027,0.48106715083122253,-0.01877811923623085,0.4615502655506134,0.3861902058124542,-0.026950372382998466,0.4124484658241272,0.3258052170276642,-0.034734953194856644,0.37498900294303894,0.2852362394332886,-0.0432983860373497,0.369623064994812,0.38253673911094666,-0.01839212328195572,0.30185529589653015,0.33865663409233093,-0.03628982603549957,0.2617393434047699,0.3229876756668091,-0.05105450376868248,0.22578465938568115,0.3128305673599243,-0.06231063976883888,0.3526287376880646,0.4341886043548584,-0.023989621549844742,0.2723172903060913,0.38989561796188354,-0.04306487739086151,0.22201593220233917,0.3712775409221649,-0.060395944863557816,0.1794181615114212,0.36107057332992554,-0.07303541898727417,0.35259872674942017,0.49519872665405273,-0.03186294063925743,0.27739417552948,0.4628925621509552,-0.049606431275606155,0.23073768615722656,0.444781631231308,-0.06171441450715065,0.1889122724533081,0.4328538775444031,-0.0703635886311531,0.365759015083313,0.5656400322914124,-0.04146808758378029,0.305902361869812,0.5416209697723389,-0.05865692347288132,0.27078279852867126,0.5236203670501709,-0.06650892645120621,0.2376525104045868,0.5097667574882507,-0.07151913642883301,R
0.6207670569419861,0.9000821113586426,-5.487806902237935e-07,0.5542979836463928,0.849493145942688,0.011986921541392803,0.5047624707221985,0.766788125038147,0.007926814258098602,0.46819204092025757,0.7048246264457703,-0.001990875694900751,0.445742130279541,0.669132649898529,-0.010167296975851059,0.5094716548919678,0.6282249093055725,-0.002100470243021846,0.4562835395336151,0.5302491784095764,-0.028936028480529785,0.4163941442966461,0.5575428605079651,-0.038199059665203094,0.3983253836631775,0.6043433547019958,-0.04002510756254196,0.5213919878005981,0.6379003524780273,-0.019383808597922325,0.4158172011375427,0.6852140426635742,-0.0466182567179203,0.4222412705421448,0.7604334950447083,-0.041456665843725204,0.4476598799228668,0.7816783785820007,-0.03331408649682999,0.5281386375427246,0.6797662377357483,-0.03843352198600769,0.44355887174606323,0.7739194631576538,-0.05836086347699165,0.4676845967769623,0.8242640495300293,-0.042690616101026535,0.4935453534126282,0.8143553733825684,-0.030097922310233116,0.5331984162330627,0.7331891059875488,-0.05757570266723633,0.4756326973438263,0.8200780153274536,-0.0670294240117073,0.4957749545574188,0.8590261936187744,-0.057272374629974365,0.5166512727737427,0.8455144762992859,-0.04836726933717728,R
0.5002453327178955,0.6086180210113525,2.0615360085685097e-07,0.4956977963447571,0.4822828471660614,-0.020427310839295387,0.4618598520755768,0.3867863118648529,-0.029296403750777245,0.4144858121871948,0.32619020342826843,-0.03728274628520012,0.3767438232898712,0.2855825126171112,-0.04573330655694008,0.3704320788383484,0.3819947838783264,-0.01988305151462555,0.30386167764663696,0.33800381422042847,-0.03716627508401871,0.26419106125831604,0.3219115138053894,-0.05095813423395157,0.22907084226608276,0.31033965945243835,-0.06143337860703468,0.3525815010070801,0.43506598472595215,-0.024380838498473167,0.2727804183959961,0.3900105357170105,-0.04394630342721939,0.222750723361969,0.3707975149154663,-0.0609450526535511,0.1806991845369339,0.3582127094268799,-0.07303094863891602,0.352186381816864,0.4962703585624695,-0.03112381137907505,0.2786372900009155,0.46408528089523315,-0.04893820360302925,0.23258359730243683,0.44638344645500183,-0.06053805351257324,0.1914718747138977,0.4325246214866638,-0.06859751790761948,0.36485713720321655,0.5658743381500244,-0.03971640765666962,0.3054746389389038,0.5432433485984802,-0.056301843374967575,0.2709786295890808,0.5254457592964172,-0.06355436891317368,0.2386118769645691,0.5098012685775757,-0.0681055411696434,R
0.6203247308731079,0.9043017625808716,-5.423050879471703e-07,0.5543599724769592,0.849913477897644,0.014528263360261917,0.5054261684417725,0.7670485973358154,0.01149668451398611,0.47052863240242004,0.7101461887359619,0.0019015345023944974,0.44993895292282104,0.6767666935920715,-0.005872414913028479,0.5077630281448364,0.631400465965271,0.0016026708763092756,0.45526254177093506,0.5320591330528259,-0.023463068529963493,0.4157169759273529,0.5589671730995178,-0.03166631609201431,0.3987891674041748,0.606574296951294,-0.03289720416069031,0.5198179483413696,0.6418893933296204,-0.016823111101984978,0.4150412082672119,0.6894376277923584,-0.0417146235704422,0.42261993885040283,0.7601316571235657,-0.035895537585020065,0.4493749737739563,0.776960551738739,-0.027911067008972168,0.5275815725326538,0.6833351850509644,-0.03690703585743904,0.44360974431037903,0.7758626341819763,-0.05447389557957649,0.467563271522522,0.8242700099945068,-0.038448184728622437,0.4935300052165985,0.8133867383003235,-0.026269758120179176,0.5337767004966736,0.7361363768577576,-0.05697380006313324,0.47521233558654785,0.8194004893302917,-0.06440526992082596,0.49473512172698975,0.8575243353843689,-0.05373431742191315,0.5155695080757141,0.8450738191604614,-0.04460925981402397,R
0.5045334696769714,0.6044456958770752,1.9691439945290767e-07,0.49863260984420776,0.4763753414154053,-0.017977947369217873,0.4638776183128357,0.38291215896606445,-0.025910167023539543,0.41585952043533325,0.3275699317455292,-0.03385377675294876,0.37867581844329834,0.28861677646636963,-0.04257366806268692,0.37012675404548645,0.38424667716026306,-0.016089608892798424,0.30487751960754395,0.3407664895057678,-0.03363664448261261,0.26591548323631287,0.323470801115036,-0.048256922513246536,0.23068368434906006,0.3107602298259735,-0.05935142934322357,0.3531031608581543,0.4371888041496277,-0.022582286968827248,0.27394285798072815,0.39230239391326904,-0.04099335893988609,0.22411157190799713,0.370614618062973,-0.057605478912591934,0.18146464228630066,0.35652637481689453,-0.06946391612291336,0.3533117175102234,0.49789783358573914,-0.0315740592777729,0.27968287467956543,0.4667224586009979,-0.049132682383060455,0.23274444043636322,0.4455791413784027,-0.06104259192943573,0.1906624287366867,0.42935997247695923,-0.06931090354919434,0.3671676218509674,0.5670434236526489,-0.04235309734940529,0.3070383071899414,0.5452315211296082,-0.05938144773244858,0.27112114429473877,0.5265254378318787,-0.06679336726665497,0.23821957409381866,0.5100740790367126,-0.0713043063879013,R
0.6230352520942688,0.9009513258934021,-5.372729106056795e-07,0.5557799935340881,0.8526443243026733,0.015330985188484192,0.5060611963272095,0.769505500793457,0.013120853342115879,0.47094255685806274,0.7126492857933044,0.003925532102584839,0.4486086666584015,0.6822304725646973,-0.0036949170753359795,0.507080078125,0.6328980326652527,0.003984189126640558,0.45393386483192444,0.5374213457107544,-0.02163190394639969,0.4148414731025696,0.5621723532676697,-0.030402539297938347,0.3981279134750366,0.6072108745574951,-0.031784795224666595,0.5180487036705017,0.6430159211158752,-0.014978718012571335,0.4134778380393982,0.6855928897857666,-0.040371548384428024,0.42201662063598633,0.7569541335105896,-0.03452901542186737,0.4496873617172241,0.7743791341781616,-0.02581312507390976,0.5255638360977173,0.6838397979736328,-0.035852886736392975,0.4421224296092987,0.7761135101318359,-0.05380203202366829,0.4663386046886444,0.8258811831474304,-0.038120776414871216,0.492637574672699,0.8153570294380188,-0.025685517117381096,0.5319417715072632,0.73658287525177,-0.05679439380764961,0.4754173457622528,0.8229236602783203,-0.06411521136760712,0.4940846860408783,0.8621236085891724,-0.05395938456058502,0.5142231583595276,0.8506521582603455,-0.045131612569093704,R
0.5016719698905945,0.6106787919998169,2.287671350131859e-07,0.49440842866897583,0.4824851453304291,-0.020676078274846077,0.45586198568344116,0.38591527938842773,-0.030405644327402115,0.40652790665626526,0.32850468158721924,-0.039458829909563065,0.3682675063610077,0.2943243980407715,-0.04918094351887703,0.36401596665382385,0.3907630443572998,-0.021264297887682915,0.2960958480834961,0.34739089012145996,-0.039841946214437485,0.2567937970161438,0.3302730917930603,-0.05436389148235321,0.2217174470424652,0.31714898347854614,-0.06533413380384445,0.34748005867004395,0.445320725440979,-0.026650134474039078,0.2670105993747711,0.4012764096260071,-0.04678943008184433,0.2166527658700943,0.38143056631088257,-0.06418196111917496,0.17400158941745758,0.3686714172363281,-0.07667774707078934,0.3481924533843994,0.5070549249649048,-0.03441574424505234,0.27336329221725464,0.4754592180252075,-0.05317947268486023,0.2264944612979889,0.45656618475914,-0.06552717089653015,0.18469904363155365,0.4413456618785858,-0.07427466660737991,0.3616677522659302,0.5761039853096008,-0.04401332512497902,0.30195188522338867,0.5532190203666687,-0.061728522181510925,0.2665523290634155,0.5343987345695496,-0.06971077620983124,0.23326383531093597,0.5180187821388245,-0.07490026205778122,R
0.6183375716209412,0.9042445421218872,-5.413760391093092e-07,0.5506440997123718,0.8536906838417053,0.013670631684362888,0.4999684691429138,0.7707602381706238,0.010208932682871819,0.46302393078804016,0.7134444117546082,0.0005870272289030254,0.4400322139263153,0.6787779331207275,-0.007264935411512852,0.5066067576408386,0.6342929601669312,-0.001106696086935699,0.4519716203212738,0.5335468053817749,-0.02726188860833645,0.41020411252975464,0.5607432126998901,-0.03549826890230179,0.39255285263061523,0.6087450385093689,-0.0365578718483448,0.5190799236297607,0.6448419690132141,-0.019253816455602646,0.4134148955345154,0.6902320981025696,-0.04607294872403145,0.42040252685546875,0.7655274271965027,-0.04017063230276108,0.447538286447525,0.7843230962753296,-0.031245607882738113,0.5265300273895264,0.6865342259407043,-0.039007432758808136,0.44183674454689026,0.7798649668693542,-0.05840960890054703,0.46454331278800964,0.831720769405365,-0.04195867106318474,0.4899553656578064,0.8205422759056091,-0.028666313737630844,0.5318764448165894,0.740111768245697,-0.05870082229375839,0.4744964838027954,0.8263035416603088,-0.0670459195971489,0.49302488565444946,0.8662301301956177,-0.05621009320020676,0.5130051970481873,0.8528190851211548,-0.04656190052628517,R
0.504055380821228,0.6062600016593933,2.1119944904057775e-07,0.49743926525115967,0.4760354161262512,-0.019656319171190262,0.4624801576137543,0.3809686005115509,-0.02964911423623562,0.4144858419895172,0.3259521722793579,-0.03935107961297035,0.37688204646110535,0.28276050090789795,-0.049876149743795395,0.37014341354370117,0.38146471977233887,-0.02046222612261772,0.3043982982635498,0.3382558822631836,-0.03983704373240471,0.2648169994354248,0.3214704990386963,-0.05546686425805092,0.22861284017562866,0.30783435702323914,-0.06742548197507858,0.3527550995349884,0.4344675540924072,-0.02710939198732376,0.27279844880104065,0.38889986276626587,-0.04780760779976845,0.22202549874782562,0.36628711223602295,-0.06610697507858276,0.1784898340702057,0.35055410861968994,-0.07936221361160278,0.3533588945865631,0.4957922101020813,-0.03612189367413521,0.2779627740383148,0.46398717164993286,-0.05570393055677414,0.23087778687477112,0.4432501196861267,-0.06866415590047836,0.18814167380332947,0.42628294229507446,-0.07784079760313034,0.36744752526283264,0.5653165578842163,-0.04690585657954216,0.3066125512123108,0.542528510093689,-0.06605352461338043,0.2705601453781128,0.5224471092224121,-0.07471677660942078,0.23619741201400757,0.5042412281036377,-0.08022013306617737,R
0.6234176754951477,0.8985504508018494,-5.500337465491612e-07,0.5507494807243347,0.8569122552871704,0.012742742896080017,0.5010589361190796,0.7751568555831909,0.009260210208594799,0.46653416752815247,0.7129581570625305,-0.0006494290428236127,0.4472535252571106,0.6749539971351624,-0.008902538567781448,0.5078747868537903,0.6277773976325989,0.001807402353733778,0.4545215368270874,0.5299980640411377,-0.023758335039019585,0.4159291684627533,0.5561359524726868,-0.03259655833244324,0.3994539678096771,0.6011519432067871,-0.034268852323293686,0.5215042233467102,0.6341899037361145,-0.015982888638973236,0.4165681004524231,0.6811880469322205,-0.041907139122486115,0.4233147203922272,0.7570997476577759,-0.036796510219573975,0.4492650628089905,0.7784610986709595,-0.028745807707309723,0.5299339890480042,0.6733283996582031,-0.03571832925081253,0.44560226798057556,0.7730651497840881,-0.054865945130586624,0.4706975817680359,0.8255445957183838,-0.03984415903687477,0.49715662002563477,0.8156627416610718,-0.027819564566016197,0.5361981391906738,0.7256567478179932,-0.05554765835404396,0.4772987961769104,0.8181479573249817,-0.06418436020612717,0.4981064200401306,0.8594253659248352,-0.0541791133582592,0.5199634432792664,0.84688401222229,-0.04523492977023125,R
0.5061014890670776,0.6025388240814209,2.2051905546049966e-07,0.4975154995918274,0.47285738587379456,-0.016596265137195587,0.4627874493598938,0.38295429944992065,-0.024799196049571037,0.4155932664871216,0.3230641484260559,-0.033093299716711044,0.37778910994529724,0.2846854329109192,-0.04196804389357567,0.37011298537254333,0.3805831968784332,-0.015873366966843605,0.30295735597610474,0.3358007073402405,-0.032824281603097916,0.26330336928367615,0.3200691342353821,-0.0467708446085453,0.22780928015708923,0.3077996075153351,-0.05756429582834244,0.3529113531112671,0.43364816904067993,-0.02254790998995304,0.2739531397819519,0.38765597343444824,-0.04351917281746864,0.22370289266109467,0.36726438999176025,-0.06219018995761871,0.18119068443775177,0.35249215364456177,-0.07536662369966507,0.35359829664230347,0.4955828785896301,-0.030992085114121437,0.2799040973186493,0.462406188249588,-0.04973854124546051,0.23303642868995667,0.4434352517127991,-0.06145812198519707,0.19164660573005676,0.4282708764076233,-0.06936053931713104,0.367995023727417,0.5661519765853882,-0.04089236631989479,0.3077700734138489,0.5437473654747009,-0.058054205030202866,0.2731035351753235,0.5255165100097656,-0.06485017389059067,0.24063798785209656,0.5104955434799194,-0.06878961622714996,R
0.6224671006202698,0.9110555648803711,-5.38651420356473e-07,0.5463601350784302,0.8756959438323975,0.012141413986682892,0.4935266077518463,0.7912546396255493,0.00828051008284092,0.4595145285129547,0.7276320457458496,-0.0020641405135393143,0.43750786781311035,0.6866944432258606,-0.010419950820505619,0.5009796023368835,0.6349273920059204,0.002144563477486372,0.4504629671573639,0.5373141169548035,-0.024586781859397888,0.41152384877204895,0.5641292929649353,-0.03448917344212532,0.39372432231903076,0.6105172634124756,-0.03682291507720947,0.5159899592399597,0.6451560854911804,-0.016371766105294228,0.41163235902786255,0.6918246746063232,-0.04286818951368332,0.4210027754306793,0.7652640342712402,-0.037603460252285004,0.4488208591938019,0.7814329862594604,-0.029636433348059654,0.5257138609886169,0.6877162456512451,-0.03723501041531563,0.44114986062049866,0.7806171178817749,-0.05636855214834213,0.4655265510082245,0.8317171335220337,-0.03965364769101143,0.49165984988212585,0.8198658227920532,-0.026810577139258385,0.5327045917510986,0.7423163056373596,-0.0585017055273056,0.47476333379745483,0.8274953365325928,-0.06708600372076035,0.49442559480667114,0.8671647310256958,-0.05619776248931885,0.5158724188804626,0.853884220123291,-0.04677553474903107,R
0.4984886646270752,0.6197538375854492,2.304937964936471e-07,0.4899788498878479,0.49756017327308655,-0.023553404957056046,0.4504587948322296,0.39937832951545715,-0.034407682716846466,0.40009674429893494,0.3423556685447693,-0.04421927407383919,0.35913747549057007,0.3045567274093628,-0.054416194558143616,0.3561391234397888,0.39734145998954773,-0.020681509748101234,0.28885725140571594,0.35863521695137024,-0.040617819875478745,0.24868203699588776,0.3449885845184326,-0.05670564994215965,0.21344172954559326,0.33560484647750854,-0.06825269758701324,0.3396216332912445,0.4532071352005005,-0.02481137216091156,0.25903990864753723,0.4127396047115326,-0.04308846592903137,0.2088645100593567,0.3931705355644226,-0.05893717706203461,0.16656401753425598,0.38082388043403625,-0.07009536772966385,0.3399988114833832,0.5160956978797913,-0.03217476233839989,0.2632620334625244,0.4878450930118561,-0.050237987190485,0.21677815914154053,0.46899476647377014,-0.06151380389928818,0.17561542987823486,0.45361050963401794,-0.06915301829576492,0.35387858748435974,0.5864035487174988,-0.041853923350572586,0.294340044260025,0.568916380405426,-0.0592237152159214,0.2589620053768158,0.5516176819801331,-0.0664411261677742,0.22639115154743195,0.5359136462211609,-0.07052840292453766,R
0.6146835684776306,0.9224293231964111,-5.590135856436973e-07,0.550171434879303,0.8693791031837463,0.013868068344891071,0.4970121383666992,0.7904276251792908,0.009580912068486214,0.45781251788139343,0.7397921085357666,-0.0010946057736873627,0.4327446222305298,0.7155248522758484,-0.010174925439059734,0.4959532916545868,0.6558647155761719,-0.002440762473270297,0.437985360622406,0.5610643625259399,-0.030220353975892067,0.3973865211009979,0.5929039716720581,-0.040479838848114014,0.38006165623664856,0.6427095532417297,-0.04289672151207924,0.5085275173187256,0.6680747270584106,-0.020972369238734245,0.40497320890426636,0.7295288443565369,-0.04716036468744278,0.4134504199028015,0.800104022026062,-0.042588330805301666,0.4385773837566376,0.8113147020339966,-0.035790249705314636,0.5170531868934631,0.7117259502410889,-0.04108275845646858,0.43411359190940857,0.8173771500587463,-0.0598086453974247,0.4581347405910492,0.8649323582649231,-0.04496704414486885,0.4821472764015198,0.8495082259178162,-0.03370452672243118,0.5233535170555115,0.7676512598991394,-0.06113497540354729,0.46571260690689087,0.8620125651359558,-0.07049804925918579,0.48580119013786316,0.8988532423973083,-0.06105723977088928,0.5060181617736816,0.8828715682029724,-0.05255527049303055,R
0.48815226554870605,0.6423637866973877,2.509941623429768e-07,0.4796121120452881,0.5132356882095337,-0.022632593289017677,0.44064226746559143,0.41868820786476135,-0.032353416085243225,0.3892752528190613,0.3640303611755371,-0.04120754450559616,0.34795764088630676,0.32606741786003113,-0.050424300134181976,0.3430699110031128,0.42190778255462646,-0.018319521099328995,0.2732439637184143,0.3808503746986389,-0.03670066222548485,0.23108285665512085,0.36605823040008545,-0.051936596632003784,0.19330453872680664,0.3574591875076294,-0.06305861473083496,0.3258786201477051,0.4797353446483612,-0.022097067907452583,0.24518875777721405,0.43445366621017456,-0.03947749361395836,0.1944601684808731,0.4146113693714142,-0.05530017614364624,0.1508687436580658,0.4023301601409912,-0.06664931774139404,0.3258361220359802,0.5439031720161438,-0.029027502983808517,0.2504594624042511,0.515932023525238,-0.04567999392747879,0.20356616377830505,0.49590688943862915,-0.05685281381011009,0.16178390383720398,0.4793323278427124,-0.06464748829603195,0.33907485008239746,0.614978015422821,-0.03831837698817253,0.27700304985046387,0.5934734344482422,-0.054197296500205994,0.24092260003089905,0.5751121640205383,-0.06093433126807213,0.2082178294658661,0.5577559471130371,-0.0649663656949997,R
0.6057755947113037,0.9277234077453613,-4.858788429373817e-07,0.5347179770469666,0.8905956149101257,0.01031468901783228,0.48091262578964233,0.8174435496330261,0.004606194328516722,0.44403722882270813,0.7629448175430298,-0.006841594818979502,0.42109447717666626,0.7298553586006165,-0.01616201549768448,0.4851345419883728,0.6696794033050537,-0.0044133225455880165,0.4334877133369446,0.5675308704376221,-0.033316679298877716,0.3908235430717468,0.5994028449058533,-0.04242352768778801,0.3733493685722351,0.6516904830932617,-0.04324878752231598,0.4999001622200012,0.6811742186546326,-0.02137606590986252,0.3958526849746704,0.7316226959228516,-0.050974585115909576,0.40277978777885437,0.8067686557769775,-0.0450328029692173,0.42869311571121216,0.821241021156311,-0.03477950394153595,0.5096695423126221,0.7239992618560791,-0.040420349687337875,0.4255313277244568,0.8253999948501587,-0.06405825167894363,0.44854506850242615,0.875219464302063,-0.048614878207445145,0.4733877182006836,0.8607972264289856,-0.03402926027774811,0.5168883204460144,0.7789462208747864,-0.05937090143561363,0.45899245142936707,0.872994065284729,-0.07148296386003494,0.47921591997146606,0.909694492816925,-0.06144140288233757,0.5001524686813354,0.8919283151626587,-0.05081925168633461,R
0.5002792477607727,0.6152428388595581,2.246723198595646e-07,0.49174267053604126,0.490238755941391,-0.021365484222769737,0.4524461627006531,0.39236709475517273,-0.03158089146018028,0.4022703468799591,0.3399101197719574,-0.041227374225854874,0.36191704869270325,0.30076146125793457,-0.05153343454003334,0.35512208938598633,0.3951193690299988,-0.021047651767730713,0.28688865900039673,0.35026711225509644,-0.04161495715379715,0.24556398391723633,0.33120113611221313,-0.057964812964200974,0.20921893417835236,0.31712162494659424,-0.06995467841625214,0.33848336338996887,0.45248618721961975,-0.026880694553256035,0.25640881061553955,0.4064156413078308,-0.047422975301742554,0.20570752024650574,0.38240063190460205,-0.06524015218019485,0.1628328263759613,0.3661057651042938,-0.07783829420804977,0.33936843276023865,0.5162222385406494,-0.03552038595080376,0.2606646418571472,0.48332852125167847,-0.056192316114902496,0.21238796412944794,0.45980769395828247,-0.07024794816970825,0.1699971854686737,0.44167304039001465,-0.07961981743574142,0.35394400358200073,0.587758481502533,-0.04599814862012863,0.29238492250442505,0.5682625770568848,-0.0663955882191658,0.2550395727157593,0.5473611354827881,-0.07598095387220383,0.22062359750270844,0.5281392335891724,-0.08160398155450821,R
0.621036171913147,0.9192757606506348,-5.527269877347862e-07,0.5507078766822815,0.8693723678588867,0.014559066854417324,0.49727195501327515,0.7882270812988281,0.010420131497085094,0.46003636717796326,0.730913519859314,-0.0003885979240294546,0.4371384382247925,0.6951662302017212,-0.009330446831882,0.5003520846366882,0.644456148147583,-0.0015985690988600254,0.4478309452533722,0.5396888852119446,-0.030215376988053322,0.4061785936355591,0.571279764175415,-0.04011065140366554,0.3872324824333191,0.6229767203330994,-0.0419686995446682,0.5134692192077637,0.6571327447891235,-0.021027937531471252,0.4051034450531006,0.7094579339027405,-0.0503544881939888,0.4128206968307495,0.7866963744163513,-0.04482313618063927,0.43950265645980835,0.8044371604919434,-0.03563426062464714,0.5218536853790283,0.7020204663276672,-0.04211009293794632,0.4353332221508026,0.802632212638855,-0.06385829299688339,0.4611246883869171,0.8526290655136108,-0.047256939113140106,0.4874720871448517,0.8390922546386719,-0.03311673924326897,0.5284798741340637,0.7584235072135925,-0.06298386305570602,0.46803462505340576,0.8497047424316406,-0.07330655306577682,0.4895891845226288,0.8875954151153564,-0.06233677268028259,0.5119001269340515,0.8710137009620667,-0.05183032527565956,R
0.4975236654281616,0.6246036291122437,2.2787138220792258e-07,0.4884323477745056,0.4940674304962158,-0.02080978825688362,0.4496475160121918,0.39342033863067627,-0.030359961092472076,0.400341659784317,0.33350348472595215,-0.039359960705041885,0.35916033387184143,0.29942184686660767,-0.04894803836941719,0.3559582233428955,0.39353036880493164,-0.018516896292567253,0.28703972697257996,0.3519461154937744,-0.037552908062934875,0.24592724442481995,0.3368407189846039,-0.053243573755025864,0.20953287184238434,0.3262171149253845,-0.06484075635671616,0.33917003870010376,0.4512520134449005,-0.023801827803254128,0.2570231556892395,0.408602237701416,-0.043209441006183624,0.20568272471427917,0.3876413404941559,-0.0608481802046299,0.16202834248542786,0.37390565872192383,-0.07350979745388031,0.33961421251296997,0.5160248875617981,-0.03182942047715187,0.26241207122802734,0.4868049621582031,-0.05046619847416878,0.21421918272972107,0.46642839908599854,-0.06314609199762344,0.17138835787773132,0.45020246505737305,-0.07191358506679535,0.3534995913505554,0.5866530537605286,-0.04180276766419411,0.29223451018333435,0.5669548511505127,-0.05927014350891113,0.25594353675842285,0.547823429107666,-0.06708730757236481,0.2221272736787796,0.5300946235656738,-0.07193583995103836,R
0.6150490641593933,0.9187244772911072,-5.499135795616894e-07,0.5470353960990906,0.8646053075790405,0.015848742797970772,0.4943215250968933,0.7859965562820435,0.012018348090350628,0.45585939288139343,0.7316015958786011,0.0011367478873580694,0.4325585961341858,0.6981878280639648,-0.008301549591124058,0.4962175190448761,0.6484739780426025,0.0009278811048716307,0.4425889551639557,0.5497573614120483,-0.025996649637818336,0.40094229578971863,0.5800590515136719,-0.035595912486314774,0.3819904923439026,0.629560112953186,-0.037555139511823654,0.5090404748916626,0.6622246503829956,-0.01904955320060253,0.40245285630226135,0.7196412086486816,-0.046251289546489716,0.4092532694339752,0.7948077917098999,-0.041493505239486694,0.434521347284317,0.8123303651809692,-0.033488284796476364,0.5176705718040466,0.7071468234062195,-0.04045488312840462,0.433927983045578,0.8111994862556458,-0.060739099979400635,0.45940104126930237,0.8604969382286072,-0.045366521924734116,0.4851495325565338,0.847003161907196,-0.032505378127098083,0.5247161388397217,0.7628532648086548,-0.06149876490235329,0.4661087691783905,0.8556705713272095,-0.07122930139303207,0.4878203272819519,0.8932385444641113,-0.06061410531401634,0.5100044012069702,0.877877414226532,-0.05059552565217018,R
0.4965642988681793,0.6234797835350037,2.0273063228160026e-07,0.48943251371383667,0.499917596578598,-0.02077157236635685,0.4490930140018463,0.3978602886199951,-0.03033638559281826,0.39946290850639343,0.34447017312049866,-0.03952941298484802,0.361850380897522,0.305183470249176,-0.049194078892469406,0.353339284658432,0.3995208144187927,-0.018192505463957787,0.28700268268585205,0.35921475291252136,-0.03800716996192932,0.24685579538345337,0.3446166217327118,-0.05398813262581825,0.21211737394332886,0.3349745571613312,-0.0656244233250618,0.33791911602020264,0.4571339786052704,-0.023903585970401764,0.2573084831237793,0.4155614972114563,-0.043084099888801575,0.20682351291179657,0.39444267749786377,-0.059905994683504105,0.16385802626609802,0.3822360634803772,-0.07174127548933029,0.3392113447189331,0.5203577876091003,-0.032614752650260925,0.2619059383869171,0.4912519156932831,-0.05208516865968704,0.21496862173080444,0.4715339243412018,-0.0650462880730629,0.1733555942773819,0.4577336013317108,-0.07360472530126572,0.3537904918193817,0.5903302431106567,-0.04326852038502693,0.29403072595596313,0.5700352787971497,-0.06223171576857567,0.2568105161190033,0.5499354600906372,-0.07111091911792755,0.2220814973115921,0.5315783619880676,-0.07633081823587418,R
0.6059827208518982,0.9259270429611206,-5.493731691785797e-07,0.5488743782043457,0.8640240430831909,0.011998015455901623,0.49683618545532227,0.785880982875824,0.008447346277534962,0.45665493607521057,0.7377099394798279,-0.001590171130374074,0.42951610684394836,0.715873658657074,-0.009649798274040222,0.485775887966156,0.6585895419120789,-0.0003579879703465849,0.4301702380180359,0.5642157793045044,-0.030313551425933838,0.39363378286361694,0.6006393432617188,-0.042036060243844986,0.3782539963722229,0.6568152904510498,-0.0448344387114048,0.4973933696746826,0.6734215021133423,-0.018072986975312233,0.39444699883461,0.7363755106925964,-0.04633106663823128,0.4094390273094177,0.8031211495399475,-0.041971705853939056,0.438763827085495,0.8130066394805908,-0.03445713222026825,0.506212055683136,0.719719648361206,-0.03813501074910164,0.42696085572242737,0.8302984237670898,-0.0585453137755394,0.4554935693740845,0.8747252225875854,-0.04402757063508034,0.48158296942710876,0.8599352836608887,-0.03222637251019478,0.5135467648506165,0.7776485681533813,-0.05852461978793144,0.4612274169921875,0.8797792792320251,-0.06999663263559341,0.4848327934741974,0.9133793115615845,-0.06223859637975693,0.5065376162528992,0.8950964212417603,-0.0542769730091095,R
0.4824824631214142,0.6474850177764893,2.2277674815995852e-07,0.4739830493927002,0.5179080963134766,-0.021825045347213745,0.43468961119651794,0.4245217740535736,-0.032648976892232895,0.3828262388706207,0.3711954951286316,-0.0425785593688488,0.34544309973716736,0.3348691761493683,-0.05364344269037247,0.33959850668907166,0.4277554452419281,-0.024677511304616928,0.2687835097312927,0.3858364522457123,-0.04501450061798096,0.22589555382728577,0.37121063470840454,-0.061217229813337326,0.18727520108222961,0.3639453053474426,-0.07331518083810806,0.32460588216781616,0.4852493107318878,-0.029935432597994804,0.2415672242641449,0.44148531556129456,-0.049762967973947525,0.18946516513824463,0.42337191104888916,-0.06680919229984283,0.14532528817653656,0.41495281457901,-0.07915721088647842,0.327033668756485,0.5491647720336914,-0.03772098198533058,0.24805936217308044,0.5228251814842224,-0.05649743601679802,0.19807739555835724,0.5055127143859863,-0.06935900449752808,0.15345585346221924,0.49321600794792175,-0.07863049954175949,0.3429933190345764,0.6207408308982849,-0.047479934990406036,0.2803511619567871,0.6034947037696838,-0.06596098095178604,0.24329540133476257,0.5864126086235046,-0.0745566263794899,0.2092820405960083,0.5706400275230408,-0.08009392768144608,R
0.6076258420944214,0.9269031286239624,-5.442941528599476e-07,0.5454770922660828,0.8739810585975647,0.013721979223191738,0.49300146102905273,0.798478364944458,0.010388588532805443,0.4541166424751282,0.7485774755477905,0.00039734202437102795,0.429984450340271,0.7247745990753174,-0.008148103021085262,0.4882424473762512,0.6672134399414062,0.00017454454791732132,0.4300811290740967,0.57456374168396,-0.027710583060979843,0.39083555340766907,0.6052902936935425,-0.03768368437886238,0.3762565851211548,0.6569254994392395,-0.03938021883368492,0.4997754395008087,0.6803251504898071,-0.017797280102968216,0.3963986337184906,0.7378777265548706,-0.0446229912340641,0.40673142671585083,0.8082651495933533,-0.039674025028944016,0.43380555510520935,0.8212608098983765,-0.031511351466178894,0.5083288550376892,0.7238430380821228,-0.03763819858431816,0.4289874732494354,0.8304717540740967,-0.05785344913601875,0.4550122916698456,0.8778252601623535,-0.043840441852808,0.48009923100471497,0.8632667660713196,-0.031966790556907654,0.5154990553855896,0.7785568237304688,-0.0573345422744751,0.4620872139930725,0.8768554329872131,-0.06735465675592422,0.4832246005535126,0.9143823385238647,-0.05846827104687691,0.5035086274147034,0.8989574909210205,-0.04978527873754501,R
0.4850565195083618,0.6419726014137268,2.2529539478455263e-07,0.47574299573898315,0.5124849677085876,-0.021356826648116112,0.4392983913421631,0.4199756979942322,-0.03239629045128822,0.38834139704704285,0.3651975393295288,-0.042620666325092316,0.34859585762023926,0.33056068420410156,-0.05362020805478096,0.34165066480636597,0.42465054988861084,-0.024010030552744865,0.2696467638015747,0.3839455842971802,-0.04413691535592079,0.2263210564851761,0.3700488209724426,-0.05993407592177391,0.18698552250862122,0.36138272285461426,-0.07172641158103943,0.32743915915489197,0.47964897751808167,-0.029300523921847343,0.24375776946544647,0.43906041979789734,-0.05107618495821953,0.19119879603385925,0.42143356800079346,-0.06964430212974548,0.14635206758975983,0.4103647768497467,-0.08294712007045746,0.330208420753479,0.5428774952888489,-0.03682341426610947,0.251650333404541,0.5190755128860474,-0.056916672736406326,0.20112667977809906,0.5020135045051575,-0.06971834599971771,0.1567518413066864,0.48952847719192505,-0.07836533337831497,0.3459480106830597,0.6130275726318359,-0.046234387904405594,0.28013113141059875,0.5947510600090027,-0.06515245884656906,0.24191345274448395,0.5782240629196167,-0.07335026562213898,0.207054004073143,0.5642548203468323,-0.07820785790681839,R
0.6170275211334229,0.9206975102424622,-5.356037036108319e-07,0.5433846712112427,0.8853143453598022,0.011020507663488388,0.4904778003692627,0.8081948161125183,0.005934929940849543,0.4553793668746948,0.7493340373039246,-0.005358498077839613,0.43381935358047485,0.714990496635437,-0.0146690858528018,0.4946947991847992,0.6551846861839294,-0.0015470654470846057,0.4390032887458801,0.5586619973182678,-0.029537426307797432,0.39705243706703186,0.5890745520591736,-0.03886980190873146,0.3795855939388275,0.6388399004936218,-0.04037855938076973,0.5092481374740601,0.6659929752349854,-0.019319577142596245,0.4023083448410034,0.7212931513786316,-0.04763473570346832,0.41131889820098877,0.796710193157196,-0.041657134890556335,0.43896475434303284,0.8103092312812805,-0.03240085765719414,0.5188590288162231,0.7088626623153687,-0.03937274217605591,0.43293052911758423,0.8137196898460388,-0.061081498861312866,0.45788732171058655,0.8647225499153137,-0.045174289494752884,0.4838363528251648,0.8489167094230652,-0.03181231766939163,0.5266513824462891,0.7628539800643921,-0.059611208736896515,0.4680692255496979,0.8581027984619141,-0.07008412480354309,0.48873358964920044,0.8983604907989502,-0.059795230627059937,0.5101767778396606,0.8820481896400452,-0.0500653013586998,R
0.4908193051815033,0.6288161873817444,2.3135937965435005e-07,0.48268210887908936,0.5007184147834778,-0.021250493824481964,0.4471172094345093,0.4068720042705536,-0.03240690007805824,0.39845773577690125,0.3492368459701538,-0.04272651672363281,0.3602451682090759,0.3088374435901642,-0.053725630044937134,0.3522394895553589,0.40719249844551086,-0.02392427623271942,0.2836361229419708,0.3643394708633423,-0.04383637756109238,0.24155235290527344,0.34987732768058777,-0.05950440466403961,0.20329253375530243,0.3405948877334595,-0.0713709145784378,0.33668363094329834,0.4618934690952301,-0.029512982815504074,0.25578904151916504,0.41765475273132324,-0.05193612352013588,0.20394004881381989,0.3976151943206787,-0.07093539834022522,0.15949517488479614,0.38545119762420654,-0.08442685008049011,0.33910441398620605,0.5245876908302307,-0.03722872585058212,0.2620093822479248,0.4951694905757904,-0.0578552708029747,0.21272970736026764,0.47677770256996155,-0.07079825550317764,0.16870221495628357,0.46317142248153687,-0.07949818670749664,0.35487598180770874,0.5939868688583374,-0.04674076288938522,0.2909667491912842,0.5732651948928833,-0.06623336672782898,0.2532663941383362,0.5547662973403931,-0.0747968778014183,0.21791358292102814,0.5387518405914307,-0.07991322875022888,R
0.6210605502128601,0.9135282635688782,-5.282244615045784e-07,0.5451262593269348,0.8781694173812866,0.009781399741768837,0.49232637882232666,0.7990299463272095,0.005325195379555225,0.4580961763858795,0.735222578048706,-0.005370341241359711,0.4370739459991455,0.6925804615020752,-0.014010821469128132,0.49989503622055054,0.6436280608177185,0.001148190232925117,0.4474491477012634,0.543067455291748,-0.02677951380610466,0.40771037340164185,0.5686824917793274,-0.03699851408600807,0.39056769013404846,0.6131674647331238,-0.038978733122348785,0.5150589942932129,0.6489390134811401,-0.01533536333590746,0.4117896258831024,0.6951064467430115,-0.04394447058439255,0.41667476296424866,0.7717015147209167,-0.03963771089911461,0.43994104862213135,0.7918491363525391,-0.031021853908896446,0.5244911313056946,0.6856355667114258,-0.03426599130034447,0.4410482347011566,0.7859293818473816,-0.05581093952059746,0.46520286798477173,0.8371906280517578,-0.04062998294830322,0.4902399778366089,0.8265425562858582,-0.027202017605304718,0.5313556790351868,0.735154926776886,-0.05360041931271553,0.4740450382232666,0.8279075622558594,-0.06297693401575089,0.49439021944999695,0.8683050870895386,-0.05227955803275108,0.5154192447662354,0.8554636836051941,-0.04195650666952133,R
0.5018110275268555,0.6122666597366333,2.1536817484957282e-07,0.49300190806388855,0.48304301500320435,-0.01761387661099434,0.4574151039123535,0.3915852904319763,-0.027269043028354645,0.4102810025215149,0.33352017402648926,-0.03664134442806244,0.3737412095069885,0.29578691720962524,-0.04682632163167,0.3663276731967926,0.3912626802921295,-0.02066582441329956,0.297721266746521,0.3475607633590698,-0.03864564374089241,0.25828370451927185,0.3307250142097473,-0.05252441018819809,0.22309960424900055,0.3170746862888336,-0.06314735114574432,0.35059669613838196,0.44291943311691284,-0.02741135098040104,0.26975196599960327,0.39890268445014954,-0.04803726449608803,0.21937786042690277,0.37905243039131165,-0.06555277109146118,0.17688757181167603,0.3654889464378357,-0.0781046450138092,0.35221245884895325,0.5040494203567505,-0.03594205528497696,0.2757708430290222,0.47386443614959717,-0.05482814460992813,0.2279151976108551,0.45597901940345764,-0.06668651103973389,0.18553557991981506,0.44158709049224854,-0.07503907382488251,0.3668747842311859,0.5729221105575562,-0.04590882360935211,0.3056519627571106,0.5538678169250488,-0.06376815587282181,0.2707141041755676,0.535527765750885,-0.071275494992733,0.23779013752937317,0.5197994709014893,-0.07597397267818451,R
0.6216601133346558,0.9082175493240356,-5.448638376037707e-07,0.550923228263855,0.8640537261962891,0.011476227082312107,0.5010089874267578,0.7813530564308167,0.007457285188138485,0.46744459867477417,0.7192773222923279,-0.0026011450681835413,0.44695794582366943,0.679755687713623,-0.010637697763741016,0.5068034529685974,0.6351592540740967,-0.0011573063675314188,0.4544804096221924,0.5334718227386475,-0.029112329706549644,0.41431859135627747,0.5617454648017883,-0.03881072252988815,0.3968300223350525,0.6090793013572693,-0.04043138027191162,0.5202876329421997,0.6424244046211243,-0.01820840872824192,0.41583308577537537,0.6860491037368774,-0.04707647114992142,0.41983357071876526,0.7626639604568481,-0.04267100617289543,0.4436388313770294,0.7856117486953735,-0.03412449732422829,0.528389573097229,0.6813429594039917,-0.03724445402622223,0.4449846148490906,0.7796043157577515,-0.05827374383807182,0.4686490297317505,0.8300825953483582,-0.04311949387192726,0.49372953176498413,0.8200778961181641,-0.029957760125398636,0.5343192219734192,0.7327338457107544,-0.05644410103559494,0.4767818748950958,0.8228533864021301,-0.06521376222372055,0.49636349081993103,0.8631794452667236,-0.05476300045847893,0.5166409611701965,0.8505650758743286,-0.04496069625020027,R
0.49792227149009705,0.6127910614013672,2.2547096989455895e-07,0.4895898103713989,0.4877021312713623,-0.01919933408498764,0.45289766788482666,0.3952089846134186,-0.02872750163078308,0.4046038091182709,0.3393818438053131,-0.03783387690782547,0.36500275135040283,0.3045881390571594,-0.047559816390275955,0.3598047196865082,0.39791160821914673,-0.019831804558634758,0.2925928831100464,0.35610711574554443,-0.03816082701086998,0.2530995309352875,0.3404059410095215,-0.052735038101673126,0.21821185946464539,0.3289000988006592,-0.06361079961061478,0.34383198618888855,0.451333224773407,-0.025573330000042915,0.26364243030548096,0.40885066986083984,-0.04516110569238663,0.21353545784950256,0.38888391852378845,-0.06236618757247925,0.17150942981243134,0.3765098750591278,-0.07469260692596436,0.3447800278663635,0.5129340291023254,-0.03356752172112465,0.26957786083221436,0.4848254919052124,-0.05208849534392357,0.22225552797317505,0.4665635824203491,-0.06450145691633224,0.18091480433940887,0.4534940719604492,-0.0731087252497673,0.3589712381362915,0.5810057520866394,-0.04322238638997078,0.29974907636642456,0.5616120100021362,-0.060682736337184906,0.2647007405757904,0.5453854203224182,-0.06850843131542206,0.23222917318344116,0.532820999622345,-0.07332967966794968,R
0.6180887222290039,0.9120802879333496,-5.527053872356191e-07,0.5549307465553284,0.8576490879058838,0.015336716547608376,0.504615306854248,0.7772831916809082,0.01296719815582037,0.46702468395233154,0.7223430871963501,0.003603803925216198,0.44300323724746704,0.6921129822731018,-0.003979468252509832,0.501733660697937,0.6436270475387573,0.003851868910714984,0.44604215025901794,0.5486234426498413,-0.021473998203873634,0.4079481065273285,0.5761006474494934,-0.03007553517818451,0.39250487089157104,0.6230760216712952,-0.03151456639170647,0.5126529932022095,0.6528312563896179,-0.0151377497240901,0.40950846672058105,0.7027467489242554,-0.040030233561992645,0.4179588556289673,0.7739095687866211,-0.03445802628993988,0.4437388479709625,0.7906723022460938,-0.026489485055208206,0.520274817943573,0.69379061460495,-0.03590566664934158,0.4388502240180969,0.7892439961433411,-0.05307408794760704,0.4638790190219879,0.8366997241973877,-0.03702647238969803,0.48913899064064026,0.8248776197433472,-0.024928072467446327,0.5268419981002808,0.7470099925994873,-0.05670300871133804,0.4711037874221802,0.8347592949867249,-0.06350700557231903,0.4915024936199188,0.871542751789093,-0.05270649865269661,0.5118173956871033,0.8581570386886597,-0.043619755655527115,R
0.4967005252838135,0.6204113960266113,2.2302870661405905e-07,0.4867314100265503,0.4934755861759186,-0.01837787963449955,0.4494273066520691,0.4030006229877472,-0.027337530627846718,0.4009271562099457,0.3465534448623657,-0.0359383262693882,0.3635348677635193,0.30848801136016846,-0.04532923549413681,0.35915181040763855,0.4044836461544037,-0.018953345715999603,0.292001873254776,0.3632822632789612,-0.03605487197637558,0.2525753974914551,0.3485979437828064,-0.04996570572257042,0.2164880931377411,0.3373483419418335,-0.060970205813646317,0.3427739441394806,0.45735839009284973,-0.025150315836071968,0.2622604966163635,0.4156535267829895,-0.045329976826906204,0.21179497241973877,0.39715030789375305,-0.06355588883161545,0.16842076182365417,0.3840367794036865,-0.07674763351678848,0.34417787194252014,0.5187407732009888,-0.03327874466776848,0.2689792513847351,0.4896305501461029,-0.05210678279399872,0.2211521416902542,0.47174525260925293,-0.0650460422039032,0.17800253629684448,0.4576725363731384,-0.07427148520946503,0.3590965270996094,0.5875517725944519,-0.042932622134685516,0.299207478761673,0.567720890045166,-0.060759227722883224,0.2641367018222809,0.5503275394439697,-0.0688876360654831,0.23024339973926544,0.5348124504089355,-0.0742359533905983,R
0.619584321975708,0.9113695621490479,-5.659736075358524e-07,0.5512807369232178,0.8664289116859436,0.015548448078334332,0.4993880093097687,0.7868146896362305,0.013948165811598301,0.46254393458366394,0.7317482829093933,0.005238648969680071,0.43902263045310974,0.7003431916236877,-0.001754347700625658,0.4998306930065155,0.6444344520568848,0.005700523033738136,0.444336473941803,0.5505657196044922,-0.019406123086810112,0.40646785497665405,0.5809857249259949,-0.028552113100886345,0.3913518190383911,0.629126787185669,-0.030286286026239395,0.5114037394523621,0.6536588072776794,-0.013093237765133381,0.4081319570541382,0.7062723636627197,-0.03830476477742195,0.41610121726989746,0.7785921692848206,-0.03391014784574509,0.441609263420105,0.796980619430542,-0.026411952450871468,0.5190155506134033,0.694161057472229,-0.03364793583750725,0.43893808126449585,0.7954692840576172,-0.051048845052719116,0.4646528363227844,0.8438477516174316,-0.03649912774562836,0.48998019099235535,0.8322628140449524,-0.02500348724424839,0.5251212120056152,0.746832549571991,-0.05418936908245087,0.47052204608917236,0.8379044532775879,-0.061076391488313675,0.4912119507789612,0.8762319684028625,-0.05097225680947304,0.5117596983909607,0.8638120293617249,-0.04206240549683571,R
0.49501925706863403,0.6256324052810669,2.1282042439452198e-07,0.48802486062049866,0.4997609853744507,-0.020911436527967453,0.4526112973690033,0.4066876173019409,-0.030679218471050262,0.4049381911754608,0.34848085045814514,-0.03960857912898064,0.3651522397994995,0.312347412109375,-0.049391891807317734,0.36099156737327576,0.4066498875617981,-0.021677883341908455,0.2938411235809326,0.364554226398468,-0.040680769830942154,0.25394099950790405,0.34871232509613037,-0.056016694754362106,0.21779052913188934,0.33678382635116577,-0.06760707497596741,0.34422585368156433,0.4601752758026123,-0.02672646939754486,0.26379334926605225,0.41764113306999207,-0.0473327562212944,0.21342062950134277,0.39803993701934814,-0.06552188098430634,0.1698712557554245,0.38462352752685547,-0.0785004273056984,0.34525737166404724,0.5216838121414185,-0.034104011952877045,0.2699262499809265,0.4925212264060974,-0.05358508601784706,0.22215044498443604,0.47353222966194153,-0.06681722402572632,0.17882844805717468,0.45812878012657166,-0.07588596642017365,0.35980403423309326,0.5902248024940491,-0.04324671998620033,0.29942771792411804,0.5692971348762512,-0.061761993914842606,0.2640954256057739,0.5515052080154419,-0.07012368738651276,0.23083685338497162,0.5362978577613831,-0.07528696209192276,R
0.6211484670639038,0.9132706522941589,-5.534552656172309e-07,0.5520094633102417,0.8711556196212769,0.014978942461311817,0.500529408454895,0.7900931239128113,0.012967288494110107,0.46479201316833496,0.7330076694488525,0.004187248181551695,0.44246765971183777,0.7011043429374695,-0.0028785632457584143,0.5018770694732666,0.6455823183059692,0.004262969829142094,0.4470469653606415,0.5524493455886841,-0.020100891590118408,0.4078217148780823,0.5789406299591064,-0.028292693197727203,0.39171814918518066,0.6248782277107239,-0.0296982042491436,0.5133491158485413,0.6550905108451843,-0.014361566863954067,0.4095391035079956,0.7076466679573059,-0.039040904492139816,0.4180910289287567,0.7799959182739258,-0.033606212586164474,0.44493675231933594,0.7968058586120605,-0.02570434659719467,0.5208581686019897,0.696259081363678,-0.03478456661105156,0.43867191672325134,0.7940678596496582,-0.05256078764796257,0.46335655450820923,0.8440703749656677,-0.03758811205625534,0.4890455901622772,0.8329119086265564,-0.02597719058394432,0.5271102786064148,0.7494380474090576,-0.05520014837384224,0.4718691408634186,0.8384774923324585,-0.06288032233715057,0.49150559306144714,0.8782171010971069,-0.05326920747756958,0.5116060376167297,0.8662814497947693,-0.04484810680150986,R
0.496249794960022,0.6232162714004517,2.2403979471619095e-07,0.4888036251068115,0.49668553471565247,-0.021022630855441093,0.45209288597106934,0.4036186635494232,-0.03115660697221756,0.40312981605529785,0.3484762907028198,-0.04040685296058655,0.364366352558136,0.3082084357738495,-0.05039440840482712,0.3601514399051666,0.40653765201568604,-0.023220904171466827,0.29260367155075073,0.3632616698741913,-0.04234357923269272,0.25237393379211426,0.34609919786453247,-0.057135872542858124,0.21601130068302155,0.3334536552429199,-0.06835713237524033,0.34395840764045715,0.4600970447063446,-0.028358561918139458,0.2639414668083191,0.4156513810157776,-0.049279823899269104,0.21347837150096893,0.39572638273239136,-0.06697966158390045,0.1706484705209732,0.38355836272239685,-0.0796586275100708,0.3451840281486511,0.521668553352356,-0.035754479467868805,0.26994025707244873,0.49038058519363403,-0.05559523403644562,0.22222544252872467,0.47193774580955505,-0.06847743690013885,0.17979010939598083,0.45876502990722656,-0.07735417783260345,0.35958388447761536,0.5903250575065613,-0.04488755017518997,0.2992444634437561,0.567308783531189,-0.06390373408794403,0.26320934295654297,0.5490497350692749,-0.07253917306661606,0.22952695190906525,0.5347697138786316,-0.0778934508562088,R
0.6198891401290894,0.9104916453361511,-5.628754138342629e-07,0.5525375008583069,0.8637107610702515,0.014188859611749649,0.5013872385025024,0.7846539616584778,0.011180550791323185,0.4643864333629608,0.7279500365257263,0.001580535084940493,0.44143903255462646,0.6968319416046143,-0.00619149673730135,0.5024707913398743,0.6428806185722351,0.0016821608878672123,0.4458450675010681,0.5452236533164978,-0.02411278523504734,0.40721163153648376,0.5757091641426086,-0.03287585824728012,0.3919476568698883,0.6246045231819153,-0.034247688949108124,0.5142390727996826,0.6523960828781128,-0.01661422848701477,0.4099425673484802,0.7044932246208191,-0.042635656893253326,0.4175163209438324,0.7774175405502319,-0.03760898485779762,0.44324252009391785,0.7954023480415344,-0.02964116260409355,0.5216845870018005,0.6930686235427856,-0.036619484424591064,0.4407201111316681,0.7940911650657654,-0.055217195302248,0.4670107960700989,0.8427812457084656,-0.0400938019156456,0.49324095249176025,0.830712616443634,-0.02794571965932846,0.5278253555297852,0.7453591823577881,-0.056581202894449234,0.47149503231048584,0.8360089063644409,-0.0643647313117981,0.49249106645584106,0.8759798407554626,-0.05387856438755989,0.5134275555610657,0.8640080094337463,-0.044484805315732956,R
0.4975828528404236,0.6248116493225098,2.0642316655994364e-07,0.4904335141181946,0.5009636282920837,-0.02034350298345089,0.4524472951889038,0.40784651041030884,-0.030185403302311897,0.40398114919662476,0.35135403275489807,-0.0394597090780735,0.3664937913417816,0.30783379077911377,-0.04951193556189537,0.36012858152389526,0.4066457450389862,-0.021081222221255302,0.29322487115859985,0.3658844530582428,-0.040308430790901184,0.2533916234970093,0.34980258345603943,-0.05567340552806854,0.21726934611797333,0.3376668691635132,-0.06730154901742935,0.34428954124450684,0.4597187340259552,-0.02683202549815178,0.2646622061729431,0.41750261187553406,-0.04700121656060219,0.21409980952739716,0.39748889207839966,-0.0645453929901123,0.17059479653835297,0.38461512327194214,-0.07717795670032501,0.3457201421260834,0.5203273892402649,-0.0350382998585701,0.2706172466278076,0.49051356315612793,-0.05419611558318138,0.22393006086349487,0.4710269868373871,-0.06656907498836517,0.18182948231697083,0.4556523561477661,-0.07516118884086609,0.36052563786506653,0.5880094170570374,-0.0450860820710659,0.2998388111591339,0.5672898292541504,-0.06349633634090424,0.2635938823223114,0.5483749508857727,-0.0716409683227539,0.22964805364608765,0.5315437912940979,-0.07668031752109528,R
0.6196397542953491,0.9126080274581909,-5.658584996126592e-07,0.5530281066894531,0.8633780479431152,0.014405575580894947,0.5027135610580444,0.7832586169242859,0.011354497633874416,0.46681463718414307,0.7256291508674622,0.001640758360736072,0.44415491819381714,0.6945869326591492,-0.006635138764977455,0.5018950700759888,0.6451609134674072,0.0014434227487072349,0.44719234108924866,0.5500797033309937,-0.024583034217357635,0.4090422987937927,0.5791854858398438,-0.03416306525468826,0.392558753490448,0.6266763806343079,-0.03622099384665489,0.5136955380439758,0.653765082359314,-0.017118893563747406,0.4109104871749878,0.7044277191162109,-0.04257917404174805,0.4175804853439331,0.7776315808296204,-0.03798723593354225,0.44212979078292847,0.796759307384491,-0.03072308376431465,0.5217518210411072,0.6938028931617737,-0.037274070084095,0.44061732292175293,0.7903711795806885,-0.05571417137980461,0.46618571877479553,0.8403893113136292,-0.040829502046108246,0.4920872747898102,0.8308303356170654,-0.029072362929582596,0.5289686918258667,0.7459922432899475,-0.05734247714281082,0.47194597125053406,0.8339211344718933,-0.06549675017595291,0.4932999610900879,0.8723183870315552,-0.05516784265637398,0.514948308467865,0.8598069548606873,-0.04599059000611305,R
0.4991796016693115,0.620166540145874,2.1331857169570867e-07,0.48991936445236206,0.4962269961833954,-0.02046044170856476,0.4521334171295166,0.4049018323421478,-0.030062980949878693,0.40267470479011536,0.3501496911048889,-0.038890086114406586,0.3664216697216034,0.3159348964691162,-0.04841156676411629,0.36072108149528503,0.40828725695610046,-0.0206577368080616,0.2930850386619568,0.36763691902160645,-0.03872201219201088,0.25348562002182007,0.3526255488395691,-0.05334414169192314,0.21764470636844635,0.3413548469543457,-0.0646052286028862,0.3447784185409546,0.4613915681838989,-0.025715794414281845,0.26449453830718994,0.42090311646461487,-0.0457272045314312,0.21436850726604462,0.4026642441749573,-0.06340277194976807,0.17136773467063904,0.3901073634624481,-0.07615287601947784,0.3459250330924988,0.5217702388763428,-0.0330718457698822,0.270994633436203,0.4940210282802582,-0.0519617423415184,0.22388552129268646,0.4755915701389313,-0.06473272293806076,0.18225222826004028,0.46104785799980164,-0.07356972247362137,0.3600645661354065,0.5892294645309448,-0.04221123084425926,0.29917067289352417,0.5702447295188904,-0.060004930943250656,0.2633342742919922,0.5536867380142212,-0.06806692481040955,0.23023192584514618,0.5395810604095459,-0.0731622725725174,R
0.6174783706665039,0.9094412326812744,-5.473061719385441e-07,0.5508697032928467,0.8633379936218262,0.012551035732030869,0.5007551312446594,0.7843148112297058,0.009134365245699883,0.4652179479598999,0.7278280854225159,-0.000573664961848408,0.4429219365119934,0.6978024244308472,-0.008321322500705719,0.500943660736084,0.6437524557113647,0.0010159703670069575,0.4467548727989197,0.5466923713684082,-0.02587120607495308,0.4083667993545532,0.5790369510650635,-0.03572765365242958,0.3928593397140503,0.6293083429336548,-0.03770604357123375,0.5128911733627319,0.6535779237747192,-0.016468340530991554,0.4103086590766907,0.7071437835693359,-0.04282302409410477,0.419310599565506,0.7775790095329285,-0.03792790323495865,0.4458894729614258,0.7925475239753723,-0.030076803639531136,0.5205428004264832,0.6943431496620178,-0.0359526053071022,0.4404751658439636,0.7950573563575745,-0.05516410619020462,0.46650803089141846,0.8417969346046448,-0.04018930718302727,0.4923800528049469,0.829192578792572,-0.027981555089354515,0.5267730355262756,0.7465600371360779,-0.05555735528469086,0.47187790274620056,0.8366173505783081,-0.06399369239807129,0.492670476436615,0.8756232261657715,-0.05374389514327049,0.5129823088645935,0.8632716536521912,-0.044366512447595596,R
0.49910539388656616,0.6206352710723877,2.1573575281763624e-07,0.4880810081958771,0.49203503131866455,-0.017190713435411453,0.4487748146057129,0.40335023403167725,-0.025735720992088318,0.4005987048149109,0.3496282696723938,-0.034266144037246704,0.36511096358299255,0.31422102451324463,-0.04353104159235954,0.3588234484195709,0.41123536229133606,-0.01840096339583397,0.29179784655570984,0.371461421251297,-0.035779599100351334,0.2528347969055176,0.3574451804161072,-0.049714330583810806,0.21740515530109406,0.3462862968444824,-0.06063007935881615,0.3437473177909851,0.4636657238006592,-0.025132689625024796,0.2639121413230896,0.42444366216659546,-0.04595186933875084,0.21386553347110748,0.4064255952835083,-0.06432750076055527,0.17074443399906158,0.3937590420246124,-0.07760794460773468,0.34591636061668396,0.523085355758667,-0.033671461045742035,0.2713589668273926,0.4962867498397827,-0.05271802097558975,0.2247176170349121,0.4789418578147888,-0.06510458886623383,0.1834680736064911,0.46598872542381287,-0.0737532451748848,0.36112138628959656,0.5886064171791077,-0.04370366781949997,0.3003801107406616,0.5715487599372864,-0.06137866526842117,0.26465296745300293,0.5542239546775818,-0.06920449435710907,0.231151282787323,0.539128839969635,-0.07428403943777084,R
0.6153245568275452,0.9150160551071167,-5.559027158597019e-07,0.5456907153129578,0.8719306588172913,0.013128349557518959,0.4966018497943878,0.7914223074913025,0.009579387493431568,0.4625147581100464,0.73178631067276,-0.0006360921543091536,0.4425489604473114,0.6941444873809814,-0.009199204854667187,0.49947088956832886,0.6453320980072021,0.0022867489606142044,0.4443131685256958,0.5563341379165649,-0.02305847965180874,0.40647202730178833,0.5823825597763062,-0.03218420594930649,0.3909401595592499,0.6270679831504822,-0.03425878286361694,0.5121926069259644,0.6536322832107544,-0.01641985960304737,0.4091384708881378,0.7086974382400513,-0.04249294102191925,0.4191751480102539,0.7811514735221863,-0.0380183570086956,0.4460252523422241,0.7990921139717102,-0.030538033694028854,0.521233081817627,0.6933598518371582,-0.03703328222036362,0.4397721290588379,0.7941647171974182,-0.05643162131309509,0.4667927622795105,0.844039797782898,-0.041367240250110626,0.49352359771728516,0.8335150480270386,-0.029255108907818794,0.5291413068771362,0.7455452680587769,-0.05776548013091087,0.47157391905784607,0.8370109796524048,-0.06699107587337494,0.4927525818347931,0.8757279515266418,-0.05705689266324043,0.5142337679862976,0.8634124994277954,-0.04802190139889717,R
0.4992450475692749,0.6281153559684753,2.3136645665999822e-07,0.489915132522583,0.5006221532821655,-0.01991911791265011,0.4525039792060852,0.40931084752082825,-0.03003966063261032,0.4042070508003235,0.35355105996131897,-0.039622124284505844,0.36501792073249817,0.31276828050613403,-0.049802087247371674,0.3609151542186737,0.4109305739402771,-0.02069372683763504,0.2930842339992523,0.36901038885116577,-0.03908713534474373,0.2537803649902344,0.3534907400608063,-0.053690481930971146,0.21814315021038055,0.34101831912994385,-0.06491215527057648,0.34512585401535034,0.46328988671302795,-0.02647002786397934,0.26556074619293213,0.42075204849243164,-0.04734724387526512,0.21523085236549377,0.40106141567230225,-0.06580562144517899,0.17234598100185394,0.3874935209751129,-0.0791386291384697,0.34681543707847595,0.5239284634590149,-0.034427493810653687,0.27191102504730225,0.49319496750831604,-0.05370188131928444,0.224701389670372,0.4741324782371521,-0.06675365567207336,0.1828388273715973,0.4589408338069916,-0.07598082721233368,0.3617587685585022,0.5915506482124329,-0.044072579592466354,0.3014218509197235,0.5697970986366272,-0.062345873564481735,0.26544278860092163,0.5503464341163635,-0.07084974646568298,0.23168733716011047,0.5326401591300964,-0.07634580880403519,R
0.6153532862663269,0.9079356789588928,-5.550338073589955e-07,0.5485184788703918,0.8602729439735413,0.014199504628777504,0.5008223652839661,0.780447244644165,0.010506360791623592,0.46698251366615295,0.7225318551063538,0.00021119976008776575,0.445732980966568,0.6891258358955383,-0.008480298332870007,0.5004966855049133,0.6422379016876221,0.00017425947589799762,0.4465519189834595,0.5469810962677002,-0.02579183131456375,0.4088568091392517,0.5791053771972656,-0.034803442656993866,0.394397109746933,0.6282873749732971,-0.03657392039895058,0.513005793094635,0.6502370834350586,-0.018168462440371513,0.4107774496078491,0.7072268724441528,-0.04356764256954193,0.41965019702911377,0.7799814939498901,-0.037744712084531784,0.44645053148269653,0.7965357899665833,-0.02988111600279808,0.5213450193405151,0.6904382109642029,-0.038244593888521194,0.4395222067832947,0.7908870577812195,-0.055812180042266846,0.46418124437332153,0.8393170833587646,-0.0394611582159996,0.48987889289855957,0.8286339640617371,-0.0273046363145113,0.528240978717804,0.7423998713493347,-0.0584082193672657,0.47167542576789856,0.8338752388954163,-0.06576395034790039,0.4914257228374481,0.8718774318695068,-0.05518844351172447,0.5115963816642761,0.8590835928916931,-0.046226851642131805,R
0.4972970485687256,0.6269938945770264,2.0895677721455286e-07,0.4894564151763916,0.49578920006752014,-0.017053676769137383,0.4540250897407532,0.40707501769065857,-0.025952912867069244,0.40536007285118103,0.35029760003089905,-0.034489963203668594,0.3669373095035553,0.3135802745819092,-0.04374491050839424,0.3617410361766815,0.4104030132293701,-0.02094215154647827,0.29401686787605286,0.3672417402267456,-0.03865711763501167,0.2537429928779602,0.3517359793186188,-0.05210725590586662,0.21697518229484558,0.33931052684783936,-0.06266812980175018,0.34598949551582336,0.46090513467788696,-0.027702970430254936,0.26577267050743103,0.4183533489704132,-0.05062316358089447,0.21485207974910736,0.3982318043708801,-0.06917279213666916,0.17111742496490479,0.3836013674736023,-0.08205405622720718,0.34816592931747437,0.5202714800834656,-0.035876478999853134,0.2728772461414337,0.49006280303001404,-0.05616981163620949,0.22516213357448578,0.4702147841453552,-0.06767205148935318,0.18215246498584747,0.45450425148010254,-0.07526236772537231,0.3640655279159546,0.5869618058204651,-0.04540403559803963,0.3019976019859314,0.5663117170333862,-0.06404716521501541,0.26599013805389404,0.5462584495544434,-0.07147104293107986,0.23177140951156616,0.5288090705871582,-0.07579989731311798,R
0.618915855884552,0.9077476263046265,-5.334736670192797e-07,0.5500931143760681,0.8647200465202332,0.011442998424172401,0.49912092089653015,0.7865334153175354,0.0073754373006522655,0.463297039270401,0.7275708317756653,-0.002442939206957817,0.4417364001274109,0.6924891471862793,-0.010504882782697678,0.5017436146736145,0.643173336982727,-0.0020034159533679485,0.44825074076652527,0.5480993986129761,-0.02783820778131485,0.4097226560115814,0.5756362676620483,-0.03683793917298317,0.39415547251701355,0.6227695345878601,-0.03855031356215477,0.5146204233169556,0.6513345241546631,-0.018834276124835014,0.41209888458251953,0.702714741230011,-0.04459484666585922,0.41822755336761475,0.7738761901855469,-0.039589472115039825,0.44287070631980896,0.7935630083084106,-0.03199007362127304,0.5228894948959351,0.6912375688552856,-0.03741470351815224,0.4415745735168457,0.789130687713623,-0.056452035903930664,0.465918630361557,0.8359402418136597,-0.04148063808679581,0.49141380190849304,0.8264886140823364,-0.029512830078601837,0.5295142531394958,0.7430275678634644,-0.0560760498046875,0.4736177921295166,0.8313713073730469,-0.06491301953792572,0.49412107467651367,0.8691819906234741,-0.05494384840130806,0.514759361743927,0.8574131727218628,-0.04585638642311096,R
0.5000056624412537,0.6222831010818481,2.2958747081247566e-07,0.48986780643463135,0.49356943368911743,-0.017525099217891693,0.45211654901504517,0.4003680348396301,-0.026803774759173393,0.40500274300575256,0.34304702281951904,-0.03617383539676666,0.3676742911338806,0.311328649520874,-0.04630020633339882,0.3616171181201935,0.40521860122680664,-0.01900678500533104,0.29376164078712463,0.36429932713508606,-0.036999285221099854,0.2545853555202484,0.3486999273300171,-0.05126718059182167,0.2190369814634323,0.3361680507659912,-0.06235348805785179,0.34627029299736023,0.457559198141098,-0.026177942752838135,0.2668260335922241,0.4143381416797638,-0.04737048223614693,0.21651023626327515,0.3943239450454712,-0.06589002907276154,0.17389538884162903,0.3811955749988556,-0.0791827067732811,0.3480554223060608,0.5182364583015442,-0.03523309528827667,0.27402234077453613,0.48705387115478516,-0.05428190156817436,0.22738443315029144,0.46737340092658997,-0.06668923050165176,0.18647173047065735,0.4520866572856903,-0.07544969767332077,0.3627989888191223,0.5861669182777405,-0.04586775600910187,0.3033589720726013,0.5648602843284607,-0.0633988082408905,0.2676829397678375,0.5457900166511536,-0.07113377749919891,0.23453056812286377,0.5293857455253601,-0.07615206390619278,R
0.6182798147201538,0.9133384227752686,-5.611790925286186e-07,0.5511090755462646,0.8670611381530762,0.013534756377339363,0.5010219812393188,0.7846940755844116,0.010569549165666103,0.465890496969223,0.7265654802322388,0.0011110894847661257,0.44485390186309814,0.6925589442253113,-0.00623117433860898,0.5024570822715759,0.6423044204711914,0.0024467080365866423,0.44628965854644775,0.5486790537834167,-0.023279482498764992,0.40863552689552307,0.577785849571228,-0.03242673724889755,0.3939242959022522,0.6255372762680054,-0.03424271196126938,0.5140931010246277,0.6526234149932861,-0.01552263367921114,0.41088706254959106,0.7041095495223999,-0.04110436886548996,0.42298364639282227,0.7734413743019104,-0.03557029366493225,0.45250192284584045,0.7882147431373596,-0.02752012014389038,0.5221049189567566,0.6928668022155762,-0.035498522222042084,0.4398995041847229,0.7882129549980164,-0.0532965362071991,0.46642136573791504,0.8364561200141907,-0.037048596888780594,0.49348533153533936,0.8253946900367737,-0.0246293768286705,0.5292799472808838,0.7447642087936401,-0.05571438744664192,0.4724699854850769,0.8318063616752625,-0.06331431865692139,0.49268639087677,0.870712399482727,-0.0528402104973793,0.5136617422103882,0.8587579727172852,-0.04376364126801491,R
0.5001099109649658,0.6229863166809082,2.2308731217890454e-07,0.49058467149734497,0.4968193471431732,-0.01868148148059845,0.4530861973762512,0.406840443611145,-0.028609177097678185,0.4045804440975189,0.351753830909729,-0.03822380304336548,0.36677172780036926,0.3115463852882385,-0.04850893095135689,0.3622199296951294,0.4097442328929901,-0.020478541031479836,0.2953140139579773,0.3682626485824585,-0.03895286098122597,0.2556789815425873,0.35281550884246826,-0.05341063067317009,0.22012494504451752,0.3406262993812561,-0.06447470933198929,0.3459938168525696,0.46215614676475525,-0.026883039623498917,0.26634615659713745,0.4195919930934906,-0.04775863140821457,0.21602080762386322,0.3994258940219879,-0.06578993797302246,0.17339469492435455,0.38558104634284973,-0.0787988007068634,0.3473094403743744,0.5223466157913208,-0.03528057783842087,0.2724427282810211,0.49168193340301514,-0.054363273084163666,0.2255813628435135,0.47224554419517517,-0.06678596138954163,0.18411539494991302,0.4572088420391083,-0.07564333826303482,0.3618904650211334,0.5897801518440247,-0.045295096933841705,0.3021904230117798,0.5695574283599854,-0.06347516179084778,0.2666076421737671,0.5506525635719299,-0.07168354094028473,0.23302161693572998,0.5343121290206909,-0.0769362673163414,R
0.6157906651496887,0.9086449146270752,-5.407693492998078e-07,0.5472665429115295,0.8660761713981628,0.011850385926663876,0.4968373775482178,0.7855958938598633,0.008260415866971016,0.46316051483154297,0.7258712649345398,-0.001425162423402071,0.44345685839653015,0.6895525455474854,-0.009289517998695374,0.50138920545578,0.6413914561271667,-0.00024167925585061312,0.4482990503311157,0.5453979969024658,-0.026743564754724503,0.4094659090042114,0.5723322629928589,-0.03639688342809677,0.39285963773727417,0.6190476417541504,-0.038409166038036346,0.5144176483154297,0.6499467492103577,-0.017201296985149384,0.41300004720687866,0.7002933025360107,-0.043659716844558716,0.42079442739486694,0.7716162204742432,-0.039070021361112595,0.44633641839027405,0.7894395589828491,-0.03144275024533272,0.5227876305580139,0.6897153854370117,-0.03606797009706497,0.44149914383888245,0.7877992987632751,-0.054883845150470734,0.4653390049934387,0.8359534740447998,-0.03974195197224617,0.4902030825614929,0.8257005214691162,-0.027600834146142006,0.5294119119644165,0.7412607669830322,-0.05514919012784958,0.47328516840934753,0.8302334547042847,-0.062858447432518,0.4923069477081299,0.8681573271751404,-0.052553143352270126,0.512269139289856,0.8558818697929382,-0.043418630957603455,R
0.49983423948287964,0.6203627586364746,2.214432299751934e-07,0.49143603444099426,0.4963529706001282,-0.017825201153755188,0.45432114601135254,0.4046330153942108,-0.027573928236961365,0.40740084648132324,0.348471075296402,-0.037241317331790924,0.3701256215572357,0.31013667583465576,-0.047812726348638535,0.3647759258747101,0.4042319357395172,-0.02059583179652691,0.2971574664115906,0.363566517829895,-0.03947507217526436,0.2585243284702301,0.34636980295181274,-0.05416823923587799,0.22433991730213165,0.33210933208465576,-0.06526296585798264,0.3496450185775757,0.4575851261615753,-0.02781006507575512,0.269015371799469,0.41376373171806335,-0.04796493425965309,0.21914300322532654,0.3916960656642914,-0.06530243903398514,0.17769883573055267,0.3770066797733307,-0.07784473896026611,0.3513089418411255,0.5191093683242798,-0.037142761051654816,0.275912880897522,0.4870241582393646,-0.05612044781446457,0.2291225790977478,0.4656795263290405,-0.06843293458223343,0.1884864866733551,0.4482296109199524,-0.07719384878873825,0.3658231198787689,0.5876085162162781,-0.04803569242358208,0.30660831928253174,0.5643543004989624,-0.06630828231573105,0.27126485109329224,0.5436739921569824,-0.07441791892051697,0.23870036005973816,0.5257886648178101,-0.07958076149225235,R
0.6172558069229126,0.9047179222106934,-5.621124614663131e-07,0.557345986366272,0.8457247018814087,0.014980650506913662,0.5063809752464294,0.766806960105896,0.012045629322528839,0.4672792851924896,0.7151060700416565,0.0025003766641020775,0.44332435727119446,0.6873353123664856,-0.005334404297173023,0.5032616257667542,0.6367849707603455,0.001218918478116393,0.44821274280548096,0.5434606075286865,-0.025194726884365082,0.4102866053581238,0.5721795558929443,-0.035064101219177246,0.3948267698287964,0.6202150583267212,-0.03730376437306404,0.5150929689407349,0.6476168632507324,-0.017324870452284813,0.4135744869709015,0.7001849412918091,-0.04214923456311226,0.4216371774673462,0.766848087310791,-0.037119049578905106,0.44680747389793396,0.7813656330108643,-0.030047811567783356,0.5235425233840942,0.6892643570899963,-0.03756077215075493,0.4428045153617859,0.7841002941131592,-0.05483392998576164,0.4662868082523346,0.828128457069397,-0.039477165788412094,0.4904685914516449,0.8151992559432983,-0.02792910672724247,0.5308670401573181,0.7418908476829529,-0.05772459879517555,0.47338199615478516,0.8258910179138184,-0.06510407477617264,0.49131813645362854,0.8625456094741821,-0.05472446233034134,0.510128915309906,0.8508664965629578,-0.04585948586463928,R
0.49862194061279297,0.628623366355896,2.429225389732892e-07,0.4874512553215027,0.496889591217041,-0.01531816553324461,0.4532754719257355,0.4091983139514923,-0.02413215860724449,0.40512093901634216,0.35090047121047974,-0.03276915103197098,0.36915308237075806,0.314902663230896,-0.0416438914835453,0.36287471652030945,0.41291704773902893,-0.01836450770497322,0.29395368695259094,0.3683854043483734,-0.034546490758657455,0.2537596523761749,0.35297200083732605,-0.04669371247291565,0.21745404601097107,0.3403991460800171,-0.056315261870622635,0.34699758887290955,0.4624418318271637,-0.02527216263115406,0.2669385075569153,0.4182197153568268,-0.04926919564604759,0.21597342193126678,0.3981855511665344,-0.0683269053697586,0.17260034382343292,0.3824222981929779,-0.0809766948223114,0.3486168086528778,0.5213592648506165,-0.0330856591463089,0.27393773198127747,0.49034571647644043,-0.05302709713578224,0.2262200564146042,0.4712977409362793,-0.06352709978818893,0.18445910513401031,0.4563572406768799,-0.06989292800426483,0.3638380765914917,0.587380051612854,-0.042065732181072235,0.30136996507644653,0.5660871267318726,-0.058581385761499405,0.26600685715675354,0.548628568649292,-0.06395625323057175,0.2329431176185608,0.5349059104919434,-0.06662580370903015,R
0.6138217449188232,0.9111543893814087,-5.640278573082469e-07,0.5470315217971802,0.8624454736709595,0.014445331878960133,0.49818721413612366,0.7825384736061096,0.011161225847899914,0.46366459131240845,0.7252240180969238,0.0013755213003605604,0.4416288137435913,0.6930283904075623,-0.006780915893614292,0.5010140538215637,0.6423354148864746,0.0016175125492736697,0.44615310430526733,0.5504864454269409,-0.023761633783578873,0.40817534923553467,0.5806949734687805,-0.03327159583568573,0.39233869314193726,0.6294651031494141,-0.03541187569499016,0.5133567452430725,0.6514986753463745,-0.016282914206385612,0.4115731716156006,0.7040718197822571,-0.04033061861991882,0.4178919196128845,0.774192214012146,-0.0357280895113945,0.4419279098510742,0.7933118343353271,-0.029126334935426712,0.5211315751075745,0.6917372345924377,-0.03579350560903549,0.43949565291404724,0.787707507610321,-0.052216242998838425,0.463004469871521,0.8354009985923767,-0.037165869027376175,0.4876132309436798,0.8267956376075745,-0.026117388159036636,0.5272781252861023,0.7432821989059448,-0.05534106865525246,0.47172635793685913,0.8311524391174316,-0.06195962056517601,0.49016308784484863,0.8699992299079895,-0.05183752626180649,0.509128212928772,0.860085129737854,-0.04333096370100975,R
0.5000990033149719,0.6150898337364197,2.1255948468024144e-07,0.48964279890060425,0.4939858317375183,-0.019286811351776123,0.449750691652298,0.4007062315940857,-0.028796905651688576,0.40281838178634644,0.34905362129211426,-0.038187235593795776,0.3644773066043854,0.3160350024700165,-0.04832664877176285,0.3592461347579956,0.40706610679626465,-0.019667457789182663,0.2935411036014557,0.37025418877601624,-0.039280060678720474,0.254710853099823,0.3545302152633667,-0.05499226227402687,0.22045931220054626,0.34189465641975403,-0.06660795211791992,0.3447304666042328,0.460536390542984,-0.026199879124760628,0.26505541801452637,0.4221247136592865,-0.046107739210128784,0.21495668590068817,0.40288445353507996,-0.06385305523872375,0.1726333498954773,0.39103496074676514,-0.07672327756881714,0.34682193398475647,0.520326554775238,-0.035235632210969925,0.27205199003219604,0.49443501234054565,-0.05455835908651352,0.22632089257240295,0.47632133960723877,-0.06759603321552277,0.18665404617786407,0.4634147882461548,-0.07659808546304703,0.36165499687194824,0.5864181518554688,-0.0460696741938591,0.3027511537075043,0.5694338083267212,-0.06448332965373993,0.26658394932746887,0.5517270565032959,-0.07312077283859253,0.23332080245018005,0.5367898344993591,-0.07858792692422867,R
