0,1,2,3,4,5,6,7,8,9,10,11,12,13,14,15,16,17,18,19,20,21,22,23,24,25,26,27,28,29,30,31,32,33,34,35,36,37,38,39,40,41,42,43,44,45,46,47,48,49,50,51,52,53,54,55,56,57,58,59,60,61,62,label
0.6418053507804871,0.6343588829040527,-4.549601584358243e-08,0.62720787525177,0.5559076070785522,-0.0002334718155907467,0.5850325226783752,0.4929908215999603,-0.003707753261551261,0.5373998284339905,0.4686833322048187,-0.009037002921104431,0.4979075491428375,0.46717771887779236,-0.015577366575598717,0.5825896263122559,0.4570085406303406,-0.005228789988905191,0.5185583829879761,0.430463969707489,-0.02247213013470173,0.4707544445991516,0.4119472801685333,-0.037231992930173874,0.4311506152153015,0.40028536319732666,-0.04670136049389839,0.5713794827461243,0.47548583149909973,-0.012307786382734776,0.507872998714447,0.4593675136566162,-0.027040889486670494,0.4611056447029114,0.44725751876831055,-0.038623128086328506,0.42222195863723755,0.4348919987678528,-0.0467362217605114,0.5586180686950684,0.502777636051178,-0.01971416175365448,0.500907838344574,0.4901406764984131,-0.03161388635635376,0.4628545939922333,0.487041175365448,-0.035242270678281784,0.4336497187614441,0.48315683007240295,-0.03688647225499153,0.5455114841461182,0.5369850993156433,-0.027399210259318352,0.5027697086334229,0.5246379971504211,-0.03553258627653122,0.47576090693473816,0.5203619003295898,-0.035275984555482864,0.4534059464931488,0.5191807150840759,-0.03355010226368904,sparsh
0.6653531193733215,0.6669862866401672,3.231343725929037e-08,0.5966651439666748,0.6854423880577087,0.010217718780040741,0.5364713668823242,0.7383602261543274,0.009499347768723965,0.4989336431026459,0.7937100529670715,0.004924377426505089,0.47985368967056274,0.8425288796424866,-0.0021355682983994484,0.49641621112823486,0.735187292098999,-0.007930509746074677,0.44738849997520447,0.8258742094039917,-0.026861904188990593,0.4098603129386902,0.8817620873451233,-0.040830567479133606,0.37774765491485596,0.9254653453826904,-0.0506272055208683,0.5110228657722473,0.7466406226158142,-0.024985380470752716,0.4540546238422394,0.843012273311615,-0.042331840842962265,0.4106284976005554,0.8990228176116943,-0.054827991873025894,0.37130284309387207,0.9442892074584961,-0.06458838284015656,0.5370795130729675,0.767877459526062,-0.04127243533730507,0.4800060987472534,0.8560696244239807,-0.057076118886470795,0.4382847547531128,0.9088359475135803,-0.06714129447937012,0.4016847610473633,0.9485427141189575,-0.07427658885717392,0.5715007185935974,0.7954185605049133,-0.056375496089458466,0.5241479873657227,0.8584708571434021,-0.0706077516078949,0.49236002564430237,0.8992970585823059,-0.07700902968645096,0.4646303057670593,0.9343764781951904,-0.08130788058042526,sparsh
0.2337469905614853,0.7826324701309204,2.8279993102842127e-07,0.29853346943855286,0.79131019115448,0.009909193962812424,0.3647780418395996,0.8181623220443726,0.012097804807126522,0.4096871614456177,0.8426770567893982,0.00884931068867445,0.44585517048835754,0.8589125275611877,0.004145484883338213,0.37913748621940613,0.7955986261367798,0.0009407115285284817,0.45537450909614563,0.8145138025283813,-0.02048797905445099,0.5180326700210571,0.8246611952781677,-0.03749239444732666,0.571172833442688,0.8313703536987305,-0.04953370988368988,0.37986817955970764,0.8040478229522705,-0.018209150061011314,0.4622989594936371,0.8212311863899231,-0.040815409272909164,0.5290087461471558,0.8336549401283264,-0.059586051851511,0.5912061929702759,0.841320812702179,-0.07219386845827103,0.3740293085575104,0.8219896554946899,-0.037240106612443924,0.455837607383728,0.8399925827980042,-0.05832378938794136,0.5148703455924988,0.8526871800422668,-0.0723554790019989,0.5655794143676758,0.8590854406356812,-0.08038178086280823,0.36466875672340393,0.8495668768882751,-0.055797822773456573,0.42578667402267456,0.8573880791664124,-0.07258377969264984,0.4668678939342499,0.8629844784736633,-0.0795813798904419,0.5020426511764526,0.8667153716087341,-0.08364225924015045,sparsh
0.7047524452209473,0.4513278901576996,8.943578100328864e-10,0.631973147392273,0.4801349937915802,0.01326296478509903,0.5688801407814026,0.5300980806350708,0.013056091964244843,0.525865375995636,0.5806789994239807,0.007923578843474388,0.5024780631065369,0.6279658079147339,-0.00028470242978073657,0.527683675289154,0.5113987326622009,-0.005760736297816038,0.47504982352256775,0.5958633422851562,-0.02700136788189411,0.43497753143310547,0.6480481028556824,-0.04322612285614014,0.40017247200012207,0.690836489200592,-0.05537915974855423,0.5411195158958435,0.51380455493927,-0.026626255363225937,0.47672295570373535,0.6067428588867188,-0.04783455654978752,0.43033328652381897,0.6618412137031555,-0.06338772922754288,0.3895995318889618,0.7072343230247498,-0.07547170668840408,0.5686055421829224,0.5275533199310303,-0.046753574162721634,0.5028671026229858,0.6122725605964661,-0.06841918081045151,0.4583875834941864,0.6617729663848877,-0.08203008770942688,0.41912388801574707,0.6985551714897156,-0.0914526879787445,0.6056772470474243,0.550140917301178,-0.06508040428161621,0.5587358474731445,0.6072548627853394,-0.08620446175336838,0.5253539681434631,0.6455061435699463,-0.09600955992937088,0.49559730291366577,0.6779645681381226,-0.10270410031080246,sparsh
0.2625586688518524,0.6099877953529358,1.7537254848321027e-07,0.3279268145561218,0.6110498905181885,0.013560965657234192,0.397345632314682,0.623782753944397,0.017820395529270172,0.4445071518421173,0.628901481628418,0.01625879481434822,0.4831385016441345,0.6294001340866089,0.014029663056135178,0.419780433177948,0.6269006133079529,0.012134882621467113,0.49227648973464966,0.6343388557434082,-0.002982360776513815,0.5474157929420471,0.6319898366928101,-0.015520411543548107,0.5913957953453064,0.6286123394966125,-0.024439651519060135,0.41975274682044983,0.6313694715499878,-0.006239010486751795,0.4990973472595215,0.6375688314437866,-0.02199387177824974,0.5581628680229187,0.6374953985214233,-0.03623493015766144,0.6108206510543823,0.6349783539772034,-0.04588712006807327,0.4126189351081848,0.6448079347610474,-0.024679703637957573,0.49079078435897827,0.6538696885108948,-0.039026323705911636,0.5434454679489136,0.6577377319335938,-0.04887571930885315,0.5886503458023071,0.6553171873092651,-0.054966188967227936,0.3990817368030548,0.6673722863197327,-0.04246559366583824,0.4566325545310974,0.6730063557624817,-0.052064135670661926,0.495929092168808,0.6737505197525024,-0.05501992255449295,0.5302004814147949,0.6713710427284241,-0.056986235082149506,sparsh
0.7142047882080078,0.31941962242126465,-6.7262901914943996e-09,0.6455445289611816,0.3643242120742798,0.011778696440160275,0.5828004479408264,0.4132448434829712,0.008371487259864807,0.5386112928390503,0.45223045349121094,0.0010135234333574772,0.5103915929794312,0.4897407293319702,-0.009867937304079533,0.5319554805755615,0.3783333897590637,-0.017969906330108643,0.4828365743160248,0.4617689549922943,-0.04011216759681702,0.44610723853111267,0.5098598003387451,-0.05588064342737198,0.4122951924800873,0.5482365489006042,-0.06836695224046707,0.5491165518760681,0.37064236402511597,-0.03900899738073349,0.4883158504962921,0.466189444065094,-0.06268265098333359,0.44608598947525024,0.5185155868530273,-0.0783991739153862,0.40741100907325745,0.561124324798584,-0.09141197055578232,0.5820094347000122,0.37508147954940796,-0.058653075248003006,0.520285964012146,0.4625647962093353,-0.0836709588766098,0.47982317209243774,0.509773313999176,-0.09710223972797394,0.44295790791511536,0.5445382595062256,-0.10665013641119003,0.6241252422332764,0.38967570662498474,-0.07621882110834122,0.5771821737289429,0.4451603293418884,-0.10158206522464752,0.5427117943763733,0.4815315306186676,-0.11369957029819489,0.5089858174324036,0.510590136051178,-0.12226207554340363,sparsh
0.25047367811203003,0.5874835848808289,1.4712837526076328e-07,0.31681719422340393,0.595561683177948,0.013591361232101917,0.3830752670764923,0.6032918095588684,0.016955509781837463,0.42739036679267883,0.6009149551391602,0.013924246653914452,0.4650365114212036,0.5939711928367615,0.009575353935360909,0.4073418974876404,0.5917553901672363,0.00937777478247881,0.48056522011756897,0.5862045884132385,-0.009496108628809452,0.5374374389648438,0.5810973048210144,-0.025591788813471794,0.5842230916023254,0.5760402679443359,-0.036699533462524414,0.40723851323127747,0.5895930528640747,-0.010495638474822044,0.4887579083442688,0.5838304162025452,-0.02842424064874649,0.5488700866699219,0.5807565450668335,-0.04452422633767128,0.6034104824066162,0.5766031742095947,-0.05569935590028763,0.40169212222099304,0.5967471599578857,-0.030473437160253525,0.48156142234802246,0.594992458820343,-0.04532922804355621,0.5349076390266418,0.5939632654190063,-0.054876167327165604,0.5806440711021423,0.5912341475486755,-0.061008233577013016,0.39145639538764954,0.6134747266769409,-0.05016426369547844,0.44961750507354736,0.6105577945709229,-0.06000054255127907,0.48838478326797485,0.6082026362419128,-0.06254686415195465,0.5221793055534363,0.605657160282135,-0.06427225470542908,sparsh
0.7240701913833618,0.31392601132392883,-1.3876577220628405e-08,0.652847945690155,0.3407617211341858,0.01407307107001543,0.5861855149269104,0.3870617747306824,0.012953340075910091,0.5415814518928528,0.42811620235443115,0.0073683373630046844,0.5124786496162415,0.4644746780395508,-0.0015593679854646325,0.5451397895812988,0.3568551540374756,-0.010327380150556564,0.490866482257843,0.4367459714412689,-0.028950799256563187,0.45343828201293945,0.4841344952583313,-0.042911551892757416,0.4197988510131836,0.5219635367393494,-0.053875405341386795,0.5608969330787659,0.3548312187194824,-0.03131658956408501,0.4957321286201477,0.44502338767051697,-0.05007091537117958,0.4510149359703064,0.4949936866760254,-0.0633879080414772,0.4106449484825134,0.535114049911499,-0.0746435821056366,0.5911374092102051,0.3629704713821411,-0.050925176590681076,0.5253326296806335,0.4432709515094757,-0.06976785510778427,0.4819047749042511,0.4871229827404022,-0.07987207174301147,0.4418223202228546,0.519070029258728,-0.08771567046642303,0.6301681399345398,0.3793274462223053,-0.06867478787899017,0.5829496383666992,0.4308927059173584,-0.08785974234342575,0.5468896627426147,0.4638141393661499,-0.09601829200983047,0.5111778974533081,0.489402174949646,-0.10204894095659256,sparsh
0.2489628940820694,0.5818093419075012,1.5733151315089344e-07,0.30970144271850586,0.585358738899231,0.015757830813527107,0.3704394996166229,0.5980411171913147,0.019596494734287262,0.4120754599571228,0.6052119731903076,0.016058871522545815,0.44717976450920105,0.6048299670219421,0.011433065868914127,0.3959043025970459,0.5899973511695862,0.01855037361383438,0.46438902616500854,0.5932661890983582,0.0032483546528965235,0.5181394219398499,0.5899388194084167,-0.011351008899509907,0.5621863603591919,0.5849866271018982,-0.021669704467058182,0.3974094092845917,0.587881326675415,-0.0018643159419298172,0.4728063642978668,0.5916885137557983,-0.015537579543888569,0.5292213559150696,0.5886210799217224,-0.030342696234583855,0.5789068937301636,0.58326655626297,-0.040854524821043015,0.3935580849647522,0.5959824919700623,-0.022642334923148155,0.46955087780952454,0.6019894480705261,-0.032876983284950256,0.5212005972862244,0.5997214317321777,-0.04083539918065071,0.5651454925537109,0.595440149307251,-0.04667957127094269,0.3858727514743805,0.6139571666717529,-0.04340695962309837,0.4408133029937744,0.6176303029060364,-0.04911426454782486,0.47887367010116577,0.6168633699417114,-0.049960434436798096,0.5126357078552246,0.6154558658599854,-0.05091467872262001,sparsh
0.7176039218902588,0.31253859400749207,-5.7045795642807207e-08,0.6508967280387878,0.34195035696029663,0.014038296416401863,0.5828956961631775,0.3870406746864319,0.013465026393532753,0.537333607673645,0.4244495928287506,0.00864590797573328,0.5079231262207031,0.46100956201553345,0.0004482311487663537,0.5376092791557312,0.3555908501148224,-0.010230204090476036,0.48678523302078247,0.4359248876571655,-0.028333250433206558,0.4509977102279663,0.4848604202270508,-0.04198911413550377,0.41902172565460205,0.5223453044891357,-0.052907031029462814,0.5559046864509583,0.3509189188480377,-0.031099122017621994,0.4937282204627991,0.4428100883960724,-0.049930866807699203,0.45053547620773315,0.4933042526245117,-0.06331607699394226,0.41150572896003723,0.5332112908363342,-0.07453624904155731,0.5868112444877625,0.3572899401187897,-0.05066946521401405,0.5230948328971863,0.44181445240974426,-0.07090438157320023,0.47880759835243225,0.4882107377052307,-0.08201057463884354,0.4385119676589966,0.5211856365203857,-0.09003709256649017,0.625329852104187,0.3722091615200043,-0.06817413866519928,0.5761817693710327,0.4290846586227417,-0.08910574018955231,0.5391963720321655,0.4643208980560303,-0.09819241613149643,0.5035426616668701,0.4908837676048279,-0.10450173169374466,sparsh
0.25557780265808105,0.5924055576324463,1.458409855104037e-07,0.31877750158309937,0.6048703789710999,0.01215673889964819,0.3871443569660187,0.6195520162582397,0.017032796517014503,0.43357110023498535,0.6287196278572083,0.015896905213594437,0.4717967212200165,0.6317011117935181,0.014111741445958614,0.40919968485832214,0.6060057282447815,0.012328560464084148,0.48037999868392944,0.6087281107902527,-0.004121330566704273,0.5342236161231995,0.6078205108642578,-0.01859230361878872,0.5785925388336182,0.6055474877357483,-0.028740957379341125,0.4099818766117096,0.6063489317893982,-0.006234349682927132,0.489443838596344,0.6084725856781006,-0.021993020549416542,0.5484955310821533,0.6078541874885559,-0.03815072402358055,0.6009405851364136,0.6045486330986023,-0.049318403005599976,0.40412789583206177,0.6166929006576538,-0.02503175288438797,0.48172926902770996,0.6226816773414612,-0.03861292824149132,0.5328724384307861,0.6252700090408325,-0.049826476722955704,0.5772990584373474,0.6245786547660828,-0.05739394575357437,0.3929279148578644,0.6380442976951599,-0.043650224804878235,0.4467427432537079,0.642609179019928,-0.053219784051179886,0.483632892370224,0.6442451477050781,-0.057202599942684174,0.5162698030471802,0.6445775628089905,-0.06012937054038048,sparsh
0.6988747119903564,0.3223924934864044,9.317392191121598e-09,0.6296070218086243,0.3522337079048157,0.012994104065001011,0.5635960102081299,0.40091684460639954,0.013917483389377594,0.5172402858734131,0.4415172040462494,0.01096034049987793,0.4892573356628418,0.4798106551170349,0.0050081051886081696,0.5200806856155396,0.38120272755622864,-0.005297583993524313,0.47222208976745605,0.46141618490219116,-0.021919099614024162,0.4381394386291504,0.5095263719558716,-0.03473716974258423,0.4072471261024475,0.546018660068512,-0.044705409556627274,0.5355530977249146,0.37718862295150757,-0.023773567751049995,0.4775359034538269,0.470412015914917,-0.041145049035549164,0.43538743257522583,0.5211950540542603,-0.05345514789223671,0.39706844091415405,0.5607360601425171,-0.06351188570261002,0.564434289932251,0.38342612981796265,-0.041387829929590225,0.5033843517303467,0.4679996967315674,-0.05993596464395523,0.4615173935890198,0.5130330324172974,-0.07038789242506027,0.423187792301178,0.5440579652786255,-0.07774893194437027,0.6017974019050598,0.397992879152298,-0.057214297354221344,0.5572745203971863,0.45279598236083984,-0.0763508677482605,0.5237957835197449,0.4869734048843384,-0.08516915142536163,0.4911412000656128,0.5124111771583557,-0.0912020355463028,sparsh
0.2562268376350403,0.581217348575592,1.5010458298547746e-07,0.32006463408470154,0.5899682641029358,0.014942754060029984,0.3887445032596588,0.6095791459083557,0.019344018772244453,0.43443983793258667,0.6275194883346558,0.01742558740079403,0.47316834330558777,0.6352443695068359,0.015011969022452831,0.4185791611671448,0.5990502238273621,0.011164071969687939,0.4901485741138458,0.6039241552352905,-0.004746939521282911,0.5402934551239014,0.6037924885749817,-0.017620334401726723,0.5819619297981262,0.603003740310669,-0.02643575519323349,0.4176522493362427,0.6013567447662354,-0.009285266511142254,0.4991874396800995,0.606630802154541,-0.024770576506853104,0.5570796132087708,0.6094616055488586,-0.03838464990258217,0.607818603515625,0.6106564402580261,-0.04745788499712944,0.4077262282371521,0.616254448890686,-0.029765572398900986,0.4854513108730316,0.6282148957252502,-0.0433993898332119,0.5349835753440857,0.6369937062263489,-0.05231422558426857,0.5782200694084167,0.6423364877700806,-0.05806594714522362,0.3910318911075592,0.6436894536018372,-0.04977951943874359,0.44491446018218994,0.6525716781616211,-0.058961063623428345,0.4806445837020874,0.6568570733070374,-0.061122097074985504,0.5125961303710938,0.660455048084259,-0.06262724101543427,sparsh
0.6931993961334229,0.3056187033653259,-4.958804566967956e-08,0.6237173080444336,0.3384089469909668,0.015256206505000591,0.5590105056762695,0.3871294856071472,0.015226815827190876,0.5164783000946045,0.42964035272598267,0.010727131739258766,0.49055981636047363,0.4704453945159912,0.002729596570134163,0.5144978761672974,0.36483511328697205,-0.008065312169492245,0.46939194202423096,0.4512769281864166,-0.026169851422309875,0.4378340244293213,0.5024458765983582,-0.03982912003993988,0.4084550738334656,0.5423253178596497,-0.05026647448539734,0.5321254134178162,0.3596288561820984,-0.028693564236164093,0.47470948100090027,0.4581005871295929,-0.04732862114906311,0.434765100479126,0.5131962299346924,-0.060289353132247925,0.3989485502243042,0.5571078658103943,-0.07104320824146271,0.5627837181091309,0.36467915773391724,-0.048005249351263046,0.5045275092124939,0.45137470960617065,-0.06730206310749054,0.4648992121219635,0.49969732761383057,-0.07753067463636398,0.42868611216545105,0.5341296792030334,-0.084784135222435,0.6014857292175293,0.3787976801395416,-0.06525180488824844,0.5548211336135864,0.43540969491004944,-0.08379358053207397,0.5207956433296204,0.4701611399650574,-0.09145988523960114,0.48791536688804626,0.4964354634284973,-0.09693046659231186,sparsh
0.2518139183521271,0.5803900957107544,9.582450388734287e-08,0.3158619999885559,0.5929893851280212,0.02065201662480831,0.3806057572364807,0.608232319355011,0.027705442160367966,0.4234970510005951,0.6157137751579285,0.02740544080734253,0.46081581711769104,0.6155282855033875,0.026231864467263222,0.41337651014328003,0.6001205444335938,0.01787143386900425,0.48447251319885254,0.5975119471549988,0.0031021146569401026,0.5358922481536865,0.5923839211463928,-0.01027966383844614,0.5783349275588989,0.5872291326522827,-0.019739368930459023,0.4133025109767914,0.5992701053619385,-0.004496381618082523,0.49560582637786865,0.5962979197502136,-0.018576372414827347,0.5541286468505859,0.5948607921600342,-0.032539207488298416,0.6054935455322266,0.5917249321937561,-0.04236311838030815,0.40484705567359924,0.6092467308044434,-0.026544664055109024,0.48349729180336,0.6154655814170837,-0.03872009366750717,0.5339849591255188,0.6202055215835571,-0.04785598814487457,0.5774736404418945,0.6219929456710815,-0.05419987812638283,0.3902672231197357,0.6314425468444824,-0.04761838540434837,0.44423040747642517,0.6370018124580383,-0.05549339950084686,0.47993260622024536,0.6390997171401978,-0.05713498219847679,0.5120712518692017,0.6404997110366821,-0.058521803468465805,sparsh
0.6977593302726746,0.2904687225818634,-7.32948350901097e-08,0.6308420300483704,0.3202231526374817,0.02484438382089138,0.5712898373603821,0.37050923705101013,0.02901679277420044,0.5307402610778809,0.41381412744522095,0.02650684118270874,0.5082331299781799,0.45679739117622375,0.01988939940929413,0.5253227353096008,0.3673376739025116,0.0022319131530821323,0.4783931374549866,0.45116308331489563,-0.013293739408254623,0.4459708333015442,0.4962683618068695,-0.024864355102181435,0.4150198698043823,0.5307547450065613,-0.034505654126405716,0.5376520752906799,0.36317524313926697,-0.023276682943105698,0.47726011276245117,0.460870623588562,-0.040197569876909256,0.435686856508255,0.5125788450241089,-0.051586348563432693,0.398659884929657,0.5531405210494995,-0.06142303720116615,0.5655940771102905,0.36721956729888916,-0.047175683081150055,0.5003843307495117,0.4552108347415924,-0.06542984396219254,0.45914945006370544,0.5033077001571655,-0.076128751039505,0.4206063151359558,0.53790283203125,-0.0846521407365799,0.6025369167327881,0.379088431596756,-0.06818480789661407,0.5564111471176147,0.43337351083755493,-0.08951235562562943,0.5213173627853394,0.46605414152145386,-0.10030496120452881,0.48652851581573486,0.4906981587409973,-0.10833638906478882,sparsh
0.258858859539032,0.5876283645629883,2.4465784065341722e-08,0.3246092200279236,0.6026928424835205,0.02111661247909069,0.38714924454689026,0.6207829117774963,0.028205471113324165,0.43033528327941895,0.6278694272041321,0.027992883697152138,0.46719250082969666,0.6287201046943665,0.026283379644155502,0.41154488921165466,0.6284809708595276,0.01653362810611725,0.48516032099723816,0.6242315769195557,0.0026602824218571186,0.5401849150657654,0.6107475757598877,-0.0091506103053689,0.5844621658325195,0.5963842868804932,-0.017489176243543625,0.4122063219547272,0.6282889246940613,-0.00553136458620429,0.49348559975624084,0.621019721031189,-0.020234908908605576,0.5528019666671753,0.6079316735267639,-0.0342344269156456,0.6038010716438293,0.5910161733627319,-0.04389270395040512,0.4054536819458008,0.6332206130027771,-0.026827221736311913,0.48468607664108276,0.6279286742210388,-0.03892503306269646,0.5375257134437561,0.6181432008743286,-0.04921210929751396,0.5810003876686096,0.6050764918327332,-0.05667901784181595,0.3937041461467743,0.6444811224937439,-0.0469018891453743,0.44704484939575195,0.6442413926124573,-0.05515294894576073,0.4851685166358948,0.6425795555114746,-0.05878099054098129,0.5175597667694092,0.6393561363220215,-0.061838243156671524,sparsh
0.6954158544540405,0.29337018728256226,-5.137527292475852e-09,0.6291157007217407,0.32963159680366516,0.018815500661730766,0.5723052024841309,0.3857570290565491,0.022295886650681496,0.5310536026954651,0.4335138499736786,0.020442459732294083,0.5064791440963745,0.4772145748138428,0.015549841336905956,0.535513699054718,0.3816605508327484,0.0007882906938903034,0.48542967438697815,0.46387171745300293,-0.014719796366989613,0.4522067606449127,0.5145577192306519,-0.02561016008257866,0.4230532646179199,0.5546457171440125,-0.03424380347132683,0.5453112125396729,0.37852975726127625,-0.020158251747488976,0.4851842522621155,0.47396814823150635,-0.03685063123703003,0.44733697175979614,0.5286900997161865,-0.04835624247789383,0.41359853744506836,0.5727604031562805,-0.05775044858455658,0.5694522857666016,0.3834531903266907,-0.03997090458869934,0.5070244073867798,0.47130686044692993,-0.05616733059287071,0.4706711173057556,0.5217409729957581,-0.06648460030555725,0.4371336102485657,0.5599212646484375,-0.07472486048936844,0.6029694676399231,0.3951784372329712,-0.05764704570174217,0.5600382089614868,0.4470668435096741,-0.07529901713132858,0.5285928249359131,0.4821232259273529,-0.08532777428627014,0.497954398393631,0.5104199647903442,-0.09307864308357239,sparsh
0.25881054997444153,0.589117169380188,1.6166692873298416e-08,0.3158738613128662,0.5869659781455994,0.011658962815999985,0.37346896529197693,0.6013055443763733,0.01539596077054739,0.411624014377594,0.5987477898597717,0.013470376841723919,0.44268834590911865,0.5854249000549316,0.010251994244754314,0.40512141585350037,0.6274605393409729,0.010046062059700489,0.4784487783908844,0.6310006976127625,-0.007623529527336359,0.5343020558357239,0.6248618364334106,-0.022576959803700447,0.5786432027816772,0.6138659119606018,-0.03262724354863167,0.40674901008605957,0.6327939033508301,-0.0076745315454900265,0.48882201313972473,0.63543701171875,-0.025777338072657585,0.5495697259902954,0.6259280443191528,-0.04179740324616432,0.6033328771591187,0.6103180050849915,-0.052082695066928864,0.4022674560546875,0.6430590748786926,-0.025591284036636353,0.4833284020423889,0.6449448466300964,-0.04109853133559227,0.5374720692634583,0.6376837491989136,-0.0523618645966053,0.5838438272476196,0.6262973546981812,-0.05901065841317177,0.39316096901893616,0.6573811769485474,-0.04312962666153908,0.4484092593193054,0.66193026304245,-0.05333123728632927,0.48718351125717163,0.6618431806564331,-0.057329095900058746,0.5221419334411621,0.6606376767158508,-0.05967786908149719,sparsh
0.6860067844390869,0.29840394854545593,-1.94906899508851e-08,0.6231054663658142,0.3360211253166199,0.01987910270690918,0.5683951377868652,0.3943452835083008,0.02257787436246872,0.5303382277488708,0.44338423013687134,0.02005189098417759,0.5089356899261475,0.48803597688674927,0.013952885754406452,0.5313460230827332,0.3876769244670868,-0.004401807207614183,0.48300307989120483,0.47146937251091003,-0.02138013020157814,0.4519083499908447,0.5247427821159363,-0.03229014575481415,0.4253324866294861,0.5668298006057739,-0.04063485190272331,0.5414870381355286,0.383696049451828,-0.026787521317601204,0.482384592294693,0.4810568690299988,-0.04499618336558342,0.4460930824279785,0.5388096570968628,-0.05658835917711258,0.41472333669662476,0.5862874984741211,-0.06570301949977875,0.566907525062561,0.38751327991485596,-0.04761885851621628,0.5048434138298035,0.47680115699768066,-0.0659516230225563,0.4682396650314331,0.531629204750061,-0.07749778777360916,0.4353444576263428,0.5741929411888123,-0.08620785921812057,0.6019276976585388,0.3982098698616028,-0.06575728207826614,0.5588101744651794,0.45421352982521057,-0.08613545447587967,0.5277382731437683,0.4933566153049469,-0.09717109799385071,0.4981038570404053,0.5257999897003174,-0.10518879443407059,sparsh
0.26592519879341125,0.5862190127372742,-5.113667000955502e-08,0.32229113578796387,0.5941906571388245,0.01942610740661621,0.38195210695266724,0.6116615533828735,0.026967303827404976,0.4210299551486969,0.6171004176139832,0.027806870639324188,0.4543016850948334,0.614610493183136,0.027898795902729034,0.40977954864501953,0.6279219388961792,0.015302113257348537,0.48350417613983154,0.6298136711120605,0.00043216743506491184,0.5377832651138306,0.6218687295913696,-0.011813714168965816,0.5795959234237671,0.6099618077278137,-0.01964910328388214,0.41093510389328003,0.6304744482040405,-0.004722679499536753,0.49336451292037964,0.6314973831176758,-0.020158108323812485,0.5523401498794556,0.6225314736366272,-0.03314312919974327,0.6027181148529053,0.6077948212623596,-0.04117613285779953,0.4060596227645874,0.640286922454834,-0.024298032745718956,0.4875616133213043,0.6434130668640137,-0.03695540130138397,0.5406519174575806,0.6367119550704956,-0.04641762375831604,0.5844820737838745,0.6262189745903015,-0.052064087241888046,0.396223247051239,0.6579732894897461,-0.04274626821279526,0.451435923576355,0.6644086241722107,-0.050157662481069565,0.4903314709663391,0.6642439365386963,-0.05288062244653702,0.523820698261261,0.6622135043144226,-0.054555345326662064,sparsh
0.676132082939148,0.29704147577285767,-1.0104728431770127e-07,0.6109383702278137,0.3338543176651001,0.03023054450750351,0.5581461787223816,0.39518114924430847,0.03682767227292061,0.5218239426612854,0.44678398966789246,0.03558538109064102,0.5005475878715515,0.49284303188323975,0.03005707450211048,0.5196405053138733,0.39328473806381226,0.005812171846628189,0.4755232036113739,0.47990280389785767,-0.008329378440976143,0.4479494094848633,0.530769944190979,-0.018055777996778488,0.4218304753303528,0.5715643167495728,-0.026879075914621353,0.5289783477783203,0.3869800865650177,-0.02264401502907276,0.47553521394729614,0.4918990135192871,-0.038907334208488464,0.44242820143699646,0.5510457158088684,-0.050105806440114975,0.4122171998023987,0.599909782409668,-0.06041470915079117,0.554431676864624,0.3882993459701538,-0.0491974838078022,0.4953509569168091,0.4860633611679077,-0.06584403663873672,0.4617602229118347,0.5411980152130127,-0.07648435980081558,0.4284072518348694,0.5847411155700684,-0.08648949861526489,0.5894588828086853,0.397410124540329,-0.07247056066989899,0.5505338311195374,0.4543916583061218,-0.09369774162769318,0.520658016204834,0.4920041859149933,-0.1061999723315239,0.4899163544178009,0.5236250758171082,-0.11661145836114883,sparsh
0.2646445035934448,0.5816953182220459,-8.131891604534758e-08,0.3261396884918213,0.5866432189941406,0.017148949205875397,0.3831585645675659,0.6094421744346619,0.023145291954278946,0.41996675729751587,0.6192963123321533,0.02294831909239292,0.45069947838783264,0.6200916767120361,0.02140430547297001,0.40350034832954407,0.6413801908493042,0.010725067928433418,0.4753260016441345,0.640971839427948,-0.004016014281660318,0.5275108814239502,0.6300328373908997,-0.015664344653487206,0.5680466890335083,0.6163101196289062,-0.023297801613807678,0.40318381786346436,0.6470916271209717,-0.008010060526430607,0.4826511740684509,0.6435549855232239,-0.02451292984187603,0.5404754877090454,0.6286426186561584,-0.03785306215286255,0.5895640850067139,0.6108143329620361,-0.046356797218322754,0.39704495668411255,0.6544051766395569,-0.026266301050782204,0.4753943681716919,0.6530853509902954,-0.040652766823768616,0.5275294780731201,0.6411803960800171,-0.050517015159130096,0.5701514482498169,0.6277119517326355,-0.0564386285841465,0.38621318340301514,0.6634987592697144,-0.043383777141571045,0.44082382321357727,0.6699297428131104,-0.05302207171916962,0.4788804054260254,0.667320728302002,-0.05676659569144249,0.5113600492477417,0.6619911789894104,-0.059147726744413376,sparsh
0.6719276905059814,0.2990773916244507,-6.036762556504982e-08,0.6110529899597168,0.33973395824432373,0.020585477352142334,0.555614173412323,0.3991614878177643,0.024745669215917587,0.5160308480262756,0.44836026430130005,0.023137059062719345,0.4926595389842987,0.491603821516037,0.018256260082125664,0.5164895057678223,0.39273518323898315,0.0023607476614415646,0.4738267958164215,0.4781035780906677,-0.012713903561234474,0.4457396864891052,0.5317187905311584,-0.023552319034934044,0.4204671382904053,0.5734409689903259,-0.032303765416145325,0.526322066783905,0.3880317807197571,-0.02037188969552517,0.47368478775024414,0.4873753786087036,-0.03636663779616356,0.43952974677085876,0.5478914976119995,-0.04796471819281578,0.40902841091156006,0.5973846316337585,-0.057600073516368866,0.5510749816894531,0.3906710147857666,-0.04201367124915123,0.4939494729042053,0.48186641931533813,-0.05875026807188988,0.45966190099716187,0.537634551525116,-0.06941824406385422,0.4263894259929657,0.5813449025154114,-0.07809912413358688,0.5857391953468323,0.3999651074409485,-0.061254385858774185,0.5461004376411438,0.4546765089035034,-0.08001621067523956,0.5161800384521484,0.4918549358844757,-0.08992797136306763,0.48579996824264526,0.5227617025375366,-0.09764892607927322,sparsh
0.257198303937912,0.5656629800796509,-1.7790350170798774e-07,0.30765125155448914,0.5815402269363403,0.014907863922417164,0.3590852916240692,0.6082310676574707,0.020460311323404312,0.3959667682647705,0.6208525896072388,0.02011764980852604,0.4272243082523346,0.621705949306488,0.017765367403626442,0.3986585736274719,0.6468307971954346,0.00898524560034275,0.4734736680984497,0.6436969041824341,-0.00718236668035388,0.5298441648483276,0.630856454372406,-0.02070402354001999,0.5742591023445129,0.6131125092506409,-0.03009982593357563,0.39850619435310364,0.6534584760665894,-0.010297867469489574,0.4822559654712677,0.6459601521492004,-0.027276314795017242,0.5424985885620117,0.6271414756774902,-0.04216272383928299,0.5903950333595276,0.6017781496047974,-0.05206349864602089,0.39020323753356934,0.6533753871917725,-0.02947576530277729,0.47147491574287415,0.6473364233970642,-0.045067332684993744,0.5258564949035645,0.6316304802894592,-0.05873018130660057,0.5683301687240601,0.6121467351913452,-0.06815701723098755,0.3762980103492737,0.6471983194351196,-0.04771754518151283,0.42484259605407715,0.6496591567993164,-0.06307506561279297,0.46230652928352356,0.6449314951896667,-0.07250083237886429,0.4932454228401184,0.6366419792175293,-0.07878494262695312,sparsh
0.6734697818756104,0.29503577947616577,-7.719577865827887e-08,0.6174802780151367,0.34169039130210876,0.024843407794833183,0.5651289820671082,0.40489351749420166,0.030838580802083015,0.5312315821647644,0.4554740786552429,0.02960505336523056,0.5121911764144897,0.49946853518486023,0.025345578789711,0.5149295330047607,0.38883551955223083,0.012628628872334957,0.4731147289276123,0.4718027412891388,-8.085672016022727e-05,0.4444785714149475,0.5221025347709656,-0.01052035391330719,0.41817429661750793,0.5612717866897583,-0.019872324541211128,0.5236710906028748,0.38311317563056946,-0.012981567531824112,0.4730394780635834,0.4799721837043762,-0.027041712775826454,0.43851637840270996,0.5355485677719116,-0.03860866278409958,0.40691104531288147,0.5811012983322144,-0.04869953542947769,0.5478807687759399,0.3853718936443329,-0.03783591091632843,0.49231165647506714,0.4756052494049072,-0.052775025367736816,0.4585179388523102,0.5263477563858032,-0.061558399349451065,0.4247221350669861,0.5657663941383362,-0.06933657824993134,0.5816236138343811,0.3947239816188812,-0.06042059138417244,0.5433349013328552,0.45039722323417664,-0.07878769934177399,0.5131975412368774,0.48540791869163513,-0.08810776472091675,0.48155736923217773,0.513510525226593,-0.09547508507966995,sparsh
0.25614577531814575,0.5582623481750488,3.727562258859507e-09,0.30809545516967773,0.5588067770004272,0.0021804224234074354,0.35379108786582947,0.5772333741188049,-9.281901293434203e-05,0.3852173686027527,0.5843111276626587,-0.006460963748395443,0.41316545009613037,0.5847781300544739,-0.013217339292168617,0.4042070508003235,0.6157419681549072,0.0027497909031808376,0.47815391421318054,0.6084163784980774,-0.01647457852959633,0.5347023606300354,0.5952396392822266,-0.03263110667467117,0.579138994216919,0.5808927416801453,-0.043640367686748505,0.4062140882015228,0.6190886497497559,-0.010259121656417847,0.48622721433639526,0.6085221171379089,-0.031227337196469307,0.5456727147102356,0.593498170375824,-0.0486455112695694,0.597943127155304,0.577302873134613,-0.059989992529153824,0.40153107047080994,0.6225638389587402,-0.024398399516940117,0.4776737689971924,0.6168398261070251,-0.042505521327257156,0.5302026271820068,0.6045094132423401,-0.05438350886106491,0.5744268894195557,0.5904218554496765,-0.061293307691812515,0.39143893122673035,0.6273075342178345,-0.03900660201907158,0.443189412355423,0.6294568181037903,-0.052540551871061325,0.4834061563014984,0.6234493851661682,-0.05876196175813675,0.5195728540420532,0.6153358817100525,-0.06220555305480957,sparsh
0.6869583129882812,0.2607225179672241,-5.009704295844131e-08,0.6238816380500793,0.299177885055542,0.015278695151209831,0.5659191012382507,0.3548506796360016,0.017617562785744667,0.5252785086631775,0.4030109941959381,0.0149009944871068,0.5018383860588074,0.447739839553833,0.009056148119270802,0.520653247833252,0.3310653269290924,-5.2856070396956056e-05,0.4830692410469055,0.4168124198913574,-0.016549045220017433,0.4525519609451294,0.4682251513004303,-0.02975771203637123,0.42365920543670654,0.5096945762634277,-0.04073706269264221,0.5317214131355286,0.32528090476989746,-0.020501110702753067,0.4807271957397461,0.4239673912525177,-0.039187245070934296,0.4435301721096039,0.4787921607494354,-0.05310960114002228,0.4087645411491394,0.5243399143218994,-0.0646117776632309,0.5574077367782593,0.3309350609779358,-0.04029052332043648,0.5025726556777954,0.4202762544155121,-0.061036285012960434,0.4639080762863159,0.47010093927383423,-0.07343175262212753,0.42769888043403625,0.5075618624687195,-0.08220828324556351,0.5926774144172668,0.34751230478286743,-0.05811262130737305,0.5494675636291504,0.40167248249053955,-0.07928117364645004,0.5166701078414917,0.43622952699661255,-0.09021183848381042,0.48425906896591187,0.46307623386383057,-0.0982452929019928,sparsh
0.2505020499229431,0.5637732744216919,2.4775150109235256e-07,0.3105167746543884,0.5770707726478577,0.013160837814211845,0.37187835574150085,0.576779842376709,0.017157133668661118,0.41171473264694214,0.569606363773346,0.014648130163550377,0.4436753988265991,0.559632420539856,0.010704521089792252,0.4058866500854492,0.5598629117012024,0.014117775484919548,0.47339990735054016,0.5703257322311401,-0.003243740415200591,0.526270866394043,0.5750356316566467,-0.019607754424214363,0.567570686340332,0.5787106156349182,-0.030885005369782448,0.4052363932132721,0.5588162541389465,-0.005301875527948141,0.4855998754501343,0.5690875053405762,-0.021328791975975037,0.5452896952629089,0.5738134384155273,-0.03712304309010506,0.5975611805915833,0.576418936252594,-0.04797811061143875,0.3985438048839569,0.5693089962005615,-0.02545177936553955,0.4784281253814697,0.5828995704650879,-0.03870851546525955,0.5313519835472107,0.5869569778442383,-0.04917047917842865,0.5756416320800781,0.5885596871376038,-0.05626257136464119,0.3870267868041992,0.5913819074630737,-0.04551300033926964,0.44143277406692505,0.6022318005561829,-0.05504652485251427,0.48024290800094604,0.6059262156486511,-0.05908597260713577,0.5146080255508423,0.6093524694442749,-0.061997950077056885,sparsh
0.6877759099006653,0.2639011740684509,-2.2484812234324636e-08,0.6258019208908081,0.3118356466293335,0.011898315511643887,0.5661147832870483,0.3626783788204193,0.012098338454961777,0.5244767665863037,0.40441712737083435,0.007926416583359241,0.4961217939853668,0.4413768947124481,0.0016323862364515662,0.5166837573051453,0.31302452087402344,-0.00025631338940002024,0.47276395559310913,0.394758015871048,-0.01706739328801632,0.4402153491973877,0.4452372193336487,-0.03147796541452408,0.40887653827667236,0.4867076277732849,-0.04362684115767479,0.5261596441268921,0.3101080656051636,-0.019294215366244316,0.4690253734588623,0.4041460454463959,-0.03749138116836548,0.42999669909477234,0.4555625915527344,-0.052351005375385284,0.3935467004776001,0.4988207519054413,-0.06468784809112549,0.5490713119506836,0.31827235221862793,-0.038096752017736435,0.48768293857574463,0.4009607136249542,-0.05807759240269661,0.44819390773773193,0.44508785009384155,-0.07071425765752792,0.4113195538520813,0.47940412163734436,-0.07996091991662979,0.5817302465438843,0.33707863092422485,-0.05547125265002251,0.5392433404922485,0.38277167081832886,-0.07666151225566864,0.505221962928772,0.4134589731693268,-0.08848707377910614,0.47089487314224243,0.4374519884586334,-0.09722393751144409,sparsh
0.251114159822464,0.5402920842170715,3.2446308750877506e-07,0.311270534992218,0.5532168745994568,0.013646171428263187,0.37938350439071655,0.5673421621322632,0.016963090747594833,0.42330417037010193,0.579240620136261,0.014024087227880955,0.45953094959259033,0.583537220954895,0.010565723292529583,0.4083961844444275,0.5420814156532288,0.00900506041944027,0.48231256008148193,0.5561988949775696,-0.008081428706645966,0.5360400080680847,0.5667818784713745,-0.02152685448527336,0.5778689384460449,0.5750055313110352,-0.03027191385626793,0.4091028869152069,0.5446814298629761,-0.01060087326914072,0.492389440536499,0.5700240135192871,-0.025779180228710175,0.5510436296463013,0.5922519564628601,-0.038723476231098175,0.5987333655357361,0.6102988719940186,-0.04737541452050209,0.4032192826271057,0.558443546295166,-0.030641991645097733,0.48419007658958435,0.5844951272010803,-0.04211276397109032,0.5369725227355957,0.6029183268547058,-0.05129101499915123,0.5797789096832275,0.6170117259025574,-0.057852789759635925,0.3924919068813324,0.5828927755355835,-0.050553929060697556,0.4485764503479004,0.6025018692016602,-0.057227972894907,0.486220121383667,0.6153126955032349,-0.0598747543990612,0.51732337474823,0.6257332563400269,-0.062222883105278015,sparsh
0.6829871535301208,0.2549419105052948,-1.8509290100610087e-07,0.6195557117462158,0.32692787051200867,0.01088535226881504,0.5595992207527161,0.36337363719940186,0.011328264139592648,0.5171818137168884,0.39173370599746704,0.007488387171179056,0.489438533782959,0.41724807024002075,0.0017562918365001678,0.5081023573875427,0.29006972908973694,0.004348031710833311,0.4701802432537079,0.3760554790496826,-0.009639179334044456,0.4409390985965729,0.4305741488933563,-0.02445007674396038,0.41211938858032227,0.47680631279945374,-0.037253495305776596,0.517407238483429,0.283060222864151,-0.01298130489885807,0.46924927830696106,0.3823544383049011,-0.02777116745710373,0.4362039268016815,0.4399932026863098,-0.042821649461984634,0.40328288078308105,0.49071794748306274,-0.05597939342260361,0.5396547317504883,0.28768831491470337,-0.030200639739632607,0.4874076247215271,0.3753727674484253,-0.04748370125889778,0.4548439383506775,0.42306697368621826,-0.05844618380069733,0.42233312129974365,0.46249133348464966,-0.06666463613510132,0.5713236927986145,0.30375805497169495,-0.046424444764852524,0.5302616357803345,0.3529857397079468,-0.06402239203453064,0.49974629282951355,0.38270169496536255,-0.07250935584306717,0.46829846501350403,0.40632277727127075,-0.07885447889566422,sparsh
0.25277161598205566,0.5245358347892761,2.76893416639723e-07,0.3146812617778778,0.5592309832572937,0.015516416169703007,0.38181909918785095,0.5756959915161133,0.018073003739118576,0.42806175351142883,0.5885542631149292,0.014235692098736763,0.4672147035598755,0.5935724377632141,0.00967342033982277,0.4163772463798523,0.5464164614677429,0.005220634862780571,0.4910668730735779,0.5614171028137207,-0.013039535842835903,0.5424774289131165,0.5734714865684509,-0.02679828181862831,0.5832099914550781,0.5838893055915833,-0.03593802452087402,0.4125729501247406,0.5442127585411072,-0.01550096832215786,0.49750563502311707,0.5722920298576355,-0.03234511986374855,0.5546901226043701,0.5968250036239624,-0.045041173696517944,0.6016232967376709,0.6190894842147827,-0.0535847507417202,0.40075361728668213,0.5543627142906189,-0.03623877093195915,0.48237067461013794,0.5884777903556824,-0.04983155429363251,0.532384991645813,0.6110914945602417,-0.05832335725426674,0.5734612345695496,0.6296901702880859,-0.06433796882629395,0.3828122615814209,0.5763134360313416,-0.05642759054899216,0.43687209486961365,0.6005253791809082,-0.06624007970094681,0.47497814893722534,0.6136828064918518,-0.06998526304960251,0.5081291198730469,0.6254220604896545,-0.07281383126974106,sparsh
0.6659032106399536,0.25444746017456055,-1.518727827942712e-07,0.6033794283866882,0.32321202754974365,0.013327755965292454,0.5435311198234558,0.37488651275634766,0.012486076913774014,0.5035138130187988,0.41353797912597656,0.007124525960534811,0.475979745388031,0.44803690910339355,-0.000660624704323709,0.4996035397052765,0.30380818247795105,-0.003212450537830591,0.45914509892463684,0.3917168378829956,-0.021324489265680313,0.4301711916923523,0.44947686791419983,-0.03708754852414131,0.40368252992630005,0.4981762766838074,-0.04995008930563927,0.512471079826355,0.29695484042167664,-0.023728230968117714,0.4615538716316223,0.3994907736778259,-0.04235588386654854,0.43010613322257996,0.46032968163490295,-0.056828178465366364,0.40032440423965454,0.5109429359436035,-0.06904037296772003,0.5379382967948914,0.3009357750415802,-0.043661005795001984,0.48534202575683594,0.39460325241088867,-0.06365960091352463,0.45294150710105896,0.44873321056365967,-0.07330778986215591,0.42092210054397583,0.49213117361068726,-0.08050162345170975,0.5729292631149292,0.31528207659721375,-0.06214822456240654,0.5332993268966675,0.3689320385456085,-0.08247198909521103,0.503892719745636,0.40564870834350586,-0.09074461460113525,0.4729584753513336,0.43635252118110657,-0.09675081819295883,sparsh
0.24240128695964813,0.5696386694908142,8.299552689550183e-08,0.30856889486312866,0.5797432661056519,0.015157480724155903,0.3751559853553772,0.596123993396759,0.01997518725693226,0.4206308424472809,0.6093860268592834,0.018038615584373474,0.4588097333908081,0.6159306764602661,0.015639884397387505,0.40936851501464844,0.5835444927215576,0.014411600306630135,0.48324865102767944,0.5875786542892456,-0.0013969044666737318,0.5352985262870789,0.5862509608268738,-0.014944623224437237,0.5780472755432129,0.5820392370223999,-0.0246730949729681,0.40824398398399353,0.5858691930770874,-0.006266896612942219,0.4904894530773163,0.5893802642822266,-0.021160535514354706,0.5501240491867065,0.591438889503479,-0.035569000989198685,0.6024984121322632,0.5902894735336304,-0.04590249061584473,0.39878371357917786,0.5993741154670715,-0.027374455705285072,0.47552281618118286,0.6091268062591553,-0.03974311798810959,0.5247007012367249,0.6152581572532654,-0.04942600801587105,0.5669777989387512,0.6159082651138306,-0.05675996094942093,0.38383790850639343,0.6246979832649231,-0.04832748696208,0.43495357036590576,0.6330925822257996,-0.05774303898215294,0.4716333746910095,0.6364949941635132,-0.06201862916350365,0.503940999507904,0.6377749443054199,-0.06562130898237228,sparsh
0.6846420168876648,0.22174587845802307,-4.502846095988389e-08,0.623866617679596,0.2793428301811218,0.012323044240474701,0.5690606832504272,0.3379450738430023,0.0114861149340868,0.5336167812347412,0.38371947407722473,0.006488970946520567,0.5069206357002258,0.41973987221717834,-0.0009915712289512157,0.5179985165596008,0.2868351638317108,-0.010201561264693737,0.4741147756576538,0.36467108130455017,-0.029138652607798576,0.4421769976615906,0.4147126376628876,-0.043268971145153046,0.4133988618850708,0.45645150542259216,-0.05466580390930176,0.5316430926322937,0.2807920575141907,-0.03044179081916809,0.47731417417526245,0.3728257715702057,-0.049179963767528534,0.4427530765533447,0.42644456028938293,-0.06201867759227753,0.4121067523956299,0.4716678857803345,-0.07284226268529892,0.5602604150772095,0.28215792775154114,-0.0497594028711319,0.5082974433898926,0.3674549460411072,-0.06892333924770355,0.4749138653278351,0.4171447157859802,-0.07876082509756088,0.4441869854927063,0.45748141407966614,-0.08622589707374573,0.6002894043922424,0.29077303409576416,-0.06762983649969101,0.5600782036781311,0.3438646197319031,-0.08799466490745544,0.530197024345398,0.37833547592163086,-0.09708892554044724,0.5005212426185608,0.40663689374923706,-0.1035735160112381,sparsh
0.23824456334114075,0.5911577343940735,3.5343866500170407e-08,0.29816892743110657,0.6287198066711426,0.020949503406882286,0.3605049252510071,0.6471931338310242,0.02584732510149479,0.402726411819458,0.6619434356689453,0.023215390741825104,0.43949708342552185,0.666317880153656,0.019289469346404076,0.40443506836891174,0.6165232062339783,0.011226777918636799,0.4799796938896179,0.6163812279701233,-0.0052501121535897255,0.5309013724327087,0.6114674210548401,-0.019016943871974945,0.5727840662002563,0.6044196486473083,-0.02903532050549984,0.4002036452293396,0.6126068830490112,-0.013030029833316803,0.49053114652633667,0.6136788129806519,-0.028407597914338112,0.5484938621520996,0.6139242649078369,-0.04254128411412239,0.5990732908248901,0.6098184585571289,-0.052895739674568176,0.38634467124938965,0.6215834617614746,-0.036732111126184464,0.4734219014644623,0.6301965117454529,-0.050238702446222305,0.5238505601882935,0.6355292797088623,-0.060656800866127014,0.5668954253196716,0.6370847225189209,-0.06877116858959198,0.3665834963321686,0.6445314288139343,-0.05927715823054314,0.4199574291706085,0.6540296077728271,-0.07148327678442001,0.45827770233154297,0.6576201915740967,-0.07735909521579742,0.49354565143585205,0.6603633165359497,-0.0820627361536026,sparsh
0.6727979779243469,0.23290854692459106,1.6997068641444457e-08,0.6118927001953125,0.2701261043548584,0.012986229732632637,0.5580657720565796,0.33044710755348206,0.012357517145574093,0.5238000154495239,0.38267698884010315,0.007847253233194351,0.5026514530181885,0.42582938075065613,0.00013054789451416582,0.513512909412384,0.3052526116371155,-0.012093279510736465,0.47395506501197815,0.3919021189212799,-0.030949601903557777,0.4457862377166748,0.4476495087146759,-0.044671304523944855,0.42028915882110596,0.4927789568901062,-0.05541929230093956,0.5278318524360657,0.2988988757133484,-0.0325869582593441,0.4750728905200958,0.39832985401153564,-0.05056987702846527,0.4417237341403961,0.4550272822380066,-0.062205225229263306,0.41173478960990906,0.5012422800064087,-0.0719715878367424,0.5576184988021851,0.2992735803127289,-0.05193984881043434,0.5051770210266113,0.38942474126815796,-0.0708557739853859,0.4723321795463562,0.441980242729187,-0.08019443601369858,0.44169461727142334,0.4822903871536255,-0.08731071650981903,0.5976635217666626,0.30787044763565063,-0.06953346729278564,0.5604116916656494,0.3602774441242218,-0.09004373103380203,0.5299450755119324,0.3961242437362671,-0.09914103150367737,0.4990902245044708,0.4254424571990967,-0.10568495839834213,sparsh
0.22655841708183289,0.5789041519165039,1.7948956099189672e-08,0.2873874604701996,0.6030036807060242,0.020846975967288017,0.34996339678764343,0.6200432777404785,0.027285266667604446,0.3908788561820984,0.6345489621162415,0.026444977149367332,0.42647644877433777,0.6394219398498535,0.024584656581282616,0.3912922143936157,0.5997326970100403,0.013061762787401676,0.46571314334869385,0.5967752933502197,-0.002247531432658434,0.5168912410736084,0.5911168456077576,-0.014885797165334225,0.5590100288391113,0.5848963260650635,-0.02403128147125244,0.3883020281791687,0.597399890422821,-0.009862927719950676,0.47452136874198914,0.5961787104606628,-0.025250500068068504,0.5333465933799744,0.5944965481758118,-0.03892499580979347,0.5857933163642883,0.5891919136047363,-0.04853082075715065,0.3768957257270813,0.6068392395973206,-0.03225887566804886,0.46187999844551086,0.6135417819023132,-0.045833081007003784,0.5112442970275879,0.6170767545700073,-0.05603235960006714,0.5539090633392334,0.617129385471344,-0.06331006437540054,0.3606691360473633,0.629512369632721,-0.05352061614394188,0.41478845477104187,0.6361545920372009,-0.0660255178809166,0.45207086205482483,0.6386533975601196,-0.0722772404551506,0.48588430881500244,0.6404897570610046,-0.07673443108797073,sparsh
0.6933304667472839,0.28751134872436523,-7.08508629543303e-09,0.636794924736023,0.3511461019515991,0.008762749843299389,0.5768584609031677,0.41106870770454407,0.005043812561780214,0.5376464128494263,0.4598945677280426,-0.0016000360483303666,0.5113368034362793,0.5061756372451782,-0.01129539031535387,0.5276867151260376,0.3654327690601349,-0.020510802045464516,0.48347193002700806,0.45267000794410706,-0.04199281707406044,0.45294466614723206,0.5090522766113281,-0.057201944291591644,0.4263400435447693,0.5562410354614258,-0.06891004741191864,0.5438999533653259,0.3572993874549866,-0.03945830464363098,0.4887274205684662,0.45885103940963745,-0.0618647001683712,0.453491747379303,0.5194011926651001,-0.07640484720468521,0.4229791760444641,0.5702173113822937,-0.08823008835315704,0.5751100778579712,0.3579116761684418,-0.057264991104602814,0.522235631942749,0.45265892148017883,-0.08025886863470078,0.48850008845329285,0.5085554122924805,-0.09269794076681137,0.4582656919956207,0.5519857406616211,-0.10152208060026169,0.6158435940742493,0.36785563826560974,-0.07334597408771515,0.5732741951942444,0.4249316453933716,-0.09588698297739029,0.5424736142158508,0.4643406569957733,-0.10664095729589462,0.5126826763153076,0.49588921666145325,-0.1144179180264473,sparsh
0.22401118278503418,0.564767599105835,-1.818323980273817e-08,0.28558942675590515,0.6040360331535339,0.02227584458887577,0.3452491760253906,0.6213297247886658,0.028582822531461716,0.38291528820991516,0.6339349150657654,0.02718692645430565,0.4155314266681671,0.6326853036880493,0.024243444204330444,0.39072492718696594,0.5815462470054626,0.01415970642119646,0.46260589361190796,0.5762060284614563,-0.002565365517511964,0.5130230188369751,0.5685979723930359,-0.017634540796279907,0.5539611577987671,0.5597385168075562,-0.028944138437509537,0.38538017868995667,0.5810649991035461,-0.010504673235118389,0.4682370126247406,0.57802414894104,-0.026825828477740288,0.5240553021430969,0.574185848236084,-0.042846668511629105,0.5745605230331421,0.5666549801826477,-0.054830342531204224,0.37078461050987244,0.592828094959259,-0.0347624346613884,0.4528350234031677,0.5989450216293335,-0.050571784377098083,0.5018459558486938,0.5997985005378723,-0.06372775137424469,0.5454291105270386,0.597499430179596,-0.07361297309398651,0.35115569829940796,0.6178885698318481,-0.0574931874871254,0.4017554521560669,0.6264703273773193,-0.07288136333227158,0.4376319944858551,0.628002405166626,-0.08116383105516434,0.471110463142395,0.6291664242744446,-0.0874648243188858,sparsh
0.7312635779380798,0.26842188835144043,-9.31519750224652e-08,0.6678879857063293,0.3106796443462372,0.011991300620138645,0.6084713935852051,0.3668383061885834,0.009046235121786594,0.5685379505157471,0.41671618819236755,0.0029350551776587963,0.5439884662628174,0.4611709415912628,-0.006910255644470453,0.5677585005760193,0.3395339250564575,-0.02390720136463642,0.5253289937973022,0.43081244826316833,-0.047186095267534256,0.4977355897426605,0.4900839328765869,-0.06255654245615005,0.4738854169845581,0.5390820503234863,-0.07366584241390228,0.5865841507911682,0.3358125388622284,-0.04387454316020012,0.5325062274932861,0.4391055107116699,-0.0666535422205925,0.49953693151474,0.4996809661388397,-0.079879991710186,0.47172942757606506,0.5498150587081909,-0.09062717854976654,0.6195445656776428,0.33837568759918213,-0.061995260417461395,0.5692762136459351,0.43238505721092224,-0.08449459820985794,0.5380012392997742,0.48871392011642456,-0.09634263068437576,0.5108798742294312,0.5324648022651672,-0.10492134094238281,0.6601027846336365,0.34659871459007263,-0.07789132744073868,0.6201866269111633,0.4030436873435974,-0.10012656450271606,0.5928258299827576,0.43992671370506287,-0.11043614149093628,0.5671966075897217,0.4699183702468872,-0.11791449785232544,sparsh
0.20917080342769623,0.5528942346572876,7.646524124993448e-08,0.2781637907028198,0.5762366652488708,0.022625364363193512,0.34410935640335083,0.5885999798774719,0.029389485716819763,0.3896952271461487,0.6005105376243591,0.028954993933439255,0.4269547462463379,0.600168764591217,0.02724882774055004,0.3712492287158966,0.5558951497077942,0.012299551628530025,0.4447918236255646,0.5550016164779663,-0.005064015276730061,0.49639302492141724,0.5503016710281372,-0.019212448969483376,0.5375142097473145,0.5449113249778748,-0.02908376418054104,0.3653484284877777,0.5565436482429504,-0.011383033357560635,0.45179110765457153,0.559622049331665,-0.02848339080810547,0.5096729397773743,0.5604397654533386,-0.04323529824614525,0.5607076287269592,0.5576272010803223,-0.0535905696451664,0.35260850191116333,0.5718972682952881,-0.03441915288567543,0.4374507963657379,0.5816742181777954,-0.050413090735673904,0.48808199167251587,0.585283100605011,-0.06205543503165245,0.5310062170028687,0.5855132341384888,-0.07007649540901184,0.3352246880531311,0.6009230613708496,-0.05585135146975517,0.38913455605506897,0.608849823474884,-0.06985073536634445,0.4263634979724884,0.6096826195716858,-0.07669156044721603,0.4603743851184845,0.6106905937194824,-0.0816374123096466,sparsh
0.738559901714325,0.2596285045146942,-8.485287850135137e-08,0.676396369934082,0.285696417093277,0.012591307982802391,0.6189109683036804,0.3331415057182312,0.010113021358847618,0.5805224180221558,0.37257102131843567,0.0044341012835502625,0.5576253533363342,0.41063788533210754,-0.004986229818314314,0.5745197534561157,0.32839781045913696,-0.02247748151421547,0.5333226323127747,0.4232190251350403,-0.04399627447128296,0.5058839321136475,0.4811999201774597,-0.05838076025247574,0.48281753063201904,0.5290849208831787,-0.0687471553683281,0.5920942425727844,0.3247324824333191,-0.04241596534848213,0.5383675694465637,0.43041735887527466,-0.06235288456082344,0.5061291456222534,0.4910338521003723,-0.07426178455352783,0.48083123564720154,0.5419767498970032,-0.08443716913461685,0.624853253364563,0.32701778411865234,-0.06043966859579086,0.5761542916297913,0.4230082035064697,-0.07988961040973663,0.5477546453475952,0.4797622263431549,-0.09062625467777252,0.524333119392395,0.5255340337753296,-0.09906172007322311,0.6664419770240784,0.3348020613193512,-0.07638650387525558,0.6277599930763245,0.3918612599372864,-0.09607616066932678,0.601304292678833,0.4303668737411499,-0.10523765534162521,0.5765204429626465,0.46485230326652527,-0.1122412458062172,sparsh
0.2042897343635559,0.5596712231636047,7.660963063926829e-08,0.26851582527160645,0.5636947154998779,0.01802048273384571,0.32855916023254395,0.5832849144935608,0.022139616310596466,0.36924687027931213,0.5987692475318909,0.019286667928099632,0.40275561809539795,0.6033288240432739,0.015285231173038483,0.3450760543346405,0.5745412111282349,0.015236318111419678,0.4076000452041626,0.5807488560676575,0.0002956090902443975,0.4520491361618042,0.5772235989570618,-0.013081449083983898,0.48924940824508667,0.5706284642219543,-0.02208239957690239,0.3463413715362549,0.5790931582450867,-0.005281653720885515,0.42217397689819336,0.5860891342163086,-0.01751302368938923,0.4765489399433136,0.5891895890235901,-0.02982432022690773,0.5237988233566284,0.5895663499832153,-0.03867833688855171,0.33968251943588257,0.5946074724197388,-0.025722414255142212,0.41605210304260254,0.602297842502594,-0.03640222176909447,0.4671233892440796,0.6023805141448975,-0.04517722502350807,0.5100647211074829,0.599215567111969,-0.05146646127104759,0.3271791636943817,0.6215290427207947,-0.04540248215198517,0.37944716215133667,0.6230453848838806,-0.051990486681461334,0.4162362813949585,0.6197108626365662,-0.05356953665614128,0.44861850142478943,0.6153214573860168,-0.05509667098522186,sparsh
0.7323318719863892,0.25718384981155396,-7.522353229205692e-08,0.6690320372581482,0.28516852855682373,0.012532389722764492,0.6105741262435913,0.33929547667503357,0.009347932413220406,0.5719643235206604,0.38530728220939636,0.0031153643503785133,0.5470613241195679,0.4269755184650421,-0.007111615035682917,0.5680094957351685,0.3307476043701172,-0.02503027208149433,0.5277343988418579,0.4284572899341583,-0.046038247644901276,0.5019287467002869,0.48753899335861206,-0.0601811558008194,0.4803500771522522,0.5362958908081055,-0.0705137699842453,0.5880423784255981,0.3275705873966217,-0.04439564421772957,0.5362511277198792,0.43626487255096436,-0.06436413526535034,0.5055503845214844,0.4996216297149658,-0.0767514556646347,0.4808371067047119,0.5523784160614014,-0.08767283707857132,0.6221187710762024,0.33011049032211304,-0.06138303130865097,0.5723748803138733,0.4280620813369751,-0.08075183629989624,0.5436583757400513,0.48747146129608154,-0.09123878926038742,0.5199286341667175,0.534567654132843,-0.09956175088882446,0.6639542579650879,0.33860647678375244,-0.07607242465019226,0.6229928731918335,0.39969944953918457,-0.09539677947759628,0.5950062274932861,0.44057515263557434,-0.10429646819829941,0.5687308311462402,0.47523465752601624,-0.11111921817064285,sparsh
0.217492014169693,0.5544691681861877,6.340851399500025e-08,0.2783140242099762,0.573531448841095,0.02180655673146248,0.3369918763637543,0.589261531829834,0.028257107362151146,0.3744359016418457,0.6026516556739807,0.026901308447122574,0.4066978693008423,0.6070228815078735,0.024388549849390984,0.36595770716667175,0.5706456899642944,0.019264042377471924,0.43243563175201416,0.5693783760070801,0.005631196312606335,0.48111873865127563,0.5641077756881714,-0.006060453597456217,0.5203601717948914,0.5591098666191101,-0.014323761686682701,0.3655050992965698,0.5718741416931152,-0.0031340448185801506,0.44263365864753723,0.5706795454025269,-0.016260551288723946,0.4960907995700836,0.5710408687591553,-0.028418250381946564,0.5419436097145081,0.5701732635498047,-0.036693986505270004,0.3567454516887665,0.5850070118904114,-0.025403674691915512,0.43628883361816406,0.5890320539474487,-0.03897188603878021,0.48613548278808594,0.590432345867157,-0.0495685413479805,0.527906060218811,0.5892737507820129,-0.056268807500600815,0.34326133131980896,0.6118825078010559,-0.046203259378671646,0.39536067843437195,0.6176421642303467,-0.05723874643445015,0.43333709239959717,0.6178209185600281,-0.06241524964570999,0.4681309461593628,0.6163821220397949,-0.0659390315413475,sparsh
0.71839439868927,0.2617872357368469,-7.595372863988814e-08,0.6517259478569031,0.2901056110858917,0.012108055874705315,0.5896573662757874,0.3473599851131439,0.010327219031751156,0.5490908622741699,0.3989885449409485,0.005592614412307739,0.5229033827781677,0.44226205348968506,-0.0026451367884874344,0.5521519184112549,0.3315694034099579,-0.021840237081050873,0.5070550441741943,0.4242109954357147,-0.04254317656159401,0.4765374958515167,0.481610506772995,-0.05627599358558655,0.45024311542510986,0.5287995338439941,-0.06626629829406738,0.5718080401420593,0.32909032702445984,-0.04076569154858589,0.5193881988525391,0.4330242872238159,-0.05993948131799698,0.4846496284008026,0.4954562187194824,-0.07127758860588074,0.45466330647468567,0.5476344227790833,-0.08119924366474152,0.6041730046272278,0.3337653577327728,-0.05774849280714989,0.5516905784606934,0.4286419749259949,-0.0764131024479866,0.516807496547699,0.4859893321990967,-0.08526206761598587,0.48590871691703796,0.5309758186340332,-0.09213776886463165,0.6444710493087769,0.34396079182624817,-0.0727175921201706,0.6007183790206909,0.4074947237968445,-0.0917053371667862,0.5696401596069336,0.4468196928501129,-0.09915885329246521,0.5406292080879211,0.47862526774406433,-0.10443871468305588,sparsh
0.23298265039920807,0.5588844418525696,-2.085653072469995e-08,0.29624366760253906,0.5813798904418945,0.029760727658867836,0.35558727383613586,0.5938435196876526,0.03893119841814041,0.3899443745613098,0.598572313785553,0.03928496688604355,0.4209509491920471,0.593924880027771,0.03839806094765663,0.398825466632843,0.5730255842208862,0.024863051250576973,0.4653790295124054,0.5719650387763977,0.01473307702690363,0.5091691017150879,0.5624784827232361,0.004970562644302845,0.5461914539337158,0.5503398180007935,-0.002631354844197631,0.3967073857784271,0.5734361410140991,-0.001522461767308414,0.47957146167755127,0.575636625289917,-0.010072627104818821,0.531261682510376,0.5734760165214539,-0.020105469971895218,0.5767892599105835,0.5663116574287415,-0.02835053950548172,0.3851277828216553,0.5858210921287537,-0.027024399489164352,0.46534496545791626,0.5956392884254456,-0.033974047750234604,0.5108054876327515,0.5962986350059509,-0.0407940149307251,0.5505704879760742,0.5938615798950195,-0.04741015285253525,0.368641197681427,0.6118273735046387,-0.05085434392094612,0.41848424077033997,0.6217111349105835,-0.056875765323638916,0.4532969295978546,0.6258525252342224,-0.0593496635556221,0.4857187271118164,0.6289907097816467,-0.0623551607131958,sparsh
0.7067537903785706,0.26917704939842224,-7.01908291489417e-08,0.6429415345191956,0.3019910454750061,0.01259105559438467,0.581749439239502,0.36085882782936096,0.011560391634702682,0.542259156703949,0.4136442542076111,0.007597293704748154,0.518284797668457,0.4590538740158081,0.0002671789552550763,0.5385777354240417,0.33921515941619873,-0.018096571788191795,0.49554193019866943,0.4337456226348877,-0.03726232424378395,0.4675407409667969,0.4912590980529785,-0.04993930086493492,0.4434717297554016,0.5389124155044556,-0.05944738909602165,0.5570122003555298,0.3368924558162689,-0.03718125820159912,0.5029606223106384,0.44214463233947754,-0.055558715015649796,0.47043687105178833,0.5020585656166077,-0.06647596508264542,0.4427204132080078,0.5522251725196838,-0.07590443640947342,0.5893743634223938,0.3423190116882324,-0.05453116446733475,0.5349072217941284,0.4375995397567749,-0.07322004437446594,0.5015577673912048,0.49445658922195435,-0.08265037834644318,0.47120440006256104,0.5386753082275391,-0.08988260477781296,0.6300131678581238,0.3544735610485077,-0.06977195292711258,0.587683379650116,0.4158790409564972,-0.08968523889780045,0.5565212368965149,0.4550621509552002,-0.0986218973994255,0.5262895226478577,0.48724421858787537,-0.10506735742092133,sparsh
0.23878583312034607,0.5590527653694153,7.700975146462952e-08,0.3029228150844574,0.5800991058349609,0.02668328955769539,0.35752928256988525,0.601875364780426,0.03366591036319733,0.3917023539543152,0.6146367192268372,0.03156593441963196,0.42373400926589966,0.6127353310585022,0.02787298895418644,0.39880409836769104,0.5952065587043762,0.021786650642752647,0.4726397693157196,0.5946923494338989,0.008741749450564384,0.5231398344039917,0.5877136588096619,-0.002075227675959468,0.5645714998245239,0.5798900723457336,-0.00991830974817276,0.39713308215141296,0.5908583998680115,-0.00470664631575346,0.48584336042404175,0.5898373126983643,-0.018138015642762184,0.5438394546508789,0.5847329497337341,-0.030166054144501686,0.5928024649620056,0.5747218728065491,-0.038646478205919266,0.38775861263275146,0.5965402126312256,-0.030743567273020744,0.47002822160720825,0.6050109267234802,-0.042032018303871155,0.5222306251525879,0.6057863235473633,-0.05126279965043068,0.5662029981613159,0.6021623015403748,-0.05836687982082367,0.3747144639492035,0.6152485609054565,-0.055429864674806595,0.4281390607357025,0.6284030675888062,-0.0644749104976654,0.46566638350486755,0.6350168585777283,-0.06856457889080048,0.4992131292819977,0.6380472183227539,-0.07211481034755707,sparsh
0.6795110702514648,0.26508384943008423,-3.904057876980005e-08,0.619834303855896,0.30500322580337524,0.011839821934700012,0.5626851916313171,0.3691233992576599,0.00984276458621025,0.5261184573173523,0.42683854699134827,0.004139577969908714,0.5034160017967224,0.4751955270767212,-0.0045252577401697636,0.5135485529899597,0.3434044122695923,-0.012893470004200935,0.4739566147327423,0.4332916736602783,-0.03274618089199066,0.4444710612297058,0.48900339007377625,-0.04736540839076042,0.41797935962677,0.532520055770874,-0.05891559645533562,0.5292134881019592,0.3370293974876404,-0.033180512487888336,0.47719627618789673,0.4397972524166107,-0.053273335099220276,0.44141286611557007,0.49774104356765747,-0.06634359061717987,0.410491406917572,0.544519305229187,-0.07736991345882416,0.5594280958175659,0.33898645639419556,-0.05260395631194115,0.5043365955352783,0.43266695737838745,-0.07439097762107849,0.46745723485946655,0.4858100712299347,-0.08669555932283401,0.43397676944732666,0.5264925360679626,-0.09570226073265076,0.5991392135620117,0.34839192032814026,-0.0700431615114212,0.5576168894767761,0.403348833322525,-0.09325315803289413,0.5254117250442505,0.44311636686325073,-0.10520294308662415,0.4946358799934387,0.4779341220855713,-0.11380603909492493,sparsh
0.27277326583862305,0.5721213221549988,2.92738455698327e-08,0.3325912654399872,0.6162238717079163,0.020885521546006203,0.3943954110145569,0.6329720616340637,0.029368573799729347,0.4347318112850189,0.6404205560684204,0.029695438221096992,0.4689996540546417,0.6402779817581177,0.029209604486823082,0.4345010817050934,0.6040713787078857,0.021234100684523582,0.5033225417137146,0.5990700125694275,0.00944875180721283,0.5496965646743774,0.5948139429092407,-0.0010323727037757635,0.5879331231117249,0.5902749300003052,-0.008701330050826073,0.4335673153400421,0.5970778465270996,-0.0010306225158274174,0.5159028172492981,0.5920751094818115,-0.014119724743068218,0.5715389251708984,0.5900974273681641,-0.026690945029258728,0.6195988655090332,0.5849155187606812,-0.0352165587246418,0.4239606261253357,0.6038740873336792,-0.0234351996332407,0.5018044710159302,0.6073423027992249,-0.03531879931688309,0.5495693683624268,0.6096559166908264,-0.04603198543190956,0.5901767015457153,0.6082137823104858,-0.05344381928443909,0.40852826833724976,0.6252039074897766,-0.04494138062000275,0.4610587954521179,0.6374929547309875,-0.05443185195326805,0.49730414152145386,0.642772912979126,-0.059881895780563354,0.529128909111023,0.6457098126411438,-0.06403163820505142,sparsh
0.6556636095046997,0.26972687244415283,6.976365796163009e-08,0.6066375970840454,0.3405010998249054,0.0067425998859107494,0.5582103729248047,0.3998200297355652,0.0009302592370659113,0.5295478105545044,0.45037391781806946,-0.00859457440674305,0.5100967288017273,0.4974454343318939,-0.019938265904784203,0.4911082983016968,0.35047125816345215,-0.006676131393760443,0.4493003785610199,0.43496644496917725,-0.026152165606617928,0.41746950149536133,0.4847230315208435,-0.04240864887833595,0.3879774510860443,0.5234418511390686,-0.0549858920276165,0.500349760055542,0.3409382700920105,-0.024958109483122826,0.4475255310535431,0.43964409828186035,-0.04354318603873253,0.410177618265152,0.490739643573761,-0.058049947023391724,0.376085102558136,0.5295202732086182,-0.06989296525716782,0.5256751775741577,0.3408544361591339,-0.043394286185503006,0.4724191427230835,0.43085792660713196,-0.06280510872602463,0.4354831874370575,0.47635766863822937,-0.0739298164844513,0.4014888107776642,0.5091888904571533,-0.08203031867742538,0.5626033544540405,0.3496679663658142,-0.06094716489315033,0.5237112045288086,0.40153202414512634,-0.07985866814851761,0.4943333864212036,0.436850368976593,-0.08832453191280365,0.465505450963974,0.4663870930671692,-0.09447495639324188,sparsh
0.28038161993026733,0.5817485451698303,2.122009590266316e-08,0.34125789999961853,0.6313703656196594,0.017570551484823227,0.40630245208740234,0.6459944248199463,0.02384834550321102,0.44850632548332214,0.6529921889305115,0.022703291848301888,0.4843323528766632,0.6525270938873291,0.02069031074643135,0.4421776533126831,0.6058900952339172,0.014074869453907013,0.514652669429779,0.6007688045501709,-0.0013144036056473851,0.5625450611114502,0.5945147275924683,-0.014442582614719868,0.6020522713661194,0.5866245031356812,-0.02394676022231579,0.43899181485176086,0.5999674797058105,-0.007565831765532494,0.5225478410720825,0.5976695418357849,-0.02318912371993065,0.5773475170135498,0.5948578119277954,-0.038119010627269745,0.6254236698150635,0.589359700679779,-0.04837062582373619,0.4281783103942871,0.6095056533813477,-0.029285702854394913,0.5077294707298279,0.6146091222763062,-0.04306300729513168,0.555198073387146,0.6166073083877563,-0.054652824997901917,0.5968418121337891,0.6155761480331421,-0.06275860965251923,0.4122525155544281,0.6346912384033203,-0.050306398421525955,0.46497660875320435,0.6432485580444336,-0.061475031077861786,0.5009812712669373,0.645470380783081,-0.06738492101430893,0.5341067910194397,0.6471564173698425,-0.07182583957910538,sparsh
0.6385684609413147,0.27483153343200684,2.2524407228274868e-08,0.5882332921028137,0.3541765809059143,0.010224705561995506,0.5408430099487305,0.4120972156524658,0.004602497909218073,0.5136016011238098,0.46132057905197144,-0.00590521702542901,0.49294915795326233,0.507328987121582,-0.01806728169322014,0.47086891531944275,0.3510517477989197,-0.001415098668076098,0.4295312762260437,0.4376699924468994,-0.01872624084353447,0.40037548542022705,0.4858942925930023,-0.033481910824775696,0.37164121866226196,0.5243580341339111,-0.0452163927257061,0.47916263341903687,0.3434363603591919,-0.021095983684062958,0.4250667691230774,0.4446500241756439,-0.038816776126623154,0.3899548351764679,0.4944695830345154,-0.05331657454371452,0.3564080595970154,0.5340086221694946,-0.06510497629642487,0.5032944679260254,0.34484678506851196,-0.04041612520813942,0.45111966133117676,0.43622857332229614,-0.05780518427491188,0.4147542715072632,0.4789222776889801,-0.06672733277082443,0.379599392414093,0.5112499594688416,-0.07356830686330795,0.5374048352241516,0.3552836775779724,-0.05872372165322304,0.498216837644577,0.4101547598838806,-0.07348509877920151,0.47070878744125366,0.44474807381629944,-0.0781370997428894,0.4423414170742035,0.4731236398220062,-0.08210746198892593,sparsh
0.2807999849319458,0.583101749420166,8.165394405068582e-08,0.3404748737812042,0.6314116716384888,0.011684640310704708,0.40890833735466003,0.6480401158332825,0.015549741685390472,0.4541497230529785,0.6535310745239258,0.012841778807342052,0.49229201674461365,0.6516225934028625,0.009531116113066673,0.4433082342147827,0.6054960489273071,0.009734886698424816,0.516126275062561,0.6028392314910889,-0.007397479843348265,0.5654863119125366,0.5987815856933594,-0.021873541176319122,0.6064358353614807,0.5930042862892151,-0.032351646572351456,0.4407227635383606,0.5991487503051758,-0.010026596486568451,0.5242319107055664,0.5992522239685059,-0.027979975566267967,0.5804715156555176,0.5970202684402466,-0.044441282749176025,0.6306711435317993,0.5915619730949402,-0.05536714568734169,0.43003734946250916,0.609178900718689,-0.03029758296906948,0.5113181471824646,0.6134031414985657,-0.046399712562561035,0.5601488351821899,0.6159139275550842,-0.05887976288795471,0.6028988361358643,0.6156303286552429,-0.06687160581350327,0.41399508714675903,0.635840892791748,-0.05038592964410782,0.46954160928726196,0.6434781551361084,-0.06280359625816345,0.5074772238731384,0.6441998481750488,-0.06902379542589188,0.5412579774856567,0.6447729468345642,-0.07333037257194519,sparsh
0.6330995559692383,0.2819604277610779,2.965317591474559e-08,0.585727334022522,0.35613614320755005,0.01067275833338499,0.5375701189041138,0.4125332534313202,0.0066717686131596565,0.5098467469215393,0.46387678384780884,-0.002056390279904008,0.48921939730644226,0.51222825050354,-0.012181831523776054,0.467655211687088,0.35325753688812256,-0.0006409987108781934,0.42130470275878906,0.43625330924987793,-0.017112990841269493,0.3902067244052887,0.4798358082771301,-0.029961075633764267,0.36054185032844543,0.514877438545227,-0.040244460105895996,0.47571855783462524,0.34699222445487976,-0.0198274627327919,0.41667526960372925,0.4435074031352997,-0.037620753049850464,0.3784540891647339,0.4905124306678772,-0.05088156834244728,0.34324467182159424,0.5296108722686768,-0.06156864017248154,0.4989868700504303,0.35152754187583923,-0.03889144957065582,0.44171249866485596,0.44115307927131653,-0.05723785609006882,0.40500444173812866,0.48450562357902527,-0.06724076718091965,0.3705787658691406,0.5183126330375671,-0.07455335557460785,0.531636118888855,0.36602914333343506,-0.056794922798871994,0.4894179105758667,0.417021781206131,-0.07419688999652863,0.4589228928089142,0.4493538737297058,-0.08247196674346924,0.42791634798049927,0.4759696125984192,-0.08893395215272903,sparsh
0.2853953540325165,0.5865527987480164,-1.753202383270036e-08,0.35184264183044434,0.620292603969574,0.024143755435943604,0.420337975025177,0.6331197023391724,0.032590098679065704,0.46653449535369873,0.6406506299972534,0.033102814108133316,0.5052794814109802,0.6425475478172302,0.03255565091967583,0.45093008875846863,0.6049765944480896,0.01463143527507782,0.5247752070426941,0.600860059261322,0.0004210835904814303,0.5735054016113281,0.5954126715660095,-0.010660386644303799,0.6134388446807861,0.588678240776062,-0.01864582672715187,0.44603559374809265,0.6004951596260071,-0.00967169739305973,0.5304141044616699,0.5999364256858826,-0.024522099643945694,0.5849320888519287,0.5981387495994568,-0.03717882186174393,0.6321884393692017,0.5920366644859314,-0.045917756855487823,0.4335182309150696,0.6119638085365295,-0.03313665837049484,0.5144014358520508,0.6158002614974976,-0.04588261619210243,0.5628497004508972,0.6186173558235168,-0.05598502233624458,0.6048680543899536,0.6185588836669922,-0.06347005069255829,0.4162676930427551,0.63933926820755,-0.05517968535423279,0.4708061218261719,0.6459763646125793,-0.06614041328430176,0.5077147483825684,0.6485374569892883,-0.07183276116847992,0.5410175323486328,0.6508677005767822,-0.07635217159986496,sparsh
0.6368474960327148,0.30326640605926514,-8.211156199422476e-08,0.5714592933654785,0.33374518156051636,0.021135734394192696,0.5131246447563171,0.3767416775226593,0.02566640079021454,0.46907949447631836,0.4124268889427185,0.024809854105114937,0.443849116563797,0.4453089237213135,0.020791802555322647,0.46707451343536377,0.35857585072517395,-0.0008386725676245987,0.4182760417461395,0.4415178894996643,-0.015410048887133598,0.38442814350128174,0.48818689584732056,-0.025554610416293144,0.3531282842159271,0.5249506235122681,-0.03433817997574806,0.4765022397041321,0.35639825463294983,-0.022612424567341805,0.4147500991821289,0.454312264919281,-0.03934856876730919,0.37570899724960327,0.505617618560791,-0.05008048936724663,0.3414434790611267,0.5474478006362915,-0.05977901071310043,0.5008034110069275,0.36558350920677185,-0.04286972060799599,0.4405521750450134,0.45616263151168823,-0.060544583946466446,0.40286868810653687,0.5073817372322083,-0.07124091684818268,0.36899852752685547,0.5461793541908264,-0.0801444873213768,0.5335310697555542,0.3851737678050995,-0.06076854467391968,0.4887036681175232,0.43668466806411743,-0.08140935748815536,0.4548950493335724,0.4710295796394348,-0.09411925822496414,0.4214802384376526,0.4993678331375122,-0.10424049198627472,sparsh
0.26547175645828247,0.5789971351623535,1.6412519343589338e-08,0.33158907294273376,0.6012899279594421,0.019727833569049835,0.39827388525009155,0.615880012512207,0.027141613885760307,0.44387322664260864,0.6237834095954895,0.027374831959605217,0.4834388196468353,0.6254662871360779,0.027159402146935463,0.42656511068344116,0.592627763748169,0.015728624537587166,0.501285970211029,0.5858333110809326,0.0017996769165620208,0.5520198941230774,0.577552318572998,-0.008858426474034786,0.5931106805801392,0.5693332552909851,-0.01612979546189308,0.42452773451805115,0.5910391807556152,-0.005820289254188538,0.5084688067436218,0.584981381893158,-0.020733626559376717,0.5653278827667236,0.5796559453010559,-0.03338690474629402,0.6142046451568604,0.5713850259780884,-0.041516292840242386,0.41596877574920654,0.6028762459754944,-0.027027100324630737,0.4959432780742645,0.6019737124443054,-0.03960452601313591,0.5451975464820862,0.6020703911781311,-0.04861123859882355,0.5869638323783875,0.5992046594619751,-0.054512981325387955,0.4026857316493988,0.6290664672851562,-0.04732746258378029,0.4579065144062042,0.6317021250724792,-0.05678901821374893,0.49501103162765503,0.6317999958992004,-0.060555316507816315,0.5271758437156677,0.6304122805595398,-0.06321447342634201,sparsh
0.6423874497413635,0.30917418003082275,9.50638323615749e-08,0.5810953974723816,0.33975929021835327,0.01693684048950672,0.5233277082443237,0.3944820165634155,0.01862400211393833,0.48002514243125916,0.4338698387145996,0.015986520797014236,0.4513069987297058,0.46473848819732666,0.010126990266144276,0.4758259057998657,0.3800385594367981,-0.01314494851976633,0.42222267389297485,0.45588767528533936,-0.0334271565079689,0.38278359174728394,0.4947926998138428,-0.04650965705513954,0.3468307554721832,0.5237288475036621,-0.05683723837137222,0.48794791102409363,0.3756842613220215,-0.03495272248983383,0.42337000370025635,0.46331140398979187,-0.05700427666306496,0.37733325362205505,0.5078298449516296,-0.07067087292671204,0.33558189868927,0.5437029600143433,-0.08207438141107559,0.5160038471221924,0.3806600570678711,-0.05527137592434883,0.45617687702178955,0.46424031257629395,-0.07875384390354156,0.41569557785987854,0.5117185711860657,-0.09270153939723969,0.3787369728088379,0.5470466017723083,-0.1031266525387764,0.5546875,0.3953584134578705,-0.07308054715394974,0.5111057162284851,0.4450957179069519,-0.09981726109981537,0.47718551754951477,0.4783592224121094,-0.11547993123531342,0.44322827458381653,0.5067906975746155,-0.12706050276756287,sparsh
0.22937358915805817,0.5789502859115601,2.958013034515261e-08,0.292780339717865,0.5956622958183289,0.018416671082377434,0.355411171913147,0.6084426045417786,0.02558123506605625,0.39854416251182556,0.6167505979537964,0.025490248575806618,0.43564721941947937,0.6181181073188782,0.02443579211831093,0.38665318489074707,0.5882972478866577,0.01636320911347866,0.45993196964263916,0.583408772945404,0.0009059648145921528,0.5115595459938049,0.5754752159118652,-0.012097453698515892,0.5533342361450195,0.5663325190544128,-0.02114633098244667,0.3874396085739136,0.588391125202179,-0.005217766389250755,0.4725644886493683,0.5819012522697449,-0.02127249538898468,0.5320761799812317,0.5751030445098877,-0.035993412137031555,0.5836261510848999,0.5641079545021057,-0.0456550307571888,0.3801133334636688,0.6000170111656189,-0.026768242940306664,0.4609386920928955,0.5991568565368652,-0.04125478118658066,0.512212336063385,0.5987116098403931,-0.05239524319767952,0.5556451082229614,0.594235360622406,-0.0596155971288681,0.3673235774040222,0.624567985534668,-0.04745304957032204,0.4212619960308075,0.6277899742126465,-0.05935858190059662,0.45849430561065674,0.6277908682823181,-0.06440053135156631,0.49147042632102966,0.6257087588310242,-0.06773193925619125,sparsh
0.6637333035469055,0.2947804629802704,-6.259242724127034e-08,0.599617063999176,0.32773667573928833,0.026542145758867264,0.545783281326294,0.37722840905189514,0.029658805578947067,0.5061846375465393,0.4171460270881653,0.026336578652262688,0.4807279407978058,0.45434439182281494,0.018876265734434128,0.4958587884902954,0.3667527437210083,-0.007554377894848585,0.44561296701431274,0.4487853944301605,-0.02598651498556137,0.41122013330459595,0.494290292263031,-0.03840729221701622,0.37906116247177124,0.5319279432296753,-0.049043066799640656,0.5074149966239929,0.3601042330265045,-0.03468262404203415,0.444485068321228,0.4588607847690582,-0.05523885414004326,0.40417909622192383,0.5099795460700989,-0.06806161999702454,0.3672966957092285,0.5523678660392761,-0.07966844737529755,0.5362159013748169,0.3625776767730713,-0.05924558639526367,0.4741785228252411,0.4532800614833832,-0.07943867892026901,0.4356103539466858,0.502285361289978,-0.09043486416339874,0.39936745166778564,0.5401574373245239,-0.10016202181577682,0.5737660527229309,0.3736301064491272,-0.0806276723742485,0.530188798904419,0.4277598559856415,-0.10488750040531158,0.4972308874130249,0.46295157074928284,-0.11802642047405243,0.46354520320892334,0.4930000305175781,-0.12841394543647766,sparsh
0.22853761911392212,0.569264829158783,1.1140465971948288e-07,0.29230573773384094,0.5785126090049744,0.019176363945007324,0.3566514551639557,0.5943112373352051,0.02492400072515011,0.40156981348991394,0.6086503267288208,0.023432914167642593,0.43839317560195923,0.6151283979415894,0.02077391929924488,0.38256630301475525,0.5802011489868164,0.0117325559258461,0.46001988649368286,0.5791118741035461,-0.004346167668700218,0.5143635272979736,0.5747502446174622,-0.016474029049277306,0.5583627223968506,0.5703969597816467,-0.024634569883346558,0.38193875551223755,0.5810314416885376,-0.010811090469360352,0.47142958641052246,0.5792737007141113,-0.027458734810352325,0.5327399969100952,0.5767115950584412,-0.04165099933743477,0.5849629044532776,0.5715351104736328,-0.05083346739411354,0.3739646077156067,0.5950336456298828,-0.03277013450860977,0.45876383781433105,0.5976189374923706,-0.04760759696364403,0.5116796493530273,0.598481297492981,-0.058465007692575455,0.5552961230278015,0.5965820550918579,-0.06529106199741364,0.36171412467956543,0.6226814389228821,-0.053663648664951324,0.41910520195961,0.627305269241333,-0.06460724771022797,0.4572440981864929,0.6286436915397644,-0.06886875629425049,0.49019503593444824,0.6289008259773254,-0.07169405370950699,sparsh
0.6625189781188965,0.2696579098701477,-5.378184297910593e-08,0.6051002144813538,0.3157733082771301,0.021911220625042915,0.5521723031997681,0.3789542615413666,0.024266328662633896,0.5210434794425964,0.43302369117736816,0.020778018981218338,0.500919759273529,0.48020830750465393,0.013949919492006302,0.4984869360923767,0.35484984517097473,-0.0036641613114625216,0.45394793152809143,0.44175058603286743,-0.02117121033370495,0.4218388795852661,0.49254798889160156,-0.03359800577163696,0.39236608147621155,0.5331238508224487,-0.04378516972064972,0.5097483396530151,0.3480762839317322,-0.028179394081234932,0.454340398311615,0.4512675106525421,-0.04649640619754791,0.4162488281726837,0.5073590874671936,-0.05857942998409271,0.3820907771587372,0.553142786026001,-0.06928374618291855,0.5366671681404114,0.3494017422199249,-0.05120076239109039,0.48249363899230957,0.4441808760166168,-0.0704488456249237,0.4473344385623932,0.4963638186454773,-0.08181017637252808,0.4136427044868469,0.5374143123626709,-0.09113693237304688,0.5733258724212646,0.3584877848625183,-0.07159719616174698,0.532538890838623,0.41296616196632385,-0.09321869164705276,0.502410352230072,0.4491899311542511,-0.10495755076408386,0.4717680811882019,0.4806652367115021,-0.11423853784799576,sparsh
0.24134768545627594,0.5774726867675781,-3.47292505864516e-08,0.29950135946273804,0.5996489524841309,0.01750166155397892,0.36093974113464355,0.6276048421859741,0.025015689432621002,0.4030909240245819,0.649403989315033,0.02642420306801796,0.4379548728466034,0.658911943435669,0.026937134563922882,0.39305371046066284,0.6282925605773926,0.009793849661946297,0.4692763686180115,0.6358713507652283,-0.006108545698225498,0.5245341062545776,0.6338903307914734,-0.017741017043590546,0.5676411390304565,0.6285976767539978,-0.02537449821829796,0.3925608694553375,0.629822313785553,-0.010314779356122017,0.4802090525627136,0.6366966962814331,-0.02825453318655491,0.5414268374443054,0.6363308429718018,-0.041946277022361755,0.5942161679267883,0.6301883459091187,-0.05017802491784096,0.383487343788147,0.6389245986938477,-0.030029362067580223,0.46764975786209106,0.6477840542793274,-0.04739893227815628,0.5220344662666321,0.6492528915405273,-0.060064781457185745,0.5676881074905396,0.646178126335144,-0.06747905164957047,0.3686012327671051,0.6558809280395508,-0.04839736223220825,0.42293548583984375,0.6679171323776245,-0.0629471093416214,0.46253296732902527,0.6736735701560974,-0.07064024358987808,0.4968182444572449,0.6762177348136902,-0.07545898854732513,sparsh
0.6377212405204773,0.2684471011161804,-3.506784196360968e-09,0.5969718098640442,0.35189369320869446,0.0113948043435812,0.5572898983955383,0.4196993112564087,0.009133603423833847,0.5353900194168091,0.47438669204711914,0.0013097189366817474,0.5194647908210754,0.5235030651092529,-0.008108443580567837,0.4846815764904022,0.3820204436779022,0.008036155253648758,0.45447731018066406,0.4714706838130951,-0.006619744002819061,0.4316794276237488,0.5265300273895264,-0.021228494122624397,0.40894001722335815,0.5735609531402588,-0.03342607989907265,0.4901653528213501,0.37271466851234436,-0.011654770001769066,0.4498334228992462,0.4784719944000244,-0.02654130756855011,0.42297255992889404,0.5368350744247437,-0.04152746871113777,0.39774301648139954,0.5852527022361755,-0.054161425679922104,0.510986328125,0.3680439591407776,-0.03157946467399597,0.46877390146255493,0.462067574262619,-0.04749642312526703,0.4391532242298126,0.5154616832733154,-0.058058515191078186,0.41190534830093384,0.5587252974510193,-0.06638786196708679,0.5430404543876648,0.3689754903316498,-0.05057324096560478,0.5095669031143188,0.4253687262535095,-0.0649414137005806,0.48520520329475403,0.4621100425720215,-0.07071580737829208,0.4602760076522827,0.4936102032661438,-0.07571206986904144,sparsh
0.24622699618339539,0.5835916996002197,-3.3470481497488436e-08,0.3047877252101898,0.6091102361679077,0.02040875144302845,0.3668307065963745,0.6364626288414001,0.0279533751308918,0.4101262092590332,0.6586487293243408,0.028671447187662125,0.44559335708618164,0.6681876182556152,0.028414519503712654,0.39675599336624146,0.6344892382621765,0.011555743403732777,0.4734763503074646,0.638572096824646,-0.0024534189142286777,0.5265225768089294,0.6352613568305969,-0.012495869770646095,0.5687451362609863,0.6296536326408386,-0.01922195963561535,0.39666974544525146,0.6355693340301514,-0.00999272521585226,0.4844503402709961,0.6393188834190369,-0.024988677352666855,0.5438228845596313,0.6386434435844421,-0.03681598976254463,0.594369649887085,0.6326144933700562,-0.044386185705661774,0.3874000906944275,0.6448327302932739,-0.030803129076957703,0.4711073338985443,0.6509642004966736,-0.04502808302640915,0.5234898328781128,0.652503490447998,-0.055765118449926376,0.5666337609291077,0.6496570706367493,-0.06274272501468658,0.37188398838043213,0.6639765501022339,-0.05019840970635414,0.4249264895915985,0.6750383973121643,-0.06158449128270149,0.4632190763950348,0.6809216141700745,-0.06737291067838669,0.4963231384754181,0.6838110685348511,-0.07151060551404953,sparsh
0.626596987247467,0.2661643624305725,5.184291396176377e-08,0.5918252468109131,0.3515453338623047,0.012082068249583244,0.5520861744880676,0.4160442650318146,0.008822370320558548,0.5322898626327515,0.4680538475513458,1.1380922842363361e-05,0.5217527747154236,0.518252968788147,-0.01056597288697958,0.4796482026576996,0.37891656160354614,0.0053643700666725636,0.44579002261161804,0.46822741627693176,-0.010019549168646336,0.4222082197666168,0.5235832929611206,-0.02391001582145691,0.3995213508605957,0.5693187117576599,-0.034912724047899246,0.48567259311676025,0.36678099632263184,-0.014860903844237328,0.44391438364982605,0.47341132164001465,-0.030834084376692772,0.416195809841156,0.5337055921554565,-0.0459456704556942,0.3895280957221985,0.5835635662078857,-0.057939473539590836,0.506283164024353,0.3608458638191223,-0.034938745200634,0.46269771456718445,0.45507192611694336,-0.051765408366918564,0.43144217133522034,0.5110487937927246,-0.06248142942786217,0.401771605014801,0.556318998336792,-0.07038514316082001,0.5377169847488403,0.36348605155944824,-0.05374875292181969,0.5026694536209106,0.4196154475212097,-0.06811842322349548,0.477131187915802,0.45453977584838867,-0.07322248816490173,0.45067310333251953,0.48378559947013855,-0.07745805382728577,sparsh
0.23587162792682648,0.5852034687995911,-2.1071806521888448e-09,0.2976400852203369,0.6018601059913635,0.0161899384111166,0.3584667444229126,0.6286807656288147,0.020547397434711456,0.40132245421409607,0.6518727540969849,0.018374759703874588,0.4364830553531647,0.6591086983680725,0.015200036577880383,0.38719111680984497,0.6308943033218384,0.008464413695037365,0.46516919136047363,0.6344959139823914,-0.008645529858767986,0.5199142098426819,0.62999427318573,-0.021340103819966316,0.5636597871780396,0.6232333183288574,-0.02967819571495056,0.38648009300231934,0.632858395576477,-0.012293744832277298,0.4741925299167633,0.6358838677406311,-0.03080284409224987,0.5348923802375793,0.6338474154472351,-0.045216772705316544,0.5869759321212769,0.627155601978302,-0.054125234484672546,0.3772430717945099,0.643718421459198,-0.03274281322956085,0.46117907762527466,0.6483643054962158,-0.04981052875518799,0.5146763324737549,0.649039626121521,-0.06137067824602127,0.5592392086982727,0.6457975506782532,-0.06817165017127991,0.36199140548706055,0.6644734740257263,-0.05217986926436424,0.4175325632095337,0.6736277937889099,-0.06413853913545609,0.4567745327949524,0.6776123046875,-0.06921202689409256,0.4911227822303772,0.679058313369751,-0.07251296937465668,sparsh
0.6242736577987671,0.26854991912841797,8.048550625971984e-08,0.5862798094749451,0.3523671329021454,0.012833278626203537,0.5474913120269775,0.4153325855731964,0.00830336194485426,0.5266152024269104,0.46546849608421326,-0.001733587239868939,0.5109711289405823,0.513856053352356,-0.013673029839992523,0.476997435092926,0.3746744990348816,0.001389905926771462,0.43986374139785767,0.46102002263069153,-0.01631348952651024,0.41295772790908813,0.514012336730957,-0.030900169163942337,0.38778162002563477,0.5577610731124878,-0.04236979782581329,0.48392343521118164,0.36288389563560486,-0.02048228681087494,0.43754830956459045,0.4664842486381531,-0.038344282656908035,0.4056473970413208,0.5247094631195068,-0.053428709506988525,0.37692171335220337,0.5720571279525757,-0.06562713533639908,0.506142795085907,0.3591079115867615,-0.042197007685899734,0.45824548602104187,0.45354533195495605,-0.06120786443352699,0.42554450035095215,0.5067152380943298,-0.07258520275354385,0.3954496383666992,0.5489901900291443,-0.08106939494609833,0.5395807027816772,0.3638671040534973,-0.062456052750349045,0.5028641223907471,0.41592565178871155,-0.08112910389900208,0.4763003885746002,0.4492262601852417,-0.08918648213148117,0.44965633749961853,0.4776454567909241,-0.09526444226503372,sparsh
0.22560809552669525,0.589850902557373,-5.751990883595681e-08,0.2844487726688385,0.6063719987869263,0.026855312287807465,0.344988077878952,0.6169150471687317,0.034944090992212296,0.3862605094909668,0.6236044764518738,0.0347922146320343,0.42009228467941284,0.6189815402030945,0.03283657506108284,0.38405871391296387,0.6128864884376526,0.011946547776460648,0.46193748712539673,0.5994835495948792,-0.0044236620888113976,0.5159053802490234,0.585534393787384,-0.016421590000391006,0.5577288269996643,0.572016179561615,-0.02443200722336769,0.3807702362537384,0.6097983717918396,-0.013988368213176727,0.4705416262149811,0.5951786041259766,-0.031759556382894516,0.5300607681274414,0.5837060809135437,-0.04497974365949631,0.5795352458953857,0.5689746141433716,-0.05348401889204979,0.3699641525745392,0.6164741516113281,-0.03868801146745682,0.4556262195110321,0.6072953939437866,-0.055117037147283554,0.5092777013778687,0.5986119508743286,-0.06679528206586838,0.5529897212982178,0.5881018042564392,-0.07432059943675995,0.355144739151001,0.6357070803642273,-0.061207473278045654,0.41072073578834534,0.640411913394928,-0.07435303926467896,0.45023494958877563,0.6391250491142273,-0.08088522404432297,0.48459959030151367,0.6361130475997925,-0.08551942557096481,sparsh
0.6343989372253418,0.2716274857521057,-2.401298360155124e-08,0.5864518880844116,0.3417685925960541,0.015423256903886795,0.5401425361633301,0.4100120961666107,0.013855375349521637,0.5143923759460449,0.46592527627944946,0.0066716717556118965,0.4982958436012268,0.5160470008850098,-0.003116590203717351,0.47591155767440796,0.36649784445762634,-0.0005775307072326541,0.44002020359039307,0.45463696122169495,-0.019068066030740738,0.41365376114845276,0.5088300704956055,-0.033943213522434235,0.3890167474746704,0.5528925657272339,-0.045985784381628036,0.4859619438648224,0.358132004737854,-0.02389153279364109,0.4369606077671051,0.4638993740081787,-0.04322509840130806,0.4053429365158081,0.5208415985107422,-0.05823756381869316,0.377116322517395,0.5661511421203613,-0.07037476450204849,0.5112350583076477,0.35539013147354126,-0.04687153920531273,0.460663378238678,0.45093515515327454,-0.0685764029622078,0.4290682077407837,0.5028111934661865,-0.08197211474180222,0.3991717994213104,0.5434491634368896,-0.09155204892158508,0.5473819375038147,0.35970884561538696,-0.06792144477367401,0.5087663531303406,0.41315343976020813,-0.09077519923448563,0.4806618392467499,0.45058324933052063,-0.10247543454170227,0.45245909690856934,0.48363614082336426,-0.11103751510381699,sparsh
0.22601960599422455,0.595506489276886,6.5515957103912115e-09,0.29037997126579285,0.6113783121109009,0.017234347760677338,0.35377562046051025,0.6243882775306702,0.022751085460186005,0.39824217557907104,0.6327147483825684,0.02146337553858757,0.4346997141838074,0.6318004727363586,0.019150791689753532,0.38584932684898376,0.6110321879386902,0.011793057434260845,0.4613555669784546,0.5952044725418091,-0.005339714698493481,0.516437292098999,0.5796148180961609,-0.01914181374013424,0.5601698756217957,0.5652332305908203,-0.02864762209355831,0.3845064043998718,0.608291745185852,-0.009652964770793915,0.46859705448150635,0.5916265249252319,-0.02734280936419964,0.52836674451828,0.5799188017845154,-0.04315021634101868,0.5804240107536316,0.5657760500907898,-0.053596846759319305,0.37560340762138367,0.616429328918457,-0.030824212357401848,0.4570363461971283,0.602990448474884,-0.04705352708697319,0.510206937789917,0.5949669480323792,-0.05960819870233536,0.5548214316368103,0.585245668888092,-0.0677085742354393,0.361309677362442,0.637320876121521,-0.05100926384329796,0.41406142711639404,0.6333256959915161,-0.06370498239994049,0.45139116048812866,0.6286724209785461,-0.06957893818616867,0.483733594417572,0.6233682632446289,-0.07355091720819473,sparsh
0.649634599685669,0.2751163840293884,-2.8224070192095496e-08,0.6010147929191589,0.3553800582885742,0.015605399385094643,0.551389217376709,0.41702568531036377,0.01352652721107006,0.524024248123169,0.46718141436576843,0.005884764716029167,0.5043790340423584,0.5129072070121765,-0.004008812829852104,0.4830763339996338,0.36394941806793213,0.0016865244833752513,0.44752874970436096,0.45778366923332214,-0.014523136429488659,0.4218181371688843,0.5106083750724792,-0.02843179553747177,0.3959882855415344,0.5531134605407715,-0.03992355242371559,0.49216440320014954,0.3555329442024231,-0.02052074484527111,0.4408811926841736,0.4678839445114136,-0.03761950880289078,0.4091111123561859,0.5234616994857788,-0.05126268416643143,0.37907302379608154,0.5669650435447693,-0.06263687461614609,0.5177666544914246,0.35404518246650696,-0.04214220866560936,0.4636704921722412,0.45456984639167786,-0.060408517718315125,0.43033620715141296,0.504115104675293,-0.07047924399375916,0.3978939950466156,0.5417232513427734,-0.0781465396285057,0.5537397265434265,0.36208853125572205,-0.062073756009340286,0.513144850730896,0.4164910614490509,-0.08036038279533386,0.48359960317611694,0.4538353979587555,-0.08842013776302338,0.45297273993492126,0.48592960834503174,-0.09473209828138351,sparsh
0.22764374315738678,0.5896109938621521,5.4794398351987184e-08,0.2891911268234253,0.6103470325469971,0.0153347821906209,0.35643672943115234,0.6212400197982788,0.02043765038251877,0.4037541151046753,0.6279503703117371,0.01898849755525589,0.4415069818496704,0.6276043653488159,0.01633848063647747,0.3839946985244751,0.6059538722038269,0.009721883572638035,0.4578254520893097,0.5940009355545044,-0.007909171283245087,0.5138472318649292,0.581410825252533,-0.022709572687745094,0.5586301684379578,0.5707728862762451,-0.03314492478966713,0.3835093379020691,0.6016572713851929,-0.010926980525255203,0.46617379784584045,0.5879852175712585,-0.028373174369335175,0.5278263688087463,0.5786734819412231,-0.04541029408574104,0.5820510387420654,0.5684014558792114,-0.05711903050541878,0.375941663980484,0.6084608435630798,-0.031267374753952026,0.45703911781311035,0.5983521342277527,-0.047515302896499634,0.5107076168060303,0.591947615146637,-0.06130101904273033,0.5565415620803833,0.5844208002090454,-0.07048841565847397,0.3632752597332001,0.6269050240516663,-0.0507487878203392,0.4155624210834503,0.6222276091575623,-0.06375335901975632,0.45251497626304626,0.6174818277359009,-0.07029623538255692,0.48486849665641785,0.6139087677001953,-0.07485120743513107,sparsh
0.6640326976776123,0.27291566133499146,-1.2897223200525332e-07,0.6085808277130127,0.3365349769592285,0.020353464409708977,0.5569221377372742,0.401698499917984,0.02038215659558773,0.5275896191596985,0.4561057686805725,0.0139064472168684,0.5076669454574585,0.5041308403015137,0.004379207268357277,0.48993340134620667,0.34948840737342834,0.0022225605789572,0.4557543098926544,0.44539350271224976,-0.015727918595075607,0.42901694774627686,0.5017667412757874,-0.03093773126602173,0.40291011333465576,0.5475122928619385,-0.04372432082891464,0.501231849193573,0.34375855326652527,-0.023570632562041283,0.44777101278305054,0.45504453778266907,-0.042564429342746735,0.4133048355579376,0.5114682912826538,-0.057303790003061295,0.3833008408546448,0.5571924448013306,-0.06995232403278351,0.5285454392433167,0.34558847546577454,-0.048536818474531174,0.4722970724105835,0.4449694752693176,-0.06966806203126907,0.43812331557273865,0.4949627220630646,-0.08196302503347397,0.405679851770401,0.5357627868652344,-0.09155487269163132,0.5653765797615051,0.35504475235939026,-0.07119682431221008,0.5232035517692566,0.4078400433063507,-0.09394074231386185,0.4922872483730316,0.4440338909626007,-0.10538449883460999,0.460856169462204,0.4773939251899719,-0.1142917275428772,sparsh
0.23644690215587616,0.5784429907798767,1.7110556882471428e-07,0.2958448529243469,0.5862154364585876,0.013517257757484913,0.3601383566856384,0.5979900360107422,0.017572935670614243,0.40402281284332275,0.6078534126281738,0.01560784038156271,0.44033539295196533,0.6097182631492615,0.012389620766043663,0.3926733732223511,0.589827299118042,0.007934396155178547,0.4664142429828644,0.590022087097168,-0.010203643701970577,0.5225841999053955,0.586861789226532,-0.02526450902223587,0.5678751468658447,0.5835960507392883,-0.03563850000500679,0.3919540345668793,0.5900218486785889,-0.011948671191930771,0.47463205456733704,0.5898191928863525,-0.02902628667652607,0.5346226692199707,0.5884731411933899,-0.04536439850926399,0.5871407389640808,0.5851913094520569,-0.05661839246749878,0.38401249051094055,0.6004548072814941,-0.031635966151952744,0.4626431465148926,0.602055549621582,-0.0460965596139431,0.5146821737289429,0.6004899740219116,-0.05786818265914917,0.5594170093536377,0.5964106321334839,-0.06602023541927338,0.3701570928096771,0.621163010597229,-0.05087931826710701,0.4224608838558197,0.6229618787765503,-0.0616757869720459,0.45847514271736145,0.6229004859924316,-0.06629911810159683,0.4904938042163849,0.6231802701950073,-0.06958621740341187,sparsh
0.6698424816131592,0.27332034707069397,-4.6028528544184155e-08,0.6157161593437195,0.3498411476612091,0.016203131526708603,0.5624444484710693,0.4114188849925995,0.014808542095124722,0.5327686071395874,0.46474841237068176,0.007437110412865877,0.5118614435195923,0.5143343806266785,-0.0020476377103477716,0.49541863799095154,0.3494003117084503,0.004202295560389757,0.45889630913734436,0.4455263018608093,-0.012791627086699009,0.4321519136428833,0.5016264319419861,-0.027435263618826866,0.40537092089653015,0.5458021759986877,-0.039635974913835526,0.5041368007659912,0.34346067905426025,-0.019070569425821304,0.44816845655441284,0.45384854078292847,-0.03705271705985069,0.41171693801879883,0.5079658627510071,-0.051662981510162354,0.37834659218788147,0.5509920120239258,-0.06384146213531494,0.5295738577842712,0.3453020453453064,-0.0419708788394928,0.4734450578689575,0.44299572706222534,-0.06195598095655441,0.439264178276062,0.4903106391429901,-0.07335076481103897,0.4063180088996887,0.5288447141647339,-0.08185198158025742,0.5657274723052979,0.3561173379421234,-0.06314603239297867,0.5249696969985962,0.40544864535331726,-0.08327210694551468,0.4955223500728607,0.43911013007164,-0.09294068068265915,0.46511581540107727,0.4700690507888794,-0.10050200670957565,sparsh
0.23326821625232697,0.5748200416564941,1.2426251316810522e-07,0.2957001030445099,0.5880566835403442,0.01864183321595192,0.35910919308662415,0.6026027798652649,0.024838082492351532,0.4011198878288269,0.6135498881340027,0.02364574745297432,0.4375288486480713,0.6175022721290588,0.02118622697889805,0.3935479521751404,0.5920963883399963,0.016933463513851166,0.46401241421699524,0.594901442527771,0.0011057390365749598,0.5176895260810852,0.5933391451835632,-0.012962013483047485,0.5617200136184692,0.5911779999732971,-0.023045821115374565,0.39329081773757935,0.5904380083084106,-0.005462711211293936,0.4738579988479614,0.5946270227432251,-0.020226508378982544,0.5328183174133301,0.5944234728813171,-0.0353778712451458,0.5848707556724548,0.5916752219200134,-0.04624111205339432,0.38555365800857544,0.5975673198699951,-0.027856558561325073,0.46403229236602783,0.6039275527000427,-0.04030458629131317,0.5155305862426758,0.6040380001068115,-0.05110614001750946,0.5600255727767944,0.6017572283744812,-0.059219278395175934,0.3725481331348419,0.6147584915161133,-0.049633827060461044,0.42526453733444214,0.6202413439750671,-0.059905897825956345,0.4615415334701538,0.6226362586021423,-0.06484811007976532,0.49346038699150085,0.6250433325767517,-0.06878216564655304,sparsh
0.6745100021362305,0.27716413140296936,-6.835622201606384e-08,0.6189082860946655,0.35276904702186584,0.01396170910447836,0.5648193359375,0.414273738861084,0.010773399844765663,0.533286452293396,0.46779710054397583,0.0020128029864281416,0.5132527947425842,0.519862174987793,-0.009362874552607536,0.49631041288375854,0.35262981057167053,-0.000574754027184099,0.4588965177536011,0.4444423019886017,-0.01892651803791523,0.43216389417648315,0.49739164113998413,-0.03487174212932587,0.4049839377403259,0.5420640707015991,-0.048088911920785904,0.5070683360099792,0.3447859287261963,-0.023091230541467667,0.45035308599472046,0.450480192899704,-0.04313885420560837,0.4161594808101654,0.504339873790741,-0.05934462696313858,0.3846637010574341,0.5497453808784485,-0.07262086123228073,0.5342133641242981,0.34484201669692993,-0.04502159729599953,0.4766998887062073,0.43878835439682007,-0.06683260947465897,0.44169798493385315,0.48620641231536865,-0.07893240451812744,0.4084414839744568,0.5255837440490723,-0.08755548298358917,0.5716890692710876,0.3553372025489807,-0.06521084904670715,0.52776700258255,0.40869471430778503,-0.08574040234088898,0.4966939389705658,0.4444587230682373,-0.0947740226984024,0.4646915793418884,0.4754090905189514,-0.10181600600481033,sparsh
0.23198489844799042,0.5755314826965332,2.59143945413598e-07,0.2929013669490814,0.5863941311836243,0.010123046115040779,0.3631919026374817,0.6001500487327576,0.012297216802835464,0.41182950139045715,0.6109936237335205,0.009021872654557228,0.4519326090812683,0.6159648895263672,0.0042694006115198135,0.3904778063297272,0.5932970643043518,0.0051772501319646835,0.46281614899635315,0.6060371398925781,-0.014004610478878021,0.5203689336776733,0.6091098189353943,-0.030285265296697617,0.566956102848053,0.6099003553390503,-0.04174467921257019,0.38874688744544983,0.5923677682876587,-0.01395958848297596,0.46817171573638916,0.6053310632705688,-0.032041408121585846,0.5295435786247253,0.6093609929084778,-0.04925486072897911,0.5848857164382935,0.6107761859893799,-0.06122058629989624,0.3791303336620331,0.6007087230682373,-0.033207520842552185,0.4586833119392395,0.6131574511528015,-0.048885636031627655,0.5115661025047302,0.6178449392318726,-0.06006617099046707,0.5583709478378296,0.619449257850647,-0.06775370985269547,0.36269670724868774,0.6183668375015259,-0.052309826016426086,0.41624367237091064,0.6239029765129089,-0.06435463577508926,0.4530971646308899,0.6271023750305176,-0.06862399727106094,0.48628079891204834,0.631809651851654,-0.07158145308494568,sparsh
0.673311710357666,0.28057020902633667,-2.8494824277913722e-08,0.6184800267219543,0.355798602104187,0.015791594982147217,0.5665493011474609,0.41558369994163513,0.013909267261624336,0.5373521447181702,0.46690499782562256,0.00598097825422883,0.5168663859367371,0.5153128504753113,-0.004470634739845991,0.49852538108825684,0.35677456855773926,0.001507332781329751,0.46021419763565063,0.44436436891555786,-0.01725184917449951,0.43199795484542847,0.4952472448348999,-0.03298596665263176,0.4039919376373291,0.5377308130264282,-0.04587520658969879,0.5089638829231262,0.34913137555122375,-0.022263819351792336,0.4509260654449463,0.44964566826820374,-0.042353902012109756,0.41476988792419434,0.5005314350128174,-0.05835670605301857,0.3822886049747467,0.5432982444763184,-0.07127401232719421,0.5357058048248291,0.34822899103164673,-0.04561822861433029,0.47958964109420776,0.43925321102142334,-0.06797191500663757,0.4456019401550293,0.4856247305870056,-0.0807763934135437,0.41337722539901733,0.5244932770729065,-0.08980933576822281,0.5729351043701172,0.35617104172706604,-0.06708812713623047,0.5307188034057617,0.4061052203178406,-0.08893932402133942,0.5014311671257019,0.43982359766960144,-0.09905031323432922,0.4712021052837372,0.4700034260749817,-0.1067025437951088,sparsh
0.23600056767463684,0.5875644087791443,3.5628727346193045e-07,0.2988651394844055,0.5984756350517273,0.009883028455078602,0.3672422766685486,0.611224353313446,0.01051908265799284,0.4125201106071472,0.6205032467842102,0.005577548872679472,0.45099130272865295,0.6246626377105713,-0.0005819991929456592,0.39037835597991943,0.5891917943954468,0.0004121174570173025,0.46307438611984253,0.6053627729415894,-0.021888168528676033,0.5202260613441467,0.6182587146759033,-0.0394335575401783,0.5677480101585388,0.6304972171783447,-0.05116766691207886,0.3889003396034241,0.589972198009491,-0.01924816332757473,0.47089701890945435,0.6104444861412048,-0.03894530609250069,0.5318734645843506,0.6286793947219849,-0.055257365107536316,0.5859148502349854,0.6455483436584473,-0.06596022844314575,0.37853649258613586,0.6045917272567749,-0.03896011412143707,0.45926105976104736,0.6221530437469482,-0.05528256297111511,0.5125839114189148,0.6324337720870972,-0.06474823504686356,0.5586101412773132,0.6415001153945923,-0.07058677822351456,0.3620215654373169,0.6328862309455872,-0.05868317931890488,0.4174647033214569,0.6384645700454712,-0.07014360278844833,0.45552197098731995,0.6417675614356995,-0.07288114726543427,0.48886048793792725,0.6466835737228394,-0.07441049069166183,sparsh
0.6738386154174805,0.2759722173213959,-3.930033898313923e-08,0.6182376146316528,0.3477312922477722,0.014303987845778465,0.5643982291221619,0.40846261382102966,0.013938999734818935,0.5325748324394226,0.46086224913597107,0.007760691922158003,0.5101197957992554,0.5075610876083374,-8.735233132028952e-05,0.4986250698566437,0.3486524224281311,0.007152810227125883,0.45506972074508667,0.43454355001449585,-0.007732392754405737,0.4260782301425934,0.48318958282470703,-0.021116936579346657,0.3983185291290283,0.5236518979072571,-0.03239605948328972,0.5079807043075562,0.341641366481781,-0.013977646827697754,0.4490717351436615,0.4418996572494507,-0.029530249536037445,0.4152117371559143,0.49154311418533325,-0.0427890308201313,0.3841264247894287,0.5322538018226624,-0.05391784757375717,0.532747209072113,0.3432433009147644,-0.03515872359275818,0.47506314516067505,0.43326249718666077,-0.05261221155524254,0.4413376748561859,0.47864365577697754,-0.0627991184592247,0.40937480330467224,0.5146958231925964,-0.07060443609952927,0.5674895644187927,0.3543795049190521,-0.05500056594610214,0.5259048342704773,0.40468961000442505,-0.0720801129937172,0.49776506423950195,0.4356653094291687,-0.0794517993927002,0.4685964286327362,0.4617639183998108,-0.08539777994155884,sparsh
0.22981563210487366,0.5805067420005798,3.8487283404720074e-07,0.29327139258384705,0.5820098519325256,0.010796227492392063,0.3632597029209137,0.59882652759552,0.011253192089498043,0.4107387363910675,0.6174028515815735,0.005902981851249933,0.4496781826019287,0.6284060478210449,-0.0005708759999834001,0.38382959365844727,0.5815250277519226,0.0015605776570737362,0.458858847618103,0.6017450094223022,-0.01927691511809826,0.5143555402755737,0.618177056312561,-0.03494080528616905,0.5587730407714844,0.634368896484375,-0.04487542435526848,0.38376203179359436,0.5858771204948425,-0.017903339117765427,0.4676639437675476,0.6111785769462585,-0.035588402301073074,0.5276737809181213,0.6337106227874756,-0.04948839172720909,0.5778372287750244,0.6548611521720886,-0.058546032756567,0.37551426887512207,0.6036227345466614,-0.03761795535683632,0.4578729271888733,0.6242446303367615,-0.05149846896529198,0.5113829374313354,0.6379110217094421,-0.05991242453455925,0.5549762845039368,0.6497082710266113,-0.06555856764316559,0.36201024055480957,0.6340123414993286,-0.05744030326604843,0.41909530758857727,0.6440984010696411,-0.06574507057666779,0.45702290534973145,0.650058925151825,-0.06746689230203629,0.48862239718437195,0.6555806994438171,-0.06894256174564362,sparsh
0.672111451625824,0.2762739360332489,-6.238936833824482e-08,0.6151518225669861,0.35483720898628235,0.015905940905213356,0.5633460283279419,0.4145171046257019,0.014963269233703613,0.5326189994812012,0.4651954174041748,0.0076822321861982346,0.5086095333099365,0.5122368931770325,-0.0015285706613212824,0.49790340662002563,0.34912043809890747,0.007410332094877958,0.4554780125617981,0.4363754689693451,-0.009731046855449677,0.42655041813850403,0.4883827865123749,-0.025034794583916664,0.39851558208465576,0.5319375395774841,-0.03761724755167961,0.5060628652572632,0.34145814180374146,-0.015442878939211369,0.447998583316803,0.4434114098548889,-0.03313634917140007,0.41379302740097046,0.4960528314113617,-0.04778305068612099,0.38200128078460693,0.5387455821037292,-0.060082096606492996,0.5304476022720337,0.34177690744400024,-0.038355398923158646,0.473405659198761,0.43278345465660095,-0.05777013674378395,0.4391532242298126,0.4804641604423523,-0.06846220791339874,0.40679076313972473,0.5188532471656799,-0.07670222967863083,0.5656925439834595,0.35143643617630005,-0.05980953201651573,0.5247260928153992,0.4016702175140381,-0.07861471176147461,0.49621352553367615,0.43473300337791443,-0.08661654591560364,0.46637246012687683,0.4636705815792084,-0.09315118193626404,sparsh
0.23454871773719788,0.5699043869972229,3.161121924222243e-07,0.2975119650363922,0.5767841339111328,0.016125749796628952,0.3643694818019867,0.5895106196403503,0.01834791526198387,0.4096667468547821,0.6038131713867188,0.013999860733747482,0.44766965508461,0.6110844016075134,0.008133957162499428,0.38950029015541077,0.5751904249191284,0.004274345468729734,0.4614245295524597,0.5921996235847473,-0.016276732087135315,0.5158725380897522,0.6050259470939636,-0.03257890045642853,0.5606188774108887,0.6169114708900452,-0.043470434844493866,0.3885706663131714,0.5766469836235046,-0.017724838107824326,0.47128987312316895,0.5991501808166504,-0.03498651832342148,0.5312000513076782,0.6167217493057251,-0.04946921765804291,0.5823560953140259,0.6320781707763672,-0.059666845947504044,0.3795791268348694,0.5892667174339294,-0.03940557688474655,0.46158474683761597,0.6106691956520081,-0.05322597548365593,0.5141459703445435,0.6234369277954102,-0.062061749398708344,0.5581664443016052,0.6338517069816589,-0.0685938149690628,0.3647778332233429,0.6133792400360107,-0.06052841991186142,0.4191407859325409,0.6256381273269653,-0.07007389515638351,0.4566519558429718,0.631240725517273,-0.07262491434812546,0.48936423659324646,0.6366150379180908,-0.07487063109874725,sparsh
0.6698418855667114,0.26870962977409363,-6.628364701555256e-08,0.608860969543457,0.3354406952857971,0.01897365413606167,0.555350124835968,0.3949180841445923,0.016970669850707054,0.5238016247749329,0.4494604170322418,0.008427225053310394,0.5005078911781311,0.49984830617904663,-0.0031799208372831345,0.4940977990627289,0.3375398516654968,0.0002538579283282161,0.45229557156562805,0.4283888638019562,-0.018254423514008522,0.4247331917285919,0.48013097047805786,-0.03348585218191147,0.3977290391921997,0.5227924585342407,-0.04602888226509094,0.5063796043395996,0.3305773437023163,-0.025342732667922974,0.44493818283081055,0.43344083428382874,-0.04466262832283974,0.4096493721008301,0.4876413345336914,-0.059180449694395065,0.3792663812637329,0.5335159301757812,-0.07174554467201233,0.5348470211029053,0.333570271730423,-0.050068870186805725,0.47356730699539185,0.42706799507141113,-0.07078888267278671,0.4387644827365875,0.4774855375289917,-0.08155058324337006,0.407354474067688,0.518237292766571,-0.09012763202190399,0.5727272033691406,0.34789180755615234,-0.07263819128274918,0.5278523564338684,0.4014251232147217,-0.09287389367818832,0.4965682625770569,0.43548744916915894,-0.10136495530605316,0.46530693769454956,0.46451765298843384,-0.10847114771604538,sparsh
0.23223911225795746,0.5763058066368103,2.820869724473596e-07,0.2960055470466614,0.5789566040039062,0.009070945903658867,0.36698484420776367,0.596501350402832,0.009004239924252033,0.4160187840461731,0.6152722239494324,0.003888004459440708,0.45555436611175537,0.62557452917099,-0.002087455475702882,0.39531782269477844,0.5875318646430969,-2.154210233129561e-05,0.46807610988616943,0.6009047627449036,-0.02025706134736538,0.5212032794952393,0.6100807189941406,-0.035804711282253265,0.5640280246734619,0.6185092926025391,-0.046134769916534424,0.3920982778072357,0.5907929539680481,-0.018878735601902008,0.4728775918483734,0.6105181574821472,-0.036641884595155716,0.5317385196685791,0.6259546875953674,-0.05115760117769241,0.5817010402679443,0.6407178640365601,-0.06093811243772507,0.3795700967311859,0.6043355464935303,-0.038024403154850006,0.45780646800994873,0.6244401335716248,-0.05294964835047722,0.5081319212913513,0.6386286020278931,-0.06201488524675369,0.5504767894744873,0.6509043574333191,-0.0681234747171402,0.3596686124801636,0.6283084750175476,-0.05719061195850372,0.41320279240608215,0.640624463558197,-0.06762862205505371,0.4495149552822113,0.6472749710083008,-0.0705147534608841,0.4809167981147766,0.6544761657714844,-0.07259614020586014,sparsh
0.6702807545661926,0.26854440569877625,1.1772752372962714e-07,0.6049162745475769,0.29844266176223755,0.011832596734166145,0.5475155711174011,0.3592424988746643,0.014113924466073513,0.507634162902832,0.4073590338230133,0.011875346302986145,0.4821437895298004,0.44735661149024963,0.007242209278047085,0.5111846923828125,0.36968711018562317,0.00252019171603024,0.4608122706413269,0.443413645029068,-0.013742928393185139,0.42320096492767334,0.4884864091873169,-0.026981571689248085,0.39074066281318665,0.5237499475479126,-0.037192121148109436,0.5197833180427551,0.36949053406715393,-0.015650402754545212,0.4598194360733032,0.45267999172210693,-0.03130745142698288,0.41645723581314087,0.5008602738380432,-0.04421618580818176,0.3769422769546509,0.5389481782913208,-0.05435426905751228,0.543176531791687,0.37281638383865356,-0.03380357101559639,0.482009619474411,0.4484829306602478,-0.049701377749443054,0.44151532649993896,0.49154728651046753,-0.06056348606944084,0.40388160943984985,0.5241364240646362,-0.06890656054019928,0.5783594250679016,0.3799976706504822,-0.05075245723128319,0.5408043265342712,0.42807555198669434,-0.0675983801484108,0.51054447889328,0.45981454849243164,-0.07597534358501434,0.48054710030555725,0.48533809185028076,-0.0821400135755539,sparsh
0.23117880523204803,0.5822592973709106,2.598983428470092e-07,0.29854559898376465,0.5852274298667908,0.008504722267389297,0.3693581223487854,0.6018242835998535,0.009041192010045052,0.4170922040939331,0.6153682470321655,0.0046843234449625015,0.4567209780216217,0.6212069988250732,-0.0004232244973536581,0.3970869183540344,0.5944617986679077,0.001716765109449625,0.46801114082336426,0.6075419187545776,-0.018035244196653366,0.5206036567687988,0.6146358847618103,-0.0343555323779583,0.5636287331581116,0.620105504989624,-0.04528870806097984,0.3933579623699188,0.5989834070205688,-0.016362596303224564,0.4717589318752289,0.617280900478363,-0.03309907391667366,0.5307393074035645,0.6299212574958801,-0.04779163748025894,0.5817433595657349,0.641972541809082,-0.057921744883060455,0.3798888027667999,0.6134834289550781,-0.03482954949140549,0.45521280169487,0.6332180500030518,-0.04843877628445625,0.5052661299705505,0.6452990770339966,-0.05678534135222435,0.5481547117233276,0.655282199382782,-0.06255538016557693,0.35829809308052063,0.6375793814659119,-0.05353178456425667,0.41076332330703735,0.6499552130699158,-0.06296580284833908,0.4477465748786926,0.6557674407958984,-0.06480491906404495,0.4798005223274231,0.661787211894989,-0.06603870540857315,sparsh
0.6556219458580017,0.2684310972690582,1.2674848903770908e-07,0.589392364025116,0.30685216188430786,0.017683863639831543,0.5381572246551514,0.37020012736320496,0.0192134790122509,0.5013567805290222,0.42187389731407166,0.015386207029223442,0.47894009947776794,0.4660932421684265,0.007836027070879936,0.5059236884117126,0.37677183747291565,-0.007333748508244753,0.45678389072418213,0.4574050307273865,-0.025944679975509644,0.42107608914375305,0.5020593404769897,-0.03896719217300415,0.38848936557769775,0.5384917259216309,-0.04935821518301964,0.5162608027458191,0.37155264616012573,-0.029771488159894943,0.4569654166698456,0.4650113582611084,-0.048977505415678024,0.4161642789840698,0.5144287943840027,-0.06296110898256302,0.3774428963661194,0.5561316609382629,-0.07461506128311157,0.5424245595932007,0.370193749666214,-0.0506666898727417,0.4835240840911865,0.45638802647590637,-0.07011077553033829,0.4452619254589081,0.5025167465209961,-0.08297193050384521,0.40977445244789124,0.5381305813789368,-0.09327767044305801,0.5791544914245605,0.3732675015926361,-0.0692562535405159,0.5405162572860718,0.42304953932762146,-0.09016000479459763,0.5105375647544861,0.45681461691856384,-0.10174929350614548,0.48080122470855713,0.48458677530288696,-0.11088543385267258,sparsh
0.22560866177082062,0.5772770047187805,2.4818925226099964e-07,0.284973680973053,0.5742542743682861,0.010896296240389347,0.35119813680648804,0.5878721475601196,0.011619719676673412,0.39459285140037537,0.6018325686454773,0.006389801390469074,0.43054822087287903,0.6065213680267334,0.0001550604501971975,0.3877794146537781,0.5808746814727783,0.0046125054359436035,0.46380433440208435,0.5965266227722168,-0.014090089127421379,0.5177180767059326,0.6034174561500549,-0.029195047914981842,0.5608397722244263,0.6066538691520691,-0.03924891725182533,0.3867921531200409,0.5875135064125061,-0.01506987027823925,0.47134605050086975,0.6047153472900391,-0.032082848250865936,0.5310937762260437,0.6148595213890076,-0.047062989324331284,0.5822158455848694,0.6223529577255249,-0.05709518492221832,0.37709125876426697,0.6048329472541809,-0.03498506173491478,0.459017813205719,0.6222710609436035,-0.04842327535152435,0.510297954082489,0.6318654417991638,-0.058109350502491,0.5536124110221863,0.6378792524337769,-0.06475471705198288,0.36070576310157776,0.6334822773933411,-0.054915960878133774,0.4161543846130371,0.6450418829917908,-0.06356921792030334,0.4531075060367584,0.6479544639587402,-0.06625761091709137,0.4852583408355713,0.6501791477203369,-0.06819705665111542,sparsh
0.656023383140564,0.24716249108314514,-4.3448508790788765e-08,0.5899906754493713,0.27716028690338135,0.015726791694760323,0.5300060510635376,0.3308263421058655,0.016583425924181938,0.48987066745758057,0.37882277369499207,0.01363171823322773,0.46595045924186707,0.42018231749534607,0.007129633333534002,0.4887920916080475,0.32361993193626404,-0.012812832370400429,0.4467150568962097,0.4129539132118225,-0.031192446127533913,0.4180697202682495,0.4680704176425934,-0.04377174377441406,0.3937770426273346,0.5138267278671265,-0.053303688764572144,0.5052937865257263,0.3191717565059662,-0.03350917622447014,0.44980835914611816,0.41980254650115967,-0.051809411495923996,0.4164541959762573,0.4786197245121002,-0.06273405253887177,0.38905707001686096,0.5280140042304993,-0.07202595472335815,0.5367963314056396,0.3229024410247803,-0.052573852241039276,0.48099854588508606,0.41376036405563354,-0.07153907418251038,0.44800591468811035,0.4691699147224426,-0.08170069754123688,0.41902783513069153,0.512108325958252,-0.08956468850374222,0.5772658586502075,0.33474332094192505,-0.06933287531137466,0.5342316031455994,0.3880883455276489,-0.08984994888305664,0.5030918717384338,0.4239603579044342,-0.0997803583741188,0.473516583442688,0.45405423641204834,-0.1071193665266037,sparsh
0.23076358437538147,0.5831059217453003,2.3226495216022158e-07,0.29471927881240845,0.5853979587554932,0.009634016081690788,0.3624010682106018,0.6012420654296875,0.010497738607227802,0.40738025307655334,0.6167131066322327,0.0057977051474153996,0.44465118646621704,0.6229696273803711,0.0001946141419466585,0.39157602190971375,0.5956979393959045,0.003207302652299404,0.466855525970459,0.6028648018836975,-0.016809705644845963,0.5219746828079224,0.6042783856391907,-0.03293769061565399,0.5668715238571167,0.6045892834663391,-0.04369557648897171,0.3895891308784485,0.5967193245887756,-0.015661979094147682,0.4729522466659546,0.6067323684692383,-0.03414991870522499,0.5340303778648376,0.6116586327552795,-0.05045517534017563,0.5873010158538818,0.6147923469543457,-0.06139518320560455,0.38016772270202637,0.6084970831871033,-0.0347236692905426,0.46072208881378174,0.6192363500595093,-0.04944521561264992,0.5142911672592163,0.6240147948265076,-0.059992555528879166,0.5598981380462646,0.6255227327346802,-0.06709779798984528,0.36457958817481995,0.6309478282928467,-0.053874995559453964,0.41879820823669434,0.6373720765113831,-0.06398146599531174,0.45717182755470276,0.6380821466445923,-0.06769502907991409,0.4907762110233307,0.6377043128013611,-0.07024539262056351,sparsh
0.6289788484573364,0.2111307680606842,-1.37278021838938e-07,0.5659054517745972,0.2544630467891693,0.015974095091223717,0.5110000967979431,0.31655511260032654,0.016064591705799103,0.47658154368400574,0.36886245012283325,0.011830189265310764,0.4596763849258423,0.41616228222846985,0.004388521425426006,0.4642218053340912,0.306711345911026,-0.007913032546639442,0.43297722935676575,0.4063257873058319,-0.026612183079123497,0.4124985337257385,0.4672015309333801,-0.04054432362318039,0.3952270746231079,0.5167905688285828,-0.05085747316479683,0.4808630347251892,0.30045685172080994,-0.028591115027666092,0.4373180568218231,0.41471531987190247,-0.045733436942100525,0.412263959646225,0.4804067611694336,-0.0563238188624382,0.39343371987342834,0.5345884561538696,-0.06559349596500397,0.5124815106391907,0.30093303322792053,-0.04815845191478729,0.4681965112686157,0.40422922372817993,-0.0660850927233696,0.44411414861679077,0.4657263159751892,-0.07487023621797562,0.4234362244606018,0.5146786570549011,-0.08175374567508698,0.5537808537483215,0.30778005719184875,-0.06566985696554184,0.5179040431976318,0.3687523901462555,-0.08497393876314163,0.4916025698184967,0.4118031859397888,-0.09367544949054718,0.4665083885192871,0.45054054260253906,-0.10002994537353516,sparsh
0.2308739274740219,0.5779740214347839,2.0514971765805967e-07,0.2955963909626007,0.5850331783294678,0.013221874833106995,0.36415529251098633,0.6016383171081543,0.017187831923365593,0.4099455177783966,0.6167171597480774,0.015180224552750587,0.44870561361312866,0.6230839490890503,0.012935369275510311,0.3925583064556122,0.5836316347122192,0.009801428765058517,0.4680148959159851,0.587800145149231,-0.0073461029678583145,0.5218402147293091,0.5871380567550659,-0.02107565477490425,0.5655951499938965,0.5855515599250793,-0.030160365626215935,0.39140763878822327,0.5865387320518494,-0.009630383923649788,0.4760506749153137,0.5944958329200745,-0.02497517503798008,0.5364482998847961,0.5996349453926086,-0.038870833814144135,0.588604211807251,0.6042150855064392,-0.04812822490930557,0.38268813490867615,0.6022877097129822,-0.029270535334944725,0.46384042501449585,0.6153678297996521,-0.04182508960366249,0.5147749781608582,0.6234096884727478,-0.0508018359541893,0.5583730936050415,0.6289147138595581,-0.056786421686410904,0.36769258975982666,0.630953311920166,-0.04875878989696503,0.4210573732852936,0.638961672782898,-0.05706566944718361,0.4576898217201233,0.6404942274093628,-0.0594526082277298,0.4900099039077759,0.641793966293335,-0.06111577898263931,sparsh
0.5749108195304871,0.169227734208107,-1.5420870624893723e-07,0.5170239806175232,0.220223069190979,0.013189858756959438,0.4687802195549011,0.29287660121917725,0.010316790081560612,0.44004812836647034,0.3556444048881531,0.0038169228937476873,0.4275745749473572,0.4067891538143158,-0.005837243515998125,0.42480409145355225,0.29232147336006165,-0.01828671246767044,0.39770177006721497,0.3952427804470062,-0.041921041905879974,0.38681674003601074,0.4626084566116333,-0.0587821826338768,0.3814319372177124,0.5146155953407288,-0.06971914321184158,0.442266583442688,0.2813239097595215,-0.03821231797337532,0.4085133671760559,0.39947617053985596,-0.05733500048518181,0.39432424306869507,0.4738537669181824,-0.06822604686021805,0.3879411220550537,0.5316531658172607,-0.07770581543445587,0.47481200098991394,0.27252188324928284,-0.05703656002879143,0.4406004250049591,0.3814142942428589,-0.07512882351875305,0.4264078438282013,0.4464688003063202,-0.08395741134881973,0.4174898862838745,0.49687623977661133,-0.09122524410486221,0.5176091194152832,0.26723170280456543,-0.0739726647734642,0.4881104528903961,0.3330564796924591,-0.09281137585639954,0.4686361253261566,0.37876296043395996,-0.10127091407775879,0.45233801007270813,0.41865378618240356,-0.10754802823066711,sparsh
0.23871596157550812,0.5861247777938843,1.7016374442846427e-07,0.3074376881122589,0.5949430465698242,0.01714196428656578,0.37497010827064514,0.6109595894813538,0.022128209471702576,0.42026108503341675,0.6255795955657959,0.02056160755455494,0.4590974748134613,0.6327434778213501,0.01878688856959343,0.4036431312561035,0.59062659740448,0.012694881297647953,0.47922417521476746,0.5918817520141602,-0.002735268557444215,0.5307971239089966,0.5921198129653931,-0.01486913301050663,0.5733891725540161,0.5915555357933044,-0.022976521402597427,0.4018469750881195,0.5946077704429626,-0.007770889438688755,0.48712432384490967,0.60024493932724,-0.0222184918820858,0.5457679033279419,0.606377363204956,-0.034953951835632324,0.5966747403144836,0.6105963587760925,-0.043575219810009,0.39277079701423645,0.6101745367050171,-0.028129423037171364,0.47429099678993225,0.6202582120895386,-0.03963802382349968,0.5243933200836182,0.6268873810768127,-0.04822751507163048,0.5671365261077881,0.6300739645957947,-0.054263900965452194,0.3783666789531708,0.6382529139518738,-0.047957710921764374,0.4318726658821106,0.6456528902053833,-0.05578631907701492,0.4689772129058838,0.6461508870124817,-0.05898316949605942,0.50128173828125,0.6454119086265564,-0.06148101016879082,sparsh
0.5608053207397461,0.1813124120235443,-2.527893059323105e-07,0.5123036503791809,0.2617529034614563,0.018052972853183746,0.46276989579200745,0.33475351333618164,0.01689578779041767,0.42996692657470703,0.38886648416519165,0.011035650037229061,0.4106728732585907,0.4361826777458191,0.002515461528673768,0.4083694815635681,0.29879385232925415,-0.011569981463253498,0.3795156478881836,0.40167519450187683,-0.03597395867109299,0.3716300129890442,0.47174304723739624,-0.05390600487589836,0.3713383078575134,0.5296158790588379,-0.0651102215051651,0.4210923910140991,0.2840293347835541,-0.033740293234586716,0.3907521069049835,0.4044719934463501,-0.053568702191114426,0.38280272483825684,0.48295465111732483,-0.06539926677942276,0.3817385733127594,0.5469834208488464,-0.07528954744338989,0.44930997490882874,0.2755773961544037,-0.05473318323493004,0.41646134853363037,0.38868027925491333,-0.07254258543252945,0.40629634261131287,0.4591912031173706,-0.07975839823484421,0.39929506182670593,0.5165656805038452,-0.08579260855913162,0.4899755120277405,0.2748662233352661,-0.0736939013004303,0.4640503525733948,0.3456498086452484,-0.0917840301990509,0.4458407163619995,0.3956218361854553,-0.09884003549814224,0.4276244342327118,0.4399213194847107,-0.1038942039012909,sparsh
0.23445665836334229,0.5824910998344421,2.2527370902025723e-07,0.3010561466217041,0.5954995155334473,0.013735217042267323,0.37030476331710815,0.6142627596855164,0.016639376059174538,0.414870023727417,0.6338657736778259,0.013376166112720966,0.4529547393321991,0.6401123404502869,0.009784623049199581,0.40629175305366516,0.5851890444755554,0.008832704275846481,0.4820587933063507,0.5946563482284546,-0.008184750564396381,0.5351502895355225,0.59949791431427,-0.022310050204396248,0.577674388885498,0.6033030152320862,-0.03197257220745087,0.40306076407432556,0.5877399444580078,-0.011426507495343685,0.48784229159355164,0.6010146737098694,-0.026204826310276985,0.5467823147773743,0.6110388040542603,-0.04034100100398064,0.5974871516227722,0.6202728748321533,-0.050244443118572235,0.3905717730522156,0.6048842668533325,-0.031778495758771896,0.4738607704639435,0.6210716962814331,-0.04416685178875923,0.5244771242141724,0.6316035985946655,-0.05384569615125656,0.5671809911727905,0.6388955116271973,-0.06088550016283989,0.3706497251987457,0.6357575058937073,-0.051853813230991364,0.4235730469226837,0.6468084454536438,-0.06025918573141098,0.4598081707954407,0.6499484777450562,-0.06317291408777237,0.49187904596328735,0.652310311794281,-0.06558159738779068,sparsh
0.5540903210639954,0.17322637140750885,-2.3526915526872472e-07,0.5017969608306885,0.2372860312461853,0.016158264130353928,0.453975111246109,0.3095444440841675,0.014708315953612328,0.42320504784584045,0.3659980297088623,0.008792954497039318,0.40660494565963745,0.4166361689567566,-0.00010772008681669831,0.40551018714904785,0.2936103940010071,-0.010583002120256424,0.3841751217842102,0.40187346935272217,-0.03319510072469711,0.375104159116745,0.46987929940223694,-0.050432123243808746,0.37072622776031494,0.5263118743896484,-0.062167972326278687,0.4184831380844116,0.2826235592365265,-0.031492579728364944,0.3946094214916229,0.40728306770324707,-0.05133851245045662,0.38352805376052856,0.48428478837013245,-0.0647001713514328,0.3771243691444397,0.5491652488708496,-0.07616578042507172,0.4467172622680664,0.2765803933143616,-0.05124850943684578,0.4167318344116211,0.39226168394088745,-0.06998219341039658,0.4031828045845032,0.4611501097679138,-0.07907132059335709,0.3906778395175934,0.5181431770324707,-0.08661609143018723,0.4869542121887207,0.2776366174221039,-0.06895381212234497,0.46123257279396057,0.346065878868103,-0.0886753723025322,0.44055455923080444,0.3929952085018158,-0.09754389524459839,0.4188878834247589,0.43474817276000977,-0.10403049737215042,sparsh
0.22781622409820557,0.5819169878959656,2.140368167147244e-07,0.2929362952709198,0.6007494926452637,0.014940387569367886,0.36063352227211,0.6174201965332031,0.018591342493891716,0.4063074588775635,0.6340341567993164,0.01579214632511139,0.4437137246131897,0.6386846303939819,0.01244451105594635,0.3977358043193817,0.5882430672645569,0.01161294523626566,0.4733533263206482,0.5927045345306396,-0.005123646929860115,0.5281704664230347,0.5951902866363525,-0.020021388307213783,0.5723768472671509,0.5973107218742371,-0.030408808961510658,0.39550986886024475,0.5880041718482971,-0.008593360893428326,0.48039159178733826,0.5985276699066162,-0.022540031000971794,0.5396239161491394,0.6070771813392639,-0.03665235638618469,0.5906397104263306,0.6149553060531616,-0.046739161014556885,0.38480478525161743,0.6016530394554138,-0.028850384056568146,0.4678986668586731,0.6162533164024353,-0.03987365588545799,0.5196561813354492,0.625405490398407,-0.0485093928873539,0.5630566477775574,0.6318495273590088,-0.05518164485692978,0.3670763671398163,0.6282328367233276,-0.048892583698034286,0.41927993297576904,0.6392912864685059,-0.05616452917456627,0.45580050349235535,0.6421855092048645,-0.058194153010845184,0.4881352484226227,0.6440160274505615,-0.06011425703763962,sparsh
0.5655009746551514,0.18185293674468994,-2.587908056739252e-07,0.5176787972450256,0.26553022861480713,0.016919471323490143,0.4669956564903259,0.3346267342567444,0.015941310673952103,0.4340398609638214,0.3826097846031189,0.009902612306177616,0.4145377278327942,0.4262523353099823,0.0012950669042766094,0.40844663977622986,0.29920321702957153,-0.004828180652111769,0.3865470290184021,0.3987075984477997,-0.027231480926275253,0.3797394633293152,0.46608638763427734,-0.045294445008039474,0.3781445622444153,0.5208290815353394,-0.057617057114839554,0.42051249742507935,0.28458350896835327,-0.02657339721918106,0.3947083055973053,0.40108391642570496,-0.046421200037002563,0.3854091465473175,0.4764019548892975,-0.060508470982313156,0.38120943307876587,0.5393350124359131,-0.07233285158872604,0.44850677251815796,0.27732565999031067,-0.0477026104927063,0.41728341579437256,0.38767555356025696,-0.06728839874267578,0.40449339151382446,0.4579209089279175,-0.07642100751399994,0.39321479201316833,0.5159848928451538,-0.08356067538261414,0.4889121949672699,0.2787166237831116,-0.06687190383672714,0.4603046476840973,0.34836140275001526,-0.08656869828701019,0.4399009644985199,0.3974381685256958,-0.09495162963867188,0.41912123560905457,0.4409860372543335,-0.10109619796276093,sparsh
0.20922450721263885,0.5815310478210449,1.052593887607145e-07,0.2720199525356293,0.596538245677948,0.02183944173157215,0.3356837332248688,0.6042481660842896,0.027697868645191193,0.37732210755348206,0.6148191690444946,0.02560727670788765,0.41426536440849304,0.617682158946991,0.02255481295287609,0.3726382553577423,0.5691394209861755,0.016272755339741707,0.4510078728199005,0.5721109509468079,0.0005146446055732667,0.5039981603622437,0.5695583820343018,-0.01261313259601593,0.5466277003288269,0.5653902888298035,-0.02165825292468071,0.3706333041191101,0.5702825784683228,-0.006759446579962969,0.45996716618537903,0.5735155344009399,-0.021834643557667732,0.5190807580947876,0.5755313038825989,-0.035484664142131805,0.570621132850647,0.5741836428642273,-0.04492130130529404,0.36323991417884827,0.5836840867996216,-0.02959059551358223,0.45216548442840576,0.5886311531066895,-0.04207348823547363,0.5050673484802246,0.5910128951072693,-0.05207554250955582,0.5494689345359802,0.5897912979125977,-0.05940452218055725,0.3517046570777893,0.6097958087921143,-0.05132078751921654,0.40797749161720276,0.6138719916343689,-0.06114552170038223,0.4455379843711853,0.6123603582382202,-0.06582586467266083,0.47869980335235596,0.6094444990158081,-0.06951898336410522,sparsh
0.5979650020599365,0.2048080563545227,-7.19229689138956e-08,0.5412731766700745,0.25333118438720703,0.013732630759477615,0.48735350370407104,0.3113238215446472,0.012016763910651207,0.4520387649536133,0.3579515814781189,0.0063162194564938545,0.4326017498970032,0.40149161219596863,-0.0022467030212283134,0.44258633255958557,0.3031919002532959,-0.011443604715168476,0.40564772486686707,0.39807432889938354,-0.03060866706073284,0.3849872946739197,0.4583711624145508,-0.04433940723538399,0.3677207827568054,0.5086690187454224,-0.05425935238599777,0.4564865231513977,0.2963070571422577,-0.03112802840769291,0.4112433195114136,0.4057741165161133,-0.049373701214790344,0.3883128762245178,0.47311028838157654,-0.060548700392246246,0.3718373775482178,0.5295687913894653,-0.06984033435583115,0.4854355752468109,0.29502785205841064,-0.04959201067686081,0.44515660405158997,0.3970729410648346,-0.06714703887701035,0.42519477009773254,0.4627596139907837,-0.07501046359539032,0.40818601846694946,0.5138614177703857,-0.08111046999692917,0.524412989616394,0.3007951080799103,-0.06629588454961777,0.49054399132728577,0.36523276567459106,-0.08358355611562729,0.465768426656723,0.4081653952598572,-0.09051477909088135,0.4415820837020874,0.44459670782089233,-0.09564744681119919,sparsh
0.21022634208202362,0.5771133303642273,1.6647436495986767e-07,0.27459803223609924,0.5940882563591003,0.02205835096538067,0.3393465578556061,0.6084523797035217,0.02755696326494217,0.3816274106502533,0.6269484162330627,0.025557784363627434,0.4201165437698364,0.6345276236534119,0.02237747795879841,0.3757781684398651,0.5682591199874878,0.013635819777846336,0.4522213339805603,0.5691694617271423,-0.002486908109858632,0.5044402480125427,0.5675922632217407,-0.01569029502570629,0.5479057431221008,0.5646072626113892,-0.024957338348031044,0.37403035163879395,0.5708089470863342,-0.010097120888531208,0.4626229405403137,0.5737975835800171,-0.024425353854894638,0.5228362083435059,0.5765963792800903,-0.03816750645637512,0.5747907757759094,0.5764163732528687,-0.048346906900405884,0.3653007745742798,0.5852775573730469,-0.03335750848054886,0.45189541578292847,0.5888674855232239,-0.04584073647856712,0.504755437374115,0.5900214910507202,-0.05631460249423981,0.5490052700042725,0.5884199142456055,-0.0644877627491951,0.3528575003147125,0.6129346489906311,-0.0553252212703228,0.4093462824821472,0.6120070219039917,-0.06607235968112946,0.4475615620613098,0.6082684397697449,-0.07118230313062668,0.4812857508659363,0.6042554974555969,-0.07547903805971146,sparsh
0.6165837049484253,0.22221583127975464,-2.370945928475976e-08,0.556656002998352,0.2588447332382202,0.012158666737377644,0.4999116063117981,0.3089004158973694,0.00928306020796299,0.4586629569530487,0.346513569355011,0.0028225642163306475,0.43089351058006287,0.3781522214412689,-0.006795257329940796,0.4592091143131256,0.30700165033340454,-0.016045501455664635,0.4210854172706604,0.40100449323654175,-0.03629114478826523,0.3981384038925171,0.460931658744812,-0.050272561609745026,0.3780590295791626,0.5108160972595215,-0.060340579599142075,0.47423288226127625,0.303769052028656,-0.03552508354187012,0.42340758442878723,0.40975040197372437,-0.055049147456884384,0.3953390121459961,0.4733377695083618,-0.06684593856334686,0.37381091713905334,0.5264610052108765,-0.07650259137153625,0.5042276978492737,0.30645954608917236,-0.05351203307509422,0.4579416811466217,0.40499576926231384,-0.07282496243715286,0.43318456411361694,0.4687119424343109,-0.08157584816217422,0.41284695267677307,0.5183454751968384,-0.08810005336999893,0.543939471244812,0.31664711236953735,-0.06961829215288162,0.5069032907485962,0.3799822926521301,-0.08835814893245697,0.48044946789741516,0.4210837781429291,-0.0956130251288414,0.454986572265625,0.4558371901512146,-0.10085693746805191,sparsh
0.21172422170639038,0.5837881565093994,1.3820765332184237e-07,0.2758275866508484,0.6033710837364197,0.030283065512776375,0.34047454595565796,0.6151677966117859,0.03971178084611893,0.3823879063129425,0.6293175220489502,0.040024612098932266,0.42092615365982056,0.6334841251373291,0.03881087526679039,0.376973956823349,0.5680572986602783,0.022812234237790108,0.4518817067146301,0.5708154439926147,0.010348858311772346,0.5040816068649292,0.5704131126403809,-0.0012060466688126326,0.5483900308609009,0.5689869523048401,-0.009943925775587559,0.375426322221756,0.5710113644599915,-0.0041351825930178165,0.46239346265792847,0.5753703117370605,-0.014684861525893211,0.5229036211967468,0.578578531742096,-0.02698257938027382,0.5762088298797607,0.5790086984634399,-0.037222571671009064,0.36730143427848816,0.5862745046615601,-0.030034851282835007,0.4539705812931061,0.5937638282775879,-0.03878181427717209,0.5067237019538879,0.5956392884254456,-0.048123061656951904,0.5516016483306885,0.5948041081428528,-0.05684073641896248,0.3560696244239807,0.6148200035095215,-0.05408913642168045,0.41159287095069885,0.6153684854507446,-0.06233283504843712,0.4488469362258911,0.6141173839569092,-0.06662862002849579,0.48220354318618774,0.6130873560905457,-0.07119974493980408,sparsh
0.6270528435707092,0.23841235041618347,1.4751674548563187e-08,0.5714781284332275,0.2792106866836548,0.01520746760070324,0.5184941291809082,0.3308521807193756,0.013622392900288105,0.4810482859611511,0.3713560402393341,0.008006163872778416,0.45792049169540405,0.40970346331596375,-0.0008818461210466921,0.4755624532699585,0.31780752539634705,-0.01765315607190132,0.4307404160499573,0.41228121519088745,-0.03871830552816391,0.4019153118133545,0.4699808955192566,-0.05172468721866608,0.3768227696418762,0.5177516937255859,-0.061059072613716125,0.48855119943618774,0.31219998002052307,-0.039353642612695694,0.4342426359653473,0.41981178522109985,-0.06060945615172386,0.4026781916618347,0.48239946365356445,-0.0722249448299408,0.3773247003555298,0.5335814356803894,-0.08119659870862961,0.5170519351959229,0.31532010436058044,-0.05928981304168701,0.46790391206741333,0.4153140187263489,-0.08101749420166016,0.44087955355644226,0.47873878479003906,-0.09104006737470627,0.4167874753475189,0.5277698040008545,-0.09797362238168716,0.5561489462852478,0.32826605439186096,-0.0768754705786705,0.5193297863006592,0.3881491720676422,-0.0993758887052536,0.4914981722831726,0.42882630228996277,-0.10905306786298752,0.4632498621940613,0.4636065661907196,-0.11553911119699478,sparsh
0.21890495717525482,0.5782727003097534,2.5320531449324335e-07,0.28235870599746704,0.5718694925308228,0.010050401091575623,0.350664883852005,0.5765925645828247,0.01057093683630228,0.3990662693977356,0.5834183096885681,0.005336127243936062,0.4383305311203003,0.5878118872642517,-0.001291086315177381,0.37183764576911926,0.566677451133728,0.001825644401833415,0.4474108815193176,0.5655273199081421,-0.019267786294221878,0.5045443773269653,0.5620350241661072,-0.03591959923505783,0.5520504117012024,0.5582969784736633,-0.04718151316046715,0.37147367000579834,0.5692631006240845,-0.017802592366933823,0.4551582932472229,0.5678532123565674,-0.03733443096280098,0.5170323252677917,0.5657743811607361,-0.054259393364191055,0.5719303488731384,0.5631257891654968,-0.06573141366243362,0.3638925850391388,0.5836777091026306,-0.03742898255586624,0.4450286030769348,0.5831916332244873,-0.0542169064283371,0.4978145956993103,0.5821229815483093,-0.065315380692482,0.5432054400444031,0.5791587233543396,-0.07249085605144501,0.3507194221019745,0.6104515194892883,-0.05686377361416817,0.4057650864124298,0.6058969497680664,-0.06894147396087646,0.44250309467315674,0.6020064353942871,-0.07263917475938797,0.4749831259250641,0.5988946557044983,-0.07501523941755295,sparsh
0.6594116687774658,0.2623031735420227,8.491910818975157e-08,0.5938339233398438,0.2902774512767792,0.016201963648200035,0.5344881415367126,0.349138081073761,0.017806565389037132,0.4922867715358734,0.39684098958969116,0.015330525115132332,0.46674802899360657,0.43745699524879456,0.009626074694097042,0.4971543550491333,0.3407076299190521,-0.011959915980696678,0.443683385848999,0.4180828928947449,-0.031081607565283775,0.4067503809928894,0.4642956554889679,-0.043450839817523956,0.3749520778656006,0.5011420249938965,-0.05286649242043495,0.5108853578567505,0.3395913243293762,-0.03317642584443092,0.4441654682159424,0.4291553497314453,-0.052783217281103134,0.40082526206970215,0.4809007942676544,-0.06524492800235748,0.36337417364120483,0.5235006213188171,-0.07524007558822632,0.539551317691803,0.3454101085662842,-0.05278804153203964,0.4766991138458252,0.4286131262779236,-0.07270985841751099,0.4376186728477478,0.47789955139160156,-0.0854794830083847,0.4025709927082062,0.5147936344146729,-0.09510119259357452,0.5785619616508484,0.35883086919784546,-0.07000356167554855,0.5364741086959839,0.4110126793384552,-0.09230337291955948,0.5038498640060425,0.44536900520324707,-0.10486670583486557,0.47139886021614075,0.47328025102615356,-0.11406347900629044,sparsh
0.22171525657176971,0.5809246301651001,2.507130147932912e-07,0.2831270098686218,0.5700467824935913,0.005379306618124247,0.35076314210891724,0.5786324143409729,0.005002784077078104,0.4001780152320862,0.5889517068862915,-0.00017855915939435363,0.4395608603954315,0.595433235168457,-0.006463572848588228,0.37160399556159973,0.5712458491325378,0.0009821297135204077,0.44604188203811646,0.5733264684677124,-0.019865278154611588,0.503709077835083,0.5703054070472717,-0.03712158277630806,0.552060604095459,0.5663537979125977,-0.048802025616168976,0.3738029897212982,0.5773670077323914,-0.01595505140721798,0.4533538222312927,0.5756591558456421,-0.034561946988105774,0.5151662826538086,0.5717350840568542,-0.05137699842453003,0.570908784866333,0.5666555166244507,-0.0628276839852333,0.3690086603164673,0.5935225486755371,-0.033399421721696854,0.4474288523197174,0.5911388397216797,-0.049078747630119324,0.5012230277061462,0.5870901346206665,-0.058917682617902756,0.5469539761543274,0.5811028480529785,-0.06524622440338135,0.35848096013069153,0.6189867258071899,-0.05136719346046448,0.4137493371963501,0.6132205128669739,-0.06258642673492432,0.4515184760093689,0.6084415316581726,-0.06531933695077896,0.4842962920665741,0.6040536761283875,-0.0668102577328682,sparsh
0.664514422416687,0.2832055687904358,1.3586340230631322e-07,0.594550609588623,0.3069661557674408,0.013675411231815815,0.536777675151825,0.3713208734989166,0.015230599790811539,0.49615105986595154,0.42195436358451843,0.01252028252929449,0.4698144495487213,0.46219009160995483,0.006885852664709091,0.5008374452590942,0.3681531250476837,-0.008718586526811123,0.4485568404197693,0.4437175393104553,-0.028642794117331505,0.410973459482193,0.4857470691204071,-0.04268756881356239,0.3770275115966797,0.5187391638755798,-0.05354832857847214,0.5142616033554077,0.3676679730415344,-0.029042571783065796,0.45106393098831177,0.4554659426212311,-0.0494665801525116,0.40589362382888794,0.5040783882141113,-0.06358487904071808,0.3637348413467407,0.5442728996276855,-0.07486501336097717,0.5429089069366455,0.37173357605934143,-0.04857013374567032,0.48301276564598083,0.4517451524734497,-0.07010335475206375,0.44489461183547974,0.4969533383846283,-0.08335385471582413,0.4091571271419525,0.5323562622070312,-0.0929654911160469,0.5824599266052246,0.3808649182319641,-0.06620948016643524,0.5427805781364441,0.43101921677589417,-0.090390644967556,0.5116015076637268,0.46517056226730347,-0.10373153537511826,0.47961628437042236,0.49451953172683716,-0.1131904125213623,sparsh
0.2215854972600937,0.584272027015686,2.778809573555918e-07,0.28533220291137695,0.5770565867424011,0.008725641295313835,0.35376977920532227,0.5871198177337646,0.008958875201642513,0.4010316729545593,0.5987325310707092,0.004046098794788122,0.4395429491996765,0.6028345227241516,-0.0021097806748002768,0.3746545612812042,0.5790857076644897,0.0012149784015491605,0.44858425855636597,0.5814548134803772,-0.01916057989001274,0.5050560832023621,0.5779029726982117,-0.03576556593179703,0.5517827272415161,0.574016809463501,-0.04700502008199692,0.3744466304779053,0.5829412937164307,-0.0173664428293705,0.45462143421173096,0.5840778946876526,-0.036205630749464035,0.5157392024993896,0.5795746445655823,-0.05304132401943207,0.5693158507347107,0.5736197829246521,-0.06444541364908218,0.3667806088924408,0.5990242958068848,-0.035878751426935196,0.44729745388031006,0.6014965772628784,-0.05202696472406387,0.5015466213226318,0.598983883857727,-0.06291235983371735,0.5481006503105164,0.594258189201355,-0.07003869116306305,0.3533487319946289,0.6270530223846436,-0.05431785061955452,0.40857404470443726,0.628214955329895,-0.06636369973421097,0.4462195336818695,0.6257266402244568,-0.07001207768917084,0.47946858406066895,0.6229553818702698,-0.07221617549657822,sparsh
0.655007004737854,0.29494255781173706,1.9439445964053448e-07,0.5846548676490784,0.31250953674316406,0.014432039111852646,0.5251810550689697,0.37490352988243103,0.015767758712172508,0.48137807846069336,0.4197370409965515,0.01282213069498539,0.45193183422088623,0.4520265460014343,0.006974310614168644,0.4971676766872406,0.3842121958732605,-0.011516298167407513,0.44149792194366455,0.4549717307090759,-0.031013809144496918,0.4018547534942627,0.49382293224334717,-0.04424615949392319,0.3664655089378357,0.5222476124763489,-0.05441416800022125,0.512738049030304,0.3875712752342224,-0.03254011273384094,0.4482012987136841,0.47143763303756714,-0.05171304568648338,0.401682049036026,0.5156546831130981,-0.06538582593202591,0.360116183757782,0.5492143034934998,-0.07637587934732437,0.5424396991729736,0.3900943398475647,-0.05214737728238106,0.4821397662162781,0.47045761346817017,-0.07193601876497269,0.44218456745147705,0.5134904980659485,-0.08505073934793472,0.40535974502563477,0.5453524589538574,-0.095218725502491,0.5818303227424622,0.39240434765815735,-0.06973081082105637,0.5460504293441772,0.4424976408481598,-0.09301996976137161,0.5155797600746155,0.47680896520614624,-0.10577955096960068,0.4852334260940552,0.50725919008255,-0.11479537934064865,sparsh
0.22047142684459686,0.5815261602401733,2.734117288127891e-07,0.2824578285217285,0.5763991475105286,0.011601578444242477,0.34786900877952576,0.5822978019714355,0.012840019538998604,0.39348071813583374,0.5912027359008789,0.0085145877674222,0.4304490387439728,0.5945919156074524,0.002570348558947444,0.369623064994812,0.5714467763900757,0.002068246016278863,0.44477251172065735,0.5744404792785645,-0.01789066754281521,0.5021207928657532,0.5723508596420288,-0.033554062247276306,0.549102783203125,0.5700406432151794,-0.04415667802095413,0.3693355619907379,0.5763263702392578,-0.01760597713291645,0.4524034559726715,0.580075204372406,-0.03603004664182663,0.5140451192855835,0.5781209468841553,-0.052659228444099426,0.5684301853179932,0.5748945474624634,-0.06389757245779037,0.36092787981033325,0.5939813852310181,-0.03686283528804779,0.44259321689605713,0.5989357829093933,-0.05329287797212601,0.4971354007720947,0.5980290770530701,-0.06509310007095337,0.5440434217453003,0.5953656435012817,-0.07286284118890762,0.34618353843688965,0.6234590411186218,-0.055548783391714096,0.39999061822891235,0.6248769760131836,-0.06854119896888733,0.4369961619377136,0.6227489113807678,-0.07304098457098007,0.470572829246521,0.6218956112861633,-0.07577396184206009,sparsh
0.6589722633361816,0.3037745952606201,1.598332772800859e-07,0.5895848274230957,0.3271266520023346,0.015287577174603939,0.5309005379676819,0.3886890411376953,0.015044127590954304,0.48689335584640503,0.43217623233795166,0.010846165008842945,0.4569512605667114,0.46241632103919983,0.0031341910362243652,0.49731066823005676,0.3861466944217682,-0.017796751111745834,0.44441914558410645,0.46151939034461975,-0.03898339718580246,0.40603315830230713,0.50224369764328,-0.05331280082464218,0.37108781933784485,0.5328894257545471,-0.06447095423936844,0.5130127668380737,0.38358643651008606,-0.03966633602976799,0.449687659740448,0.4703272581100464,-0.060140062123537064,0.403403639793396,0.5151947140693665,-0.07382627576589584,0.36053043603897095,0.5500245094299316,-0.08547435700893402,0.5442675352096558,0.38373035192489624,-0.059695661067962646,0.4830019474029541,0.4657706320285797,-0.0804438367486,0.442720890045166,0.5103750228881836,-0.09318792819976807,0.4048748016357422,0.5431739091873169,-0.10352620482444763,0.5856008529663086,0.3866884112358093,-0.0773911103606224,0.5476218461990356,0.43900448083877563,-0.10247589647769928,0.5158224701881409,0.47447171807289124,-0.1160147562623024,0.48343899846076965,0.5055092573165894,-0.12580738961696625,sparsh
0.21601587533950806,0.585599958896637,2.503586244984035e-07,0.28003907203674316,0.5790814161300659,0.010850667022168636,0.3463404178619385,0.591195285320282,0.013698263093829155,0.3932800590991974,0.6042303442955017,0.010729427449405193,0.4315674304962158,0.6123037934303284,0.006783514749258757,0.3629666864871979,0.5742290019989014,0.007911697030067444,0.43730515241622925,0.5759145021438599,-0.009783810935914516,0.4950141906738281,0.5732844471931458,-0.023986564949154854,0.5437310934066772,0.5704659819602966,-0.03396192938089371,0.36573851108551025,0.5811232328414917,-0.010651547461748123,0.4479776620864868,0.5819109082221985,-0.02797413058578968,0.5099090933799744,0.5815714597702026,-0.0436464324593544,0.5651414394378662,0.5795722007751465,-0.054347552359104156,0.3613089621067047,0.5996729135513306,-0.029345398768782616,0.4416247606277466,0.6035254597663879,-0.045399025082588196,0.49605727195739746,0.6035826206207275,-0.05675980821251869,0.5423275232315063,0.5994954705238342,-0.06395624577999115,0.3523017466068268,0.6299451589584351,-0.04779982194304466,0.40824759006500244,0.6306887865066528,-0.05958927795290947,0.44521987438201904,0.6283431053161621,-0.0638754591345787,0.47708895802497864,0.6235926747322083,-0.06671391427516937,sparsh
0.6671817898750305,0.30797696113586426,1.5198428116036666e-07,0.5966305136680603,0.32865262031555176,0.015116618946194649,0.5369353294372559,0.38824334740638733,0.015257788822054863,0.4904211461544037,0.4326823651790619,0.011275041848421097,0.4582799971103668,0.4648580849170685,0.00414948258548975,0.5057245492935181,0.38150784373283386,-0.016033321619033813,0.450272798538208,0.4585703909397125,-0.037214748561382294,0.41012904047966003,0.500983715057373,-0.05138897895812988,0.3739202618598938,0.5335817337036133,-0.06248338147997856,0.520503580570221,0.38142824172973633,-0.03707771375775337,0.4540654718875885,0.4691272974014282,-0.05913548544049263,0.40592265129089355,0.5151007175445557,-0.07350889593362808,0.3615318536758423,0.5510677099227905,-0.08554182946681976,0.5497561097145081,0.3870944082736969,-0.05639699473977089,0.48722296953201294,0.4685804843902588,-0.07831905037164688,0.4458295702934265,0.5127964615821838,-0.09123139083385468,0.4080793261528015,0.5444308519363403,-0.10129954665899277,0.5884047746658325,0.3981563150882721,-0.07346142828464508,0.5457276701927185,0.44706469774246216,-0.09810136258602142,0.5123319029808044,0.4793413281440735,-0.11185280233621597,0.4791938066482544,0.5067263841629028,-0.12203717976808548,sparsh
0.21846000850200653,0.5871783494949341,2.611344598335563e-07,0.28006041049957275,0.5714268684387207,0.011279428377747536,0.34437865018844604,0.5791180729866028,0.01473256479948759,0.38855618238449097,0.5895558595657349,0.012541770935058594,0.42512667179107666,0.596278965473175,0.009452062658965588,0.3625055253505707,0.5688080787658691,0.009930253960192204,0.43682393431663513,0.5667503476142883,-0.006251737475395203,0.4941186308860779,0.5607094764709473,-0.019725747406482697,0.5422770380973816,0.5552349090576172,-0.02910289168357849,0.36797448992729187,0.5790576338768005,-0.008112508803606033,0.4492833912372589,0.5743690133094788,-0.02330934628844261,0.5118609666824341,0.5690895318984985,-0.03815929591655731,0.5669171810150146,0.5631473064422607,-0.04843505844473839,0.365256130695343,0.5998830795288086,-0.026173733174800873,0.44369572401046753,0.6003998517990112,-0.04014039412140846,0.497650682926178,0.5985731482505798,-0.05084595829248428,0.5429551601409912,0.5933032035827637,-0.057891037315130234,0.3567662239074707,0.6307958364486694,-0.04398437589406967,0.4102320671081543,0.6281646490097046,-0.05468889698386192,0.44683364033699036,0.6240320801734924,-0.05816636234521866,0.47843825817108154,0.6188106536865234,-0.060386575758457184,sparsh
0.675760805606842,0.32426199316978455,1.4451539698256965e-07,0.6075854301452637,0.3511311411857605,0.020367128774523735,0.5469892621040344,0.40598759055137634,0.022567545995116234,0.5025640726089478,0.44522973895072937,0.019613169133663177,0.47245144844055176,0.48017922043800354,0.01285652257502079,0.5105829834938049,0.39420831203460693,-0.013705422170460224,0.4498186409473419,0.46393001079559326,-0.034742482006549835,0.4066638946533203,0.5018704533576965,-0.04826328530907631,0.368320107460022,0.5310069918632507,-0.05858756601810455,0.5253617167472839,0.3923511505126953,-0.038164615631103516,0.4532294273376465,0.47371041774749756,-0.060563091188669205,0.40259256958961487,0.5151991248130798,-0.07580354064702988,0.3569425940513611,0.5492262840270996,-0.08808419108390808,0.5550231337547302,0.39811450242996216,-0.0603373758494854,0.4886739253997803,0.47385576367378235,-0.08347958326339722,0.4434238076210022,0.5179958939552307,-0.09856373816728592,0.40305137634277344,0.5503826141357422,-0.10948069393634796,0.593718409538269,0.41163668036460876,-0.07948178052902222,0.5459734797477722,0.4649466872215271,-0.10441676527261734,0.5097869038581848,0.4988294243812561,-0.11818104237318039,0.4747576415538788,0.5266069769859314,-0.12805433571338654,sparsh
0.20469990372657776,0.5861315727233887,1.9950259400047798e-07,0.26475411653518677,0.5726677179336548,0.01204299833625555,0.3279324173927307,0.5784624218940735,0.015234715305268764,0.3721664249897003,0.5843872427940369,0.012485546991229057,0.4082984924316406,0.5883050560951233,0.008141999132931232,0.3532465100288391,0.572447657585144,0.00874505564570427,0.4273286461830139,0.5684517621994019,-0.008979561738669872,0.4829111099243164,0.5609244108200073,-0.024076901376247406,0.5292036533355713,0.5536293983459473,-0.034589674323797226,0.35781076550483704,0.5806370973587036,-0.010511532425880432,0.44189614057540894,0.5769601464271545,-0.02798900008201599,0.5043991208076477,0.568890392780304,-0.04492350295186043,0.56014084815979,0.559485912322998,-0.05644186586141586,0.35462138056755066,0.5989736914634705,-0.029710952192544937,0.4365561306476593,0.6001241207122803,-0.045716144144535065,0.4935879409313202,0.5968493223190308,-0.058100346475839615,0.5427294969558716,0.5915471315383911,-0.06616749614477158,0.34493598341941833,0.62627112865448,-0.048387523740530014,0.40055984258651733,0.6256700754165649,-0.06056228280067444,0.4385230243206024,0.6237313151359558,-0.06453657895326614,0.47208869457244873,0.6218886971473694,-0.06707295030355453,sparsh
0.6827616095542908,0.3479507565498352,1.3823967037751572e-07,0.612854540348053,0.37135636806488037,0.022089611738920212,0.5517987012863159,0.4226151704788208,0.025221507996320724,0.507032036781311,0.4602028727531433,0.022759532555937767,0.4767267107963562,0.49468564987182617,0.01662120595574379,0.5116751790046692,0.4105663001537323,-0.010203778743743896,0.44867438077926636,0.47639405727386475,-0.02991570718586445,0.40565556287765503,0.509249210357666,-0.04250718280673027,0.36706840991973877,0.534665048122406,-0.05241578444838524,0.5262113809585571,0.4088485836982727,-0.034491587430238724,0.45226603746414185,0.48612532019615173,-0.057102080434560776,0.40144509077072144,0.5229499340057373,-0.07255721092224121,0.3555077314376831,0.5539997816085815,-0.08504121005535126,0.5554118156433105,0.41601669788360596,-0.056431494653224945,0.48704636096954346,0.4896695017814636,-0.07961508631706238,0.4416448771953583,0.5326164960861206,-0.09506980329751968,0.4008657932281494,0.5646029114723206,-0.10627994686365128,0.5928158760070801,0.43228474259376526,-0.07517985254526138,0.5448781251907349,0.483925998210907,-0.10004643350839615,0.5085446834564209,0.5189657211303711,-0.11473879218101501,0.47265172004699707,0.5484298467636108,-0.12551386654376984,sparsh
0.2038552165031433,0.5826634764671326,2.2041282932150352e-07,0.27023282647132874,0.5711713433265686,0.0089173074811697,0.33561164140701294,0.5820093750953674,0.009351931512355804,0.3805847764015198,0.5920067429542542,0.0042231217958033085,0.417639821767807,0.5978900194168091,-0.00256272591650486,0.36045560240745544,0.5720810890197754,0.003437256906181574,0.4379638433456421,0.5626656413078308,-0.018337974324822426,0.4976940155029297,0.5477061867713928,-0.036606669425964355,0.5480616688728333,0.533622145652771,-0.049137625843286514,0.36274513602256775,0.5793933868408203,-0.016404196619987488,0.4490000605583191,0.5677120089530945,-0.03848031163215637,0.5169392824172974,0.5506730675697327,-0.05951987951993942,0.578434944152832,0.5331449508666992,-0.07364434003829956,0.3563290536403656,0.5988925695419312,-0.03601135313510895,0.4400339126586914,0.597621738910675,-0.055938802659511566,0.5001927614212036,0.5922752022743225,-0.07102746516466141,0.5522971153259277,0.5849893093109131,-0.08045101910829544,0.3421209454536438,0.6289607286453247,-0.055244918912649155,0.3986815810203552,0.6274175643920898,-0.07041410356760025,0.4385600984096527,0.6235432028770447,-0.07541809231042862,0.47398701310157776,0.6210476160049438,-0.0781715139746666,sparsh
0.6866000890731812,0.3509783148765564,1.39668486554001e-07,0.6172330379486084,0.3733414113521576,0.021683668717741966,0.555219829082489,0.42177462577819824,0.024931035935878754,0.5106748938560486,0.45889633893966675,0.02278282307088375,0.481815904378891,0.4929182231426239,0.016949079930782318,0.5167796611785889,0.40916553139686584,-0.01121885608881712,0.4522917568683624,0.47223034501075745,-0.031024400144815445,0.40881043672561646,0.5017918348312378,-0.043470390141010284,0.3695594072341919,0.5240116119384766,-0.052942339330911636,0.5309171676635742,0.4101080894470215,-0.034456994384527206,0.45525193214416504,0.48735395073890686,-0.05665214732289314,0.4043889045715332,0.5234121084213257,-0.07178351283073425,0.3579096794128418,0.5531097650527954,-0.08397814631462097,0.5589537024497986,0.41923949122428894,-0.05513957515358925,0.4899892210960388,0.49164408445358276,-0.07773739099502563,0.44511905312538147,0.5342551469802856,-0.09281976521015167,0.4056249260902405,0.5652221441268921,-0.103523850440979,0.5951526761054993,0.4370637834072113,-0.07268766313791275,0.5456390380859375,0.48853951692581177,-0.09637677669525146,0.5092543363571167,0.5229033827781677,-0.11033427715301514,0.47444239258766174,0.5518593192100525,-0.12047220021486282,sparsh
0.20735137164592743,0.5703245401382446,3.055558295272931e-07,0.27750131487846375,0.5610285401344299,0.010022420436143875,0.34406572580337524,0.5704686045646667,0.009327959269285202,0.3914763331413269,0.5804443359375,0.002971388166770339,0.42952263355255127,0.5881316661834717,-0.004738472867757082,0.3605800271034241,0.5577636361122131,0.0032065471168607473,0.4381594657897949,0.5588768720626831,-0.017065847292542458,0.49722087383270264,0.5518437027931213,-0.03405655547976494,0.5458490252494812,0.5439040660858154,-0.04569346085190773,0.36005455255508423,0.5625544190406799,-0.016980117186903954,0.4469321072101593,0.5568250417709351,-0.03630908578634262,0.5147069096565247,0.5459398627281189,-0.054551925510168076,0.5744815468788147,0.5347788333892822,-0.06729894131422043,0.35125935077667236,0.5813308954238892,-0.03687959536910057,0.43544095754623413,0.5880600214004517,-0.05392537638545036,0.4930309057235718,0.5892497301101685,-0.06556811183691025,0.5414594411849976,0.587681233882904,-0.07317191362380981,0.33646270632743835,0.6124505996704102,-0.05647804215550423,0.3923509418964386,0.6153414249420166,-0.06941665709018707,0.43194523453712463,0.6164067387580872,-0.0725904181599617,0.4666692912578583,0.61745285987854,-0.0743914321064949,sparsh
0.6827924251556396,0.3342689275741577,1.0146870010885323e-07,0.6137410402297974,0.34900620579719543,0.014853566884994507,0.5472292304039001,0.385175883769989,0.015241133980453014,0.49875497817993164,0.40593022108078003,0.011572112329304218,0.46445202827453613,0.4191797971725464,0.004624062683433294,0.506720781326294,0.39412611722946167,-0.013976874761283398,0.44453972578048706,0.46437007188796997,-0.03461669385433197,0.40232908725738525,0.5017204284667969,-0.048400070518255234,0.3648414611816406,0.5288946628570557,-0.05881752073764801,0.5234149098396301,0.3955508768558502,-0.03469514101743698,0.4488893747329712,0.47634345293045044,-0.055676694959402084,0.3985713720321655,0.5168775916099548,-0.07073111087083817,0.35371702909469604,0.5485725998878479,-0.08310575038194656,0.5533714890480042,0.4049789011478424,-0.053742069751024246,0.4835038483142853,0.48040100932121277,-0.07572951912879944,0.43836480379104614,0.522702693939209,-0.09059067815542221,0.39861825108528137,0.5536495447158813,-0.10141579806804657,0.5916206240653992,0.4212034344673157,-0.07035747915506363,0.5438218712806702,0.4726269841194153,-0.09423653781414032,0.5076291561126709,0.5083544254302979,-0.10779985040426254,0.4728452265262604,0.5384997725486755,-0.1175454631447792,sparsh
0.19872233271598816,0.5809279680252075,2.597450361463416e-07,0.2614765465259552,0.5755177736282349,0.013380490243434906,0.32492151856422424,0.5888356566429138,0.017004121094942093,0.36778268218040466,0.6030775904655457,0.014220461249351501,0.4035376012325287,0.6135549545288086,0.010439710691571236,0.3476640582084656,0.5614463090896606,0.012386449612677097,0.42477715015411377,0.5629006028175354,-0.0038164027500897646,0.48341572284698486,0.5601597428321838,-0.0170452743768692,0.5326201319694519,0.556280791759491,-0.026484720408916473,0.3521525263786316,0.5693421959877014,-0.00810365378856659,0.43564584851264954,0.5696135759353638,-0.02469131350517273,0.5006463527679443,0.568568766117096,-0.04079785197973251,0.5585407018661499,0.5649734139442444,-0.052163463085889816,0.34915482997894287,0.5906423330307007,-0.028751801699399948,0.42897090315818787,0.5966640114784241,-0.04459464177489281,0.48628944158554077,0.5974695086479187,-0.057767752557992935,0.5346493721008301,0.5943896174430847,-0.06653109937906265,0.341936320066452,0.6248552203178406,-0.048943035304546356,0.39816564321517944,0.6224233508110046,-0.06160551682114601,0.4367618262767792,0.6207969784736633,-0.06697838753461838,0.4698519706726074,0.6192653179168701,-0.07072531431913376,sparsh
0.6783207654953003,0.3132755756378174,5.2898226243769386e-08,0.6089850664138794,0.33714303374290466,0.015944555401802063,0.5445669889450073,0.3858804404735565,0.016841983422636986,0.5013203024864197,0.4275588393211365,0.013248998671770096,0.47293898463249207,0.4667961299419403,0.006529518403112888,0.5003734230995178,0.3747299015522003,-0.009634444490075111,0.4437530040740967,0.45385679602622986,-0.028666887432336807,0.40688788890838623,0.4985142648220062,-0.04173384979367256,0.37352561950683594,0.5326568484306335,-0.051626551896333694,0.5154872536659241,0.3752835988998413,-0.030471371486783028,0.44428810477256775,0.46538376808166504,-0.05014743283390999,0.3971370458602905,0.5124133229255676,-0.06402723491191864,0.3559068739414215,0.5508045554161072,-0.0752241238951683,0.5450782179832458,0.38437360525131226,-0.04986938089132309,0.48018553853034973,0.4673192501068115,-0.07038865238428116,0.44052156805992126,0.5145401954650879,-0.08414734154939651,0.4053950607776642,0.5506401062011719,-0.09401208162307739,0.5837267637252808,0.40059053897857666,-0.06683337688446045,0.5373145341873169,0.4543047547340393,-0.08795813471078873,0.5040291547775269,0.48972487449645996,-0.09967963397502899,0.47238945960998535,0.5200186371803284,-0.10825729370117188,sparsh
0.21016250550746918,0.5848763585090637,2.973879986711836e-07,0.27279698848724365,0.5691799521446228,0.009505132213234901,0.33828186988830566,0.5835543274879456,0.012269211933016777,0.3822159767150879,0.6004206538200378,0.009677847847342491,0.4184917211532593,0.6110232472419739,0.006830108352005482,0.3593904972076416,0.5640237331390381,0.009685858152806759,0.4336187243461609,0.5648950934410095,-0.005925245117396116,0.4902726411819458,0.5660930275917053,-0.018417809158563614,0.5376625061035156,0.5684163570404053,-0.026959478855133057,0.36324384808540344,0.5768247246742249,-0.007275886368006468,0.4424702227115631,0.5808848142623901,-0.021618403494358063,0.5021744966506958,0.5857582688331604,-0.03497593477368355,0.5538484454154968,0.5892936587333679,-0.043985653668642044,0.35869309306144714,0.6005777716636658,-0.02471209317445755,0.4356914162635803,0.6084685325622559,-0.03754351660609245,0.4885050058364868,0.6128020882606506,-0.047330379486083984,0.5325835347175598,0.6127465963363647,-0.05368668958544731,0.3487722873687744,0.6343747973442078,-0.04221614450216293,0.40264153480529785,0.6360282897949219,-0.05083490535616875,0.43773525953292847,0.636428952217102,-0.053411178290843964,0.46736282110214233,0.6351778507232666,-0.05521557480096817,sparsh
0.6623812913894653,0.303272008895874,1.6503980404536378e-08,0.5943462252616882,0.327681303024292,0.016538843512535095,0.5284497141838074,0.37106606364250183,0.017947999760508537,0.4843147099018097,0.41030415892601013,0.015103068202733994,0.4556162357330322,0.44483837485313416,0.009649785235524178,0.48930174112319946,0.34889787435531616,-0.010399962775409222,0.4236043393611908,0.4009611904621124,-0.03036494180560112,0.3870222866535187,0.44779178500175476,-0.04301946237683296,0.36228591203689575,0.48961618542671204,-0.05151282250881195,0.5054409503936768,0.3565741181373596,-0.03174111992120743,0.4313586354255676,0.4515571594238281,-0.05172055959701538,0.39165860414505005,0.5080279111862183,-0.06349015235900879,0.36255908012390137,0.5552977919578552,-0.07187262922525406,0.5356546640396118,0.3691253960132599,-0.051443781703710556,0.4736919105052948,0.45857515931129456,-0.07191265374422073,0.4367518424987793,0.5132203102111816,-0.0821361243724823,0.4067841172218323,0.5557183027267456,-0.08852983266115189,0.5737065076828003,0.3861205279827118,-0.06865400820970535,0.5275993347167969,0.44315221905708313,-0.08872620016336441,0.49640291929244995,0.4793204963207245,-0.09650006890296936,0.4683862030506134,0.5103166103363037,-0.10109367966651917,sparsh
0.2152298241853714,0.5774220824241638,3.170042646161164e-07,0.2817560136318207,0.5704061985015869,0.007333613000810146,0.3496967554092407,0.5894418954849243,0.009174950420856476,0.3944421410560608,0.6077458262443542,0.00599776953458786,0.4308227300643921,0.6202463507652283,0.0024807555601000786,0.36194726824760437,0.5644572377204895,0.007163767237216234,0.43684759736061096,0.5742611289024353,-0.010416150093078613,0.49491071701049805,0.5806781053543091,-0.02485724352300167,0.5429689884185791,0.5867668986320496,-0.034547511488199234,0.3661145269870758,0.5745097994804382,-0.009276364929974079,0.4463874101638794,0.5824921131134033,-0.024684103205800056,0.508526086807251,0.5892248153686523,-0.03937361761927605,0.5626569390296936,0.5949540138244629,-0.049466874450445175,0.3629702925682068,0.5998318791389465,-0.02626374550163746,0.44206327199935913,0.6073388457298279,-0.03896883875131607,0.49599575996398926,0.6123140454292297,-0.047763142734766006,0.5408017039299011,0.6145440340042114,-0.05360061302781105,0.3549622893333435,0.6379250288009644,-0.04374781996011734,0.41132310032844543,0.6377567052841187,-0.051718443632125854,0.4492266774177551,0.63966304063797,-0.05329250916838646,0.48113739490509033,0.6417078375816345,-0.054471809417009354,sparsh
0.6362107396125793,0.2851976454257965,-1.7459582579704147e-07,0.572143018245697,0.3357408046722412,0.01526613999158144,0.5104179382324219,0.3860210180282593,0.011539915576577187,0.4694468379020691,0.43064814805984497,0.003912848886102438,0.44466516375541687,0.47529223561286926,-0.007143799215555191,0.46005043387413025,0.34178781509399414,-0.018816407769918442,0.41527560353279114,0.43553897738456726,-0.04293143376708031,0.38929927349090576,0.4980788826942444,-0.059909746050834656,0.3700447678565979,0.5502861738204956,-0.07160326093435287,0.47731712460517883,0.3342747688293457,-0.041493043303489685,0.4191710948944092,0.4380452036857605,-0.06375297904014587,0.38920414447784424,0.5048214197158813,-0.0765007734298706,0.36765941977500916,0.5608808994293213,-0.08676589280366898,0.5098319053649902,0.3380712866783142,-0.0625813901424408,0.45315021276474,0.4373306334018707,-0.08398523181676865,0.42237964272499084,0.5012310147285461,-0.09369209408760071,0.3959197402000427,0.5518627762794495,-0.10113651305437088,0.5514612197875977,0.35286957025527954,-0.08140174299478531,0.5082672834396362,0.4111405611038208,-0.10300817340612411,0.47716641426086426,0.4532594680786133,-0.11192896217107773,0.4467824399471283,0.4891369938850403,-0.11828310787677765,sparsh
0.2258574366569519,0.5716666579246521,3.188777100149309e-07,0.2898736596107483,0.575951874256134,0.00897145550698042,0.35789790749549866,0.5958006381988525,0.010858402587473392,0.4035416841506958,0.6145879030227661,0.00762778427451849,0.44087693095207214,0.6240749955177307,0.003847031621262431,0.37117183208465576,0.5604448914527893,0.0038008466362953186,0.4456280469894409,0.5721462965011597,-0.014239105395972729,0.5032997727394104,0.5791257619857788,-0.02834980934858322,0.5501226186752319,0.584360659122467,-0.03784387186169624,0.37228912115097046,0.5682376027107239,-0.013627074658870697,0.4531625211238861,0.5768369436264038,-0.03024235926568508,0.5139017105102539,0.5841030478477478,-0.04520878195762634,0.5667272806167603,0.5887118577957153,-0.05539239943027496,0.3658829927444458,0.5914142727851868,-0.031064001843333244,0.446739137172699,0.598892092704773,-0.046224720776081085,0.4998738765716553,0.604878842830658,-0.05725695937871933,0.5443088412284851,0.6066141724586487,-0.06436914205551147,0.35453343391418457,0.6284923553466797,-0.048383064568042755,0.4099236726760864,0.6297975778579712,-0.0598645880818367,0.44641414284706116,0.6303585171699524,-0.06410078704357147,0.47763413190841675,0.6299511194229126,-0.06689611077308655,sparsh
0.6437858939170837,0.26894575357437134,-1.2571764784752304e-07,0.582728922367096,0.3125537037849426,0.010304720140993595,0.5229136347770691,0.36094212532043457,0.00689682038500905,0.4831557273864746,0.4051033854484558,0.000715274247340858,0.4582759439945221,0.44832637906074524,-0.008325610309839249,0.4710230231285095,0.33171355724334717,-0.017892956733703613,0.4280245304107666,0.4218882620334625,-0.03981274366378784,0.4034883379936218,0.48208242654800415,-0.05573934316635132,0.38435447216033936,0.5319000482559204,-0.0669705867767334,0.488080233335495,0.3246501088142395,-0.03625563904643059,0.4336720407009125,0.4273512065410614,-0.056069400161504745,0.40387701988220215,0.4922161102294922,-0.06830519437789917,0.38212332129478455,0.5456705093383789,-0.07862082123756409,0.5208514928817749,0.3272572457790375,-0.05354480445384979,0.47022131085395813,0.424993097782135,-0.07278984785079956,0.4431142807006836,0.4858131408691406,-0.08234438300132751,0.42041993141174316,0.5330079793930054,-0.0899597629904747,0.5630312561988831,0.33954745531082153,-0.0692209005355835,0.5244166851043701,0.39242058992385864,-0.08934041112661362,0.4965380132198334,0.4313727915287018,-0.09876950085163116,0.4697452783584595,0.46499425172805786,-0.10569270700216293,sparsh
0.22816435992717743,0.5755760073661804,2.9127164680176065e-07,0.29161933064460754,0.5722450613975525,0.0126910749822855,0.3578691780567169,0.5838199257850647,0.014755976386368275,0.40242448449134827,0.5991994142532349,0.010874887928366661,0.4392949938774109,0.6083687543869019,0.005739452783018351,0.37764036655426025,0.5552500486373901,0.005643885117024183,0.4534943699836731,0.5553616285324097,-0.012826208956539631,0.5109825134277344,0.5495649576187134,-0.02702641859650612,0.5584970712661743,0.5430290102958679,-0.036707255989313126,0.37791773676872253,0.5629074573516846,-0.014158975332975388,0.4602311849594116,0.5687633752822876,-0.03229157626628876,0.5207783579826355,0.5689942836761475,-0.04785262793302536,0.572941780090332,0.566809892654419,-0.0579364076256752,0.37097129225730896,0.5844400525093079,-0.0337350033223629,0.4537527859210968,0.5906078219413757,-0.05008278414607048,0.5094398260116577,0.590653657913208,-0.06170792877674103,0.5554109811782837,0.5871150493621826,-0.06876307725906372,0.35974016785621643,0.6193163394927979,-0.0527375228703022,0.4170311391353607,0.6220112442970276,-0.06501858681440353,0.45691001415252686,0.6187265515327454,-0.06985435634851456,0.4911496639251709,0.6142687797546387,-0.0726785957813263,sparsh
0.6466873288154602,0.25206997990608215,-1.309607142729874e-07,0.5824830532073975,0.28778427839279175,0.013619747944176197,0.5228269100189209,0.33694225549697876,0.010812929831445217,0.48307883739471436,0.37971654534339905,0.004517681431025267,0.45911869406700134,0.42046722769737244,-0.004939415026456118,0.474850594997406,0.3137701153755188,-0.017401166260242462,0.43321144580841064,0.4059842824935913,-0.039024125784635544,0.4096764028072357,0.4641106128692627,-0.05428029224276543,0.39126694202423096,0.512444257736206,-0.06486743688583374,0.4933941662311554,0.30745676159858704,-0.037785809487104416,0.4400058388710022,0.4125078320503235,-0.05679524689912796,0.41228049993515015,0.4745066463947296,-0.0679766833782196,0.3927161395549774,0.525439977645874,-0.07756136357784271,0.5268423557281494,0.3099161386489868,-0.056725844740867615,0.4776592552661896,0.40911927819252014,-0.07488877326250076,0.4522319436073303,0.4698003828525543,-0.083475261926651,0.4309260845184326,0.517008900642395,-0.09062257409095764,0.5691870450973511,0.32034701108932495,-0.07376717776060104,0.5324200391769409,0.3770977556705475,-0.09254305064678192,0.5061615109443665,0.4170515835285187,-0.10062761604785919,0.4807017147541046,0.4516284465789795,-0.10669979453086853,sparsh
0.2452555000782013,0.5827036499977112,3.148586245060869e-07,0.30907875299453735,0.571867048740387,0.00826752558350563,0.37579864263534546,0.5856786370277405,0.009621276520192623,0.4208417534828186,0.6015029549598694,0.005583951249718666,0.45698946714401245,0.6146825551986694,0.0008917806553654373,0.3865428864955902,0.562020480632782,0.0073805819265544415,0.4603046476840973,0.5728181600570679,-0.0104222372174263,0.5191363096237183,0.5745469927787781,-0.025161094963550568,0.5669853687286377,0.5739619135856628,-0.03526190668344498,0.389802485704422,0.5708593130111694,-0.00977413821965456,0.4697055518627167,0.5783745646476746,-0.026388438418507576,0.531090259552002,0.5815356373786926,-0.04179789498448372,0.5850110650062561,0.5824916362762451,-0.052005451172590256,0.3871322572231293,0.5945279002189636,-0.027273546904325485,0.4677146077156067,0.5997267961502075,-0.04140493646264076,0.5218830108642578,0.602800190448761,-0.05062077194452286,0.5675756335258484,0.6029275059700012,-0.05622025951743126,0.38106194138526917,0.6314904689788818,-0.04508591815829277,0.43788573145866394,0.6308622360229492,-0.05431200936436653,0.4760703146457672,0.6301717758178711,-0.05633711814880371,0.5085336565971375,0.6297098994255066,-0.05741477757692337,sparsh
0.6471203565597534,0.2563899755477905,-1.4843190854207933e-07,0.5812313556671143,0.29500675201416016,0.01259981282055378,0.5215609669685364,0.34930649399757385,0.009552002884447575,0.48154106736183167,0.39854690432548523,0.002838253043591976,0.45671916007995605,0.44361647963523865,-0.007073224987834692,0.47649720311164856,0.3235897421836853,-0.016029253602027893,0.43457719683647156,0.4139997363090515,-0.038668811321258545,0.4119386076927185,0.47257280349731445,-0.054979681968688965,0.3952537775039673,0.5212997198104858,-0.06627056002616882,0.49461913108825684,0.3172353506088257,-0.03626028820872307,0.44077354669570923,0.4162893295288086,-0.05625080317258835,0.41411638259887695,0.47823643684387207,-0.06804118305444717,0.39576202630996704,0.5292750597000122,-0.0781094953417778,0.5272517204284668,0.3184100091457367,-0.055594488978385925,0.47588205337524414,0.4132019877433777,-0.07492025941610336,0.4502035975456238,0.4734676480293274,-0.08379538357257843,0.42866337299346924,0.5207499861717224,-0.09114310890436172,0.5692917704582214,0.3282836973667145,-0.07318338751792908,0.5313988327980042,0.3840835988521576,-0.09263060241937637,0.5029797554016113,0.42431578040122986,-0.10128668695688248,0.4746288061141968,0.4589387774467468,-0.10800383985042572,sparsh
0.25233498215675354,0.569055438041687,2.7107094524581044e-07,0.3137407600879669,0.5600388646125793,0.0075278086587786674,0.37740185856819153,0.575739324092865,0.007712855003774166,0.4206555187702179,0.5917544364929199,0.00261706137098372,0.4546346068382263,0.600570559501648,-0.0029842767398804426,0.395995557308197,0.5569725632667542,0.002888539107516408,0.47148528695106506,0.5599822402000427,-0.015854567289352417,0.5277798771858215,0.5563431978225708,-0.030298372730612755,0.5741440653800964,0.5504727959632874,-0.039771001785993576,0.39808642864227295,0.5655345916748047,-0.014304263517260551,0.47877147793769836,0.5702948570251465,-0.03136087954044342,0.5384705066680908,0.5730599164962769,-0.045776449143886566,0.5899505615234375,0.5735810399055481,-0.05500379949808121,0.3938629627227783,0.5867187976837158,-0.031790006905794144,0.4725404977798462,0.5926964282989502,-0.04537716880440712,0.5245944261550903,0.5960344672203064,-0.053650837391614914,0.5683816075325012,0.5969557762145996,-0.058639246970415115,0.3860947787761688,0.6196227073669434,-0.049709465354681015,0.44076502323150635,0.6206563711166382,-0.05788944289088249,0.4774066209793091,0.6196271777153015,-0.05926165357232094,0.5083004236221313,0.6184373497962952,-0.059846147894859314,sparsh
0.6529874801635742,0.26514625549316406,-1.3498723205884744e-07,0.591185986995697,0.3109826445579529,0.012066314928233624,0.5320123434066772,0.35963380336761475,0.007549384608864784,0.49107685685157776,0.4010118544101715,-0.00013905261585023254,0.4629605710506439,0.4407910108566284,-0.010758187621831894,0.4869265556335449,0.3255188465118408,-0.023911844938993454,0.4371577501296997,0.4081103205680847,-0.0483330599963665,0.4106212556362152,0.4654211401939392,-0.06457288563251495,0.39246535301208496,0.5134618282318115,-0.07544589042663574,0.5048658847808838,0.3171735107898712,-0.04485148936510086,0.4441545009613037,0.41015177965164185,-0.06766031682491302,0.41585853695869446,0.4715733826160431,-0.08008059114217758,0.39756545424461365,0.522726833820343,-0.08977755159139633,0.5372931957244873,0.31762656569480896,-0.06430282443761826,0.4846566319465637,0.4116794168949127,-0.08461592346429825,0.45671460032463074,0.4732867181301117,-0.0939147025346756,0.43471845984458923,0.5212598443031311,-0.10133032500743866,0.5782209038734436,0.32717183232307434,-0.0819237008690834,0.5384172797203064,0.3842785358428955,-0.10117954760789871,0.5105317831039429,0.4254854619503021,-0.10926951467990875,0.48405325412750244,0.46064794063568115,-0.11548329144716263,sparsh
0.2596345543861389,0.5697896480560303,2.2410053190924373e-07,0.3200811743736267,0.5658731460571289,0.012562539428472519,0.38257065415382385,0.5772882699966431,0.01705813780426979,0.4221251606941223,0.5889527797698975,0.015656227245926857,0.45300158858299255,0.5941454172134399,0.013599283993244171,0.4045330286026001,0.5525655746459961,0.013421887531876564,0.47574281692504883,0.5562599897384644,-0.0011039059609174728,0.5299975275993347,0.5545827150344849,-0.013160576112568378,0.5743767023086548,0.5521957874298096,-0.02166738547384739,0.40779298543930054,0.5619885325431824,-0.004578335676342249,0.4838937520980835,0.5671888589859009,-0.01830771565437317,0.5400897264480591,0.5705944895744324,-0.031367506831884384,0.5889155268669128,0.5719819068908691,-0.040035732090473175,0.4041399359703064,0.5835510492324829,-0.022933196276426315,0.47985923290252686,0.5884191393852234,-0.03471176326274872,0.5313199162483215,0.5906139016151428,-0.0438060499727726,0.574359655380249,0.5903024673461914,-0.04979965090751648,0.3960758447647095,0.617098867893219,-0.041212745010852814,0.4480234980583191,0.6174248456954956,-0.049048688262701035,0.4839904308319092,0.6156304478645325,-0.05178090184926987,0.5147453546524048,0.6140616536140442,-0.05373607575893402,sparsh
0.6659740805625916,0.2750968337059021,-1.1818914913419576e-07,0.6028401851654053,0.3142906427383423,0.013238000683486462,0.5451404452323914,0.3650376498699188,0.009438245557248592,0.5079218149185181,0.4114070534706116,0.0022389490623027086,0.4819389283657074,0.45567214488983154,-0.008194510824978352,0.4999766945838928,0.3341108560562134,-0.022332388907670975,0.45078587532043457,0.4161006212234497,-0.0460057370364666,0.42393094301223755,0.47211387753486633,-0.06172827258706093,0.4060875475406647,0.5188522338867188,-0.07236038893461227,0.519257128238678,0.32792365550994873,-0.04308807849884033,0.4610666334629059,0.4201340973377228,-0.06522843986749649,0.4315691590309143,0.4792228639125824,-0.07732638716697693,0.4119356572628021,0.5284085869789124,-0.08706571906805038,0.5527961850166321,0.32954323291778564,-0.06241748481988907,0.5009795427322388,0.4201749563217163,-0.0833037793636322,0.4733978509902954,0.47797179222106934,-0.0935223326086998,0.45206472277641296,0.5229672193527222,-0.10134821385145187,0.5946868658065796,0.3394113779067993,-0.07960418611764908,0.5556624531745911,0.39400649070739746,-0.1002708300948143,0.5289815068244934,0.4322841465473175,-0.1097087636590004,0.5037052035331726,0.46481943130493164,-0.11672598123550415,sparsh
0.27158141136169434,0.557681143283844,2.720687177770742e-07,0.334197074174881,0.5474820733070374,0.00909512024372816,0.3965076804161072,0.5591729879379272,0.010337622836232185,0.43594491481781006,0.5692391395568848,0.006227546837180853,0.4680130183696747,0.5707252621650696,0.0011764060473069549,0.41964536905288696,0.5456235408782959,0.006218237802386284,0.4908798336982727,0.5505411028862,-0.011081956326961517,0.5439946055412292,0.5492387413978577,-0.02509758621454239,0.5886749029159546,0.5456531047821045,-0.03463786095380783,0.4201442003250122,0.5530932545661926,-0.011354037560522556,0.49738451838493347,0.5612967610359192,-0.026885703206062317,0.5537183880805969,0.5653321146965027,-0.04115137830376625,0.6036703586578369,0.567440390586853,-0.050884440541267395,0.41329842805862427,0.5729160308837891,-0.02929709665477276,0.4885730743408203,0.5837821364402771,-0.042340148240327835,0.5388365983963013,0.5870460271835327,-0.051116179674863815,0.5817476511001587,0.5870526432991028,-0.05674462020397186,0.40214359760284424,0.6050036549568176,-0.04743597283959389,0.4560049772262573,0.6089526414871216,-0.05537308380007744,0.4919891357421875,0.608319103717804,-0.05701771005988121,0.5224589109420776,0.6066827774047852,-0.058128003031015396,sparsh
0.6802067160606384,0.273129940032959,-1.0279243412014694e-07,0.6178170442581177,0.3123089075088501,0.010564745403826237,0.5603613257408142,0.36199453473091125,0.006262768525630236,0.5219784379005432,0.4060210883617401,-0.0010378480656072497,0.4966062605381012,0.4489026665687561,-0.011344434693455696,0.5136447548866272,0.3349466919898987,-0.02127900905907154,0.46779802441596985,0.41677215695381165,-0.04421637952327728,0.4410898685455322,0.4710544943809509,-0.060329802334308624,0.42163777351379395,0.5174265503883362,-0.0716855600476265,0.5331297516822815,0.3301137387752533,-0.04021427035331726,0.48071718215942383,0.42241793870925903,-0.061823196709156036,0.45150503516197205,0.47967278957366943,-0.07439976185560226,0.43088871240615845,0.5288999676704407,-0.0849764496088028,0.5665709376335144,0.33289268612861633,-0.058119408786296844,0.5191987156867981,0.4225573241710663,-0.07896343618631363,0.49219346046447754,0.47994086146354675,-0.08965326845645905,0.4701034426689148,0.5260591506958008,-0.09806126356124878,0.6082360148429871,0.34327563643455505,-0.07428214699029922,0.5707049369812012,0.3958263099193573,-0.09557696431875229,0.5432190299034119,0.43507120013237,-0.10634704679250717,0.516616940498352,0.4703669548034668,-0.11448013037443161,sparsh
0.2874644100666046,0.563721239566803,2.389533904079144e-07,0.3483761250972748,0.5652616024017334,0.013041112571954727,0.4098724126815796,0.5749155282974243,0.017004087567329407,0.44847503304481506,0.5824945569038391,0.015000231564044952,0.48069778084754944,0.582743763923645,0.012064538896083832,0.4355449378490448,0.5505960583686829,0.009487244300544262,0.5064073801040649,0.5542886257171631,-0.007491929456591606,0.5597244501113892,0.5543515682220459,-0.021181495860219002,0.6047712564468384,0.5517085790634155,-0.03045615181326866,0.4379161298274994,0.5577467679977417,-0.009388551115989685,0.5171377062797546,0.5644480586051941,-0.025130370631814003,0.5754309296607971,0.5695635080337524,-0.039425451308488846,0.6264916062355042,0.571916401386261,-0.048942144960165024,0.4321690499782562,0.57829749584198,-0.028339790180325508,0.5091164112091064,0.5869096517562866,-0.0422753281891346,0.5610393285751343,0.5918056964874268,-0.05266620218753815,0.6045429706573486,0.5927072167396545,-0.059170499444007874,0.4214514195919037,0.6128117442131042,-0.04695146158337593,0.4742376208305359,0.6150085926055908,-0.056909121572971344,0.5102565288543701,0.6133630871772766,-0.060633253306150436,0.5410915613174438,0.6100162267684937,-0.0629579946398735,sparsh
0.6887642741203308,0.2783210277557373,-1.0424290763921817e-07,0.6267492175102234,0.31557509303092957,0.011081571690738201,0.5683800578117371,0.36185649037361145,0.006270480342209339,0.5295864939689636,0.4024161100387573,-0.0015019008424133062,0.5036594271659851,0.44160282611846924,-0.012690630741417408,0.5224068760871887,0.3338790833950043,-0.02479393407702446,0.4760494828224182,0.41792330145835876,-0.0478542186319828,0.44898003339767456,0.4714440405368805,-0.0637681633234024,0.42876940965652466,0.5174093842506409,-0.07495655119419098,0.5429735779762268,0.3279065489768982,-0.04442862048745155,0.4885115325450897,0.422185480594635,-0.06631235778331757,0.4586185812950134,0.47967419028282166,-0.07902490347623825,0.4366079568862915,0.5291615724563599,-0.0896398052573204,0.5771669149398804,0.32984352111816406,-0.062469083815813065,0.5295459628105164,0.42164602875709534,-0.08283036202192307,0.500922679901123,0.4770277738571167,-0.09262751787900925,0.4771394729614258,0.5203981399536133,-0.10042650997638702,0.6186866164207458,0.33985674381256104,-0.07864618301391602,0.5806359648704529,0.3980165123939514,-0.09804976731538773,0.5536219477653503,0.4360448122024536,-0.10632572323083878,0.5270430445671082,0.46757203340530396,-0.11276290565729141,sparsh
0.2869366407394409,0.5666049122810364,2.2174268110575213e-07,0.34885385632514954,0.5652698278427124,0.016496412456035614,0.4094724953174591,0.578107476234436,0.021573970094323158,0.4462023377418518,0.5887285470962524,0.019713860005140305,0.4757227301597595,0.5943911671638489,0.0166537594050169,0.4314824938774109,0.5555110573768616,0.014881467446684837,0.5035378932952881,0.5628501176834106,-9.176035382552072e-05,0.5581687688827515,0.5656270384788513,-0.012521487660706043,0.6035062074661255,0.5658738613128662,-0.021138356998562813,0.4345967769622803,0.5620328187942505,-0.005518393125385046,0.5142152309417725,0.5680724382400513,-0.019369417801499367,0.57215815782547,0.5729461312294006,-0.03251144662499428,0.622739315032959,0.5744354724884033,-0.041370075196027756,0.4307054281234741,0.5821325778961182,-0.02593664638698101,0.5095778703689575,0.5857498049736023,-0.037703707814216614,0.5613411664962769,0.5880665183067322,-0.04660094901919365,0.6046124696731567,0.5873876214027405,-0.052511200308799744,0.4228912889957428,0.6164430379867554,-0.045947734266519547,0.4767987132072449,0.613932728767395,-0.053803782910108566,0.512799859046936,0.610812783241272,-0.056069351732730865,0.543354868888855,0.6070718169212341,-0.057721637189388275,sparsh
0.6863632202148438,0.28207239508628845,-8.828227038293335e-08,0.623424768447876,0.3131045997142792,0.011179104447364807,0.5634406208992004,0.3596988320350647,0.00776261743158102,0.5222209095954895,0.4013982117176056,0.0014979332918301225,0.49549600481987,0.44203314185142517,-0.007930248975753784,0.5211813449859619,0.33772456645965576,-0.022769611328840256,0.47302383184432983,0.4192263185977936,-0.04524517059326172,0.4455313980579376,0.4728798568248749,-0.06017764285206795,0.42567431926727295,0.5177095532417297,-0.0704948902130127,0.5402829647064209,0.33252936601638794,-0.04180942848324776,0.48310068249702454,0.4258731007575989,-0.06255755573511124,0.45231038331985474,0.48272979259490967,-0.07461245357990265,0.4301186203956604,0.5306878685951233,-0.08472377061843872,0.5731450319290161,0.33580875396728516,-0.0594601072371006,0.523566722869873,0.4281197786331177,-0.07951399683952332,0.49519771337509155,0.4868313670158386,-0.09052343666553497,0.4720730781555176,0.5332673788070679,-0.09917238354682922,0.6143121123313904,0.34790071845054626,-0.07516869157552719,0.575882077217102,0.4035109579563141,-0.09542087465524673,0.548088788986206,0.4426303505897522,-0.10579108446836472,0.5212247371673584,0.4769849181175232,-0.1137169748544693,sparsh
0.2834417223930359,0.571458101272583,2.3624593836757413e-07,0.3431636095046997,0.5693778395652771,0.011244731955230236,0.4058154225349426,0.5829266309738159,0.01390086580067873,0.4458995759487152,0.5964031219482422,0.010793842375278473,0.4781007766723633,0.6049354076385498,0.007024190854281187,0.42759597301483154,0.564261794090271,0.010134921409189701,0.4981515407562256,0.5712341070175171,-0.006086681038141251,0.5512685775756836,0.5719857215881348,-0.01993384212255478,0.5951099991798401,0.5706450939178467,-0.02929816208779812,0.4299963116645813,0.5698975324630737,-0.0076773324981331825,0.5059285163879395,0.577691376209259,-0.0217888243496418,0.5621877908706665,0.5814013481140137,-0.03516098111867905,0.610608696937561,0.5819205641746521,-0.044030848890542984,0.4253513514995575,0.5892820954322815,-0.025761516764760017,0.5014917850494385,0.5948535203933716,-0.03715013712644577,0.5521891117095947,0.5972573161125183,-0.04519068822264671,0.5942862629890442,0.5964576601982117,-0.05058256536722183,0.4158473610877991,0.62201988697052,-0.04394421726465225,0.46815556287765503,0.6228209733963013,-0.051251571625471115,0.5032841563224792,0.6210073232650757,-0.052539337426424026,0.5328728556632996,0.6185073852539062,-0.05337468162178993,sparsh
0.6789661645889282,0.2798296809196472,-1.2388758818815404e-07,0.6172870397567749,0.3136880397796631,0.014318161644041538,0.5575829148292542,0.361530065536499,0.012636995874345303,0.5175337195396423,0.4024446904659271,0.0075202444568276405,0.4925975799560547,0.44311290979385376,-0.0008410037262365222,0.5109819173812866,0.34013545513153076,-0.019461996853351593,0.46530961990356445,0.4244144558906555,-0.04172249883413315,0.43912574648857117,0.4795165956020355,-0.05593777075409889,0.4202985167503357,0.5243495106697083,-0.06580577790737152,0.5284867882728577,0.3349592685699463,-0.040388576686382294,0.4710502624511719,0.4314439296722412,-0.06145050749182701,0.4417499303817749,0.4888712167739868,-0.07285288721323013,0.42073893547058105,0.5364069938659668,-0.08227290958166122,0.5610508322715759,0.3384171426296234,-0.05993352085351944,0.5103296041488647,0.43506935238838196,-0.08116468787193298,0.483458936214447,0.4947158396244049,-0.09201741218566895,0.46098849177360535,0.5409829616546631,-0.1004163920879364,0.6029423475265503,0.3506326973438263,-0.07723497599363327,0.5640828609466553,0.4071868062019348,-0.09990913420915604,0.5359551310539246,0.4473348557949066,-0.11153905093669891,0.50810706615448,0.48266029357910156,-0.12015251070261002,sparsh
0.2779698371887207,0.5750373601913452,2.077999994298807e-07,0.3395252227783203,0.5783055424690247,0.01303671021014452,0.40228888392448425,0.5916017293930054,0.017500871792435646,0.44165727496147156,0.6032549142837524,0.015630828216671944,0.4747633934020996,0.6101762056350708,0.012947330251336098,0.4231466054916382,0.5633726716041565,0.012906230986118317,0.4920908212661743,0.5709316730499268,-0.0033673159778118134,0.545397162437439,0.5716013312339783,-0.017179736867547035,0.5901051759719849,0.5684251189231873,-0.026920191943645477,0.4257447421550751,0.5698482990264893,-0.0064660413190722466,0.5021787881851196,0.5761680006980896,-0.02154410257935524,0.5593775510787964,0.5814136266708374,-0.036371875554323196,0.6100103855133057,0.5828094482421875,-0.04655662924051285,0.4208036959171295,0.5890021920204163,-0.026205498725175858,0.495687335729599,0.5946967601776123,-0.0396406315267086,0.5462539196014404,0.597091019153595,-0.05029072239995003,0.5894082188606262,0.5952112078666687,-0.057344961911439896,0.4117889702320099,0.6222661733627319,-0.045771997421979904,0.4628836512565613,0.6224784255027771,-0.05522674322128296,0.49791809916496277,0.6198333501815796,-0.05893959477543831,0.5277778506278992,0.6159080862998962,-0.06158377602696419,sparsh
0.6769043803215027,0.28838807344436646,-1.1613478534400201e-07,0.6140578389167786,0.3249850571155548,0.013873604126274586,0.5545257329940796,0.3733460009098053,0.012038460932672024,0.5153502821922302,0.4159259796142578,0.00640126084908843,0.48966649174690247,0.45767250657081604,-0.0022478140890598297,0.5080583095550537,0.348638653755188,-0.015044822357594967,0.4631109833717346,0.43412095308303833,-0.03596474230289459,0.4370090663433075,0.489042192697525,-0.050905440002679825,0.416825532913208,0.5347826480865479,-0.06148544326424599,0.5256760120391846,0.3434707224369049,-0.03509253263473511,0.4722216725349426,0.44016507267951965,-0.05425233766436577,0.4422560930252075,0.49767887592315674,-0.06617266684770584,0.41946545243263245,0.5466357469558716,-0.07627809792757034,0.5577157139778137,0.3472077250480652,-0.05384737253189087,0.5085886716842651,0.44000887870788574,-0.07291863858699799,0.4803067445755005,0.49652642011642456,-0.0824752226471901,0.4570053219795227,0.5412176847457886,-0.0898023247718811,0.5985093116760254,0.3595992624759674,-0.07062887400388718,0.5590160489082336,0.41655316948890686,-0.08974433690309525,0.5312225818634033,0.4566502571105957,-0.09821009635925293,0.5055393576622009,0.4911614656448364,-0.10442501306533813,sparsh
0.26140910387039185,0.5729131102561951,2.556841991463443e-07,0.3248116075992584,0.5657551288604736,0.00807857234030962,0.3878006935119629,0.5788078904151917,0.009527965448796749,0.4291762411594391,0.5909404158592224,0.0055753313936293125,0.46339333057403564,0.6001238822937012,0.0009164850343950093,0.40136224031448364,0.5577004551887512,0.008471718057990074,0.47094881534576416,0.5629163980484009,-0.009622480720281601,0.525347888469696,0.5638681650161743,-0.02487313561141491,0.5702567100524902,0.5622758865356445,-0.03521089255809784,0.40306347608566284,0.5664768218994141,-0.008525317534804344,0.4791053235530853,0.5719510316848755,-0.024685224518179893,0.5369861125946045,0.5766345262527466,-0.040260106325149536,0.588821291923523,0.579115629196167,-0.05086040869355202,0.39865535497665405,0.5872988104820251,-0.026160525158047676,0.47369450330734253,0.5926933288574219,-0.039663493633270264,0.5245583057403564,0.5958329439163208,-0.049066729843616486,0.5683566927909851,0.5960692763328552,-0.05511646345257759,0.3904227316379547,0.6196154356002808,-0.04414016753435135,0.4420256018638611,0.6170119643211365,-0.05264914035797119,0.4771054983139038,0.6157242059707642,-0.054802898317575455,0.5073258876800537,0.6149051189422607,-0.056250814348459244,sparsh
0.6736091375350952,0.28771543502807617,-3.4625120548525956e-08,0.6144353151321411,0.327900767326355,0.01141889113932848,0.5551097989082336,0.38266807794570923,0.009158845990896225,0.5151193141937256,0.4294869303703308,0.0038131868932396173,0.48745962977409363,0.47035670280456543,-0.00402060616761446,0.5101735591888428,0.3515050709247589,-0.01620090752840042,0.46533629298210144,0.4326559901237488,-0.03528471663594246,0.43639567494392395,0.4833299517631531,-0.048439472913742065,0.412217915058136,0.5238136053085327,-0.058167893439531326,0.5278321504592896,0.34627029299736023,-0.03490763157606125,0.4731375575065613,0.43968701362609863,-0.05271170288324356,0.4392163157463074,0.4928659498691559,-0.06338275969028473,0.41177329421043396,0.5357644557952881,-0.07251293957233429,0.5593521595001221,0.34983304142951965,-0.052428219467401505,0.5097252130508423,0.4378187656402588,-0.07050302624702454,0.4791880249977112,0.49010127782821655,-0.07946363091468811,0.4525260329246521,0.5302248001098633,-0.086408331990242,0.6001959443092346,0.36219432950019836,-0.0682053416967392,0.561768114566803,0.41568824648857117,-0.08749420940876007,0.5335284471511841,0.45422160625457764,-0.09635890275239944,0.5062311887741089,0.4869953691959381,-0.10271694511175156,sparsh
0.25550568103790283,0.5746967196464539,2.604805331429816e-07,0.3176441192626953,0.565326988697052,0.009406853467226028,0.37830832600593567,0.5775049924850464,0.012200835160911083,0.41730672121047974,0.5882279276847839,0.009377984330058098,0.44811928272247314,0.5964018106460571,0.00579654797911644,0.39157193899154663,0.5573417544364929,0.0133843794465065,0.45950374007225037,0.569611668586731,-0.0028607985004782677,0.5154848098754883,0.5710649490356445,-0.017667066305875778,0.5615592002868652,0.5694406628608704,-0.02798508107662201,0.39489275217056274,0.5653572082519531,-0.0031631728634238243,0.468513160943985,0.5741623044013977,-0.017513077706098557,0.5258250832557678,0.576921284198761,-0.0321623720228672,0.5777996778488159,0.5767073035240173,-0.04221131652593613,0.3932276666164398,0.5866436958312988,-0.020304443314671516,0.46696725487709045,0.5924248099327087,-0.03152547404170036,0.5179850459098816,0.5938109159469604,-0.039050690829753876,0.5617696046829224,0.5925210118293762,-0.043882690370082855,0.38797345757484436,0.6203795075416565,-0.03800583258271217,0.44080692529678345,0.6202911734580994,-0.04412921145558357,0.4770790934562683,0.6191648840904236,-0.04461682587862015,0.5079953074455261,0.6183695197105408,-0.04488741233944893,sparsh
0.6724478006362915,0.28430724143981934,-2.7203880037518502e-08,0.6125087141990662,0.320112019777298,0.01375243067741394,0.5556823015213013,0.37103259563446045,0.013149825856089592,0.5157894492149353,0.4127659499645233,0.009173111990094185,0.49053075909614563,0.4522098898887634,0.001780125079676509,0.5105726718902588,0.35460570454597473,-0.017542187124490738,0.46741238236427307,0.435751348733902,-0.03632037714123726,0.43890565633773804,0.4860433042049408,-0.048665788024663925,0.41347944736480713,0.5263274312019348,-0.05834423750638962,0.5264643430709839,0.34908977150917053,-0.03711576759815216,0.4698863625526428,0.4437585473060608,-0.056297462433576584,0.4331362545490265,0.4959147572517395,-0.06721317768096924,0.402935653924942,0.5379654765129089,-0.07664141803979874,0.5581799149513245,0.3525572121143341,-0.05507281795144081,0.505882978439331,0.44112077355384827,-0.07563307136297226,0.47238922119140625,0.4901421070098877,-0.08671128004789352,0.44330283999443054,0.5275684595108032,-0.09505758434534073,0.5994526743888855,0.36482173204421997,-0.07074050605297089,0.5592553019523621,0.4182014465332031,-0.09394995868206024,0.5296367406845093,0.45568031072616577,-0.1058424562215805,0.5011363625526428,0.48836588859558105,-0.11438506841659546,sparsh
0.2467307299375534,0.5772576928138733,2.626436810260202e-07,0.30729538202285767,0.5806739926338196,0.006424418650567532,0.3707900643348694,0.5930520296096802,0.006847722455859184,0.41323328018188477,0.6045026779174805,0.002071201568469405,0.4484389126300812,0.61220383644104,-0.0032368304673582315,0.38750410079956055,0.5649111270904541,0.006931453477591276,0.4580058455467224,0.5697970390319824,-0.011895008385181427,0.5142450332641602,0.5703765749931335,-0.0281840767711401,0.5602276921272278,0.5691598653793335,-0.039312031120061874,0.38828369975090027,0.5707830786705017,-0.009775844402611256,0.4646574854850769,0.5756646990776062,-0.02679995447397232,0.5235559940338135,0.5791308283805847,-0.04339442774653435,0.5761108994483948,0.5812631249427795,-0.054450493305921555,0.3834642767906189,0.5894163846969604,-0.02716028317809105,0.4600975513458252,0.5946760773658752,-0.04088381305336952,0.5124170780181885,0.5995137691497803,-0.050744228065013885,0.5574352145195007,0.6022709608078003,-0.05694425851106644,0.37420251965522766,0.6201071739196777,-0.04511145502328873,0.4273141324520111,0.620752215385437,-0.053976871073246,0.4643351137638092,0.6200740933418274,-0.05650337412953377,0.4965067207813263,0.6203240156173706,-0.05791739746928215,sparsh
0.6701937913894653,0.2832966446876526,1.9260900430140282e-08,0.6097885966300964,0.32807034254074097,0.011364536359906197,0.5505944490432739,0.3866978883743286,0.008744016289710999,0.5068907737731934,0.42779541015625,0.0031084849033504725,0.47940221428871155,0.46642351150512695,-0.005664492957293987,0.5107754468917847,0.36109229922294617,-0.021548524498939514,0.46443626284599304,0.43933629989624023,-0.043578553944826126,0.43137913942337036,0.48872724175453186,-0.05821767449378967,0.4025733470916748,0.5281811952590942,-0.06950802356004715,0.5269947648048401,0.35262730717658997,-0.04165402054786682,0.4717831313610077,0.4437965452671051,-0.06326071172952652,0.4344169497489929,0.49352604150772095,-0.07511044293642044,0.4012889862060547,0.5333338975906372,-0.08527929335832596,0.5575301051139832,0.3527299761772156,-0.060601405799388885,0.5019004344940186,0.437250018119812,-0.08247283846139908,0.46504396200180054,0.4824744462966919,-0.0925542563199997,0.4310951232910156,0.5170803070068359,-0.10042212903499603,0.5978623628616333,0.36104997992515564,-0.0776454284787178,0.5576604604721069,0.4122651219367981,-0.10161131620407104,0.5253115296363831,0.4466526508331299,-0.11327577382326126,0.4924580752849579,0.4759099781513214,-0.12185423821210861,sparsh
0.2460143268108368,0.5746949911117554,2.528799427636841e-07,0.30776989459991455,0.5703678131103516,0.007095243316143751,0.37256237864494324,0.5839810371398926,0.007558781187981367,0.4159843623638153,0.599886417388916,0.003077043453231454,0.45083552598953247,0.6101583242416382,-0.001975970109924674,0.38861456513404846,0.5639286041259766,0.005278489086776972,0.45588603615760803,0.5699033737182617,-0.013087415136396885,0.5092266201972961,0.5704379677772522,-0.02873947285115719,0.5540906190872192,0.5693813562393188,-0.03976334258913994,0.38838693499565125,0.5707470178604126,-0.01175407599657774,0.4601730406284332,0.576931357383728,-0.02854827605187893,0.5165491700172424,0.5808115005493164,-0.04403448849916458,0.5674976110458374,0.5829908847808838,-0.054693665355443954,0.3822653591632843,0.589505136013031,-0.029333967715501785,0.4562261998653412,0.5948324799537659,-0.0434362031519413,0.507906436920166,0.598628044128418,-0.05278072878718376,0.5531357526779175,0.600334644317627,-0.05890704691410065,0.37184473872184753,0.6204705238342285,-0.04731200262904167,0.4249362349510193,0.6188086867332458,-0.05726436525583267,0.46223312616348267,0.6166326999664307,-0.06002173572778702,0.49516531825065613,0.6160458326339722,-0.06180217117071152,sparsh
0.6700015664100647,0.29350170493125916,4.4833846857272874e-08,0.607619047164917,0.3315584063529968,0.012259355746209621,0.5485361218452454,0.38798922300338745,0.011145435273647308,0.5052450895309448,0.42982718348503113,0.006659714505076408,0.4795508086681366,0.46971291303634644,-0.0009337119990959764,0.5142662525177002,0.3732489347457886,-0.015237167477607727,0.46699169278144836,0.4490644633769989,-0.034589942544698715,0.43479594588279724,0.4981539249420166,-0.04761568084359169,0.4077855944633484,0.536912202835083,-0.057518698275089264,0.5298852324485779,0.36601540446281433,-0.03447393327951431,0.47388955950737,0.4540683627128601,-0.05338456854224205,0.4367997944355011,0.5031690001487732,-0.06463656574487686,0.40493646264076233,0.5419855117797852,-0.07407677918672562,0.5592268109321594,0.36604854464530945,-0.05259497091174126,0.5018211603164673,0.4480302929878235,-0.0723079964518547,0.46716079115867615,0.4935581088066101,-0.08197344839572906,0.4363219141960144,0.5285263061523438,-0.08922766149044037,0.5982444882392883,0.3729144036769867,-0.06877823919057846,0.5590604543685913,0.42417722940444946,-0.09094919264316559,0.5278058648109436,0.4598430395126343,-0.10160716623067856,0.49741533398628235,0.490496963262558,-0.10903462767601013,sparsh
0.2555135190486908,0.5771797299385071,2.46914538593046e-07,0.3166019320487976,0.5903568267822266,0.00569528853520751,0.38056325912475586,0.5997641682624817,0.006477948743849993,0.42456483840942383,0.6076687574386597,0.002400607569143176,0.46008527278900146,0.6116896867752075,-0.002790147205814719,0.396183043718338,0.562080979347229,0.004414503462612629,0.46433526277542114,0.5642935633659363,-0.01511650625616312,0.5196732878684998,0.5637003183364868,-0.0321677066385746,0.5654234886169434,0.5626893639564514,-0.04428702965378761,0.39627957344055176,0.5679570436477661,-0.01187023613601923,0.4690479636192322,0.5705888867378235,-0.03057234175503254,0.527042031288147,0.5742284059524536,-0.04874385893344879,0.5798900127410889,0.5766054391860962,-0.0612630657851696,0.39000511169433594,0.5864472985267639,-0.02876112423837185,0.4624698758125305,0.5893362760543823,-0.045403722673654556,0.5139721632003784,0.5919179320335388,-0.05776828154921532,0.5588238835334778,0.5917069315910339,-0.06571227312088013,0.37891170382499695,0.6163186430931091,-0.04595700651407242,0.4291876256465912,0.6155467629432678,-0.058581653982400894,0.4654977321624756,0.6140947341918945,-0.06400196254253387,0.4977593421936035,0.6136841773986816,-0.0675332099199295,sparsh
0.6717200875282288,0.28670552372932434,2.7960316728581347e-08,0.6148995161056519,0.3260769844055176,0.01061213482171297,0.5580074191093445,0.38078439235687256,0.0082554891705513,0.5160832405090332,0.42148545384407043,0.003267306601628661,0.4907715916633606,0.4595165550708771,-0.004753605462610722,0.5256677865982056,0.3591599464416504,-0.023038627579808235,0.475571870803833,0.43233945965766907,-0.045237645506858826,0.44160762429237366,0.4845547676086426,-0.059453174471855164,0.41358786821365356,0.5268975496292114,-0.0699637234210968,0.539852499961853,0.35406631231307983,-0.041924379765987396,0.4813798666000366,0.43785107135772705,-0.06350646913051605,0.4443992078304291,0.48974066972732544,-0.07509934902191162,0.4121468961238861,0.5321288704872131,-0.08453604578971863,0.5673753619194031,0.35619470477104187,-0.05937153473496437,0.5111165046691895,0.4325637221336365,-0.08022816479206085,0.47628360986709595,0.47977104783058167,-0.08992478251457214,0.44574883580207825,0.5173755288124084,-0.0973111167550087,0.6045803427696228,0.3650411069393158,-0.07499156147241592,0.5653942823410034,0.41206514835357666,-0.09785749018192291,0.5353816151618958,0.4461219310760498,-0.10875890403985977,0.5064600706100464,0.47600841522216797,-0.11644746363162994,sparsh
0.26463931798934937,0.574127197265625,2.172978526004954e-07,0.3217816650867462,0.5740538835525513,0.007965227589011192,0.3823840916156769,0.5853106379508972,0.008859481662511826,0.4236587882041931,0.5949933528900146,0.004841442685574293,0.45740893483161926,0.5989365577697754,-2.50021639658371e-05,0.39774781465530396,0.5635319352149963,0.005038028117269278,0.4637420177459717,0.5658124089241028,-0.01171840075403452,0.5149485468864441,0.5635125041007996,-0.025525322183966637,0.5565955638885498,0.5616717338562012,-0.03503461554646492,0.39936885237693787,0.5689212679862976,-0.011082284152507782,0.4705581068992615,0.5712843537330627,-0.026798930019140244,0.524939775466919,0.5731872916221619,-0.041096031665802,0.5726118087768555,0.5743401050567627,-0.05073251947760582,0.39539003372192383,0.5871420502662659,-0.027475671842694283,0.46779945492744446,0.5881406664848328,-0.04070085287094116,0.5172143578529358,0.5885575413703918,-0.050033945590257645,0.5589725971221924,0.587982177734375,-0.05610664561390877,0.38750946521759033,0.6176040768623352,-0.043981265276670456,0.43834707140922546,0.6139919757843018,-0.053268782794475555,0.4732990264892578,0.6107451915740967,-0.05639510229229927,0.5037071108818054,0.6093862056732178,-0.058432236313819885,sparsh
0.659999430179596,0.29673510789871216,5.310601025598771e-08,0.6037878394126892,0.3367983102798462,0.011708993464708328,0.5493379831314087,0.39651528000831604,0.009210101328790188,0.5102100372314453,0.4406953752040863,0.0038426739629358053,0.4863329827785492,0.48001304268836975,-0.005088509991765022,0.5156989097595215,0.3750622570514679,-0.02519558183848858,0.47384095191955566,0.44614189863204956,-0.04830751195549965,0.44261792302131653,0.49190133810043335,-0.06392940133810043,0.4153164029121399,0.5288134217262268,-0.07582283765077591,0.5320422053337097,0.36663365364074707,-0.04564819112420082,0.4786697030067444,0.4474526047706604,-0.06773757189512253,0.44215458631515503,0.4945232570171356,-0.08023025095462799,0.40931758284568787,0.5328705906867981,-0.09078773856163025,0.562278151512146,0.36451485753059387,-0.06457021087408066,0.5108346939086914,0.43944546580314636,-0.08727707713842392,0.47710922360420227,0.4830186367034912,-0.09828342497348785,0.4463936984539032,0.5164417624473572,-0.10667787492275238,0.6019899249076843,0.3688706159591675,-0.08135106414556503,0.5640140175819397,0.41776561737060547,-0.10666722059249878,0.535571813583374,0.4495511054992676,-0.11852166056632996,0.5075664520263672,0.4759494662284851,-0.12691715359687805,sparsh
0.27230045199394226,0.5645189881324768,2.1885462331283634e-07,0.33304309844970703,0.5668998956680298,0.006908026989549398,0.3941490650177002,0.5780889391899109,0.008978119120001793,0.43421053886413574,0.5872488617897034,0.00585216237232089,0.46694815158843994,0.5962701439857483,0.0022796569392085075,0.40504565834999084,0.5532886385917664,0.011303170584142208,0.4692029654979706,0.5586258172988892,-0.004641120322048664,0.5202257633209229,0.5580477714538574,-0.019000953063368797,0.5631549954414368,0.5562755465507507,-0.02903764136135578,0.40639305114746094,0.5575165748596191,-0.003966191783547401,0.4737652540206909,0.5601195096969604,-0.01866978220641613,0.5265762209892273,0.5612219572067261,-0.03332467004656792,0.5750750303268433,0.5615552067756653,-0.04326903074979782,0.40293073654174805,0.575104832649231,-0.020041339099407196,0.4715157151222229,0.5780621767044067,-0.03207409009337425,0.519637942314148,0.5783472657203674,-0.04027530550956726,0.5616183280944824,0.5772408246994019,-0.04535844177007675,0.39562395215034485,0.6056151390075684,-0.03673376515507698,0.44645971059799194,0.6033076047897339,-0.044334616512060165,0.4818294048309326,0.6004776358604431,-0.045901864767074585,0.5122474431991577,0.5982306003570557,-0.046672504395246506,sparsh
0.6754375100135803,0.29050585627555847,1.0657738869213063e-07,0.616185188293457,0.3255993127822876,0.01240470726042986,0.5658484697341919,0.3823019564151764,0.011572526767849922,0.5289477705955505,0.4273567497730255,0.007038977462798357,0.505812406539917,0.4665568470954895,-0.0006194876041263342,0.5292230248451233,0.3683984577655792,-0.01294625923037529,0.4865267872810364,0.44092684984207153,-0.0322912260890007,0.4541530907154083,0.4810652434825897,-0.04604659974575043,0.4248434007167816,0.5130021572113037,-0.056656673550605774,0.5430575609207153,0.3620477020740509,-0.031938374042510986,0.4907072186470032,0.4441189467906952,-0.050785038620233536,0.45363640785217285,0.4856637120246887,-0.06262845546007156,0.4185031056404114,0.5193237066268921,-0.07252942025661469,0.5712854862213135,0.36203300952911377,-0.049945633858442307,0.5199279189109802,0.4377994239330292,-0.06857536733150482,0.48506444692611694,0.47657179832458496,-0.07739152014255524,0.4518492817878723,0.5052084922790527,-0.08435460180044174,0.6090701818466187,0.3685421943664551,-0.0662991926074028,0.5722604990005493,0.41456174850463867,-0.0865098237991333,0.5431557297706604,0.44289782643318176,-0.0958130806684494,0.5130745768547058,0.4669361114501953,-0.1026771143078804,sparsh
0.2737892270088196,0.5549867749214172,2.5996178010245785e-07,0.3320664167404175,0.5521019101142883,0.0067345681600272655,0.3918853998184204,0.5659451484680176,0.007060556672513485,0.4323531985282898,0.5795572400093079,0.0024479697458446026,0.4658656418323517,0.5882181525230408,-0.002977053401991725,0.40633636713027954,0.5445997714996338,0.005509642418473959,0.4730478525161743,0.5526565909385681,-0.012151970528066158,0.5256459712982178,0.551985502243042,-0.02685353346168995,0.5691821575164795,0.5491831302642822,-0.03696644678711891,0.4069599509239197,0.5504580140113831,-0.010429861955344677,0.4788759648799896,0.5567395687103271,-0.02701198309659958,0.5342978835105896,0.558903157711029,-0.042350757867097855,0.584059476852417,0.5592747926712036,-0.05266571789979935,0.4032011032104492,0.5691375136375427,-0.02680239826440811,0.47616198658943176,0.5745396018028259,-0.04073585569858551,0.5262622237205505,0.5769659280776978,-0.05029957741498947,0.5693287253379822,0.5773859620094299,-0.056261107325553894,0.39656007289886475,0.600034773349762,-0.04351240396499634,0.44877883791923523,0.5991252660751343,-0.05318419262766838,0.4841582179069519,0.5964647531509399,-0.056062329560518265,0.5150099992752075,0.5946918725967407,-0.057670287787914276,sparsh
0.6834747195243835,0.296841025352478,8.512210314393087e-08,0.6270509362220764,0.3358437716960907,0.010831841267645359,0.5733270049095154,0.3965105712413788,0.009691642597317696,0.5365567207336426,0.44279733300209045,0.005364911165088415,0.5112253427505493,0.4814031720161438,-0.0017508071614429355,0.5326888561248779,0.37299710512161255,-0.014909339137375355,0.48926910758018494,0.44648054242134094,-0.03382470831274986,0.4571163058280945,0.4913371801376343,-0.04712147265672684,0.4283434748649597,0.526529848575592,-0.05751682445406914,0.5480348467826843,0.36850303411483765,-0.03356507420539856,0.49575096368789673,0.44867855310440063,-0.05241362005472183,0.458193302154541,0.49432656168937683,-0.06484122574329376,0.42360740900039673,0.5312358140945435,-0.07518679648637772,0.5767830014228821,0.36981797218322754,-0.05125312879681587,0.5242601633071899,0.4446598291397095,-0.07044313102960587,0.4897014796733856,0.48665520548820496,-0.08080684393644333,0.4564695954322815,0.518412172794342,-0.08877261728048325,0.6148773431777954,0.37729334831237793,-0.06729696691036224,0.5779069662094116,0.426931232213974,-0.08825726807117462,0.548549473285675,0.45930278301239014,-0.09864256531000137,0.517989456653595,0.48607319593429565,-0.10621340572834015,sparsh
0.2797168493270874,0.5716809034347534,2.5090747612921405e-07,0.33463072776794434,0.5653417110443115,0.0045019881799817085,0.3937211334705353,0.5782617926597595,0.004186943173408508,0.43456077575683594,0.592110276222229,-0.00044791094842366874,0.4661250710487366,0.6038551926612854,-0.005572395399212837,0.4112618863582611,0.5611386299133301,0.004448464140295982,0.47959989309310913,0.5658714175224304,-0.012364325113594532,0.5317526459693909,0.5650689601898193,-0.025826722383499146,0.5736838579177856,0.5643007755279541,-0.034844353795051575,0.41390448808670044,0.5688726902008057,-0.009634749963879585,0.486601859331131,0.5751452445983887,-0.02507137693464756,0.5406757593154907,0.5788665413856506,-0.03874633088707924,0.5878216028213501,0.5823563933372498,-0.04757450520992279,0.41022878885269165,0.5894345641136169,-0.024385865777730942,0.48358529806137085,0.5961650609970093,-0.03708241134881973,0.5327659845352173,0.5990058779716492,-0.045447345823049545,0.5744433403015137,0.6013477444648743,-0.05060117319226265,0.4019020199775696,0.6209360361099243,-0.0396750271320343,0.45264747738838196,0.622127115726471,-0.04832440987229347,0.48780834674835205,0.6214793920516968,-0.05071792006492615,0.5187844038009644,0.6227472424507141,-0.05197435989975929,sparsh
0.6971226930618286,0.3071384131908417,1.020436215526388e-07,0.6357002258300781,0.34033825993537903,0.010486011393368244,0.5807074904441833,0.40036261081695557,0.008440135978162289,0.5433860421180725,0.44777989387512207,0.0035159315448254347,0.5205914378166199,0.48812857270240784,-0.004260404966771603,0.5417134761810303,0.37964725494384766,-0.01780141144990921,0.49683326482772827,0.4601477384567261,-0.03738526254892349,0.4639124870300293,0.5062788724899292,-0.05064884573221207,0.43468084931373596,0.5416541695594788,-0.06069265305995941,0.5592057704925537,0.3768182098865509,-0.03613756224513054,0.5041643381118774,0.4635508358478546,-0.054526858031749725,0.4662777781486511,0.5098171234130859,-0.06543658673763275,0.4317253828048706,0.546322762966156,-0.07479465752840042,0.5898621082305908,0.3798525333404541,-0.05341371148824692,0.5350719094276428,0.45939508080482483,-0.07154583185911179,0.5009053945541382,0.5021392107009888,-0.08074986189603806,0.4685382843017578,0.5330107808113098,-0.08818531781435013,0.6290478706359863,0.38855212926864624,-0.0690789744257927,0.5898101925849915,0.4371480643749237,-0.0891709253191948,0.5597063302993774,0.46809473633766174,-0.09898553788661957,0.5290766358375549,0.49357515573501587,-0.10636047273874283,sparsh
0.29705309867858887,0.5840786695480347,2.2273238187153765e-07,0.3562777042388916,0.5810953378677368,0.00845919270068407,0.41698381304740906,0.5951968431472778,0.010621055960655212,0.45788782835006714,0.6096152663230896,0.007557344157248735,0.4901805818080902,0.6230587959289551,0.003922437783330679,0.43293070793151855,0.5753790736198425,0.009980684146285057,0.5034114718437195,0.5815066695213318,-0.005125290248543024,0.5561392307281494,0.5813201665878296,-0.017350224778056145,0.5991319417953491,0.5806452035903931,-0.025795383378863335,0.4359471797943115,0.5846591591835022,-0.005958459340035915,0.5112555027008057,0.5933446288108826,-0.020336145535111427,0.5666509866714478,0.5987848043441772,-0.03394164890050888,0.6145240068435669,0.6034384965896606,-0.042958471924066544,0.43214836716651917,0.6068497896194458,-0.022456709295511246,0.5093355178833008,0.6165091395378113,-0.03500424697995186,0.5606981515884399,0.6208661198616028,-0.04447520151734352,0.6036285161972046,0.6236498355865479,-0.05055686831474304,0.4239760637283325,0.639937162399292,-0.039040450006723404,0.4783233106136322,0.6416497230529785,-0.048006247729063034,0.5163198113441467,0.641765832901001,-0.05111450329422951,0.5495373606681824,0.6427534818649292,-0.053117360919713974,sparsh
0.7234919667243958,0.3144868314266205,7.608664986946678e-08,0.6579532623291016,0.3489058017730713,0.011112815700471401,0.6004833579063416,0.4070259928703308,0.00797223299741745,0.5594906806945801,0.4545097351074219,0.0018089269287884235,0.5341981649398804,0.4969130754470825,-0.007425121963024139,0.5638759136199951,0.38816314935684204,-0.020727932453155518,0.5159471035003662,0.4654502272605896,-0.042957600206136703,0.4813348054885864,0.510697603225708,-0.05780714005231857,0.4505055248737335,0.5470070838928223,-0.06873524188995361,0.5819490551948547,0.3847983479499817,-0.03985374793410301,0.5239353179931641,0.4699370563030243,-0.06052360311150551,0.4845006763935089,0.5157690644264221,-0.07233244925737381,0.4491491913795471,0.5529015064239502,-0.08228768408298492,0.613383412361145,0.38814160227775574,-0.05766021087765694,0.5574590563774109,0.4676438868045807,-0.07781009376049042,0.5219854116439819,0.5111894607543945,-0.08750100433826447,0.4894609749317169,0.5436069965362549,-0.09504622966051102,0.6531000137329102,0.39640092849731445,-0.0736544206738472,0.611794650554657,0.4453824460506439,-0.0955020934343338,0.5798584818840027,0.4771342873573303,-0.10606133192777634,0.5482533574104309,0.5036490559577942,-0.11372219026088715,sparsh
0.30945146083831787,0.5895600914955139,2.1145957873613952e-07,0.3643891215324402,0.5818476676940918,0.009651005268096924,0.4235333502292633,0.5937208533287048,0.012931854464113712,0.4607304632663727,0.6047927141189575,0.010672671720385551,0.489656925201416,0.6150791645050049,0.007977371104061604,0.44760042428970337,0.5783987045288086,0.013848409056663513,0.5167655944824219,0.5860832333564758,0.00030041064019314945,0.5691397786140442,0.5858797430992126,-0.010956746526062489,0.6109861135482788,0.5832980275154114,-0.018787745386362076,0.45297715067863464,0.5885530710220337,-0.002476855181157589,0.5274591445922852,0.5983916521072388,-0.015646515414118767,0.5821542739868164,0.6049120426177979,-0.0277684535831213,0.629223644733429,0.6085450053215027,-0.03563753888010979,0.45137789845466614,0.6099549531936646,-0.019657043740153313,0.5270982384681702,0.6198946237564087,-0.030812673270702362,0.5776057839393616,0.625252902507782,-0.03932894766330719,0.620226263999939,0.6275898218154907,-0.044780485332012177,0.4444732964038849,0.6419972777366638,-0.03703172504901886,0.498169481754303,0.6439334750175476,-0.04403568059206009,0.5348369479179382,0.6437391042709351,-0.04605557769536972,0.566744327545166,0.6431971192359924,-0.04745185002684593,sparsh
0.739240288734436,0.3086209297180176,5.549600956555878e-08,0.6763896942138672,0.33760491013526917,0.011044664308428764,0.6192837357521057,0.39579498767852783,0.00923953764140606,0.5773620009422302,0.44356411695480347,0.004156556911766529,0.5514116287231445,0.4852263927459717,-0.004105765372514725,0.5822685360908508,0.38188910484313965,-0.01874004490673542,0.5344193577766418,0.45852571725845337,-0.04040059819817543,0.4991964101791382,0.5045452117919922,-0.05552094802260399,0.46781569719314575,0.541414737701416,-0.06703662872314453,0.598022997379303,0.3803325593471527,-0.03743063285946846,0.5394396185874939,0.4664621353149414,-0.05796355381608009,0.49894899129867554,0.512434720993042,-0.07037456333637238,0.4619138836860657,0.5496674180030823,-0.08090419322252274,0.6275570392608643,0.3850001394748688,-0.054898541420698166,0.5732381939888,0.46555304527282715,-0.07515876740217209,0.5387957096099854,0.5077056884765625,-0.08499667793512344,0.5066711902618408,0.5388897657394409,-0.09270414710044861,0.66633540391922,0.3949407637119293,-0.07072129845619202,0.6254550814628601,0.443483829498291,-0.09249351918697357,0.5960793495178223,0.47338640689849854,-0.10286720842123032,0.5666932463645935,0.49834856390953064,-0.11049659550189972,sparsh
0.31616583466529846,0.5728915929794312,2.4485854055456e-07,0.37545686960220337,0.5711387991905212,0.006357574835419655,0.43774479627609253,0.5859702825546265,0.006762258242815733,0.47919487953186035,0.6010690331459045,0.0025544266682118177,0.5113608837127686,0.6125675439834595,-0.0024788372684270144,0.4596860110759735,0.5692713260650635,0.0048845792189240456,0.5286431312561035,0.5735908150672913,-0.013008298352360725,0.581376314163208,0.5748927593231201,-0.027784626930952072,0.624157190322876,0.5769472122192383,-0.03777216747403145,0.4610779285430908,0.5772656798362732,-0.010750187560915947,0.5360839366912842,0.5848047733306885,-0.027157796546816826,0.5929740071296692,0.5909634828567505,-0.04199061915278435,0.6422868967056274,0.5972153544425964,-0.051940567791461945,0.4544488191604614,0.5979923605918884,-0.02699858881533146,0.5303587913513184,0.6066780686378479,-0.04121549800038338,0.5823743343353271,0.6127564907073975,-0.05132148787379265,0.6257796287536621,0.6171038150787354,-0.057654380798339844,0.44192206859588623,0.6301763653755188,-0.043464045971632004,0.4958944320678711,0.6331173181533813,-0.05385372415184975,0.5343635082244873,0.634345293045044,-0.05764687433838844,0.5679723024368286,0.6363810896873474,-0.05994695425033569,sparsh
0.7486725449562073,0.312592089176178,8.816218866058989e-08,0.6844555139541626,0.3473578095436096,0.010156450793147087,0.6260740756988525,0.4042961001396179,0.007905013859272003,0.5860309600830078,0.4498695731163025,0.0026573280338197947,0.5598322153091431,0.48956066370010376,-0.005557741969823837,0.5875160098075867,0.3836004137992859,-0.016958262771368027,0.5414632558822632,0.4608336389064789,-0.03672222048044205,0.5082517266273499,0.5077919363975525,-0.05021084472537041,0.478403240442276,0.5444816946983337,-0.060239557176828384,0.6054946780204773,0.3808803856372833,-0.03517011180520058,0.5494772791862488,0.4653626084327698,-0.05352102592587471,0.5097020864486694,0.5128592252731323,-0.06505272537469864,0.4737972319126129,0.5509857535362244,-0.07471078634262085,0.6370376348495483,0.38505062460899353,-0.05223730579018593,0.5833215117454529,0.46331897377967834,-0.07057730853557587,0.5481292009353638,0.5070943832397461,-0.07976960390806198,0.5155061483383179,0.5394050478935242,-0.08674570173025131,0.677319347858429,0.39447978138923645,-0.06773380935192108,0.6379347443580627,0.44458162784576416,-0.08704014867544174,0.6077001094818115,0.47664374113082886,-0.09561016410589218,0.5779998898506165,0.5026721954345703,-0.10173335671424866,sparsh
0.3289221525192261,0.5735949277877808,2.5458226105001813e-07,0.3903290033340454,0.5713110566139221,0.008788575418293476,0.4532009959220886,0.5873163938522339,0.009280379861593246,0.49475085735321045,0.6042795181274414,0.004491670057177544,0.528528094291687,0.6176353096961975,-0.0013367057545110583,0.47088101506233215,0.5657474994659424,0.0052377767860889435,0.5413849353790283,0.5703153014183044,-0.01316665206104517,0.5956133008003235,0.5725788474082947,-0.028114551678299904,0.6406137943267822,0.5758786201477051,-0.03820806369185448,0.47262921929359436,0.5729560256004333,-0.011997337453067303,0.5497170090675354,0.581237256526947,-0.028239181265234947,0.6073269844055176,0.5887080430984497,-0.04289503023028374,0.6579112410545349,0.5963826775550842,-0.05282974615693092,0.4663923978805542,0.5940419435501099,-0.029481664299964905,0.5443947911262512,0.6047248840332031,-0.04304293543100357,0.5957002639770508,0.6105968356132507,-0.05199582129716873,0.638725996017456,0.6147963404655457,-0.057740915566682816,0.4548887610435486,0.6281994581222534,-0.04709036275744438,0.5093498229980469,0.6309831142425537,-0.0564110167324543,0.5463260412216187,0.6311283707618713,-0.05870100110769272,0.578403651714325,0.6321045160293579,-0.06003289669752121,sparsh
0.7472379207611084,0.32143110036849976,1.0848130216345453e-07,0.6856264472007751,0.3554263114929199,0.01174839772284031,0.6288027167320251,0.410632461309433,0.011282616294920444,0.5885260701179504,0.4544711709022522,0.007609942927956581,0.563774049282074,0.4934521019458771,0.0008889301097951829,0.585929274559021,0.39149388670921326,-0.013431116007268429,0.5405173897743225,0.46914100646972656,-0.03219068422913551,0.507476270198822,0.5171723365783691,-0.045083027333021164,0.4780166745185852,0.5546842813491821,-0.05492657050490379,0.6019054651260376,0.3896719217300415,-0.03222203254699707,0.5445556640625,0.47592630982398987,-0.05098027363419533,0.5035940408706665,0.5233913660049438,-0.0628800168633461,0.46744304895401,0.56092369556427,-0.0723705142736435,0.6324490904808044,0.3944360613822937,-0.0499228797852993,0.5777280330657959,0.47552618384361267,-0.06963163614273071,0.5418584942817688,0.5181053876876831,-0.08010529726743698,0.5080081820487976,0.5489901900291443,-0.08741988241672516,0.6722826957702637,0.4051719307899475,-0.06582655757665634,0.6330934762954712,0.4542602300643921,-0.08730550110340118,0.6027637720108032,0.48512640595436096,-0.09760285913944244,0.572094202041626,0.509905993938446,-0.10459083318710327,sparsh
0.31984904408454895,0.5767726898193359,2.7923664447371266e-07,0.38031816482543945,0.5727712512016296,0.007223985623568296,0.44223645329475403,0.5892784595489502,0.00805082730948925,0.4836890399456024,0.6055528521537781,0.003891586558893323,0.5167863965034485,0.6190842390060425,-0.0008704177453182638,0.45953911542892456,0.570661723613739,0.005255575757473707,0.5324718356132507,0.5757197141647339,-0.012673989869654179,0.5879342555999756,0.5771727561950684,-0.026572439819574356,0.6334205865859985,0.578262448310852,-0.03582712262868881,0.4626338481903076,0.5802592635154724,-0.01122173760086298,0.5424160361289978,0.589200496673584,-0.027383217588067055,0.6012835502624512,0.5976407527923584,-0.04192188009619713,0.6522417068481445,0.6052475571632385,-0.0514763668179512,0.45798808336257935,0.6024084687232971,-0.02814791351556778,0.534724235534668,0.6135324239730835,-0.0416710302233696,0.585330069065094,0.6213996410369873,-0.050971634685993195,0.6280145049095154,0.6267268657684326,-0.056853462010622025,0.4481431543827057,0.6357138752937317,-0.04531554877758026,0.5007393956184387,0.6371485590934753,-0.05437430366873741,0.5360514521598816,0.6378813982009888,-0.056620463728904724,0.5666165351867676,0.6396897435188293,-0.05790732055902481,sparsh
0.73848956823349,0.3206322193145752,1.0772826186666862e-07,0.6755484938621521,0.35800766944885254,0.01145318616181612,0.6193903088569641,0.4183654189109802,0.00957954116165638,0.5817211866378784,0.4660155773162842,0.004396364092826843,0.5582267045974731,0.5076594352722168,-0.0037089153192937374,0.5747756958007812,0.3933599889278412,-0.014228587970137596,0.5299642086029053,0.47085732221603394,-0.0337437279522419,0.49637460708618164,0.5175691843032837,-0.047643303871154785,0.46666425466537476,0.5542773008346558,-0.058334920555353165,0.5929048657417297,0.3892308473587036,-0.033458560705184937,0.5355075001716614,0.4737284183502197,-0.05260313302278519,0.4955325722694397,0.521155595779419,-0.06468745321035385,0.4594999849796295,0.5587702989578247,-0.07466103136539459,0.6249811053276062,0.39315250515937805,-0.05168898403644562,0.5667628049850464,0.472900927066803,-0.0711217001080513,0.5301572680473328,0.5154386162757874,-0.080424003303051,0.49541547894477844,0.5459266901016235,-0.0871945172548294,0.6657101511955261,0.404416561126709,-0.06819494813680649,0.6234102249145508,0.45371729135513306,-0.08943433314561844,0.5909591317176819,0.48538529872894287,-0.09919500350952148,0.5581879019737244,0.5107353329658508,-0.10592339187860489,sparsh
0.31212669610977173,0.5860151648521423,2.711902880037087e-07,0.3731822967529297,0.5799874067306519,0.009136425331234932,0.43292519450187683,0.5916464328765869,0.00983682181686163,0.47263631224632263,0.606095552444458,0.005076676141470671,0.5040791630744934,0.6200528144836426,-0.00031298500834964216,0.4570043385028839,0.5740130543708801,0.006496036425232887,0.5293822288513184,0.5773763060569763,-0.010733582079410553,0.5819470882415771,0.579408586025238,-0.024068744853138924,0.6249480843544006,0.5820599794387817,-0.032838303595781326,0.4601937234401703,0.584043025970459,-0.010826033540070057,0.5422393083572388,0.5924093127250671,-0.026516707614064217,0.600807785987854,0.6012483239173889,-0.0401417501270771,0.6500157713890076,0.6096911430358887,-0.04889952391386032,0.4541650414466858,0.607353925704956,-0.028552353382110596,0.5325496196746826,0.6185001730918884,-0.04202386364340782,0.5833044052124023,0.6264680027961731,-0.05150851607322693,0.6250499486923218,0.6321352124214172,-0.057349320501089096,0.4412482678890228,0.642514169216156,-0.04623417556285858,0.49394690990448,0.6464192867279053,-0.054947078227996826,0.528941810131073,0.647504448890686,-0.05699745938181877,0.559276282787323,0.6494883298873901,-0.058129582554101944,sparsh
0.7374426126480103,0.3314201831817627,9.469069084389048e-08,0.673162043094635,0.36707010865211487,0.01276538334786892,0.6153793931007385,0.42462149262428284,0.012376759201288223,0.577237069606781,0.4703904092311859,0.008194930851459503,0.5516397953033447,0.5100081562995911,0.0008985260501503944,0.5732114315032959,0.4045148491859436,-0.010985225439071655,0.5282549262046814,0.4802107512950897,-0.029588790610432625,0.4953375458717346,0.528266966342926,-0.042894646525382996,0.46581920981407166,0.5667405128479004,-0.05316615477204323,0.5897198915481567,0.40145084261894226,-0.03062143735587597,0.5337445735931396,0.4850391149520874,-0.049517739564180374,0.49390503764152527,0.5329061150550842,-0.06192357838153839,0.45754069089889526,0.5715552568435669,-0.0719265565276146,0.6208367347717285,0.4050579071044922,-0.04923444613814354,0.5649135112762451,0.4836729168891907,-0.0693085640668869,0.5278751254081726,0.5275475382804871,-0.07981211692094803,0.49283963441848755,0.5594773292541504,-0.08705684542655945,0.6614702939987183,0.41572174429893494,-0.0659136101603508,0.619886040687561,0.4678311347961426,-0.08725045621395111,0.5877092480659485,0.4996754229068756,-0.09691404551267624,0.5551554560661316,0.5239313244819641,-0.10345368087291718,sparsh
0.3122561573982239,0.5933446288108826,2.396838567619852e-07,0.37033429741859436,0.5856446027755737,0.01169656403362751,0.42995408177375793,0.5961291193962097,0.015250339172780514,0.46846702694892883,0.6087613701820374,0.012995817698538303,0.49757644534111023,0.6208282709121704,0.01014335174113512,0.4565323293209076,0.5808224081993103,0.013667982071638107,0.5276746153831482,0.5881790518760681,0.000493559695314616,0.580413818359375,0.590298593044281,-0.010196804068982601,0.6224484443664551,0.5914979577064514,-0.017512086778879166,0.4613165855407715,0.5918328762054443,-0.003459896659478545,0.5416448712348938,0.6025788187980652,-0.016294153407216072,0.5987006425857544,0.6111785769462585,-0.02812197431921959,0.6471110582351685,0.6181840896606445,-0.035672884434461594,0.4576624035835266,0.6146856546401978,-0.021033374592661858,0.5361483097076416,0.6273012161254883,-0.032058604061603546,0.5867601037025452,0.6348575949668884,-0.040513623505830765,0.6286964416503906,0.6395004391670227,-0.04582246020436287,0.44755280017852783,0.6479397416114807,-0.03846180438995361,0.5003255009651184,0.6540245413780212,-0.044935617595911026,0.5349456071853638,0.6565141081809998,-0.04642481356859207,0.5643153190612793,0.658845067024231,-0.04739609733223915,sparsh
0.7426307797431946,0.32792186737060547,6.455572787444908e-08,0.6751848459243774,0.3668749928474426,0.01246383786201477,0.6158389449119568,0.42237773537635803,0.009159163571894169,0.5750013589859009,0.4679740071296692,0.0022175193298608065,0.5499993562698364,0.5118011832237244,-0.00812968984246254,0.5811808705329895,0.3963325619697571,-0.020680056884884834,0.5354776382446289,0.47218087315559387,-0.04474712535738945,0.5014894008636475,0.5219680070877075,-0.06104547902941704,0.4711511731147766,0.5623115301132202,-0.07330907881259918,0.5993043780326843,0.39243555068969727,-0.04188845679163933,0.5418537259101868,0.4766380488872528,-0.06587132811546326,0.5017184019088745,0.5252516269683838,-0.08013433963060379,0.46473658084869385,0.5659180879592896,-0.09160716831684113,0.6313662528991699,0.39548757672309875,-0.061732567846775055,0.5761854648590088,0.4749453067779541,-0.08586146682500839,0.5400038361549377,0.5202465057373047,-0.09754665940999985,0.5061061978340149,0.5554372668266296,-0.10589990764856339,0.6722583770751953,0.4040074050426483,-0.07945716381072998,0.631500780582428,0.45312172174453735,-0.10496903210878372,0.6001067757606506,0.48680201172828674,-0.11703545600175858,0.5685738325119019,0.5150748491287231,-0.12544263899326324,sparsh
0.31743669509887695,0.5939365029335022,2.498928779459675e-07,0.377830445766449,0.586588442325592,0.012362939305603504,0.4378417432308197,0.602080762386322,0.015583798289299011,0.47506624460220337,0.6162384748458862,0.01259798463433981,0.5055534243583679,0.6271683573722839,0.008521102368831635,0.4583466947078705,0.5855863690376282,0.012588524259626865,0.5291855335235596,0.5974796414375305,-0.0031306850723922253,0.5847650766372681,0.6014736294746399,-0.016325533390045166,0.6306625008583069,0.6028220653533936,-0.02554352581501007,0.462015300989151,0.5941253304481506,-0.00603269599378109,0.5392438173294067,0.604775607585907,-0.020755259320139885,0.597419798374176,0.610247790813446,-0.03515179455280304,0.6493940353393555,0.6124930381774902,-0.04487853869795799,0.4587509036064148,0.6154191493988037,-0.02490578591823578,0.5365049839019775,0.6255096197128296,-0.03736433759331703,0.5896036028862,0.6292023062705994,-0.047167759388685226,0.6345369219779968,0.6288896203041077,-0.053547125309705734,0.45057618618011475,0.6493951082229614,-0.0436999574303627,0.5045003890991211,0.6513420343399048,-0.05195827782154083,0.5414647459983826,0.6501567959785461,-0.05439848452806473,0.5733718872070312,0.6484416127204895,-0.055978480726480484,sparsh
0.7431511282920837,0.3230220377445221,8.031783238493517e-08,0.6797001957893372,0.346701979637146,0.01469062827527523,0.6203716993331909,0.3877888321876526,0.0158829502761364,0.575688362121582,0.41453617811203003,0.012908880598843098,0.5439431667327881,0.4416091740131378,0.006972610950469971,0.5905143618583679,0.3834494650363922,-0.006611125078052282,0.5377523303031921,0.4443216025829315,-0.024681182578206062,0.5046201944351196,0.49144959449768066,-0.03746924549341202,0.47869282960891724,0.5319061875343323,-0.04694828763604164,0.6029877662658691,0.39024391770362854,-0.026631897315382957,0.5355837345123291,0.4724304676055908,-0.045428741723299026,0.49413856863975525,0.5254009962081909,-0.05822154879570007,0.4609663784503937,0.5694047808647156,-0.06758339703083038,0.629499614238739,0.40082380175590515,-0.045556746423244476,0.5672488212585449,0.4780992269515991,-0.0650390088558197,0.5283442139625549,0.5252310633659363,-0.0769360139966011,0.4952642023563385,0.5611490607261658,-0.08503678441047668,0.6658533811569214,0.4163949489593506,-0.06231522187590599,0.6238594055175781,0.46163734793663025,-0.0832100361585617,0.5924012064933777,0.49281027913093567,-0.09358088672161102,0.5622036457061768,0.5196569561958313,-0.10042279213666916,sparsh
0.32540977001190186,0.5960069894790649,2.450901490647084e-07,0.38595375418663025,0.6051192879676819,0.007161774206906557,0.45152294635772705,0.6215503215789795,0.0069795818999409676,0.49570634961128235,0.6341730356216431,0.0020733606070280075,0.5323343276977539,0.6376999616622925,-0.0037248306907713413,0.47471582889556885,0.6050474047660828,-0.001578070572577417,0.547064483165741,0.6101633906364441,-0.021802976727485657,0.6011545062065125,0.6093701124191284,-0.03757844492793083,0.645594596862793,0.6067659258842468,-0.04815709963440895,0.47427138686180115,0.6065356135368347,-0.019184721633791924,0.5530087351799011,0.6140698194503784,-0.0375002920627594,0.6116847991943359,0.6177181005477905,-0.05281604453921318,0.6626158356666565,0.619168758392334,-0.06314583867788315,0.4640849530696869,0.6209821105003357,-0.03689714893698692,0.5394212007522583,0.6311911344528198,-0.05245506018400192,0.5883128046989441,0.6364219784736633,-0.06202322989702225,0.6306220889091492,0.638596773147583,-0.0682239755988121,0.4465276896953583,0.6489275097846985,-0.05468129366636276,0.4979557991027832,0.653650164604187,-0.06628649681806564,0.5334386825561523,0.6544020771980286,-0.06939777731895447,0.5648910999298096,0.6548094153404236,-0.07123702019453049,sparsh
0.7410837411880493,0.3317705988883972,1.1689726875374618e-07,0.6769809722900391,0.3640332818031311,0.011617478914558887,0.618862509727478,0.4206278622150421,0.010029963217675686,0.5786209106445312,0.4677693843841553,0.00533742131665349,0.5539443492889404,0.5088051557540894,-0.002397360047325492,0.5853800773620605,0.4086124300956726,-0.016283178701996803,0.5387486219406128,0.4854878783226013,-0.03618909418582916,0.5052301287651062,0.5315874814987183,-0.04934072494506836,0.4753626585006714,0.5676864385604858,-0.05890880897641182,0.6023846864700317,0.4054262936115265,-0.035164669156074524,0.5425598621368408,0.4927698075771332,-0.05373431369662285,0.5012298822402954,0.5403980016708374,-0.06488565355539322,0.4651246666908264,0.5793053507804871,-0.07399037480354309,0.6331130266189575,0.4084986448287964,-0.05271978676319122,0.576930046081543,0.4890318512916565,-0.07167208939790726,0.5401234030723572,0.5339967012405396,-0.08127230405807495,0.5062439441680908,0.5676013231277466,-0.0882604792714119,0.6723306775093079,0.41712966561317444,-0.0684269517660141,0.6319037079811096,0.4659026563167572,-0.08851727098226547,0.600196361541748,0.497173011302948,-0.0976758748292923,0.5694200396537781,0.5232031345367432,-0.1040598601102829,sparsh
0.3030209243297577,0.6145431399345398,1.7536849838961643e-07,0.3642958104610443,0.6181380152702332,0.015958350151777267,0.4295445680618286,0.6234621405601501,0.019855381920933723,0.4740709066390991,0.6230602860450745,0.017333803698420525,0.51246577501297,0.6140839457511902,0.013497392646968365,0.4542436897754669,0.6143046617507935,0.0062551540322601795,0.5287047028541565,0.6137406229972839,-0.011703303083777428,0.5836920738220215,0.6111066937446594,-0.025425100699067116,0.628378689289093,0.6084846258163452,-0.03462885692715645,0.4534352719783783,0.6158535480499268,-0.014520110562443733,0.536496639251709,0.6176550388336182,-0.03210551664233208,0.5955497026443481,0.6183282732963562,-0.046394165605306625,0.646820068359375,0.6176542043685913,-0.055669091641902924,0.44577470421791077,0.6284955143928528,-0.0347553975880146,0.5249881148338318,0.6318197250366211,-0.04915682226419449,0.5764796137809753,0.6315534114837646,-0.05864433944225311,0.6206079721450806,0.6297854781150818,-0.06465163081884384,0.43323785066604614,0.6540504097938538,-0.054283156991004944,0.48775118589401245,0.6566526889801025,-0.06403876841068268,0.5245881080627441,0.6537929177284241,-0.06716592609882355,0.5570696592330933,0.6501058340072632,-0.06920409202575684,sparsh
0.7126425504684448,0.31680020689964294,7.525671463781691e-08,0.6431742906570435,0.34474676847457886,0.013117371127009392,0.5877173542976379,0.40517252683639526,0.014996607787907124,0.5514757633209229,0.4535136818885803,0.012428254820406437,0.5297627449035645,0.49341732263565063,0.006865539122372866,0.5530139207839966,0.40819981694221497,-0.003010182874277234,0.5092213153839111,0.4811684489250183,-0.020069576799869537,0.4767472445964813,0.5275676250457764,-0.03328244388103485,0.447549432516098,0.5645198225975037,-0.04337431862950325,0.5681883692741394,0.4075615108013153,-0.021987613290548325,0.5158107280731201,0.49012264609336853,-0.03847631439566612,0.47805389761924744,0.5394260883331299,-0.050619252026081085,0.4436050057411194,0.5797634124755859,-0.060248471796512604,0.5969090461730957,0.4099365472793579,-0.04044760763645172,0.5463717579841614,0.48840513825416565,-0.05688341706991196,0.5122357606887817,0.5324001312255859,-0.06647391617298126,0.48004215955734253,0.5655332803726196,-0.07352996617555618,0.6356561779975891,0.4153395891189575,-0.0575091615319252,0.5995466709136963,0.469340056180954,-0.07450035214424133,0.5709853172302246,0.5023356676101685,-0.08240176737308502,0.5424504280090332,0.5281964540481567,-0.08798391371965408,sparsh
0.27682167291641235,0.61493980884552,1.6046560347149352e-07,0.33896252512931824,0.6250975131988525,0.01465996727347374,0.4077378213405609,0.6279822587966919,0.016284756362438202,0.45596638321876526,0.6286666989326477,0.011751765385270119,0.49421119689941406,0.6147342324256897,0.00506717711687088,0.43361443281173706,0.6157296299934387,-0.002261313609778881,0.5085163116455078,0.61749666929245,-0.023755785077810287,0.5629891753196716,0.6147036552429199,-0.039951175451278687,0.6070255041122437,0.6097320318222046,-0.050970904529094696,0.4286516010761261,0.6152768135070801,-0.024344751611351967,0.5131473541259766,0.6215905547142029,-0.044569071382284164,0.5727109313011169,0.6231714487075806,-0.060527242720127106,0.623612642288208,0.6207507252693176,-0.07149830460548401,0.4164029061794281,0.6281613707542419,-0.045740384608507156,0.4986470639705658,0.6351155638694763,-0.0631331130862236,0.5511772036552429,0.6357274651527405,-0.0748395323753357,0.5951125621795654,0.6330943703651428,-0.08282338827848434,0.3996107876300812,0.6550589203834534,-0.06632272154092789,0.4553954303264618,0.660722553730011,-0.07935506105422974,0.4937293529510498,0.6608736515045166,-0.08496268838644028,0.5275712013244629,0.6611312627792358,-0.08919062465429306,sparsh
0.6811381578445435,0.2956794500350952,6.440711786126485e-08,0.6209940314292908,0.3315281569957733,0.013916216790676117,0.567753255367279,0.3906640112400055,0.013385959900915623,0.5318855047225952,0.4328082799911499,0.008658356964588165,0.5098555088043213,0.4686797261238098,0.0002958431432489306,0.5287286043167114,0.39162278175354004,-0.01305332686752081,0.4872628450393677,0.4671052396297455,-0.03211960569024086,0.4561222493648529,0.5145106911659241,-0.0457598976790905,0.42799824476242065,0.5519349575042725,-0.056524671614170074,0.5445647239685059,0.38533926010131836,-0.03430040925741196,0.49463069438934326,0.4743680953979492,-0.053131669759750366,0.458523154258728,0.5265446305274963,-0.0661005824804306,0.4260474443435669,0.5687442421913147,-0.07696956396102905,0.5748787522315979,0.3829258382320404,-0.054239869117736816,0.5252004265785217,0.46697694063186646,-0.07472044229507446,0.4910110533237457,0.5150132179260254,-0.08662635833024979,0.4592669606208801,0.5519047975540161,-0.09551915526390076,0.615273118019104,0.3848860561847687,-0.07204769551753998,0.5801991820335388,0.4413754940032959,-0.09447434544563293,0.5525323152542114,0.4790221154689789,-0.10516716539859772,0.5251694917678833,0.510775089263916,-0.11271410435438156,sparsh
0.2621805667877197,0.6134804487228394,1.7032144228323887e-07,0.3210192322731018,0.6319906711578369,0.009920603595674038,0.39071881771087646,0.643241822719574,0.011577659286558628,0.4392574429512024,0.6527745127677917,0.007796487305313349,0.47880154848098755,0.6521628499031067,0.002974909031763673,0.41943681240081787,0.6170579195022583,0.002179497154429555,0.49212995171546936,0.6179993748664856,-0.017355797812342644,0.5460556745529175,0.6163071393966675,-0.0332612544298172,0.5898282527923584,0.614307701587677,-0.044193703681230545,0.41853439807891846,0.6173525452613831,-0.01649811863899231,0.49919334053993225,0.620551586151123,-0.033985793590545654,0.5582132339477539,0.6218937039375305,-0.04944252967834473,0.6085799932479858,0.6217195987701416,-0.06022493541240692,0.40912652015686035,0.6304943561553955,-0.03527206555008888,0.4868723452091217,0.6347417235374451,-0.04953024536371231,0.5372569561004639,0.6366040706634521,-0.05964479222893715,0.5797738432884216,0.6365243196487427,-0.06692347675561905,0.3936205804347992,0.6561549305915833,-0.054114654660224915,0.44578003883361816,0.6595505475997925,-0.0648157075047493,0.4828799366950989,0.6580732464790344,-0.06912744790315628,0.5155948400497437,0.6568068265914917,-0.07236343622207642,sparsh
0.6735600233078003,0.2835761308670044,4.291545607770786e-08,0.6162157654762268,0.3281979262828827,0.012382090091705322,0.5669596195220947,0.39709290862083435,0.009510220028460026,0.5372348427772522,0.4547255337238312,0.002984157297760248,0.5206357836723328,0.5026764869689941,-0.007200565189123154,0.522737979888916,0.38118791580200195,-0.01784323714673519,0.48466721177101135,0.4633908271789551,-0.03836027905344963,0.4559701681137085,0.5140447616577148,-0.052921686321496964,0.4290798306465149,0.5546170473098755,-0.06463444232940674,0.5377926826477051,0.37196439504623413,-0.03897887468338013,0.4883278012275696,0.46831125020980835,-0.05907000973820686,0.45425111055374146,0.5221021175384521,-0.07184372842311859,0.4227054715156555,0.5653638243675232,-0.0829058364033699,0.568776547908783,0.3675656318664551,-0.05871205776929855,0.515978217124939,0.4562607407569885,-0.08007529377937317,0.4818243682384491,0.5071003437042236,-0.09171263873577118,0.44967785477638245,0.5467531085014343,-0.1007051020860672,0.6105546951293945,0.36901384592056274,-0.07630117237567902,0.5749643445014954,0.42406710982322693,-0.09988386183977127,0.5465571880340576,0.4632791578769684,-0.111383356153965,0.5177328586578369,0.49670904874801636,-0.11977686733007431,sparsh
0.2560047507286072,0.6011351943016052,2.021943714680674e-07,0.31642553210258484,0.6083923578262329,0.009490280412137508,0.3824036717414856,0.6205369234085083,0.010549827478826046,0.42843955755233765,0.6318104863166809,0.00628440547734499,0.46711647510528564,0.6311794519424438,0.0011173248058184981,0.41331398487091064,0.60504150390625,0.0014840818475931883,0.48833757638931274,0.6077231764793396,-0.01838776282966137,0.5416325926780701,0.6057713627815247,-0.0338309220969677,0.5845498442649841,0.6026184558868408,-0.0440201573073864,0.4121101200580597,0.6073393821716309,-0.017209848389029503,0.4956244230270386,0.6137356758117676,-0.0351308211684227,0.5543709993362427,0.6159011721611023,-0.0500754676759243,0.6043609380722046,0.6166480183601379,-0.06000310555100441,0.401991605758667,0.622265100479126,-0.036064308136701584,0.48134174942970276,0.6305151581764221,-0.05086429417133331,0.5310876369476318,0.6334497332572937,-0.06063031405210495,0.5726779103279114,0.6339747309684753,-0.06713799387216568,0.3853318393230438,0.6498929858207703,-0.054949965327978134,0.43730711936950684,0.6565441489219666,-0.06564506888389587,0.4730093479156494,0.6565066576004028,-0.06918484717607498,0.5040216445922852,0.6564204692840576,-0.07152175158262253,sparsh
0.6679644584655762,0.2730702757835388,3.8176303007730894e-08,0.6137678623199463,0.3246585428714752,0.011037719435989857,0.5663836002349854,0.39804607629776,0.008763681165874004,0.5379965901374817,0.457142174243927,0.002669921610504389,0.5199823379516602,0.5041676163673401,-0.00673916470259428,0.5162122249603271,0.3737570345401764,-0.013708002865314484,0.4824511408805847,0.45556724071502686,-0.033764954656362534,0.454946905374527,0.506925642490387,-0.0487000048160553,0.4289436936378479,0.5476928353309631,-0.060900527983903885,0.5307349562644958,0.363318532705307,-0.03427710756659508,0.4858861565589905,0.4582001268863678,-0.05472264811396599,0.45270848274230957,0.5117184519767761,-0.06878096610307693,0.4209790527820587,0.5549809336662292,-0.08059107512235641,0.5610287189483643,0.3572515547275543,-0.05400052294135094,0.5134134888648987,0.44553816318511963,-0.07651221752166748,0.48074597120285034,0.49539199471473694,-0.08902854472398758,0.44868630170822144,0.5339788198471069,-0.09816006571054459,0.6020431518554688,0.3573090732097626,-0.07184518873691559,0.5680156350135803,0.4131949543952942,-0.0964922085404396,0.5401554107666016,0.45148965716362,-0.10881967842578888,0.5106316804885864,0.48302367329597473,-0.11757297813892365,sparsh
