0,1,2,3,4,5,6,7,8,9,10,11,12,13,14,15,16,17,18,19,20,21,22,23,24,25,26,27,28,29,30,31,32,33,34,35,36,37,38,39,40,41,42,43,44,45,46,47,48,49,50,51,52,53,54,55,56,57,58,59,60,61,62,label
0.45564013719558716,0.6275495886802673,-3.314916341423668e-08,0.4472752511501312,0.5242823362350464,-0.008342953398823738,0.4553409218788147,0.4352530837059021,-0.02074107713997364,0.45431435108184814,0.35500025749206543,-0.03204639256000519,0.44204169511795044,0.2978237569332123,-0.04375605285167694,0.5245558023452759,0.46703124046325684,-0.023105112835764885,0.5715410113334656,0.40397945046424866,-0.030974198132753372,0.5997535586357117,0.36409926414489746,-0.03420910984277725,0.6201528906822205,0.33481284976005554,-0.03631595894694328,0.5464771389961243,0.512633740901947,-0.02044544368982315,0.5633511543273926,0.4517839252948761,-0.024637456983327866,0.5453421473503113,0.4480942189693451,-0.017454661428928375,0.5312554240226746,0.46532565355300903,-0.012187706306576729,0.5560388565063477,0.5543873310089111,-0.017311319708824158,0.5641123056411743,0.4929029941558838,-0.019870702177286148,0.5491743683815002,0.49233636260032654,-0.011175582185387611,0.5362048745155334,0.5098471641540527,-0.005452929530292749,0.5617642402648926,0.5877763032913208,-0.01439561415463686,0.5644028186798096,0.5373274087905884,-0.011952635832130909,0.5499385595321655,0.5378587245941162,-0.002439056057482958,0.5384781956672668,0.5533641576766968,0.004706693347543478,U
0.4525415897369385,0.6337412595748901,-7.646022703866606e-10,0.44491225481033325,0.5205619931221008,-0.007520655635744333,0.45554932951927185,0.4237508475780487,-0.019967401400208473,0.45512109994888306,0.33846431970596313,-0.03135359659790993,0.4407743811607361,0.27846044301986694,-0.04341953620314598,0.5271125435829163,0.4619400203227997,-0.024445826187729836,0.5790886282920837,0.3995302617549896,-0.03223841264843941,0.6097989082336426,0.3588838279247284,-0.03561883792281151,0.6322513818740845,0.32871243357658386,-0.038070905953645706,0.5497453808784485,0.5143879652023315,-0.02245105616748333,0.5697208046913147,0.4514230489730835,-0.026843758299946785,0.5511120557785034,0.44432276487350464,-0.019697826355695724,0.5355798006057739,0.46089357137680054,-0.014478713274002075,0.5585910677909851,0.5617111325263977,-0.01960008405148983,0.5689212679862976,0.4961969554424286,-0.022090774029493332,0.5537033677101135,0.49312275648117065,-0.013038815930485725,0.5395424962043762,0.5117723941802979,-0.007042616605758667,0.5631299018859863,0.5987329483032227,-0.01679348200559616,0.5685374140739441,0.5436585545539856,-0.013735057786107063,0.5534950494766235,0.5423327684402466,-0.0032153702341020107,0.5404632091522217,0.5596778392791748,0.004608877468854189,U
0.45371633768081665,0.6287001967430115,-7.32952045723323e-08,0.4439353048801422,0.5113736987113953,-0.005858675576746464,0.45451217889785767,0.4082634747028351,-0.017742939293384552,0.4547821283340454,0.3177146315574646,-0.028339412063360214,0.44213011860847473,0.2564180791378021,-0.039603620767593384,0.5312321186065674,0.4473051130771637,-0.02695537731051445,0.5844348073005676,0.37944650650024414,-0.03487237170338631,0.6151038408279419,0.33607062697410583,-0.03692353144288063,0.6369925141334534,0.30398693680763245,-0.0377216599881649,0.5560957789421082,0.4998862147331238,-0.023725289851427078,0.57535719871521,0.4324153661727905,-0.024739714339375496,0.5549057722091675,0.4255240261554718,-0.01344485767185688,0.538351833820343,0.4433068037033081,-0.006033624522387981,0.5659693479537964,0.5477713942527771,-0.019397040829062462,0.5747144222259521,0.479265034198761,-0.01999017223715782,0.5576925873756409,0.4760412573814392,-0.00940532237291336,0.5427595973014832,0.4946746528148651,-0.002809384372085333,0.571246325969696,0.5854651927947998,-0.014680616557598114,0.5743579864501953,0.5288659930229187,-0.008632129058241844,0.5577116012573242,0.5278487205505371,0.003594923997297883,0.5443587899208069,0.5446188449859619,0.012050698511302471,U
0.4541734457015991,0.6309184432029724,-9.018417301831505e-08,0.44291412830352783,0.5146626830101013,-0.0050687105394899845,0.4533698558807373,0.4061625599861145,-0.015685617923736572,0.45538029074668884,0.3118370771408081,-0.02523464523255825,0.44378018379211426,0.24806565046310425,-0.035308945924043655,0.5303259491920471,0.43860089778900146,-0.022445332258939743,0.5830244421958923,0.36889269948005676,-0.027724873274564743,0.6132375597953796,0.32577553391456604,-0.028087757527828217,0.6340142488479614,0.2914521396160126,-0.02839766815304756,0.5557410717010498,0.49007749557495117,-0.02011227235198021,0.5734384059906006,0.4206548035144806,-0.0207816231995821,0.5522586703300476,0.4169379472732544,-0.011213976889848709,0.5359756946563721,0.43511825799942017,-0.005233298521488905,0.5672743320465088,0.5379107594490051,-0.01655609905719757,0.5728398561477661,0.4677882790565491,-0.016415877267718315,0.555168092250824,0.4667268395423889,-0.006040310952812433,0.540046215057373,0.48493948578834534,-4.3994339648634195e-05,0.574416995048523,0.5766949653625488,-0.012727636843919754,0.5749832391738892,0.516410768032074,-0.006403279025107622,0.5581294298171997,0.5176067352294922,0.005782338324934244,0.5446829795837402,0.5347419381141663,0.01408708281815052,U
0.451680064201355,0.6314604878425598,-9.823295243904795e-08,0.44112804532051086,0.5143693089485168,-0.008912447839975357,0.45208144187927246,0.4044363498687744,-0.020140737295150757,0.453852117061615,0.30972766876220703,-0.029468994587659836,0.44228553771972656,0.24291126430034637,-0.03903485834598541,0.5269012451171875,0.4441049098968506,-0.02568504773080349,0.57549649477005,0.37025564908981323,-0.03203819692134857,0.6041247844696045,0.3224174380302429,-0.03329932317137718,0.6239227056503296,0.28430303931236267,-0.03458895906805992,0.5510485768318176,0.4952881932258606,-0.022743714973330498,0.5683158040046692,0.4223201274871826,-0.026491548866033554,0.5477049946784973,0.41926175355911255,-0.019147854298353195,0.5320432782173157,0.4384158253669739,-0.014424358494579792,0.5624195337295532,0.5421742796897888,-0.01879199407994747,0.5710904598236084,0.4691115617752075,-0.022462209686636925,0.5531533360481262,0.4672973155975342,-0.01312024611979723,0.5382125377655029,0.48591381311416626,-0.007109901402145624,0.5696160197257996,0.580635130405426,-0.014765891246497631,0.5730152726173401,0.5155893564224243,-0.012215283699333668,0.5559648275375366,0.5152701139450073,-0.0011730401311069727,0.5425078272819519,0.5344281792640686,0.006809992250055075,U
0.44939684867858887,0.6444864869117737,-1.481792963886619e-07,0.44198375940322876,0.5280188918113708,-0.009093412198126316,0.45536038279533386,0.4137776494026184,-0.020215336233377457,0.4582638144493103,0.3190421760082245,-0.029503239318728447,0.4465292990207672,0.25012537837028503,-0.03844498470425606,0.5252100825309753,0.46400079131126404,-0.02480378746986389,0.5722566246986389,0.3870498239994049,-0.0315285287797451,0.5942689180374146,0.3328661620616913,-0.032648082822561264,0.6077818870544434,0.2882242798805237,-0.03400879353284836,0.5497870445251465,0.5146183967590332,-0.023270409554243088,0.5670098662376404,0.4293186366558075,-0.02971232682466507,0.5470686554908752,0.4211379885673523,-0.024705639109015465,0.5321673154830933,0.43829095363616943,-0.021340401843190193,0.562603235244751,0.5575369596481323,-0.02087990567088127,0.5711942911148071,0.47215622663497925,-0.02570473589003086,0.5526450276374817,0.46702682971954346,-0.017261015251278877,0.53835129737854,0.4847320318222046,-0.011955253779888153,0.570730984210968,0.5905246734619141,-0.018650628626346588,0.5742175579071045,0.5170770287513733,-0.018033156171441078,0.5579501390457153,0.5136319994926453,-0.008793236687779427,0.5453577637672424,0.5312932133674622,-0.0020434847101569176,U
0.45514968037605286,0.640082836151123,-1.526157831222008e-07,0.44911280274391174,0.5294524431228638,-0.012948705814778805,0.45937591791152954,0.423267126083374,-0.02673281542956829,0.46135127544403076,0.33082109689712524,-0.03762539476156235,0.4512028098106384,0.26113662123680115,-0.04782786965370178,0.5318182110786438,0.47587522864341736,-0.030922643840312958,0.5761043429374695,0.39387813210487366,-0.0389949306845665,0.5949687957763672,0.3400905132293701,-0.04024019092321396,0.604989230632782,0.29586440324783325,-0.04082406684756279,0.556446373462677,0.524384617805481,-0.02583778090775013,0.569393515586853,0.4342305362224579,-0.03287248685956001,0.548690915107727,0.42408764362335205,-0.02698615752160549,0.5335623025894165,0.43750008940696716,-0.02265428565442562,0.5685312747955322,0.5625300407409668,-0.019967813044786453,0.5712571144104004,0.47400033473968506,-0.02527749352157116,0.553485095500946,0.4666258692741394,-0.01660454459488392,0.5395407676696777,0.48030582070350647,-0.010760237462818623,0.5757486820220947,0.5890503525733948,-0.014396966435015202,0.5746278762817383,0.5157319903373718,-0.014282072894275188,0.5584740042686462,0.5106120109558105,-0.005343410186469555,0.5465378165245056,0.5241628289222717,0.0015693684108555317,U
0.4531494081020355,0.6422842144966125,-1.7399109708549076e-07,0.4478248953819275,0.5314438343048096,-0.013374059461057186,0.45886024832725525,0.4223480820655823,-0.026078423485159874,0.46111610531806946,0.3292748034000397,-0.035224419087171555,0.4513959586620331,0.26216042041778564,-0.043381981551647186,0.5322154760360718,0.4792235195636749,-0.03078649379312992,0.5741866827011108,0.39058998227119446,-0.036626506596803665,0.5914217829704285,0.33619993925094604,-0.03634824976325035,0.6008719205856323,0.29324960708618164,-0.03608338534832001,0.5564948916435242,0.5250492095947266,-0.024364758282899857,0.5684951543807983,0.43187037110328674,-0.028672104701399803,0.5473837852478027,0.42269232869148254,-0.021913332864642143,0.5321853756904602,0.43844377994537354,-0.017595678567886353,0.5681893825531006,0.5609186887741089,-0.017111344262957573,0.5709300637245178,0.4714567959308624,-0.019932100549340248,0.5524118542671204,0.46526315808296204,-0.011989899910986423,0.5377446413040161,0.4811986982822418,-0.007414237596094608,0.5745466351509094,0.5856703519821167,-0.010227032005786896,0.5740393996238708,0.514798641204834,-0.00899515487253666,0.5571330785751343,0.511128306388855,-0.001254189177416265,0.5441408157348633,0.5263022780418396,0.004329804331064224,U
0.45616352558135986,0.6335428953170776,-1.488898533352767e-07,0.45046764612197876,0.5285025238990784,-0.0171357374638319,0.45887356996536255,0.42676642537117004,-0.03248562291264534,0.45919784903526306,0.34002596139907837,-0.04349943995475769,0.4502658247947693,0.2770485281944275,-0.053471796214580536,0.5291269421577454,0.48769107460975647,-0.03889451175928116,0.5691977143287659,0.3946438133716583,-0.04660768061876297,0.5861233472824097,0.33901336789131165,-0.04728078842163086,0.5957194566726685,0.29521870613098145,-0.04762405529618263,0.5527414679527283,0.5305441617965698,-0.03097611479461193,0.5649173259735107,0.4308560788631439,-0.03760508447885513,0.5448956489562988,0.4215735197067261,-0.03155269846320152,0.5311374068260193,0.4377695322036743,-0.027695611119270325,0.5642120838165283,0.5628030300140381,-0.022142549976706505,0.5691702365875244,0.4673283100128174,-0.02604147605597973,0.5508903861045837,0.4609878361225128,-0.017898963764309883,0.5370240211486816,0.4771423935890198,-0.013277922756969929,0.5704419612884521,0.583469569683075,-0.014064818620681763,0.5717113614082336,0.5081385374069214,-0.014728681184351444,0.5552509427070618,0.5014173984527588,-0.007999223656952381,0.5428234934806824,0.5145895481109619,-0.003071661340072751,U
0.4620397686958313,0.6283873319625854,-1.0208446354909029e-07,0.45742952823638916,0.5265102386474609,-0.012243051081895828,0.4666231870651245,0.4333913326263428,-0.02510957233607769,0.46614688634872437,0.35470908880233765,-0.035412080585956573,0.4564245045185089,0.29610252380371094,-0.045069027692079544,0.5300427079200745,0.478657603263855,-0.0300904493778944,0.5722841024398804,0.40338826179504395,-0.0387880764901638,0.5928663015365601,0.3533886671066284,-0.041097093373537064,0.6053798198699951,0.3129364252090454,-0.042464446276426315,0.5515362620353699,0.5234206318855286,-0.026282571256160736,0.5674853324890137,0.4411869943141937,-0.0352197103202343,0.5490984320640564,0.4321076273918152,-0.030578959733247757,0.535301923751831,0.44632720947265625,-0.02637816034257412,0.5621616244316101,0.5588692426681519,-0.021792946383357048,0.5693837404251099,0.4763498902320862,-0.02839159220457077,0.5525866746902466,0.47055837512016296,-0.02019825205206871,0.5401583313941956,0.4851510226726532,-0.013988985680043697,0.5686753988265991,0.583248496055603,-0.017691371962428093,0.5715562701225281,0.5129534006118774,-0.018565015867352486,0.556040346622467,0.5078490972518921,-0.009793994948267937,0.5447837114334106,0.5207996964454651,-0.0027127135545015335,U
0.4627342224121094,0.621967077255249,-2.21476881279159e-08,0.45589572191238403,0.5238328576087952,-0.004633385222405195,0.46520155668258667,0.4369311034679413,-0.01425953395664692,0.46382108330726624,0.3609605133533478,-0.023758579045534134,0.45081761479377747,0.3111647069454193,-0.0337526872754097,0.5291245579719543,0.4592778980731964,-0.01718243397772312,0.5764403343200684,0.4056147038936615,-0.02399859018623829,0.6056832075119019,0.372308611869812,-0.026806341484189034,0.6267403960227966,0.3473806083202362,-0.02872825413942337,0.5491907000541687,0.5021682381629944,-0.016874056309461594,0.5647085905075073,0.4503045082092285,-0.020523346960544586,0.5478882193565369,0.44992104172706604,-0.014347715303301811,0.5346027612686157,0.46663108468055725,-0.009991765022277832,0.5580116510391235,0.5432353019714355,-0.01603790745139122,0.5640515685081482,0.48978331685066223,-0.017789797857403755,0.5502285957336426,0.4914093613624573,-0.009331916458904743,0.5379087328910828,0.5077803134918213,-0.004030297975987196,0.5624738335609436,0.5772253274917603,-0.015312228351831436,0.5639256238937378,0.5319862961769104,-0.011387200094759464,0.5504212379455566,0.535617470741272,-0.0012452162336558104,0.5397365689277649,0.5515039563179016,0.00603958684951067,U
0.4549603760242462,0.6124376058578491,-2.512331676030044e-09,0.44969600439071655,0.5166951417922974,-0.006191330496221781,0.45789000391960144,0.43173933029174805,-0.01666950061917305,0.4571983516216278,0.3576246500015259,-0.026446152478456497,0.4446730613708496,0.3085859417915344,-0.03672118857502937,0.5167025923728943,0.45586255192756653,-0.02190442942082882,0.5649662017822266,0.40604734420776367,-0.029034079983830452,0.5936630964279175,0.37483879923820496,-0.03145262971520424,0.6145784258842468,0.3513718843460083,-0.03313255310058594,0.5371172428131104,0.4993574023246765,-0.020811278373003006,0.5550990700721741,0.4471672773361206,-0.025677358731627464,0.5396836996078491,0.44468605518341064,-0.019781753420829773,0.5266165733337402,0.45957162976264954,-0.015596959739923477,0.5464653372764587,0.5386854410171509,-0.018958328291773796,0.5550638437271118,0.48553070425987244,-0.021306194365024567,0.542448878288269,0.4860997796058655,-0.012951185926795006,0.5303339958190918,0.5017608404159546,-0.00770356273278594,0.5518895983695984,0.5697730779647827,-0.01729610562324524,0.5548222661018372,0.5244371891021729,-0.014148763380944729,0.5420331954956055,0.52683424949646,-0.0047822329215705395,0.5315648317337036,0.5416282415390015,0.0018996078288182616,U
0.45234590768814087,0.6156351566314697,-2.9378211863217985e-08,0.44598525762557983,0.5210230350494385,-0.0037851803936064243,0.4547007381916046,0.4369070529937744,-0.013154012151062489,0.4528748095035553,0.36393821239471436,-0.02252938039600849,0.43998730182647705,0.31576263904571533,-0.032758645713329315,0.5159397721290588,0.4596908390522003,-0.018032832071185112,0.5613420009613037,0.40800967812538147,-0.024030908942222595,0.5886334776878357,0.37631458044052124,-0.026602352038025856,0.6088865995407104,0.3536185622215271,-0.02858670987188816,0.5348535180091858,0.5026923418045044,-0.017907975241541862,0.5497769713401794,0.4552711844444275,-0.02092442661523819,0.5336668491363525,0.45349428057670593,-0.014930414035916328,0.5212169289588928,0.46989428997039795,-0.011193642392754555,0.5424790382385254,0.5434290170669556,-0.01695440523326397,0.5495119690895081,0.49369195103645325,-0.017548929899930954,0.5363748073577881,0.4947606325149536,-0.009322984144091606,0.5248088240623474,0.5117021799087524,-0.004776041489094496,0.5463008880615234,0.576245129108429,-0.016048533841967583,0.5485379099845886,0.5343926548957825,-0.011522628366947174,0.5356940627098083,0.5365490317344666,-0.001893246895633638,0.5256268382072449,0.5521135330200195,0.004592496436089277,U
0.44983044266700745,0.6257171630859375,-2.3213129196619775e-08,0.4432023763656616,0.5291709899902344,-0.0026988801546394825,0.4526817798614502,0.44485580921173096,-0.010629810392856598,0.451870858669281,0.37443986535072327,-0.018651073798537254,0.4398830533027649,0.32526862621307373,-0.02737565152347088,0.511765718460083,0.46857523918151855,-0.01557143870741129,0.5571662187576294,0.41778093576431274,-0.020129369571805,0.5838443636894226,0.38526487350463867,-0.02150302194058895,0.6034103035926819,0.36115947365760803,-0.022775672376155853,0.5308805108070374,0.5110085010528564,-0.015982313081622124,0.5469369888305664,0.4632548689842224,-0.018552979454398155,0.5309169292449951,0.4611900746822357,-0.012617656961083412,0.5181834697723389,0.4790280759334564,-0.008706418797373772,0.5386534929275513,0.5513807535171509,-0.015552881173789501,0.5464156270027161,0.5029747486114502,-0.016510097309947014,0.5328029990196228,0.5038841366767883,-0.008788006380200386,0.5208332538604736,0.521274745464325,-0.004320178180932999,0.5427645444869995,0.5844423770904541,-0.014978698454797268,0.5454486608505249,0.5443475246429443,-0.010912086814641953,0.5325019359588623,0.5467492938041687,-0.0016411023680120707,0.521999716758728,0.5619140863418579,0.004691222216933966,U
0.4506489038467407,0.6541514992713928,-6.188334822354591e-08,0.4424284100532532,0.5600522756576538,-0.007221625652164221,0.4512348175048828,0.4709087014198303,-0.016398247331380844,0.44921454787254333,0.3972715735435486,-0.02506086230278015,0.4365865886211395,0.34686827659606934,-0.034029629081487656,0.5115140080451965,0.4999428689479828,-0.018659444525837898,0.5539981722831726,0.44080930948257446,-0.026583705097436905,0.580197811126709,0.4013226628303528,-0.03099486418068409,0.5990339517593384,0.37182486057281494,-0.03431976959109306,0.5320578813552856,0.541099488735199,-0.01811016909778118,0.5465736985206604,0.4847888946533203,-0.024561483412981033,0.5301341414451599,0.4802299737930298,-0.02078019455075264,0.5168456435203552,0.4979665279388428,-0.017627231776714325,0.5412976145744324,0.5798861384391785,-0.017350496724247932,0.5484307408332825,0.5216596722602844,-0.021992072463035583,0.5345132946968079,0.5196079015731812,-0.015396783128380775,0.5230376720428467,0.538345217704773,-0.010693978518247604,0.5460137724876404,0.6106349229812622,-0.016913697123527527,0.5486718416213989,0.5628858208656311,-0.016368726268410683,0.5355697870254517,0.5619156360626221,-0.008376524783670902,0.5254282355308533,0.5796041488647461,-0.002181073883548379,U
0.45102494955062866,0.6800568103790283,-7.90485898960469e-08,0.44385796785354614,0.5802786350250244,-0.008021144196391106,0.4522267282009125,0.4875982701778412,-0.019412126392126083,0.4507949650287628,0.41269004344940186,-0.02951110526919365,0.4386988878250122,0.3575417697429657,-0.03983434662222862,0.510353147983551,0.5260067582130432,-0.027758782729506493,0.5535985231399536,0.45442986488342285,-0.03780052065849304,0.575372576713562,0.4053691625595093,-0.04193425178527832,0.5901960730552673,0.36719465255737305,-0.04505601152777672,0.534442663192749,0.5707303285598755,-0.02767379768192768,0.5439659953117371,0.49553143978118896,-0.036514315754175186,0.5266147255897522,0.49079012870788574,-0.03214607387781143,0.5162088871002197,0.5098332166671753,-0.029082676395773888,0.5454956889152527,0.6085463762283325,-0.027036143466830254,0.5463858246803284,0.5318163633346558,-0.033712238073349,0.5318523645401001,0.5304141044616699,-0.026279276236891747,0.5231667757034302,0.5515981316566467,-0.02156090922653675,0.5512740612030029,0.6348400115966797,-0.026619240641593933,0.5485889911651611,0.5703048706054688,-0.028691191226243973,0.5345911979675293,0.570844829082489,-0.02133197709918022,0.5258209109306335,0.591862678527832,-0.015684112906455994,U
0.44850870966911316,0.7188029289245605,-1.0768606983901918e-07,0.44298017024993896,0.621239423751831,-0.015236089937388897,0.451003760099411,0.5272560715675354,-0.030075188726186752,0.44865137338638306,0.4462072253227234,-0.04178988188505173,0.4359501004219055,0.38871848583221436,-0.05287929251790047,0.5132394433021545,0.5762553811073303,-0.03733672946691513,0.5631077289581299,0.5032552480697632,-0.048364877700805664,0.5833669304847717,0.45123738050460815,-0.0514473132789135,0.5943881273269653,0.4068448543548584,-0.053229592740535736,0.5368722677230835,0.6215808391571045,-0.032458189874887466,0.5542903542518616,0.5354776978492737,-0.04231441020965576,0.5333387851715088,0.525083065032959,-0.03661278635263443,0.5177507996559143,0.5396876335144043,-0.03216896951198578,0.5493101477622986,0.6567779779434204,-0.027143580839037895,0.5567228198051453,0.5704812407493591,-0.033114995807409286,0.5383431315422058,0.5639979243278503,-0.023459406569600105,0.5242176055908203,0.5806371569633484,-0.017094198614358902,0.5574640035629272,0.6797125339508057,-0.022783802822232246,0.560744047164917,0.6095757484436035,-0.024329274892807007,0.5442884564399719,0.6005825400352478,-0.016365820541977882,0.5321290493011475,0.6123199462890625,-0.01015603169798851,U
0.4457121193408966,0.73629230260849,-1.3657997044447256e-07,0.43812355399131775,0.6354197263717651,-0.014962766319513321,0.4458180069923401,0.5359668731689453,-0.029457829892635345,0.44468680024147034,0.45174306631088257,-0.04041609540581703,0.43205150961875916,0.3918849229812622,-0.05078777298331261,0.5108368396759033,0.5880333185195923,-0.039371591061353683,0.561887800693512,0.5101132988929749,-0.05040327087044716,0.5814993381500244,0.4556709825992584,-0.0531957633793354,0.592025637626648,0.4108685255050659,-0.05448262020945549,0.5359843373298645,0.6334757804870605,-0.03317990154027939,0.5496030449867249,0.5430784821510315,-0.04162603244185448,0.5274897217750549,0.5322085618972778,-0.03428849205374718,0.5123108625411987,0.5480300188064575,-0.029030369594693184,0.5488348007202148,0.6670352220535278,-0.02638932131230831,0.5519692897796631,0.5762835144996643,-0.03182053193449974,0.5337805151939392,0.5703728795051575,-0.022503981366753578,0.520196795463562,0.5885328054428101,-0.01655907928943634,0.5573839545249939,0.687837541103363,-0.020236002281308174,0.5559546947479248,0.6144333481788635,-0.021200668066740036,0.5389342308044434,0.6069292426109314,-0.013414653949439526,0.5266897678375244,0.6201989054679871,-0.0074321916326880455,U
0.4532727897167206,0.7559505701065063,-1.4808188097958919e-07,0.4438922703266144,0.6455804109573364,-0.012762539088726044,0.4539421796798706,0.5400645136833191,-0.023409895598888397,0.4545416533946991,0.45457297563552856,-0.03078988566994667,0.4420775771141052,0.39633604884147644,-0.03780447691679001,0.5204219222068787,0.5951340794563293,-0.03138488158583641,0.5700743198394775,0.5172358155250549,-0.037287890911102295,0.589721143245697,0.4628737270832062,-0.03697564825415611,0.5997315049171448,0.4171859622001648,-0.036824822425842285,0.5462011098861694,0.6433449387550354,-0.025895563885569572,0.55850750207901,0.5530728101730347,-0.03070104494690895,0.5353729128837585,0.5435057878494263,-0.023210804909467697,0.5198653340339661,0.5599905252456665,-0.018316224217414856,0.559043288230896,0.6801581382751465,-0.019642509520053864,0.5604327917098999,0.590925931930542,-0.022792160511016846,0.5402064919471741,0.5850409269332886,-0.013809897005558014,0.5264307260513306,0.6042575836181641,-0.008487783372402191,0.5670232176780701,0.702781081199646,-0.013835432007908821,0.5655702948570251,0.6309294700622559,-0.012954911217093468,0.5472261905670166,0.6252934336662292,-0.004558824468404055,0.5352586507797241,0.642952561378479,0.0014904704876244068,U
0.47057151794433594,0.7380508184432983,-1.0632062696913636e-07,0.4626101851463318,0.6317639946937561,-0.012934218160808086,0.4729934334754944,0.5301735401153564,-0.024482486769557,0.4742294251918793,0.4463363289833069,-0.033256545662879944,0.461637943983078,0.38988983631134033,-0.04143231362104416,0.5385167002677917,0.5818578600883484,-0.029361175373196602,0.5887439250946045,0.5143807530403137,-0.038766615092754364,0.6084212064743042,0.45984721183776855,-0.04149173945188522,0.6173129677772522,0.4141197204589844,-0.04299238696694374,0.5617948174476624,0.6296082139015198,-0.025460872799158096,0.5766744017601013,0.5454074144363403,-0.034361694008111954,0.5548717379570007,0.5358282327651978,-0.0292187687009573,0.5403434634208679,0.5521580576896667,-0.024850716814398766,0.5729468464851379,0.666391134262085,-0.021248728036880493,0.5769128203392029,0.5814752578735352,-0.028291331604123116,0.558383047580719,0.57591313123703,-0.0195075161755085,0.5463687777519226,0.594154417514801,-0.012918651103973389,0.5798276662826538,0.689323365688324,-0.017552485689520836,0.5806624889373779,0.6179389953613281,-0.018445182591676712,0.5640947222709656,0.6134503483772278,-0.009154981933534145,0.5535424947738647,0.6307276487350464,-0.0017448579892516136,U
0.5133097171783447,0.728407084941864,-1.0391461557901494e-07,0.5048357844352722,0.6219009160995483,-0.009231357835233212,0.5166458487510681,0.5178930759429932,-0.01889043301343918,0.5176194906234741,0.4339575171470642,-0.02697109431028366,0.5040661096572876,0.37727606296539307,-0.03472163528203964,0.5816695094108582,0.556852400302887,-0.022851115092635155,0.6313691735267639,0.4912390112876892,-0.03187241405248642,0.6501740217208862,0.4375241696834564,-0.03548290953040123,0.6584107875823975,0.3941905200481415,-0.03756454959511757,0.6039795279502869,0.6018422842025757,-0.020663607865571976,0.6126105785369873,0.5298157930374146,-0.027088018134236336,0.5921074748039246,0.5253220796585083,-0.021448686718940735,0.5799428820610046,0.545676052570343,-0.017466221004724503,0.6133699417114258,0.6414868235588074,-0.018419764935970306,0.6151865720748901,0.5679652690887451,-0.023624328896403313,0.598185658454895,0.5663849711418152,-0.015791568905115128,0.5877026319503784,0.5878375172615051,-0.010610346682369709,0.6175108551979065,0.6711323261260986,-0.01646341383457184,0.617017388343811,0.6077831387519836,-0.015933295711874962,0.601327121257782,0.6060038208961487,-0.006823691539466381,0.5912514925003052,0.6262497901916504,6.627680704696104e-05,U
0.5271122455596924,0.7255552411079407,-1.1534781663158356e-07,0.5189934968948364,0.6139688491821289,-0.011701000854372978,0.5326976776123047,0.5115910172462463,-0.020225048065185547,0.5344277024269104,0.428955078125,-0.026517536491155624,0.5223582983016968,0.37186646461486816,-0.032386668026447296,0.5991207957267761,0.5571072101593018,-0.021465323865413666,0.6485105752944946,0.4943549931049347,-0.027229955419898033,0.6668984889984131,0.4414600133895874,-0.029080264270305634,0.6747006773948669,0.3959977626800537,-0.03057887777686119,0.6213099956512451,0.6058124899864197,-0.017348086461424828,0.631476879119873,0.5302038788795471,-0.021703874692320824,0.6110209226608276,0.5206692218780518,-0.016970284283161163,0.5975110530853271,0.5358133316040039,-0.014169039204716682,0.6302340030670166,0.6447829604148865,-0.013189321383833885,0.6340250372886658,0.5663250684738159,-0.016716040670871735,0.61649489402771,0.5611252784729004,-0.009464043192565441,0.6044243574142456,0.5789397358894348,-0.00507367355749011,0.6343843936920166,0.6706424355506897,-0.009612036868929863,0.6358283162117004,0.604826807975769,-0.008341347798705101,0.6200690269470215,0.5997986197471619,0.0002214818960055709,0.6087221503257751,0.6174242496490479,0.006450045853853226,U
0.5443518757820129,0.710974395275116,-1.2964389384251263e-07,0.5384949445724487,0.6062376499176025,-0.011148103512823582,0.5520082712173462,0.509085476398468,-0.02091371826827526,0.5551755428314209,0.4288868308067322,-0.028331540524959564,0.5454856157302856,0.3716809153556824,-0.03513966500759125,0.6164183020591736,0.552660346031189,-0.024640509858727455,0.6664711236953735,0.4932635724544525,-0.03270545229315758,0.6839028000831604,0.44384607672691345,-0.03549433872103691,0.6895524263381958,0.4002249240875244,-0.03689301386475563,0.6385089755058289,0.6006784439086914,-0.020475592464208603,0.6510461568832397,0.5244829058647156,-0.026325251907110214,0.6313738226890564,0.5138535499572754,-0.021459994837641716,0.6170871257781982,0.5252028703689575,-0.01805880293250084,0.6479514241218567,0.6378158330917358,-0.016070928424596786,0.6502122282981873,0.5580769777297974,-0.020105695351958275,0.6327482461929321,0.5522264242172241,-0.012226175516843796,0.6197158098220825,0.5664728879928589,-0.0070861526764929295,0.6529411673545837,0.6614273190498352,-0.01213899441063404,0.6526901721954346,0.5936142206192017,-0.01087120920419693,0.6373762488365173,0.5878908634185791,-0.002072931034490466,0.6259264349937439,0.6005001068115234,0.00458060996606946,U
0.5618906021118164,0.6900345087051392,-1.0464430744150377e-07,0.5587424635887146,0.5901575684547424,-0.010310781188309193,0.5715000629425049,0.49784114956855774,-0.022291995584964752,0.5735318064689636,0.42028096318244934,-0.03205551579594612,0.5631855726242065,0.36305105686187744,-0.04123402759432793,0.635552167892456,0.5399430990219116,-0.02802409790456295,0.6842360496520996,0.47965237498283386,-0.03733048588037491,0.7020692825317383,0.4297347068786621,-0.04067976772785187,0.7102336287498474,0.3864806294441223,-0.04265580698847771,0.6565001606941223,0.5867030024528503,-0.02508111111819744,0.6686437726020813,0.5134936571121216,-0.03172539174556732,0.6475180387496948,0.5075529217720032,-0.025612445548176765,0.6342458128929138,0.5237187743186951,-0.021362092345952988,0.664280354976654,0.6250748634338379,-0.021702826023101807,0.6668115854263306,0.548738956451416,-0.02678305096924305,0.6489381790161133,0.5469164848327637,-0.017640070989727974,0.6373555064201355,0.5640209913253784,-0.011771371588110924,0.6673464179039001,0.6520348787307739,-0.01863357424736023,0.667809784412384,0.5867483019828796,-0.0181878712028265,0.6520711183547974,0.5845969915390015,-0.00842952635139227,0.6415735483169556,0.6007286906242371,-0.0012198066106066108,U
0.5668394565582275,0.6828669905662537,-1.390514370314122e-07,0.564003050327301,0.5818537473678589,-0.007626237813383341,0.5767285227775574,0.4913933277130127,-0.018401842564344406,0.5793067812919617,0.4130554795265198,-0.027705561369657516,0.5734052658081055,0.35460174083709717,-0.0366872139275074,0.6427639126777649,0.5309559106826782,-0.022677889093756676,0.6910589933395386,0.46942466497421265,-0.030231604352593422,0.7102426886558533,0.42372581362724304,-0.03283945843577385,0.7195575833320618,0.3836049437522888,-0.03399578854441643,0.6633926033973694,0.5776944160461426,-0.019484248012304306,0.6740898489952087,0.5066849589347839,-0.02346080169081688,0.6540279984474182,0.49852481484413147,-0.017027918249368668,0.6388336420059204,0.510972261428833,-0.012733973562717438,0.670577883720398,0.6165396571159363,-0.015763234347105026,0.6714702844619751,0.5432644486427307,-0.01787394843995571,0.6548715829849243,0.5402581095695496,-0.009703793562948704,0.6410723924636841,0.5550045371055603,-0.004876433406025171,0.6737953424453735,0.6443886160850525,-0.012151970528066158,0.6712074875831604,0.5837951302528381,-0.009259960614144802,0.6555688381195068,0.5819388031959534,-0.00013688734907191247,0.6433125138282776,0.5949984788894653,0.006463654339313507,U
0.5635117292404175,0.6708782315254211,-1.1423193768678175e-07,0.5570259094238281,0.5665879845619202,-0.006499142851680517,0.5703413486480713,0.473096638917923,-0.015762580558657646,0.5731619000434875,0.3927439749240875,-0.023859724402427673,0.564055860042572,0.33562153577804565,-0.03219365328550339,0.6369491815567017,0.5089098215103149,-0.020010637119412422,0.6827781200408936,0.4479241967201233,-0.02692747488617897,0.7032414078712463,0.40226414799690247,-0.029849164187908173,0.7144954204559326,0.3628222346305847,-0.031857192516326904,0.658595860004425,0.5549235343933105,-0.017634235322475433,0.6642464995384216,0.48866403102874756,-0.02076275832951069,0.6455531120300293,0.48567289113998413,-0.014604324474930763,0.6330711245536804,0.502385675907135,-0.011125183664262295,0.6656939387321472,0.5959704518318176,-0.014710708521306515,0.6632325053215027,0.5289688110351562,-0.01690785028040409,0.6479785442352295,0.5300443768501282,-0.009171092882752419,0.6366667747497559,0.5482652187347412,-0.004931906703859568,0.6676157116889954,0.6268185377120972,-0.011808669194579124,0.6633403897285461,0.572483241558075,-0.008770325221121311,0.6482877135276794,0.5750635266304016,0.00037525183870457113,0.6377497315406799,0.5933462977409363,0.006673678755760193,U
0.5673448443412781,0.6698762774467468,-1.1194440929784832e-07,0.5617346167564392,0.5673244595527649,-0.004815095104277134,0.5752794742584229,0.47556832432746887,-0.013552726246416569,0.5793247222900391,0.39805930852890015,-0.02153789810836315,0.5718851685523987,0.34122446179389954,-0.029687078669667244,0.636825680732727,0.5109667181968689,-0.019538531079888344,0.6848656535148621,0.45563507080078125,-0.02712574601173401,0.7067369222640991,0.4114687442779541,-0.03004460036754608,0.7194448113441467,0.37358546257019043,-0.03183576092123985,0.6568219065666199,0.5564885139465332,-0.018510859459638596,0.668795108795166,0.4981619417667389,-0.022181736305356026,0.6514758467674255,0.49383866786956787,-0.015805989503860474,0.6384714245796204,0.510749340057373,-0.011978703550994396,0.6641770601272583,0.597236692905426,-0.01696019433438778,0.6676198840141296,0.5382817983627319,-0.01910707727074623,0.6530357003211975,0.5387895703315735,-0.011162055656313896,0.6415365934371948,0.5573219060897827,-0.006769142579287291,0.6676387786865234,0.628873348236084,-0.015419534407556057,0.6677868366241455,0.5802649259567261,-0.01197920273989439,0.654057502746582,0.5814294219017029,-0.0028702232521027327,0.6436468958854675,0.5980015993118286,0.0033173742704093456,U
0.5668181777000427,0.6724926829338074,-1.1119491460931386e-07,0.5634369254112244,0.5719006657600403,-0.006551703903824091,0.5781463384628296,0.47845152020454407,-0.014915835112333298,0.5823509693145752,0.3991791903972626,-0.02191503532230854,0.5750353336334229,0.3415900468826294,-0.028899038210511208,0.6402950882911682,0.5153283476829529,-0.019065937027335167,0.6875962615013123,0.45840826630592346,-0.025404497981071472,0.7098026275634766,0.4156608581542969,-0.02779877372086048,0.7223853468894958,0.3779726028442383,-0.02933213673532009,0.660185694694519,0.560725748538971,-0.01611131802201271,0.673529326915741,0.4958873987197876,-0.019261056557297707,0.6561422348022461,0.4877833425998688,-0.013424013741314411,0.6420119404792786,0.500382661819458,-0.009834308177232742,0.6676216125488281,0.6001765727996826,-0.012560923583805561,0.6730711460113525,0.5337706804275513,-0.014484197832643986,0.6572515964508057,0.529281497001648,-0.00682371761649847,0.6436953544616699,0.5437560081481934,-0.0022762625012546778,0.671072781085968,0.6304593682289124,-0.009039097465574741,0.6720066666603088,0.5741673707962036,-0.005832911469042301,0.6566656827926636,0.5711029767990112,0.0031837793067097664,0.6444700360298157,0.5850216150283813,0.00956639926880598,U
0.5554066896438599,0.6548998355865479,-6.916619099683885e-08,0.5513061285018921,0.5557857155799866,-0.00836757943034172,0.5652632117271423,0.4578254222869873,-0.016731787472963333,0.5679847598075867,0.3775097131729126,-0.024478763341903687,0.5567761659622192,0.3215821087360382,-0.03201832249760628,0.6248493194580078,0.4912744164466858,-0.016506530344486237,0.669481098651886,0.43730324506759644,-0.025120405480265617,0.6924594640731812,0.39446786046028137,-0.02954939380288124,0.7063648700714111,0.35713255405426025,-0.03286115825176239,0.6433548331260681,0.5328716039657593,-0.016245797276496887,0.6570093631744385,0.4819672107696533,-0.024709952995181084,0.6400694847106934,0.4833003282546997,-0.02198176458477974,0.6281440258026123,0.5017825365066528,-0.019223297014832497,0.6512371897697449,0.5739156603813171,-0.016107123345136642,0.6569797992706299,0.5230836868286133,-0.0234850887209177,0.6423503160476685,0.5252132415771484,-0.016853300854563713,0.6314067244529724,0.543554961681366,-0.011437837965786457,0.6551794409751892,0.6099188923835754,-0.01639222353696823,0.6578637361526489,0.5656197667121887,-0.016717905178666115,0.6438820362091064,0.5672143697738647,-0.007918139919638634,0.6341460943222046,0.5850626826286316,-0.0008481580880470574,U
0.5087647438049316,0.6186137199401855,-4.961404087566734e-08,0.5018552541732788,0.5270255208015442,-0.013033860363066196,0.5140692591667175,0.42393872141838074,-0.02390418015420437,0.5159937143325806,0.3459126055240631,-0.033751729875802994,0.4972847104072571,0.2973777651786804,-0.043502990156412125,0.5629184246063232,0.46440696716308594,-0.024148985743522644,0.6060239672660828,0.393357515335083,-0.032946109771728516,0.6319459080696106,0.3491883873939514,-0.03733687102794647,0.6520242094993591,0.3163768947124481,-0.04132048785686493,0.5857250094413757,0.5039433240890503,-0.024259168654680252,0.6053761839866638,0.4390353560447693,-0.0347248874604702,0.5905223488807678,0.43476155400276184,-0.0341988205909729,0.5788720846176147,0.4538605511188507,-0.033232275396585464,0.5999913215637207,0.5423611402511597,-0.0245511531829834,0.6166859269142151,0.48179686069488525,-0.03319407254457474,0.6031036376953125,0.476298063993454,-0.028398821130394936,0.5906660556793213,0.4937390983104706,-0.02436607889831066,0.6108376383781433,0.5764286518096924,-0.025826258584856987,0.6277796030044556,0.52597975730896,-0.028732862323522568,0.6160562038421631,0.5204596519470215,-0.02258490025997162,0.6041350960731506,0.5357512831687927,-0.017631499096751213,U
0.4782808721065521,0.607078492641449,5.279064296814795e-08,0.47069549560546875,0.5112223625183105,-0.01035353448241949,0.47733253240585327,0.40923812985420227,-0.022586962208151817,0.4744994342327118,0.32474783062934875,-0.033928144723176956,0.45557501912117004,0.2742985486984253,-0.04520232602953911,0.5264458656311035,0.4425763785839081,-0.02541206404566765,0.572213888168335,0.37682533264160156,-0.03861191123723984,0.600287139415741,0.32890084385871887,-0.0451841726899147,0.6210557818412781,0.29188790917396545,-0.04971113055944443,0.548050045967102,0.4804161787033081,-0.02668321132659912,0.5796220898628235,0.4158511161804199,-0.042190682142972946,0.5624281167984009,0.41873013973236084,-0.0409458763897419,0.5470017790794373,0.44115492701530457,-0.03653916344046593,0.5614571571350098,0.5204201936721802,-0.02759435959160328,0.5821542143821716,0.4627528190612793,-0.040036093443632126,0.5678229331970215,0.46348240971565247,-0.03234048932790756,0.5556132197380066,0.4822770953178406,-0.023764530196785927,0.5711196660995483,0.5565410852432251,-0.028876028954982758,0.5892313718795776,0.507321298122406,-0.03181128203868866,0.5759732723236084,0.5096548795700073,-0.02168687991797924,0.5650283694267273,0.527875542640686,-0.01272861659526825,U
0.43387871980667114,0.6137053966522217,2.1725995225096995e-08,0.42039573192596436,0.5130923390388489,-0.009791793301701546,0.4211452901363373,0.40637654066085815,-0.020968016237020493,0.4126478433609009,0.32410067319869995,-0.03105052001774311,0.3939937651157379,0.2705010175704956,-0.04099362716078758,0.47017237544059753,0.4360373914241791,-0.027084646746516228,0.5196747183799744,0.3708237409591675,-0.03726273402571678,0.5451297760009766,0.32533037662506104,-0.0397789441049099,0.5652685761451721,0.2918873727321625,-0.04172331467270851,0.4958207309246063,0.47912004590034485,-0.027876725420355797,0.5231081247329712,0.4096936583518982,-0.04054851457476616,0.5056079030036926,0.40882667899131775,-0.037499576807022095,0.49189940094947815,0.43085920810699463,-0.03329509124159813,0.5120384097099304,0.5205681324005127,-0.02811000496149063,0.5274624228477478,0.45170578360557556,-0.037694260478019714,0.5134004354476929,0.4536699950695038,-0.029403740540146828,0.5029031038284302,0.4748437702655792,-0.022049177438020706,0.5237491726875305,0.5548338890075684,-0.02867334522306919,0.5344996452331543,0.49330297112464905,-0.03028995729982853,0.5215378999710083,0.4940280020236969,-0.021099846810102463,0.5116721987724304,0.5135265588760376,-0.013685889542102814,U
0.4022616446018219,0.6118118762969971,7.515089350818016e-08,0.38883233070373535,0.5041934847831726,-0.014023068360984325,0.3937556743621826,0.3904370367527008,-0.027600383386015892,0.3859960436820984,0.30021932721138,-0.03895936533808708,0.36934271454811096,0.23497964441776276,-0.0501147136092186,0.4469124674797058,0.43454012274742126,-0.03545904532074928,0.505685567855835,0.3623754680156708,-0.047209616750478745,0.5363436937332153,0.31075990200042725,-0.04955187067389488,0.5605830550193787,0.27349478006362915,-0.050823792815208435,0.47537365555763245,0.48616376519203186,-0.03382051736116409,0.5084615349769592,0.4002237617969513,-0.04908699169754982,0.48904740810394287,0.3907765746116638,-0.04619823768734932,0.47249677777290344,0.4105131924152374,-0.04089859873056412,0.49281179904937744,0.5303625464439392,-0.031241318210959435,0.5112572312355042,0.4457973837852478,-0.04270811751484871,0.4950442314147949,0.439939022064209,-0.03408491238951683,0.48205211758613586,0.4585378170013428,-0.025453971698880196,0.504781186580658,0.5613546371459961,-0.028944414108991623,0.5169113874435425,0.4867289662361145,-0.03173663839697838,0.5022498965263367,0.4826646149158478,-0.021844319999217987,0.49073880910873413,0.5012618899345398,-0.013093339279294014,U
0.38819098472595215,0.6178499460220337,7.473544627600859e-08,0.3729255497455597,0.503567099571228,-0.018336450681090355,0.3789489269256592,0.3801976144313812,-0.035340383648872375,0.37230634689331055,0.27897909283638,-0.04863504320383072,0.35479792952537537,0.20571988821029663,-0.06170424818992615,0.4349011778831482,0.4327611029148102,-0.048843879252672195,0.5019360184669495,0.3572619557380676,-0.0630948469042778,0.5358395576477051,0.3068739175796509,-0.06553932279348373,0.563450813293457,0.26929759979248047,-0.06683540344238281,0.46501076221466064,0.4884895086288452,-0.04499906674027443,0.5031298398971558,0.3925201892852783,-0.06291386485099792,0.4808804392814636,0.3802946209907532,-0.05839313194155693,0.4628334641456604,0.3998023271560669,-0.052041083574295044,0.4841781258583069,0.5323411226272583,-0.039739999920129776,0.5069474577903748,0.4350844621658325,-0.05195646360516548,0.4879423677921295,0.43062588572502136,-0.039583589881658554,0.47348660230636597,0.45157304406166077,-0.0287607591599226,0.49759602546691895,0.5601797103881836,-0.03518353030085564,0.5093508958816528,0.47325146198272705,-0.038306381553411484,0.49194419384002686,0.47226032614707947,-0.02655636891722679,0.47922468185424805,0.4939424395561218,-0.01659218780696392,U
0.3906353712081909,0.6341656446456909,6.214371239821048e-08,0.37418341636657715,0.5095075964927673,-0.023054854944348335,0.37915563583374023,0.37517350912094116,-0.042710814625024796,0.3701740503311157,0.2669079303741455,-0.057972054928541183,0.3511575162410736,0.18649519979953766,-0.0725245326757431,0.43806278705596924,0.4426730275154114,-0.0541355200111866,0.50872802734375,0.3604355454444885,-0.07089225202798843,0.5446473956108093,0.2998875677585602,-0.07423930615186691,0.5732395052909851,0.25342196226119995,-0.07629609853029251,0.4715184271335602,0.5038827061653137,-0.05005699768662453,0.5183414220809937,0.3960528075695038,-0.07288139313459396,0.4929814636707306,0.38514086604118347,-0.06953268498182297,0.4710783064365387,0.40959885716438293,-0.0625850260257721,0.4930715262889862,0.5500937700271606,-0.04487178847193718,0.5240429043769836,0.440070778131485,-0.06238381192088127,0.5014634132385254,0.4350602924823761,-0.04983058199286461,0.48490649461746216,0.459035187959671,-0.03713894262909889,0.5077974796295166,0.5778400301933289,-0.040541619062423706,0.5290277600288391,0.4773341417312622,-0.04634085297584534,0.5092167258262634,0.4739880859851837,-0.03343932330608368,0.4944290816783905,0.4999341070652008,-0.022020112723112106,U
0.4166114926338196,0.6670299768447876,5.1663473499274915e-08,0.3930823504924774,0.5381624102592468,-0.025414250791072845,0.3918788433074951,0.4002176821231842,-0.047679122537374496,0.38154345750808716,0.2849370837211609,-0.06458558142185211,0.36268192529678345,0.20013384521007538,-0.08050867915153503,0.4527089595794678,0.4644017815589905,-0.06177091598510742,0.5289075374603271,0.38238558173179626,-0.08079648017883301,0.5656354427337646,0.3114475905895233,-0.0843682810664177,0.5912072658538818,0.2530168890953064,-0.08620012551546097,0.4937649667263031,0.5241518616676331,-0.056914616376161575,0.5410766005516052,0.39882034063339233,-0.0813312828540802,0.513699471950531,0.38923028111457825,-0.07723845541477203,0.48859351873397827,0.4166279137134552,-0.06925595551729202,0.521126389503479,0.568426251411438,-0.050511620938777924,0.5478615760803223,0.4425157308578491,-0.06974410265684128,0.5238566994667053,0.4379793703556061,-0.05586772784590721,0.5064380168914795,0.4621274471282959,-0.041769079864025116,0.540058434009552,0.5910630822181702,-0.044838979840278625,0.5552136898040771,0.47538357973098755,-0.051329970359802246,0.5344478487968445,0.47215354442596436,-0.03706689551472664,0.5202123522758484,0.4972900152206421,-0.024413248524069786,U
0.41436338424682617,0.6851052045822144,-5.355857979338907e-09,0.3978232145309448,0.5564783811569214,-0.02530008554458618,0.40111497044563293,0.4139832556247711,-0.048525866121053696,0.39040443301200867,0.29702049493789673,-0.06591648608446121,0.37029385566711426,0.21059460937976837,-0.08227556198835373,0.4680774211883545,0.4852014183998108,-0.0678674578666687,0.5429930090904236,0.39017271995544434,-0.08569826930761337,0.5759564638137817,0.31933164596557617,-0.08752112835645676,0.598675549030304,0.2594560384750366,-0.08847371488809586,0.5066949129104614,0.5479557514190674,-0.061713170260190964,0.5482982993125916,0.41553786396980286,-0.08205872029066086,0.5206313133239746,0.39853665232658386,-0.07400542497634888,0.4983277916908264,0.4192456007003784,-0.06569088995456696,0.5316480994224548,0.5909827947616577,-0.053858671337366104,0.5564996004104614,0.4556056559085846,-0.06890357285737991,0.5301269292831421,0.4445000886917114,-0.05274577438831329,0.5118915438652039,0.46546700596809387,-0.03954647108912468,0.549400806427002,0.612316370010376,-0.04685090482234955,0.562106728553772,0.48825159668922424,-0.051462266594171524,0.5391836762428284,0.47934964299201965,-0.036971841007471085,0.5232097506523132,0.50086909532547,-0.025258289650082588,U
0.41397345066070557,0.6968012452125549,3.369930112739894e-09,0.39830511808395386,0.5700756311416626,-0.025478927418589592,0.40275657176971436,0.42923545837402344,-0.0479297898709774,0.3913041949272156,0.31178104877471924,-0.06465768814086914,0.37162888050079346,0.2252267599105835,-0.08028840273618698,0.4671827256679535,0.49888813495635986,-0.06522047519683838,0.5432682037353516,0.40588489174842834,-0.08254266530275345,0.577023983001709,0.3317045569419861,-0.08433401584625244,0.5992092490196228,0.2681179642677307,-0.0853491947054863,0.5064539909362793,0.5617201328277588,-0.05893263220787048,0.5476953387260437,0.42617297172546387,-0.07925143837928772,0.5205555558204651,0.41192635893821716,-0.07169638574123383,0.49870046973228455,0.4356299042701721,-0.0634922906756401,0.531844437122345,0.604296863079071,-0.051138121634721756,0.5542223453521729,0.4670811891555786,-0.06586404144763947,0.5282392501831055,0.4587247371673584,-0.04959982633590698,0.5110704302787781,0.4813772141933441,-0.03633840009570122,0.5497992038726807,0.6234217286109924,-0.044343121349811554,0.5622517466545105,0.5013939142227173,-0.04855979606509209,0.5391483902931213,0.4938663840293884,-0.03386487439274788,0.5233155488967896,0.515547513961792,-0.022108837962150574,U
0.4285205602645874,0.6642231941223145,5.962889559896212e-08,0.41663044691085815,0.5349887013435364,-0.01951635256409645,0.4194623529911041,0.3997160792350769,-0.03932022303342819,0.4072222411632538,0.28870391845703125,-0.05462966859340668,0.3819594979286194,0.21501424908638,-0.06948860734701157,0.475624144077301,0.4694230258464813,-0.05695294961333275,0.543978750705719,0.38201895356178284,-0.07073071599006653,0.5765682458877563,0.31795263290405273,-0.07168924063444138,0.5996080636978149,0.2650562822818756,-0.07246007770299911,0.5108523368835449,0.5278852581977844,-0.05275828391313553,0.5517995357513428,0.4104858636856079,-0.06829569488763809,0.5295005440711975,0.3975633382797241,-0.06071047857403755,0.5095662474632263,0.4187363386154175,-0.05386072024703026,0.5339252352714539,0.5698217153549194,-0.046583641320466995,0.5588463544845581,0.4471103549003601,-0.056870728731155396,0.5367802381515503,0.4383637011051178,-0.04184848070144653,0.5196914672851562,0.460334450006485,-0.030683128163218498,0.5498871803283691,0.5929473638534546,-0.04108482599258423,0.5638501644134521,0.4801316261291504,-0.04180530086159706,0.5444536805152893,0.4696633517742157,-0.027407560497522354,0.5293522477149963,0.48966509103775024,-0.01691480539739132,U
0.4421743154525757,0.6394762992858887,1.4965257477683735e-08,0.43019455671310425,0.519371509552002,-0.015735626220703125,0.4357251524925232,0.3901798129081726,-0.031565483659505844,0.4287733733654022,0.28718799352645874,-0.04366514831781387,0.410274475812912,0.2166304737329483,-0.0551070012152195,0.4932517409324646,0.4423562288284302,-0.04558468982577324,0.5596780776977539,0.3639359176158905,-0.057573430240154266,0.5889289379119873,0.3091279864311218,-0.05828192085027695,0.6102977991104126,0.2638568878173828,-0.058628831058740616,0.5238941311836243,0.4965912103652954,-0.04232337698340416,0.564727783203125,0.4023295044898987,-0.05633413791656494,0.5426127314567566,0.39337900280952454,-0.04939023405313492,0.5238879323005676,0.4129735827445984,-0.042207129299640656,0.5432918071746826,0.5410362482070923,-0.03745798394083977,0.5684266686439514,0.44610458612442017,-0.04595281928777695,0.5489303469657898,0.4434552490711212,-0.0325615257024765,0.5337076187133789,0.46423614025115967,-0.02226548083126545,0.5569515824317932,0.5718744993209839,-0.03316260129213333,0.5714886784553528,0.48751893639564514,-0.03336057439446449,0.5533578395843506,0.48812758922576904,-0.020406577736139297,0.540032148361206,0.5098117589950562,-0.010368906892836094,U
0.4566495418548584,0.6243612766265869,-1.4371805079349542e-08,0.442410409450531,0.509772539138794,-0.014780985191464424,0.4488496780395508,0.3919602334499359,-0.02878338284790516,0.44636958837509155,0.2959035038948059,-0.03967708721756935,0.4312595725059509,0.22903171181678772,-0.050051070749759674,0.5092582106590271,0.4376453459262848,-0.037559181451797485,0.5679996013641357,0.36495882272720337,-0.04799484834074974,0.5956059694290161,0.3153846859931946,-0.04936550557613373,0.6144380569458008,0.274239182472229,-0.05032280460000038,0.5369797348976135,0.4881911873817444,-0.0345064215362072,0.5683361291885376,0.4032164216041565,-0.04758979380130768,0.5485714673995972,0.3962506055831909,-0.04295013099908829,0.5318689346313477,0.4133910834789276,-0.03762340173125267,0.5543172955513,0.5301299691200256,-0.030316781252622604,0.5722692012786865,0.4438706934452057,-0.03918369114398956,0.5543354153633118,0.44218796491622925,-0.02842911332845688,0.5404273867607117,0.46103745698928833,-0.01978026144206524,0.5664476752281189,0.5594246983528137,-0.02668674662709236,0.5757200717926025,0.48218461871147156,-0.02796778827905655,0.5590152144432068,0.4828870892524719,-0.017023295164108276,0.5469473600387573,0.5022757053375244,-0.008126737549901009,U
0.457135945558548,0.6210342645645142,-2.285595002149421e-08,0.4434765875339508,0.5079126358032227,-0.012663759291172028,0.4496432840824127,0.39323195815086365,-0.025699373334646225,0.4468616247177124,0.30016496777534485,-0.03611714765429497,0.43123260140419006,0.23503868281841278,-0.04620201513171196,0.5090423226356506,0.4357541501522064,-0.03526556119322777,0.5673943161964417,0.3663228154182434,-0.045448120683431625,0.59360671043396,0.31831783056259155,-0.04737504571676254,0.6115472316741943,0.27820056676864624,-0.04892619699239731,0.5367926955223083,0.48596301674842834,-0.033268433064222336,0.5658921599388123,0.40904784202575684,-0.045264896005392075,0.5461837649345398,0.40492159128189087,-0.04039318487048149,0.5304347276687622,0.42367514967918396,-0.03554804250597954,0.5535954236984253,0.5293483138084412,-0.030125003308057785,0.5699648261070251,0.4496278464794159,-0.03739352151751518,0.5531435608863831,0.4503881335258484,-0.026060955598950386,0.5399042367935181,0.4708057641983032,-0.017841150984168053,0.564936637878418,0.5609984397888184,-0.027548588812351227,0.5727108716964722,0.4897006154060364,-0.027860956266522408,0.5567881464958191,0.4926989674568176,-0.01671598292887211,0.545975923538208,0.51344233751297,-0.008097130805253983,U
0.45048558712005615,0.6355887651443481,-1.7776359939603026e-08,0.43814605474472046,0.5235387682914734,-0.013559726066887379,0.4453512728214264,0.4071013331413269,-0.02736402116715908,0.44268471002578735,0.3114483058452606,-0.038135040551424026,0.42613691091537476,0.24537603557109833,-0.04856462404131889,0.5047748684883118,0.45081987977027893,-0.0381295382976532,0.5633183121681213,0.37685728073120117,-0.04840964823961258,0.5901533365249634,0.32685136795043945,-0.04965897649526596,0.6085525155067444,0.2851954698562622,-0.050530172884464264,0.5320983529090881,0.5011221170425415,-0.03526601567864418,0.5632227659225464,0.4148426353931427,-0.04724990576505661,0.5431323051452637,0.4072767198085785,-0.041525326669216156,0.5266904234886169,0.423694372177124,-0.035709772258996964,0.5486572980880737,0.5438193082809448,-0.031040119007229805,0.5659379959106445,0.45811760425567627,-0.0381183996796608,0.5478129982948303,0.4549849033355713,-0.026175102218985558,0.5338380932807922,0.4724716246128082,-0.017239341512322426,0.5600032210350037,0.5746538639068604,-0.027346210554242134,0.5681740641593933,0.4998167157173157,-0.026856623589992523,0.5515885949134827,0.4989747703075409,-0.015129243023693562,0.5399351119995117,0.5159792304039001,-0.006079602055251598,U
0.4479498267173767,0.6298354864120483,2.8526416784302455e-09,0.4358913004398346,0.518119215965271,-0.014113744720816612,0.4424678087234497,0.4006427526473999,-0.028224991634488106,0.43888476490974426,0.30604761838912964,-0.03939836099743843,0.4236808121204376,0.2389245331287384,-0.0500761903822422,0.5001478791236877,0.44733381271362305,-0.0380585677921772,0.5595927238464355,0.37503135204315186,-0.0489300899207592,0.5875713229179382,0.3244777321815491,-0.05049470067024231,0.6071847081184387,0.2834721803665161,-0.05150445178151131,0.5275343060493469,0.4977991580963135,-0.035433076322078705,0.562277615070343,0.4076135754585266,-0.04913395270705223,0.5421427488327026,0.3980823755264282,-0.04453548043966293,0.5250917673110962,0.41501036286354065,-0.03873921185731888,0.5446659922599792,0.5395396947860718,-0.031487032771110535,0.5649786591529846,0.44876664876937866,-0.04038592055439949,0.5463486313819885,0.4432474374771118,-0.029160412028431892,0.5321025252342224,0.46065473556518555,-0.019817408174276352,0.5565310120582581,0.5686596035957336,-0.02799425832927227,0.5673051476478577,0.48699164390563965,-0.028839772567152977,0.5503732562065125,0.4821484088897705,-0.01741868257522583,0.5377768278121948,0.49834221601486206,-0.008098782040178776,U
0.42878204584121704,0.5787524580955505,-7.341178220876543e-10,0.41443008184432983,0.4633764326572418,-0.01086877565830946,0.4222806990146637,0.3479361832141876,-0.023480385541915894,0.4220327138900757,0.2539860010147095,-0.03335524722933769,0.4105773866176605,0.185078427195549,-0.042837709188461304,0.4807814657688141,0.38665273785591125,-0.03629477694630623,0.5399118065834045,0.3130941390991211,-0.046714913100004196,0.5684828162193298,0.2634477913379669,-0.04761068522930145,0.5893760919570923,0.22599251568317413,-0.04768931865692139,0.508849024772644,0.438232958316803,-0.033823441714048386,0.5424450039863586,0.35573509335517883,-0.04251537099480629,0.5241549015045166,0.34713542461395264,-0.03456993028521538,0.508748471736908,0.3642682731151581,-0.027729876339435577,0.5258059501647949,0.4838642179965973,-0.02997782453894615,0.5449263453483582,0.40271541476249695,-0.035578902810811996,0.5283057689666748,0.39695292711257935,-0.023652754724025726,0.5147647857666016,0.4137282967567444,-0.014864595606923103,0.5376424789428711,0.5189905166625977,-0.02622000314295292,0.5486713647842407,0.4462713897228241,-0.02503720298409462,0.5335617065429688,0.4421297013759613,-0.013098228722810745,0.52086341381073,0.45734769105911255,-0.0037905762437731028,U
0.4298027455806732,0.5821924209594727,-6.903026150695268e-09,0.41713207960128784,0.4711095094680786,-0.012114405632019043,0.4256187379360199,0.35182270407676697,-0.025006601586937904,0.4250093102455139,0.2573896050453186,-0.03526226058602333,0.41192254424095154,0.18993251025676727,-0.04516525939106941,0.48087331652641296,0.3950614035129547,-0.03663121163845062,0.5409429669380188,0.32427623867988586,-0.04765617474913597,0.5700595378875732,0.2734810411930084,-0.04892590641975403,0.5908119082450867,0.23474368453025818,-0.04952587932348251,0.5083552598953247,0.448106586933136,-0.03531845286488533,0.5428907871246338,0.3614319860935211,-0.0481778085231781,0.5235161185264587,0.3525986969470978,-0.04290872812271118,0.5067944526672363,0.37092554569244385,-0.03692912310361862,0.5261448621749878,0.4927206337451935,-0.03271713852882385,0.545806348323822,0.4046876132488251,-0.04208047688007355,0.5280012488365173,0.40123221278190613,-0.030733009800314903,0.51450115442276,0.4200819432735443,-0.021283958107233047,0.5388662219047546,0.5248842239379883,-0.030331004410982132,0.5493921637535095,0.44269880652427673,-0.031784217804670334,0.5330167412757874,0.4415418803691864,-0.0203081164509058,0.5214659571647644,0.4611836075782776,-0.010850340127944946,U
0.4325084984302521,0.5843847393989563,8.584636113084798e-09,0.4210360050201416,0.4733388423919678,-0.013590708374977112,0.4302034378051758,0.35632166266441345,-0.027525024488568306,0.42894378304481506,0.26091328263282776,-0.03859762102365494,0.4164520800113678,0.19101135432720184,-0.049206383526325226,0.48480111360549927,0.4011108875274658,-0.037135470658540726,0.545079231262207,0.3309716582298279,-0.0485713854432106,0.5746861696243286,0.28043538331985474,-0.05031382292509079,0.5959160923957825,0.24174846708774567,-0.05125677213072777,0.5118226408958435,0.4540518820285797,-0.03529156744480133,0.5482810735702515,0.36616694927215576,-0.04899945855140686,0.5292115211486816,0.35658031702041626,-0.04446674510836601,0.5120428204536438,0.3747565746307373,-0.03874204680323601,0.5292235612869263,0.49822938442230225,-0.03229784965515137,0.5510070323944092,0.409229040145874,-0.04235197976231575,0.5331498384475708,0.40571680665016174,-0.03143664076924324,0.5191025137901306,0.4249875545501709,-0.022042645141482353,0.5415928363800049,0.5293961763381958,-0.02965862862765789,0.552998423576355,0.4483400285243988,-0.03183659538626671,0.5363785028457642,0.4483432173728943,-0.020787375047802925,0.5241579413414001,0.4691266417503357,-0.011475397273898125,U
0.43008366227149963,0.5784622430801392,-8.974224030566802e-09,0.41793447732925415,0.4654625654220581,-0.013299470767378807,0.42747360467910767,0.3482559621334076,-0.02628341317176819,0.426040917634964,0.2529478669166565,-0.036843191832304,0.4135999381542206,0.18407359719276428,-0.04706171527504921,0.4826197028160095,0.39162397384643555,-0.034772325307130814,0.5409115552902222,0.32062649726867676,-0.04624747857451439,0.5701634883880615,0.27165594696998596,-0.048792194575071335,0.5922108292579651,0.2338867038488388,-0.05059627443552017,0.5097606182098389,0.4436417520046234,-0.033538784831762314,0.5430760979652405,0.3588593304157257,-0.04707422852516174,0.5241753458976746,0.35063832998275757,-0.04348788410425186,0.5080744028091431,0.3681568205356598,-0.038805052638053894,0.5271121859550476,0.4887288808822632,-0.031342171132564545,0.5467238426208496,0.4000275135040283,-0.041288670152425766,0.5294674038887024,0.39741936326026917,-0.030978946015238762,0.5160566568374634,0.41664767265319824,-0.022267363965511322,0.5390797257423401,0.5215479135513306,-0.02962356060743332,0.5488498210906982,0.4388839304447174,-0.03206914663314819,0.5332604646682739,0.4383454918861389,-0.021507279947400093,0.5218080878257751,0.45906010270118713,-0.012624174356460571,U
0.42802637815475464,0.5900682210922241,2.507578322763493e-08,0.4179226756095886,0.479944109916687,-0.013902354054152966,0.42652076482772827,0.3635438084602356,-0.028493907302618027,0.424522340297699,0.2681789994239807,-0.03983331844210625,0.41117605566978455,0.19898970425128937,-0.05070983245968819,0.4775077700614929,0.41149410605430603,-0.041751932352781296,0.5390254259109497,0.3393317461013794,-0.053394611924886703,0.568218469619751,0.29018568992614746,-0.05466927960515022,0.5896953344345093,0.25224024057388306,-0.05516071990132332,0.5045244097709656,0.46438154578208923,-0.03915930539369583,0.5436238646507263,0.3744131922721863,-0.05273047089576721,0.5246042609214783,0.36214327812194824,-0.04734445735812187,0.5069047212600708,0.3770900070667267,-0.041076987981796265,0.5221390128135681,0.5070974230766296,-0.03494933247566223,0.546493649482727,0.416767954826355,-0.04363163933157921,0.5289827585220337,0.4113556146621704,-0.031521596014499664,0.5142393708229065,0.42832833528518677,-0.021653899922966957,0.5346899628639221,0.5361173152923584,-0.031100602820515633,0.5481846332550049,0.45488566160202026,-0.03215613216161728,0.5322085022926331,0.4525674283504486,-0.020340967923402786,0.5194322466850281,0.47031211853027344,-0.010684827342629433,U
0.42704877257347107,0.5877248048782349,6.741766256368464e-09,0.4155709743499756,0.47841036319732666,-0.014287454076111317,0.4232689142227173,0.36196330189704895,-0.028783218935132027,0.42091935873031616,0.26693207025527954,-0.04000893980264664,0.4069581627845764,0.19881245493888855,-0.05071679875254631,0.4778194725513458,0.4076457917690277,-0.040738753974437714,0.538477897644043,0.33449751138687134,-0.052405375987291336,0.5669481754302979,0.28426066040992737,-0.05382471904158592,0.5876278877258301,0.2451258897781372,-0.054419033229351044,0.5046672224998474,0.4596785306930542,-0.03796612098813057,0.5400686264038086,0.3701876699924469,-0.05199073255062103,0.5195904970169067,0.36062029004096985,-0.046540968120098114,0.5021616220474243,0.3785417079925537,-0.04011205583810806,0.5218029022216797,0.5020442605018616,-0.03381849452853203,0.5431859493255615,0.41274580359458923,-0.04314818233251572,0.5246374011039734,0.4092741310596466,-0.031120680272579193,0.510187029838562,0.4281790554523468,-0.021196946501731873,0.5340582728385925,0.5315110087394714,-0.03011956252157688,0.5457761883735657,0.45217058062553406,-0.031800348311662674,0.528668999671936,0.4512022137641907,-0.02036152593791485,0.516004741191864,0.47011229395866394,-0.010852774605154991,U
0.42770880460739136,0.6186627149581909,-1.787989134527379e-08,0.41431936621665955,0.5069514513015747,-0.014163343235850334,0.42173540592193604,0.3883497714996338,-0.026986869052052498,0.4174424111843109,0.293762743473053,-0.03724838048219681,0.4013749063014984,0.2274366319179535,-0.04737715795636177,0.47230637073516846,0.4389491677284241,-0.037801455706357956,0.5332242846488953,0.36949634552001953,-0.05000932887196541,0.5641967058181763,0.3179703950881958,-0.052404891699552536,0.5852775573730469,0.27634575963020325,-0.05375230312347412,0.5014161467552185,0.4892615079879761,-0.03588345646858215,0.5321053862571716,0.39890408515930176,-0.051604464650154114,0.5133308172225952,0.38625648617744446,-0.04895458742976189,0.4954794943332672,0.4017525613307953,-0.04421716555953026,0.5204856991767883,0.5286850929260254,-0.03275647386908531,0.5378886461257935,0.4322231411933899,-0.04422315955162048,0.5207890272140503,0.4255088269710541,-0.03491704910993576,0.5066138505935669,0.44351258873939514,-0.026097936555743217,0.5334542989730835,0.5528033375740051,-0.029953476041555405,0.5407811403274536,0.46125173568725586,-0.0325203537940979,0.5259463787078857,0.45660316944122314,-0.022258225828409195,0.5157523155212402,0.47625449299812317,-0.013352813199162483,U
0.4240770936012268,0.6292877197265625,2.0502527675603233e-08,0.4116184115409851,0.5225781798362732,-0.014370218850672245,0.4177519679069519,0.40794119238853455,-0.028753789141774178,0.4118402302265167,0.3154314160346985,-0.039860665798187256,0.39495888352394104,0.24896562099456787,-0.05063360556960106,0.4676916003227234,0.4551251232624054,-0.042250607162714005,0.5296297669410706,0.38472869992256165,-0.054066453129053116,0.5561942458152771,0.3363810181617737,-0.05503908917307854,0.5750058889389038,0.2971115708351135,-0.055188413709402084,0.4941387474536896,0.5050720572471619,-0.03912551328539848,0.5306130647659302,0.41677480936050415,-0.05340546742081642,0.5113739967346191,0.40720275044441223,-0.04799792915582657,0.4952823221683502,0.42449718713760376,-0.04159027338027954,0.5117958784103394,0.5435474514961243,-0.03454591706395149,0.5347930788993835,0.453071266412735,-0.04367408528923988,0.5176490545272827,0.4501830041408539,-0.03226175159215927,0.5041658282279968,0.4693644344806671,-0.02278323285281658,0.5250210762023926,0.5682568550109863,-0.030416062101721764,0.5365792512893677,0.4868031144142151,-0.032339103519916534,0.5211365222930908,0.4869266152381897,-0.02175203710794449,0.5096661448478699,0.5070794820785522,-0.012892812490463257,U
0.4344269931316376,0.6446909308433533,-1.2728373910420032e-08,0.4217659831047058,0.5409590601921082,-0.016886809840798378,0.42788827419281006,0.4230131506919861,-0.03206804022192955,0.4238950312137604,0.329586923122406,-0.04285504296422005,0.4074641466140747,0.26305776834487915,-0.05317096412181854,0.4758759140968323,0.47797080874443054,-0.04931867495179176,0.5311000347137451,0.3970864713191986,-0.062484536319971085,0.5551908016204834,0.34339311718940735,-0.06408444046974182,0.5712051391601562,0.29918187856674194,-0.06473220139741898,0.5034578442573547,0.5250678062438965,-0.04481048882007599,0.5349484086036682,0.4314587414264679,-0.05891894921660423,0.5162299871444702,0.4232173264026642,-0.0528457835316658,0.5011642575263977,0.43995630741119385,-0.046807028353214264,0.5220558643341064,0.5601926445960999,-0.03875494375824928,0.540611743927002,0.4654255211353302,-0.049133893102407455,0.5231364369392395,0.46115443110466003,-0.037562817335128784,0.5102561116218567,0.4801543056964874,-0.028198951855301857,0.5353735089302063,0.5812808275222778,-0.033094946295022964,0.5450465083122253,0.49401557445526123,-0.03679398447275162,0.5297748446464539,0.4916616678237915,-0.0267550740391016,0.5187854170799255,0.5117135643959045,-0.01843106560409069,U
0.4431644678115845,0.6600127816200256,-4.472675030342543e-08,0.42986977100372314,0.5552419424057007,-0.017336329445242882,0.43471860885620117,0.4446079730987549,-0.0332760214805603,0.4302186369895935,0.35257697105407715,-0.04478629678487778,0.41600561141967773,0.2836310863494873,-0.05552054941654205,0.4835096001625061,0.5008308291435242,-0.04934680089354515,0.5374929904937744,0.4181850850582123,-0.06156674772500992,0.5593317151069641,0.3607313930988312,-0.062015872448682785,0.5741658806800842,0.31332433223724365,-0.06212161108851433,0.5135343074798584,0.5471578240394592,-0.04501590505242348,0.5452704429626465,0.445207804441452,-0.05936867371201515,0.5250298976898193,0.4357343316078186,-0.053283534944057465,0.5093604922294617,0.45398980379104614,-0.047133784741163254,0.5331052541732788,0.5814666152000427,-0.039034970104694366,0.5505753755569458,0.4789406657218933,-0.04877614974975586,0.5319299101829529,0.4754680395126343,-0.03637261688709259,0.5200417041778564,0.49450403451919556,-0.026904352009296417,0.5460664629936218,0.6006802320480347,-0.0336078479886055,0.5546601414680481,0.5114185214042664,-0.036212921142578125,0.538287878036499,0.5089114904403687,-0.02543121576309204,0.5280843377113342,0.5275792479515076,-0.017081772908568382,U
0.4413071870803833,0.6678245067596436,-1.987024234040291e-08,0.4277738928794861,0.5619033575057983,-0.02066393941640854,0.43155407905578613,0.45111051201820374,-0.03830304369330406,0.4272264242172241,0.3569672107696533,-0.05110793560743332,0.41210538148880005,0.2879237234592438,-0.06292226910591125,0.4853213429450989,0.5064073801040649,-0.049710068851709366,0.5379287600517273,0.4249379634857178,-0.06207258254289627,0.5599995851516724,0.369374543428421,-0.0636439099907875,0.5765631198883057,0.3232879638671875,-0.06502477079629898,0.5151302218437195,0.5528295636177063,-0.0442219153046608,0.5464057326316833,0.4498017132282257,-0.05883973091840744,0.5256929397583008,0.43976691365242004,-0.05331593379378319,0.5104286074638367,0.4585994780063629,-0.04770270362496376,0.5337835550308228,0.587539553642273,-0.03758066147565842,0.5526795387268066,0.48627498745918274,-0.04758505895733833,0.5325233340263367,0.48065173625946045,-0.03540768846869469,0.5193811058998108,0.5001983046531677,-0.026017457246780396,0.5458656549453735,0.608343243598938,-0.03198618441820145,0.5559501051902771,0.5221136808395386,-0.035274796187877655,0.5386201739311218,0.5156883597373962,-0.025352034717798233,0.5269065499305725,0.5326477885246277,-0.017542602494359016,U
0.444898396730423,0.6787409782409668,-3.29302274337806e-08,0.42980682849884033,0.572658360004425,-0.019851060584187508,0.4344502091407776,0.45979568362236023,-0.036406245082616806,0.4296061396598816,0.3679533004760742,-0.04809361323714256,0.4121844172477722,0.30317336320877075,-0.05880576744675636,0.49024781584739685,0.5153942108154297,-0.049470268189907074,0.5449790358543396,0.435180127620697,-0.06058366969227791,0.5682345032691956,0.37994447350502014,-0.060820311307907104,0.5845856666564941,0.33448290824890137,-0.061237771064043045,0.5208576321601868,0.5614200234413147,-0.0437665693461895,0.5483976006507874,0.4576142430305481,-0.05719298496842384,0.5279839038848877,0.44711264967918396,-0.05100365728139877,0.5127505660057068,0.4663352370262146,-0.04512718319892883,0.5400591492652893,0.5943635702133179,-0.036788731813430786,0.554696798324585,0.4899352192878723,-0.04612361639738083,0.5355004668235779,0.48365890979766846,-0.03495771065354347,0.5228846669197083,0.5029606819152832,-0.02643308974802494,0.5526551008224487,0.6122840046882629,-0.030666058883070946,0.5578774213790894,0.5196890234947205,-0.033698514103889465,0.5408852100372314,0.5124981999397278,-0.024662498384714127,0.5293892621994019,0.5288516879081726,-0.017518391832709312,U
0.4529954195022583,0.6722924113273621,4.883384718823436e-08,0.43546217679977417,0.5695871114730835,-0.01999744400382042,0.4396358132362366,0.4656168520450592,-0.036451417952775955,0.43542835116386414,0.3777836859226227,-0.04835166037082672,0.4197913110256195,0.3160896599292755,-0.05978288874030113,0.49969232082366943,0.5068463683128357,-0.0449349619448185,0.5611856579780579,0.44419991970062256,-0.05663008987903595,0.586661696434021,0.3902077376842499,-0.0581933930516243,0.6016966104507446,0.3434818685054779,-0.05885809287428856,0.529376745223999,0.5513527393341064,-0.03853043541312218,0.5559682846069336,0.4501255750656128,-0.05487087368965149,0.5327183604240417,0.44015827775001526,-0.05068030580878258,0.514366626739502,0.4597190022468567,-0.04418886452913284,0.5466969609260559,0.583914577960968,-0.03096383810043335,0.5553765296936035,0.4835568070411682,-0.04202905669808388,0.5356625914573669,0.4827364683151245,-0.030950317159295082,0.5238355398178101,0.5039069652557373,-0.02084076777100563,0.5576472282409668,0.599092960357666,-0.024207530543208122,0.5576490163803101,0.5113120675086975,-0.026558691635727882,0.5407225489616394,0.511378288269043,-0.015634486451745033,0.5320600271224976,0.5312075614929199,-0.006237972527742386,U
0.46385878324508667,0.6639878749847412,-1.3880925742171257e-08,0.44481950998306274,0.5683470368385315,-0.018012629821896553,0.44659191370010376,0.46806561946868896,-0.03226646035909653,0.4383094608783722,0.3866676092147827,-0.042843468487262726,0.4196167588233948,0.33207958936691284,-0.052593957632780075,0.505990207195282,0.5065682530403137,-0.037843212485313416,0.5620096921920776,0.43939441442489624,-0.04849010705947876,0.5827522277832031,0.3811717629432678,-0.04934808611869812,0.5940247774124146,0.3326793313026428,-0.049666788429021835,0.5350603461265564,0.5444633364677429,-0.03336787968873978,0.5551960468292236,0.4421887695789337,-0.04771853983402252,0.5318810343742371,0.43762078881263733,-0.043164391070604324,0.5162366032600403,0.462140828371048,-0.03700040280818939,0.5529958605766296,0.5715619325637817,-0.028466274961829185,0.5587044358253479,0.4710029363632202,-0.0394490547478199,0.5385479927062988,0.47232159972190857,-0.029560953378677368,0.5278899669647217,0.4946928322315216,-0.020422235131263733,0.5650409460067749,0.5835037231445312,-0.02436685934662819,0.5635946989059448,0.4961678981781006,-0.02689540572464466,0.5469969511032104,0.4966777563095093,-0.01704312674701214,0.5387858152389526,0.5171236991882324,-0.008659148588776588,U
0.4762468934059143,0.6740078926086426,-2.747794702884221e-08,0.4551005959510803,0.5804359316825867,-0.019039666280150414,0.4550781846046448,0.48096516728401184,-0.03376372531056404,0.4501115381717682,0.4001319408416748,-0.04382159188389778,0.43420058488845825,0.34749525785446167,-0.0529288724064827,0.5199509859085083,0.5199326872825623,-0.041627850383520126,0.5729526281356812,0.44044941663742065,-0.05238554626703262,0.591120719909668,0.38163742423057556,-0.05322619155049324,0.5989393591880798,0.332808256149292,-0.05282677337527275,0.5493518710136414,0.5541424751281738,-0.034782856702804565,0.5667569041252136,0.4504566192626953,-0.04828556999564171,0.5429472923278809,0.44337305426597595,-0.042896516621112823,0.5263594388961792,0.4639650285243988,-0.0358128622174263,0.5664138197898865,0.5784923434257507,-0.02707880362868309,0.5673408508300781,0.478527307510376,-0.036437325179576874,0.546863853931427,0.4796298146247864,-0.025906281545758247,0.5357393026351929,0.500268816947937,-0.016271406784653664,0.5761507749557495,0.5885250568389893,-0.020167935639619827,0.570792019367218,0.505054771900177,-0.02143636718392372,0.5539738535881042,0.5051165223121643,-0.0110998610034585,0.5462417006492615,0.5220866799354553,-0.002153591951355338,U
0.47836539149284363,0.6755446195602417,-3.716848340218348e-08,0.4568054676055908,0.5810245871543884,-0.020366718992590904,0.45787858963012695,0.48183178901672363,-0.036102138459682465,0.453839510679245,0.3988025188446045,-0.04722822085022926,0.4378020465373993,0.342792809009552,-0.0573597326874733,0.5235397815704346,0.5182291269302368,-0.04232262074947357,0.5773885250091553,0.44380536675453186,-0.05454767867922783,0.5964995622634888,0.3854614198207855,-0.056314729154109955,0.6049749851226807,0.33736035227775574,-0.056335367262363434,0.5520601868629456,0.5550789833068848,-0.034936100244522095,0.5676100254058838,0.4532736837863922,-0.04841121286153793,0.542640209197998,0.44650161266326904,-0.04207628592848778,0.5270338654518127,0.4686436951160431,-0.034692611545324326,0.5681921243667603,0.580737292766571,-0.027203485369682312,0.5706762671470642,0.48098599910736084,-0.03780769184231758,0.5501587986946106,0.48020121455192566,-0.02742657996714115,0.5392912030220032,0.5020337700843811,-0.01793116331100464,0.5780392289161682,0.5917719006538391,-0.020342377945780754,0.5737410187721252,0.5082536339759827,-0.022988619282841682,0.5566549301147461,0.5060568451881409,-0.013293576426804066,0.5482125878334045,0.5234500169754028,-0.004736453294754028,U
0.4785650074481964,0.6760027408599854,-4.2041136794068734e-08,0.4606848657131195,0.5798956751823425,-0.01964186504483223,0.46456247568130493,0.4767361283302307,-0.03456072509288788,0.46054717898368835,0.3921888768672943,-0.04470639303326607,0.4449770152568817,0.3344959020614624,-0.053783465176820755,0.5247583985328674,0.5199169516563416,-0.04253348708152771,0.5815760493278503,0.45123809576034546,-0.0543699786067009,0.6021490693092346,0.3935474753379822,-0.055529411882162094,0.6119662523269653,0.3441472053527832,-0.05533245950937271,0.5537527203559875,0.5591658353805542,-0.03542008250951767,0.5746645927429199,0.45935651659965515,-0.04931551590561867,0.5497024655342102,0.45224377512931824,-0.043095193803310394,0.5327882170677185,0.47407835721969604,-0.035624466836452484,0.570870578289032,0.5869510769844055,-0.027699103578925133,0.576263964176178,0.4886164963245392,-0.038070183247327805,0.5552611947059631,0.488281786441803,-0.02731345221400261,0.5440215468406677,0.5095221996307373,-0.01761055737733841,0.5816215872764587,0.5999777317047119,-0.020737119019031525,0.5796089172363281,0.5150958895683289,-0.022712934762239456,0.5619099140167236,0.5140301585197449,-0.012438277713954449,0.5532867312431335,0.5323742032051086,-0.003652527229860425,U
0.4744422435760498,0.6829001903533936,1.8980075289221077e-09,0.4608004093170166,0.5813605785369873,-0.01629147119820118,0.4662449061870575,0.4739038944244385,-0.030683405697345734,0.4622398316860199,0.386516273021698,-0.04080420359969139,0.4490422010421753,0.32326585054397583,-0.0501457042992115,0.5201398730278015,0.5171013474464417,-0.04324619844555855,0.5791680812835693,0.45116353034973145,-0.054359424859285355,0.6029229760169983,0.4010099172592163,-0.05490293726325035,0.6172582507133484,0.35699743032455444,-0.05456646904349327,0.5483344197273254,0.5619770884513855,-0.03802874684333801,0.57904052734375,0.4685259163379669,-0.05138604715466499,0.5587595701217651,0.4578644633293152,-0.04546954855322838,0.5413693785667419,0.47411924600601196,-0.03854650259017944,0.5659793615341187,0.5954740047454834,-0.031369898468256,0.5798740386962891,0.504360556602478,-0.03942578285932541,0.5618181228637695,0.5000956058502197,-0.027852827683091164,0.5490551590919495,0.5168602466583252,-0.018284466117620468,0.5778806209564209,0.6138595938682556,-0.025278683751821518,0.5822393894195557,0.5334919095039368,-0.025899067521095276,0.565819263458252,0.5308675765991211,-0.015117445029318333,0.5556108355522156,0.5464344024658203,-0.006193697452545166,U
0.47534868121147156,0.6967573761940002,-5.6493242084343365e-08,0.46276387572288513,0.5932663083076477,-0.013309589587152004,0.4702095091342926,0.48336026072502136,-0.02607630379498005,0.46681344509124756,0.3933870792388916,-0.03551951050758362,0.45180031657218933,0.3316696286201477,-0.0442037507891655,0.5260303616523743,0.5298430919647217,-0.037593625485897064,0.5835216045379639,0.45875778794288635,-0.04709361866116524,0.6053004264831543,0.40879905223846436,-0.04707394540309906,0.6168138384819031,0.366463840007782,-0.046600472182035446,0.55305016040802,0.5760807991027832,-0.033732831478118896,0.578576385974884,0.48641812801361084,-0.044846061617136,0.5592449903488159,0.47665002942085266,-0.038689956068992615,0.5434578061103821,0.4928646385669708,-0.03275919333100319,0.5699185132980347,0.611259937286377,-0.028674812987446785,0.5823246240615845,0.5203379988670349,-0.03507472574710846,0.5654399394989014,0.5168008208274841,-0.0246110986918211,0.5533695816993713,0.5344162583351135,-0.01690405234694481,0.5813665390014648,0.6318784952163696,-0.02411271631717682,0.5845631957054138,0.5517030954360962,-0.024342793971300125,0.568910539150238,0.5495243668556213,-0.014964953064918518,0.5591477751731873,0.5661712884902954,-0.007594376802444458,U
0.4717271327972412,0.6996616721153259,-9.220882191129931e-08,0.46143463253974915,0.5941818952560425,-0.013284599408507347,0.46967417001724243,0.4856005311012268,-0.027079693973064423,0.4687211513519287,0.3932530879974365,-0.036689795553684235,0.45411255955696106,0.3302075266838074,-0.04565030336380005,0.5280114412307739,0.534528911113739,-0.043571654707193375,0.5816190242767334,0.4518980383872986,-0.05374647304415703,0.5996753573417664,0.3971710503101349,-0.0542573481798172,0.6083849668502808,0.3526843786239624,-0.05384378135204315,0.5563344955444336,0.5791682004928589,-0.03764374926686287,0.5783376097679138,0.4870547652244568,-0.04542886093258858,0.5590540170669556,0.48007309436798096,-0.03639113903045654,0.544520914554596,0.49832504987716675,-0.02981410175561905,0.5717247128486633,0.6148961782455444,-0.03006773442029953,0.5807719826698303,0.5259230136871338,-0.03361121937632561,0.5641960501670837,0.5242314338684082,-0.021820496767759323,0.5518267154693604,0.5442490577697754,-0.014540736563503742,0.5810368061065674,0.6378234624862671,-0.022835785523056984,0.5832840800285339,0.565983772277832,-0.021391021087765694,0.5672203302383423,0.5651170015335083,-0.011477234773337841,0.5564489364624023,0.5829504728317261,-0.004492048639804125,U
0.4719676971435547,0.7043280005455017,-1.489131307153002e-07,0.46106159687042236,0.5987532138824463,-0.013057871721684933,0.4700179100036621,0.48747289180755615,-0.025506138801574707,0.4709143340587616,0.39238613843917847,-0.033876728266477585,0.45772475004196167,0.32562223076820374,-0.0413416251540184,0.5306150317192078,0.5281854271888733,-0.038056232035160065,0.5760640501976013,0.43468114733695984,-0.04605007916688919,0.5901095271110535,0.3805029094219208,-0.04561159387230873,0.5955658555030823,0.3397446274757385,-0.04441068693995476,0.5586205720901489,0.5713575482368469,-0.031788330525159836,0.57200026512146,0.47838523983955383,-0.03684613108634949,0.5520117282867432,0.47353029251098633,-0.028421564027667046,0.5385482907295227,0.4921296238899231,-0.02278067171573639,0.5739783644676208,0.6078485250473022,-0.024227220565080643,0.5765780210494995,0.5187678337097168,-0.02654099278151989,0.5590415000915527,0.5164107084274292,-0.01651567965745926,0.5463528633117676,0.5351018905639648,-0.010739108547568321,0.5834367275238037,0.6338337659835815,-0.016951486468315125,0.5824200510978699,0.562204122543335,-0.014700758270919323,0.5664156675338745,0.559933066368103,-0.005639473907649517,0.5548314452171326,0.5758190155029297,0.000624140549916774,U
0.4801185131072998,0.7139107584953308,-1.879953828165526e-07,0.4704679548740387,0.6107606887817383,-0.011863892897963524,0.47941291332244873,0.5030001401901245,-0.0250824186950922,0.48175305128097534,0.40847885608673096,-0.03389989584684372,0.4698069095611572,0.34238648414611816,-0.04176386818289757,0.5404523015022278,0.5424805283546448,-0.04308575019240379,0.5843246579170227,0.44356709718704224,-0.05240247771143913,0.5956446528434753,0.3866317868232727,-0.05154729261994362,0.5978172421455383,0.34419816732406616,-0.04937111213803291,0.5680723786354065,0.5846118927001953,-0.036188915371894836,0.5788343548774719,0.49025312066078186,-0.04033942148089409,0.5583914518356323,0.4848516285419464,-0.02981686405837536,0.5447185635566711,0.5022581815719604,-0.023222651332616806,0.5829561948776245,0.6203352212905884,-0.027591673657298088,0.5832904577255249,0.533456563949585,-0.029074018821120262,0.5665227770805359,0.5321511030197144,-0.018436769023537636,0.553517758846283,0.5510815978050232,-0.012696065939962864,0.592342734336853,0.645902693271637,-0.018969420343637466,0.5896692872047424,0.5781994462013245,-0.01582474820315838,0.5735852718353271,0.5773483514785767,-0.0065564317628741264,0.561846137046814,0.5927234292030334,-0.00040835145046003163,U
0.4909507632255554,0.7257015705108643,-1.8226106135443843e-07,0.4803691506385803,0.6203668117523193,-0.014284707605838776,0.48868152499198914,0.5131314396858215,-0.02809807099401951,0.48962414264678955,0.4198338985443115,-0.037808142602443695,0.47678351402282715,0.35493144392967224,-0.04646489396691322,0.5530534982681274,0.5555659532546997,-0.04052926227450371,0.5997543931007385,0.4648154079914093,-0.05241595208644867,0.6111001968383789,0.40641719102859497,-0.05467776581645012,0.6123284697532654,0.36172881722450256,-0.054650116711854935,0.5805221796035767,0.5986793637275696,-0.034101806581020355,0.5903382301330566,0.5058391094207764,-0.04134201630949974,0.5691045522689819,0.5015860199928284,-0.03319578245282173,0.5559594035148621,0.5210714936256409,-0.027748247608542442,0.5945789813995361,0.6345130801200867,-0.02686687558889389,0.5951388478279114,0.5447644591331482,-0.03197774663567543,0.577430009841919,0.5455877184867859,-0.022276096045970917,0.565742552280426,0.567589521408081,-0.016281744465231895,0.6029683947563171,0.6599783897399902,-0.01990765891969204,0.6013198494911194,0.5856060981750488,-0.019987264648079872,0.5842034816741943,0.5855422019958496,-0.01104525662958622,0.5729780793190002,0.6048069000244141,-0.004418876022100449,U
0.49903741478919983,0.7309137582778931,9.425447089483896e-09,0.4861910939216614,0.622458815574646,-0.012872302904725075,0.49031171202659607,0.5229203104972839,-0.027532093226909637,0.4845292270183563,0.44013476371765137,-0.039763785898685455,0.47023600339889526,0.3858150243759155,-0.052160389721393585,0.5589022040367126,0.5611622333526611,-0.036506641656160355,0.6112892031669617,0.48403674364089966,-0.04900801181793213,0.6418986320495605,0.43611210584640503,-0.053997017443180084,0.6654677391052246,0.4002087414264679,-0.05706494674086571,0.5857124328613281,0.6085501909255981,-0.03270867094397545,0.6021106839179993,0.5255805253982544,-0.043628811836242676,0.5807158350944519,0.5189425349235535,-0.03769075497984886,0.5667194724082947,0.5386113524436951,-0.03232806921005249,0.5990533828735352,0.6478284001350403,-0.028066031634807587,0.6053406000137329,0.5650054812431335,-0.035941679030656815,0.5872475504875183,0.5617990493774414,-0.025380920618772507,0.575183629989624,0.583115816116333,-0.017101924866437912,0.6068118810653687,0.673911988735199,-0.023787416517734528,0.6107667088508606,0.6020763516426086,-0.024844175204634666,0.5932908654212952,0.5996018648147583,-0.013794535771012306,0.5816525220870972,0.6183960437774658,-0.004666829947382212,U
0.49696534872055054,0.7306442260742188,7.174624272465735e-08,0.48296648263931274,0.6246933937072754,-0.00974913127720356,0.4875229299068451,0.5273875594139099,-0.023248929530382156,0.48263877630233765,0.4422765076160431,-0.03510509058833122,0.4689996838569641,0.38562989234924316,-0.04751131683588028,0.5536287426948547,0.5513049960136414,-0.032093074172735214,0.6123458743095398,0.49002695083618164,-0.04369470849633217,0.6476764678955078,0.4500822424888611,-0.04784257709980011,0.6746928095817566,0.4217762053012848,-0.049613114446401596,0.5792853832244873,0.5987147092819214,-0.02894582785665989,0.6059224605560303,0.5246641635894775,-0.040576398372650146,0.5872367024421692,0.5180091261863708,-0.03587738424539566,0.5707085132598877,0.535698413848877,-0.029651103541254997,0.5933339595794678,0.6418225765228271,-0.024255771189928055,0.604834258556366,0.5711604356765747,-0.03025098703801632,0.5887765884399414,0.5697949528694153,-0.019573623314499855,0.5749039649963379,0.5874237418174744,-0.010340774431824684,0.6024194359779358,0.673812747001648,-0.019687270745635033,0.6060796976089478,0.6114740967750549,-0.016845358535647392,0.5899626016616821,0.6130813360214233,-0.004060234874486923,0.5786640644073486,0.6288387775421143,0.006496857386082411,U
0.492217481136322,0.7312517762184143,4.7826599569589234e-08,0.479000985622406,0.625314474105835,-0.012683045119047165,0.4845620393753052,0.5264248251914978,-0.0268792025744915,0.47991615533828735,0.4403703510761261,-0.038540083914995193,0.4659896790981293,0.38303959369659424,-0.0504729263484478,0.5505680441856384,0.5577695369720459,-0.03664465621113777,0.6086753010749817,0.49349820613861084,-0.049333881586790085,0.6429176330566406,0.4535839855670929,-0.05390607565641403,0.6700120568275452,0.4253058433532715,-0.05606117844581604,0.5769250988960266,0.6059065461158752,-0.03207575902342796,0.6009952425956726,0.530256986618042,-0.04327806457877159,0.581061065196991,0.5227571129798889,-0.03697069361805916,0.5654867887496948,0.5418081283569336,-0.030490819364786148,0.5905817747116089,0.6466777920722961,-0.026452936232089996,0.6028181314468384,0.5716989636421204,-0.03335976228117943,0.5859419107437134,0.5678673386573792,-0.022593004629015923,0.5725173354148865,0.5862058401107788,-0.01371114794164896,0.5990464091300964,0.675503671169281,-0.021134214475750923,0.6042744517326355,0.6094862818717957,-0.020034953951835632,0.5877087712287903,0.6062018871307373,-0.008478987962007523,0.5755773186683655,0.6202934980392456,0.0009710692102089524,U
0.49025189876556396,0.7349460124969482,2.6648530493389444e-08,0.47799670696258545,0.6300015449523926,-0.012599454261362553,0.4844294488430023,0.53031986951828,-0.027138743549585342,0.4810260236263275,0.442698210477829,-0.03879975900053978,0.4684447646141052,0.38421204686164856,-0.050701387226581573,0.547134280204773,0.5631009936332703,-0.0396198146045208,0.6059828400611877,0.500322163105011,-0.05376339703798294,0.6399539709091187,0.45905494689941406,-0.05910312756896019,0.6664867401123047,0.42911118268966675,-0.06156236305832863,0.5741875767707825,0.6112351417541504,-0.034456685185432434,0.5988926887512207,0.5345190763473511,-0.04508523643016815,0.5783035159111023,0.5266529321670532,-0.03751460835337639,0.562292218208313,0.5450318455696106,-0.03037862293422222,0.5883813500404358,0.6518477201461792,-0.028128935024142265,0.5996307134628296,0.5764283537864685,-0.03462735190987587,0.5831460952758789,0.5730324983596802,-0.023100176826119423,0.5701769590377808,0.5909656882286072,-0.013860979117453098,0.5972093343734741,0.6798892021179199,-0.021996842697262764,0.6025732159614563,0.6135770678520203,-0.020031381398439407,0.5862908363342285,0.6104273796081543,-0.007701042108237743,0.5746476650238037,0.6247111558914185,0.0020738537423312664,U
0.48687273263931274,0.7343778610229492,5.393722446456195e-08,0.47420328855514526,0.6290190815925598,-0.012853777967393398,0.4807822108268738,0.5282934904098511,-0.027603887021541595,0.47920846939086914,0.44101011753082275,-0.03954080119729042,0.4655182957649231,0.3821186423301697,-0.05166558921337128,0.5424003601074219,0.5651450753211975,-0.03970790654420853,0.6005536913871765,0.4989568889141083,-0.053571078926324844,0.6356511116027832,0.4579308331012726,-0.058605920523405075,0.662824273109436,0.42856255173683167,-0.060943104326725006,0.5697693824768066,0.6128416061401367,-0.0350625105202198,0.5952147245407104,0.5349105596542358,-0.04706105217337608,0.5757889747619629,0.5274484753608704,-0.04052082821726799,0.5600523948669434,0.5459395051002502,-0.033672112971544266,0.584094226360321,0.6526241898536682,-0.029122548177838326,0.5962250232696533,0.5757483839988708,-0.036776334047317505,0.5802157521247864,0.5715778470039368,-0.025696424767374992,0.5668078660964966,0.5893305540084839,-0.01637464016675949,0.5928608179092407,0.6802362203598022,-0.023362156003713608,0.5980916023254395,0.612044095993042,-0.022553011775016785,0.5822953581809998,0.609072208404541,-0.01067110151052475,0.5703083872795105,0.623059093952179,-0.0009449961944483221,U
0.48505696654319763,0.7338238954544067,5.4435417951026466e-08,0.4734850823879242,0.6295329332351685,-0.012171218171715736,0.48086079955101013,0.5282402634620667,-0.026358598843216896,0.4793162941932678,0.4421958029270172,-0.03782546520233154,0.4659603536128998,0.38238656520843506,-0.049498431384563446,0.541289210319519,0.5652547478675842,-0.03937592729926109,0.601533830165863,0.4997365474700928,-0.05249445512890816,0.6368566155433655,0.45847535133361816,-0.05647766590118408,0.6642469167709351,0.428367018699646,-0.05822053924202919,0.5688621401786804,0.614492654800415,-0.03545784950256348,0.5968329906463623,0.5315066576004028,-0.04809773340821266,0.5774270296096802,0.5234105587005615,-0.04215150326490402,0.5615419149398804,0.5426164269447327,-0.03544405847787857,0.5837188363075256,0.6549329161643982,-0.030063122510910034,0.5971592664718628,0.5732815861701965,-0.03917153552174568,0.5802456736564636,0.5690690875053406,-0.02893095649778843,0.5664653182029724,0.5876330733299255,-0.01975146308541298,0.5933749079704285,0.6824772953987122,-0.024613402783870697,0.5987294316291809,0.6090747117996216,-0.025213196873664856,0.5822498798370361,0.606687068939209,-0.013963320292532444,0.5700380206108093,0.6224750876426697,-0.004421012941747904,U
0.4876444935798645,0.7330138683319092,3.948777660411906e-08,0.4756995439529419,0.6273275017738342,-0.0116512980312109,0.48204323649406433,0.5279920101165771,-0.026163125410676003,0.4797624945640564,0.44298219680786133,-0.03828819468617439,0.46680840849876404,0.38457387685775757,-0.05067623034119606,0.5432848930358887,0.5650375485420227,-0.03873685002326965,0.6014821529388428,0.5002261400222778,-0.05249575898051262,0.6355445981025696,0.45987075567245483,-0.057408981025218964,0.6620330810546875,0.4310814142227173,-0.05988112464547157,0.5704615116119385,0.6142315864562988,-0.03527087718248367,0.5943284034729004,0.5343286991119385,-0.04676827788352966,0.5748598575592041,0.5251742005348206,-0.04015728831291199,0.5600256323814392,0.5431520938873291,-0.033854976296424866,0.5842163562774658,0.6547242403030396,-0.03058970533311367,0.5958066582679749,0.5750344395637512,-0.03813524544239044,0.5797889232635498,0.5697500109672546,-0.027189655229449272,0.5669500827789307,0.5878406167030334,-0.018468806520104408,0.592470109462738,0.6823095083236694,-0.026033347472548485,0.5964602828025818,0.6117967367172241,-0.025629449635744095,0.580825924873352,0.6074044704437256,-0.014277114532887936,0.5693041086196899,0.621872067451477,-0.005166810937225819,U
0.4867037534713745,0.7306047677993774,4.4340733751369044e-08,0.47604894638061523,0.6237685680389404,-0.010708434507250786,0.48350095748901367,0.5250552892684937,-0.025072623044252396,0.4825204610824585,0.4384614825248718,-0.037148501724004745,0.4694667458534241,0.37867236137390137,-0.04960700124502182,0.5463261604309082,0.5619378685951233,-0.038416579365730286,0.6058598756790161,0.4980759620666504,-0.05211356654763222,0.6404188275337219,0.45829421281814575,-0.05708126723766327,0.667260468006134,0.4305928945541382,-0.059395987540483475,0.5722191333770752,0.6114301681518555,-0.03459163010120392,0.5971500873565674,0.5354540348052979,-0.044243499636650085,0.5771461725234985,0.5246999263763428,-0.0361739881336689,0.5619640946388245,0.5412880182266235,-0.029309043660759926,0.5849000215530396,0.6533495187759399,-0.02950112521648407,0.5975048542022705,0.5786170959472656,-0.035468690097332,0.5813724994659424,0.5724697113037109,-0.023654360324144363,0.5678889155387878,0.5899724960327148,-0.014723601751029491,0.5927643179893494,0.6838160753250122,-0.024472244083881378,0.5982221961021423,0.6181979179382324,-0.0227716863155365,0.5825482606887817,0.6129592061042786,-0.01065339520573616,0.5705214738845825,0.6263161301612854,-0.0011692075058817863,U
0.49013522267341614,0.7335882186889648,5.8219249865487654e-08,0.4784989356994629,0.627755343914032,-0.011880507692694664,0.4862959086894989,0.5271121263504028,-0.025971753522753716,0.4845914840698242,0.43958580493927,-0.03756079450249672,0.4708060026168823,0.3796389698982239,-0.04941665008664131,0.5457333326339722,0.5621508955955505,-0.03738464042544365,0.6052603721618652,0.4998699128627777,-0.05111945793032646,0.6405370235443115,0.45989662408828735,-0.05614634230732918,0.6682726144790649,0.43127113580703735,-0.05859658867120743,0.5721316933631897,0.6098656058311462,-0.03380613774061203,0.6006579995155334,0.5331329107284546,-0.04588325694203377,0.5811788439750671,0.5259642601013184,-0.039653513580560684,0.5651622414588928,0.5446571707725525,-0.032940883189439774,0.5863922238349915,0.6504522562026978,-0.029039127752184868,0.6012759208679199,0.5749944448471069,-0.036985840648412704,0.584681510925293,0.5721569657325745,-0.02598683536052704,0.5711104869842529,0.5902262926101685,-0.01664542406797409,0.5955328345298767,0.6799255609512329,-0.024436743929982185,0.6020817160606384,0.6126121878623962,-0.023939121514558792,0.5860445499420166,0.6108651757240295,-0.01211138442158699,0.5739878416061401,0.625511646270752,-0.002387351356446743,U
0.48871910572052,0.7362247705459595,3.7206657310662195e-08,0.4769850969314575,0.6293061971664429,-0.011798844672739506,0.4845138192176819,0.5292295813560486,-0.025545287877321243,0.48313796520233154,0.4423627555370331,-0.036707907915115356,0.4706355929374695,0.382202684879303,-0.04819352179765701,0.5462085604667664,0.5657342672348022,-0.037671271711587906,0.6047416925430298,0.5050022602081299,-0.051368843764066696,0.6389669179916382,0.46538498997688293,-0.056855253875255585,0.6652047634124756,0.43651264905929565,-0.05959472060203552,0.5727754235267639,0.614551842212677,-0.033278632909059525,0.597009003162384,0.5384782552719116,-0.04408082365989685,0.5773083567619324,0.5294004678726196,-0.03758658096194267,0.5620235204696655,0.5462316870689392,-0.031395748257637024,0.5863355994224548,0.6552247405052185,-0.027677759528160095,0.5975950956344604,0.5793656706809998,-0.0344160757958889,0.5815191268920898,0.5737340450286865,-0.023450942710042,0.56838059425354,0.5905993580818176,-0.014701653271913528,0.59432452917099,0.6832655668258667,-0.022201618179678917,0.5981418490409851,0.6147204637527466,-0.02076663076877594,0.582502007484436,0.6105903387069702,-0.008886591531336308,0.5713227987289429,0.6248360872268677,0.0005871275207027793,U
0.48733270168304443,0.7362412214279175,6.716699374464952e-08,0.47623854875564575,0.6292893886566162,-0.010691474191844463,0.4838751554489136,0.5308907628059387,-0.02508230321109295,0.4825744330883026,0.4427015483379364,-0.03710778057575226,0.469354510307312,0.382659912109375,-0.049470968544483185,0.543806254863739,0.5670275688171387,-0.03754367679357529,0.6041907668113708,0.5055623650550842,-0.050983354449272156,0.6395004391670227,0.4653654098510742,-0.05568709596991539,0.6667022109031677,0.43647468090057373,-0.057715147733688354,0.5692384243011475,0.6149292588233948,-0.03385358303785324,0.599463164806366,0.5403299331665039,-0.04491238668560982,0.5804628729820251,0.5327746868133545,-0.03791610524058342,0.5639702677726746,0.5503808856010437,-0.030804075300693512,0.5825235247612,0.6567679047584534,-0.028666513040661812,0.599090039730072,0.5842072367668152,-0.0351056270301342,0.5831180810928345,0.5813223123550415,-0.023317715153098106,0.5688104033470154,0.598737895488739,-0.013731387443840504,0.5907601118087769,0.6876516342163086,-0.02353333681821823,0.5983337759971619,0.6240843534469604,-0.021226463839411736,0.5821382999420166,0.6230685114860535,-0.008435542695224285,0.5694614052772522,0.6376259922981262,0.0016912289429455996,U
0.488815575838089,0.7355279922485352,4.354665250616563e-08,0.47683608531951904,0.6308816075325012,-0.012293480336666107,0.4839560389518738,0.5330705046653748,-0.026976797729730606,0.48319825530052185,0.4466886520385742,-0.03886973485350609,0.4720316529273987,0.3862752914428711,-0.05105359107255936,0.5459391474723816,0.5709577202796936,-0.039538465440273285,0.6066129207611084,0.5076081156730652,-0.05259712040424347,0.6409478783607483,0.4663727283477783,-0.0568859726190567,0.6677427291870117,0.4359172582626343,-0.05902629345655441,0.5725421905517578,0.6201909780502319,-0.035452112555503845,0.6004934310913086,0.5403298139572144,-0.04702774062752724,0.5807366371154785,0.5326735973358154,-0.04043406620621681,0.564277172088623,0.5517258048057556,-0.03383556008338928,0.5864976048469543,0.6614431142807007,-0.03000156581401825,0.6002593636512756,0.5837811827659607,-0.03731143847107887,0.5837888717651367,0.5816941857337952,-0.025785349309444427,0.5701460838317871,0.6012611985206604,-0.016593925654888153,0.5954048037528992,0.6900922060012817,-0.02476995438337326,0.6017599701881409,0.6225630044937134,-0.024510854855179787,0.5848429203033447,0.6220899820327759,-0.012916788458824158,0.5724489092826843,0.6387407183647156,-0.0035499176010489464,U
0.4884020984172821,0.741449236869812,3.2032371422019423e-08,0.47674131393432617,0.6327968835830688,-0.010643906891345978,0.4846135973930359,0.5322002172470093,-0.02409815974533558,0.48283126950263977,0.4422522783279419,-0.035224005579948425,0.4711691439151764,0.38258033990859985,-0.04685163125395775,0.5475878119468689,0.567268431186676,-0.03521899878978729,0.6053231954574585,0.5080813765525818,-0.04777058586478233,0.6394058465957642,0.4692179560661316,-0.052994485944509506,0.6651728749275208,0.4404737949371338,-0.055767301470041275,0.5734241604804993,0.6158158183097839,-0.03077216073870659,0.5975940823554993,0.5425717830657959,-0.03992389142513275,0.579134464263916,0.535584568977356,-0.0330839566886425,0.5632587671279907,0.553083062171936,-0.02693428099155426,0.5861523151397705,0.6578774452209473,-0.02500982955098152,0.5980600714683533,0.5850605964660645,-0.029223214834928513,0.5829670429229736,0.5820738077163696,-0.01779068447649479,0.5686385035514832,0.6004601716995239,-0.009388403035700321,0.5930704474449158,0.687746524810791,-0.019516639411449432,0.5961195826530457,0.6251627802848816,-0.016649294644594193,0.5804968476295471,0.6244029998779297,-0.0049178265035152435,0.5685651898384094,0.6405590772628784,0.00417216494679451,U
0.48876333236694336,0.7324391007423401,6.64937758187989e-08,0.47874611616134644,0.6270012259483337,-0.0140537666156888,0.4866884648799896,0.5294286012649536,-0.028610834851861,0.4861504137516022,0.44454309344291687,-0.04030362516641617,0.47419875860214233,0.3840218186378479,-0.05202453210949898,0.5489165782928467,0.5694172978401184,-0.03827497735619545,0.6086597442626953,0.5108320116996765,-0.051536042243242264,0.6425073146820068,0.4711914360523224,-0.05629504844546318,0.6694719791412354,0.4424441158771515,-0.05873483791947365,0.5737517476081848,0.6193658113479614,-0.03394509106874466,0.6023281812667847,0.5415183901786804,-0.04684439301490784,0.5823384523391724,0.5305430293083191,-0.04159332066774368,0.566470205783844,0.5477079749107361,-0.03548680618405342,0.5858933925628662,0.6603020429611206,-0.028546640649437904,0.6010482907295227,0.5841870307922363,-0.03730304166674614,0.5843685865402222,0.5776752829551697,-0.026848306879401207,0.5715936422348022,0.5941843390464783,-0.017714831978082657,0.5931296944618225,0.6881692409515381,-0.02348296530544758,0.6016385555267334,0.6199503540992737,-0.02384835295379162,0.5853915810585022,0.6145246624946594,-0.012463444843888283,0.5734443664550781,0.6278959512710571,-0.0029561396222561598,U
0.4980258345603943,0.7322008609771729,5.280405090957174e-08,0.4870321750640869,0.6264252662658691,-0.020940683782100677,0.4970780313014984,0.5305221080780029,-0.037001803517341614,0.4980214238166809,0.4532987177371979,-0.048492226749658585,0.4846512973308563,0.39800891280174255,-0.060242075473070145,0.5671569108963013,0.5843566656112671,-0.044993672519922256,0.626461386680603,0.5282890796661377,-0.058579377830028534,0.6619796752929688,0.4920218586921692,-0.06441040337085724,0.6903648376464844,0.46450358629226685,-0.06772347539663315,0.591262698173523,0.6325016617774963,-0.03612270951271057,0.6097205281257629,0.539064347743988,-0.04753796011209488,0.5846835374832153,0.5241537094116211,-0.04104667156934738,0.5691302418708801,0.5446282625198364,-0.034838754683732986,0.6008110642433167,0.6657453775405884,-0.026934610679745674,0.6104158759117126,0.5725484490394592,-0.03739210218191147,0.590263843536377,0.5608296394348145,-0.028367269784212112,0.5769070982933044,0.5809465646743774,-0.02002776972949505,0.6053056716918945,0.6832430362701416,-0.018392877653241158,0.6097414493560791,0.6041966676712036,-0.021290075033903122,0.5929642915725708,0.5928987860679626,-0.011768697760999203,0.5815303325653076,0.6086910367012024,-0.00340141705237329,U
0.4994018077850342,0.734855592250824,6.705030841658299e-08,0.4881057143211365,0.63294517993927,-0.022837141528725624,0.4996742904186249,0.5396186113357544,-0.038553621619939804,0.5029090046882629,0.46416139602661133,-0.04954364523291588,0.49141016602516174,0.4103991687297821,-0.060434192419052124,0.568854808807373,0.5928744077682495,-0.04321648180484772,0.6314280033111572,0.5450557470321655,-0.0543660931289196,0.667255163192749,0.5091372132301331,-0.05724761262536049,0.695421576499939,0.4815255403518677,-0.05876771733164787,0.5920042991638184,0.6395050287246704,-0.03423226624727249,0.6141209602355957,0.5431371927261353,-0.0474444255232811,0.5876945853233337,0.5264502763748169,-0.04258113354444504,0.5705299973487854,0.54587721824646,-0.03615907207131386,0.602097749710083,0.6709522604942322,-0.02485353872179985,0.6125814318656921,0.5754536390304565,-0.03618132695555687,0.5901740789413452,0.5625461339950562,-0.027278130874037743,0.5760601758956909,0.5800843834877014,-0.018077559769153595,0.6070550680160522,0.6856788992881775,-0.01633557677268982,0.6122488975524902,0.6021932363510132,-0.019120363518595695,0.5953871607780457,0.5903427004814148,-0.009191617369651794,0.5846841931343079,0.6046804785728455,3.942017428926192e-05,U
0.496111661195755,0.7456138134002686,4.9458126483159504e-08,0.48639339208602905,0.6415672302246094,-0.023483142256736755,0.49735864996910095,0.5473958253860474,-0.039980173110961914,0.5013185739517212,0.47307297587394714,-0.05125894770026207,0.48997291922569275,0.4192187190055847,-0.06267935037612915,0.5684894323348999,0.604123055934906,-0.046569012105464935,0.6287450790405273,0.5520220398902893,-0.058902546763420105,0.6641872525215149,0.5150777101516724,-0.06340748071670532,0.6921037435531616,0.4844624996185303,-0.06587478518486023,0.5924355983734131,0.6515746116638184,-0.0355648435652256,0.6100021004676819,0.5550829172134399,-0.0463949590921402,0.5839466452598572,0.540192186832428,-0.03969936445355415,0.5671219825744629,0.5590565204620361,-0.033215004950761795,0.6014860272407532,0.6829384565353394,-0.024137811735272408,0.6097268462181091,0.5890077352523804,-0.03425222262740135,0.5885599255561829,0.577345073223114,-0.02531409077346325,0.5734623670578003,0.5946560502052307,-0.016899636015295982,0.6057847738265991,0.6978503465652466,-0.013455882668495178,0.6096391677856445,0.6182112693786621,-0.016204698011279106,0.5928385257720947,0.606634795665741,-0.006762999575585127,0.5810526013374329,0.6195248961448669,0.001686406321823597,U
0.4967656135559082,0.7441543340682983,6.246256845088283e-08,0.48630139231681824,0.6390181183815002,-0.01665996015071869,0.4959673285484314,0.5433934330940247,-0.031242473050951958,0.49803945422172546,0.4670719802379608,-0.0419628843665123,0.48740994930267334,0.41261008381843567,-0.052969250828027725,0.5626860857009888,0.5900551676750183,-0.04236941412091255,0.6221212148666382,0.536113977432251,-0.053743112832307816,0.6563064455986023,0.49729350209236145,-0.05709626153111458,0.6831862926483154,0.4675825238227844,-0.05860517546534538,0.5875175595283508,0.6390394568443298,-0.035380423069000244,0.6132027506828308,0.5484670400619507,-0.04601094871759415,0.5911931395530701,0.5293642282485962,-0.03995377570390701,0.5747878551483154,0.5451437830924988,-0.033624399453401566,0.59859699010849,0.6758440136909485,-0.02704043500125408,0.6112788319587708,0.5850630402565002,-0.03473180532455444,0.5922516584396362,0.5710448026657104,-0.02477451041340828,0.578982412815094,0.5878210663795471,-0.016021931543946266,0.6042436957359314,0.696815013885498,-0.01898062229156494,0.6110941171646118,0.6188967823982239,-0.01809018850326538,0.5950565338134766,0.6065843105316162,-0.006426757667213678,0.5839729309082031,0.6196156144142151,0.0032111366745084524,U
0.494138240814209,0.7405166029930115,3.01922611356531e-08,0.4848131835460663,0.631586492061615,-0.01118519064038992,0.4943406283855438,0.5340707302093506,-0.024608155712485313,0.4965657591819763,0.44849711656570435,-0.03549494966864586,0.4860241711139679,0.3877165913581848,-0.04654945805668831,0.5574215650558472,0.5784772634506226,-0.035144295543432236,0.6160451173782349,0.5150243639945984,-0.04551307484507561,0.6477026343345642,0.47298380732536316,-0.04837609454989433,0.6708912253379822,0.4406966269016266,-0.04975232854485512,0.5810545682907104,0.6284288167953491,-0.03110695816576481,0.6085992455482483,0.5497697591781616,-0.04110543802380562,0.5897068381309509,0.536618709564209,-0.03502344340085983,0.5735096335411072,0.5507506132125854,-0.02900208905339241,0.5925114154815674,0.6697129011154175,-0.02557341754436493,0.6065735816955566,0.5922861099243164,-0.031541354954242706,0.590523362159729,0.5859839916229248,-0.020932631567120552,0.5771238207817078,0.6026450395584106,-0.012602599337697029,0.5999499559402466,0.6986690759658813,-0.02012707106769085,0.6073459982872009,0.6316651105880737,-0.018558096140623093,0.5912922620773315,0.6277793645858765,-0.006869329605251551,0.5792949199676514,0.6424252986907959,0.0024005381856113672,U
0.49046653509140015,0.7440956830978394,-1.1420202561396309e-08,0.4826992154121399,0.6333473920822144,-0.0077491565607488155,0.49255794286727905,0.5327169299125671,-0.019770823419094086,0.4940851926803589,0.4445987343788147,-0.030255666002631187,0.4832386374473572,0.38315266370773315,-0.041075050830841064,0.5563309788703918,0.5750110745429993,-0.029665932059288025,0.6132978796958923,0.5116034746170044,-0.039209745824337006,0.6446143388748169,0.4702529311180115,-0.04225195199251175,0.6678743958473206,0.4390212297439575,-0.04406212270259857,0.5801296830177307,0.624819278717041,-0.02724813111126423,0.6044995784759521,0.5525439381599426,-0.03465491160750389,0.5856175422668457,0.5444298982620239,-0.02755480632185936,0.5706167221069336,0.5619446039199829,-0.02190052904188633,0.5907374024391174,0.6684607267379761,-0.02350209653377533,0.6044110059738159,0.5972204208374023,-0.027467181906104088,0.5886543989181519,0.5930471420288086,-0.01664506271481514,0.5751196146011353,0.6104916930198669,-0.009150944650173187,0.5972102880477905,0.7019455432891846,-0.019678965210914612,0.6054490208625793,0.6411397457122803,-0.016621343791484833,0.5897341370582581,0.6367254853248596,-0.004922910127788782,0.5771912336349487,0.6496250629425049,0.003717290936037898,U
0.48718714714050293,0.7356577515602112,-4.31986677540408e-08,0.4799290895462036,0.6278063058853149,-0.0032044497784227133,0.49231618642807007,0.5265436768531799,-0.01298307441174984,0.495691180229187,0.43970155715942383,-0.021951382979750633,0.48467883467674255,0.3786799907684326,-0.03146803006529808,0.5541911721229553,0.559197187423706,-0.025773832574486732,0.6106159090995789,0.49658483266830444,-0.033689629286527634,0.6427391171455383,0.4604126214981079,-0.03517528995871544,0.6664793491363525,0.4352337121963501,-0.03570042923092842,0.5773773789405823,0.6091817617416382,-0.025041567161679268,0.6008836627006531,0.5489349365234375,-0.028998930007219315,0.5825985670089722,0.5448053479194641,-0.019978687167167664,0.5676574110984802,0.5617072582244873,-0.013642273843288422,0.5882106423377991,0.6561287641525269,-0.02276173047721386,0.5994287729263306,0.5931901931762695,-0.024721650406718254,0.5842292308807373,0.5927216410636902,-0.013492663390934467,0.5702433586120605,0.6097490787506104,-0.006345841102302074,0.5945334434509277,0.6941266059875488,-0.019960887730121613,0.6002454161643982,0.6380903124809265,-0.01534251682460308,0.5853053331375122,0.6401448845863342,-0.0028266790322959423,0.5727452635765076,0.6553769707679749,0.006071167066693306,U
0.4867097735404968,0.7332194447517395,-4.334361847213586e-08,0.4778675138950348,0.6241093873977661,-0.003590342355892062,0.4913419783115387,0.5209754705429077,-0.012948553077876568,0.4954003691673279,0.4318086802959442,-0.02129717357456684,0.4849632978439331,0.37019628286361694,-0.03041149117052555,0.5554957985877991,0.5562306046485901,-0.025056207552552223,0.6114232540130615,0.49348965287208557,-0.0323369987308979,0.6435649991035461,0.45814332365989685,-0.03436955809593201,0.6670015454292297,0.43362876772880554,-0.03531678020954132,0.5780413746833801,0.6075776815414429,-0.023156002163887024,0.5990024209022522,0.5446113348007202,-0.025831185281276703,0.5813888907432556,0.5381746292114258,-0.017204558476805687,0.5667868852615356,0.5543217062950134,-0.01146030519157648,0.5877822041511536,0.655789315700531,-0.019591260701417923,0.5977815389633179,0.5912690162658691,-0.019991494715213776,0.5825864672660828,0.5899345278739929,-0.009120807982981205,0.5687248706817627,0.6072183847427368,-0.0024757608771324158,0.5930782556533813,0.6944485306739807,-0.015500707551836967,0.5984481573104858,0.6392467617988586,-0.009479406289756298,0.5832180976867676,0.6404232382774353,0.003204856300726533,0.5706326365470886,0.6562548875808716,0.012021312490105629,U
0.48642948269844055,0.7354962825775146,-3.344215571132736e-08,0.4789670705795288,0.6258583664894104,-0.003649757243692875,0.4928952157497406,0.5257583260536194,-0.013411350548267365,0.495672345161438,0.4366438388824463,-0.022431690245866776,0.4844193160533905,0.3745715618133545,-0.032174695283174515,0.554864764213562,0.5576194524765015,-0.023635467514395714,0.6107377409934998,0.49491697549819946,-0.03044956736266613,0.642988920211792,0.45963677763938904,-0.031957611441612244,0.6670365929603577,0.43543481826782227,-0.03267970681190491,0.577467679977417,0.6088808178901672,-0.022274313494563103,0.5989473462104797,0.548446536064148,-0.025151370093226433,0.5808134078979492,0.5442256927490234,-0.01665615476667881,0.5662113428115845,0.5621621608734131,-0.010891624726355076,0.5874781012535095,0.6578676700592041,-0.019397299736738205,0.5984550714492798,0.5956026315689087,-0.020181989297270775,0.583366870880127,0.5959400534629822,-0.009409579448401928,0.5696291327476501,0.6144733428955078,-0.002803839510306716,0.5931102633476257,0.6977593302726746,-0.016073457896709442,0.599191427230835,0.6451807022094727,-0.010557529516518116,0.5842611789703369,0.6471693515777588,0.0018509571673348546,0.5718709826469421,0.6635903716087341,0.010505304671823978,U
0.4889674186706543,0.7418280243873596,-5.279283499248777e-08,0.48070502281188965,0.6301523447036743,-0.002322967629879713,0.4924815595149994,0.5317107439041138,-0.012540060095489025,0.4964422881603241,0.44328415393829346,-0.022153858095407486,0.48608526587486267,0.38278329372406006,-0.0325067974627018,0.5558410882949829,0.5642513036727905,-0.025199132040143013,0.611717939376831,0.5009146928787231,-0.03340992331504822,0.6428539752960205,0.46324965357780457,-0.0355776883661747,0.6654034852981567,0.4366426467895508,-0.03642351180315018,0.5790614485740662,0.6140748262405396,-0.024149907752871513,0.5996174216270447,0.5532183051109314,-0.02657528594136238,0.5809932351112366,0.546942949295044,-0.01681196130812168,0.5660173296928406,0.5631490349769592,-0.010474988259375095,0.5894199013710022,0.6625241041183472,-0.021489450708031654,0.5985257625579834,0.6014290452003479,-0.021539151668548584,0.5832568407058716,0.6008673906326294,-0.009714390151202679,0.5698453187942505,0.6187607645988464,-0.0026742026675492525,0.5952132940292358,0.7026658654212952,-0.018261557444930077,0.6001909375190735,0.6517707705497742,-0.011457427404820919,0.5849989056587219,0.6528306007385254,0.0018980067688971758,0.5730641484260559,0.6684219241142273,0.011042983271181583,U
0.49036118388175964,0.7449898719787598,-5.201155772738275e-08,0.4821498394012451,0.6355736255645752,-0.006528334692120552,0.49498140811920166,0.5351768136024475,-0.016993572935461998,0.4987536072731018,0.4477844834327698,-0.02588813565671444,0.4877292811870575,0.387949675321579,-0.035266999155282974,0.560096263885498,0.5762150883674622,-0.028295567259192467,0.6146308779716492,0.5112812519073486,-0.03703966736793518,0.6438044905662537,0.4711018204689026,-0.03989705443382263,0.6650501489639282,0.4405519366264343,-0.04141543060541153,0.5825087428092957,0.6266124844551086,-0.025408994406461716,0.6032472848892212,0.5586320757865906,-0.029705297201871872,0.5840412974357605,0.5491899847984314,-0.021149292588233948,0.5692883729934692,0.5637319684028625,-0.015249217860400677,0.5918546319007874,0.672148585319519,-0.02117221988737583,0.6027969717979431,0.6034885048866272,-0.023055600002408028,0.5862915515899658,0.5977399349212646,-0.011898736469447613,0.5724527835845947,0.6142975091934204,-0.0046982835046947,0.5968624353408813,0.707290768623352,-0.016735902056097984,0.603451132774353,0.6489272713661194,-0.012202960439026356,0.5872853994369507,0.6442010402679443,2.336705438210629e-05,0.5745713710784912,0.6583014130592346,0.008820312097668648,U
0.49151813983917236,0.7441000938415527,-3.400634440708927e-08,0.4827716052532196,0.6352524757385254,-0.006035497412085533,0.49446889758110046,0.5356134176254272,-0.016670802608132362,0.497333288192749,0.4490305185317993,-0.025614334270358086,0.4870888590812683,0.38888901472091675,-0.03503646329045296,0.5570309162139893,0.5729772448539734,-0.029908984899520874,0.6135032176971436,0.507902204990387,-0.03881238400936127,0.6427714824676514,0.4662707448005676,-0.041453663259744644,0.6633114814758301,0.433857262134552,-0.04258167743682861,0.5799473524093628,0.6223957538604736,-0.026724327355623245,0.602742612361908,0.5546063184738159,-0.030992703512310982,0.584679126739502,0.5446859002113342,-0.022128265351057053,0.5701352953910828,0.557826578617096,-0.01595485582947731,0.5900737643241882,0.667057991027832,-0.021932194009423256,0.6019564867019653,0.5990833640098572,-0.02302507683634758,0.5863108038902283,0.5944172739982605,-0.011526376008987427,0.5726776123046875,0.6106569170951843,-0.004271086771041155,0.5957658886909485,0.7008576393127441,-0.01687590777873993,0.6023462414741516,0.6432045102119446,-0.011572529561817646,0.5866021513938904,0.6405761241912842,0.0010058758780360222,0.5741091966629028,0.6552767157554626,0.009961402043700218,U
0.4894724190235138,0.7487490773200989,-7.346445585199035e-08,0.48205581307411194,0.6408452987670898,-0.006592042278498411,0.49382734298706055,0.5414090752601624,-0.017425402998924255,0.4960641860961914,0.4531663954257965,-0.026412855833768845,0.4862442910671234,0.3924785256385803,-0.035662081092596054,0.5569363832473755,0.5788790583610535,-0.03115687519311905,0.6145880818367004,0.5137521028518677,-0.04021364450454712,0.6409389972686768,0.4701632559299469,-0.042314670979976654,0.6581809520721436,0.434203565120697,-0.04298153519630432,0.580174446105957,0.6292111277580261,-0.027324851602315903,0.6017046570777893,0.5590384602546692,-0.031936343759298325,0.5826314687728882,0.5487325191497803,-0.022636037319898605,0.5674916505813599,0.5613340139389038,-0.016155386343598366,0.5909173488616943,0.672806441783905,-0.022004341706633568,0.6012281775474548,0.6022248268127441,-0.02245660498738289,0.5856680274009705,0.5971693992614746,-0.01078078243881464,0.5721356272697449,0.6126961708068848,-0.0036177788861095905,0.5972340106964111,0.7044987678527832,-0.016585269942879677,0.6027092337608337,0.6440118551254272,-0.011017720215022564,0.5877456068992615,0.6377318501472473,0.0007666858145967126,0.5757843852043152,0.6486364603042603,0.00907537154853344,U
0.49196451902389526,0.7514795064926147,-6.487537973498547e-08,0.48340678215026855,0.6419687271118164,-0.006750444415956736,0.49367013573646545,0.5406994223594666,-0.017123030498623848,0.4961298406124115,0.4530256688594818,-0.025785110890865326,0.4878271818161011,0.39045894145965576,-0.03453589230775833,0.5596382021903992,0.5777318477630615,-0.027478042989969254,0.6167742609977722,0.5176585912704468,-0.03445277363061905,0.6427574157714844,0.47461146116256714,-0.035488203167915344,0.6593645811080933,0.4383854269981384,-0.03572356328368187,0.5827578902244568,0.6288071870803833,-0.023979922756552696,0.6014612913131714,0.5603154897689819,-0.02758948504924774,0.5820333361625671,0.5500364303588867,-0.019014842808246613,0.56758713722229,0.5639574527740479,-0.013284526765346527,0.5922597646713257,0.6727455258369446,-0.01913967728614807,0.6006938815116882,0.6037864685058594,-0.019544269889593124,0.5849928855895996,0.5998650789260864,-0.008859165944159031,0.571979820728302,0.6169265508651733,-0.0025889319367706776,0.5974345207214355,0.7045091390609741,-0.014211326837539673,0.6003864407539368,0.6469610333442688,-0.00834452174603939,0.58516925573349,0.6443859338760376,0.003261115401983261,0.5739425420761108,0.659148097038269,0.011264294385910034,U
0.4906323254108429,0.7488040924072266,-5.380038459179559e-08,0.48250576853752136,0.6392119526863098,-0.008520666509866714,0.4931342601776123,0.5397222638130188,-0.02046743407845497,0.4958847165107727,0.45310038328170776,-0.030295461416244507,0.4875458776950836,0.39063578844070435,-0.04011515527963638,0.560118556022644,0.5805113911628723,-0.03180931508541107,0.6192491054534912,0.5203683376312256,-0.04141023010015488,0.6450932025909424,0.47592893242836,-0.04377448558807373,0.6610167622566223,0.4396347403526306,-0.044281359761953354,0.583021879196167,0.6320152878761292,-0.02753969095647335,0.6050236821174622,0.5620154738426208,-0.032951999455690384,0.5850194692611694,0.5497708320617676,-0.02391931228339672,0.5692629814147949,0.5629677176475525,-0.017176708206534386,0.5924506783485413,0.6758458614349365,-0.02202504687011242,0.6028366684913635,0.6058219075202942,-0.02404792606830597,0.5863215327262878,0.6008105874061584,-0.01266090665012598,0.5726391673088074,0.6172056794166565,-0.005106750875711441,0.597856342792511,0.7078158855438232,-0.016455484554171562,0.6029708385467529,0.6489143967628479,-0.011488830670714378,0.5871869325637817,0.6448148488998413,0.0009062234312295914,0.5750592947006226,0.6577867269515991,0.009969396516680717,U
0.4910692572593689,0.7507864832878113,-5.383251533430666e-08,0.4833163321018219,0.6433867812156677,-0.004481267649680376,0.49358776211738586,0.5477657914161682,-0.015689600259065628,0.49553653597831726,0.4609479606151581,-0.025514772161841393,0.48732274770736694,0.4002401530742645,-0.035762086510658264,0.5586790442466736,0.5809457302093506,-0.030552756041288376,0.6185793876647949,0.5206564664840698,-0.040018338710069656,0.6456703543663025,0.47795727849006653,-0.04220307618379593,0.6629115343093872,0.443223237991333,-0.042424604296684265,0.5815854072570801,0.6316107511520386,-0.027146782726049423,0.6035664081573486,0.5663564205169678,-0.030758652836084366,0.5848826169967651,0.5557388663291931,-0.020434729754924774,0.5694510340690613,0.5677655935287476,-0.013250010088086128,0.5909547805786133,0.6767663955688477,-0.02199574001133442,0.6006055474281311,0.6110755205154419,-0.02147933840751648,0.5855862498283386,0.6079546213150024,-0.00911081861704588,0.5719952583312988,0.6236709356307983,-0.0015349059831351042,0.5959205627441406,0.7094784379005432,-0.016474543139338493,0.5996437072753906,0.6543221473693848,-0.009251700714230537,0.584532618522644,0.6525364518165588,0.00388806383125484,0.5730188488960266,0.6656844019889832,0.013111833482980728,U
0.48910173773765564,0.7539450526237488,-6.961495557789021e-08,0.481669157743454,0.6456860899925232,-0.005351606756448746,0.4940780997276306,0.5460220575332642,-0.015360629186034203,0.4966343939304352,0.458187997341156,-0.02397560141980648,0.48826947808265686,0.3960684537887573,-0.032970577478408813,0.5579823851585388,0.5818428993225098,-0.02756602130830288,0.6158100366592407,0.5210184454917908,-0.03536577522754669,0.64319908618927,0.47991830110549927,-0.03700317069888115,0.6612378358840942,0.4461464583873749,-0.0375482551753521,0.580230176448822,0.6331077218055725,-0.02506035752594471,0.6018052101135254,0.5662427544593811,-0.029256822541356087,0.582671046257019,0.5555106997489929,-0.02070111781358719,0.5668873190879822,0.5684206485748291,-0.014759055338799953,0.5896412134170532,0.6792576909065247,-0.02106720581650734,0.6010848879814148,0.6116989254951477,-0.0218905471265316,0.5848091244697571,0.6077091097831726,-0.010645474307239056,0.5704286098480225,0.6237388253211975,-0.0037352631334215403,0.5948265790939331,0.7141976952552795,-0.016839023679494858,0.6003965139389038,0.656440019607544,-0.011489614844322205,0.5849336981773376,0.6535801291465759,0.0006254877662286162,0.5726739168167114,0.6672638654708862,0.009223692119121552,U
0.48719367384910583,0.7526576519012451,-6.81608582908666e-08,0.48061466217041016,0.6432458758354187,-0.004700458608567715,0.49240294098854065,0.545127809047699,-0.015290958806872368,0.4954644441604614,0.458143025636673,-0.02442867122590542,0.48793691396713257,0.3963223695755005,-0.033941470086574554,0.5564844012260437,0.582037091255188,-0.029812097549438477,0.615037739276886,0.5228062868118286,-0.03930972144007683,0.6424582600593567,0.48082447052001953,-0.04220006987452507,0.6608100533485413,0.44577646255493164,-0.04336123168468475,0.5794492363929749,0.6335851550102234,-0.027004333212971687,0.6010239124298096,0.5668601989746094,-0.03066330961883068,0.5812540054321289,0.5559085011482239,-0.020999005064368248,0.5658705234527588,0.5686447620391846,-0.01464482769370079,0.5889706611633301,0.679250180721283,-0.022588487714529037,0.5994378328323364,0.6130391955375671,-0.02253228798508644,0.5833982229232788,0.6073869466781616,-0.01021677628159523,0.5696973204612732,0.6224859356880188,-0.0028680365066975355,0.5939587354660034,0.7135348320007324,-0.017852965742349625,0.5996847748756409,0.6588096022605896,-0.01117867510765791,0.5842950940132141,0.6535594463348389,0.0019040467450395226,0.572517454624176,0.6652536988258362,0.010977509431540966,U
0.49098122119903564,0.7522608041763306,-6.33827639262563e-08,0.48390719294548035,0.6441838145256042,-0.005722289439290762,0.49548614025115967,0.5459978580474854,-0.01609918288886547,0.49865514039993286,0.4595530033111572,-0.02486789971590042,0.49091970920562744,0.3974878191947937,-0.03385826200246811,0.5583094358444214,0.5838219523429871,-0.029192836955189705,0.6163235306739807,0.5237442851066589,-0.03700610250234604,0.6428355574607849,0.4825119078159332,-0.03819092735648155,0.6601285934448242,0.4477528929710388,-0.038401324301958084,0.5809991359710693,0.635168194770813,-0.026448648422956467,0.6023809909820557,0.5693478584289551,-0.030590733513236046,0.583588182926178,0.5602182745933533,-0.021682843565940857,0.5689781308174133,0.5737802982330322,-0.015639567747712135,0.5904912352561951,0.6802454590797424,-0.022152675315737724,0.6005653738975525,0.6142427921295166,-0.022875171154737473,0.5848574042320251,0.6107863783836365,-0.011368106119334698,0.5717495083808899,0.62654709815979,-0.004449199885129929,0.5957489609718323,0.7135133743286133,-0.01762266457080841,0.6006982326507568,0.6574233770370483,-0.0119131775572896,0.5858199000358582,0.6542936563491821,0.00033859859104268253,0.5744920372962952,0.667058527469635,0.008806193247437477,U
0.4874778687953949,0.758531391620636,-7.494586640177658e-08,0.4801003336906433,0.6493051648139954,-0.005874659866094589,0.49147069454193115,0.5493650436401367,-0.016185516491532326,0.49531251192092896,0.4617973566055298,-0.025008106604218483,0.48853522539138794,0.3985445201396942,-0.03396323323249817,0.557436466217041,0.5862022042274475,-0.027176540344953537,0.6120453476905823,0.5194628834724426,-0.035534005612134933,0.6402230858802795,0.47649797797203064,-0.03776613995432854,0.6596735715866089,0.442452609539032,-0.03867591544985771,0.580300509929657,0.635267972946167,-0.024149728938937187,0.5995633602142334,0.5665404796600342,-0.028195975348353386,0.5806058049201965,0.556693434715271,-0.019508300349116325,0.5656276941299438,0.5709601640701294,-0.013479911722242832,0.5900453329086304,0.6795274019241333,-0.019817514345049858,0.5984527468681335,0.6115192174911499,-0.021299535408616066,0.5823703408241272,0.6069880723953247,-0.01040218211710453,0.568820595741272,0.6231481432914734,-0.0035420977510511875,0.5954812169075012,0.713949978351593,-0.015276819467544556,0.6003807187080383,0.6572259068489075,-0.010251875035464764,0.584884762763977,0.653792679309845,0.0017367699183523655,0.5726581811904907,0.6674191355705261,0.010267198085784912,U
0.48632848262786865,0.7570006847381592,-7.610186969486676e-08,0.48060518503189087,0.6477862596511841,-0.005442333873361349,0.4928540289402008,0.5504040122032166,-0.015628403052687645,0.49669429659843445,0.4662759304046631,-0.024456288665533066,0.48949021100997925,0.4055982530117035,-0.033532775938510895,0.5560288429260254,0.5879353880882263,-0.02778216451406479,0.6114382743835449,0.5231459140777588,-0.03665890172123909,0.6391693353652954,0.4798506498336792,-0.03917418792843819,0.6582922339439392,0.4450790286064148,-0.040370114147663116,0.5787689685821533,0.6382683515548706,-0.02586936764419079,0.6005850434303284,0.570245087146759,-0.03099246136844158,0.5820595026016235,0.5613474249839783,-0.022793717682361603,0.5670332908630371,0.5759057402610779,-0.01710844598710537,0.5890257954597473,0.6832718849182129,-0.022622350603342056,0.6007692813873291,0.6149620413780212,-0.024718180298805237,0.5845288634300232,0.6110159754753113,-0.013549411669373512,0.5708788633346558,0.6278141140937805,-0.006558848079293966,0.5951936841011047,0.71836256980896,-0.01920454204082489,0.6021590828895569,0.6599303483963013,-0.015039708465337753,0.586298942565918,0.6570057272911072,-0.0031339782290160656,0.5739980936050415,0.6718300580978394,0.00536236260086298,U
0.4888107478618622,0.757893443107605,-7.721784101022422e-08,0.48176220059394836,0.6489529609680176,-0.006933140102773905,0.49364614486694336,0.5505231022834778,-0.01673041097819805,0.4974423348903656,0.4669475555419922,-0.024613874033093452,0.49061378836631775,0.4068511128425598,-0.032663337886333466,0.5573785901069641,0.5916836857795715,-0.02834433875977993,0.6094750761985779,0.5195623636245728,-0.03518832474946976,0.6360107660293579,0.4756736755371094,-0.03642739728093147,0.6554534435272217,0.4414127469062805,-0.03705330193042755,0.5802842378616333,0.6414169073104858,-0.024905234575271606,0.6005407571792603,0.5690902471542358,-0.02835196442902088,0.5807356238365173,0.5592837929725647,-0.019754303619265556,0.5663513541221619,0.5753973126411438,-0.013995153829455376,0.5894171595573425,0.6855090260505676,-0.020042691379785538,0.6008181571960449,0.6151972413063049,-0.020984729751944542,0.5839745402336121,0.6091322898864746,-0.010099734179675579,0.5708476901054382,0.6264805197715759,-0.0034512660931795835,0.5940779447555542,0.719455361366272,-0.015050130896270275,0.602132260799408,0.6612920165061951,-0.010280992835760117,0.5870092511177063,0.6548567414283752,0.0013103567762300372,0.5749720931053162,0.6676666736602783,0.009393086656928062,U
0.4870087504386902,0.7541852593421936,-8.945059448706161e-08,0.48098915815353394,0.6467952728271484,-0.007378054782748222,0.49222955107688904,0.5485607385635376,-0.018336579203605652,0.4959207773208618,0.463422954082489,-0.027201369404792786,0.48935821652412415,0.4015079736709595,-0.03616169095039368,0.555182933807373,0.5901334881782532,-0.03201013803482056,0.6082010269165039,0.5188992619514465,-0.040496766567230225,0.6355924606323242,0.47446852922439575,-0.04200008139014244,0.6553595662117004,0.44046807289123535,-0.04260418191552162,0.5780874490737915,0.6394574642181396,-0.028862377628684044,0.5982576608657837,0.5670653581619263,-0.033183980733156204,0.5785889029502869,0.5577723979949951,-0.023751726374030113,0.5638750195503235,0.574220597743988,-0.017486054450273514,0.5883020162582397,0.6832941174507141,-0.024374257773160934,0.5998203754425049,0.6124470233917236,-0.026492388918995857,0.5829684138298035,0.6066469550132751,-0.015324112959206104,0.5699055790901184,0.6233525276184082,-0.008467164821922779,0.5944730043411255,0.7180004119873047,-0.019726000726222992,0.602537214756012,0.6586748361587524,-0.016204264014959335,0.5869821906089783,0.6521172523498535,-0.0051035494543612,0.5747597217559814,0.6640729904174805,0.0026911653112620115,U
0.4877598285675049,0.7526030540466309,-7.488554842893791e-08,0.4814329445362091,0.6458428502082825,-0.00702237244695425,0.4924275875091553,0.5494868755340576,-0.017822464928030968,0.49521976709365845,0.4653387665748596,-0.026874229311943054,0.4892805516719818,0.40399646759033203,-0.03601561114192009,0.5550734400749207,0.5875958800315857,-0.029352407902479172,0.6073853373527527,0.5179576873779297,-0.03845525160431862,0.6343996524810791,0.473650187253952,-0.04091356322169304,0.6538633108139038,0.4398709535598755,-0.04190075397491455,0.5772694945335388,0.6369258165359497,-0.026561642065644264,0.6003507375717163,0.5657092332839966,-0.03229841962456703,0.5815917253494263,0.5554759502410889,-0.024366063997149467,0.5666025876998901,0.5707374215126038,-0.018411634489893913,0.5872453451156616,0.6810766458511353,-0.022501923143863678,0.6012531518936157,0.6101587414741516,-0.02583453431725502,0.5846015810966492,0.6029298901557922,-0.01538979634642601,0.571054995059967,0.6187425851821899,-0.008248052559792995,0.5934502482414246,0.715660572052002,-0.018213694915175438,0.6031733751296997,0.6546252965927124,-0.01496252790093422,0.587462842464447,0.6472855806350708,-0.0034991237334907055,0.5747931599617004,0.6597415804862976,0.00494477991014719,U
0.48832792043685913,0.7579325437545776,-6.610035541143588e-08,0.4815635681152344,0.6521238684654236,-0.00710088899359107,0.4930434823036194,0.5537731051445007,-0.017642926424741745,0.4970996081829071,0.4685664772987366,-0.02625608816742897,0.48932915925979614,0.40703028440475464,-0.03489211946725845,0.5536770224571228,0.592349648475647,-0.030167333781719208,0.6073881387710571,0.5220412611961365,-0.03829191252589226,0.635388970375061,0.4786785840988159,-0.03950168192386627,0.6551984548568726,0.44485217332839966,-0.0397774800658226,0.5760394930839539,0.6413965225219727,-0.027105851098895073,0.5995306968688965,0.5719531774520874,-0.03264916315674782,0.5808300375938416,0.5636559724807739,-0.024262873455882072,0.5662031769752502,0.5784194469451904,-0.01794051192700863,0.586487352848053,0.6847128868103027,-0.02255234308540821,0.6001025438308716,0.6166166067123413,-0.02528669685125351,0.583629310131073,0.6110354065895081,-0.014266368933022022,0.5699180364608765,0.62631756067276,-0.0068792011588811874,0.5930635929107666,0.7186121940612793,-0.01779501885175705,0.6021867394447327,0.6604716777801514,-0.014131911098957062,0.5868286490440369,0.6547361016273499,-0.0024643242359161377,0.5741760730743408,0.6659455299377441,0.0060944571159780025,U
0.4846746325492859,0.7548629641532898,-8.618552271855151e-08,0.47773340344429016,0.649250328540802,-0.00874377228319645,0.48923420906066895,0.5524201989173889,-0.019919147714972496,0.4915052056312561,0.4665655791759491,-0.028887782245874405,0.48469915986061096,0.4045311212539673,-0.037945497781038284,0.5517455339431763,0.5936998724937439,-0.031762950122356415,0.604008674621582,0.5218465924263,-0.041005101054906845,0.6309533715248108,0.47498995065689087,-0.04362998902797699,0.6499549150466919,0.4389331042766571,-0.04505527392029762,0.5755818486213684,0.6426212787628174,-0.028032228350639343,0.5952739715576172,0.5701577663421631,-0.033858053386211395,0.5764777660369873,0.5609593391418457,-0.025915607810020447,0.5617839097976685,0.5762252807617188,-0.020323632284998894,0.5861338973045349,0.6860484480857849,-0.023083338513970375,0.5951111912727356,0.6144666075706482,-0.025666221976280212,0.5792140364646912,0.6095758676528931,-0.01466598454862833,0.5667068958282471,0.6259655356407166,-0.00780020747333765,0.5916993618011475,0.718913197517395,-0.018213603645563126,0.5975663661956787,0.6599097847938538,-0.014828857034444809,0.5820843577384949,0.6552420854568481,-0.0036248427350074053,0.5704111456871033,0.6687436103820801,0.00429657893255353,U
0.4822494685649872,0.7601056098937988,-7.968825599391494e-08,0.4745118319988251,0.6522599458694458,-0.005789894610643387,0.48534661531448364,0.5543456077575684,-0.016576295718550682,0.4885275661945343,0.4694006145000458,-0.02579423412680626,0.4820960462093353,0.4088710844516754,-0.0352008119225502,0.5474206805229187,0.5911314487457275,-0.030587144196033478,0.6010979413986206,0.5178399682044983,-0.04056970402598381,0.6294073462486267,0.4711083471775055,-0.04352390393614769,0.6501386165618896,0.4357150197029114,-0.04491090029478073,0.5712642073631287,0.6387232542037964,-0.028685687109827995,0.5925507545471191,0.567794144153595,-0.03400074690580368,0.5736697912216187,0.5615729689598083,-0.02489096112549305,0.5589547157287598,0.5793001055717468,-0.01855096034705639,0.5822694897651672,0.6831890940666199,-0.02543339505791664,0.5930337905883789,0.6134721636772156,-0.027907704934477806,0.577040433883667,0.6104795336723328,-0.01600315049290657,0.564368724822998,0.6283152103424072,-0.008534939959645271,0.5886232852935791,0.7187855839729309,-0.022003870457410812,0.5958752036094666,0.6608502864837646,-0.018066322430968285,0.580035388469696,0.6592579483985901,-0.0057409596629440784,0.5681325793266296,0.675165057182312,0.0029653040692210197,U
0.48785024881362915,0.7320997714996338,-7.434874760292587e-08,0.4806995987892151,0.6221832633018494,-0.010005665943026543,0.49151527881622314,0.5221019983291626,-0.022209160029888153,0.4936259686946869,0.43498721718788147,-0.032297465950250626,0.48525869846343994,0.37023699283599854,-0.04229101166129112,0.5513351559638977,0.5681360960006714,-0.031207822263240814,0.6031826734542847,0.49688178300857544,-0.04062561318278313,0.6304500102996826,0.4504740238189697,-0.043156251311302185,0.6505008935928345,0.41406744718551636,-0.04493957385420799,0.5754787921905518,0.6186195611953735,-0.028608981519937515,0.5962632298469543,0.5430616140365601,-0.03657129406929016,0.5765185356140137,0.5361531376838684,-0.029758881777524948,0.5618016719818115,0.5545528531074524,-0.024680523201823235,0.5865781903266907,0.6627089381217957,-0.025105180218815804,0.5976375937461853,0.5870802402496338,-0.030315401032567024,0.581122100353241,0.5847523808479309,-0.019926849752664566,0.5691045522689819,0.6042953729629517,-0.013102635741233826,0.59321129322052,0.6969032287597656,-0.021802810952067375,0.5997406244277954,0.6337898969650269,-0.020950358361005783,0.5837434530258179,0.6317704916000366,-0.01057623140513897,0.5723764300346375,0.6487682461738586,-0.003022354794666171,U
0.49057644605636597,0.7208954095840454,-4.794153340981211e-08,0.4835764765739441,0.6150628328323364,-0.009350256994366646,0.49268168210983276,0.5150377750396729,-0.022147024050354958,0.494792103767395,0.42778798937797546,-0.03259604424238205,0.4869781732559204,0.3629944324493408,-0.04280673339962959,0.5517621636390686,0.5568875670433044,-0.03361966460943222,0.6052187085151672,0.4836733937263489,-0.04310348629951477,0.6332849264144897,0.43922168016433716,-0.044662680476903915,0.6533164381980896,0.4049919843673706,-0.04533211886882782,0.575857937335968,0.6055683493614197,-0.030597560107707977,0.5988158583641052,0.5318995714187622,-0.038479309529066086,0.5810035467147827,0.5261554718017578,-0.031079433858394623,0.5663589835166931,0.54338139295578,-0.02531486749649048,0.587978184223175,0.6476478576660156,-0.0262497179210186,0.5990015864372253,0.575360119342804,-0.03127126023173332,0.5839666128158569,0.5747591257095337,-0.020798860117793083,0.5715459585189819,0.5930966138839722,-0.013685190118849277,0.5956769585609436,0.6793305277824402,-0.02188081294298172,0.6009353399276733,0.6189472675323486,-0.021086517721414566,0.5853443145751953,0.6211405396461487,-0.010697572492063046,0.5737099051475525,0.638519823551178,-0.002821557689458132,U
0.4897337853908539,0.7263959050178528,-6.968723909039909e-08,0.48434895277023315,0.6192255020141602,-0.00806528888642788,0.4963695704936981,0.5197881460189819,-0.02056419849395752,0.49908357858657837,0.4322147071361542,-0.031101424247026443,0.4912804365158081,0.36698347330093384,-0.041705626994371414,0.5565652847290039,0.5609136819839478,-0.0333377942442894,0.6101735830307007,0.4907015562057495,-0.04439215734601021,0.6393177509307861,0.447034627199173,-0.047699637711048126,0.6607730984687805,0.4133133292198181,-0.0493183359503746,0.5800130367279053,0.6115403175354004,-0.030900048092007637,0.602057158946991,0.5405109524726868,-0.038456931710243225,0.5836877822875977,0.5350702404975891,-0.03019121289253235,0.5682921409606934,0.5530187487602234,-0.024029389023780823,0.5910587906837463,0.6561757326126099,-0.027225375175476074,0.6034117341041565,0.5841770172119141,-0.03289559483528137,0.5877242684364319,0.5828739404678345,-0.022017110139131546,0.574313223361969,0.6022443175315857,-0.014397029764950275,0.5979278087615967,0.6901233196258545,-0.02333219349384308,0.6059390306472778,0.6287485361099243,-0.022606169804930687,0.589533269405365,0.6285792589187622,-0.011438367888331413,0.576615035533905,0.6462978720664978,-0.002944151870906353,U
0.4902501106262207,0.7266984581947327,-6.579917766202925e-08,0.4856712818145752,0.6200475692749023,-0.008121197111904621,0.4985085129737854,0.518386721611023,-0.02088250033557415,0.5029739141464233,0.42948663234710693,-0.03128628805279732,0.4970792531967163,0.36393144726753235,-0.04179110378026962,0.5554994344711304,0.5649177432060242,-0.036299873143434525,0.6105536222457886,0.49639931321144104,-0.04820243641734123,0.6410564184188843,0.4531775116920471,-0.05192304775118828,0.663360595703125,0.4194640517234802,-0.05375073477625847,0.5787568688392639,0.6156301498413086,-0.03327854350209236,0.6033414006233215,0.5438574552536011,-0.04069167748093605,0.5852733254432678,0.5364620089530945,-0.031866759061813354,0.5693360567092896,0.5522193908691406,-0.02555137686431408,0.5900681018829346,0.6597875952720642,-0.02874128147959709,0.6053973436355591,0.586699366569519,-0.033840011805295944,0.5897466540336609,0.5838361978530884,-0.021672280505299568,0.5758053064346313,0.6023340821266174,-0.013349095359444618,0.5968677401542664,0.6935109496116638,-0.023943614214658737,0.6069396734237671,0.6298720240592957,-0.022642087191343307,0.5907975435256958,0.628791093826294,-0.01059806440025568,0.578140377998352,0.6471447944641113,-0.001611530315130949,U
0.4883458614349365,0.7292280197143555,8.111764593365933e-09,0.486612468957901,0.621485710144043,-0.008537176996469498,0.5041382908821106,0.5167803168296814,-0.01946275122463703,0.5114471316337585,0.4314574897289276,-0.028990158811211586,0.5022939443588257,0.3680119514465332,-0.03863385319709778,0.5499283671379089,0.5586793422698975,-0.028864135965704918,0.6065560579299927,0.5056360363960266,-0.039618391543626785,0.6410516500473022,0.46954017877578735,-0.04339762032032013,0.6669715642929077,0.44300079345703125,-0.04592365771532059,0.5710320472717285,0.6123239398002625,-0.02926742471754551,0.6079050898551941,0.5486553311347961,-0.04030546545982361,0.5914016962051392,0.537492036819458,-0.03643343597650528,0.5715701580047607,0.5519289374351501,-0.03191676363348961,0.5819963216781616,0.662344217300415,-0.0285966619849205,0.606744647026062,0.5991576910018921,-0.03650067374110222,0.5930824875831604,0.592650830745697,-0.027469303458929062,0.5772643089294434,0.6094268560409546,-0.02000512182712555,0.5888453722000122,0.7046294212341309,-0.027981244027614594,0.6061230301856995,0.646980881690979,-0.028362974524497986,0.592796266078949,0.6439421772956848,-0.01771637424826622,0.578721821308136,0.6616588234901428,-0.009303418919444084,U
0.4783428907394409,0.7187447547912598,6.340787450653806e-08,0.4752040505409241,0.6129075884819031,-0.009909412823617458,0.493682324886322,0.5056880712509155,-0.01987055316567421,0.5002315044403076,0.41827642917633057,-0.02835242636501789,0.4879278540611267,0.35632795095443726,-0.03693583980202675,0.5377497673034668,0.5482189059257507,-0.02483578398823738,0.5936256051063538,0.4922378361225128,-0.035059452056884766,0.6276639699935913,0.4551145136356354,-0.03919808194041252,0.6543686389923096,0.42981767654418945,-0.0421152226626873,0.5593786239624023,0.5998332500457764,-0.02505567856132984,0.5972527265548706,0.5333538055419922,-0.03803442791104317,0.5810036659240723,0.5241726636886597,-0.036497291177511215,0.5628698468208313,0.5413779020309448,-0.03244948387145996,0.5712818503379822,0.6484448909759521,-0.02443292923271656,0.595045268535614,0.5845569968223572,-0.03402736783027649,0.580548882484436,0.581123411655426,-0.02623896487057209,0.5656497478485107,0.5997183322906494,-0.018538247793912888,0.5784614086151123,0.6886236667633057,-0.024052875116467476,0.5942115783691406,0.6332283616065979,-0.02612842619419098,0.5807798504829407,0.6339108347892761,-0.016631416976451874,0.5681069493293762,0.6535788178443909,-0.008378913626074791,U
0.46976032853126526,0.7028579711914062,5.954850479383822e-08,0.4606257677078247,0.5964111685752869,-0.011414427310228348,0.4758574962615967,0.4870363473892212,-0.024029912427067757,0.48086386919021606,0.397264689207077,-0.03399702161550522,0.46848374605178833,0.32969358563423157,-0.04426887258887291,0.5212891697883606,0.528454601764679,-0.03649861738085747,0.5769363641738892,0.46134886145591736,-0.04958371818065643,0.6092678904533386,0.41725048422813416,-0.0546187199652195,0.6363298892974854,0.38667750358581543,-0.05797050520777702,0.546567440032959,0.5811517238616943,-0.03586443141102791,0.5864795446395874,0.498786985874176,-0.04961731284856796,0.5666731595993042,0.48791661858558655,-0.04546403884887695,0.5480809807777405,0.5076623558998108,-0.03987070173025131,0.5606343150138855,0.6299049854278564,-0.03380289673805237,0.5859072804450989,0.5509251952171326,-0.043895892798900604,0.5678708553314209,0.5465207695960999,-0.03281760588288307,0.5525432825088501,0.5678486824035645,-0.023221859708428383,0.5693972706794739,0.6680896878242493,-0.03185953572392464,0.5849619507789612,0.6000354290008545,-0.03415684029459953,0.5687997341156006,0.6008893847465515,-0.022324269637465477,0.5559631586074829,0.6232659220695496,-0.012688017450273037,U
0.46393391489982605,0.6860169768333435,4.22966088819976e-08,0.45641714334487915,0.5799105167388916,-0.010562626644968987,0.47016966342926025,0.4732721745967865,-0.024727795273065567,0.47343453764915466,0.38273924589157104,-0.03596069663763046,0.4631942808628082,0.3132037818431854,-0.04753778874874115,0.5144175887107849,0.5108240842819214,-0.04242659732699394,0.5723918080329895,0.44279882311820984,-0.05677920952439308,0.6037675738334656,0.3984696865081787,-0.061621636152267456,0.6293001174926758,0.3680345416069031,-0.0643584281206131,0.5388789176940918,0.5636498332023621,-0.040631528943777084,0.5794442296028137,0.4874119460582733,-0.05195310339331627,0.5613659620285034,0.47757428884506226,-0.04454485699534416,0.5441216230392456,0.49462831020355225,-0.03787444531917572,0.5530768632888794,0.6125399470329285,-0.03709562122821808,0.5804722905158997,0.5390594601631165,-0.04375870153307915,0.5642033219337463,0.5350584983825684,-0.030054491013288498,0.5488187074661255,0.5541977882385254,-0.02002440206706524,0.5626603960990906,0.6523425579071045,-0.03367343544960022,0.5793647766113281,0.5894360542297363,-0.033556390553712845,0.5645994544029236,0.5901089310646057,-0.020697621628642082,0.5521523356437683,0.6099258661270142,-0.01093421969562769,U
0.4526458978652954,0.6794685125350952,5.688075432885853e-08,0.4464530944824219,0.5747033953666687,-0.009972047060728073,0.46145135164260864,0.4625265300273895,-0.021757446229457855,0.4653483033180237,0.3708988428115845,-0.03106740303337574,0.45406487584114075,0.3046097159385681,-0.04055635258555412,0.5019368529319763,0.5037544965744019,-0.03675846382975578,0.559686541557312,0.43542057275772095,-0.050210751593112946,0.5920599699020386,0.3916977643966675,-0.05459139123558998,0.618743896484375,0.3618612289428711,-0.0570468008518219,0.5263694524765015,0.5557720065116882,-0.035878296941518784,0.5698450803756714,0.4773864448070526,-0.04896487295627594,0.5513403415679932,0.46756356954574585,-0.043314311653375626,0.5328487157821655,0.4857054054737091,-0.036762502044439316,0.5414973497390747,0.6043907403945923,-0.03349822759628296,0.5729396939277649,0.5302133560180664,-0.042680058628320694,0.5558134317398071,0.5252793431282043,-0.030463114380836487,0.5391658544540405,0.5447306036949158,-0.020031696185469627,0.5515008568763733,0.6441628336906433,-0.031141260638833046,0.5725743174552917,0.5816482901573181,-0.032376084476709366,0.5575017929077148,0.5820192098617554,-0.020137492567300797,0.5435962080955505,0.6024950742721558,-0.01021646149456501,U
0.4510462284088135,0.683072566986084,5.39979154723369e-08,0.44479212164878845,0.5793912410736084,-0.008945582434535027,0.46096140146255493,0.47070032358169556,-0.02137388288974762,0.4657427668571472,0.3789677917957306,-0.031021064147353172,0.4553999602794647,0.3115825355052948,-0.04120612144470215,0.49968016147613525,0.5105818510055542,-0.041282378137111664,0.5574581027030945,0.4411790370941162,-0.05654865875840187,0.5903724431991577,0.39869505167007446,-0.062256187200546265,0.6171760559082031,0.3695414066314697,-0.06532326340675354,0.5243691802024841,0.5631942749023438,-0.03981449827551842,0.5684539079666138,0.48480337858200073,-0.05213913694024086,0.5506358742713928,0.47396978735923767,-0.044814784079790115,0.5316792130470276,0.4894323945045471,-0.037587568163871765,0.5390662550926208,0.613186240196228,-0.03645913675427437,0.5709843635559082,0.5384703278541565,-0.04467659816145897,0.5546137094497681,0.5314981341362,-0.031052956357598305,0.537674069404602,0.5485780239105225,-0.020069541409611702,0.5484347939491272,0.653178334236145,-0.03285550698637962,0.5692610740661621,0.5893735885620117,-0.03330916538834572,0.554409384727478,0.5879214406013489,-0.02002403698861599,0.540405809879303,0.6063834428787231,-0.00956877414137125,U
0.4468550980091095,0.6910691261291504,5.5588103009540646e-08,0.4411512017250061,0.5885794162750244,-0.01219563651829958,0.45632895827293396,0.4790577292442322,-0.025071900337934494,0.46057596802711487,0.38799944519996643,-0.03503609821200371,0.4490160346031189,0.3210526704788208,-0.04506827890872955,0.4961954951286316,0.520749032497406,-0.03819635510444641,0.5537112355232239,0.4541209936141968,-0.0514138862490654,0.5862804055213928,0.41191670298576355,-0.055507197976112366,0.6128731966018677,0.3830779790878296,-0.05798262357711792,0.5205798745155334,0.5731704831123352,-0.036797359585762024,0.5645667314529419,0.4947045147418976,-0.05127565935254097,0.5461553931236267,0.4853273332118988,-0.04675086587667465,0.5270013213157654,0.5033625960350037,-0.04054701700806618,0.5354727506637573,0.6219675540924072,-0.033963341265916824,0.5668116211891174,0.5481498837471008,-0.04417220130562782,0.5498592257499695,0.5429474115371704,-0.03255898132920265,0.5331036448478699,0.561286449432373,-0.02223381958901882,0.5456017851829529,0.6620397567749023,-0.03135400265455246,0.5660567879676819,0.5979475975036621,-0.033709920942783356,0.5511882305145264,0.5964513421058655,-0.02214142493903637,0.537479043006897,0.6150851845741272,-0.012469218112528324,U
0.44091108441352844,0.6884904503822327,5.5417650912659155e-08,0.43187427520751953,0.5837349891662598,-0.011993398889899254,0.4457976222038269,0.47444742918014526,-0.02544984221458435,0.45280206203460693,0.38272780179977417,-0.03569624200463295,0.442440927028656,0.31584668159484863,-0.045960210263729095,0.48789238929748535,0.5188705921173096,-0.041260454803705215,0.546263575553894,0.4494115710258484,-0.05482078716158867,0.578191876411438,0.4067641794681549,-0.05864247307181358,0.6046550273895264,0.37753304839134216,-0.06068361923098564,0.5131467580795288,0.5712903141975403,-0.03915231674909592,0.5570340156555176,0.4906251132488251,-0.052927061915397644,0.5377233028411865,0.4791315197944641,-0.046751346439123154,0.5186700224876404,0.49643999338150024,-0.03968639299273491,0.5287409424781799,0.618341326713562,-0.035440508276224136,0.5603719353675842,0.5427519083023071,-0.045065440237522125,0.5426260232925415,0.5360549688339233,-0.03235499933362007,0.5258071422576904,0.5542065501213074,-0.021466055884957314,0.5394999980926514,0.6559669971466064,-0.03182555362582207,0.5601381063461304,0.5922942757606506,-0.03317689150571823,0.5449061989784241,0.5896093249320984,-0.02089441381394863,0.5310050249099731,0.6069077253341675,-0.01094914972782135,U
0.44316041469573975,0.6892151236534119,5.991450535702825e-08,0.4357272684574127,0.5850725769996643,-0.01102312933653593,0.45099714398384094,0.47557172179222107,-0.024114402011036873,0.45750516653060913,0.38456693291664124,-0.03399159014225006,0.44672778248786926,0.3178026080131531,-0.04406115040183067,0.4894571006298065,0.5193358063697815,-0.04219052195549011,0.5493013858795166,0.45173996686935425,-0.05588580667972565,0.5819649696350098,0.4097233712673187,-0.05974137410521507,0.6085790395736694,0.3809288442134857,-0.061832770705223083,0.5147913098335266,0.5712963342666626,-0.04028268903493881,0.5607568025588989,0.49277469515800476,-0.05323372781276703,0.5428991317749023,0.48205503821372986,-0.046381182968616486,0.5236673951148987,0.4989463984966278,-0.03920759633183479,0.5308451056480408,0.6191411018371582,-0.03657328709959984,0.563639760017395,0.5443472266197205,-0.044827621430158615,0.5469983220100403,0.5388122200965881,-0.031487345695495605,0.5299240350723267,0.5571969747543335,-0.020758818835020065,0.5417369604110718,0.6576833724975586,-0.03296856954693794,0.5622554421424866,0.5955278277397156,-0.033761437982320786,0.5476380586624146,0.5946840643882751,-0.021457700058817863,0.5340195298194885,0.612973153591156,-0.011788902804255486,U
0.45379990339279175,0.685648500919342,7.46207149404654e-08,0.4480926990509033,0.5822564363479614,-0.0088606933131814,0.464755117893219,0.4766583740711212,-0.02109057828783989,0.47076505422592163,0.3862704634666443,-0.030550271272659302,0.46177658438682556,0.3203912079334259,-0.04049825668334961,0.5013548135757446,0.5183708071708679,-0.04094076156616211,0.5608159899711609,0.452220618724823,-0.05584567040205002,0.593804121017456,0.4114169478416443,-0.061514392495155334,0.6213661432266235,0.38391610980033875,-0.06468939781188965,0.5249088406562805,0.5691337585449219,-0.039408646523952484,0.5686776638031006,0.496242880821228,-0.05090516433119774,0.5511783957481384,0.4855325520038605,-0.04337195307016373,0.5335066914558411,0.5008836388587952,-0.036608729511499405,0.5393940806388855,0.6171931028366089,-0.03604226931929588,0.5717934370040894,0.5459219813346863,-0.04299551993608475,0.5556525588035583,0.5404718518257141,-0.02876044623553753,0.5392228364944458,0.558442234992981,-0.018100323155522346,0.5490278601646423,0.656086266040802,-0.032629869878292084,0.5698901414871216,0.5965514779090881,-0.032387908548116684,0.5551228523254395,0.5965368151664734,-0.01898658648133278,0.5416565537452698,0.6152133345603943,-0.008833587169647217,U
0.4548867642879486,0.6814170479774475,5.9036718624838613e-08,0.4493040144443512,0.5801906585693359,-0.010362781584262848,0.4654742479324341,0.47573673725128174,-0.02337545156478882,0.4709106385707855,0.3853004276752472,-0.0337059311568737,0.4602617025375366,0.3184610605239868,-0.04437946900725365,0.5039125084877014,0.5148669481277466,-0.039691101759672165,0.5612478256225586,0.4480471909046173,-0.05477607995271683,0.5941026210784912,0.40689176321029663,-0.0605173259973526,0.6207315921783447,0.3789997696876526,-0.06380489468574524,0.5267739295959473,0.5655233860015869,-0.03845960274338722,0.5705440044403076,0.4931512773036957,-0.05185088887810707,0.5529037714004517,0.483272522687912,-0.045799270272254944,0.5341560244560242,0.4987742602825165,-0.03925514221191406,0.5405788421630859,0.614727258682251,-0.035693276673555374,0.5727019309997559,0.5455333590507507,-0.044643551111221313,0.5565183758735657,0.5401461720466614,-0.031464751809835434,0.5402329564094543,0.5574510097503662,-0.020710166543722153,0.5493485927581787,0.6558668613433838,-0.03298301622271538,0.5707082152366638,0.595924973487854,-0.034236859530210495,0.5561838150024414,0.5941270589828491,-0.02147984318435192,0.5427966713905334,0.6115167140960693,-0.011277984827756882,U
0.44814181327819824,0.6843299269676208,7.078449471009662e-08,0.4427286684513092,0.5842675566673279,-0.010297738946974277,0.45889419317245483,0.4773451089859009,-0.023271702229976654,0.46415233612060547,0.3881901502609253,-0.03330632671713829,0.45291441679000854,0.3224056661128998,-0.04367152601480484,0.49493688344955444,0.5208483934402466,-0.04161229357123375,0.5538067817687988,0.4556674659252167,-0.055786680430173874,0.5867996215820312,0.4141240417957306,-0.06014486029744148,0.6135131120681763,0.385867178440094,-0.06249690800905228,0.5183740854263306,0.5733020901679993,-0.04043365269899368,0.5661328434944153,0.49552175402641296,-0.05408231168985367,0.5485466718673706,0.48381131887435913,-0.04757927358150482,0.5284388661384583,0.5002353191375732,-0.0402195081114769,0.532849133014679,0.6227187514305115,-0.03738155961036682,0.5676670074462891,0.5490436553955078,-0.046326953917741776,0.5511711239814758,0.542639970779419,-0.032820988446474075,0.5339572429656982,0.5602086782455444,-0.021568048745393753,0.5425302386283875,0.6629310846328735,-0.03431708738207817,0.5657394528388977,0.6012357473373413,-0.03526594862341881,0.5509011745452881,0.5996043682098389,-0.022243857383728027,0.536675751209259,0.6174343228340149,-0.01193295419216156,U
0.4499935507774353,0.691557765007019,6.104439620457924e-08,0.4451238214969635,0.5914525389671326,-0.010197514668107033,0.46122992038726807,0.4851120710372925,-0.023175301030278206,0.4666298031806946,0.3948969841003418,-0.033146485686302185,0.45712289214134216,0.3285527229309082,-0.043478138744831085,0.49686017632484436,0.5250723361968994,-0.041768383234739304,0.5561723113059998,0.4590446650981903,-0.05604102462530136,0.5891304016113281,0.41919028759002686,-0.06068287417292595,0.616190493106842,0.3916383385658264,-0.06331290304660797,0.5203080177307129,0.5772236585617065,-0.04019467905163765,0.5661986470222473,0.5040405988693237,-0.0529533214867115,0.5488845705986023,0.4950706958770752,-0.046123798936605453,0.5296579599380493,0.5104565620422363,-0.03929900377988815,0.534867525100708,0.6260534524917603,-0.03682014346122742,0.5685191750526428,0.5549773573875427,-0.04465784505009651,0.552815318107605,0.5501104593276978,-0.030878640711307526,0.5358700752258301,0.5671719312667847,-0.020152151584625244,0.5445083379745483,0.6651806235313416,-0.03350972384214401,0.5663824081420898,0.6028252840042114,-0.03419709578156471,0.5521275997161865,0.6025916934013367,-0.021457141265273094,0.5384059548377991,0.6205900311470032,-0.011528020724654198,U
0.4440957009792328,0.6982027888298035,7.061802875796275e-08,0.4364965558052063,0.5958848595619202,-0.011542639695107937,0.45071154832839966,0.48830822110176086,-0.025037826970219612,0.4562545418739319,0.39923709630966187,-0.035355426371097565,0.44750314950942993,0.33286160230636597,-0.04573807492852211,0.4893876612186432,0.5296008586883545,-0.04225441813468933,0.5483397245407104,0.4625052511692047,-0.05690009146928787,0.581588864326477,0.42033934593200684,-0.06148452311754227,0.6084411144256592,0.3909340500831604,-0.06396345049142838,0.5136448740959167,0.5827158689498901,-0.04053719714283943,0.5604354739189148,0.50221848487854,-0.05561816692352295,0.5419180989265442,0.4923521876335144,-0.04954445734620094,0.5213983058929443,0.5104941129684448,-0.04200395941734314,0.5286856293678284,0.6309863924980164,-0.037143025547266006,0.5618494153022766,0.555339515209198,-0.04733753204345703,0.5454320907592773,0.5499501824378967,-0.034304168075323105,0.5283409357070923,0.568648636341095,-0.02292480319738388,0.5391827821731567,0.6693644523620605,-0.03385491669178009,0.5604771971702576,0.604372501373291,-0.03618120029568672,0.5461092591285706,0.602948009967804,-0.02397638000547886,0.5322296023368835,0.6217130422592163,-0.013789534568786621,U
0.45487746596336365,0.7001340389251709,6.781321104654126e-08,0.44804713129997253,0.5984945297241211,-0.013830807991325855,0.4624977111816406,0.49218109250068665,-0.027982760220766068,0.46702414751052856,0.40476086735725403,-0.03871427848935127,0.4568547010421753,0.3381376564502716,-0.04951979219913483,0.4990628659725189,0.5421317219734192,-0.043371591717004776,0.5571495294570923,0.47706201672554016,-0.05696362257003784,0.589061975479126,0.43525931239128113,-0.06026798114180565,0.6149323582649231,0.4059540033340454,-0.06211334094405174,0.5234070420265198,0.5964317917823792,-0.041288506239652634,0.5672541260719299,0.5071371793746948,-0.056912947446107864,0.5495940446853638,0.49221596121788025,-0.052153877913951874,0.5318800806999207,0.509463906288147,-0.04575600102543831,0.5383917093276978,0.6416443586349487,-0.03762729465961456,0.5683042407035828,0.5534331798553467,-0.04843946173787117,0.5506253242492676,0.544376790523529,-0.03625309094786644,0.5355550646781921,0.5639382600784302,-0.025559931993484497,0.548904538154602,0.6739097833633423,-0.03428729623556137,0.5679652690887451,0.5964127779006958,-0.03718060627579689,0.5521794557571411,0.5915955901145935,-0.025850746780633926,0.5391647815704346,0.6112799644470215,-0.01648225076496601,U
0.4576266407966614,0.6954606771469116,6.993094103791009e-08,0.4507007598876953,0.5963572859764099,-0.013222944922745228,0.46702492237091064,0.4905990958213806,-0.02741122432053089,0.4715631902217865,0.4018685817718506,-0.038351383060216904,0.4611732065677643,0.33405977487564087,-0.049740344285964966,0.5069830417633057,0.5312281847000122,-0.04248741641640663,0.5633944869041443,0.46883052587509155,-0.056481391191482544,0.5965991616249084,0.4309138059616089,-0.06181284412741661,0.6241328716278076,0.4057239890098572,-0.06538669019937515,0.5291106700897217,0.5840101838111877,-0.041019242256879807,0.5729865431785583,0.5137910842895508,-0.05577818304300308,0.555665910243988,0.5069576501846313,-0.05190882459282875,0.5369241237640381,0.5251823663711548,-0.0469999723136425,0.542471170425415,0.6342370510101318,-0.03792810067534447,0.5741868615150452,0.5661748647689819,-0.04772500321269035,0.558932900428772,0.5641692280769348,-0.03533224016427994,0.5432605743408203,0.5839070081710815,-0.025585962459445,0.5508443713188171,0.6752890944480896,-0.03520006313920021,0.5739982724189758,0.6133453845977783,-0.038187362253665924,0.5591140389442444,0.6164007186889648,-0.026091689243912697,0.5452368855476379,0.638128936290741,-0.016542984172701836,U
0.45174282789230347,0.6923021674156189,6.587887924069946e-08,0.44654014706611633,0.5874888896942139,-0.01169976219534874,0.46405917406082153,0.4834425151348114,-0.025750432163476944,0.4699144661426544,0.39416709542274475,-0.03682277351617813,0.45974090695381165,0.32447224855422974,-0.04828410968184471,0.5038847923278809,0.5285309553146362,-0.041476745158433914,0.564525306224823,0.47194230556488037,-0.05383345112204552,0.5983179807662964,0.435166597366333,-0.057583753019571304,0.6248620748519897,0.41005587577819824,-0.06033248081803322,0.5256000757217407,0.5839887857437134,-0.04022843390703201,0.5706080794334412,0.5207054018974304,-0.05244649946689606,0.5545057058334351,0.5103976726531982,-0.0471653938293457,0.5353310108184814,0.5244026780128479,-0.04229008033871651,0.5387709736824036,0.6345493197441101,-0.03723261132836342,0.5711981058120728,0.5701916217803955,-0.04399392381310463,0.556727945804596,0.5663701891899109,-0.030577167868614197,0.5401568412780762,0.5831319689750671,-0.021427839994430542,0.5475667715072632,0.6750305891036987,-0.03465043008327484,0.5687902569770813,0.6160420179367065,-0.035131100565195084,0.5537852644920349,0.6184096336364746,-0.0225214883685112,0.539694607257843,0.6374794244766235,-0.013391762971878052,U
0.4442897439002991,0.7044527530670166,4.064164471628828e-08,0.4392964243888855,0.6008606553077698,-0.013977210968732834,0.45583975315093994,0.49503135681152344,-0.028910057619214058,0.462079793214798,0.40453845262527466,-0.04015274718403816,0.4544004499912262,0.334417462348938,-0.05147196352481842,0.4981253445148468,0.5441650748252869,-0.0459519624710083,0.5609851479530334,0.4812803864479065,-0.05876833200454712,0.594444215297699,0.44119736552238464,-0.061184246093034744,0.6196829080581665,0.41196537017822266,-0.06253891438245773,0.5215029716491699,0.5993891954421997,-0.04286018759012222,0.563137412071228,0.5291327834129333,-0.05596962198615074,0.5449836850166321,0.5188195705413818,-0.04916589707136154,0.5264219641685486,0.5337839722633362,-0.042916569858789444,0.5358003973960876,0.646731436252594,-0.03821905329823494,0.5632233023643494,0.5768705010414124,-0.046223267912864685,0.547295093536377,0.5728066563606262,-0.03304077312350273,0.5317121148109436,0.5901282429695129,-0.02360527217388153,0.5458810329437256,0.6819971203804016,-0.03405101224780083,0.5619226098060608,0.6185506582260132,-0.03585578873753548,0.5467593669891357,0.6203474402427673,-0.024701299145817757,0.5343174934387207,0.639358639717102,-0.01616358757019043,U
0.4435705542564392,0.6926276683807373,5.217827592218782e-08,0.43836265802383423,0.5878100991249084,-0.012555702589452267,0.45574429631233215,0.4786716103553772,-0.02600931189954281,0.46170639991760254,0.3859492540359497,-0.036853428930044174,0.45184218883514404,0.3179064393043518,-0.04772401601076126,0.500910758972168,0.5252812504768372,-0.0381021574139595,0.5636054277420044,0.4636301100254059,-0.050542816519737244,0.5976274609565735,0.42435646057128906,-0.053500737994909286,0.6233351826667786,0.396963506937027,-0.055148106068372726,0.5219911336898804,0.5802573561668396,-0.0366041362285614,0.566169798374176,0.512828528881073,-0.050485339015722275,0.5486360192298889,0.5026020407676697,-0.04528753459453583,0.5302990078926086,0.5168114900588989,-0.03924548625946045,0.5343108177185059,0.6291415095329285,-0.033924650400877,0.5659943222999573,0.563132643699646,-0.04296570271253586,0.5501412749290466,0.557847797870636,-0.030781803652644157,0.533820390701294,0.573000431060791,-0.021060500293970108,0.5424988865852356,0.6673904657363892,-0.03170034661889076,0.5625554919242859,0.6077771782875061,-0.03354562819004059,0.5475271344184875,0.6082597374916077,-0.022007837891578674,0.5336809754371643,0.6255753636360168,-0.012698770500719547,U
0.4281134307384491,0.6974903345108032,1.1372867447789758e-07,0.42184561491012573,0.5937100052833557,-0.014195152558386326,0.4406258463859558,0.4813844561576843,-0.027406444773077965,0.4476160407066345,0.3901542127132416,-0.037616290152072906,0.4345122277736664,0.3267456889152527,-0.047618381679058075,0.48035383224487305,0.5306754112243652,-0.04049389064311981,0.5448877215385437,0.4654279351234436,-0.053572818636894226,0.5800071358680725,0.42246901988983154,-0.05689128488302231,0.6074615716934204,0.392225980758667,-0.05853230878710747,0.5030955076217651,0.5862225294113159,-0.039105914533138275,0.5535353422164917,0.5093526244163513,-0.05626056343317032,0.5350782871246338,0.49522554874420166,-0.05279459431767464,0.5145044922828674,0.5103554725646973,-0.04629494994878769,0.5173749327659607,0.6333128213882446,-0.036288633942604065,0.5558695197105408,0.5597796440124512,-0.04823960363864899,0.5380876660346985,0.5501591563224792,-0.03666755557060242,0.5202854871749878,0.5658732652664185,-0.025523625314235687,0.527073085308075,0.6687309145927429,-0.03397740051150322,0.5560629963874817,0.6044558882713318,-0.03682520613074303,0.5401929020881653,0.5989975333213806,-0.02485351637005806,0.5239701271057129,0.6160784363746643,-0.014500915072858334,U
0.3931249976158142,0.7255195379257202,1.1880216277404543e-07,0.38220301270484924,0.6250486373901367,-0.022429175674915314,0.3987608551979065,0.5109850168228149,-0.040371790528297424,0.4021550118923187,0.4138658940792084,-0.05365660414099693,0.3913397192955017,0.3386179804801941,-0.06666135787963867,0.43598875403404236,0.5539436936378479,-0.05660299211740494,0.5057691931724548,0.4758146107196808,-0.07564713805913925,0.5403033494949341,0.4229377508163452,-0.07995337247848511,0.5662770867347717,0.3867136836051941,-0.0813702642917633,0.46230554580688477,0.6132503151893616,-0.052048295736312866,0.507666826248169,0.5283204317092896,-0.07478360086679459,0.483612596988678,0.5102739930152893,-0.06870295852422714,0.46268430352211,0.5297801494598389,-0.059754565358161926,0.4774514138698578,0.6619183421134949,-0.047018736600875854,0.5099279880523682,0.5788925290107727,-0.06464046984910965,0.48902198672294617,0.5660025477409363,-0.05145067721605301,0.4731847047805786,0.587571382522583,-0.03846371918916702,0.48765337467193604,0.6952646970748901,-0.0428800955414772,0.5085121989250183,0.6245831847190857,-0.04938839375972748,0.49121737480163574,0.6187678575515747,-0.037884440273046494,0.4779239594936371,0.6399013996124268,-0.027571195736527443,U
0.35820645093917847,0.7472725510597229,6.101617486820032e-07,0.34690120816230774,0.6387234330177307,-0.02046862058341503,0.35846853256225586,0.5034917593002319,-0.03625159710645676,0.3582782745361328,0.3921188712120056,-0.04901844263076782,0.3450191020965576,0.3130894601345062,-0.06094291806221008,0.3943823277950287,0.5351836681365967,-0.04515125975012779,0.45949697494506836,0.46997445821762085,-0.06744980812072754,0.5026917457580566,0.424233615398407,-0.07746870070695877,0.5369312763214111,0.39069077372550964,-0.08163811266422272,0.41727352142333984,0.5843191146850586,-0.04275147244334221,0.47884154319763184,0.4964744746685028,-0.06623111665248871,0.4985380470752716,0.4384254217147827,-0.071799635887146,0.509209930896759,0.40423643589019775,-0.07158128917217255,0.4362809956073761,0.6405941843986511,-0.0393446683883667,0.4611241817474365,0.605345606803894,-0.06079062446951866,0.4392075538635254,0.6164215207099915,-0.05241292342543602,0.41704750061035156,0.6362192630767822,-0.039140067994594574,0.45028337836265564,0.6938130259513855,-0.036613643169403076,0.45907917618751526,0.6613406538963318,-0.04367329552769661,0.4410637319087982,0.6761687397956848,-0.030056675896048546,0.42466744780540466,0.6936733722686768,-0.01624489575624466,U
0.37108346819877625,0.70747971534729,8.798429718126499e-08,0.3564757704734802,0.604508638381958,-0.020996838808059692,0.37063583731651306,0.47355353832244873,-0.03925374150276184,0.37096166610717773,0.3698415160179138,-0.05290409177541733,0.3571915924549103,0.2865574359893799,-0.0667056068778038,0.4154549539089203,0.5165992975234985,-0.05931905657052994,0.4890933334827423,0.4310465157032013,-0.07914751768112183,0.5281298160552979,0.3806614875793457,-0.08535067737102509,0.558146595954895,0.3475490212440491,-0.08848834037780762,0.44209370017051697,0.5802497267723083,-0.055950019508600235,0.49600669741630554,0.5017826557159424,-0.08042465895414352,0.4695793688297272,0.49599501490592957,-0.07505802065134048,0.44390642642974854,0.5174356698989868,-0.06681963056325912,0.4599051773548126,0.6365143656730652,-0.05150355026125908,0.4992902874946594,0.5600728392601013,-0.06920840591192245,0.47616544365882874,0.557745099067688,-0.05339351296424866,0.45525652170181274,0.5779164433479309,-0.039555639028549194,0.47335636615753174,0.6781649589538574,-0.04774187132716179,0.4969872236251831,0.6067165732383728,-0.05454722046852112,0.4753062129020691,0.6148449182510376,-0.039624422788619995,0.4580099582672119,0.6384758353233337,-0.02719736285507679,U
0.3913043141365051,0.6637700796127319,1.3292989820001821e-07,0.38112741708755493,0.5518770813941956,-0.019944770261645317,0.3922790288925171,0.4147019386291504,-0.038574766367673874,0.3894968032836914,0.3047146797180176,-0.05418044701218605,0.3770650625228882,0.21924981474876404,-0.0698222890496254,0.4377610683441162,0.453810453414917,-0.056974757462739944,0.5159125924110413,0.3690352141857147,-0.07875537127256393,0.5577361583709717,0.31266501545906067,-0.08551056683063507,0.5877478718757629,0.2683309316635132,-0.08940304070711136,0.4630979895591736,0.5155180096626282,-0.056520234793424606,0.506667971611023,0.4405222535133362,-0.08532597124576569,0.4811753034591675,0.44715118408203125,-0.082694873213768,0.45733562111854553,0.47313904762268066,-0.07593393325805664,0.48083430528640747,0.5752205848693848,-0.05513468012213707,0.5069521069526672,0.5122853517532349,-0.07718484103679657,0.48523470759391785,0.5206109881401062,-0.062384165823459625,0.4659985303878784,0.5431050062179565,-0.04817720130085945,0.4948698878288269,0.6245973706245422,-0.05441586300730705,0.5114588737487793,0.5637170672416687,-0.06300638616085052,0.4908609092235565,0.5756039619445801,-0.04902402311563492,0.47587868571281433,0.5964208841323853,-0.0367329902946949,U
0.4062330424785614,0.6659635305404663,1.621632428339126e-08,0.38464611768722534,0.5481880307197571,-0.018262682482600212,0.3918693959712982,0.3993934690952301,-0.03839064761996269,0.3867259621620178,0.2770192325115204,-0.05554337427020073,0.3678871989250183,0.18284615874290466,-0.07373220473527908,0.45149192214012146,0.4281122088432312,-0.06048940494656563,0.528089702129364,0.32520538568496704,-0.08440344035625458,0.5685163736343384,0.2602882981300354,-0.09414849430322647,0.5993257164955139,0.2133566290140152,-0.10001372545957565,0.48285454511642456,0.4920225143432617,-0.059904199093580246,0.528123140335083,0.4221816062927246,-0.08702587336301804,0.49895960092544556,0.4305756986141205,-0.08180344104766846,0.4736020565032959,0.4604758620262146,-0.07418030500411987,0.5025211572647095,0.559941291809082,-0.05803317576646805,0.5274029970169067,0.4965094029903412,-0.08058378100395203,0.5033673644065857,0.5108078122138977,-0.06419031322002411,0.4842432737350464,0.5405267477035522,-0.049535706639289856,0.5181758403778076,0.6170936226844788,-0.056141793727874756,0.5292906761169434,0.5551897287368774,-0.06468020379543304,0.5060869455337524,0.576994776725769,-0.047124650329351425,0.49142053723335266,0.6074068546295166,-0.03263220191001892,U
0.3939557671546936,0.6974778175354004,5.8568481620113744e-08,0.3676822781562805,0.5698013305664062,-0.023828832432627678,0.3751679062843323,0.4086453318595886,-0.04495272785425186,0.3707278072834015,0.28271356225013733,-0.060552649199962616,0.3499138355255127,0.18805921077728271,-0.07639233022928238,0.43993744254112244,0.46637263894081116,-0.07054061442613602,0.5227935314178467,0.34844771027565,-0.09078184515237808,0.5630440711975098,0.27352267503738403,-0.09473846107721329,0.5939859747886658,0.2221616804599762,-0.09650567919015884,0.4775037169456482,0.5373193621635437,-0.06597161293029785,0.5295398831367493,0.41214802861213684,-0.09108856320381165,0.49827325344085693,0.3984180688858032,-0.08331797271966934,0.471569687128067,0.4281068742275238,-0.07348576188087463,0.5027769804000854,0.5964492559432983,-0.059589847922325134,0.5373735427856445,0.4751032590866089,-0.07812778651714325,0.508891224861145,0.4686133861541748,-0.05997176095843315,0.4871838092803955,0.4977225363254547,-0.04430879279971123,0.5220475792884827,0.6371252536773682,-0.05375513434410095,0.5387506484985352,0.5260887145996094,-0.06020085886120796,0.5144286155700684,0.530093252658844,-0.04373239353299141,0.49779629707336426,0.5619900226593018,-0.030073141679167747,U
0.39033639430999756,0.6995013952255249,3.8407172553434066e-08,0.3652825951576233,0.567763090133667,-0.02399143949151039,0.36997365951538086,0.4104885756969452,-0.045326072722673416,0.36371755599975586,0.2854907810688019,-0.06157751381397247,0.344265878200531,0.1925661861896515,-0.07752035558223724,0.4338160753250122,0.47142529487609863,-0.06759151071310043,0.5127401351928711,0.3578554689884186,-0.08766746520996094,0.5533397197723389,0.2863961458206177,-0.09122250229120255,0.5847240090370178,0.2339215874671936,-0.09280630946159363,0.47298821806907654,0.5379266738891602,-0.0633738562464714,0.5204299092292786,0.414308100938797,-0.08760186284780502,0.490418404340744,0.4047955274581909,-0.0803302526473999,0.4649805426597595,0.4341079592704773,-0.07125969231128693,0.4997367262840271,0.590419352054596,-0.05767345055937767,0.5307785272598267,0.4690134823322296,-0.07613404840230942,0.5038407444953918,0.46485885977745056,-0.059308867901563644,0.4835609197616577,0.493627667427063,-0.04445913806557655,0.5196014046669006,0.6236998438835144,-0.05269913375377655,0.5372536182403564,0.5096811652183533,-0.059353411197662354,0.5146361589431763,0.5097347497940063,-0.04434458166360855,0.49859002232551575,0.5391030311584473,-0.03155071288347244,U
0.3686563968658447,0.7116625308990479,8.377885762911319e-08,0.3440156579017639,0.5757299065589905,-0.02623605728149414,0.3502291440963745,0.4114816188812256,-0.04702625423669815,0.34549480676651,0.282461941242218,-0.0615144781768322,0.3238823115825653,0.1951165497303009,-0.07563851028680801,0.4107769727706909,0.48284292221069336,-0.07025576382875443,0.4930996894836426,0.37423309683799744,-0.08983094990253448,0.5336862802505493,0.3042052388191223,-0.09297508746385574,0.5660951733589172,0.25186777114868164,-0.09485289454460144,0.45357951521873474,0.549773633480072,-0.0639723464846611,0.4992222785949707,0.4191804528236389,-0.08706206828355789,0.46740153431892395,0.40534263849258423,-0.07866303622722626,0.44292235374450684,0.43440020084381104,-0.06931319087743759,0.4814053773880005,0.6012033820152283,-0.05628528818488121,0.5073361396789551,0.47535786032676697,-0.07285699993371964,0.479966938495636,0.46704843640327454,-0.05566287040710449,0.4608617424964905,0.4950154423713684,-0.04119333624839783,0.5014692544937134,0.632218062877655,-0.04959045723080635,0.5143431425094604,0.5173516869544983,-0.05470922216773033,0.4925045967102051,0.512759268283844,-0.04064466431736946,0.477490097284317,0.5382063388824463,-0.02921757660806179,U
0.37855252623558044,0.6995121836662292,4.785774976312496e-08,0.3564192056655884,0.5637999176979065,-0.02198133058845997,0.3666037917137146,0.4052116274833679,-0.042699020355939865,0.3635796010494232,0.2774314880371094,-0.058444615453481674,0.3457675278186798,0.18242761492729187,-0.07429222017526627,0.4292580783367157,0.46914801001548767,-0.06578060984611511,0.5119361281394958,0.3624282777309418,-0.0841575339436531,0.5532693862915039,0.2989595830440521,-0.08650410920381546,0.5861063003540039,0.2530117630958557,-0.08732633292675018,0.4662793278694153,0.5402722358703613,-0.062061432749032974,0.5188703536987305,0.4180094301700592,-0.08426113426685333,0.4894387722015381,0.4043860137462616,-0.07664160430431366,0.46407830715179443,0.42944100499153137,-0.0675530955195427,0.49157747626304626,0.5979898571968079,-0.056402888149023056,0.5249506831169128,0.47718125581741333,-0.07221226394176483,0.4977003335952759,0.4710950255393982,-0.054674942046403885,0.4770904779434204,0.497188925743103,-0.03994844853878021,0.5108948945999146,0.6364612579345703,-0.05131959542632103,0.530274510383606,0.5238385200500488,-0.055954381823539734,0.5076749324798584,0.5241706967353821,-0.039888832718133926,0.491140753030777,0.5518147349357605,-0.026689400896430016,U
0.3736395239830017,0.6924279928207397,7.3683949608494e-08,0.352036714553833,0.5580739974975586,-0.02265545353293419,0.3626443147659302,0.39729249477386475,-0.04261176288127899,0.3626047372817993,0.2700681984424591,-0.05755976587533951,0.3470797836780548,0.17596957087516785,-0.07222091406583786,0.4227873682975769,0.45498284697532654,-0.06187458708882332,0.5032653212547302,0.35379597544670105,-0.08187852799892426,0.5456934571266174,0.2898527979850769,-0.08669249713420868,0.5807745456695557,0.24368718266487122,-0.0892331451177597,0.46109217405319214,0.5258522629737854,-0.059010859578847885,0.5200796723365784,0.4064873456954956,-0.08455177396535873,0.4909844994544983,0.3976336121559143,-0.07936684787273407,0.464158296585083,0.4262658357620239,-0.07046794891357422,0.4877549707889557,0.5862253308296204,-0.05457073822617531,0.5274251103401184,0.471488356590271,-0.07335510849952698,0.4999341368675232,0.4666486978530884,-0.05658243969082832,0.477931946516037,0.49313583970069885,-0.04076555371284485,0.50728440284729,0.6298857927322388,-0.05084298178553581,0.5318348407745361,0.5223881006240845,-0.056040044873952866,0.5083321332931519,0.5228375196456909,-0.03966131806373596,0.49019184708595276,0.5510386228561401,-0.02580844797194004,U
0.3698340058326721,0.6892411112785339,8.382555982677786e-09,0.34820547699928284,0.5503683090209961,-0.022070594131946564,0.3586794435977936,0.396203875541687,-0.04279603436589241,0.36082518100738525,0.26921546459198,-0.0581684410572052,0.3449547588825226,0.17268294095993042,-0.0736030787229538,0.4260668158531189,0.4545474946498871,-0.06550823897123337,0.505627453327179,0.3446088433265686,-0.08209021389484406,0.5450516939163208,0.27736324071884155,-0.0833176001906395,0.5751640200614929,0.22874964773654938,-0.08366864174604416,0.462945818901062,0.5262304544448853,-0.0608183890581131,0.5138829946517944,0.4104660749435425,-0.07999640703201294,0.4865204691886902,0.4017564654350281,-0.07063275575637817,0.4620509743690491,0.4291078746318817,-0.06149799004197121,0.48735013604164124,0.5863893032073975,-0.05423805117607117,0.5197196006774902,0.47426673769950867,-0.06738598644733429,0.49431100487709045,0.4720672070980072,-0.04929104074835777,0.47379767894744873,0.4991869032382965,-0.03558826446533203,0.5056183338165283,0.6292649507522583,-0.04833430424332619,0.525192141532898,0.526222288608551,-0.05161106586456299,0.5031677484512329,0.5298997163772583,-0.035623468458652496,0.48707064986228943,0.5577902793884277,-0.023307427763938904,U
0.3638385236263275,0.6969374418258667,1.362809776139784e-08,0.3405005931854248,0.5589503049850464,-0.020834868773818016,0.3485659062862396,0.4000876545906067,-0.040577035397291183,0.34570038318634033,0.27264124155044556,-0.05584346130490303,0.32804667949676514,0.1763223111629486,-0.0711791068315506,0.4161093235015869,0.4551036059856415,-0.06045772135257721,0.4958435893058777,0.3475474715232849,-0.07677440345287323,0.5369004607200623,0.28077954053878784,-0.07866417616605759,0.5685433149337769,0.23385141789913177,-0.07959990948438644,0.4545426070690155,0.5252686142921448,-0.05714837834239006,0.5049238204956055,0.4133279323577881,-0.07699976116418839,0.4779198169708252,0.40424469113349915,-0.06965671479701996,0.45350778102874756,0.4321669042110443,-0.06165062636137009,0.48074978590011597,0.58561110496521,-0.05208984762430191,0.5129485726356506,0.47404924035072327,-0.06562995910644531,0.4882621765136719,0.4705085754394531,-0.048743512481451035,0.4683951735496521,0.4975062906742096,-0.03560437634587288,0.5005841255187988,0.6290099620819092,-0.04766770079731941,0.5206229090690613,0.5237693190574646,-0.05047675222158432,0.498790979385376,0.5262138843536377,-0.034443199634552,0.4825415015220642,0.5550164580345154,-0.021947789937257767,U
0.3699931502342224,0.6866975426673889,3.8741330143921004e-08,0.34609076380729675,0.5569534301757812,-0.022807715460658073,0.35244715213775635,0.39617258310317993,-0.0439571775496006,0.35218146443367004,0.26659154891967773,-0.0600002184510231,0.33272504806518555,0.17352929711341858,-0.07609639316797256,0.41716426610946655,0.45492789149284363,-0.06366612762212753,0.49795547127723694,0.354749470949173,-0.08224421739578247,0.5399399995803833,0.2896064817905426,-0.08574441075325012,0.5728799700737,0.24399138987064362,-0.08778323978185654,0.45544371008872986,0.5245816111564636,-0.060152702033519745,0.5136367082595825,0.40578123927116394,-0.08469381183385849,0.48493218421936035,0.39858633279800415,-0.07894805818796158,0.45661213994026184,0.42754361033439636,-0.07021187990903854,0.48275503516197205,0.5844611525535583,-0.05473150685429573,0.5211454033851624,0.47308316826820374,-0.07263106852769852,0.4941563606262207,0.4717828035354614,-0.055418454110622406,0.47077563405036926,0.4980892837047577,-0.04010111838579178,0.5041691064834595,0.6292447447776794,-0.0498986653983593,0.5266554951667786,0.5247332453727722,-0.05529467761516571,0.5031547546386719,0.5302818417549133,-0.03877653181552887,0.484844446182251,0.5584006905555725,-0.025133222341537476,U
0.3676588535308838,0.6963382959365845,2.8943500041123116e-08,0.3458859920501709,0.5558817982673645,-0.020735563710331917,0.35354048013687134,0.39953330159187317,-0.041057903319597244,0.3524537682533264,0.27249181270599365,-0.0567353181540966,0.3372388482093811,0.17690297961235046,-0.07226845622062683,0.4207061529159546,0.4550148546695709,-0.06031506881117821,0.5010116100311279,0.35232728719711304,-0.07662884145975113,0.5412888526916504,0.2866736948490143,-0.07830104231834412,0.5728310942649841,0.24034000933170319,-0.07916310429573059,0.45812278985977173,0.5253555178642273,-0.05697439983487129,0.510887622833252,0.41248026490211487,-0.07633824646472931,0.48374199867248535,0.4031214118003845,-0.06830161064863205,0.45930543541908264,0.43092647194862366,-0.05989234149456024,0.48333731293678284,0.5859944224357605,-0.05190329626202583,0.5177887678146362,0.4752103090286255,-0.06481613963842392,0.4924110174179077,0.47213906049728394,-0.04697377607226372,0.47159111499786377,0.4994274973869324,-0.03329665586352348,0.5024868249893188,0.6309919953346252,-0.04757284000515938,0.5235067009925842,0.5288907289505005,-0.050077781081199646,0.5012966990470886,0.5319193601608276,-0.03377502039074898,0.4844006299972534,0.5601893663406372,-0.021160870790481567,U
0.37175142765045166,0.6832780838012695,2.3900037504631655e-08,0.3499240279197693,0.5464141964912415,-0.019542982801795006,0.36006492376327515,0.3934401571750641,-0.0392586775124073,0.36148250102996826,0.26922428607940674,-0.05453681945800781,0.34444403648376465,0.17574471235275269,-0.06978292018175125,0.42398491501808167,0.4460008144378662,-0.059530358761548996,0.5029876828193665,0.34152981638908386,-0.07566537708044052,0.5428887009620667,0.27581098675727844,-0.07767190039157867,0.5734360218048096,0.22930079698562622,-0.07881131023168564,0.460722953081131,0.515548050403595,-0.05704626813530922,0.5132594704627991,0.4063664674758911,-0.07603860646486282,0.4875885844230652,0.3974721431732178,-0.06827089935541153,0.4630544185638428,0.4241688549518585,-0.060199763625860214,0.4862537980079651,0.5763622522354126,-0.05273539200425148,0.5202547311782837,0.46870338916778564,-0.06566555052995682,0.496510773897171,0.4664657413959503,-0.04855061694979668,0.4758380949497223,0.4938458800315857,-0.035467687994241714,0.5061464309692383,0.6221157908439636,-0.04906662553548813,0.5259597897529602,0.5211063027381897,-0.05253966525197029,0.5053355097770691,0.525642991065979,-0.03707963973283768,0.4894225597381592,0.5553146600723267,-0.02487361989915371,U
0.4045637845993042,0.5360300540924072,8.484651914386632e-08,0.3861386775970459,0.4096582233905792,-0.00472763879224658,0.3939586281776428,0.2756786048412323,-0.015292604453861713,0.39282235503196716,0.1676565408706665,-0.025436213240027428,0.37779372930526733,0.09315946698188782,-0.03563150763511658,0.4574885964393616,0.28198927640914917,-0.02673954889178276,0.518264651298523,0.2070891112089157,-0.03591711446642876,0.550887942314148,0.160735085606575,-0.037882763892412186,0.5768347978591919,0.12720829248428345,-0.03926176205277443,0.48645374178886414,0.3365577459335327,-0.029311228543519974,0.5238382816314697,0.27262717485427856,-0.03594251722097397,0.5032064914703369,0.2765190005302429,-0.027203168720006943,0.4836861193180084,0.30094122886657715,-0.02060328982770443,0.5033037662506104,0.40114349126815796,-0.03055681847035885,0.5290372967720032,0.3400649130344391,-0.03647766634821892,0.512520968914032,0.34879881143569946,-0.022887764498591423,0.4947793781757355,0.37420573830604553,-0.013233581557869911,0.5151792168617249,0.4630354046821594,-0.03133450821042061,0.5324378609657288,0.4093380272388458,-0.028373882174491882,0.5170660614967346,0.41818922758102417,-0.013098045252263546,0.5008053779602051,0.44058534502983093,-0.0018935365369543433,U
0.4137187898159027,0.496921569108963,-5.996958662990437e-08,0.39981284737586975,0.37774503231048584,0.0006992674898356199,0.41008949279785156,0.2512209415435791,-0.00628901831805706,0.4110341966152191,0.15266209840774536,-0.013430234044790268,0.3979249894618988,0.08889986574649811,-0.02127678506076336,0.46644991636276245,0.26317089796066284,-0.02266876958310604,0.5220630764961243,0.19274410605430603,-0.03158803656697273,0.5527066588401794,0.152342289686203,-0.03442465141415596,0.5777788162231445,0.12349745631217957,-0.036459457129240036,0.49216508865356445,0.3150404989719391,-0.026624711230397224,0.5293603539466858,0.2583855986595154,-0.031835682690143585,0.5087822675704956,0.2683066129684448,-0.02268367074429989,0.4888090193271637,0.2921397089958191,-0.01603248529136181,0.5086989402770996,0.3771640956401825,-0.028834106400609016,0.5341454744338989,0.32107874751091003,-0.032251592725515366,0.5173141956329346,0.33357876539230347,-0.017925823107361794,0.5000612139701843,0.35816991329193115,-0.008373108692467213,0.5202440023422241,0.43860653042793274,-0.030213957652449608,0.537053644657135,0.3877675533294678,-0.02644904889166355,0.5210508108139038,0.3985023498535156,-0.010910890065133572,0.5069822669029236,0.42027410864830017,0.00018928799545392394,U
0.4142199456691742,0.5635369420051575,3.099538048445538e-08,0.3982374668121338,0.4615326225757599,-0.012578669004142284,0.4059658646583557,0.348868727684021,-0.02519037202000618,0.4093179702758789,0.2551450729370117,-0.0362362377345562,0.3992692530155182,0.18517285585403442,-0.04676134139299393,0.45621681213378906,0.361603707075119,-0.03215169534087181,0.5057412385940552,0.2884543538093567,-0.044507503509521484,0.5359095931053162,0.2438506782054901,-0.04853113368153572,0.5594232678413391,0.21198268234729767,-0.05137435719370842,0.4813050329685211,0.4096046984195709,-0.032861966639757156,0.5094741582870483,0.3476887345314026,-0.047022491693496704,0.49459272623062134,0.3504714071750641,-0.04436885938048363,0.4808542728424072,0.36949974298477173,-0.040437232702970505,0.49767810106277466,0.4627348482608795,-0.03308059647679329,0.5148438811302185,0.4047720432281494,-0.04363453760743141,0.5016749501228333,0.4073356091976166,-0.03438501060009003,0.4900280833244324,0.42502424120903015,-0.026719512417912483,0.5090561509132385,0.5112682580947876,-0.03388991951942444,0.5177887678146362,0.4600035548210144,-0.03670618683099747,0.5047511458396912,0.46081817150115967,-0.0279316958039999,0.49559158086776733,0.4744337201118469,-0.020558783784508705,U
0.40377670526504517,0.685603141784668,-2.835135681777956e-08,0.3949803113937378,0.5955874919891357,-0.00819203071296215,0.4035618007183075,0.49337610602378845,-0.017175182700157166,0.4029664397239685,0.4117303192615509,-0.024827251210808754,0.38988783955574036,0.3584054708480835,-0.03229115530848503,0.43902766704559326,0.5194919109344482,-0.02573981322348118,0.48553505539894104,0.4555729627609253,-0.03596844896674156,0.5093528628349304,0.41668444871902466,-0.038936492055654526,0.5292338728904724,0.38883936405181885,-0.04082894325256348,0.45962589979171753,0.5607579946517944,-0.026578372344374657,0.4945054352283478,0.49425914883613586,-0.039560142904520035,0.4774151146411896,0.48831209540367126,-0.03645474836230278,0.46086493134498596,0.5044604539871216,-0.03144429996609688,0.47404223680496216,0.6027270555496216,-0.026496339589357376,0.5016849040985107,0.5402907729148865,-0.03577461838722229,0.4858778119087219,0.5372781753540039,-0.02582462504506111,0.47120311856269836,0.5535619854927063,-0.016858145594596863,0.485066682100296,0.6420995593070984,-0.026673896238207817,0.5047507882118225,0.5893114805221558,-0.028553448617458344,0.4898775815963745,0.5901021957397461,-0.018366189673542976,0.4766668677330017,0.6070799231529236,-0.009875746443867683,U
0.406719833612442,0.6631657481193542,5.215621001752879e-08,0.3997795283794403,0.5786063075065613,-0.005775627214461565,0.41050469875335693,0.48065996170043945,-0.013853374868631363,0.41174665093421936,0.40396296977996826,-0.021148383617401123,0.4011920690536499,0.35192370414733887,-0.02854960970580578,0.44216328859329224,0.49900540709495544,-0.02253483608365059,0.4871199131011963,0.4463399052619934,-0.031867172569036484,0.5124645233154297,0.41569024324417114,-0.03566828742623329,0.5335102081298828,0.39431238174438477,-0.038587793707847595,0.4582085609436035,0.5386835336685181,-0.0252055861055851,0.49725934863090515,0.4904240667819977,-0.03706321120262146,0.4820750653743744,0.49568939208984375,-0.034676454961299896,0.46487873792648315,0.5126993060112,-0.03091288171708584,0.4702584147453308,0.5836395621299744,-0.026875164359807968,0.5029129981994629,0.5373464822769165,-0.03542637452483177,0.48901307582855225,0.5449820756912231,-0.025472557172179222,0.47400373220443726,0.561720609664917,-0.0172280240803957,0.4795796871185303,0.6284198760986328,-0.02860345132648945,0.5026753544807434,0.5865975618362427,-0.030870279297232628,0.4896223843097687,0.5938668251037598,-0.020707139745354652,0.47717541456222534,0.6095574498176575,-0.012667306698858738,U
0.40721896290779114,0.6511070132255554,2.9619304342531905e-08,0.4014514088630676,0.5714902877807617,-0.004673835355788469,0.4118117392063141,0.47802087664604187,-0.01249683927744627,0.4137570858001709,0.4043097496032715,-0.019819475710392,0.40477997064590454,0.353583425283432,-0.02740504965186119,0.4422522783279419,0.4890129566192627,-0.0220002681016922,0.4856131076812744,0.4385092854499817,-0.0319424532353878,0.5108857750892639,0.4101670980453491,-0.03619081899523735,0.5316262245178223,0.3900536000728607,-0.0393097884953022,0.4568568170070648,0.5264371037483215,-0.025506215170025826,0.49560457468032837,0.4835628271102905,-0.03746534511446953,0.4817386269569397,0.494168758392334,-0.03461943939328194,0.4650484025478363,0.5117795467376709,-0.030517103150486946,0.46869391202926636,0.571210503578186,-0.028095826506614685,0.5010830760002136,0.5309827923774719,-0.037135183811187744,0.48856136202812195,0.5424010157585144,-0.026820242404937744,0.4740654528141022,0.5590221285820007,-0.01826833002269268,0.4785032272338867,0.6174797415733337,-0.030658327043056488,0.5011203289031982,0.579157829284668,-0.03357361629605293,0.4884239137172699,0.5897392630577087,-0.023143615573644638,0.47642454504966736,0.6059165596961975,-0.01475381851196289,U
0.4096764326095581,0.6489340662956238,1.9655116645367343e-08,0.4034903943538666,0.5673866271972656,-0.003984530922025442,0.4145919680595398,0.47402289509773254,-0.010793554596602917,0.41809821128845215,0.4008568227291107,-0.017057165503501892,0.41036903858184814,0.35120296478271484,-0.023505475372076035,0.4455779492855072,0.4873271584510803,-0.02075214311480522,0.4890948534011841,0.4381813704967499,-0.029925929382443428,0.5136818885803223,0.4100057780742645,-0.03376917913556099,0.5342941880226135,0.39004936814308167,-0.036670710891485214,0.46091321110725403,0.525743842124939,-0.023931514471769333,0.4973925054073334,0.48153793811798096,-0.03490908443927765,0.48280906677246094,0.4883648753166199,-0.031904302537441254,0.46614789962768555,0.505424439907074,-0.0278465636074543,0.47247499227523804,0.5697968006134033,-0.026117462664842606,0.501964807510376,0.5280774235725403,-0.03395689278841019,0.4892635643482208,0.5366016030311584,-0.02390081249177456,0.4751502275466919,0.5529887676239014,-0.0157222431153059,0.48152488470077515,0.614372730255127,-0.02827337197959423,0.501542329788208,0.5757684111595154,-0.030231846496462822,0.4884284436702728,0.5834593772888184,-0.020150024443864822,0.4763946533203125,0.598870038986206,-0.012118556536734104,U
0.4187820255756378,0.6442795395851135,3.743310372783526e-08,0.4141777753829956,0.5680950284004211,-0.0065194689668715,0.42536184191703796,0.47920459508895874,-0.014315346255898476,0.42746827006340027,0.40956956148147583,-0.02165302075445652,0.41810354590415955,0.3603362441062927,-0.029103673994541168,0.4568774998188019,0.4935973584651947,-0.019765853881835938,0.49854373931884766,0.4482722282409668,-0.028274359181523323,0.5225117802619934,0.42212405800819397,-0.03223264589905739,0.5428454875946045,0.4031831622123718,-0.035565007477998734,0.47062334418296814,0.5310477018356323,-0.022705402225255966,0.506655216217041,0.4929831027984619,-0.03464432433247566,0.4929949939250946,0.4996071457862854,-0.03397982195019722,0.47699832916259766,0.5151511430740356,-0.031494613736867905,0.48093360662460327,0.5742443799972534,-0.02493424341082573,0.5102621912956238,0.5373327732086182,-0.03401710465550423,0.4975586533546448,0.5467026233673096,-0.025525212287902832,0.48365092277526855,0.562775731086731,-0.018285706639289856,0.4893608093261719,0.6182414889335632,-0.027464238926768303,0.5116778612136841,0.5843732357025146,-0.031012332066893578,0.49866825342178345,0.5921006202697754,-0.022288409993052483,0.48618215322494507,0.6073139905929565,-0.015094363130629063,U
0.428946316242218,0.6703070998191833,-2.1903698299574614e-10,0.42681825160980225,0.5900656580924988,-0.0042597828432917595,0.44301363825798035,0.5050626993179321,-0.01082915160804987,0.4492676258087158,0.43605369329452515,-0.01666874624788761,0.44232210516929626,0.3858320116996765,-0.022716248407959938,0.474437415599823,0.5242407917976379,-0.01894434541463852,0.5175284147262573,0.4821978211402893,-0.0258858110755682,0.5413563847541809,0.45676589012145996,-0.0279240645468235,0.5607014894485474,0.43938586115837097,-0.02960577979683876,0.4889003038406372,0.5641377568244934,-0.020679689943790436,0.521908700466156,0.5234423279762268,-0.028527645394206047,0.5076075792312622,0.5228013396263123,-0.025119269266724586,0.4924491345882416,0.5350719094276428,-0.021385587751865387,0.4977741837501526,0.6062528491020203,-0.021403219550848007,0.523059070110321,0.5666869878768921,-0.026780404150485992,0.5106838941574097,0.5699604749679565,-0.01811639405786991,0.4974549412727356,0.5839672088623047,-0.011404684744775295,0.5036642551422119,0.6457533836364746,-0.02206036075949669,0.5212393999099731,0.6083091497421265,-0.022425614297389984,0.5097688436508179,0.6124356985092163,-0.013437753543257713,0.4990364611148834,0.6266942024230957,-0.006403768435120583,U
0.4295417070388794,0.6668813824653625,-6.080327352719905e-10,0.42679518461227417,0.586679995059967,-0.004740768112242222,0.4416440725326538,0.5028453469276428,-0.01143034640699625,0.44829806685447693,0.43432942032814026,-0.017179105430841446,0.44248294830322266,0.3851129412651062,-0.02304479293525219,0.47371697425842285,0.5247440934181213,-0.01923517696559429,0.5166574716567993,0.48217156529426575,-0.026128824800252914,0.5404821634292603,0.4564487636089325,-0.02817472256720066,0.5593604445457458,0.43909144401550293,-0.029882771894335747,0.4882030487060547,0.5645535588264465,-0.020581483840942383,0.5208009481430054,0.5234885215759277,-0.028312506154179573,0.5073038339614868,0.5235109329223633,-0.024734411388635635,0.4924474358558655,0.5361973643302917,-0.02089044824242592,0.49718716740608215,0.6063845753669739,-0.020943980664014816,0.5222665071487427,0.5661498308181763,-0.026145659387111664,0.5105800628662109,0.5694996118545532,-0.017142506316304207,0.49787434935569763,0.5827535390853882,-0.010316969826817513,0.5032089948654175,0.6458877325057983,-0.021277841180562973,0.519938051700592,0.6091704368591309,-0.02183331549167633,0.5084189176559448,0.6135482788085938,-0.012647060677409172,0.49822571873664856,0.6271440386772156,-0.005477303173393011,U
0.4306434988975525,0.6636685729026794,-4.026059041706276e-09,0.4287942051887512,0.5856560468673706,-0.004952007904648781,0.4423740804195404,0.5036497116088867,-0.012293534353375435,0.4489995241165161,0.43629294633865356,-0.018735649064183235,0.4431038200855255,0.3864903450012207,-0.025299444794654846,0.474999338388443,0.525429368019104,-0.0205070897936821,0.5178915858268738,0.4820385277271271,-0.028010979294776917,0.541348397731781,0.45669054985046387,-0.030212370678782463,0.5599846839904785,0.43963634967803955,-0.03181440383195877,0.48915502429008484,0.5640466213226318,-0.02187386155128479,0.5220497846603394,0.523199200630188,-0.030164627358317375,0.5085518956184387,0.5233193039894104,-0.026557395234704018,0.4934959411621094,0.5359675288200378,-0.02266394905745983,0.4982059895992279,0.6048452258110046,-0.022279441356658936,0.5235390067100525,0.5660852193832397,-0.02780350111424923,0.511436939239502,0.5696423649787903,-0.018763165920972824,0.4982224106788635,0.5830594301223755,-0.011855361983180046,0.504824697971344,0.6440292596817017,-0.022688621655106544,0.5212628245353699,0.6081223487854004,-0.023305874317884445,0.5096322298049927,0.6122012734413147,-0.014259305782616138,0.49929654598236084,0.6248899102210999,-0.007181056775152683,U
0.4312589764595032,0.6706186532974243,3.033042483835402e-09,0.4290933907032013,0.5906952619552612,-0.005089784041047096,0.4435928463935852,0.5068674087524414,-0.01253259927034378,0.4493718445301056,0.43833231925964355,-0.019103506579995155,0.44229641556739807,0.38803473114967346,-0.025705620646476746,0.4766467213630676,0.5288404822349548,-0.01993878185749054,0.5207151174545288,0.487979531288147,-0.026489442214369774,0.5444778203964233,0.46240565180778503,-0.02798381634056568,0.562856912612915,0.444825142621994,-0.029441388323903084,0.4908941388130188,0.568524181842804,-0.021448863670229912,0.5236664414405823,0.5287202596664429,-0.02928193099796772,0.5099526047706604,0.5291152000427246,-0.025689871981739998,0.4949263632297516,0.5423130989074707,-0.02201094478368759,0.4998086094856262,0.6104840636253357,-0.022000696510076523,0.5244555473327637,0.5711930990219116,-0.027448616921901703,0.5125163793563843,0.5754976868629456,-0.018522048369050026,0.49948668479919434,0.5899991393089294,-0.011889515444636345,0.5061931610107422,0.6505914926528931,-0.02258480153977871,0.5222965478897095,0.6143906712532043,-0.023545220494270325,0.5110671520233154,0.619547426700592,-0.014817173592746258,0.5008574724197388,0.6340184807777405,-0.00802681501954794,U
0.43092894554138184,0.6771690845489502,-5.943055825241572e-09,0.4277552664279938,0.597046971321106,-0.0055405753664672375,0.4416079521179199,0.5143793821334839,-0.013470078818500042,0.44826459884643555,0.4448329508304596,-0.01994508132338524,0.44176653027534485,0.39311784505844116,-0.026540635153651237,0.4758390188217163,0.5373678207397461,-0.022421492263674736,0.5194470882415771,0.4929876923561096,-0.029406702145934105,0.5430784821510315,0.4661521315574646,-0.031023332849144936,0.5618594288825989,0.4480170011520386,-0.032313503324985504,0.49221354722976685,0.5780613422393799,-0.02281663753092289,0.5230423808097839,0.5315842032432556,-0.0300646610558033,0.5084940195083618,0.5295487642288208,-0.025592463091015816,0.49358537793159485,0.5433045625686646,-0.021289434283971786,0.5020729303359985,0.6188992261886597,-0.02208619937300682,0.5239596366882324,0.573638916015625,-0.026464181020855904,0.5111225247383118,0.5752561688423157,-0.017182758077979088,0.4983280301094055,0.5897318124771118,-0.010510257445275784,0.5087267160415649,0.6560158729553223,-0.021356290206313133,0.5208560228347778,0.6168143153190613,-0.02122960239648819,0.508567750453949,0.6209308505058289,-0.012266607023775578,0.49888476729393005,0.6351479887962341,-0.005450936034321785,U
0.43602296710014343,0.6997817754745483,-8.182993127547888e-08,0.4262038469314575,0.6153554916381836,-0.0058400328271090984,0.43061399459838867,0.5349574089050293,-0.01445736363530159,0.4296020269393921,0.467582643032074,-0.02212274633347988,0.42217642068862915,0.4171476364135742,-0.029762309044599533,0.4823521673679352,0.5541801452636719,-0.01952301152050495,0.5176483392715454,0.492130309343338,-0.02621266432106495,0.5357364416122437,0.4533933401107788,-0.028186704963445663,0.5479807257652283,0.4231175184249878,-0.029650913551449776,0.5023249983787537,0.5910671949386597,-0.018878208473324776,0.5114771127700806,0.5331042408943176,-0.024525320157408714,0.49617454409599304,0.5315528512001038,-0.019955694675445557,0.4853142201900482,0.5479475259780884,-0.016699738800525665,0.5126660466194153,0.6258825063705444,-0.0177228394895792,0.5158477425575256,0.5688873529434204,-0.022136807441711426,0.503173291683197,0.5708214044570923,-0.01499361451715231,0.49403417110443115,0.5883931517601013,-0.010307182557880878,0.5196752548217773,0.6548054814338684,-0.016636131331324577,0.519541323184967,0.6064149737358093,-0.016703348606824875,0.5068500638008118,0.609340488910675,-0.009284655563533306,0.49852269887924194,0.6260548233985901,-0.003650836180895567,U
0.44190919399261475,0.7209417223930359,-1.0691756102687577e-07,0.4307050108909607,0.635516345500946,-0.0034164167009294033,0.43365174531936646,0.5512585043907166,-0.010639050975441933,0.4314201772212982,0.48311716318130493,-0.017166873440146446,0.42146173119544983,0.4355447590351105,-0.02367054671049118,0.4889103174209595,0.5686271786689758,-0.017703935503959656,0.5236763954162598,0.5011328458786011,-0.023015687242150307,0.5390807390213013,0.459705650806427,-0.0240350179374218,0.5481972694396973,0.4263635277748108,-0.02483002096414566,0.5098329186439514,0.6031879186630249,-0.017516063526272774,0.5166635513305664,0.5425581932067871,-0.021322961896657944,0.501297116279602,0.5418529510498047,-0.0159438569098711,0.49119141697883606,0.558168351650238,-0.012556293047964573,0.5201845169067383,0.6351791620254517,-0.016463628038764,0.520426869392395,0.5767241716384888,-0.018648674711585045,0.5079911351203918,0.5794891119003296,-0.010957703925669193,0.49908754229545593,0.5971269607543945,-0.006551356986165047,0.5264033079147339,0.6600094437599182,-0.015325754880905151,0.5247959494590759,0.6118636131286621,-0.013635709881782532,0.5126073956489563,0.6164014935493469,-0.005516456440091133,0.5043351650238037,0.6335987448692322,0.000291030592052266,U
0.442344605922699,0.7213953733444214,-9.145380630570799e-08,0.43446746468544006,0.6363669037818909,-0.004435325041413307,0.43960535526275635,0.5524975061416626,-0.012058427557349205,0.43743932247161865,0.48223263025283813,-0.018422551453113556,0.4277312755584717,0.4328473210334778,-0.02466643787920475,0.4925709366798401,0.5730019211769104,-0.01952979899942875,0.5293391346931458,0.5073428153991699,-0.024226997047662735,0.5453184247016907,0.46718642115592957,-0.024282071739435196,0.5549003481864929,0.43551719188690186,-0.02408728189766407,0.5125323534011841,0.6098061203956604,-0.01743687130510807,0.5237574577331543,0.5493993163108826,-0.02007649652659893,0.5083926320075989,0.545428454875946,-0.01367536187171936,0.49719440937042236,0.5588082075119019,-0.009371996857225895,0.5222500562667847,0.6427633166313171,-0.014275101013481617,0.5258303880691528,0.5831857323646545,-0.015033007599413395,0.5131094455718994,0.5819979310035706,-0.007240009028464556,0.5027449131011963,0.5965294241905212,-0.0026648787315934896,0.5281946659088135,0.6678727269172668,-0.010959607549011707,0.5281383991241455,0.6180646419525146,-0.007762105669826269,0.5157081484794617,0.6186420917510986,0.0005224100896157324,0.5065759420394897,0.632362425327301,0.006418617442250252,U
0.44360998272895813,0.7206836938858032,-9.585669857870016e-08,0.43500152230262756,0.6360833048820496,-0.004813943523913622,0.440045565366745,0.553865373134613,-0.012913650833070278,0.4376920461654663,0.48493456840515137,-0.019913291558623314,0.4273851215839386,0.43533527851104736,-0.02689320780336857,0.4928795397281647,0.572781503200531,-0.01966487057507038,0.5293605327606201,0.5082868337631226,-0.025235436856746674,0.5453469157218933,0.4679180085659027,-0.026001159101724625,0.5547288656234741,0.43570855259895325,-0.026426203548908234,0.513096809387207,0.6090760231018066,-0.018230121582746506,0.5220683813095093,0.5505714416503906,-0.02184123732149601,0.5061016082763672,0.5490825772285461,-0.01586771197617054,0.4952819049358368,0.5636308193206787,-0.011935634538531303,0.5229908227920532,0.6419104337692261,-0.015971960499882698,0.5249062776565552,0.5846094489097595,-0.017866022884845734,0.5119954943656921,0.5871085524559021,-0.010063188150525093,0.5025456547737122,0.6034975647926331,-0.00551605224609375,0.5287326574325562,0.6669780611991882,-0.013699079863727093,0.5275796055793762,0.6195515990257263,-0.011430627666413784,0.5148517489433289,0.6230925917625427,-0.003361394861713052,0.5063567757606506,0.638721764087677,0.002346235793083906,U
0.44182148575782776,0.7246071100234985,-9.400348233157274e-08,0.4335165321826935,0.6396647691726685,-0.0052179982885718346,0.43823733925819397,0.555216908454895,-0.01360257901251316,0.4365720748901367,0.48570969700813293,-0.020925069227814674,0.4269290864467621,0.4359452724456787,-0.028064770624041557,0.4911346435546875,0.5762006640434265,-0.020759662613272667,0.5293473601341248,0.5109732151031494,-0.027490170672535896,0.5459925532341003,0.4698307514190674,-0.02882395125925541,0.5558778047561646,0.43743351101875305,-0.029418842867016792,0.511341392993927,0.61314457654953,-0.01980530098080635,0.5234418511390686,0.5497153401374817,-0.02525452896952629,0.508061945438385,0.5464712977409363,-0.019816413521766663,0.49698537588119507,0.5616645216941833,-0.015774983912706375,0.5218117833137512,0.6455082893371582,-0.018087325617671013,0.5270742177963257,0.5827018618583679,-0.021571489050984383,0.5138601064682007,0.5831873416900635,-0.013753427192568779,0.5037703514099121,0.5997197031974792,-0.008637035265564919,0.5285468101501465,0.669914186000824,-0.016369186341762543,0.5298842787742615,0.616146981716156,-0.01565108262002468,0.5169488191604614,0.617016613483429,-0.007723776623606682,0.507569432258606,0.6319184303283691,-0.0016796296695247293,U
0.4429945945739746,0.7235310077667236,-8.769240622541474e-08,0.4350607693195343,0.6398746371269226,-0.0055122110061347485,0.4399719834327698,0.555419921875,-0.013645629398524761,0.43839094042778015,0.48570823669433594,-0.020502431318163872,0.4284733533859253,0.4362013638019562,-0.027184974402189255,0.4930650591850281,0.5765561461448669,-0.020433904603123665,0.5305190086364746,0.5119332075119019,-0.025752436369657516,0.5470396876335144,0.4721693694591522,-0.026314612478017807,0.556928277015686,0.4402114748954773,-0.02665390819311142,0.5129939317703247,0.612993597984314,-0.01880967803299427,0.5243953466415405,0.5505377054214478,-0.022825937718153,0.5090645551681519,0.5474687218666077,-0.017269639298319817,0.4980788826942444,0.5617303848266602,-0.013515300117433071,0.5231345295906067,0.6454622149467468,-0.016255667433142662,0.5273465514183044,0.5841190218925476,-0.018269212916493416,0.5141309499740601,0.5849469304084778,-0.010351906530559063,0.5039225816726685,0.6004729270935059,-0.005642954260110855,0.5295081734657288,0.6702812910079956,-0.013753888197243214,0.5306351184844971,0.6185501217842102,-0.011864807456731796,0.5176826119422913,0.6202624440193176,-0.0036950907669961452,0.508233368396759,0.6347943544387817,0.002192686777561903,U
0.44371116161346436,0.7265974879264832,-1.021286024638357e-07,0.4354443848133087,0.641019880771637,-0.005281635094434023,0.44082751870155334,0.5575173497200012,-0.013362557627260685,0.4390123188495636,0.48774999380111694,-0.02043973281979561,0.42957445979118347,0.4376857578754425,-0.027489887550473213,0.49408894777297974,0.5780878067016602,-0.018919268622994423,0.5299361348152161,0.5141980051994324,-0.023911168798804283,0.546237051486969,0.4750223457813263,-0.02451988495886326,0.5562639236450195,0.44321539998054504,-0.025041552260518074,0.5142335891723633,0.6146858930587769,-0.017597515136003494,0.5224223136901855,0.5534669756889343,-0.02127065137028694,0.5066848993301392,0.5507094860076904,-0.015865223482251167,0.4957842230796814,0.5649858713150024,-0.012365498580038548,0.5238937735557556,0.6473526358604431,-0.01551306713372469,0.5257759690284729,0.586406946182251,-0.017465317621827126,0.5128957033157349,0.5878207683563232,-0.010057562962174416,0.503199577331543,0.6040596961975098,-0.005812142509967089,0.5293602347373962,0.6717908978462219,-0.013496802188456059,0.5285741686820984,0.6212143898010254,-0.011619704775512218,0.5161202549934387,0.622809648513794,-0.004020898137241602,0.5073277354240417,0.6373756527900696,0.0013726752949878573,U
0.44121572375297546,0.7270588278770447,-1.0435644526296528e-07,0.4345865249633789,0.6424658894538879,-0.0047594779171049595,0.4410620331764221,0.557752251625061,-0.01242100354284048,0.43980851769447327,0.4887089431285858,-0.018954677507281303,0.43003255128860474,0.43938761949539185,-0.02545449510216713,0.49209436774253845,0.5820111632347107,-0.02032698504626751,0.5295014977455139,0.5186653733253479,-0.02644459903240204,0.5463875532150269,0.4792158603668213,-0.027666626498103142,0.5567135214805603,0.4471535384654999,-0.028505424037575722,0.5122690200805664,0.6186298131942749,-0.019366193562746048,0.522250771522522,0.5581159591674805,-0.024098552763462067,0.5068669319152832,0.5564822554588318,-0.018828265368938446,0.49611321091651917,0.57127845287323,-0.015350616537034512,0.5225680470466614,0.6512024998664856,-0.01753312535583973,0.5259005427360535,0.590848982334137,-0.020462410524487495,0.5131739974021912,0.5929214954376221,-0.012743132188916206,0.5035405158996582,0.6090989708900452,-0.008076495490968227,0.5285200476646423,0.675550639629364,-0.01568600721657276,0.5288199782371521,0.6239321827888489,-0.014593243598937988,0.5161502361297607,0.6265069842338562,-0.006726033054292202,0.5073691010475159,0.6418030858039856,-0.0009830049239099026,U
0.4444081783294678,0.729322612285614,-9.454245031292885e-08,0.43680664896965027,0.643315851688385,-0.00469265365973115,0.4428316354751587,0.5594704747200012,-0.012552526779472828,0.44151708483695984,0.4904751479625702,-0.019386788830161095,0.4319944679737091,0.44129669666290283,-0.026255160570144653,0.4960121512413025,0.58265620470047,-0.01906374655663967,0.5324802398681641,0.5197676420211792,-0.023699525743722916,0.5489691495895386,0.48124563694000244,-0.024155516177415848,0.5597261190414429,0.4498157799243927,-0.02469792030751705,0.5154266953468323,0.619762659072876,-0.017977319657802582,0.5261560082435608,0.5598372220993042,-0.02163947932422161,0.5106819868087769,0.5583312511444092,-0.01623094454407692,0.4998167157173157,0.5742383003234863,-0.012724991887807846,0.5243001580238342,0.6536431312561035,-0.015924572944641113,0.5287205576896667,0.5944429039955139,-0.017942123115062714,0.5157945156097412,0.5972499251365662,-0.010639521293342113,0.5062768459320068,0.6150521636009216,-0.006435539573431015,0.5293869972229004,0.6795457005500793,-0.013811304233968258,0.5308874249458313,0.6294804811477661,-0.012063109315931797,0.5180668234825134,0.6332689523696899,-0.00436751963570714,0.509239912033081,0.6504725217819214,0.0010457511525601149,U
0.4433510899543762,0.7262654304504395,-9.318735294527869e-08,0.4362126588821411,0.6436423063278198,-0.004792606923729181,0.44219771027565,0.5599133968353271,-0.01234394870698452,0.44076451659202576,0.4908336102962494,-0.018703127279877663,0.43067029118537903,0.4420245885848999,-0.025046002119779587,0.4929584562778473,0.584558367729187,-0.020740192383527756,0.5304780602455139,0.5212497711181641,-0.02608860842883587,0.5477219820022583,0.48297834396362305,-0.026549041271209717,0.5589873790740967,0.4518410265445709,-0.02699369378387928,0.5129654407501221,0.6211457848548889,-0.01953761652112007,0.5252135396003723,0.5585229992866516,-0.024188736453652382,0.5097988843917847,0.5562204718589783,-0.01875389739871025,0.49890196323394775,0.5708192586898804,-0.014962216839194298,0.5233356952667236,0.6538131237030029,-0.017282072454690933,0.5277495980262756,0.5921980738639832,-0.019772186875343323,0.5146269798278809,0.5927770733833313,-0.011704879812896252,0.5046430230140686,0.6084518432617188,-0.006744267884641886,0.5297786593437195,0.6787934899330139,-0.015003031119704247,0.5310004353523254,0.6273565888404846,-0.013596379198133945,0.5180970430374146,0.6287002563476562,-0.005642032716423273,0.5090820789337158,0.6432355642318726,0.00014085372094996274,U
0.4427056312561035,0.7337971329689026,-8.802727791135112e-08,0.43558260798454285,0.6494172811508179,-0.004248526878654957,0.44189557433128357,0.5650500059127808,-0.011710820719599724,0.4412100613117218,0.49665898084640503,-0.018142445012927055,0.43231648206710815,0.44775816798210144,-0.024649498984217644,0.49313196539878845,0.5886262655258179,-0.0203834418207407,0.5311911106109619,0.5264626741409302,-0.025898966938257217,0.5492650866508484,0.4878758192062378,-0.026913948357105255,0.5614725947380066,0.4566221535205841,-0.027783380821347237,0.5129778981208801,0.6255754232406616,-0.019655896350741386,0.5251035094261169,0.5662798285484314,-0.02387513406574726,0.5098793506622314,0.5639119148254395,-0.01836065948009491,0.4989244341850281,0.5787386894226074,-0.014754426665604115,0.5227978825569153,0.6589340567588806,-0.017890142276883125,0.5282862782478333,0.6003710031509399,-0.019808335229754448,0.5154938697814941,0.6016180515289307,-0.011725440621376038,0.5054793357849121,0.6180822849273682,-0.00706480024382472,0.528616726398468,0.6844731569290161,-0.016110021620988846,0.5308329463005066,0.6347362399101257,-0.014351117424666882,0.5181611776351929,0.6370622515678406,-0.0062350379303097725,0.5089143514633179,0.6527724266052246,-0.0004777295107487589,U
0.44268324971199036,0.7374824285507202,-7.520484501810643e-08,0.43512067198753357,0.6519769430160522,-0.005227715242654085,0.4425312280654907,0.5676412582397461,-0.012947622686624527,0.44068828225135803,0.4975094795227051,-0.019467299804091454,0.43037721514701843,0.4486878514289856,-0.02618315815925598,0.4956344664096832,0.5924475789070129,-0.02035696804523468,0.5333124995231628,0.5284519791603088,-0.025379177182912827,0.5528217554092407,0.49065959453582764,-0.026340430602431297,0.5669149160385132,0.4613701403141022,-0.027270743623375893,0.5157666206359863,0.6299041509628296,-0.018461348488926888,0.5269815325737,0.5708962678909302,-0.022394541651010513,0.5115072727203369,0.5686531066894531,-0.01676807925105095,0.5001540184020996,0.5839918851852417,-0.012934733182191849,0.5247962474822998,0.6639797687530518,-0.015555125661194324,0.5287208557128906,0.6052448153495789,-0.01732344552874565,0.5158675312995911,0.6067887544631958,-0.009730488061904907,0.5057476162910461,0.623820424079895,-0.0052705444395542145,0.5291398763656616,0.6891545057296753,-0.012648110277950764,0.5299291610717773,0.6413854360580444,-0.01083011832088232,0.5171778798103333,0.6446683406829834,-0.003223573789000511,0.5081369876861572,0.6611062288284302,0.0021829267498105764,U
0.44390445947647095,0.7401326894760132,-6.246975914336872e-08,0.43693700432777405,0.6534428596496582,-0.00561026856303215,0.44390738010406494,0.5698524117469788,-0.014255387708544731,0.44230008125305176,0.5002011060714722,-0.021822340786457062,0.432430237531662,0.45050865411758423,-0.02957412414252758,0.4954502284526825,0.5961463451385498,-0.02177957259118557,0.5344187021255493,0.5342510938644409,-0.028550725430250168,0.5542207956314087,0.4948500692844391,-0.030639201402664185,0.5682712197303772,0.4635685682296753,-0.032227758318185806,0.5155394077301025,0.6337758302688599,-0.0207053292542696,0.5290895700454712,0.5746086239814758,-0.026279952377080917,0.5138870477676392,0.5721689462661743,-0.02099021151661873,0.5022860169410706,0.5878824591636658,-0.017227856442332268,0.5251584649085999,0.6681932806968689,-0.01876957342028618,0.5311070680618286,0.6092883348464966,-0.02174660563468933,0.5183438658714294,0.6113238334655762,-0.013639677315950394,0.5084033608436584,0.6290543675422668,-0.00870873685926199,0.5307416915893555,0.6942627429962158,-0.016953373327851295,0.5330506563186646,0.6449698805809021,-0.015928488224744797,0.5197364687919617,0.6482364535331726,-0.00783548504114151,0.5104572176933289,0.6652654409408569,-0.001993873156607151,U
0.4454258382320404,0.735349178314209,-5.573856043383785e-08,0.4378017485141754,0.6501396894454956,-0.005397044122219086,0.44407984614372253,0.5682777762413025,-0.01413543801754713,0.44267117977142334,0.4997393786907196,-0.021644506603479385,0.4329643249511719,0.4509607255458832,-0.029381105676293373,0.49455833435058594,0.5953654646873474,-0.023074859753251076,0.5340778827667236,0.5337257981300354,-0.030361313372850418,0.5544307231903076,0.4954099655151367,-0.0326131246984005,0.5688011646270752,0.46533286571502686,-0.03417302295565605,0.515267014503479,0.6331419348716736,-0.021773695945739746,0.5293973088264465,0.5725843906402588,-0.027408313006162643,0.5149614810943604,0.5694887638092041,-0.02195895090699196,0.5039446949958801,0.584453284740448,-0.018074054270982742,0.5255575776100159,0.6670030951499939,-0.01949404738843441,0.5309955477714539,0.6068594455718994,-0.022383881732821465,0.5188071131706238,0.6077673435211182,-0.014111391268670559,0.5091084241867065,0.6245821118354797,-0.009032832458615303,0.5315810441970825,0.6922619938850403,-0.01729336939752102,0.5327830910682678,0.6423598527908325,-0.016316328197717667,0.520400881767273,0.6454411745071411,-0.00833712238818407,0.5116235613822937,0.6616177558898926,-0.0025571801234036684,U
0.4412402808666229,0.7400814294815063,-6.977344924052886e-08,0.43443864583969116,0.6536988615989685,-0.005584782920777798,0.44170504808425903,0.5701134204864502,-0.013991261832416058,0.44100695848464966,0.50095134973526,-0.021273436024785042,0.432455837726593,0.45052576065063477,-0.028755413368344307,0.4920791685581207,0.5964584350585938,-0.021892184391617775,0.5304796695709229,0.5365858674049377,-0.02869507111608982,0.5509746074676514,0.4989716410636902,-0.03085223399102688,0.5655937194824219,0.4687798321247101,-0.03252224996685982,0.5124483704566956,0.6346673369407654,-0.020892426371574402,0.5244712829589844,0.5771405696868896,-0.02622249163687229,0.5095628499984741,0.5746161341667175,-0.02112768217921257,0.49828627705574036,0.5899630188941956,-0.017680753022432327,0.5223602056503296,0.669270932674408,-0.01903669163584709,0.5269054174423218,0.6113359332084656,-0.022261839359998703,0.5145918726921082,0.6128966212272644,-0.014636852778494358,0.5048732161521912,0.6304462552070618,-0.01002502627670765,0.5281034708023071,0.6954712867736816,-0.017253857105970383,0.5295376181602478,0.6463347673416138,-0.016532739624381065,0.5171078443527222,0.649904191493988,-0.00885917991399765,0.5082966685295105,0.6672964096069336,-0.0032838524784892797,U
0.4393164813518524,0.7428485155105591,-5.7475265435869005e-08,0.43344390392303467,0.6554602384567261,-0.006079844199120998,0.4399380385875702,0.5716133713722229,-0.014789789915084839,0.4386669099330902,0.5010021924972534,-0.022261405363678932,0.42983806133270264,0.4506423771381378,-0.029751818627119064,0.49045276641845703,0.5995745062828064,-0.02218545228242874,0.5294352173805237,0.5370558500289917,-0.02914118394255638,0.5495928525924683,0.4985398054122925,-0.03124951384961605,0.564045250415802,0.4683951139450073,-0.032771289348602295,0.509946882724762,0.6377785205841064,-0.020887291058897972,0.5247641801834106,0.577450156211853,-0.02692163921892643,0.5100228786468506,0.5744425058364868,-0.022041823714971542,0.4988395869731903,0.5893983244895935,-0.018413085490465164,0.5198714733123779,0.6721954941749573,-0.018688330426812172,0.527251660823822,0.6129852533340454,-0.022211430594325066,0.5144677758216858,0.6138246059417725,-0.014040520414710045,0.5040035843849182,0.6303985118865967,-0.008733024820685387,0.5260362029075623,0.698744535446167,-0.016632016748189926,0.5298115015029907,0.6491908431053162,-0.0160539448261261,0.5167182683944702,0.651616096496582,-0.007839955389499664,0.5071122646331787,0.6677291393280029,-0.0016304790042340755,U
0.43830686807632446,0.750020444393158,-8.3883328727552e-08,0.432389497756958,0.6640065312385559,-0.006305355112999678,0.43974849581718445,0.577017605304718,-0.01443504635244608,0.43929868936538696,0.5054911971092224,-0.02116418071091175,0.43022674322128296,0.45578253269195557,-0.027935344725847244,0.49021509289741516,0.6058741807937622,-0.02241763100028038,0.5289390087127686,0.5414078235626221,-0.02897999808192253,0.5492565631866455,0.5025644302368164,-0.030740374699234962,0.563615620136261,0.47184568643569946,-0.03214067220687866,0.5112127661705017,0.6428606510162354,-0.020696086809039116,0.5221772193908691,0.581706166267395,-0.026316989213228226,0.5067424774169922,0.57929927110672,-0.02128475159406662,0.495120108127594,0.5948789119720459,-0.017748581245541573,0.521798849105835,0.6758562326431274,-0.018121641129255295,0.5259604454040527,0.615581750869751,-0.021375011652708054,0.5131762623786926,0.616617739200592,-0.01382701937109232,0.5026068687438965,0.6336644291877747,-0.009174752980470657,0.5278417468070984,0.7003684639930725,-0.015708815306425095,0.5290008187294006,0.6504213809967041,-0.015336093492805958,0.5161459445953369,0.6524944305419922,-0.00816919095814228,0.5065832734107971,0.6682302951812744,-0.0027986662462353706,U
0.44103801250457764,0.7457504868507385,-6.406443731066247e-08,0.4339495599269867,0.661425769329071,-0.007103888783603907,0.44004207849502563,0.578082799911499,-0.016231199726462364,0.4389464259147644,0.5088792443275452,-0.02407463639974594,0.4297339618206024,0.45947563648223877,-0.031972143799066544,0.4891020953655243,0.6076198220252991,-0.023329351097345352,0.5280662178993225,0.5456130504608154,-0.030937559902668,0.5485635995864868,0.5064414143562317,-0.03330749645829201,0.5633687973022461,0.4764273464679718,-0.03514903783798218,0.5091914534568787,0.6459524631500244,-0.022405346855521202,0.523436427116394,0.5845156311988831,-0.03023119643330574,0.5083275437355042,0.5818130970001221,-0.02607874572277069,0.49700772762298584,0.5981886386871338,-0.022711096331477165,0.5196515321731567,0.6796563267707825,-0.020761366933584213,0.5268090963363647,0.6177592277526855,-0.02608569711446762,0.5137909054756165,0.6197685599327087,-0.018335647881031036,0.5040186047554016,0.6379929780960083,-0.013097831979393959,0.5260831117630005,0.7048419117927551,-0.019359039142727852,0.5285839438438416,0.652484118938446,-0.020497143268585205,0.5155128836631775,0.6562877297401428,-0.013143546879291534,0.5066773891448975,0.6743210554122925,-0.007470256183296442,U
0.43977683782577515,0.7524800300598145,-6.237749516913027e-08,0.43214523792266846,0.6652082800865173,-0.006198038347065449,0.4390362501144409,0.5795592069625854,-0.014779512770473957,0.4396308958530426,0.5107083916664124,-0.022045301273465157,0.4306122660636902,0.460495263338089,-0.029351986944675446,0.48865413665771484,0.6096658110618591,-0.023034561425447464,0.5276405811309814,0.5460786819458008,-0.03016643598675728,0.5481294393539429,0.5073105096817017,-0.03220812976360321,0.562838077545166,0.47722187638282776,-0.033756937831640244,0.5094653964042664,0.648503303527832,-0.02235461212694645,0.5240204930305481,0.584342360496521,-0.02885967679321766,0.5094625353813171,0.5805009603500366,-0.024131182581186295,0.49853286147117615,0.59611976146698,-0.02060527540743351,0.5203448534011841,0.6826609969139099,-0.020821910351514816,0.5272113680839539,0.6187589168548584,-0.024835411459207535,0.5144265294075012,0.619282066822052,-0.0169477928429842,0.5045847296714783,0.6367415189743042,-0.011890779249370098,0.5270189642906189,0.7082090973854065,-0.019467318430542946,0.5295377969741821,0.6542350649833679,-0.0196718480437994,0.5169858336448669,0.65601646900177,-0.012176144868135452,0.5080211758613586,0.6725050210952759,-0.006535294931381941,U
0.43873322010040283,0.7527554035186768,-6.318519751857821e-08,0.4317520558834076,0.6676103472709656,-0.006080481223762035,0.43944236636161804,0.5814220309257507,-0.014400715939700603,0.4397944211959839,0.5104720592498779,-0.02140158973634243,0.42954790592193604,0.4607415795326233,-0.028486067429184914,0.48771932721138,0.6116270422935486,-0.022629305720329285,0.5279015898704529,0.5490996837615967,-0.029143571853637695,0.548503041267395,0.5104795694351196,-0.03059121035039425,0.56288743019104,0.480421781539917,-0.03181040659546852,0.5084174275398254,0.6499045491218567,-0.021634943783283234,0.5233269929885864,0.5855835676193237,-0.027678556740283966,0.5087142586708069,0.581420361995697,-0.02282783016562462,0.49757111072540283,0.596405029296875,-0.019324112683534622,0.519836962223053,0.6837003827095032,-0.019674625247716904,0.5265530347824097,0.618925154209137,-0.02333846315741539,0.5135916471481323,0.6189998388290405,-0.015258433297276497,0.503350019454956,0.6360235214233398,-0.010135597549378872,0.5272260308265686,0.7091281414031982,-0.017844900488853455,0.5299615859985352,0.6533993482589722,-0.017595939338207245,0.5167829990386963,0.6551568508148193,-0.009775735437870026,0.5072599053382874,0.6720029711723328,-0.0039910017512738705,U
0.43959739804267883,0.7532117962837219,-5.199136765554613e-08,0.43238359689712524,0.6675713062286377,-0.0060180374421179295,0.43919306993484497,0.5816349983215332,-0.014742656610906124,0.43878650665283203,0.5110990405082703,-0.022231832146644592,0.4287467300891876,0.4619389772415161,-0.029799384996294975,0.4870658814907074,0.6106253266334534,-0.023280762135982513,0.5281373262405396,0.5500534176826477,-0.030748624354600906,0.5490105152130127,0.5115771293640137,-0.03276138752698898,0.5639918446540833,0.4816966950893402,-0.034246932715177536,0.5074628591537476,0.6483922600746155,-0.022512594237923622,0.5246580839157104,0.5874556303024292,-0.0294597540050745,0.5099620819091797,0.5845517516136169,-0.024545658379793167,0.49874046444892883,0.6003109216690063,-0.020720908418297768,0.5186309218406677,0.6823612451553345,-0.020823080092668533,0.5281335711479187,0.621850311756134,-0.024760568514466286,0.5151212811470032,0.6230679750442505,-0.016227224841713905,0.5048701763153076,0.6405113935470581,-0.010645070113241673,0.5256408452987671,0.7085705399513245,-0.019328784197568893,0.5298973917961121,0.6568571329116821,-0.018993031233549118,0.5166528820991516,0.6594051122665405,-0.010863592848181725,0.5071064233779907,0.6760692596435547,-0.004802587907761335,U
0.43959033489227295,0.7524611353874207,-5.525868473910123e-08,0.4328400790691376,0.6663942933082581,-0.006427483633160591,0.43945515155792236,0.5814757347106934,-0.015223323367536068,0.4388279914855957,0.511432409286499,-0.02272484079003334,0.4285961389541626,0.46251630783081055,-0.030332060530781746,0.4884418249130249,0.6115224361419678,-0.022872619330883026,0.5279243588447571,0.5496723055839539,-0.029953567311167717,0.5486692786216736,0.5112555027008057,-0.031973227858543396,0.5631335973739624,0.4811711013317108,-0.033520303666591644,0.5095619559288025,0.6492819786071777,-0.021748999133706093,0.5226103663444519,0.5867575407028198,-0.028242366388440132,0.5082745552062988,0.583900511264801,-0.023585345596075058,0.49722030758857727,0.599314272403717,-0.02013288252055645,0.5205732583999634,0.6825107932090759,-0.019786106422543526,0.5258583426475525,0.6200376749038696,-0.023891089484095573,0.5135166645050049,0.6213065981864929,-0.01636737957596779,0.5035417079925537,0.6384031772613525,-0.011534643359482288,0.527277946472168,0.7070071697235107,-0.017961781471967697,0.5284717082977295,0.6543136239051819,-0.01803012564778328,0.5158372521400452,0.6567840576171875,-0.010703248903155327,0.5066866278648376,0.6729280352592468,-0.005228852853178978,U
0.43993237614631653,0.7502703666687012,-5.103922617877288e-08,0.4324210286140442,0.6666455268859863,-0.007196648977696896,0.438918799161911,0.5830343961715698,-0.016611717641353607,0.43903589248657227,0.5135880708694458,-0.024537017568945885,0.4292658269405365,0.46365994215011597,-0.03249664977192879,0.4871276915073395,0.6126077175140381,-0.024906689301133156,0.5267462730407715,0.5507915616035461,-0.03344893082976341,0.5476688742637634,0.5117121934890747,-0.03635828569531441,0.5625001192092896,0.48140835762023926,-0.03835940361022949,0.5075734257698059,0.649896502494812,-0.023741863667964935,0.5228950381278992,0.5869866013526917,-0.0314728245139122,0.5086329579353333,0.584039032459259,-0.02695322409272194,0.49783623218536377,0.5994299650192261,-0.023380178958177567,0.5188456773757935,0.6828580498695374,-0.02176479808986187,0.5262084603309631,0.6198269128799438,-0.02703460305929184,0.5136724710464478,0.6204538345336914,-0.01881461590528488,0.5038857460021973,0.6377450227737427,-0.013154024258255959,0.5262836217880249,0.7078186273574829,-0.019990356639027596,0.5294550061225891,0.6529868245124817,-0.020975973457098007,0.5164316296577454,0.6547079682350159,-0.01311379112303257,0.5071476101875305,0.6714206337928772,-0.006972599774599075,U
0.438314288854599,0.7572168707847595,-6.740533819993288e-08,0.4315498471260071,0.6716206669807434,-0.005360386334359646,0.4387110471725464,0.5849366784095764,-0.01368001103401184,0.4387036859989166,0.514278769493103,-0.020723635330796242,0.43013978004455566,0.4634440839290619,-0.027811286970973015,0.4879681468009949,0.6124695539474487,-0.022579375654459,0.5285407900810242,0.5520098805427551,-0.029154468327760696,0.5490124225616455,0.5139352679252625,-0.03061024472117424,0.5631812810897827,0.48362958431243896,-0.03177659958600998,0.5085064768791199,0.6511937379837036,-0.021705912426114082,0.5240185856819153,0.5900135636329651,-0.027218539267778397,0.5095095634460449,0.5867783427238464,-0.021817317232489586,0.4979589283466339,0.6022327542304993,-0.017975017428398132,0.5192933082580566,0.6859004497528076,-0.019872689619660378,0.5259419083595276,0.6252771019935608,-0.022708119824528694,0.5137028694152832,0.6267831325531006,-0.01453798171132803,0.5036184191703796,0.6438489556312561,-0.00959955994039774,0.5261300206184387,0.7122130393981934,-0.018155045807361603,0.5282440781593323,0.6607096195220947,-0.017279556021094322,0.5157375335693359,0.6643406748771667,-0.00952756218612194,0.5066409111022949,0.6805859208106995,-0.003920481074601412,U
0.4385923147201538,0.7560423612594604,-4.805238873473172e-08,0.43235471844673157,0.6690375208854675,-0.007257360499352217,0.4394788146018982,0.5832918286323547,-0.016666902229189873,0.43900078535079956,0.5134695768356323,-0.024544095620512962,0.4284459352493286,0.46432992815971375,-0.03254563361406326,0.48617154359817505,0.615534782409668,-0.02522328309714794,0.5261918306350708,0.5541194677352905,-0.033718936145305634,0.5475202798843384,0.5149856805801392,-0.03653818368911743,0.5630065202713013,0.484868586063385,-0.038491882383823395,0.5074934363365173,0.6543017029762268,-0.02406693436205387,0.5230007171630859,0.5929200649261475,-0.031490929424762726,0.5088146924972534,0.5897814035415649,-0.02660091407597065,0.49754783511161804,0.6059462428092957,-0.022832924500107765,0.5191404223442078,0.6885184049606323,-0.022140897810459137,0.5264379382133484,0.6275666356086731,-0.027157897129654884,0.5140834450721741,0.6291684508323669,-0.019187508150935173,0.5041201114654541,0.6475037932395935,-0.013803226873278618,0.5266507863998413,0.7143601179122925,-0.020426543429493904,0.5298667550086975,0.6617997884750366,-0.021272627636790276,0.5168928503990173,0.6652560830116272,-0.013622792437672615,0.5075685381889343,0.6829341053962708,-0.007755966857075691,U
0.43949222564697266,0.7533028721809387,-5.8129863589329034e-08,0.43220454454421997,0.667526364326477,-0.00669177295640111,0.43843913078308105,0.5848413109779358,-0.016110548749566078,0.4376477301120758,0.5147624015808105,-0.024219857528805733,0.4292279779911041,0.46430474519729614,-0.03236772492527962,0.4867781102657318,0.6143398284912109,-0.024427389726042747,0.5271980166435242,0.5532136559486389,-0.032585591077804565,0.5478509664535522,0.5147132277488708,-0.03496750071644783,0.562632143497467,0.48475420475006104,-0.03650389239192009,0.5074194669723511,0.6529371738433838,-0.023310448974370956,0.5229631066322327,0.5887336730957031,-0.03080260381102562,0.5080413222312927,0.5850532054901123,-0.02593427710235119,0.4969588816165924,0.6008657217025757,-0.022006874904036522,0.5186583399772644,0.68673175573349,-0.02134443260729313,0.5265793204307556,0.622795045375824,-0.026206646114587784,0.5132719278335571,0.6231511831283569,-0.01786014996469021,0.5032048225402832,0.6405286192893982,-0.012106119655072689,0.5260620713233948,0.7120874524116516,-0.01953827403485775,0.5291843414306641,0.6579622030258179,-0.02002931386232376,0.5158897042274475,0.6595701575279236,-0.01210121251642704,0.5066010355949402,0.6757799983024597,-0.005928139667958021,U
0.43785712122917175,0.7577632069587708,-5.570815631017467e-08,0.43078434467315674,0.6710460782051086,-0.006857743486762047,0.4375723898410797,0.5862032175064087,-0.015812423080205917,0.4371893107891083,0.5160554647445679,-0.02355751395225525,0.4280039370059967,0.46578270196914673,-0.03133980557322502,0.4872584342956543,0.6160739064216614,-0.02182302065193653,0.525931715965271,0.5556379556655884,-0.02912881225347519,0.546528697013855,0.5171900391578674,-0.03167806938290596,0.5613226294517517,0.4873323440551758,-0.03363681584596634,0.507382333278656,0.6539824604988098,-0.020881596952676773,0.5224202275276184,0.5926911234855652,-0.02808617800474167,0.5080140829086304,0.5894379019737244,-0.02416236884891987,0.49690815806388855,0.6055139303207397,-0.020966937765479088,0.518091082572937,0.6877708435058594,-0.019214551895856857,0.5257591009140015,0.6265236139297485,-0.02383405528962612,0.5129943490028381,0.6270953416824341,-0.016318771988153458,0.5028431415557861,0.6446104645729065,-0.011233890429139137,0.5250882506370544,0.7139374017715454,-0.01779044046998024,0.5286532640457153,0.6613024473190308,-0.018221691250801086,0.5156855583190918,0.6634630560874939,-0.010641799308359623,0.5061805248260498,0.6804645657539368,-0.00479215057566762,U
0.4358566403388977,0.7578965425491333,-5.2574712583464134e-08,0.4301424026489258,0.6725099086761475,-0.0067959860898554325,0.4371611773967743,0.5874156355857849,-0.01621556095778942,0.4367602467536926,0.5164744853973389,-0.024271110072731972,0.4269079566001892,0.465606689453125,-0.03230920433998108,0.4856516420841217,0.6155151724815369,-0.023761657997965813,0.525665283203125,0.5539387464523315,-0.031558554619550705,0.5463106632232666,0.5158563852310181,-0.03388297185301781,0.5611234903335571,0.4865136742591858,-0.03551299870014191,0.5058673024177551,0.6543492078781128,-0.022717418149113655,0.5222501158714294,0.5921804904937744,-0.03007551282644272,0.5075040459632874,0.5895140767097473,-0.025509150698781013,0.4960181713104248,0.6051838397979736,-0.021807216107845306,0.5169878005981445,0.6886120438575745,-0.02082563005387783,0.5251052379608154,0.6267069578170776,-0.02538783848285675,0.512239933013916,0.6278587579727173,-0.017194177955389023,0.5017364621162415,0.6447950601577759,-0.011647017672657967,0.5243281126022339,0.7151579856872559,-0.01913047581911087,0.5277409553527832,0.6619412899017334,-0.019382910802960396,0.5145622491836548,0.6645194292068481,-0.011390859261155128,0.5048343539237976,0.6807123422622681,-0.005231206770986319,U
0.43804478645324707,0.7566542029380798,-5.479098064142818e-08,0.43075841665267944,0.6721770763397217,-0.0067671057768166065,0.437168151140213,0.5866761803627014,-0.015947384759783745,0.4367619752883911,0.5161710381507874,-0.023654192686080933,0.42704883217811584,0.46601226925849915,-0.03140758350491524,0.4859032928943634,0.6183769106864929,-0.025127753615379333,0.5262543559074402,0.5547900199890137,-0.032683491706848145,0.5465600490570068,0.5155518054962158,-0.034618087112903595,0.5608186721801758,0.4852954149246216,-0.03604121133685112,0.5066480040550232,0.6566348671913147,-0.024077383801341057,0.5223471522331238,0.5899142026901245,-0.031031034886837006,0.5078105926513672,0.5854223370552063,-0.025957491248846054,0.49681201577186584,0.6010706424713135,-0.022135768085718155,0.5176675915718079,0.6901013851165771,-0.02210390381515026,0.5253936648368835,0.6233803629875183,-0.0265252236276865,0.5126559138298035,0.6234070062637329,-0.018244653940200806,0.5029107332229614,0.6412417888641357,-0.012838396243751049,0.5246914625167847,0.7148004770278931,-0.02028110809624195,0.5277684926986694,0.6577602624893188,-0.020911578088998795,0.5149261355400085,0.6590100526809692,-0.013281436637043953,0.5058072805404663,0.6760082244873047,-0.0074938079342246056,U
0.4338809847831726,0.7642377614974976,-6.451698197906808e-08,0.42766597867012024,0.677571713924408,-0.006984285078942776,0.43486663699150085,0.592472493648529,-0.015964627265930176,0.4338982105255127,0.5215058922767639,-0.0236319899559021,0.4246610999107361,0.46904733777046204,-0.03130977600812912,0.4834378659725189,0.6194483041763306,-0.022693471983075142,0.5230867862701416,0.5586407780647278,-0.030232639983296394,0.5435159206390381,0.5188458561897278,-0.03266448527574539,0.5579026341438293,0.4872550964355469,-0.034452907741069794,0.5040130019187927,0.6577423810958862,-0.02168811671435833,0.5192462205886841,0.5943878889083862,-0.029111815616488457,0.5047407746315002,0.5904935598373413,-0.025081226602196693,0.49311354756355286,0.6059561967849731,-0.021722916513681412,0.5153055787086487,0.6917064189910889,-0.019916420802474022,0.522681474685669,0.6283866167068481,-0.024408772587776184,0.5097541809082031,0.6286512613296509,-0.016488099470734596,0.49923616647720337,0.645315408706665,-0.01116153597831726,0.522650957107544,0.7177357077598572,-0.018419228494167328,0.5258722305297852,0.6642139554023743,-0.01868480257689953,0.5127852559089661,0.6661623120307922,-0.010904025286436081,0.5031024217605591,0.6821542978286743,-0.004904910922050476,U
0.43396294116973877,0.7642678022384644,-5.327875740590571e-08,0.42636555433273315,0.6770110726356506,-0.00680910237133503,0.4321455657482147,0.5903135538101196,-0.01621912606060505,0.43149563670158386,0.5187830924987793,-0.02437748946249485,0.4212125241756439,0.46787023544311523,-0.03244428336620331,0.4821012020111084,0.6210562586784363,-0.02260144054889679,0.5221268534660339,0.5600889325141907,-0.029896920546889305,0.5424003601074219,0.5203421115875244,-0.031949128955602646,0.5567941069602966,0.48979684710502625,-0.03357965126633644,0.5026182532310486,0.6590231657028198,-0.02200154960155487,0.5193384289741516,0.5957795977592468,-0.029256293550133705,0.5046617388725281,0.5923787355422974,-0.02480345219373703,0.49341443181037903,0.6085307598114014,-0.02124304324388504,0.513859212398529,0.6926050186157227,-0.020633257925510406,0.5221614837646484,0.6295804977416992,-0.025156192481517792,0.5092378854751587,0.6301846504211426,-0.01702309027314186,0.49910080432891846,0.6478408575057983,-0.011600105091929436,0.5215914249420166,0.7186636924743652,-0.019520869478583336,0.5250954031944275,0.6645753979682922,-0.01984315551817417,0.512295663356781,0.6672644019126892,-0.011935916729271412,0.5028827786445618,0.6845256090164185,-0.005888741463422775,U
0.4314538836479187,0.7716858386993408,-5.453863138882298e-08,0.4236491620540619,0.6847817897796631,-0.007983517833054066,0.4293593764305115,0.5995157957077026,-0.017997492104768753,0.4293174147605896,0.5293046832084656,-0.02638876624405384,0.4189036190509796,0.47815197706222534,-0.034709632396698,0.47874757647514343,0.6327243447303772,-0.026012133806943893,0.5193985104560852,0.5688060522079468,-0.03403332456946373,0.5401173830032349,0.5283503532409668,-0.03613145276904106,0.5547635555267334,0.4967885911464691,-0.037604499608278275,0.49967411160469055,0.6713569164276123,-0.02477855049073696,0.5155631303787231,0.603006899356842,-0.03283902257680893,0.5002305507659912,0.599061906337738,-0.02833847515285015,0.48915567994117737,0.6152451634407043,-0.024644741788506508,0.5115152597427368,0.7039462924003601,-0.022691186517477036,0.5198938846588135,0.6358372569084167,-0.028448598459362984,0.5060896873474121,0.6351359486579895,-0.020356563851237297,0.4959900975227356,0.6522184014320374,-0.014678929932415485,0.5195125341415405,0.7275950908660889,-0.020803987979888916,0.5238792896270752,0.6684214472770691,-0.022126303985714912,0.5102897882461548,0.6688525080680847,-0.014241914264857769,0.5005367398262024,0.6853363513946533,-0.00803216453641653,U
0.42311716079711914,0.7907179594039917,-7.339431107311611e-08,0.4165991246700287,0.7040209174156189,-0.007912637665867805,0.4215811491012573,0.6191458702087402,-0.018128318712115288,0.4197923541069031,0.5483198165893555,-0.026796530932188034,0.4104543924331665,0.49700355529785156,-0.03548086807131767,0.47282207012176514,0.6495967507362366,-0.02574712410569191,0.5121873617172241,0.5854150652885437,-0.03448335453867912,0.5330623388290405,0.5437802672386169,-0.03758896514773369,0.548559308052063,0.5116581320762634,-0.03979448974132538,0.4949050843715668,0.6892392039299011,-0.024746758863329887,0.5106728672981262,0.6228257417678833,-0.03351015970110893,0.49447283148765564,0.6197786927223206,-0.029290011152625084,0.481582373380661,0.6376773118972778,-0.025498954579234123,0.506782591342926,0.7241648435592651,-0.0229511559009552,0.5142833590507507,0.6588122248649597,-0.02874457649886608,0.5006996989250183,0.6608460545539856,-0.020456744357943535,0.4900394380092621,0.6799297332763672,-0.014535079710185528,0.5144205093383789,0.750851035118103,-0.02142588049173355,0.5180438160896301,0.6963585019111633,-0.022782297804951668,0.5047280788421631,0.6999407410621643,-0.014851532876491547,0.49552226066589355,0.7182902097702026,-0.008542649447917938,U
0.4207652509212494,0.8109728097915649,-6.495265836292674e-08,0.41326218843460083,0.7255534529685974,-0.010299627669155598,0.41820743680000305,0.6406219601631165,-0.021586131304502487,0.4156498908996582,0.5692007541656494,-0.031026439741253853,0.40629658102989197,0.5170968770980835,-0.040235672146081924,0.470051646232605,0.6717459559440613,-0.027636820450425148,0.510109543800354,0.6058048605918884,-0.03697212412953377,0.5306128263473511,0.5628194808959961,-0.04043202847242355,0.5455917716026306,0.5295013189315796,-0.042928170412778854,0.49155136942863464,0.7112351059913635,-0.026100007817149162,0.5082806348800659,0.6413185596466064,-0.036084841936826706,0.49206486344337463,0.6351684331893921,-0.033012110739946365,0.47925812005996704,0.6505061388015747,-0.029877031221985817,0.5036173462867737,0.7439442873001099,-0.023959852755069733,0.5126264691352844,0.6739529967308044,-0.03078705072402954,0.4985153079032898,0.67384272813797,-0.023164011538028717,0.48774924874305725,0.6915917992591858,-0.017468351870775223,0.5112414956092834,0.7673879861831665,-0.022344740107655525,0.5151802897453308,0.707338273525238,-0.024751054123044014,0.5020415782928467,0.7092188596725464,-0.01747707836329937,0.49283361434936523,0.7274160981178284,-0.011380599811673164,U
0.4160297214984894,0.8291974067687988,-4.6559669897305866e-08,0.4083690345287323,0.7411199808120728,-0.011095119640231133,0.4127417206764221,0.65660160779953,-0.024046162143349648,0.41059255599975586,0.583054780960083,-0.03448914363980293,0.4005918800830841,0.5294047594070435,-0.04460874944925308,0.46544042229652405,0.6922577619552612,-0.03420600667595863,0.5089630484580994,0.6229201555252075,-0.04484934359788895,0.5299009084701538,0.5770241022109985,-0.048011425882577896,0.5442960262298584,0.5412104725837708,-0.049849677830934525,0.4883073568344116,0.7310987710952759,-0.031150534749031067,0.5057849884033203,0.6522186994552612,-0.04013937711715698,0.48983076214790344,0.6451727747917175,-0.034415725618600845,0.4780295193195343,0.6606103181838989,-0.029893549159169197,0.5010738372802734,0.7626537084579468,-0.027215950191020966,0.5099482536315918,0.6853313446044922,-0.032937467098236084,0.4953950047492981,0.6829948425292969,-0.02342778816819191,0.4847038686275482,0.699885368347168,-0.01688554137945175,0.5092703700065613,0.7838428020477295,-0.02373492531478405,0.5136571526527405,0.7188463807106018,-0.02515776827931404,0.4995765686035156,0.7166511416435242,-0.016888130456209183,0.4895220100879669,0.7312491536140442,-0.010330635122954845,U
0.41593921184539795,0.8421941995620728,-4.801697528478144e-08,0.40716344118118286,0.7533058524131775,-0.011054416187107563,0.41103917360305786,0.6641280055046082,-0.02330736070871353,0.4081476032733917,0.5886655449867249,-0.0331948846578598,0.39875420928001404,0.5351595878601074,-0.04266246408224106,0.4640132486820221,0.6986949443817139,-0.03175691142678261,0.507664144039154,0.6278399229049683,-0.04171888902783394,0.52918541431427,0.5827037692070007,-0.04476658254861832,0.5443082451820374,0.5475435256958008,-0.04668830707669258,0.48741891980171204,0.7378775477409363,-0.029123671352863312,0.5076406598091125,0.6592361927032471,-0.03873085603117943,0.4919704794883728,0.6521956920623779,-0.034175824373960495,0.47934919595718384,0.6675831079483032,-0.0299728661775589,0.5007444620132446,0.7698444128036499,-0.025634989142417908,0.5112823247909546,0.6931933760643005,-0.031167123466730118,0.4969499707221985,0.6905820369720459,-0.02212369628250599,0.48586180806159973,0.7069721817970276,-0.01568606309592724,0.5093353986740112,0.791643500328064,-0.022702980786561966,0.5148500204086304,0.7265779972076416,-0.023826029151678085,0.5009827613830566,0.7241942882537842,-0.015648966655135155,0.4905887246131897,0.7382878661155701,-0.009071740321815014,U
0.4145766496658325,0.8486180305480957,-4.7036113670628765e-08,0.4064525067806244,0.7578098177909851,-0.010671405121684074,0.4116538465023041,0.6677815914154053,-0.022496674209833145,0.40842849016189575,0.590350866317749,-0.03192685544490814,0.3979203999042511,0.5368843078613281,-0.041039079427719116,0.4643205404281616,0.7031731009483337,-0.03164679557085037,0.5088284611701965,0.6326622366905212,-0.04120979830622673,0.5300511717796326,0.5866725444793701,-0.043999943882226944,0.5448529124259949,0.550774097442627,-0.045853838324546814,0.4873313307762146,0.7426559925079346,-0.028721274808049202,0.5074293613433838,0.6641657948493958,-0.037380799651145935,0.49205315113067627,0.6580134630203247,-0.032140299677848816,0.4803260564804077,0.6732348799705505,-0.027824316173791885,0.5003740787506104,0.7757740020751953,-0.024863524362444878,0.5116157531738281,0.6994867920875549,-0.02928996831178665,0.4971916377544403,0.6971570253372192,-0.01951015368103981,0.4862701892852783,0.7132689952850342,-0.012929516844451427,0.5084482431411743,0.7986107468605042,-0.021584216505289078,0.5148051977157593,0.7345291972160339,-0.021725066006183624,0.5012427568435669,0.7318941354751587,-0.013148111291229725,0.4912831783294678,0.7458108067512512,-0.006559905596077442,U
0.4176613688468933,0.8372222185134888,-4.1141849038695e-08,0.4087417423725128,0.7467731833457947,-0.012228076346218586,0.41291290521621704,0.6584970355033875,-0.024973271414637566,0.4111582338809967,0.583145260810852,-0.03518619388341904,0.40091484785079956,0.5291809439659119,-0.04493070766329765,0.4670996367931366,0.6939749717712402,-0.03311580792069435,0.5115228891372681,0.6243587136268616,-0.043436046689748764,0.5329800844192505,0.578104555606842,-0.046408385038375854,0.5473861694335938,0.5413013696670532,-0.04818321391940117,0.4903964698314667,0.7337517738342285,-0.03000776283442974,0.5096080899238586,0.6532716155052185,-0.04027662053704262,0.4937920868396759,0.6454380750656128,-0.03568603843450546,0.48155662417411804,0.6607319116592407,-0.03138700872659683,0.5035225749015808,0.7660325169563293,-0.026106353849172592,0.5142771601676941,0.6874828338623047,-0.03292103856801987,0.49942806363105774,0.6838944554328918,-0.023763971403241158,0.48823848366737366,0.7002872824668884,-0.016904989257454872,0.5118505954742432,0.7878546714782715,-0.02278589829802513,0.5182322859764099,0.7211148738861084,-0.024766089394688606,0.5042262077331543,0.7172333598136902,-0.016502713784575462,0.4937364161014557,0.730844259262085,-0.009653908200562,U
0.41983166337013245,0.8175042867660522,-2.983642133358444e-08,0.4105812907218933,0.7268486618995667,-0.009564395062625408,0.41457676887512207,0.6410927176475525,-0.021504582837224007,0.4129473865032196,0.5689611434936523,-0.03161018341779709,0.4027349650859833,0.5156538486480713,-0.04145142436027527,0.46618005633354187,0.6743545532226562,-0.029602935537695885,0.5101400017738342,0.6076056361198425,-0.03948907554149628,0.5312039852142334,0.5625351667404175,-0.042210619896650314,0.5461666584014893,0.5278704762458801,-0.04381919652223587,0.4886118769645691,0.7140600681304932,-0.028476066887378693,0.508683979511261,0.6399459838867188,-0.0382017157971859,0.4927588999271393,0.6346455216407776,-0.03351297229528427,0.4809890389442444,0.6518524289131165,-0.029280707240104675,0.5015144348144531,0.7474784851074219,-0.02659396454691887,0.5134361386299133,0.6745091080665588,-0.033438462764024734,0.4986000657081604,0.6739879846572876,-0.02425355836749077,0.488224059343338,0.6918354630470276,-0.017503410577774048,0.5103470087051392,0.7718884944915771,-0.02504938654601574,0.5170837640762329,0.7084793448448181,-0.027067746967077255,0.5030636787414551,0.7085648775100708,-0.01840483583509922,0.4934040904045105,0.7252906560897827,-0.011383302509784698,U
0.42072680592536926,0.7885735034942627,-5.26553769475413e-08,0.41254371404647827,0.6993160247802734,-0.00827968493103981,0.416669100522995,0.6128973364830017,-0.018574878573417664,0.41436296701431274,0.5416003465652466,-0.027430349960923195,0.40531185269355774,0.4891308546066284,-0.03608601540327072,0.46746501326560974,0.6433171033859253,-0.025629611685872078,0.5080863237380981,0.5771393775939941,-0.034838464111089706,0.5293288230895996,0.5347117185592651,-0.037968602031469345,0.5444621443748474,0.5017495155334473,-0.040025532245635986,0.4894166588783264,0.6812194585800171,-0.024750685319304466,0.5058825016021729,0.6113386154174805,-0.033620379865169525,0.49060696363449097,0.6064607501029968,-0.029551979154348373,0.4791850745677948,0.6220594644546509,-0.025992505252361298,0.502221405506134,0.7142705917358398,-0.023220805451273918,0.5113465189933777,0.645133912563324,-0.029189880937337875,0.49742385745048523,0.6442573666572571,-0.02074979618191719,0.4870224595069885,0.6614905595779419,-0.014688839204609394,0.5108959674835205,0.7392750978469849,-0.022060276940464973,0.5155968070030212,0.6804572939872742,-0.023449424654245377,0.5019956231117249,0.6805572509765625,-0.015361124649643898,0.49211370944976807,0.6968758702278137,-0.008833292871713638,U
