0,1,2,3,4,5,6,7,8,9,10,11,12,13,14,15,16,17,18,19,20,21,22,23,24,25,26,27,28,29,30,31,32,33,34,35,36,37,38,39,40,41,42,43,44,45,46,47,48,49,50,51,52,53,54,55,56,57,58,59,60,61,62,label
0.6170825362205505,0.7398681044578552,-1.2356436229765677e-07,0.5835542678833008,0.7276928424835205,0.0060519869439303875,0.5514657497406006,0.6955665349960327,0.0030131200328469276,0.5298700928688049,0.6734554171562195,-0.0022408361546695232,0.5120411515235901,0.6576723456382751,-0.008424019441008568,0.5413399934768677,0.6292837262153625,-0.011958494782447815,0.5080458521842957,0.5938745141029358,-0.026320667937397957,0.4873505234718323,0.566872239112854,-0.03510242700576782,0.4715671241283417,0.5441690683364868,-0.0415937602519989,0.5535783767700195,0.6333196759223938,-0.021535364910960197,0.505114734172821,0.6902110576629639,-0.0352679044008255,0.5143868923187256,0.7212293148040771,-0.03410385176539421,0.5291617512702942,0.7214655876159668,-0.03313660994172096,0.5661130547523499,0.6609386205673218,-0.03092040680348873,0.5243582725524902,0.7245106101036072,-0.0439668707549572,0.531833291053772,0.749101459980011,-0.036674864590168,0.5422213077545166,0.7457597255706787,-0.031070932745933533,0.5775740742683411,0.6966413259506226,-0.03989275172352791,0.5442943572998047,0.7416226267814636,-0.04986933246254921,0.546720564365387,0.765137791633606,-0.04569271206855774,0.5530444383621216,0.7692971229553223,-0.04150548204779625,X
0.35790377855300903,0.7455938458442688,4.8819138953604124e-08,0.38957348465919495,0.7167413234710693,0.0033404980786144733,0.42415767908096313,0.6949341297149658,-0.003645046381279826,0.4496423304080963,0.6868890523910522,-0.013296568766236305,0.46330899000167847,0.6845272183418274,-0.0231645368039608,0.4402118921279907,0.6352439522743225,-0.016023289412260056,0.47126492857933044,0.5954229235649109,-0.03166428580880165,0.4922199845314026,0.5635406374931335,-0.041040994226932526,0.5070617198944092,0.5356248021125793,-0.0471041202545166,0.4309614598751068,0.6444326043128967,-0.02681540511548519,0.47531893849372864,0.708357036113739,-0.043207067996263504,0.4605623781681061,0.7239577174186707,-0.04201667755842209,0.44367021322250366,0.7121235132217407,-0.038891345262527466,0.41636717319488525,0.6722736358642578,-0.037137407809495926,0.45466330647468567,0.7403984665870667,-0.05160633102059364,0.4394254684448242,0.74345862865448,-0.04367837682366371,0.4273557662963867,0.7275791764259338,-0.03637794405221939,0.3997531533241272,0.7068026065826416,-0.04728470742702484,0.4306550621986389,0.7607588171958923,-0.05298047512769699,0.417978972196579,0.762454628944397,-0.04349535331130028,0.40531179308891296,0.7452744245529175,-0.03577590733766556,X
0.628085196018219,0.7432664632797241,-1.8928332679024606e-07,0.595395028591156,0.7153359055519104,0.008586058393120766,0.5591947436332703,0.6792715787887573,0.006685199681669474,0.5317829251289368,0.6618644595146179,0.0016549956053495407,0.5119724273681641,0.6593023538589478,-0.004434639122337103,0.5456423163414001,0.6128493547439575,-0.006428900640457869,0.508014440536499,0.5714967846870422,-0.018602512776851654,0.48287850618362427,0.5567745566368103,-0.02469002641737461,0.4660424590110779,0.5473059415817261,-0.02885034680366516,0.5554659962654114,0.6219969987869263,-0.017342885956168175,0.5067903399467468,0.6712238192558289,-0.029734458774328232,0.5154428482055664,0.7002227902412415,-0.028105948120355606,0.5295745134353638,0.699225127696991,-0.02675786428153515,0.5662615299224854,0.6506218314170837,-0.027917342260479927,0.5237132906913757,0.7073971033096313,-0.03909838944673538,0.5337665677070618,0.7305663824081421,-0.030713912099599838,0.5447880029678345,0.7245797514915466,-0.024807728826999664,0.5768346190452576,0.6842263340950012,-0.03799847513437271,0.5404103994369507,0.7257824540138245,-0.04571940377354622,0.547218382358551,0.749946117401123,-0.039215102791786194,0.5569490194320679,0.7526800036430359,-0.03357928618788719,X
0.3578837215900421,0.7432702779769897,-1.9688521035732265e-08,0.39226508140563965,0.7085809707641602,0.0017547339666634798,0.42844027280807495,0.6818618178367615,-0.004612629301846027,0.4560064375400543,0.6776091456413269,-0.01396789588034153,0.47347745299339294,0.6816995739936829,-0.02286723256111145,0.44550126791000366,0.62094646692276,-0.011136841028928757,0.47600477933883667,0.5878033638000488,-0.02589504048228264,0.49448028206825256,0.5538884401321411,-0.03579216077923775,0.5076693296432495,0.5242742300033569,-0.04271877557039261,0.43437230587005615,0.6288727521896362,-0.02137462981045246,0.47096723318099976,0.7006630897521973,-0.03783135488629341,0.45647215843200684,0.7135149240493774,-0.039326850324869156,0.44225621223449707,0.7021688222885132,-0.0387403666973114,0.4191668629646301,0.6558110117912292,-0.031585365533828735,0.45126038789749146,0.7292067408561707,-0.04536770284175873,0.43588075041770935,0.7313358187675476,-0.03945375978946686,0.42578762769699097,0.7149228453636169,-0.03422253951430321,0.40293416380882263,0.6891540288925171,-0.042345352470874786,0.430264949798584,0.7477334141731262,-0.04819769412279129,0.4175238013267517,0.748279869556427,-0.04114333540201187,0.4062587320804596,0.7316564321517944,-0.03527471423149109,X
0.6256710290908813,0.7298061847686768,-2.1209790190823696e-07,0.5903347134590149,0.7040706276893616,0.007735807914286852,0.5563570857048035,0.6691311597824097,0.005404854193329811,0.5325905680656433,0.6471200585365295,-0.0002950979396700859,0.5143684148788452,0.6387229561805725,-0.006598431617021561,0.54407799243927,0.595276415348053,-0.004721737001091242,0.506848931312561,0.5583776235580444,-0.01685882732272148,0.48196786642074585,0.5406860709190369,-0.023935509845614433,0.462738037109375,0.5287054777145386,-0.029360854998230934,0.5538108944892883,0.6020013689994812,-0.015617433935403824,0.5108006596565247,0.6564305424690247,-0.02927250787615776,0.5196297764778137,0.687498152256012,-0.029608873650431633,0.5323382019996643,0.6885830760002136,-0.029586881399154663,0.5635555982589722,0.6282454133033752,-0.026427729055285454,0.5259472727775574,0.6865521669387817,-0.03801640123128891,0.5352105498313904,0.7126942873001099,-0.03077857196331024,0.5452771186828613,0.7111753821372986,-0.02567356638610363,0.5731036067008972,0.6596819758415222,-0.03707442805171013,0.5406726002693176,0.7025385499000549,-0.0446007214486599,0.5451207756996155,0.7283788919448853,-0.03898421674966812,0.5524683594703674,0.7338013648986816,-0.0340304858982563,X
0.3636818826198578,0.7079480886459351,7.485397190976073e-09,0.3987596035003662,0.6825966835021973,0.0017282008193433285,0.4321824610233307,0.6534054279327393,-0.0046967328526079655,0.45866984128952026,0.642944872379303,-0.01404514815658331,0.47737666964530945,0.6441441178321838,-0.02292022854089737,0.44685718417167664,0.5872182846069336,-0.009504533372819424,0.47552239894866943,0.551736056804657,-0.023277301341295242,0.4942833185195923,0.5193151235580444,-0.03203432261943817,0.5076853036880493,0.49250513315200806,-0.03808297961950302,0.43637728691101074,0.5924796462059021,-0.01969016343355179,0.4778725206851959,0.6530921459197998,-0.036584965884685516,0.466033399105072,0.673932671546936,-0.03764062374830246,0.4516613483428955,0.6707481145858765,-0.03588034585118294,0.4229806363582611,0.6156742572784424,-0.029945185407996178,0.45742255449295044,0.6801499724388123,-0.0432293601334095,0.442982941865921,0.6901730895042419,-0.03639025613665581,0.4317000210285187,0.6797455549240112,-0.030141068622469902,0.40900883078575134,0.6466256976127625,-0.04081546887755394,0.43613478541374207,0.6996110677719116,-0.04594399780035019,0.4235782027244568,0.7070256471633911,-0.03862331807613373,0.412278413772583,0.6943734288215637,-0.032556019723415375,X
0.6185448169708252,0.701930582523346,-2.145293507282986e-07,0.5776710510253906,0.68533855676651,0.006405428517609835,0.5476202368736267,0.6514633893966675,0.0027358282823115587,0.5279176235198975,0.6255635619163513,-0.003950299229472876,0.5126789212226868,0.6097859740257263,-0.011057798750698566,0.5422638058662415,0.5667852163314819,-0.006732690613716841,0.5057200193405151,0.5276280641555786,-0.019238600507378578,0.4814724326133728,0.5154986381530762,-0.02675376459956169,0.4647877514362335,0.5088456869125366,-0.03195815905928612,0.5526435971260071,0.5672176480293274,-0.016352873295545578,0.5064215660095215,0.6097232103347778,-0.027599405497312546,0.5133973956108093,0.6415371894836426,-0.02692401222884655,0.5269758105278015,0.6464584469795227,-0.02670484222471714,0.5625803470611572,0.5875280499458313,-0.026039252057671547,0.5227946639060974,0.6426855325698853,-0.03534269705414772,0.530755877494812,0.6706081628799438,-0.02795957215130329,0.5419150590896606,0.6749821305274963,-0.02352381870150566,0.5717781186103821,0.6160772442817688,-0.035750918090343475,0.5397303700447083,0.6595360040664673,-0.04169105738401413,0.5412647128105164,0.689093828201294,-0.036325328052043915,0.5467623472213745,0.7029193639755249,-0.032107461243867874,X
0.36480090022087097,0.6901686191558838,-4.594986058314987e-10,0.3999038636684418,0.6632838845252991,0.0019284200388938189,0.4329756200313568,0.630206286907196,-0.004164490383118391,0.45762550830841064,0.611738383769989,-0.01320117898285389,0.4748704731464386,0.6036599278450012,-0.02184857241809368,0.4455004334449768,0.5674760937690735,-0.007883577607572079,0.47605031728744507,0.5316638946533203,-0.02078285627067089,0.4943147897720337,0.4999154806137085,-0.02809194102883339,0.5077812075614929,0.4717824459075928,-0.033129774034023285,0.4358903765678406,0.5723317265510559,-0.017895666882395744,0.4792567789554596,0.6208207011222839,-0.034489333629608154,0.4664129614830017,0.6471043825149536,-0.03464443236589432,0.45170465111732483,0.6464036107063293,-0.031925663352012634,0.4244319796562195,0.5938559770584106,-0.028039146214723587,0.46288448572158813,0.6479282379150391,-0.04160388559103012,0.44773900508880615,0.6658957004547119,-0.03378710895776749,0.43546971678733826,0.6594431400299072,-0.026545675471425056,0.41308945417404175,0.623939573764801,-0.03866688534617424,0.4423544406890869,0.6704568266868591,-0.04400729015469551,0.4290832579135895,0.6838911771774292,-0.036387957632541656,0.41692185401916504,0.6748974919319153,-0.030027225613594055,X
0.61510169506073,0.6937155723571777,-2.3955180949997157e-07,0.5703566670417786,0.6810184121131897,0.00536764832213521,0.5407230854034424,0.6465895175933838,0.0023269576486200094,0.519645094871521,0.6189612150192261,-0.003712601726874709,0.5043402910232544,0.599706768989563,-0.010033625178039074,0.5420740842819214,0.5551166534423828,-0.00445581553503871,0.5058346390724182,0.5170155167579651,-0.016060810536146164,0.4833579659461975,0.5043807625770569,-0.023329470306634903,0.46802935004234314,0.4943678677082062,-0.02863587625324726,0.5539665818214417,0.5534417033195496,-0.013423175550997257,0.5072543621063232,0.598013162612915,-0.025095300748944283,0.5136290192604065,0.6340617537498474,-0.02526983991265297,0.5267251133918762,0.639057993888855,-0.025430919602513313,0.5640596151351929,0.5717558264732361,-0.02265012077987194,0.521177351474762,0.6273024082183838,-0.03285844996571541,0.5289608240127563,0.658784031867981,-0.025836439803242683,0.5410330295562744,0.6632372140884399,-0.021242549642920494,0.5720910429954529,0.5995109677314758,-0.03210616111755371,0.537651538848877,0.6417173743247986,-0.038963157683610916,0.5401366949081421,0.6720105409622192,-0.033941254019737244,0.5485625267028809,0.68429034948349,-0.029596958309412003,X
0.36581018567085266,0.6933373212814331,4.130100705879158e-09,0.40235573053359985,0.6714575886726379,0.001364244380965829,0.43407970666885376,0.6402618885040283,-0.005140995141118765,0.4581665098667145,0.6226966381072998,-0.014701959677040577,0.4754630923271179,0.6152405142784119,-0.02375543676316738,0.4467979967594147,0.5651708245277405,-0.008399342186748981,0.47601932287216187,0.5288088321685791,-0.02118309959769249,0.494280606508255,0.49555909633636475,-0.028561020269989967,0.5071805119514465,0.46729856729507446,-0.03376995772123337,0.4352329969406128,0.5697408318519592,-0.018605144694447517,0.48059090971946716,0.6214808225631714,-0.03580513596534729,0.467599481344223,0.645252525806427,-0.03660040348768234,0.4518945515155792,0.6426923274993896,-0.03423435240983963,0.42253538966178894,0.5922675728797913,-0.028963379561901093,0.4625057578086853,0.650058388710022,-0.04274052754044533,0.44732731580734253,0.6646929979324341,-0.03565196320414543,0.43469464778900146,0.6563788652420044,-0.028961364179849625,0.41000795364379883,0.6227744221687317,-0.03992001339793205,0.4407680630683899,0.6706352829933167,-0.045567791908979416,0.4274641275405884,0.6813948154449463,-0.03855070844292641,0.41509538888931274,0.6704673767089844,-0.03259802237153053,X
0.6141199469566345,0.6938549280166626,-2.3084315614596562e-07,0.5712710022926331,0.6787876486778259,0.004155031405389309,0.5425393581390381,0.6435586810112,0.0002608699433039874,0.5232442021369934,0.614923357963562,-0.006423315964639187,0.5105219483375549,0.5948373079299927,-0.01336925383657217,0.5415922999382019,0.5546438097953796,-0.006548769772052765,0.5049219131469727,0.5146735310554504,-0.01846306212246418,0.48347747325897217,0.49981340765953064,-0.025718102231621742,0.46879687905311584,0.48668062686920166,-0.031218478456139565,0.5542575716972351,0.5535823702812195,-0.015398753806948662,0.5083760619163513,0.5988459587097168,-0.028327343985438347,0.5173410773277283,0.6341395974159241,-0.028500743210315704,0.5320665240287781,0.637780487537384,-0.028371643275022507,0.5649170875549316,0.5726823210716248,-0.02452864870429039,0.5226382613182068,0.627581000328064,-0.0357859767973423,0.5323267579078674,0.6578109264373779,-0.028346482664346695,0.5453658103942871,0.6602494120597839,-0.023226121440529823,0.5736926198005676,0.6009318232536316,-0.0339471660554409,0.5391832590103149,0.6429645419120789,-0.04172163084149361,0.5425914525985718,0.6736725568771362,-0.03641539439558983,0.551539957523346,0.685713529586792,-0.03168609365820885,X
0.36376574635505676,0.6910574436187744,-1.5896079119670503e-08,0.3969438076019287,0.6594452857971191,0.0023855476174503565,0.42960309982299805,0.626958429813385,-0.003248151857405901,0.4555061459541321,0.6117346286773682,-0.011953363195061684,0.47360020875930786,0.6077174544334412,-0.020173585042357445,0.4455116391181946,0.5641801357269287,-0.007150487974286079,0.4758402705192566,0.528042733669281,-0.019292159005999565,0.4936800003051758,0.49458596110343933,-0.02650652825832367,0.5066857933998108,0.4660659432411194,-0.03167329728603363,0.43588337302207947,0.5704082250595093,-0.017359089106321335,0.4787353575229645,0.6223487257957458,-0.03341323882341385,0.46547549962997437,0.6447677612304688,-0.034153543412685394,0.4506208896636963,0.6433859467506409,-0.03212913125753403,0.4241938889026642,0.5938250422477722,-0.027578789740800858,0.4611765742301941,0.6498809456825256,-0.04000803455710411,0.4458521604537964,0.6632044315338135,-0.032716814428567886,0.4341523349285126,0.6561645269393921,-0.02623143047094345,0.4122183918952942,0.624380350112915,-0.03835739195346832,0.44078895449638367,0.6684004068374634,-0.04254498332738876,0.427947074174881,0.6779805421829224,-0.034963686019182205,0.4166782796382904,0.6686362624168396,-0.028860697522759438,X
0.6147286891937256,0.6956140398979187,-2.1221175927621516e-07,0.5706095695495605,0.6804221868515015,0.0046114856377244,0.5416473150253296,0.6466259956359863,0.0008580151479691267,0.5207444429397583,0.6208969354629517,-0.005956623237580061,0.5058759450912476,0.6020635366439819,-0.013074427843093872,0.5434322953224182,0.5567635893821716,-0.005216801539063454,0.5079371929168701,0.516130805015564,-0.01648498699069023,0.48794811964035034,0.49848270416259766,-0.023156650364398956,0.47464436292648315,0.48238134384155273,-0.028237761929631233,0.5560811758041382,0.5559682846069336,-0.014286505989730358,0.5100722908973694,0.5990440249443054,-0.026826947927474976,0.5174074172973633,0.6341612339019775,-0.027124226093292236,0.5311508774757385,0.6382296681404114,-0.02702506259083748,0.5667617321014404,0.5743565559387207,-0.023610495030879974,0.5241798162460327,0.6280457377433777,-0.03476322814822197,0.5325903296470642,0.6586270332336426,-0.027598928660154343,0.5448810458183289,0.6622570753097534,-0.022499630227684975,0.5753970742225647,0.601708173751831,-0.03317103907465935,0.5407657623291016,0.642443060874939,-0.040584880858659744,0.5431698560714722,0.6719582080841064,-0.03527428209781647,0.5512652397155762,0.6843047738075256,-0.030470531433820724,X
0.3659433126449585,0.6929230690002441,-8.86031958913236e-09,0.4020427167415619,0.6680784225463867,0.0030008580069988966,0.43433380126953125,0.6370733976364136,-0.0024912403896450996,0.4594550132751465,0.620938777923584,-0.011319725774228573,0.4775267541408539,0.6138213276863098,-0.019654951989650726,0.4469611644744873,0.5664531588554382,-0.006320609245449305,0.47615760564804077,0.527432918548584,-0.01873173378407955,0.49492618441581726,0.49291542172431946,-0.025974901393055916,0.5080885291099548,0.46428388357162476,-0.030952749773859978,0.43707913160324097,0.5701237320899963,-0.01684246025979519,0.48227015137672424,0.6207567453384399,-0.03318958356976509,0.46961072087287903,0.6442973017692566,-0.03370102867484093,0.45358482003211975,0.642738401889801,-0.03107302077114582,0.4257560074329376,0.5916758179664612,-0.027442332357168198,0.46412980556488037,0.6492620706558228,-0.039938993752002716,0.4491282105445862,0.6634229421615601,-0.03272618353366852,0.4365501403808594,0.655970573425293,-0.026083093136548996,0.41411927342414856,0.62132728099823,-0.03857601433992386,0.4419586658477783,0.668531060218811,-0.04292888194322586,0.4289686679840088,0.6790550947189331,-0.035657692700624466,0.4169943928718567,0.6687743663787842,-0.029610252007842064,X
0.6136794090270996,0.6999602317810059,-2.2932397314434638e-07,0.570927083492279,0.6811975240707397,0.005429877899587154,0.5424484014511108,0.6469727754592896,0.0018908799393102527,0.5220289826393127,0.6221244931221008,-0.004823384340852499,0.5081356763839722,0.6034693121910095,-0.011825792491436005,0.54248046875,0.5597936511039734,-0.004293525125831366,0.5078771710395813,0.5175737142562866,-0.01633482426404953,0.48667219281196594,0.5050652027130127,-0.023130061104893684,0.47345566749572754,0.4961506724357605,-0.027678659185767174,0.5550596714019775,0.5594654083251953,-0.013697831891477108,0.5085459351539612,0.5990113019943237,-0.026218820363283157,0.5136061310768127,0.6365469098091125,-0.026347704231739044,0.5265322327613831,0.6438610553741455,-0.02600596286356449,0.5659278631210327,0.5785794854164124,-0.023464476689696312,0.5231600403785706,0.6290935277938843,-0.03479762747883797,0.5292295217514038,0.6612663269042969,-0.02796941064298153,0.5402779579162598,0.6660348773002625,-0.02293970249593258,0.5748721361160278,0.6065905690193176,-0.03325227275490761,0.5398550033569336,0.6456054449081421,-0.04037512093782425,0.5416895151138306,0.6756515502929688,-0.034875620156526566,0.5499740839004517,0.6874623894691467,-0.029908809810876846,X
0.36684054136276245,0.6935386657714844,-6.391598805777221e-09,0.40226057171821594,0.6665440201759338,0.0031205848790705204,0.43385255336761475,0.6341979503631592,-0.0026964873541146517,0.45798957347869873,0.6165358424186707,-0.011728057637810707,0.47530466318130493,0.6111263036727905,-0.02024160698056221,0.448061466217041,0.5664205551147461,-0.007535848766565323,0.47757354378700256,0.5280535817146301,-0.020283261314034462,0.4965207278728485,0.49471110105514526,-0.027832435443997383,0.5098297595977783,0.46726489067077637,-0.03302965313196182,0.4378608763217926,0.571103572845459,-0.01809028908610344,0.48199671506881714,0.6238242983818054,-0.034539785236120224,0.4692670404911041,0.6473224759101868,-0.03487066924571991,0.45415282249450684,0.6454218029975891,-0.03235415369272232,0.426075279712677,0.5932980179786682,-0.028615931048989296,0.4648754596710205,0.6514167785644531,-0.04125749692320824,0.4499157667160034,0.665002703666687,-0.0336768664419651,0.4377289414405823,0.6570732593536377,-0.0269083883613348,0.41415560245513916,0.6234049797058105,-0.039628010243177414,0.4437068998813629,0.6709418296813965,-0.04410044103860855,0.4305741786956787,0.6803064942359924,-0.03644770756363869,0.4184621572494507,0.6690688133239746,-0.030173709616065025,X
0.6134165525436401,0.7003574371337891,-2.370999538925389e-07,0.5684819221496582,0.6879642605781555,0.005026249215006828,0.5403671860694885,0.650996208190918,0.0017234468832612038,0.5216160416603088,0.6219057440757751,-0.004508251324295998,0.5080636143684387,0.6014274954795837,-0.01084580272436142,0.5423460602760315,0.5577290058135986,-0.0039657605811953545,0.5084421038627625,0.5169289708137512,-0.015854842960834503,0.48587167263031006,0.5094583034515381,-0.022796589881181717,0.4717560112476349,0.5067335367202759,-0.027422389015555382,0.5545030236244202,0.5576375126838684,-0.012715257704257965,0.5081702470779419,0.5989739298820496,-0.02395794726908207,0.5146839618682861,0.633676290512085,-0.023704370483756065,0.5286441445350647,0.6371046900749207,-0.023510294035077095,0.5641152858734131,0.5776463150978088,-0.02190282754600048,0.5213828682899475,0.6297678351402283,-0.03156162053346634,0.5286200046539307,0.6588395237922668,-0.024258995428681374,0.5403289198875427,0.6595619916915894,-0.019594352692365646,0.5712388157844543,0.6065915822982788,-0.031337182968854904,0.5373062491416931,0.6476410031318665,-0.0373176671564579,0.5402729511260986,0.6775758862495422,-0.03160122036933899,0.5486600399017334,0.6887415647506714,-0.026841571554541588,X
0.3680187463760376,0.6936805248260498,-2.2081655615124873e-08,0.40262311697006226,0.6682752966880798,0.0022095143795013428,0.4355255365371704,0.6352953314781189,-0.0036827665753662586,0.460714727640152,0.6173441410064697,-0.012600716203451157,0.47828376293182373,0.6139771342277527,-0.020982319489121437,0.44985052943229675,0.5674350261688232,-0.007562240120023489,0.4793449342250824,0.5286595225334167,-0.01983974315226078,0.4971371293067932,0.4948003888130188,-0.02698681876063347,0.5101743936538696,0.46727725863456726,-0.03207959979772568,0.44018080830574036,0.5725418925285339,-0.017690110951662064,0.48251551389694214,0.626807689666748,-0.03419027850031853,0.4686874747276306,0.6496309638023376,-0.03467613458633423,0.45390358567237854,0.647236704826355,-0.03230336681008339,0.42878487706184387,0.5952810645103455,-0.02783852629363537,0.4662210941314697,0.6543839573860168,-0.040410399436950684,0.45031774044036865,0.6677618026733398,-0.032721731811761856,0.43844935297966003,0.6597580909729004,-0.025940317660570145,0.4170977771282196,0.6258507370948792,-0.03858509287238121,0.445522665977478,0.6736318469047546,-0.04298355057835579,0.43191763758659363,0.6835849285125732,-0.03526391461491585,0.4205159544944763,0.6736374497413635,-0.028976010158658028,X
0.6131845712661743,0.7019718289375305,-2.2648551123438665e-07,0.5693898797035217,0.6849938631057739,0.005433025769889355,0.5408506393432617,0.6486841440200806,0.001790812355466187,0.521577000617981,0.6192055344581604,-0.00515848770737648,0.508945107460022,0.5976316928863525,-0.012340663932263851,0.5421302318572998,0.5585569739341736,-0.004549448844045401,0.5100670456886292,0.5116084218025208,-0.01653927005827427,0.49279719591140747,0.49223560094833374,-0.023421255871653557,0.48279380798339844,0.476841002702713,-0.02834894508123398,0.5546256899833679,0.5572154521942139,-0.013998474925756454,0.5097091197967529,0.6037404537200928,-0.02661144733428955,0.5168449282646179,0.640981912612915,-0.026783710345625877,0.5312211513519287,0.6459852457046509,-0.026693668216466904,0.5648777484893799,0.5772686004638672,-0.023767994716763496,0.5232700109481812,0.6341640949249268,-0.034825343638658524,0.5316591858863831,0.6653412580490112,-0.027706803753972054,0.5441503524780273,0.6675711870193481,-0.022848058491945267,0.5728568434715271,0.6064562201499939,-0.03372617065906525,0.538815438747406,0.6501012444496155,-0.04130881652235985,0.5415146350860596,0.6809056997299194,-0.03633992373943329,0.549565315246582,0.6918462514877319,-0.03180582448840141,X
0.36643186211586,0.6991365551948547,-1.5242365591916496e-08,0.4020327925682068,0.6747605204582214,0.0036707213148474693,0.4340430200099945,0.6432838439941406,-0.0017751774284988642,0.4585837721824646,0.626285195350647,-0.010593011975288391,0.4757879078388214,0.6191632151603699,-0.018900036811828613,0.4495413899421692,0.5709554553031921,-0.006721269804984331,0.47869718074798584,0.5325164794921875,-0.019232971593737602,0.4972045421600342,0.4975982904434204,-0.026848534122109413,0.5100436806678772,0.4679572880268097,-0.03218701854348183,0.4391348361968994,0.574970543384552,-0.017792977392673492,0.4843332767486572,0.6292558908462524,-0.034025926142930984,0.47100821137428284,0.6522040367126465,-0.034577418118715286,0.45472458004951477,0.6495422124862671,-0.03214254975318909,0.42688536643981934,0.5973547697067261,-0.028798619285225868,0.4654742479324341,0.6566630005836487,-0.04108280688524246,0.44999536871910095,0.669435977935791,-0.033679135143756866,0.4374255836009979,0.6607710719108582,-0.027083462104201317,0.41422343254089355,0.6276078820228577,-0.04026835784316063,0.442343533039093,0.6756765842437744,-0.044272080063819885,0.4294295907020569,0.6850529909133911,-0.036486316472291946,0.4180391728878021,0.6738527417182922,-0.030202921479940414,X
0.6139806509017944,0.7066073417663574,-2.1060294841390714e-07,0.5719676613807678,0.6882535815238953,0.005002093501389027,0.5439021587371826,0.6526057124137878,0.001486213062889874,0.5244988203048706,0.6236727237701416,-0.005046779755502939,0.5110313296318054,0.6037779450416565,-0.012005224823951721,0.5425391793251038,0.5645589828491211,-0.005554841831326485,0.5097751021385193,0.5187514424324036,-0.016295509412884712,0.4922062158584595,0.492549329996109,-0.02279127947986126,0.4796828627586365,0.46907761693000793,-0.02814783900976181,0.5551809668540955,0.5634648203849792,-0.014708176255226135,0.5090492367744446,0.609205961227417,-0.026999805122613907,0.5158875584602356,0.6466536521911621,-0.027115555480122566,0.5298447608947754,0.6536111235618591,-0.027084706351161003,0.5656958818435669,0.5831342339515686,-0.023968946188688278,0.5237512588500977,0.6378193497657776,-0.034722838550806046,0.5318268537521362,0.6688250303268433,-0.027502119541168213,0.5439125299453735,0.6727014183998108,-0.022595342248678207,0.5742853879928589,0.6112617254257202,-0.03344627469778061,0.5398432612419128,0.6525880098342896,-0.04107130318880081,0.5420941114425659,0.6833200454711914,-0.036039337515830994,0.5497415661811829,0.6953662633895874,-0.031441010534763336,X
0.36532506346702576,0.6985726356506348,-1.651218006770705e-08,0.39926818013191223,0.6700943112373352,0.0030688242986798286,0.4326690137386322,0.6374220252037048,-0.0024354704655706882,0.4575604796409607,0.6207883954048157,-0.011051139794290066,0.47488802671432495,0.615533709526062,-0.01906662806868553,0.4491405487060547,0.5715439915657043,-0.006849972996860743,0.4791530966758728,0.5351629257202148,-0.019117077812552452,0.4969286024570465,0.5008237957954407,-0.026394478976726532,0.5101373195648193,0.47195956110954285,-0.03163145110011101,0.44016072154045105,0.5763310194015503,-0.017536044120788574,0.48476657271385193,0.6329660415649414,-0.03380203619599342,0.47048547863960266,0.654308021068573,-0.03407330811023712,0.45487117767333984,0.6513592600822449,-0.031535230576992035,0.4288337230682373,0.5990871787071228,-0.0282304584980011,0.46691811084747314,0.6612975597381592,-0.04025494307279587,0.4502466320991516,0.6731684803962708,-0.03255271166563034,0.43831250071525574,0.6645278334617615,-0.025956014171242714,0.4169136881828308,0.6298796534538269,-0.039490532130002975,0.44504499435424805,0.6817811727523804,-0.043385099619627,0.4300138056278229,0.690205991268158,-0.03568593040108681,0.4179936647415161,0.678189218044281,-0.02958868071436882,X
0.6149933934211731,0.7064138650894165,-2.4437957790723885e-07,0.5721030831336975,0.6900078058242798,0.005746576003730297,0.5429033637046814,0.6545291543006897,0.0022142541129142046,0.5225884914398193,0.6262025833129883,-0.004526207689195871,0.5084018111228943,0.6058627963066101,-0.011479819193482399,0.5420435070991516,0.5635483860969543,-0.0057141040451824665,0.5079317092895508,0.515648603439331,-0.018402880057692528,0.4873456656932831,0.5006358027458191,-0.025658056139945984,0.4745357036590576,0.49078547954559326,-0.030736971646547318,0.5550820827484131,0.5630201101303101,-0.015388981439173222,0.5082452297210693,0.6083052158355713,-0.02817903831601143,0.5153714418411255,0.6448901891708374,-0.02811504155397415,0.5295200347900391,0.6478802561759949,-0.027979450300335884,0.5661415457725525,0.5836122632026672,-0.025364026427268982,0.5225610733032227,0.6390716433525085,-0.03666660934686661,0.530687153339386,0.6697346568107605,-0.029155516996979713,0.5429074764251709,0.6699600219726562,-0.02408512309193611,0.5750132203102112,0.6124882698059082,-0.03544837236404419,0.5391836166381836,0.655604898929596,-0.043152227997779846,0.541999101638794,0.6862165927886963,-0.037797119468450546,0.5504889488220215,0.6958856582641602,-0.033031463623046875,X
0.36453232169151306,0.6932055354118347,-1.6692339954715862e-08,0.39909857511520386,0.6676926612854004,0.0021652784198522568,0.43263372778892517,0.636708676815033,-0.003908537793904543,0.457928329706192,0.6200945377349854,-0.012865692377090454,0.4754440486431122,0.6156244874000549,-0.021285884082317352,0.44903281331062317,0.5672284364700317,-0.00904930755496025,0.4783850908279419,0.5307654142379761,-0.02163534425199032,0.4959143102169037,0.49701881408691406,-0.02926773950457573,0.5088197588920593,0.4689323306083679,-0.03481500595808029,0.43946725130081177,0.5724083185195923,-0.019434016197919846,0.4840077757835388,0.6313285827636719,-0.0356835313141346,0.46976226568222046,0.6518576145172119,-0.036220453679561615,0.45397916436195374,0.6472979187965393,-0.03410476818680763,0.4273032546043396,0.5967670679092407,-0.029757022857666016,0.46579670906066895,0.6590009331703186,-0.04191412776708603,0.44956231117248535,0.6695004105567932,-0.03461380675435066,0.4375714063644409,0.6594930291175842,-0.028384733945131302,0.41457399725914,0.6285757422447205,-0.040650200098752975,0.44269630312919617,0.6799527406692505,-0.044801145792007446,0.42909690737724304,0.6871358156204224,-0.03731377422809601,0.41791632771492004,0.6752140522003174,-0.0313340462744236,X
0.6172674894332886,0.7072098851203918,-2.316750169484294e-07,0.5732471346855164,0.6905881762504578,0.00604244414716959,0.5434702634811401,0.6542598605155945,0.002356185344979167,0.5220450758934021,0.6264819502830505,-0.0045850458554923534,0.5069816708564758,0.6068543791770935,-0.011671582236886024,0.5422185659408569,0.561877965927124,-0.005355424247682095,0.5067130923271179,0.5148763656616211,-0.017653513699769974,0.4854591488838196,0.4998009204864502,-0.024406803771853447,0.4724206328392029,0.48944902420043945,-0.029019035398960114,0.5548453330993652,0.5623846054077148,-0.015161208808422089,0.5074535608291626,0.6048885583877563,-0.02774256467819214,0.5144721269607544,0.6407297253608704,-0.027255628257989883,0.5291517972946167,0.644437849521637,-0.026750123128294945,0.5655966997146606,0.5833895802497864,-0.02524506114423275,0.5218994617462158,0.6364240646362305,-0.03620811179280281,0.5298712253570557,0.6662836074829102,-0.028406750410795212,0.5422518849372864,0.6669867634773254,-0.023222915828227997,0.5743522644042969,0.6128144860267639,-0.03542061150074005,0.5384865999221802,0.6543818116188049,-0.042195819318294525,0.5407381653785706,0.6853626370429993,-0.036280132830142975,0.5486924052238464,0.6965847015380859,-0.0313178114593029,X
0.36455270648002625,0.6957018375396729,-2.233075235835713e-08,0.39832603931427,0.6675682663917542,0.003142571309581399,0.4314592778682709,0.6347646713256836,-0.002482073847204447,0.45692431926727295,0.6177703738212585,-0.011217827908694744,0.4745762050151825,0.6135571002960205,-0.019397446885704994,0.44722017645835876,0.570214569568634,-0.007546168752014637,0.47787320613861084,0.531751811504364,-0.019943883642554283,0.49560844898223877,0.4980153441429138,-0.027157381176948547,0.5083173513412476,0.4695740342140198,-0.032276593148708344,0.4377727508544922,0.5759272575378418,-0.018253356218338013,0.4827980399131775,0.6282002925872803,-0.034391433000564575,0.46902260184288025,0.6494078040122986,-0.03444869816303253,0.4533008337020874,0.6459817290306091,-0.031912755221128464,0.42652037739753723,0.5993430614471436,-0.028926093131303787,0.46563783288002014,0.6556254625320435,-0.040930408984422684,0.44959282875061035,0.667533814907074,-0.03310084342956543,0.43715932965278625,0.6585016846656799,-0.026517372578382492,0.415141761302948,0.6303065419197083,-0.040120385587215424,0.4435011148452759,0.6778349876403809,-0.044116999953985214,0.4292864501476288,0.6864118576049805,-0.036416828632354736,0.4174964129924774,0.6749916076660156,-0.030344530940055847,X
0.6170147657394409,0.7082469463348389,-2.162160228635912e-07,0.5726847052574158,0.6898001432418823,0.005883123725652695,0.5424596667289734,0.6546050310134888,0.0023344147484749556,0.5215604901313782,0.6275312304496765,-0.004630401264876127,0.5063951015472412,0.6076384782791138,-0.011863638646900654,0.5420795679092407,0.5619716644287109,-0.004664786159992218,0.5091009140014648,0.5134459733963013,-0.01757565699517727,0.48821619153022766,0.49491652846336365,-0.025221120566129684,0.4742966294288635,0.48254480957984924,-0.030512692406773567,0.55487459897995,0.5624700784683228,-0.014606384560465813,0.5077916383743286,0.6041090488433838,-0.027854088693857193,0.5124847292900085,0.6424441337585449,-0.028277212753891945,0.5253380537033081,0.6497167348861694,-0.028196239843964577,0.5660454630851746,0.5836024880409241,-0.02487313374876976,0.522334635257721,0.6361268758773804,-0.03652208670973778,0.5283318161964417,0.6677324175834656,-0.029316188767552376,0.5394096970558167,0.6719684600830078,-0.02412455528974533,0.5754274725914001,0.6128078103065491,-0.035239119082689285,0.5394979119300842,0.6545044779777527,-0.042845048010349274,0.5405093431472778,0.6846907138824463,-0.037347737699747086,0.5478250980377197,0.6962955594062805,-0.03227341175079346,X
0.3670917749404907,0.6938304305076599,-1.362412582750494e-08,0.4021463990211487,0.6675132513046265,0.0019336395198479295,0.43530553579330444,0.6360822916030884,-0.004217937588691711,0.46148791909217834,0.6222285032272339,-0.013411923311650753,0.4794424772262573,0.6205654144287109,-0.022142114117741585,0.44830214977264404,0.5691516995429993,-0.008031237870454788,0.47758474946022034,0.5302093625068665,-0.020362073555588722,0.4958152174949646,0.4965338110923767,-0.02765621803700924,0.5085984468460083,0.46817100048065186,-0.03288314864039421,0.4377495050430298,0.574569821357727,-0.01831711456179619,0.4806087613105774,0.6283629536628723,-0.03488083928823471,0.467068076133728,0.651215672492981,-0.035823628306388855,0.4518856108188629,0.6477744579315186,-0.03384259343147278,0.42534324526786804,0.5978051424026489,-0.02857503853738308,0.4630553126335144,0.6565966606140137,-0.04154267534613609,0.44705498218536377,0.6690661311149597,-0.03432784229516983,0.43478327989578247,0.6596897840499878,-0.027782434597611427,0.4123382866382599,0.6284099221229553,-0.039384350180625916,0.4411892294883728,0.6758811473846436,-0.04410694167017937,0.42822352051734924,0.6854816675186157,-0.03643036633729935,0.41660022735595703,0.6750895977020264,-0.030119149014353752,X
0.6194563508033752,0.7071453332901001,-1.9750011404084944e-07,0.5750852823257446,0.6921719908714294,0.005364842247217894,0.5449327826499939,0.6569762825965881,0.001578634255565703,0.5244747400283813,0.630139172077179,-0.005455612204968929,0.509259819984436,0.6118165850639343,-0.012804011814296246,0.5421119332313538,0.563641369342804,-0.006259689573198557,0.5084594488143921,0.5122343301773071,-0.019166866317391396,0.4886012077331543,0.4902576804161072,-0.026605602353811264,0.4757911264896393,0.4737500846385956,-0.031796131283044815,0.5550207495689392,0.5634363889694214,-0.01581813022494316,0.5078929662704468,0.6036356091499329,-0.02914750576019287,0.5121909379959106,0.6422227025032043,-0.02946634590625763,0.5253764986991882,0.6490800380706787,-0.029367510229349136,0.5666034817695618,0.5845350623130798,-0.0256438497453928,0.5229554772377014,0.6354010701179504,-0.037716373801231384,0.5280383229255676,0.6680641174316406,-0.030749740079045296,0.5390603542327881,0.6727725863456726,-0.025620276108384132,0.5760984420776367,0.6142004728317261,-0.03552243486046791,0.5400496125221252,0.6526145339012146,-0.04333385080099106,0.5405925512313843,0.683358907699585,-0.03797373175621033,0.5479260683059692,0.6954444646835327,-0.03299381956458092,X
0.36483490467071533,0.6973744034767151,-2.1929597693315372e-08,0.40023893117904663,0.6700561046600342,0.0033356782514601946,0.43318137526512146,0.6381400227546692,-0.0021660798229277134,0.4575308561325073,0.6212480664253235,-0.010869341902434826,0.47351670265197754,0.6155762672424316,-0.019012676551938057,0.44991084933280945,0.5690420866012573,-0.006602236535400152,0.4787970781326294,0.5308523774147034,-0.01846219040453434,0.4962676763534546,0.4966597557067871,-0.025630246847867966,0.50864577293396,0.46814781427383423,-0.030857983976602554,0.440530389547348,0.5741023421287537,-0.017500169575214386,0.485476016998291,0.6300426721572876,-0.03343683481216431,0.4711740016937256,0.6514511108398438,-0.03400326147675514,0.45517146587371826,0.6471621990203857,-0.03175269439816475,0.42880791425704956,0.5972232818603516,-0.028325235471129417,0.46736788749694824,0.6578351259231567,-0.040076375007629395,0.451028972864151,0.6695407032966614,-0.03280174732208252,0.4387018084526062,0.6598308086395264,-0.026510603725910187,0.41639164090156555,0.6280052065849304,-0.039676256477832794,0.44446590542793274,0.6784090995788574,-0.043438397347927094,0.4310569763183594,0.6867694854736328,-0.035911329090595245,0.41970205307006836,0.6751296520233154,-0.02985207550227642,X
0.6219360828399658,0.7090707421302795,-2.079920164987925e-07,0.577250599861145,0.6913720965385437,0.008048922754824162,0.5469150543212891,0.6548177003860474,0.005194908007979393,0.5267778635025024,0.6280881762504578,-0.0015064916806295514,0.5121873021125793,0.6099098920822144,-0.008732939139008522,0.5431325435638428,0.5641083121299744,-0.0027251061983406544,0.5105090141296387,0.5155714750289917,-0.013958840630948544,0.4924420714378357,0.4948478043079376,-0.020553814247250557,0.48157694935798645,0.4794008731842041,-0.02531093917787075,0.556057333946228,0.564499020576477,-0.013619550503790379,0.5087524652481079,0.6046294569969177,-0.024878187105059624,0.5145241618156433,0.6413987278938293,-0.024528518319129944,0.5290116667747498,0.6479383707046509,-0.024422407150268555,0.5677912831306458,0.5860485434532166,-0.0246394295245409,0.5232818722724915,0.6337999105453491,-0.034696247428655624,0.5292169451713562,0.664842963218689,-0.027298932895064354,0.5410565733909607,0.6695008873939514,-0.02252514660358429,0.5776281356811523,0.6161935329437256,-0.03555557504296303,0.5407788753509521,0.6521702408790588,-0.042159922420978546,0.5416081547737122,0.6821122169494629,-0.03644145280122757,0.5494384765625,0.6949330568313599,-0.03162669017910957,X
0.36500197649002075,0.7008529901504517,-1.4523512170683262e-08,0.399406760931015,0.6727274060249329,0.003299203235656023,0.43328985571861267,0.6399638056755066,-0.0024798321537673473,0.4594804346561432,0.624538004398346,-0.011505567468702793,0.4776744246482849,0.6218315362930298,-0.02001209370791912,0.44915148615837097,0.5716164112091064,-0.007651432882994413,0.4795061945915222,0.5319347381591797,-0.020264364778995514,0.49793684482574463,0.4971020817756653,-0.02772446535527706,0.510985255241394,0.4689471423625946,-0.03288780152797699,0.43934622406959534,0.5760657787322998,-0.018504666164517403,0.4855008125305176,0.6326441764831543,-0.03467397764325142,0.47149279713630676,0.6538512110710144,-0.03474891558289528,0.45548343658447266,0.6506239175796509,-0.032049670815467834,0.42748844623565674,0.5993574261665344,-0.029322564601898193,0.46714380383491516,0.6615073084831238,-0.04120758920907974,0.45066869258880615,0.6716024875640869,-0.03369295597076416,0.4384351074695587,0.661776602268219,-0.02718411758542061,0.41533172130584717,0.6307076215744019,-0.04064078629016876,0.44469746947288513,0.680936872959137,-0.04392188414931297,0.4312569499015808,0.689132571220398,-0.035833898931741714,0.42005306482315063,0.6784454584121704,-0.02949027717113495,X
0.6206996440887451,0.7095270156860352,-2.2320136849884875e-07,0.5790737867355347,0.6893092393875122,0.00738637987524271,0.5488519072532654,0.654452919960022,0.004518842790275812,0.5278342962265015,0.6296709179878235,-0.002059159567579627,0.5127568244934082,0.6119670271873474,-0.00905841775238514,0.545295238494873,0.5661645531654358,-0.004040140192955732,0.5119168758392334,0.5173580646514893,-0.01581195369362831,0.49264514446258545,0.4948015809059143,-0.02253873087465763,0.479480504989624,0.476836234331131,-0.027533095329999924,0.557807981967926,0.5665631294250488,-0.014533380046486855,0.5101763010025024,0.612043559551239,-0.027426503598690033,0.5159467458724976,0.6493908166885376,-0.027639443054795265,0.5291763544082642,0.6559649109840393,-0.027534378692507744,0.5686896443367004,0.587223470211029,-0.025091029703617096,0.5254095196723938,0.6422719955444336,-0.03616867959499359,0.5328947901725769,0.6734598875045776,-0.02908739261329174,0.5445616841316223,0.6770697832107544,-0.0241421889513731,0.5778431296348572,0.6154362559318542,-0.03560205549001694,0.5414209961891174,0.6562684774398804,-0.042906422168016434,0.5420747399330139,0.6874332427978516,-0.03771446645259857,0.5487629771232605,0.7000480890274048,-0.033037856221199036,X
0.36570942401885986,0.7004355788230896,-1.7945097852134495e-08,0.400676965713501,0.6722368597984314,0.0038710155058652163,0.4339970648288727,0.6409155130386353,-0.0016191116301342845,0.4589182734489441,0.6253164410591125,-0.010288330726325512,0.47643399238586426,0.6219249367713928,-0.01841791905462742,0.4494911730289459,0.5725652575492859,-0.007348168175667524,0.4801821708679199,0.5338383316993713,-0.018468882888555527,0.4985049068927765,0.4998111128807068,-0.024528663605451584,0.5113554000854492,0.47145864367485046,-0.02895580232143402,0.4403894543647766,0.5775485038757324,-0.018410421907901764,0.48639923334121704,0.6318821907043457,-0.03359460085630417,0.4725511074066162,0.6551814079284668,-0.03338143974542618,0.4561462998390198,0.6526842713356018,-0.03060954436659813,0.4293631315231323,0.601259708404541,-0.029190924018621445,0.46850964426994324,0.6613073348999023,-0.039986502379179,0.45230570435523987,0.6738440990447998,-0.032141439616680145,0.4393913447856903,0.6649124622344971,-0.0257020965218544,0.41770556569099426,0.6326362490653992,-0.04042242467403412,0.44518834352493286,0.6828630566596985,-0.04338713735342026,0.4315429627895355,0.692444920539856,-0.03538454696536064,0.4197545647621155,0.6818629503250122,-0.029148545116186142,X
0.6209416389465332,0.7106223106384277,-2.225626758445287e-07,0.578519880771637,0.6901531219482422,0.007645719684660435,0.5487280488014221,0.6550402641296387,0.00464184395968914,0.5287171602249146,0.6291182637214661,-0.0019579085055738688,0.5149703025817871,0.6111199259757996,-0.008934075012803078,0.5462386608123779,0.5667728185653687,-0.003987881820648909,0.5119845271110535,0.5219441652297974,-0.01580016501247883,0.4934360384941101,0.5052619576454163,-0.022408150136470795,0.4827303886413574,0.49290716648101807,-0.026911195367574692,0.5583734512329102,0.5679863691329956,-0.014343013986945152,0.5103482007980347,0.6077680587768555,-0.02553936466574669,0.5152162909507751,0.6431179642677307,-0.025159381330013275,0.5282477736473083,0.6496525406837463,-0.025110578164458275,0.568970799446106,0.5894754528999329,-0.024821357801556587,0.5253516435623169,0.6402687430381775,-0.03472069650888443,0.5313340425491333,0.6701148748397827,-0.027862900868058205,0.5422994494438171,0.6746194362640381,-0.02349710464477539,0.577779233455658,0.6192222237586975,-0.035167891532182693,0.541914701461792,0.6581850051879883,-0.04150184243917465,0.5423130393028259,0.6870214343070984,-0.036303456872701645,0.5488177537918091,0.6997523307800293,-0.031973179429769516,X
0.365981787443161,0.6989607810974121,3.5349878579893357e-09,0.40042752027511597,0.6699392795562744,0.0030224137008190155,0.4346170723438263,0.638078510761261,-0.00303417700342834,0.4609487056732178,0.622762143611908,-0.012163789011538029,0.47984209656715393,0.6203208565711975,-0.020813148468732834,0.44986265897750854,0.574123203754425,-0.008867357857525349,0.4800297021865845,0.5368947386741638,-0.021595250815153122,0.49865928292274475,0.5025963187217712,-0.028949158266186714,0.5117345452308655,0.47395774722099304,-0.03413201496005058,0.4400028586387634,0.579666018486023,-0.019726378843188286,0.48718762397766113,0.6358592510223389,-0.036248285323381424,0.47426697611808777,0.6584406495094299,-0.03623303771018982,0.45832714438438416,0.6560527086257935,-0.033399224281311035,0.42781129479408264,0.6032161712646484,-0.030464937910437584,0.4684508144855499,0.6626402735710144,-0.042981553822755814,0.4534134566783905,0.6739928722381592,-0.03520490974187851,0.44089189171791077,0.6645850539207458,-0.02836035192012787,0.4153013825416565,0.6344221234321594,-0.0416526272892952,0.44488009810447693,0.6844826340675354,-0.04584299027919769,0.4324716627597809,0.6929891705513,-0.03789599984884262,0.42091548442840576,0.6814040541648865,-0.031523171812295914,X
0.622900128364563,0.7140432000160217,-2.37050400642147e-07,0.5815806984901428,0.6936581134796143,0.007573505863547325,0.5515751838684082,0.6577857136726379,0.005032203625887632,0.5302944183349609,0.6301663517951965,-0.0011479686945676804,0.5154739022254944,0.6106932759284973,-0.007675535976886749,0.547039270401001,0.5687850117683411,-0.0026493368204683065,0.5138081908226013,0.5236225128173828,-0.013029603287577629,0.49523434042930603,0.5026469826698303,-0.018994536250829697,0.48320913314819336,0.485347718000412,-0.02365891821682453,0.5592495203018188,0.5682575702667236,-0.012898450717329979,0.5125552415847778,0.6144981384277344,-0.024130644276738167,0.5186743140220642,0.6494575142860413,-0.02412416785955429,0.5319426655769348,0.6558347940444946,-0.024325912818312645,0.5699315071105957,0.5891309380531311,-0.02320539765059948,0.527191698551178,0.6452672481536865,-0.03333669528365135,0.5350813269615173,0.6759029030799866,-0.02684745192527771,0.5467870235443115,0.6811705827713013,-0.022701812908053398,0.5789386630058289,0.6184595227241516,-0.03342300280928612,0.5430806875228882,0.6614744663238525,-0.040522437542676926,0.5434605479240417,0.6917392611503601,-0.036154236644506454,0.5490602254867554,0.7056838870048523,-0.03234095126390457,X
0.3682723641395569,0.7025642991065979,-6.855065848299091e-09,0.4030453860759735,0.6727935671806335,0.0034077854361385107,0.43685320019721985,0.6403268575668335,-0.0020838980562984943,0.46274659037590027,0.6255942583084106,-0.010989905335009098,0.47929954528808594,0.6229673624038696,-0.01947515271604061,0.4517509341239929,0.5751433968544006,-0.006263624876737595,0.4806593060493469,0.5379091501235962,-0.018534114584326744,0.4990676939487457,0.5045828819274902,-0.02591373585164547,0.5123372077941895,0.47747936844825745,-0.031202904880046844,0.44122904539108276,0.5810754299163818,-0.017438946291804314,0.4861050248146057,0.6365674734115601,-0.034175727516412735,0.4723697304725647,0.6579111218452454,-0.034859783947467804,0.456488698720932,0.655532717704773,-0.03244703263044357,0.4284732937812805,0.6045013666152954,-0.02863253839313984,0.46735477447509766,0.664348840713501,-0.04136889427900314,0.4512345492839813,0.6740856170654297,-0.034283291548490524,0.43902403116226196,0.6643686294555664,-0.027763759717345238,0.4151279330253601,0.635067343711853,-0.040308788418769836,0.4450817108154297,0.6846957206726074,-0.04457864910364151,0.431839257478714,0.6916300058364868,-0.03708961233496666,0.4201132655143738,0.6794629693031311,-0.031009692698717117,X
0.6244428753852844,0.7185655236244202,-2.2355428086484608e-07,0.5813422203063965,0.6976653933525085,0.00935520138591528,0.550707995891571,0.6603439450263977,0.0077323936857283115,0.5303385257720947,0.6326306462287903,0.0022849757224321365,0.5165110230445862,0.6135105490684509,-0.0036746887490153313,0.5481370091438293,0.5731444358825684,-0.0014715557917952538,0.5138640403747559,0.5287262201309204,-0.010976062156260014,0.49647262692451477,0.5070715546607971,-0.016337307170033455,0.48545321822166443,0.4874191880226135,-0.02070729061961174,0.5605816841125488,0.5741420984268188,-0.01254917960613966,0.5127789378166199,0.6117978692054749,-0.022608375176787376,0.5186575055122375,0.6456009745597839,-0.02208728902041912,0.532253623008728,0.6518060564994812,-0.022139497101306915,0.5713722109794617,0.5954335331916809,-0.023501714691519737,0.5281577706336975,0.644578754901886,-0.03229110315442085,0.5348795056343079,0.6732126474380493,-0.025516139343380928,0.5461783409118652,0.6768075823783875,-0.021545344963669777,0.5801669955253601,0.6250737905502319,-0.03423769026994705,0.5441144704818726,0.6635572910308838,-0.039912763983011246,0.5456371903419495,0.6919800043106079,-0.034840378910303116,0.552841305732727,0.7039186954498291,-0.03088095411658287,X
0.3671617805957794,0.7037728428840637,-7.430913662176408e-09,0.40199166536331177,0.6740448474884033,0.0040288642048835754,0.4367694556713104,0.6406977772712708,-0.0010654384968802333,0.4635717570781708,0.6254175305366516,-0.009428750723600388,0.48214319348335266,0.6224428415298462,-0.017435429617762566,0.4522473216056824,0.5775261521339417,-0.0068305921740829945,0.48150116205215454,0.5405247807502747,-0.018571607768535614,0.4997290372848511,0.5071089863777161,-0.025578390806913376,0.5125343799591064,0.47851741313934326,-0.030707189813256264,0.44223010540008545,0.5833868980407715,-0.017965752631425858,0.48791152238845825,0.6387396454811096,-0.03339871019124985,0.47517064213752747,0.6623696088790894,-0.033391471952199936,0.45960259437561035,0.6604296565055847,-0.030900659039616585,0.4295582175254822,0.6068989038467407,-0.028924833983182907,0.46912863850593567,0.6661059856414795,-0.040655478835105896,0.453812837600708,0.6775791049003601,-0.03313206136226654,0.4412587881088257,0.6680577397346497,-0.026707598939538002,0.41625383496284485,0.6375144720077515,-0.04026401787996292,0.4458940625190735,0.6867111325263977,-0.04410983994603157,0.43266087770462036,0.6946803331375122,-0.03633635863661766,0.42031508684158325,0.6824408173561096,-0.030212685465812683,X
0.6245579123497009,0.7197063565254211,-2.0781433818228834e-07,0.5826277732849121,0.6992900371551514,0.007868114858865738,0.5527051687240601,0.6622778177261353,0.00557399308308959,0.5327857136726379,0.6347758769989014,-0.0002042497944785282,0.5183035135269165,0.6158633232116699,-0.006425445433706045,0.5488911867141724,0.5740111470222473,-0.0033690754789859056,0.5142067074775696,0.5273715853691101,-0.014219234697520733,0.4958588182926178,0.5036954283714294,-0.020587116479873657,0.48363277316093445,0.48335927724838257,-0.025523878633975983,0.5606310963630676,0.5746359825134277,-0.013729275204241276,0.5114262700080872,0.6141663193702698,-0.024856746196746826,0.5172525644302368,0.6505962014198303,-0.024327518418431282,0.5312605500221252,0.6587698459625244,-0.02415001392364502,0.5705386400222778,0.5959922671318054,-0.02412382885813713,0.526950478553772,0.6476422548294067,-0.033463191241025925,0.5340378880500793,0.6776531934738159,-0.02614836022257805,0.545669674873352,0.6820099353790283,-0.0216851644217968,0.5786880254745483,0.6260861158370972,-0.034497037529945374,0.5436364412307739,0.6658408641815186,-0.04052894189953804,0.5452479720115662,0.6949267387390137,-0.035304952412843704,0.5522964596748352,0.7065940499305725,-0.031112300232052803,X
0.3662472665309906,0.7035762071609497,-2.0518506893552058e-09,0.40037721395492554,0.6723493933677673,0.004794627893716097,0.4342866837978363,0.6412931680679321,-0.0004976839409209788,0.4598695933818817,0.6271202564239502,-0.009264785796403885,0.47750523686408997,0.6246587634086609,-0.01775851845741272,0.4505516290664673,0.5784244537353516,-0.007405941840261221,0.4804956614971161,0.5418209433555603,-0.019925307482481003,0.49970245361328125,0.5086677074432373,-0.027305979281663895,0.512745201587677,0.48116594552993774,-0.03234952688217163,0.4405284523963928,0.58453369140625,-0.018860528245568275,0.4869759976863861,0.6406062245368958,-0.03464631363749504,0.47451770305633545,0.6627461314201355,-0.03463112562894821,0.4583894908428192,0.6594253778457642,-0.03192426264286041,0.4279916286468506,0.6083387136459351,-0.030066797509789467,0.46773484349250793,0.6683920621871948,-0.042453963309526443,0.4525052607059479,0.6789643168449402,-0.03547497093677521,0.4398285746574402,0.6684619784355164,-0.029043957591056824,0.4149438440799713,0.6391538381576538,-0.041443098336458206,0.44463375210762024,0.6886324286460876,-0.04522212967276573,0.43278634548187256,0.6968585848808289,-0.03732965141534805,0.42147958278656006,0.6854170560836792,-0.030965831130743027,X
0.6238096952438354,0.7171989679336548,-2.4477770921293995e-07,0.5827556848526001,0.6964893937110901,0.007606748025864363,0.5525995492935181,0.6612057685852051,0.005240449216216803,0.5326195359230042,0.6344200372695923,-0.0006147809908725321,0.5185932517051697,0.6160346865653992,-0.006704996339976788,0.5494819283485413,0.5735591650009155,-0.0035530258901417255,0.5123750567436218,0.5276476144790649,-0.015794722363352776,0.49109402298927307,0.5152034163475037,-0.022391866892576218,0.47870492935180664,0.5075041651725769,-0.026653733104467392,0.5612763166427612,0.574508011341095,-0.013614303432404995,0.5115866661071777,0.6110397577285767,-0.025463590398430824,0.5172554850578308,0.6478179097175598,-0.02477789856493473,0.5312814712524414,0.6550520062446594,-0.024123836308717728,0.571305513381958,0.5952566266059875,-0.023963699117302895,0.5270103216171265,0.6449115872383118,-0.034361645579338074,0.5329944491386414,0.6775837540626526,-0.027635296806693077,0.5440160036087036,0.6835578680038452,-0.02306787669658661,0.5797019004821777,0.6243988871574402,-0.03416406363248825,0.5442800521850586,0.6635901927947998,-0.040534988045692444,0.544007420539856,0.6935163140296936,-0.035713717341423035,0.5495116114616394,0.7065954804420471,-0.03164170682430267,X
0.36528682708740234,0.7042386531829834,-2.1599144695017003e-09,0.3992621600627899,0.6739891171455383,0.0030751482117921114,0.43287551403045654,0.6422462463378906,-0.0028597600758075714,0.45853468775749207,0.6276033520698547,-0.011968658305704594,0.4759998321533203,0.6261812448501587,-0.02075621299445629,0.4489251375198364,0.578035295009613,-0.008848724886775017,0.4792722463607788,0.541852593421936,-0.02158387377858162,0.4981561005115509,0.5087982416152954,-0.029046496376395226,0.5112626552581787,0.480942964553833,-0.03433816134929657,0.4389621317386627,0.5841550827026367,-0.01977149397134781,0.485393762588501,0.6404555439949036,-0.03592914342880249,0.47204774618148804,0.6612650752067566,-0.03605933487415314,0.4557074308395386,0.6563952565193176,-0.033637698739767075,0.4264034628868103,0.6088159084320068,-0.03055601753294468,0.46674543619155884,0.6687125563621521,-0.04303891211748123,0.45112770795822144,0.6784827709197998,-0.03565365448594093,0.4381791353225708,0.6675937175750732,-0.029184287413954735,0.41319337487220764,0.6407173275947571,-0.04176490008831024,0.44326555728912354,0.6898823380470276,-0.046129900962114334,0.43090638518333435,0.6972512602806091,-0.03840278089046478,0.419247567653656,0.6854897737503052,-0.03219624236226082,X
0.6247168183326721,0.7189827561378479,-2.2412589828491036e-07,0.5830444693565369,0.6978760957717896,0.008928017690777779,0.5530933737754822,0.6617568731307983,0.006697244942188263,0.53253573179245,0.6348031759262085,0.0005478172679431736,0.517838180065155,0.6171873807907104,-0.00610531447455287,0.5485235452651978,0.5736773610115051,-0.002022846369072795,0.5126472115516663,0.5288544297218323,-0.012514833360910416,0.49370208382606506,0.5065996646881104,-0.018611213192343712,0.48122355341911316,0.48740848898887634,-0.023382266983389854,0.5600864291191101,0.5734403729438782,-0.013096713460981846,0.5107508301734924,0.6143859028816223,-0.024116750806570053,0.5169209837913513,0.6506063938140869,-0.023646237328648567,0.5309133529663086,0.6586148142814636,-0.023475712165236473,0.5700885653495789,0.5937426686286926,-0.02414170652627945,0.5261249542236328,0.6464070677757263,-0.03329622745513916,0.5333021879196167,0.6770466566085815,-0.026142757385969162,0.5447290539741516,0.682561457157135,-0.021825313568115234,0.5785012245178223,0.6226330399513245,-0.03508136048913002,0.5424690842628479,0.6634677052497864,-0.04094400629401207,0.5435168743133545,0.6926144361495972,-0.03576930984854698,0.5499304533004761,0.7053689956665039,-0.031640518456697464,X
0.3640773594379425,0.7077628374099731,-2.3394401971188472e-09,0.3979910612106323,0.6778525710105896,0.003249239642173052,0.43129679560661316,0.6454660892486572,-0.0026017404161393642,0.4569070339202881,0.6307584643363953,-0.011562511324882507,0.47476911544799805,0.6292173862457275,-0.020057642832398415,0.44846609234809875,0.5794588923454285,-0.007651948370039463,0.47878238558769226,0.541260302066803,-0.01949048973619938,0.4977699816226959,0.5082769989967346,-0.02645859308540821,0.5114568471908569,0.481696218252182,-0.031483035534620285,0.43957236409187317,0.5856276750564575,-0.018448619171977043,0.48530447483062744,0.64081871509552,-0.03371746093034744,0.4719153642654419,0.66190505027771,-0.0337369441986084,0.4564603567123413,0.6580684185028076,-0.03137686848640442,0.4280489683151245,0.6096764206886292,-0.029102914035320282,0.4672302007675171,0.6678191423416138,-0.04030914604663849,0.451667457818985,0.6785565614700317,-0.0326029434800148,0.43943318724632263,0.6686782240867615,-0.026281313970685005,0.41575655341148376,0.6408141255378723,-0.040246620774269104,0.44431012868881226,0.6884781718254089,-0.043567955493927,0.43163013458251953,0.6972974538803101,-0.03542929142713547,0.4203374683856964,0.6866151094436646,-0.029087264090776443,X
0.6224781274795532,0.7173690795898438,-2.2254916132169456e-07,0.5811404585838318,0.6962845921516418,0.008081062696874142,0.5511875152587891,0.6591207385063171,0.0058283135294914246,0.5309677124023438,0.6315939426422119,-8.211905515054241e-05,0.5165078043937683,0.6128840446472168,-0.006419288460165262,0.5472456812858582,0.5729355812072754,-0.0032876019831746817,0.5118740200996399,0.525661051273346,-0.014570432715117931,0.49249204993247986,0.5049418210983276,-0.020828675478696823,0.48002952337265015,0.48752138018608093,-0.025436772033572197,0.5593481659889221,0.5733376741409302,-0.013838847167789936,0.5106145143508911,0.6124140024185181,-0.025775089859962463,0.5160567164421082,0.6501116752624512,-0.025295767933130264,0.5296220779418945,0.6583046317100525,-0.024842754006385803,0.5696732401847839,0.5942258834838867,-0.024452053010463715,0.526214063167572,0.6450928449630737,-0.03455304354429245,0.5323912501335144,0.6769427061080933,-0.027438493445515633,0.5432896614074707,0.6824487447738647,-0.022797588258981705,0.5782009363174438,0.6238083839416504,-0.03494990989565849,0.5425072908401489,0.6629615426063538,-0.041383661329746246,0.5426080822944641,0.6933333873748779,-0.036284223198890686,0.5484973192214966,0.7065103650093079,-0.03200049698352814,X
0.3641570806503296,0.7075840830802917,-3.229424061501618e-09,0.3966456353664398,0.6742226481437683,0.0036715541500598192,0.4299826920032501,0.6410210728645325,-0.001760701765306294,0.45639675855636597,0.6280847787857056,-0.010568935424089432,0.4747806489467621,0.6279611587524414,-0.018932059407234192,0.4466709792613983,0.578399121761322,-0.006342812906950712,0.47730088233947754,0.5410890579223633,-0.018603265285491943,0.49633294343948364,0.5086926817893982,-0.02599642053246498,0.5103328824043274,0.4825279414653778,-0.031245669350028038,0.43757978081703186,0.5855711102485657,-0.017360398545861244,0.482596218585968,0.6392455697059631,-0.03308618813753128,0.46876245737075806,0.6590845584869385,-0.03318965807557106,0.45341938734054565,0.6554785966873169,-0.03078949637711048,0.42586958408355713,0.6099292635917664,-0.028382830321788788,0.4646039307117462,0.666796863079071,-0.04012484475970268,0.4488971531391144,0.6758316159248352,-0.032548774033784866,0.4370339512825012,0.6659013032913208,-0.026117417961359024,0.41335856914520264,0.6408012509346008,-0.039887934923172,0.44302454590797424,0.6868376731872559,-0.04338391125202179,0.43008798360824585,0.6932691335678101,-0.03537849709391594,0.41862064599990845,0.6814464926719666,-0.029156668111681938,X
0.6209602355957031,0.7158221006393433,-2.1216507661847572e-07,0.5794097781181335,0.6952130198478699,0.0076909116469323635,0.5496339201927185,0.6593855619430542,0.005402011331170797,0.5303531289100647,0.632963240146637,-0.0005474428762681782,0.5168350338935852,0.614906370639801,-0.006987582426518202,0.5456570982933044,0.5732691287994385,-0.0031578014604747295,0.5110076069831848,0.5264580249786377,-0.014333009719848633,0.4915139079093933,0.5051783323287964,-0.02044501341879368,0.4785837233066559,0.4874006509780884,-0.024997426196932793,0.5573859810829163,0.5732064843177795,-0.013499368913471699,0.5088740587234497,0.61289381980896,-0.025444647297263145,0.5141900777816772,0.6520230174064636,-0.024903370067477226,0.5277432799339294,0.6609280109405518,-0.02434905245900154,0.5677921772003174,0.5938689708709717,-0.023960188031196594,0.5241599678993225,0.6447165012359619,-0.034559521824121475,0.5297878384590149,0.6784895658493042,-0.027599962428212166,0.5404411554336548,0.6855976581573486,-0.022802064195275307,0.576762318611145,0.6234824061393738,-0.0342862643301487,0.5417971611022949,0.6619749069213867,-0.040883369743824005,0.5414193868637085,0.6925486922264099,-0.0358053483068943,0.5468862652778625,0.7059123516082764,-0.031452029943466187,X
0.36081111431121826,0.7027071714401245,-1.3611968441296085e-08,0.39199429750442505,0.6676431894302368,0.002771010622382164,0.4266674220561981,0.6329013109207153,-0.0023906466085463762,0.4535905420780182,0.6201186776161194,-0.010511968284845352,0.47166746854782104,0.6218279600143433,-0.018110886216163635,0.4444584548473358,0.5762749910354614,-0.0067724548280239105,0.4768996238708496,0.5383065938949585,-0.01775515452027321,0.4958847463130951,0.5078560709953308,-0.023725459352135658,0.5100327730178833,0.4834787845611572,-0.028027063235640526,0.4362700283527374,0.584747314453125,-0.016873735934495926,0.48134228587150574,0.6380019783973694,-0.031845979392528534,0.4666646420955658,0.6571087837219238,-0.032050859183073044,0.4519527554512024,0.6515591144561768,-0.02978169545531273,0.42576754093170166,0.6098122000694275,-0.02688736468553543,0.4640099108219147,0.6678221225738525,-0.03783935308456421,0.447579950094223,0.6763729453086853,-0.031098704785108566,0.4365399181842804,0.6646250486373901,-0.025392912328243256,0.4146918058395386,0.6412060856819153,-0.03736431524157524,0.4428631365299225,0.6866120100021362,-0.040058236569166183,0.4298504889011383,0.6935692429542542,-0.03249406814575195,0.41945311427116394,0.6821577548980713,-0.026682062074542046,X
0.6202566623687744,0.7141242623329163,-2.1230169977570768e-07,0.5784446001052856,0.6944822669029236,0.007695377338677645,0.5489204525947571,0.6570929288864136,0.005245520267635584,0.529221773147583,0.6301470398902893,-0.0009278313373215497,0.5151799321174622,0.6118213534355164,-0.00751296104863286,0.544826328754425,0.5718620419502258,-0.002693184418603778,0.5101941227912903,0.5255416631698608,-0.013681991957128048,0.4926314055919647,0.5023350119590759,-0.019716834649443626,0.4818963408470154,0.48196905851364136,-0.02416585013270378,0.5563088059425354,0.5708910822868347,-0.01305996160954237,0.5088346600532532,0.6142166256904602,-0.025046495720744133,0.5139610767364502,0.6530956625938416,-0.02498214691877365,0.5271332263946533,0.6619231700897217,-0.024719569832086563,0.5663368701934814,0.590805172920227,-0.023553602397441864,0.5239074230194092,0.6441586017608643,-0.03389907255768776,0.5297620892524719,0.6777360439300537,-0.027565469965338707,0.5403851270675659,0.684552788734436,-0.023308290168642998,0.5745811462402344,0.6197406649589539,-0.03396836295723915,0.5401555299758911,0.6610620617866516,-0.040778420865535736,0.5393704771995544,0.6929593086242676,-0.036489784717559814,0.544342041015625,0.7079379558563232,-0.032638490200042725,X
0.3619421422481537,0.7096999287605286,-1.2245282121625678e-08,0.39253365993499756,0.6761435866355896,0.003380779642611742,0.4262987971305847,0.6401039361953735,-0.0015781136462464929,0.45266929268836975,0.6250786781311035,-0.009730160236358643,0.47082722187042236,0.6239874958992004,-0.017320679500699043,0.44316256046295166,0.5759968161582947,-0.005534002091735601,0.4762030243873596,0.5381073355674744,-0.016817821189761162,0.49537891149520874,0.5073547959327698,-0.023081786930561066,0.5096918344497681,0.48312342166900635,-0.027476362884044647,0.4349997937679291,0.5827963352203369,-0.015929391607642174,0.4815332591533661,0.6348005533218384,-0.031430669128894806,0.4670661687850952,0.6556525826454163,-0.031499702483415604,0.45156553387641907,0.6526262760162354,-0.02884332835674286,0.4252997636795044,0.6069990396499634,-0.026341546326875687,0.4651153087615967,0.6647602319717407,-0.03714451566338539,0.4484975337982178,0.6754984259605408,-0.029785290360450745,0.4367277920246124,0.6659066677093506,-0.023648593574762344,0.4152783453464508,0.6382429599761963,-0.03730582818388939,0.44412702322006226,0.6855215430259705,-0.03976137936115265,0.42998895049095154,0.6941877603530884,-0.03199565038084984,0.4188234806060791,0.6839448809623718,-0.02604561299085617,X
0.6207074522972107,0.7138473987579346,-2.201264805989922e-07,0.5794846415519714,0.6936507821083069,0.007412374950945377,0.549903154373169,0.6568438410758972,0.005137026309967041,0.5299257636070251,0.6295977830886841,-0.0005626437487080693,0.5159735083580017,0.6115825176239014,-0.006576784420758486,0.5455809831619263,0.5710774660110474,-0.0028722325805574656,0.5101106762886047,0.5268111824989319,-0.013896869495511055,0.4902845025062561,0.5100754499435425,-0.019964875653386116,0.4781450629234314,0.4964640140533447,-0.024308979511260986,0.5569486618041992,0.5716682076454163,-0.012881294824182987,0.5088489055633545,0.610123872756958,-0.024213548749685287,0.5142578482627869,0.6455889344215393,-0.023863844573497772,0.5275999307632446,0.6516621708869934,-0.02359602600336075,0.5668908357620239,0.5924986600875854,-0.023077134042978287,0.5241943597793579,0.6431697010993958,-0.033044032752513885,0.530604362487793,0.6725460290908813,-0.026569483801722527,0.5415698885917664,0.675155758857727,-0.022366473451256752,0.5752840042114258,0.6221421957015991,-0.033181436359882355,0.540778636932373,0.6616401076316833,-0.03945927321910858,0.5420241951942444,0.6910772323608398,-0.03463286906480789,0.5487131476402283,0.7029744386672974,-0.0306271743029356,X
0.36322420835494995,0.7099390029907227,-1.1170906866198038e-08,0.3964020311832428,0.6799057722091675,0.002674580318853259,0.42985954880714417,0.6439471244812012,-0.0028656229842454195,0.4549936056137085,0.6251735091209412,-0.011627069674432278,0.4722660481929779,0.6212500333786011,-0.019760696217417717,0.4443468153476715,0.5779100656509399,-0.005535067990422249,0.47522932291030884,0.5408049821853638,-0.017593342810869217,0.4942207932472229,0.5098555088043213,-0.024364648386836052,0.5084177851676941,0.4855470657348633,-0.0290733240544796,0.43463751673698425,0.5837271213531494,-0.015973182395100594,0.4809512197971344,0.6360923051834106,-0.03292470797896385,0.4667976200580597,0.6595005989074707,-0.03346554934978485,0.4512309730052948,0.658352255821228,-0.030712518841028214,0.4239412844181061,0.6067296862602234,-0.026603395119309425,0.46408942341804504,0.6648298501968384,-0.0393596887588501,0.44791311025619507,0.6778998374938965,-0.03226172924041748,0.435884565114975,0.6694568991661072,-0.025663649663329124,0.41341572999954224,0.6377928256988525,-0.03779167681932449,0.44374215602874756,0.6856614351272583,-0.04202183336019516,0.42981189489364624,0.6960309147834778,-0.034816890954971313,0.4181039333343506,0.6857641935348511,-0.02889554388821125,X
0.6212495565414429,0.7159897685050964,-2.087944466211411e-07,0.5794575810432434,0.6969418525695801,0.0073342034593224525,0.5491852164268494,0.6602452993392944,0.004958022851496935,0.5285670161247253,0.6330183148384094,-0.0010568385478109121,0.5139047503471375,0.61403888463974,-0.007464902475476265,0.5438815355300903,0.5737596154212952,-0.0036520918365567923,0.5094563961029053,0.5263879299163818,-0.015119777992367744,0.4914611876010895,0.5022313594818115,-0.02133697271347046,0.4797082245349884,0.48062974214553833,-0.025983024388551712,0.5565656423568726,0.5734744071960449,-0.014203748665750027,0.5079217553138733,0.6156737208366394,-0.026876300573349,0.5142950415611267,0.6535221338272095,-0.02646518312394619,0.5283672213554382,0.6600971221923828,-0.02581251971423626,0.5679649710655212,0.5938562750816345,-0.02496250346302986,0.5242841243743896,0.6458196640014648,-0.036270346492528915,0.5309035778045654,0.6774282455444336,-0.029343264177441597,0.5422194004058838,0.6816846132278442,-0.02440105378627777,0.5777842402458191,0.6230363249778748,-0.03565683215856552,0.5417735576629639,0.6615808606147766,-0.04309720918536186,0.541530191898346,0.6911641359329224,-0.038266170769929886,0.5474728941917419,0.7036009430885315,-0.03388920798897743,X
0.36317959427833557,0.7110193371772766,-1.5936674202521317e-08,0.3952278196811676,0.6784411668777466,0.0028680525720119476,0.429084450006485,0.6428090929985046,-0.00239149434491992,0.4556940197944641,0.6276454925537109,-0.010926839895546436,0.47437557578086853,0.6273800134658813,-0.018928665667772293,0.4440222978591919,0.5792307257652283,-0.005260033532977104,0.4761369526386261,0.5423631072044373,-0.016711385920643806,0.4948091506958008,0.5116601586341858,-0.02317384071648121,0.5090582370758057,0.4871973991394043,-0.02781161293387413,0.4346425235271454,0.5859114527702332,-0.015717575326561928,0.4808904230594635,0.638541042804718,-0.03181443363428116,0.4660205841064453,0.65858393907547,-0.03247615322470665,0.45073360204696655,0.6551517248153687,-0.030170949175953865,0.4240579307079315,0.6095203757286072,-0.026265637949109077,0.46373289823532104,0.6674983501434326,-0.037844493985176086,0.4468548893928528,0.6771352291107178,-0.030794762074947357,0.43531182408332825,0.6668594479560852,-0.024629762396216393,0.4133368134498596,0.6399853825569153,-0.03740978240966797,0.44325941801071167,0.6859603524208069,-0.040479399263858795,0.4296722114086151,0.6941009163856506,-0.03290524706244469,0.41865846514701843,0.6836152672767639,-0.026972390711307526,X
0.624478816986084,0.7192414402961731,-2.372595133692812e-07,0.5825150012969971,0.6993452906608582,0.008578471839427948,0.5514063835144043,0.6643710136413574,0.006776016671210527,0.5295672416687012,0.638471245765686,0.0008828373975120485,0.5139833092689514,0.6204361319541931,-0.005458863452076912,0.5461233258247375,0.5754464864730835,-0.0009468021453358233,0.5119757652282715,0.5292715430259705,-0.011046958155930042,0.49328216910362244,0.5065049529075623,-0.01655338518321514,0.4810228943824768,0.48665082454681396,-0.02093776874244213,0.5579797625541687,0.5754721164703369,-0.012151075527071953,0.5106392502784729,0.6197327375411987,-0.024160878732800484,0.5168203711509705,0.6571810841560364,-0.024129226803779602,0.5304626822471619,0.6637200117111206,-0.023781830444931984,0.5690175294876099,0.5957821011543274,-0.02342665009200573,0.5261988639831543,0.6498702764511108,-0.0340515673160553,0.5330721139907837,0.6813982129096985,-0.02752876468002796,0.5442891716957092,0.6850810647010803,-0.022997695952653885,0.5786547660827637,0.6241657137870789,-0.03459492698311806,0.542682945728302,0.665765106678009,-0.04165852442383766,0.5430909991264343,0.6957095861434937,-0.03702758997678757,0.5497111678123474,0.7074275016784668,-0.032842591404914856,X
0.363580584526062,0.7092621326446533,-8.8139335829851e-09,0.3969746530056,0.678928017616272,0.002203128067776561,0.43004974722862244,0.6440609693527222,-0.0034761924762278795,0.4552495777606964,0.6269792318344116,-0.012273143976926804,0.47243472933769226,0.6251488924026489,-0.020419161766767502,0.4459998309612274,0.579091489315033,-0.0061087217181921005,0.4769003391265869,0.5422849059104919,-0.01829969324171543,0.4960550367832184,0.5114076137542725,-0.025414133444428444,0.5101759433746338,0.48652327060699463,-0.030437735840678215,0.4366498589515686,0.5845105051994324,-0.01631961390376091,0.48134127259254456,0.6383559703826904,-0.03286240994930267,0.4673454463481903,0.6593395471572876,-0.033531296998262405,0.4521171450614929,0.6561040878295898,-0.031227927654981613,0.4253968298435211,0.6075726747512817,-0.026755917817354202,0.4637444317340851,0.6676163077354431,-0.0391804464161396,0.4481222629547119,0.6782069802284241,-0.03244870528578758,0.4366838037967682,0.6680564880371094,-0.026334518566727638,0.41387996077537537,0.6384155750274658,-0.037807073444128036,0.4433378577232361,0.6873849630355835,-0.0417696014046669,0.4304174780845642,0.6955391764640808,-0.03473953530192375,0.4194953739643097,0.6838759183883667,-0.029107103124260902,X
0.6246738433837891,0.718868613243103,-2.0774946563051344e-07,0.5847719311714172,0.6946423053741455,0.007600321900099516,0.5543302297592163,0.6586207747459412,0.005194474011659622,0.5339598059654236,0.6324236989021301,-0.0008432110189460218,0.5190735459327698,0.6156020760536194,-0.007285576779395342,0.5475245714187622,0.5737046599388123,-0.003423088463023305,0.5116109848022461,0.5271380543708801,-0.014534633606672287,0.4914342761039734,0.503411591053009,-0.02098248340189457,0.47708261013031006,0.4834967851638794,-0.026086393743753433,0.5588681101799011,0.5751283168792725,-0.014033711515367031,0.5111117959022522,0.6171567440032959,-0.026291415095329285,0.5176001787185669,0.6532785892486572,-0.02613687328994274,0.5311559438705444,0.6598932147026062,-0.02596540004014969,0.5690358281135559,0.5971209406852722,-0.024741925299167633,0.526390552520752,0.6493878364562988,-0.035130612552165985,0.5331185460090637,0.678790271282196,-0.02821047604084015,0.5438732504844666,0.6825112700462341,-0.023700525984168053,0.5781266689300537,0.6272150278091431,-0.035424791276454926,0.5428996086120605,0.6670914888381958,-0.04227377101778984,0.543597400188446,0.6952782869338989,-0.037384480237960815,0.5497143268585205,0.7066038250923157,-0.03320968896150589,X
0.36277905106544495,0.7115792632102966,-1.6414920978036207e-08,0.3940214514732361,0.6768056750297546,0.004374850075691938,0.42795759439468384,0.6412131786346436,-0.0002446844591759145,0.4543765187263489,0.6256938576698303,-0.008166536688804626,0.47336751222610474,0.6238277554512024,-0.015551346354186535,0.4450579881668091,0.5809190273284912,-0.00521123455837369,0.4782079756259918,0.5428126454353333,-0.016450805589556694,0.497495174407959,0.5123488306999207,-0.02261381968855858,0.5117440819740295,0.4881265163421631,-0.026852227747440338,0.4365004003047943,0.587222695350647,-0.0158957801759243,0.48323535919189453,0.6397573947906494,-0.030734747648239136,0.4692316949367523,0.6603227853775024,-0.030374351888895035,0.4540088474750519,0.6570314168930054,-0.0276029072701931,0.42626988887786865,0.6105028390884399,-0.026521524414420128,0.46593350172042847,0.6683674454689026,-0.03699338436126709,0.45010414719581604,0.6786375641822815,-0.029615897685289383,0.4386061131954193,0.6686436533927917,-0.023504365235567093,0.41580644249916077,0.640672504901886,-0.03755590319633484,0.4448114037513733,0.6868786811828613,-0.03969264030456543,0.43202367424964905,0.6955877542495728,-0.03176753968000412,0.42146193981170654,0.6850786805152893,-0.025744637474417686,X
0.6253654956817627,0.7183743119239807,-2.4096314632515714e-07,0.5857149362564087,0.6976855397224426,0.0073110912926495075,0.554625928401947,0.6616830825805664,0.0046904198825359344,0.5330374240875244,0.6341773867607117,-0.0014209883520379663,0.5185580849647522,0.6150537729263306,-0.007855143398046494,0.5486370921134949,0.5746087431907654,-0.004239248111844063,0.5134731531143188,0.5283819437026978,-0.015814032405614853,0.4919227361679077,0.5096309185028076,-0.02221907489001751,0.4766741394996643,0.49457845091819763,-0.02713976800441742,0.5611104965209961,0.5763083100318909,-0.014981705695390701,0.5129439830780029,0.6192268133163452,-0.02744469977915287,0.5206213593482971,0.6555545926094055,-0.02656911499798298,0.5345600247383118,0.6591244339942932,-0.025845566764473915,0.5721774697303772,0.598551332950592,-0.02587977796792984,0.5282893776893616,0.650981068611145,-0.03664606809616089,0.5366070866584778,0.6809566020965576,-0.028423475101590157,0.5482140183448792,0.681520938873291,-0.02296658419072628,0.5819190144538879,0.6286490559577942,-0.03679675981402397,0.5455108284950256,0.6674496531486511,-0.04387067258358002,0.5477872490882874,0.6960230469703674,-0.03803430497646332,0.5555844902992249,0.7054914832115173,-0.033139392733573914,X
0.3662532866001129,0.7119827270507812,-9.999788552761402e-09,0.39905938506126404,0.6775885224342346,0.0038717964198440313,0.43286821246147156,0.6418364644050598,-0.000949371955357492,0.4577632546424866,0.624904453754425,-0.009081237018108368,0.474571168422699,0.6217232942581177,-0.016662172973155975,0.4501233696937561,0.5774420499801636,-0.004506845958530903,0.4816146492958069,0.5422318577766418,-0.015488422475755215,0.5006675124168396,0.5117298364639282,-0.021865801885724068,0.5144920945167542,0.4870443642139435,-0.026515422388911247,0.4406369924545288,0.5846498012542725,-0.015367589890956879,0.4867956042289734,0.638553261756897,-0.03083643689751625,0.472873330116272,0.6600298285484314,-0.03108389675617218,0.4568181037902832,0.6575844287872314,-0.02857033535838127,0.4293802082538605,0.6088075637817383,-0.0262462068349123,0.4693346917629242,0.6666225790977478,-0.03778393939137459,0.4541034996509552,0.6786392331123352,-0.03063514083623886,0.4420805275440216,0.6701129674911499,-0.024362491443753242,0.4177529215812683,0.6402913928031921,-0.037551917135715485,0.44819992780685425,0.6873040795326233,-0.04098115861415863,0.43552303314208984,0.6970446705818176,-0.03336339816451073,0.42417111992836,0.6868204474449158,-0.027306372299790382,X
0.6254670023918152,0.7174219489097595,-2.3182535358046152e-07,0.5868502855300903,0.6967870593070984,0.007859638892114162,0.5570335388183594,0.6597813963890076,0.005822179839015007,0.5372917652130127,0.6322053670883179,0.0002855552884284407,0.5230962038040161,0.6134337782859802,-0.0056615001522004604,0.5515402555465698,0.5753681063652039,-0.004280414432287216,0.515527606010437,0.5291348695755005,-0.016324017196893692,0.4949515163898468,0.5124141573905945,-0.022945845499634743,0.481865257024765,0.4988168478012085,-0.02761448360979557,0.5636135339736938,0.5758797526359558,-0.014690671116113663,0.5141761302947998,0.6136816143989563,-0.02640393003821373,0.5208449959754944,0.650065004825592,-0.02524939924478531,0.5350351929664612,0.6558123826980591,-0.02448817528784275,0.5739808082580566,0.5972548723220825,-0.025286853313446045,0.5296359062194824,0.6468125581741333,-0.03546625003218651,0.5370063185691833,0.6776581406593323,-0.027865052223205566,0.5486525893211365,0.6822484731674194,-0.023029116913676262,0.5829336047172546,0.627149224281311,-0.03578369691967964,0.5477151274681091,0.6643587350845337,-0.04260258749127388,0.5475526452064514,0.6938232779502869,-0.037591006606817245,0.5528932213783264,0.7074674367904663,-0.03353217616677284,X
0.3678365647792816,0.7073680758476257,-2.267397158917106e-09,0.3999648690223694,0.6731008887290955,0.0039747366681694984,0.43300485610961914,0.6395845413208008,-0.0011008840519934893,0.45886698365211487,0.6261836886405945,-0.00951176043599844,0.4771353602409363,0.6263949871063232,-0.017488790675997734,0.44988808035850525,0.5790625810623169,-0.005628902465105057,0.48165202140808105,0.543094277381897,-0.01700497604906559,0.5011005401611328,0.5122573971748352,-0.02334907464683056,0.5153928995132446,0.48712027072906494,-0.027846254408359528,0.44134488701820374,0.5857715606689453,-0.01642107591032982,0.48710617423057556,0.6378597021102905,-0.03149464353919029,0.4734920561313629,0.6591184139251709,-0.03137233853340149,0.4584464728832245,0.6563648581504822,-0.028742387890815735,0.430654376745224,0.6094054579734802,-0.027145441621541977,0.46985724568367004,0.6669803857803345,-0.03816314786672592,0.45441603660583496,0.6769866347312927,-0.03082154504954815,0.44272562861442566,0.6670594215393066,-0.02457154355943203,0.41928133368492126,0.6397493481636047,-0.038302354514598846,0.448533296585083,0.6861209869384766,-0.041152868419885635,0.43601441383361816,0.6939353346824646,-0.033371005207300186,0.4250684082508087,0.6828500032424927,-0.027323540300130844,X
0.6299155354499817,0.7186940908432007,-2.3137488369684434e-07,0.5897562503814697,0.6941106915473938,0.009594134986400604,0.5586020350456238,0.6580349802970886,0.008737213909626007,0.5376695990562439,0.6319082975387573,0.003943983931094408,0.522260844707489,0.6141008138656616,-0.00139764288906008,0.5543889999389648,0.5752397775650024,-0.0003021957236342132,0.5190658569335938,0.5319371819496155,-0.009982209652662277,0.5024612545967102,0.5081903338432312,-0.01554910372942686,0.49204692244529724,0.4857037365436554,-0.020004987716674805,0.5655961632728577,0.5759166479110718,-0.011300209909677505,0.5155598521232605,0.6138888001441956,-0.02177838236093521,0.5207232236862183,0.6531054377555847,-0.021144315600395203,0.5342057347297668,0.6635098457336426,-0.02080577239394188,0.5751846432685852,0.5967817306518555,-0.022322269156575203,0.5307661890983582,0.6458956599235535,-0.03145179525017738,0.5364056825637817,0.6793465614318848,-0.024943431839346886,0.5472515225410461,0.6875033378601074,-0.020892178639769554,0.583827018737793,0.6261500120162964,-0.033116910606622696,0.5486255288124084,0.6636187434196472,-0.03939361870288849,0.5480232834815979,0.6936817765235901,-0.03514399752020836,0.5533443093299866,0.7087786793708801,-0.03162631392478943,X
0.3673466444015503,0.710943341255188,-8.020835551292294e-09,0.4011389911174774,0.6808375716209412,0.0034126618411391973,0.4361266791820526,0.6458175778388977,-0.0016057323664426804,0.4635571837425232,0.630347490310669,-0.009849287569522858,0.48301517963409424,0.6288934350013733,-0.017579302191734314,0.45160526037216187,0.5787318348884583,-0.0044439914636313915,0.4826037883758545,0.5428306460380554,-0.015557980164885521,0.5018075108528137,0.5120513439178467,-0.022017015144228935,0.5156335830688477,0.486650288105011,-0.02671612985432148,0.44187113642692566,0.5850418210029602,-0.015188047662377357,0.4877961277961731,0.637236475944519,-0.030471233651041985,0.4744430184364319,0.6605669260025024,-0.0308728888630867,0.45913413166999817,0.6581935286521912,-0.028627414256334305,0.4302898347377777,0.6080626249313354,-0.02599741891026497,0.4706901013851166,0.6649596095085144,-0.03780387341976166,0.45494481921195984,0.6775479316711426,-0.030576353892683983,0.4427739977836609,0.6680543422698975,-0.024266542866826057,0.41831958293914795,0.6382119655609131,-0.03724344074726105,0.44879087805747986,0.6841673851013184,-0.040768180042505264,0.4361211657524109,0.695842981338501,-0.03286440670490265,0.425010621547699,0.686744213104248,-0.026675770059227943,X
0.627046525478363,0.7176002264022827,-2.2259835930071858e-07,0.5869413018226624,0.6975136995315552,0.0064147477969527245,0.5578386187553406,0.6617242693901062,0.004402637481689453,0.538027822971344,0.6343721747398376,-0.000839642365463078,0.5234705805778503,0.6158051490783691,-0.006345083005726337,0.5526113510131836,0.5756383538246155,-0.004123484715819359,0.5175212621688843,0.5284340381622314,-0.015748824924230576,0.496750146150589,0.5075423717498779,-0.022219816222786903,0.48271405696868896,0.49121010303497314,-0.026820888742804527,0.564321756362915,0.5768108367919922,-0.013727032579481602,0.5159228444099426,0.618810772895813,-0.02617054060101509,0.5217724442481995,0.6562930345535278,-0.026138069108128548,0.5351821780204773,0.663886547088623,-0.025714896619319916,0.5746058821678162,0.5979003310203552,-0.023510808125138283,0.5312275290489197,0.6496556401252747,-0.03482695296406746,0.538266658782959,0.6817033886909485,-0.028234343975782394,0.5494276881217957,0.6870601177215576,-0.023329878225922585,0.5835049748420715,0.6276979446411133,-0.03324069082736969,0.5482019186019897,0.6660363078117371,-0.040318723767995834,0.5492237210273743,0.6950489282608032,-0.035179123282432556,0.5558586716651917,0.7069698572158813,-0.030483974143862724,X
0.3664340376853943,0.7068025469779968,-1.0388182758447329e-08,0.3991122841835022,0.673188328742981,0.0038056455086916685,0.4342975616455078,0.6370034217834473,-0.001206377288326621,0.46144214272499084,0.6215565800666809,-0.009375722147524357,0.4806528091430664,0.6197317838668823,-0.01699046604335308,0.44977614283561707,0.5764723420143127,-0.005991449113935232,0.4830832779407501,0.5394221544265747,-0.017273033037781715,0.5026684403419495,0.5093805193901062,-0.023414410650730133,0.51727294921875,0.4851691722869873,-0.02770678699016571,0.44125112891197205,0.5840522646903992,-0.016701597720384598,0.4873620867729187,0.6364640593528748,-0.031770188361406326,0.4733348488807678,0.6576330065727234,-0.031522128731012344,0.4587026834487915,0.6546061635017395,-0.028891559690237045,0.4306774139404297,0.6078920364379883,-0.027309609577059746,0.470465749502182,0.6649760007858276,-0.0385407954454422,0.4540570378303528,0.6763470768928528,-0.03079291060566902,0.44245243072509766,0.6669282913208008,-0.024334629997611046,0.4197966754436493,0.6386002898216248,-0.0383153110742569,0.4499403238296509,0.6841076016426086,-0.041260480880737305,0.43624410033226013,0.6941921710968018,-0.03293151408433914,0.424800843000412,0.6844928860664368,-0.026520539075136185,X
0.62628573179245,0.7156410813331604,-2.1441753972339939e-07,0.5853007435798645,0.6974142789840698,0.006311960518360138,0.5562137961387634,0.66184002161026,0.0033477991819381714,0.5373958349227905,0.6334353089332581,-0.0029198857955634594,0.5231599807739258,0.6137077212333679,-0.009600977413356304,0.5513478517532349,0.5737237930297852,-0.005709090270102024,0.5171868801116943,0.5264183282852173,-0.01766168884932995,0.4968586266040802,0.5048831701278687,-0.024343552067875862,0.48229578137397766,0.48675912618637085,-0.029387595131993294,0.5646756291389465,0.5738687515258789,-0.01569940708577633,0.5163354277610779,0.6152818202972412,-0.028255073353648186,0.522965133190155,0.6545746922492981,-0.027437724173069,0.5369221568107605,0.6618666648864746,-0.026643889024853706,0.5761194825172424,0.5950640439987183,-0.02590000070631504,0.5326839089393616,0.6458511352539062,-0.0372350737452507,0.539490818977356,0.6787209510803223,-0.02979043498635292,0.5509193539619446,0.6848688721656799,-0.024552108719944954,0.5858481526374817,0.6251751780509949,-0.03608999401330948,0.5506821870803833,0.6615623235702515,-0.04395938292145729,0.548954963684082,0.6924809217453003,-0.03908851370215416,0.553314745426178,0.7080815434455872,-0.03467545658349991,X
0.368043452501297,0.7072581052780151,-5.395319302436974e-09,0.40084153413772583,0.6748003959655762,0.003407243639230728,0.43516701459884644,0.640605628490448,-0.0017535083461552858,0.4615548849105835,0.6262707114219666,-0.010080470703542233,0.47983717918395996,0.6251979470252991,-0.017926927655935287,0.45071008801460266,0.5765630006790161,-0.005503262393176556,0.483106404542923,0.5413764715194702,-0.016716767102479935,0.5028824210166931,0.511091411113739,-0.02309427410364151,0.5171855092048645,0.48597174882888794,-0.027706420049071312,0.4417056143283844,0.5844156742095947,-0.01621888391673565,0.4885851740837097,0.6357768774032593,-0.03176426514983177,0.4747757613658905,0.6583186388015747,-0.03209993615746498,0.459207683801651,0.6549028754234314,-0.029683347791433334,0.43098074197769165,0.608802855014801,-0.02688230574131012,0.4715830981731415,0.6633386015892029,-0.03856522962450981,0.45613962411880493,0.6760216355323792,-0.031164592131972313,0.4439367949962616,0.6661664247512817,-0.024730535224080086,0.41973158717155457,0.6399771571159363,-0.03796611726284027,0.4497554898262024,0.6838521957397461,-0.04140820354223251,0.4373513460159302,0.6948403716087341,-0.033415649086236954,0.4264414608478546,0.685157060623169,-0.027125217020511627,X
0.6283950805664062,0.7151075601577759,-2.0864716532287275e-07,0.5885407328605652,0.694719135761261,0.007302738260477781,0.5586392879486084,0.6596502661705017,0.005018032155930996,0.5387614965438843,0.6336244344711304,-0.0008273210260085762,0.5250483155250549,0.6161768436431885,-0.007060051430016756,0.5523896813392639,0.5739566683769226,-0.003390821861103177,0.5182142853736877,0.5268772840499878,-0.014579479582607746,0.5001009106636047,0.5025612115859985,-0.02088865078985691,0.4880248010158539,0.48163729906082153,-0.025752754881978035,0.5644056797027588,0.5741109251976013,-0.013717755675315857,0.516014039516449,0.6172788739204407,-0.025957802310585976,0.5233095288276672,0.6542684435844421,-0.025405067950487137,0.5377325415611267,0.6606508493423462,-0.02474626898765564,0.5749455690383911,0.5950345993041992,-0.024215763434767723,0.5322038531303406,0.6486819386482239,-0.03469705954194069,0.5399273633956909,0.6795783042907715,-0.027399849146604538,0.5517378449440002,0.6837233901023865,-0.02240769751369953,0.5841524600982666,0.6248136162757874,-0.03470993787050247,0.5490805506706238,0.6650260090827942,-0.04181838035583496,0.5497502684593201,0.6946573853492737,-0.036888450384140015,0.5559005737304688,0.7069850564002991,-0.032505881041288376,X
0.36889317631721497,0.7094688415527344,-6.591148515866507e-09,0.4032882750034332,0.6814397573471069,0.0029069031588733196,0.437919944524765,0.6481490731239319,-0.0025366658810526133,0.46465104818344116,0.6326127648353577,-0.011203901842236519,0.4841917157173157,0.6320860385894775,-0.019378237426280975,0.45221424102783203,0.5772020220756531,-0.005823782179504633,0.4844113886356354,0.5412020683288574,-0.01758035458624363,0.5039190053939819,0.5110218524932861,-0.024464230984449387,0.5184047818183899,0.4862775206565857,-0.02936667948961258,0.4428010880947113,0.5834125876426697,-0.016454720869660378,0.4897233545780182,0.6390404105186462,-0.03289409354329109,0.4757491648197174,0.6628413200378418,-0.03389514237642288,0.4596250653266907,0.6606196165084839,-0.03163917362689972,0.43156522512435913,0.6077080368995667,-0.027072759345173836,0.4716564118862152,0.6687360405921936,-0.039648670703172684,0.4552565813064575,0.6822161674499512,-0.03279921039938927,0.4427321255207062,0.6730632185935974,-0.02631397545337677,0.42006850242614746,0.6392986178398132,-0.038139864802360535,0.45002853870391846,0.6884604692459106,-0.04213963821530342,0.4371541142463684,0.7000550031661987,-0.034423213452100754,0.42594262957572937,0.6908475756645203,-0.028027579188346863,X
0.6291206479072571,0.7193565368652344,-2.3057744158450078e-07,0.5912328958511353,0.6950020790100098,0.008251531980931759,0.5621927380561829,0.6586510539054871,0.006616560742259026,0.5421621799468994,0.6321943998336792,0.0011842336971312761,0.5281259417533875,0.6143130660057068,-0.004631423857063055,0.5547717809677124,0.5760337114334106,-0.0017066783038899302,0.5187124013900757,0.5294926166534424,-0.011952042579650879,0.4984913170337677,0.5102872252464294,-0.017585350200533867,0.48538386821746826,0.49421462416648865,-0.021916121244430542,0.5661232471466064,0.5775173306465149,-0.012156685814261436,0.5187811255455017,0.6176806092262268,-0.023479554802179337,0.5254809260368347,0.6518265604972839,-0.02330130524933338,0.5392785668373108,0.65699702501297,-0.02320704609155655,0.576322078704834,0.5987800359725952,-0.02267834171652794,0.5336790084838867,0.6493340134620667,-0.03276859596371651,0.5409575700759888,0.6788763403892517,-0.026436228305101395,0.55198073387146,0.6831648945808411,-0.022318240255117416,0.5853294134140015,0.6283789873123169,-0.03302691876888275,0.5501241683959961,0.6663199663162231,-0.0395774319767952,0.5501201748847961,0.6947264075279236,-0.03494305908679962,0.5553385615348816,0.7080173492431641,-0.03108089230954647,X
0.3692235052585602,0.7075157165527344,-1.6516156498003198e-11,0.40261921286582947,0.6756174564361572,0.0034877220168709755,0.43627333641052246,0.6419443488121033,-0.0022204185370355844,0.46213245391845703,0.6270963549613953,-0.011288135312497616,0.48025190830230713,0.6262397170066833,-0.019949723035097122,0.4518868327140808,0.5783096551895142,-0.006507402751594782,0.48382240533828735,0.5434445738792419,-0.018291238695383072,0.5031008124351501,0.5133013129234314,-0.025121871381998062,0.516899824142456,0.4887070059776306,-0.03006262145936489,0.44183555245399475,0.5866612792015076,-0.01768973283469677,0.4894736409187317,0.6403682231903076,-0.03364589065313339,0.4757504463195801,0.6613550186157227,-0.03393394127488136,0.4602343440055847,0.6572760939598083,-0.031624265015125275,0.4303755760192871,0.6114020943641663,-0.02883259393274784,0.47173011302948,0.6676158308982849,-0.0404968298971653,0.4561181366443634,0.6779975891113281,-0.03284035623073578,0.4440048635005951,0.6674262285232544,-0.02646254189312458,0.41874587535858154,0.6425704956054688,-0.04047837108373642,0.44975802302360535,0.6868718266487122,-0.043891411274671555,0.4371018707752228,0.6949175596237183,-0.03584101051092148,0.42588478326797485,0.6836874485015869,-0.029670026153326035,X
0.6280955672264099,0.7204505801200867,-2.1935193217359483e-07,0.5889504551887512,0.6957154273986816,0.008684330619871616,0.5591205954551697,0.6587417721748352,0.007135243620723486,0.539094865322113,0.6320200562477112,0.001761262072250247,0.524713397026062,0.6135686039924622,-0.004025524482131004,0.5532550811767578,0.5748271942138672,-0.001517596421763301,0.5176336765289307,0.52899169921875,-0.011946945451200008,0.4980138838291168,0.5075002908706665,-0.01755651831626892,0.4849836826324463,0.48810794949531555,-0.021916460245847702,0.5650368332862854,0.5760546922683716,-0.012329641729593277,0.5162366032600403,0.6168549060821533,-0.023871053010225296,0.5223100781440735,0.653616189956665,-0.023205973207950592,0.5360414385795593,0.6592041850090027,-0.022699592635035515,0.5750865340232849,0.5972427725791931,-0.023249560967087746,0.5316773056983948,0.6495051980018616,-0.032955095171928406,0.5380635857582092,0.6801968812942505,-0.02589884214103222,0.5488777756690979,0.683033287525177,-0.021448876708745956,0.5838150978088379,0.6264570355415344,-0.034054968506097794,0.5483778119087219,0.6671895980834961,-0.039977915585041046,0.5491265654563904,0.6960179805755615,-0.03485077619552612,0.5554309487342834,0.7070054411888123,-0.030744090676307678,X
0.3689759075641632,0.7086507081985474,-3.344724719411829e-09,0.40085554122924805,0.6755487322807312,0.0027858286630362272,0.43459221720695496,0.6420003771781921,-0.00272889225743711,0.4613957107067108,0.6284263134002686,-0.011415594257414341,0.47999507188796997,0.6288565397262573,-0.019601481035351753,0.45164206624031067,0.5792465209960938,-0.006037276703864336,0.48372599482536316,0.5437542200088501,-0.01783987693488598,0.5033540725708008,0.5132700204849243,-0.02479974739253521,0.5175367593765259,0.48844006657600403,-0.029746605083346367,0.44243302941322327,0.5860462784767151,-0.016488445922732353,0.4876396358013153,0.6411802172660828,-0.032568033784627914,0.47351089119911194,0.6623719930648804,-0.03337841108441353,0.4580419957637787,0.6583154797554016,-0.03124547190964222,0.43123409152030945,0.6098021864891052,-0.026961302384734154,0.46977499127388,0.6689069271087646,-0.03905734792351723,0.453510582447052,0.6797907948493958,-0.032039396464824677,0.44132474064826965,0.6693260073661804,-0.025752635672688484,0.41924259066581726,0.64043128490448,-0.037958819419145584,0.4483732283115387,0.6874724626541138,-0.04178899899125099,0.4355566203594208,0.6964154243469238,-0.034164201468229294,0.4242932200431824,0.6854190230369568,-0.027974875643849373,X
0.6278885006904602,0.7223894000053406,-2.0381978060868278e-07,0.5894821286201477,0.7005419731140137,0.00686621991917491,0.559895396232605,0.6640639305114746,0.004566359333693981,0.5408520102500916,0.6370771527290344,-0.0010887366952374578,0.5283075571060181,0.6197068095207214,-0.007085440680384636,0.5533626079559326,0.5786270499229431,-0.0038372522685676813,0.5173152685165405,0.5316751003265381,-0.014550644904375076,0.49672800302505493,0.5089090466499329,-0.020247086882591248,0.4825834035873413,0.4888690412044525,-0.024836787953972816,0.5650286674499512,0.5797079205513,-0.013880694285035133,0.515532910823822,0.6177628040313721,-0.025575440376996994,0.5225749611854553,0.6535702347755432,-0.024289779365062714,0.5367119908332825,0.6580268740653992,-0.023318398743867874,0.5751235485076904,0.6010932326316833,-0.024136580526828766,0.5312873721122742,0.6495875120162964,-0.034165117889642715,0.5384212136268616,0.6775926351547241,-0.026468493044376373,0.5495124459266663,0.6787071228027344,-0.02155459299683571,0.5839581489562988,0.6312474012374878,-0.03444162383675575,0.5493501424789429,0.6691386699676514,-0.04086907580494881,0.5500631332397461,0.6967343091964722,-0.03554726019501686,0.5560752749443054,0.7076438069343567,-0.031272243708372116,X
0.367101788520813,0.7120416164398193,-3.284063687658545e-09,0.4008331298828125,0.681575357913971,0.0037033846601843834,0.4346204996109009,0.6474127769470215,-0.0013651843182742596,0.4593532681465149,0.6324401497840881,-0.00972358975559473,0.47648441791534424,0.630480945110321,-0.0176515132188797,0.4502224028110504,0.5814193487167358,-0.005594543181359768,0.4824870526790619,0.5440304279327393,-0.016593918204307556,0.5021373629570007,0.5137075781822205,-0.022735480219125748,0.5164346694946289,0.4891835153102875,-0.02709701843559742,0.4411226511001587,0.5882386565208435,-0.01640601083636284,0.4874144196510315,0.6416192650794983,-0.031996697187423706,0.47344064712524414,0.664604902267456,-0.03230105713009834,0.457365483045578,0.6618776917457581,-0.029715729877352715,0.4302102327346802,0.6120893359184265,-0.027090560644865036,0.4698180854320526,0.6703110337257385,-0.03843752294778824,0.4538761377334595,0.6833159327507019,-0.03105875477194786,0.4410954415798187,0.6740790009498596,-0.02463351935148239,0.4187874495983124,0.6426107287406921,-0.03822210058569908,0.448273241519928,0.6899883151054382,-0.04144030064344406,0.4354197084903717,0.7013884782791138,-0.03351445496082306,0.42393794655799866,0.6919605731964111,-0.027202541008591652,X
0.6260820627212524,0.7209751009941101,-2.415743836081674e-07,0.5887537002563477,0.6970606446266174,0.007609071675688028,0.5591151118278503,0.6602622270584106,0.005875574424862862,0.5387144684791565,0.6331496238708496,0.0007172765908762813,0.5242026448249817,0.6152101159095764,-0.0047753313556313515,0.552315890789032,0.578134298324585,-0.0035839129704982042,0.5159465074539185,0.5328546166419983,-0.014091957360506058,0.49544084072113037,0.5125027894973755,-0.019943928346037865,0.4810484051704407,0.49399900436401367,-0.024728894233703613,0.5641611814498901,0.5789309740066528,-0.013881663791835308,0.5156912803649902,0.6218255758285522,-0.025502042844891548,0.5232040882110596,0.6582931876182556,-0.024647319689393044,0.5372926592826843,0.6637204885482788,-0.024175815284252167,0.5741999745368958,0.6001165509223938,-0.02426128089427948,0.5311930179595947,0.6527808308601379,-0.03398188203573227,0.5393608808517456,0.6825564503669739,-0.026576628908514977,0.5506114363670349,0.6858322620391846,-0.02206680364906788,0.5832183361053467,0.6296745538711548,-0.034659482538700104,0.5486950874328613,0.6694520711898804,-0.04126010462641716,0.5490517020225525,0.6985036730766296,-0.036407146602869034,0.5541108846664429,0.7115134596824646,-0.03251105174422264,X
0.368011474609375,0.7104924917221069,-7.547511060579382e-09,0.4014027416706085,0.6793962717056274,0.0034200912341475487,0.4346475601196289,0.6458011865615845,-0.002047643531113863,0.4602005183696747,0.6311624050140381,-0.010919973254203796,0.47808295488357544,0.6300260424613953,-0.019271479919552803,0.4508155286312103,0.5815578699111938,-0.0052167391404509544,0.4822101891040802,0.5454813838005066,-0.016823867335915565,0.5015014410018921,0.5155597925186157,-0.023517051711678505,0.5157079100608826,0.49120646715164185,-0.028318699449300766,0.4413382112979889,0.5883081555366516,-0.016242660582065582,0.48752400279045105,0.6414397954940796,-0.0324227400124073,0.4731031656265259,0.6630967855453491,-0.03300245851278305,0.45735618472099304,0.6602067351341248,-0.030606552958488464,0.43000704050064087,0.61176598072052,-0.027321895584464073,0.46924692392349243,0.6699949502944946,-0.03923080489039421,0.4529131352901459,0.6804212331771851,-0.03209550306200981,0.4408109486103058,0.6700080633163452,-0.025783445686101913,0.4183792173862457,0.6423009037971497,-0.03890369459986687,0.4478594958782196,0.6890757083892822,-0.04242134839296341,0.43466803431510925,0.6973936557769775,-0.03480000048875809,0.4234393537044525,0.6857396960258484,-0.028774553909897804,X
0.6280688047409058,0.7207696437835693,-2.1744806133483507e-07,0.5887889266014099,0.6993156671524048,0.007814444601535797,0.558108389377594,0.6621768474578857,0.005999281536787748,0.5378248691558838,0.6346284747123718,0.0007795988349243999,0.5232706665992737,0.6165549159049988,-0.004974475596100092,0.5518925189971924,0.5783458352088928,-0.004051519557833672,0.5151984691619873,0.532960832118988,-0.015070117078721523,0.49460622668266296,0.5108672380447388,-0.021392909809947014,0.48029518127441406,0.49187493324279785,-0.026338906958699226,0.5639469027519226,0.5794428586959839,-0.014394626952707767,0.5138587355613708,0.6187522411346436,-0.025898054242134094,0.5202874541282654,0.6553056240081787,-0.025143396109342575,0.5342957377433777,0.6627145409584045,-0.024755850434303284,0.5742855072021484,0.6011520624160767,-0.024775121361017227,0.5296233892440796,0.6512055397033691,-0.034975990653038025,0.5360873341560364,0.6826974153518677,-0.027793172746896744,0.5470237731933594,0.6887210607528687,-0.02319655381143093,0.583171010017395,0.6312074661254883,-0.03502229228615761,0.5470429062843323,0.668834924697876,-0.04194510355591774,0.5473737716674805,0.6979207396507263,-0.037016794085502625,0.5531092286109924,0.7111219167709351,-0.03295927867293358,X
0.36624348163604736,0.7125951647758484,-7.592793949129373e-09,0.3989056944847107,0.6793157458305359,0.0038171610794961452,0.43361973762512207,0.6443028450012207,-0.0014537243405357003,0.460638165473938,0.6294584274291992,-0.010007078759372234,0.4796282947063446,0.6280348300933838,-0.01807519420981407,0.44974780082702637,0.5808625817298889,-0.005963112693279982,0.4815464913845062,0.5449116230010986,-0.0176609568297863,0.5010128617286682,0.5141271948814392,-0.02424677461385727,0.5151339769363403,0.489277184009552,-0.028875375166535378,0.44036510586738586,0.5873710513114929,-0.016938459128141403,0.4869886636734009,0.6427257061004639,-0.03251388296484947,0.4724246859550476,0.6643020510673523,-0.032428041100502014,0.4565179944038391,0.6604969501495361,-0.029752619564533234,0.42881327867507935,0.6111418008804321,-0.02787705883383751,0.4686024487018585,0.6713000535964966,-0.03963174670934677,0.4519932270050049,0.6823010444641113,-0.032132044434547424,0.4397903084754944,0.671654224395752,-0.02564419060945511,0.41675156354904175,0.6419639587402344,-0.0392238087952137,0.44705772399902344,0.6899369955062866,-0.042561646550893784,0.43383777141571045,0.6988526582717896,-0.03455273061990738,0.42224884033203125,0.6871853470802307,-0.028265932574868202,X
0.6273216605186462,0.7197744250297546,-2.37139019532151e-07,0.5879800319671631,0.69627845287323,0.008465309627354145,0.5572909116744995,0.659308910369873,0.006967984139919281,0.5363221764564514,0.6330538988113403,0.0018452578224241734,0.5213814377784729,0.615232527256012,-0.0036843987181782722,0.550538957118988,0.576802134513855,-0.0022164059337228537,0.5139088034629822,0.5313485860824585,-0.012850230559706688,0.4936169683933258,0.5129494071006775,-0.01864142157137394,0.48053762316703796,0.4973495900630951,-0.02297348901629448,0.5619604587554932,0.5776611566543579,-0.012785014696419239,0.513482391834259,0.6191438436508179,-0.023967262357473373,0.5199088454246521,0.6564390063285828,-0.023162607103586197,0.533797025680542,0.6630815863609314,-0.02265314757823944,0.57208251953125,0.5989803075790405,-0.02345941588282585,0.528578519821167,0.6516927480697632,-0.03291425108909607,0.5350834727287292,0.6831403374671936,-0.02583302929997444,0.5459023118019104,0.6876295804977417,-0.021448954939842224,0.5810573697090149,0.6287977695465088,-0.03400270268321037,0.5455106496810913,0.6695122718811035,-0.03994929790496826,0.5465436577796936,0.6989284753799438,-0.03484209626913071,0.5529672503471375,0.7110937833786011,-0.030763857066631317,X
0.36653751134872437,0.7100107669830322,9.111584750587376e-12,0.40000706911087036,0.6791788339614868,0.0033171062823385,0.43293944001197815,0.6464487910270691,-0.0024831437040120363,0.4590951204299927,0.6322628259658813,-0.011593454517424107,0.4779503345489502,0.6319864392280579,-0.02033904381096363,0.4483557939529419,0.5817512273788452,-0.007192415185272694,0.4797177016735077,0.5451164245605469,-0.019435912370681763,0.4991118311882019,0.5152698755264282,-0.02635924704372883,0.5134631991386414,0.49147897958755493,-0.03114556334912777,0.43848294019699097,0.5885642170906067,-0.01816798746585846,0.4855894446372986,0.6443414688110352,-0.03458043932914734,0.47176337242126465,0.6670870780944824,-0.035074032843112946,0.4565075635910034,0.6639133095741272,-0.0326695516705513,0.42707157135009766,0.612587571144104,-0.029091423377394676,0.4667476713657379,0.6749433875083923,-0.04155133664608002,0.45027443766593933,0.6860848665237427,-0.034551285207271576,0.43834996223449707,0.6752246022224426,-0.02822704426944256,0.41546839475631714,0.6434434056282043,-0.040444906800985336,0.4457760453224182,0.6925973296165466,-0.04420571029186249,0.43252140283584595,0.7015178799629211,-0.03644195571541786,0.4209885597229004,0.6900904178619385,-0.03025209717452526,X
0.6268361806869507,0.7186129093170166,-2.3564412288124004e-07,0.5873019695281982,0.6958115100860596,0.00860360637307167,0.5557766556739807,0.6598756313323975,0.00700968224555254,0.5345361828804016,0.6336111426353455,0.001679900917224586,0.5195971131324768,0.6157041788101196,-0.004011804237961769,0.5492731332778931,0.5771962404251099,-0.002414334798231721,0.5114895105361938,0.5335691571235657,-0.012978692539036274,0.49156591296195984,0.5148371458053589,-0.018542395904660225,0.4788898229598999,0.49893680214881897,-0.022724948823451996,0.5605846643447876,0.578433632850647,-0.01316866371780634,0.5124824643135071,0.6186564564704895,-0.024538835510611534,0.5193650126457214,0.6543282866477966,-0.023734789341688156,0.5335517525672913,0.6610463261604309,-0.023111578077077866,0.5706779360771179,0.5996873378753662,-0.023988330736756325,0.5284663438796997,0.6517525315284729,-0.033756986260414124,0.5357331037521362,0.6815149188041687,-0.026920350268483162,0.5468364953994751,0.6858949661254883,-0.022520210593938828,0.5797232389450073,0.6293178200721741,-0.03464129567146301,0.5451205968856812,0.6682626605033875,-0.040793102234601974,0.5458852648735046,0.6962453722953796,-0.035949937999248505,0.5517515540122986,0.7084708213806152,-0.03199126198887825,X
0.36442434787750244,0.7109277248382568,-6.84941214856849e-09,0.39764660596847534,0.6805300712585449,0.0035953521728515625,0.4308610260486603,0.6465206146240234,-0.001745217596180737,0.45564815402030945,0.6309612989425659,-0.010264414362609386,0.47360745072364807,0.62965989112854,-0.018303070217370987,0.44734272360801697,0.5805664658546448,-0.0070227463729679585,0.4797223210334778,0.543578028678894,-0.0184481143951416,0.4991050660610199,0.5134340524673462,-0.024815870448946953,0.5131649374961853,0.48901838064193726,-0.02934800647199154,0.43819063901901245,0.5875256061553955,-0.017903713509440422,0.4852515161037445,0.6431331038475037,-0.03328140452504158,0.4706230163574219,0.6631571054458618,-0.033484749495983124,0.4546394944190979,0.6573765873908997,-0.031164510175585747,0.4269225597381592,0.6122453212738037,-0.028601843863725662,0.46765148639678955,0.6711269617080688,-0.04024030268192291,0.4513588845729828,0.6812989711761475,-0.03317338228225708,0.4390408992767334,0.6699081063270569,-0.02709115669131279,0.4150734841823578,0.6438729763031006,-0.03964322432875633,0.44549161195755005,0.6906262040138245,-0.04325041174888611,0.4327378273010254,0.6995672583580017,-0.03536175191402435,0.4213574528694153,0.688778817653656,-0.02907184511423111,X
0.6250866651535034,0.7206364870071411,-2.2984414727034164e-07,0.5879029631614685,0.6949189901351929,0.008573132567107677,0.558005154132843,0.6585462093353271,0.007462675217539072,0.5380633473396301,0.6334927082061768,0.0026589897461235523,0.523783802986145,0.6166673302650452,-0.002645086031407118,0.5499454736709595,0.5770350098609924,-0.0015305365668609738,0.5131194591522217,0.5323957204818726,-0.011394764296710491,0.49277597665786743,0.5100287795066833,-0.017061974853277206,0.47840771079063416,0.49001967906951904,-0.021742573007941246,0.560935378074646,0.5781746506690979,-0.012199273332953453,0.5128341317176819,0.6186086535453796,-0.023292774334549904,0.5188601613044739,0.6546051502227783,-0.023170534521341324,0.5318713784217834,0.6619701981544495,-0.02315681241452694,0.5707465410232544,0.5991575121879578,-0.022851165384054184,0.5279437303543091,0.6499632000923157,-0.03224358707666397,0.5348907709121704,0.6796068549156189,-0.025854067876935005,0.5454621315002441,0.6839077472686768,-0.021911457180976868,0.5796201825141907,0.6285862326622009,-0.03335971012711525,0.5443928241729736,0.6682167053222656,-0.03961527720093727,0.5453271269798279,0.6962490677833557,-0.03494930639863014,0.55145263671875,0.7081466317176819,-0.031112536787986755,X
0.36311501264572144,0.7143828272819519,-8.12143152728595e-09,0.3952658474445343,0.6810129284858704,0.0032537749502807856,0.43013161420822144,0.644841730594635,-0.0016536216717213392,0.45739129185676575,0.6295557022094727,-0.009758521802723408,0.47687941789627075,0.6288866400718689,-0.017329644411802292,0.44501855969429016,0.583317756652832,-0.005256041418761015,0.4775269031524658,0.5472717881202698,-0.01658085733652115,0.4967688024044037,0.5165765285491943,-0.022764062508940697,0.5112813711166382,0.4916553795337677,-0.02714766189455986,0.4361632764339447,0.591468334197998,-0.01578514650464058,0.48339033126831055,0.6407572031021118,-0.031766895204782486,0.4690799415111542,0.6627952456474304,-0.03185524418950081,0.45345816016197205,0.6621142029762268,-0.0289949681609869,0.4255044162273407,0.615548312664032,-0.026364866644144058,0.4658142030239105,0.6694231033325195,-0.03821418434381485,0.44941386580467224,0.6809428334236145,-0.030709657818078995,0.43754059076309204,0.6729549765586853,-0.023996222764253616,0.4145219027996063,0.6463488936424255,-0.03741540014743805,0.44546937942504883,0.6892660856246948,-0.04053854942321777,0.43190237879753113,0.6985371112823486,-0.032525502145290375,0.4203099012374878,0.689095675945282,-0.02625221386551857,X
0.624248743057251,0.7165058255195618,-2.1830391006005812e-07,0.5846470594406128,0.6942342519760132,0.00792932789772749,0.5539514422416687,0.657858669757843,0.00564303994178772,0.533112645149231,0.6310494542121887,-0.00039310779538936913,0.5182764530181885,0.6138166785240173,-0.006867037154734135,0.5476504564285278,0.5761222839355469,-0.0030709360726177692,0.5106312036514282,0.5320082902908325,-0.014417232014238834,0.4913610816001892,0.5089772939682007,-0.020609494298696518,0.47873228788375854,0.48882704973220825,-0.025249352678656578,0.5590201020240784,0.5769944190979004,-0.01376629900187254,0.5108079314231873,0.6224588751792908,-0.02659527398645878,0.517625093460083,0.6591798067092896,-0.02645600028336048,0.5318887233734131,0.6659143567085266,-0.025962145999073982,0.5691267848014832,0.5981872081756592,-0.024573490023612976,0.526859700679779,0.652584969997406,-0.035840943455696106,0.5338088274002075,0.6840981841087341,-0.029145371168851852,0.5448363423347473,0.6892096400260925,-0.024340584874153137,0.5779399275779724,0.6275001168251038,-0.03522799164056778,0.5430107712745667,0.6675059199333191,-0.042487647384405136,0.543173611164093,0.6968757510185242,-0.037760112434625626,0.5484923124313354,0.7091916799545288,-0.03351106122136116,X
0.3611798882484436,0.716012716293335,-1.1938529276278587e-08,0.3936295211315155,0.6821741461753845,0.0037477477453649044,0.4279899299144745,0.6471050381660461,-0.0016833159606903791,0.45463308691978455,0.631942868232727,-0.010435160249471664,0.47365474700927734,0.6311545968055725,-0.018783356994390488,0.44502827525138855,0.581041157245636,-0.0061717769131064415,0.4772005081176758,0.5455132126808167,-0.018048502504825592,0.49620354175567627,0.5149440765380859,-0.024969222024083138,0.510485053062439,0.490261971950531,-0.029945826157927513,0.43552449345588684,0.5865131616592407,-0.01722118817269802,0.4826967120170593,0.6441373825073242,-0.03318839520215988,0.4678431749343872,0.6665731072425842,-0.03367176279425621,0.4519381523132324,0.6624115705490112,-0.031375836580991745,0.4244159460067749,0.6105504631996155,-0.028198467567563057,0.4649258255958557,0.6737719178199768,-0.04005682095885277,0.4480447769165039,0.6852481961250305,-0.03299949690699577,0.435855895280838,0.6739903688430786,-0.026838695630431175,0.41303542256355286,0.6420139670372009,-0.03960765525698662,0.44317391514778137,0.6925653219223022,-0.042973507195711136,0.4298126995563507,0.702266275882721,-0.035158537328243256,0.41856083273887634,0.6912636756896973,-0.028959691524505615,X
0.6219491362571716,0.7189928889274597,-2.2100941521330242e-07,0.5817995071411133,0.6975435018539429,0.00710328808054328,0.5522378087043762,0.6618202328681946,0.004917046055197716,0.5324566960334778,0.6352334022521973,-0.0005867937579751015,0.5188899636268616,0.6168935894966125,-0.006415490061044693,0.5475595593452454,0.5780232548713684,-0.004173386376351118,0.5108015537261963,0.5321525931358337,-0.015338113531470299,0.48942726850509644,0.5136958360671997,-0.02124469354748726,0.4752904176712036,0.4979572594165802,-0.025554921478033066,0.559452474117279,0.5789288282394409,-0.014227757230401039,0.5103960037231445,0.6173125505447388,-0.025981619954109192,0.5159391760826111,0.6537903547286987,-0.025240669026970863,0.529211699962616,0.660586953163147,-0.024595484137535095,0.5698325634002686,0.5996996164321899,-0.02443268522620201,0.5261512994766235,0.6490465402603149,-0.03491220623254776,0.5320257544517517,0.679895281791687,-0.028046024963259697,0.5424271821975708,0.6853591799736023,-0.02338503859937191,0.5788453817367554,0.629523515701294,-0.03452380374073982,0.5433529019355774,0.6669508814811707,-0.041139647364616394,0.5433536767959595,0.6959367990493774,-0.03605733811855316,0.5489199161529541,0.709816038608551,-0.031749121844768524,X
0.36331260204315186,0.714408814907074,-1.1648952913390076e-08,0.3966389298439026,0.6834976673126221,0.0029254870023578405,0.4301980137825012,0.6487265825271606,-0.0025612912140786648,0.45655372738838196,0.6342576146125793,-0.01131071150302887,0.47510772943496704,0.633510172367096,-0.019641991704702377,0.4451523423194885,0.584041953086853,-0.006034945137798786,0.4756971597671509,0.5476316809654236,-0.0179384034126997,0.49478328227996826,0.5165927410125732,-0.025021536275744438,0.5086574554443359,0.49110156297683716,-0.030088132247328758,0.4353390038013458,0.5903500318527222,-0.01674613356590271,0.47999268770217896,0.6434072256088257,-0.03275030851364136,0.46597516536712646,0.6649520397186279,-0.03351703658699989,0.45042741298675537,0.6614806652069092,-0.0314362458884716,0.4234336316585541,0.6142826676368713,-0.02748791128396988,0.46210208535194397,0.6716505289077759,-0.039906956255435944,0.44597482681274414,0.6830047965049744,-0.03293764963746071,0.43380072712898254,0.6733143329620361,-0.02661118283867836,0.4110197126865387,0.6450788378715515,-0.0387045219540596,0.4410923421382904,0.6905092597007751,-0.04272110387682915,0.4283634126186371,0.6993917226791382,-0.03503543511033058,0.416739284992218,0.6887917518615723,-0.028846025466918945,X
0.6224188208580017,0.7161484360694885,-2.2741433269857225e-07,0.5836751461029053,0.6962224841117859,0.007438033353537321,0.5531331896781921,0.6622958779335022,0.005219766404479742,0.5327183604240417,0.6369882822036743,-0.0006207243422977626,0.5183630585670471,0.6206613779067993,-0.006815137807279825,0.5457536578178406,0.5765150189399719,-0.003601423464715481,0.5087298154830933,0.5325605869293213,-0.015086417086422443,0.48959165811538696,0.5104905962944031,-0.02156754955649376,0.47697922587394714,0.49047985672950745,-0.026523390784859657,0.5576677322387695,0.5760025382041931,-0.01406645867973566,0.5103594064712524,0.6211122274398804,-0.026548590511083603,0.5180635452270508,0.6576669216156006,-0.026282906532287598,0.5323024392127991,0.6630585193634033,-0.02587168477475643,0.5683194398880005,0.5962345004081726,-0.024692213162779808,0.52647864818573,0.6519992351531982,-0.03534526005387306,0.5342988967895508,0.6827767491340637,-0.028484215959906578,0.545434832572937,0.6862550973892212,-0.02391623705625534,0.5778519511222839,0.6254650354385376,-0.035299431532621384,0.5433006882667542,0.6681142449378967,-0.04251634329557419,0.5432211756706238,0.6978499889373779,-0.03795859217643738,0.5481618642807007,0.7105551362037659,-0.03395870700478554,X
0.362559974193573,0.714372456073761,1.7277038688590096e-09,0.39391466975212097,0.6793081760406494,0.0038693840615451336,0.4282734990119934,0.644737184047699,-0.0011601123260334134,0.4558757245540619,0.6330970525741577,-0.009548931382596493,0.4754570722579956,0.6344542503356934,-0.017575282603502274,0.44284990429878235,0.5833120346069336,-0.004987322259694338,0.47560423612594604,0.5475766062736511,-0.016451401636004448,0.49529409408569336,0.5178579688072205,-0.02294163778424263,0.5096529126167297,0.4929876923561096,-0.027480922639369965,0.43378767371177673,0.5922691822052002,-0.015860704705119133,0.48117923736572266,0.64095538854599,-0.031652338802814484,0.46768224239349365,0.6637828350067139,-0.0320625975728035,0.4522039592266083,0.6622211933135986,-0.029487546533346176,0.4233120083808899,0.6168169379234314,-0.02668793499469757,0.46366971731185913,0.6706574559211731,-0.03844279795885086,0.4478096663951874,0.6825926899909973,-0.031180288642644882,0.4354516863822937,0.6732475757598877,-0.0245766993612051,0.4125992953777313,0.6474352478981018,-0.037899211049079895,0.4429822564125061,0.6904816031455994,-0.04096982255578041,0.4305592477321625,0.7005941867828369,-0.03289088234305382,0.41940146684646606,0.6906861662864685,-0.026479875668883324,X
0.6260458827018738,0.717931866645813,-2.470999049819511e-07,0.5870854258537292,0.6953699588775635,0.009305736050009727,0.556533932685852,0.658931314945221,0.007827258668839931,0.5354095101356506,0.6314398646354675,0.002280138898640871,0.5206025838851929,0.6121515035629272,-0.0036260553169995546,0.5487908124923706,0.5766029953956604,-0.0010721645085141063,0.5105062127113342,0.5335118174552917,-0.011474261991679668,0.491795152425766,0.5176544189453125,-0.01680922880768776,0.4813896417617798,0.5037189722061157,-0.020584657788276672,0.5599576234817505,0.5775214433670044,-0.012177611701190472,0.51083904504776,0.6193245649337769,-0.023065319284796715,0.517367422580719,0.6546660661697388,-0.022613218054175377,0.5314338803291321,0.6612814664840698,-0.02241247147321701,0.5701963305473328,0.5983160734176636,-0.023365022614598274,0.5270730257034302,0.6506620049476624,-0.033328309655189514,0.5339477062225342,0.6823455095291138,-0.027049601078033447,0.544952929019928,0.6886159777641296,-0.023038577288389206,0.5793405771255493,0.6274643540382385,-0.03424396365880966,0.5437787771224976,0.6655089259147644,-0.04066389426589012,0.5441960096359253,0.6945582628250122,-0.03613920882344246,0.5499684810638428,0.7085534930229187,-0.03244653716683388,X
0.3652644753456116,0.7103556990623474,5.48099399200197e-10,0.39799320697784424,0.6801472902297974,0.0023062315303832293,0.43078911304473877,0.6470300555229187,-0.0038197608664631844,0.4567985534667969,0.631696879863739,-0.013041694648563862,0.47527438402175903,0.6306018233299255,-0.021794894710183144,0.4454016387462616,0.5819677710533142,-0.007347334176301956,0.4768916964530945,0.5456328392028809,-0.01964000053703785,0.49621039628982544,0.5157279968261719,-0.026768330484628677,0.5103380680084229,0.4913122057914734,-0.0317583866417408,0.43584954738616943,0.5890239477157593,-0.017782246693968773,0.48222723603248596,0.6408442258834839,-0.03464724123477936,0.46845951676368713,0.6627836227416992,-0.03566962853074074,0.45247629284858704,0.6597181558609009,-0.03349749371409416,0.4246342182159424,0.6130574941635132,-0.028242802247405052,0.4644796550273895,0.6701964139938354,-0.0411425344645977,0.44871073961257935,0.6815991401672363,-0.03446049988269806,0.43626922369003296,0.6713579297065735,-0.02815605327486992,0.41302040219306946,0.6440790891647339,-0.039173513650894165,0.4432901442050934,0.6897395253181458,-0.043436311185359955,0.43115121126174927,0.6992940902709961,-0.0360606387257576,0.41993629932403564,0.6888216137886047,-0.029989471659064293,X
0.626381516456604,0.7192438244819641,-2.4097008122225816e-07,0.5862751007080078,0.6970346570014954,0.008906835690140724,0.5562548041343689,0.6616132855415344,0.007230935152620077,0.535818338394165,0.6359978318214417,0.0017227117205038667,0.52247154712677,0.6181554794311523,-0.00423798430711031,0.5501898527145386,0.5763490200042725,-0.0016339460853487253,0.5136014819145203,0.531619131565094,-0.011252936907112598,0.492964506149292,0.513818621635437,-0.016313884407281876,0.4792027473449707,0.49864691495895386,-0.020424483343958855,0.56190425157547,0.5772722959518433,-0.01247649360448122,0.5137339234352112,0.6186777949333191,-0.022868789732456207,0.5206743478775024,0.6541111469268799,-0.021960647776722908,0.5345335006713867,0.6589012742042542,-0.021591797471046448,0.5719977021217346,0.5986025929450989,-0.023289641365408897,0.5290600061416626,0.6515823006629944,-0.032288093119859695,0.5364875793457031,0.6812634468078613,-0.025382615625858307,0.5476571321487427,0.6838945150375366,-0.021245425567030907,0.580406904220581,0.6288166046142578,-0.03390936553478241,0.5447445511817932,0.6689901947975159,-0.03966181352734566,0.5460582971572876,0.6971065402030945,-0.034590598195791245,0.5527256727218628,0.7083182334899902,-0.030609440058469772,X
0.3660518229007721,0.7136274576187134,5.704773098358373e-09,0.4013334810733795,0.6893525123596191,0.0033703164663165808,0.43434783816337585,0.6573284268379211,-0.002110020723193884,0.45775356888771057,0.6389815211296082,-0.010980091989040375,0.47515106201171875,0.6358587145805359,-0.019444234669208527,0.44860580563545227,0.5831648111343384,-0.006207861937582493,0.4798697531223297,0.5465417504310608,-0.01852148026227951,0.49921852350234985,0.5150510668754578,-0.02576463855803013,0.513183057308197,0.4890487790107727,-0.03086262010037899,0.4387226998806,0.5883119702339172,-0.01735691726207733,0.48849016427993774,0.642845630645752,-0.03419242799282074,0.4757837951183319,0.6663413643836975,-0.034986015409231186,0.4590111970901489,0.6649528741836548,-0.03248603269457817,0.4274052381515503,0.6119284629821777,-0.028535356745123863,0.4691261947154999,0.6723397374153137,-0.04087575897574425,0.45296454429626465,0.6841404438018799,-0.03410666435956955,0.4396572709083557,0.6744745969772339,-0.027918890118598938,0.41588741540908813,0.6436592936515808,-0.04018613323569298,0.4461805522441864,0.6945604681968689,-0.04411712661385536,0.43220001459121704,0.7042183876037598,-0.03686201199889183,0.4198855757713318,0.6930230855941772,-0.03103136643767357,X
0.6285820603370667,0.7186964154243469,-2.3108333380150725e-07,0.5882238149642944,0.6977158188819885,0.008042273111641407,0.5577663779258728,0.6612398624420166,0.005763006862252951,0.5369631052017212,0.6332940459251404,-0.0003114090650342405,0.5220987796783447,0.6140636801719666,-0.006869459059089422,0.5519788861274719,0.5764133334159851,-0.003467004746198654,0.515059769153595,0.5318366289138794,-0.01486711110919714,0.49546027183532715,0.5109443664550781,-0.021228685975074768,0.48251569271087646,0.49268317222595215,-0.0259963758289814,0.5639530420303345,0.5764320492744446,-0.014248088002204895,0.5145086050033569,0.6190135478973389,-0.0265567135065794,0.5219414830207825,0.6561814546585083,-0.0260465107858181,0.5364487767219543,0.6639444828033447,-0.025521041825413704,0.5745706558227539,0.5971110463142395,-0.0251211728900671,0.5303638577461243,0.6488137245178223,-0.03606394678354263,0.5379845499992371,0.6811888217926025,-0.028861133381724358,0.5497562885284424,0.6891714334487915,-0.023885508999228477,0.5839502811431885,0.626751184463501,-0.03584835305809975,0.547918975353241,0.6641519665718079,-0.04325242340564728,0.5478601455688477,0.6937772631645203,-0.03847132995724678,0.553432285785675,0.7087985277175903,-0.03424961119890213,X
0.36725914478302,0.71101313829422,7.055362072350135e-09,0.4001806676387787,0.6765114068984985,0.004519016016274691,0.43471381068229675,0.6419486403465271,-0.00033688455005176365,0.4620227515697479,0.6295660138130188,-0.008677574805915356,0.4807685613632202,0.630492091178894,-0.016628313809633255,0.44945040345191956,0.5811641216278076,-0.004667715169489384,0.4810780882835388,0.5436689853668213,-0.015982650220394135,0.5012151002883911,0.5129942893981934,-0.022523697465658188,0.5155526995658875,0.48815247416496277,-0.027128983289003372,0.44001495838165283,0.5887349843978882,-0.01572817750275135,0.4867486357688904,0.6390707492828369,-0.030962584540247917,0.4746938943862915,0.6626498103141785,-0.03126363083720207,0.4601287841796875,0.6615597009658813,-0.028937162831425667,0.4290893077850342,0.6119905114173889,-0.026710087433457375,0.4690500497817993,0.6670498847961426,-0.03786251321434975,0.45431289076805115,0.6785019636154175,-0.03069816157221794,0.4424903094768524,0.6687617301940918,-0.024553116410970688,0.41793057322502136,0.6418306231498718,-0.0380726233124733,0.44840309023857117,0.6867037415504456,-0.04082144796848297,0.4361342191696167,0.6960268616676331,-0.0329558439552784,0.42481812834739685,0.6849832534790039,-0.0269334577023983,X
0.630117654800415,0.7183327674865723,-2.2161799506648094e-07,0.5890520811080933,0.6954637169837952,0.008688319474458694,0.5578102469444275,0.6583696007728577,0.0068998439237475395,0.5369948744773865,0.6304123401641846,0.001543647376820445,0.5221031308174133,0.6103003621101379,-0.004211612977087498,0.5543733835220337,0.5761873722076416,-0.003378123976290226,0.5172988176345825,0.5307515859603882,-0.014006514102220535,0.496920108795166,0.5108969807624817,-0.019645441323518753,0.4834461212158203,0.4937339723110199,-0.02396722137928009,0.5662886500358582,0.5774430632591248,-0.014265486039221287,0.5157036185264587,0.6155884265899658,-0.025113357231020927,0.5225763320922852,0.6512413620948792,-0.02346901409327984,0.537005603313446,0.6566092371940613,-0.022555673494935036,0.5761021971702576,0.5986939072608948,-0.02519114688038826,0.5310630798339844,0.648384153842926,-0.034049127250909805,0.5382423400878906,0.6783815026283264,-0.025746075436472893,0.5498001575469971,0.6821900606155396,-0.020829126238822937,0.5845142602920532,0.6282059550285339,-0.036048684269189835,0.5483879446983337,0.6662627458572388,-0.04170405492186546,0.5499873161315918,0.6937167644500732,-0.0360175259411335,0.5570237636566162,0.7050526738166809,-0.03168351203203201,X
0.36935773491859436,0.7083606719970703,-2.060599468833857e-09,0.40312713384628296,0.6811343431472778,0.0031344618182629347,0.4368351101875305,0.648569643497467,-0.002303873188793659,0.4620576500892639,0.6317318081855774,-0.010963412933051586,0.4793878495693207,0.6289739012718201,-0.01909661665558815,0.45272544026374817,0.5799786448478699,-0.006000163499265909,0.4838152229785919,0.5422861576080322,-0.018130473792552948,0.5041741728782654,0.5122289657592773,-0.025075292214751244,0.5187947750091553,0.488456666469574,-0.02981076017022133,0.4434172511100769,0.5846658945083618,-0.016618788242340088,0.48921874165534973,0.6407248377799988,-0.033082738518714905,0.4753005802631378,0.6644963622093201,-0.03354106470942497,0.4592229127883911,0.6618813276290894,-0.030807187780737877,0.43230873346328735,0.6073862314224243,-0.02730788104236126,0.4715409278869629,0.6690436005592346,-0.039914827793836594,0.4556252658367157,0.681801974773407,-0.033048808574676514,0.44328194856643677,0.6720833778381348,-0.026560164988040924,0.4208446145057678,0.6378484964370728,-0.03842657804489136,0.4498055875301361,0.6886229515075684,-0.04237673059105873,0.43688467144966125,0.699215829372406,-0.03486032783985138,0.4257376790046692,0.6885235905647278,-0.028615903109312057,X
0.6296908855438232,0.7193782925605774,-2.1695241514407826e-07,0.5887963771820068,0.6989612579345703,0.006208539009094238,0.5590453743934631,0.6637567281723022,0.0036627147346735,0.5395275950431824,0.6378751993179321,-0.002111876616254449,0.525419294834137,0.6197023987770081,-0.008311432786285877,0.5543086528778076,0.5762025117874146,-0.005104692652821541,0.5190236568450928,0.5301880836486816,-0.01645248755812645,0.49844470620155334,0.5062541365623474,-0.023266445845365524,0.4835677444934845,0.4855040907859802,-0.0286504365503788,0.5674229264259338,0.5763469934463501,-0.015078471973538399,0.5192746520042419,0.6198943257331848,-0.027402708306908607,0.5250532031059265,0.6576129198074341,-0.027510976418852806,0.5381940007209778,0.6657286882400513,-0.027591435238718987,0.5785679817199707,0.5975515842437744,-0.025175120681524277,0.5346904397010803,0.6494542360305786,-0.036246366798877716,0.5414602756500244,0.6816519498825073,-0.02941484935581684,0.5524454712867737,0.6883653998374939,-0.024762097746133804,0.5879486799240112,0.6277493238449097,-0.035301573574543,0.5517867207527161,0.6652899384498596,-0.04297637194395065,0.5518425107002258,0.6948679089546204,-0.038022153079509735,0.5577599406242371,0.7093090415000916,-0.03363094851374626,X
0.3686685264110565,0.7110032439231873,-7.987233985318198e-09,0.40253111720085144,0.6796490550041199,0.004261695314198732,0.43712612986564636,0.6455196738243103,-0.0008225790807045996,0.4630272686481476,0.6282990574836731,-0.009403269737958908,0.481309175491333,0.6247069239616394,-0.017529694363474846,0.4542977213859558,0.5794610381126404,-0.005190645344555378,0.4856916666030884,0.543018102645874,-0.01720438525080681,0.5058466196060181,0.5129356980323792,-0.024422118440270424,0.5204917788505554,0.4882444143295288,-0.029512355104088783,0.4442727267742157,0.5852066874504089,-0.016627956181764603,0.49178946018218994,0.64021235704422,-0.03298640623688698,0.4783046543598175,0.6638616919517517,-0.03384961932897568,0.4621008336544037,0.6609564423561096,-0.031558386981487274,0.4325466752052307,0.608777642250061,-0.027995087206363678,0.4734960198402405,0.6673611998558044,-0.040422871708869934,0.4580576717853546,0.6808182597160339,-0.03347973898053169,0.4454832971096039,0.6711931228637695,-0.027095459401607513,0.4205840229988098,0.639960765838623,-0.03971656784415245,0.4512598216533661,0.6881588697433472,-0.04353863745927811,0.4391612708568573,0.6994787454605103,-0.03577135130763054,0.4281627833843231,0.6892384886741638,-0.029462331905961037,X
0.6344092488288879,0.7220441102981567,-2.3574362728595588e-07,0.5953882932662964,0.6973727941513062,0.0080216433852911,0.5650600790977478,0.6586595773696899,0.006943365093320608,0.5442587733268738,0.6306736469268799,0.002145970705896616,0.5302015542984009,0.6118140816688538,-0.003127805422991514,0.5584768056869507,0.5773234367370605,-0.0012091880198568106,0.5217888951301575,0.5351255536079407,-0.010800400748848915,0.5024645924568176,0.5121843814849854,-0.016272425651550293,0.48925673961639404,0.4901975393295288,-0.020873622968792915,0.5702621340751648,0.5789644122123718,-0.011680755764245987,0.522571325302124,0.6206543445587158,-0.022900039330124855,0.5295175909996033,0.6560596823692322,-0.022794637829065323,0.5430387258529663,0.6614214777946472,-0.022761713713407516,0.5804358124732971,0.6003979444503784,-0.022233853116631508,0.537434995174408,0.6510854959487915,-0.03230442851781845,0.5446926951408386,0.6823170781135559,-0.02599971927702427,0.5557810068130493,0.687112033367157,-0.021848879754543304,0.5894064903259277,0.6303195357322693,-0.03271641209721565,0.5536314249038696,0.6670611500740051,-0.039443474262952805,0.5537712574005127,0.6961989998817444,-0.0350300595164299,0.5597104430198669,0.7102445363998413,-0.03130556643009186,X
0.36901503801345825,0.7120103240013123,-1.0840254027755236e-08,0.40313172340393066,0.6802082061767578,0.005381662864238024,0.4379338026046753,0.6457038521766663,0.0008537504472769797,0.46347862482070923,0.6297822594642639,-0.007195968180894852,0.48151662945747375,0.626605749130249,-0.014791992492973804,0.45453307032585144,0.5806276202201843,-0.004886666778475046,0.48722994327545166,0.5430792570114136,-0.015797734260559082,0.5075622797012329,0.5125936269760132,-0.022021247074007988,0.5220633745193481,0.48802947998046875,-0.02646198868751526,0.44523048400878906,0.5870068073272705,-0.016406936571002007,0.4929920434951782,0.6423057317733765,-0.031465400010347366,0.4796295166015625,0.6661738157272339,-0.03159699589014053,0.4634471833705902,0.6639693975448608,-0.029116613790392876,0.4338778257369995,0.6105136871337891,-0.027628984302282333,0.4745424687862396,0.6697633266448975,-0.03864845633506775,0.45854517817497253,0.6826894283294678,-0.031277045607566833,0.44574669003486633,0.6733487844467163,-0.025015100836753845,0.4220450520515442,0.6407731771469116,-0.03909268602728844,0.45287060737609863,0.6890769004821777,-0.04193633422255516,0.4397272765636444,0.6997429728507996,-0.03379254415631294,0.42758283019065857,0.6891074180603027,-0.02744382433593273,X
0.6336764097213745,0.7201382517814636,-2.2393493281924748e-07,0.5942577719688416,0.6980164647102356,0.00752338208258152,0.563977062702179,0.6606343984603882,0.006029466167092323,0.5443559885025024,0.632630467414856,0.001175088924355805,0.5304234027862549,0.6134718656539917,-0.004029516596347094,0.5584896206855774,0.5771552920341492,-0.003329315921291709,0.5218961238861084,0.5322978496551514,-0.01396256498992443,0.5009663105010986,0.5110548734664917,-0.019931122660636902,0.48614412546157837,0.4916800260543823,-0.024738971143960953,0.5704571008682251,0.5781300663948059,-0.013607903383672237,0.5206857323646545,0.6177124977111816,-0.02500682696700096,0.5274736881256104,0.6548973321914673,-0.02395813912153244,0.5414112210273743,0.6610128879547119,-0.023284198716282845,0.5804901719093323,0.59941166639328,-0.024051297456026077,0.5361064672470093,0.6499039530754089,-0.03359106183052063,0.5431596040725708,0.6807628870010376,-0.026055924594402313,0.5541901588439941,0.6846542954444885,-0.02141573652625084,0.5892598628997803,0.6295163631439209,-0.03454083949327469,0.5540149211883545,0.669509768486023,-0.040824033319950104,0.5548524260520935,0.6974191665649414,-0.03583953529596329,0.561080276966095,0.7087805271148682,-0.03186885267496109,X
0.37089699506759644,0.7087299823760986,1.91334281751665e-09,0.4052470922470093,0.6777555346488953,0.004229443613439798,0.44018828868865967,0.6438519358634949,-0.0007625026628375053,0.4665946066379547,0.6302014589309692,-0.009136410430073738,0.4852505624294281,0.6289793252944946,-0.017152754589915276,0.4541119933128357,0.5799399614334106,-0.005942493677139282,0.4871123433113098,0.5443017482757568,-0.017459116876125336,0.5070143938064575,0.5146535634994507,-0.023653291165828705,0.5215233564376831,0.4899570941925049,-0.028034795075654984,0.4448052644729614,0.5878020524978638,-0.01720520853996277,0.49398577213287354,0.6428127884864807,-0.03310812637209892,0.4801385700702667,0.6657971143722534,-0.033177245408296585,0.4641779661178589,0.6620191931724548,-0.0304868221282959,0.43367403745651245,0.6120525002479553,-0.028359007090330124,0.475629985332489,0.6712232232093811,-0.04048476368188858,0.4596741199493408,0.6826417446136475,-0.03329510986804962,0.4473120868206024,0.6712633371353149,-0.026883956044912338,0.42216959595680237,0.6429330706596375,-0.03980357572436333,0.4534127414226532,0.6896875500679016,-0.043431948870420456,0.4410269558429718,0.6993654370307922,-0.03561445698142052,0.4297401010990143,0.6880447864532471,-0.029474198818206787,X
0.6338577270507812,0.7207173109054565,-2.4777028784228605e-07,0.5952634215354919,0.6955695152282715,0.008467569947242737,0.5640648603439331,0.6579926609992981,0.00711334403604269,0.5428017973899841,0.6313826441764832,0.0022698661778122187,0.5273158550262451,0.6145164370536804,-0.0030694548040628433,0.5569626092910767,0.577355146408081,-0.0034995952155441046,0.5194017887115479,0.534045934677124,-0.014256834052503109,0.49812281131744385,0.5159839391708374,-0.020120805129408836,0.48367926478385925,0.5005656480789185,-0.02460707724094391,0.5688843131065369,0.5791943073272705,-0.013998366892337799,0.5192569494247437,0.6210799813270569,-0.02515079453587532,0.5260304808616638,0.6583800315856934,-0.02408815734088421,0.5402538180351257,0.6648352742195129,-0.023569470271468163,0.5791528224945068,0.6017290353775024,-0.024511659517884254,0.5351033806800842,0.6524655818939209,-0.03461233526468277,0.5415478944778442,0.684748113155365,-0.02755829505622387,0.5527308583259583,0.6907216310501099,-0.023023875430226326,0.588310182094574,0.6327106356620789,-0.03478951379656792,0.5522803664207458,0.6688098311424255,-0.0417020209133625,0.5518715381622314,0.6985940337181091,-0.03692317381501198,0.5574859380722046,0.7132357358932495,-0.03296561911702156,X
0.36848118901252747,0.7096065282821655,-1.7535809249125123e-08,0.40241560339927673,0.6788890361785889,0.004226536024361849,0.43696892261505127,0.6457291841506958,-0.0004894568701274693,0.46278032660484314,0.6311629414558411,-0.00860992819070816,0.48025649785995483,0.631596565246582,-0.016351373866200447,0.4533066153526306,0.584236741065979,-0.004927071742713451,0.48478224873542786,0.5458661913871765,-0.016093745827674866,0.5043365359306335,0.5158387422561646,-0.022475548088550568,0.5186284184455872,0.4919862449169159,-0.026958180591464043,0.44458186626434326,0.5899474620819092,-0.015816623345017433,0.4895128309726715,0.6475850939750671,-0.03113693557679653,0.47502344846725464,0.6701439619064331,-0.03134055808186531,0.4590859115123749,0.6667175889015198,-0.02875354140996933,0.4334905445575714,0.6131809949874878,-0.02660461701452732,0.4706728160381317,0.6753072738647461,-0.03783278167247772,0.45357584953308105,0.6860246658325195,-0.03082912229001522,0.44127705693244934,0.6753877401351929,-0.024667581543326378,0.42166662216186523,0.6429464817047119,-0.03777546063065529,0.4488712549209595,0.6922577023506165,-0.040610961616039276,0.43530818819999695,0.701307475566864,-0.032790571451187134,0.4242197275161743,0.6903151273727417,-0.026601659134030342,X
0.6288279294967651,0.7232653498649597,-2.2383140674264723e-07,0.590478777885437,0.6984517574310303,0.007745226379483938,0.5605437755584717,0.6607285141944885,0.006106446031481028,0.5405210256576538,0.6338360905647278,0.0008024120470508933,0.526178777217865,0.6154195070266724,-0.004901336506009102,0.5536074042320251,0.579500675201416,-0.0030416108202189207,0.5164551734924316,0.5336169004440308,-0.013843908905982971,0.49644577503204346,0.5119011402130127,-0.01966780796647072,0.48287898302078247,0.49207770824432373,-0.024233195930719376,0.5652960538864136,0.580087423324585,-0.013318569399416447,0.5176495313644409,0.6229420304298401,-0.025472108274698257,0.5248218178749084,0.6590188145637512,-0.024918554350733757,0.5388807058334351,0.6642414331436157,-0.024419143795967102,0.5755077600479126,0.6009759306907654,-0.023749202489852905,0.533241331577301,0.6555914878845215,-0.033957917243242264,0.54069584608078,0.6856095194816589,-0.027005938813090324,0.5517548322677612,0.6884691715240479,-0.022558139637112617,0.5845122337341309,0.6304574012756348,-0.03417665883898735,0.5507437586784363,0.6714862585067749,-0.04059578850865364,0.551345705986023,0.7003756761550903,-0.03586064651608467,0.556969165802002,0.7122951745986938,-0.03201183304190636,X
0.36867037415504456,0.71111661195755,-5.954002624264376e-09,0.40160274505615234,0.6794095635414124,0.0033123446628451347,0.43555888533592224,0.6464278697967529,-0.0018149103270843625,0.46233630180358887,0.6344311237335205,-0.010289127938449383,0.4811559319496155,0.6345395445823669,-0.018387896940112114,0.451551616191864,0.5832112431526184,-0.0052380734123289585,0.48316773772239685,0.5463014245033264,-0.016599221155047417,0.5023996829986572,0.5161426067352295,-0.02320437878370285,0.5166484117507935,0.4915882349014282,-0.027899539098143578,0.4416390061378479,0.5910545587539673,-0.015956413000822067,0.48771601915359497,0.6442501544952393,-0.03206351026892662,0.4734151363372803,0.6656054258346558,-0.03298182412981987,0.45755714178085327,0.6625753045082092,-0.030772460624575615,0.4300517141819,0.6151092052459717,-0.02664884366095066,0.46905815601348877,0.6737139225006104,-0.03872077912092209,0.45250406861305237,0.6836484670639038,-0.03200334310531616,0.44016629457473755,0.6728276014328003,-0.025828735902905464,0.4179689884185791,0.6451332569122314,-0.037793006747961044,0.44766300916671753,0.6920470595359802,-0.04143022745847702,0.43435096740722656,0.7006288170814514,-0.03387323394417763,0.4227643311023712,0.6892435550689697,-0.027772897854447365,X
0.6298760175704956,0.7225062847137451,-2.168562645010752e-07,0.5904306769371033,0.7006534337997437,0.008197602815926075,0.5597732663154602,0.6653419733047485,0.006281557027250528,0.5394586324691772,0.6395978331565857,0.000653495138976723,0.5254051685333252,0.6222747564315796,-0.005384067073464394,0.5531004071235657,0.5806818008422852,-0.00240791286341846,0.5160472989082336,0.5351225137710571,-0.013076402246952057,0.4963405430316925,0.5126813054084778,-0.018886061385273933,0.4834262728691101,0.4931328296661377,-0.02342010848224163,0.5648649334907532,0.5813663005828857,-0.013191438280045986,0.5147812366485596,0.6197161674499512,-0.02459442801773548,0.5215986371040344,0.6572024822235107,-0.02334582433104515,0.5358429551124573,0.6638862490653992,-0.02238798700273037,0.5751650929450989,0.6019673943519592,-0.024160467088222504,0.5308877229690552,0.6525461077690125,-0.03347589075565338,0.5374767780303955,0.6835920810699463,-0.02577078342437744,0.5483943819999695,0.6875878572463989,-0.020994888618588448,0.5842772126197815,0.6311854124069214,-0.03512360155582428,0.548175036907196,0.6707916259765625,-0.0409255288541317,0.5482989549636841,0.699357807636261,-0.03561226278543472,0.5540862679481506,0.710980236530304,-0.031454481184482574,X
0.3668268024921417,0.7139990329742432,-3.6241298850825387e-09,0.40089932084083557,0.6841663718223572,0.0035808621905744076,0.43535295128822327,0.6504729390144348,-0.0017982212593778968,0.46245262026786804,0.6363296508789062,-0.01042509451508522,0.48251816630363464,0.6364142298698425,-0.018588699400424957,0.4483400881290436,0.5853971838951111,-0.006113432813435793,0.4805793762207031,0.5467974543571472,-0.017756761983036995,0.5001459121704102,0.5162901878356934,-0.02436402253806591,0.5145463943481445,0.491532564163208,-0.029017943888902664,0.43966713547706604,0.5924208164215088,-0.016860291361808777,0.4861573874950409,0.6462261080741882,-0.032829705625772476,0.4728710949420929,0.6697752475738525,-0.03313856199383736,0.4575768709182739,0.6682724952697754,-0.03058229573071003,0.4291311204433441,0.6160821318626404,-0.027535030618309975,0.4679720103740692,0.6755173206329346,-0.039253976196050644,0.4517386853694916,0.6874786615371704,-0.031850192695856094,0.4394117295742035,0.6779541969299316,-0.02535075694322586,0.4183395802974701,0.6463969945907593,-0.03866899013519287,0.44654616713523865,0.6949360370635986,-0.041989512741565704,0.43324562907218933,0.704707682132721,-0.034219127148389816,0.4219513237476349,0.6935188174247742,-0.028047876432538033,X
0.6283676028251648,0.7184607982635498,-2.3045279817779374e-07,0.5905478000640869,0.6942533850669861,0.008298619650304317,0.5603925585746765,0.6583671569824219,0.006857556290924549,0.5393620729446411,0.6336925029754639,0.0018448550254106522,0.5238117575645447,0.6173461675643921,-0.003665338037535548,0.5523218512535095,0.5793176293373108,-0.0033334416802972555,0.5138134360313416,0.534169614315033,-0.013911538757383823,0.4927736520767212,0.5126601457595825,-0.019615912809967995,0.4782246947288513,0.49361714720726013,-0.02406342327594757,0.563522458076477,0.5801676511764526,-0.013704181648790836,0.5134594440460205,0.6217339634895325,-0.02513263188302517,0.5199321508407593,0.6587400436401367,-0.02414083294570446,0.5336449146270752,0.6665076017379761,-0.023469623178243637,0.5731769800186157,0.6013857126235962,-0.024081433191895485,0.5295823812484741,0.6540484428405762,-0.03373364731669426,0.5366262793540955,0.6851572394371033,-0.02660977654159069,0.5472251772880554,0.6910877823829651,-0.02215477265417576,0.5816842913627625,0.6311261057853699,-0.034336287528276443,0.5468693375587463,0.6702516674995422,-0.04074956104159355,0.5469884872436523,0.6992802023887634,-0.03601880744099617,0.551879346370697,0.7131446599960327,-0.03218480572104454,X
0.3642725348472595,0.7185202836990356,-1.0603907973916193e-08,0.39848265051841736,0.6890801191329956,0.0031970511190593243,0.4326834976673126,0.6535559892654419,-0.002427467843517661,0.4593057930469513,0.6360867619514465,-0.011264756321907043,0.47895196080207825,0.6322240233421326,-0.01957731507718563,0.44615986943244934,0.586634635925293,-0.005963783245533705,0.4778420627117157,0.5485327243804932,-0.01828121766448021,0.4978710412979126,0.5179803967475891,-0.02527390979230404,0.5123789310455322,0.49296480417251587,-0.029996490105986595,0.43665605783462524,0.592172384262085,-0.01655072160065174,0.4825785160064697,0.6455687284469604,-0.03299269825220108,0.4687625467777252,0.6707848310470581,-0.033268317580223083,0.4526265263557434,0.6695567965507507,-0.03051690012216568,0.4253321886062622,0.6149404048919678,-0.027190102264285088,0.46495214104652405,0.6740868091583252,-0.04006605222821236,0.4487016797065735,0.688194215297699,-0.03272104263305664,0.4357738494873047,0.6792207956314087,-0.025897806510329247,0.4138646423816681,0.6453657746315002,-0.03821954131126404,0.4442150592803955,0.693275511264801,-0.04252559319138527,0.43066543340682983,0.705274760723114,-0.03472015634179115,0.41831591725349426,0.6950492858886719,-0.028276512399315834,X
0.6258434057235718,0.7196028828620911,-2.265401519707666e-07,0.5862377882003784,0.7009862661361694,0.005986175034195185,0.5555778741836548,0.6646724343299866,0.003366621444001794,0.535157322883606,0.6363452672958374,-0.002205414231866598,0.5203249454498291,0.6169689893722534,-0.007976744323968887,0.548725962638855,0.5793809294700623,-0.006484418176114559,0.5111679434776306,0.5330949425697327,-0.018966972827911377,0.4885774552822113,0.516855001449585,-0.025600669905543327,0.47360771894454956,0.5034080743789673,-0.0302006583660841,0.5613237619400024,0.5793566703796387,-0.016217414289712906,0.5118369460105896,0.6206017732620239,-0.028479287400841713,0.5167239904403687,0.6598514318466187,-0.02728099562227726,0.5296968221664429,0.6670686602592468,-0.026345349848270416,0.5722892880439758,0.6003909707069397,-0.026259470731019974,0.5281824469566345,0.6536459922790527,-0.0367569625377655,0.5334653258323669,0.6869785189628601,-0.02897084318101406,0.5434169173240662,0.6916681528091431,-0.02390214055776596,0.581964373588562,0.6302393674850464,-0.03639167919754982,0.5465154647827148,0.6716861128807068,-0.042832206934690475,0.5469010472297668,0.7007659673690796,-0.03730291500687599,0.5531008839607239,0.7120300531387329,-0.03277986869215965,X
0.36270710825920105,0.7161386609077454,-1.868853738429266e-09,0.3962183892726898,0.6844806671142578,0.0028736055828630924,0.42995792627334595,0.6500451564788818,-0.0028637598734349012,0.45530223846435547,0.6324269771575928,-0.011722696013748646,0.4740382730960846,0.6298712491989136,-0.020075643435120583,0.44589829444885254,0.5852460265159607,-0.0069701480679214,0.4780328869819641,0.5487069487571716,-0.019362326711416245,0.49768179655075073,0.5173727869987488,-0.026355216279625893,0.5117085576057434,0.49155813455581665,-0.031132930889725685,0.4359745383262634,0.5909594297409058,-0.017641425132751465,0.4838729500770569,0.6441093683242798,-0.034394778311252594,0.4699210524559021,0.6674601435661316,-0.03481268137693405,0.45331379771232605,0.6654191613197327,-0.03203233703970909,0.42455869913101196,0.6139797568321228,-0.02834869548678398,0.4657231867313385,0.6737362742424011,-0.041105058044195175,0.4496426582336426,0.6863734126091003,-0.033938612788915634,0.4368489682674408,0.6770516633987427,-0.027230748906731606,0.41298383474349976,0.6449346542358398,-0.039517272263765335,0.4442928433418274,0.694398820400238,-0.043581537902355194,0.4313860237598419,0.7057591080665588,-0.035832952708005905,0.4198048710823059,0.6962206363677979,-0.029435038566589355,X
0.6271793842315674,0.7202512621879578,-2.425768741431966e-07,0.5874974727630615,0.6986942887306213,0.008482472039759159,0.5567433834075928,0.6634653806686401,0.00696715759113431,0.5361262559890747,0.6377367377281189,0.0016401077155023813,0.5213890075683594,0.6203075647354126,-0.00405771704390645,0.5496293306350708,0.5792266130447388,-0.002231258898973465,0.5128422975540161,0.5325340628623962,-0.012803532183170319,0.4919866919517517,0.5146137475967407,-0.018141187727451324,0.47804397344589233,0.49977046251296997,-0.02214954048395157,0.56120365858078,0.5799662470817566,-0.012909235432744026,0.5123237371444702,0.6217998266220093,-0.024497922509908676,0.5183002352714539,0.6616283059120178,-0.023544717580080032,0.5320180058479309,0.6696497201919556,-0.02272440679371357,0.5715463757514954,0.6010881662368774,-0.02372044138610363,0.5284311175346375,0.6540328860282898,-0.03397386521100998,0.5346322655677795,0.687422513961792,-0.02715652994811535,0.5453862547874451,0.6930404305458069,-0.02259303815662861,0.5806171298027039,0.6304416656494141,-0.03434642776846886,0.5457400679588318,0.669952392578125,-0.040802963078022,0.5451711416244507,0.7000818252563477,-0.03609948605298996,0.550510823726654,0.7132755517959595,-0.03215369954705238,X
0.36441677808761597,0.715396523475647,-4.213092985594358e-09,0.39744168519973755,0.6848099827766418,0.002767853206023574,0.43174466490745544,0.650901198387146,-0.002670442685484886,0.4590764343738556,0.6371005177497864,-0.011202673427760601,0.47847115993499756,0.6377010941505432,-0.019278865307569504,0.4466080665588379,0.5852270126342773,-0.006049369461834431,0.4779018759727478,0.5480743050575256,-0.017668623477220535,0.4973381757736206,0.5178322196006775,-0.024360310286283493,0.5115866661071777,0.493111789226532,-0.02906922996044159,0.4370355010032654,0.5916169881820679,-0.01639583334326744,0.4818131625652313,0.644375205039978,-0.0324658639729023,0.46814173460006714,0.6680694222450256,-0.03328649699687958,0.45274120569229126,0.6661635041236877,-0.031006790697574615,0.4255944788455963,0.6149794459342957,-0.026731127873063087,0.4638548493385315,0.6740908026695251,-0.03917112573981285,0.44811105728149414,0.687641441822052,-0.03235713392496109,0.43626752495765686,0.6786995530128479,-0.025904174894094467,0.41374948620796204,0.6451921463012695,-0.03750304877758026,0.44327154755592346,0.6930021643638611,-0.04129535332322121,0.43101319670677185,0.705014169216156,-0.03354896977543831,0.42028748989105225,0.696195662021637,-0.02715190127491951,X
0.6260815262794495,0.719170331954956,-2.2879130767705647e-07,0.5860459804534912,0.6966716051101685,0.008962787687778473,0.5554375648498535,0.6615259051322937,0.007565319538116455,0.5352708697319031,0.6364802718162537,0.0023728706873953342,0.5207715630531311,0.6183923482894897,-0.0032737916335463524,0.549437403678894,0.5790022611618042,-0.0021157788578420877,0.5134922862052917,0.5344943404197693,-0.012891032733023167,0.493882417678833,0.5162431597709656,-0.018681958317756653,0.48151883482933044,0.5004098415374756,-0.022979319095611572,0.5614936351776123,0.5803414583206177,-0.012927546165883541,0.5123116374015808,0.6193374395370483,-0.023928534239530563,0.5181825757026672,0.6571625471115112,-0.022908058017492294,0.5319216847419739,0.6638117432594299,-0.022360144183039665,0.5722594857215881,0.6016659140586853,-0.023843245580792427,0.5280673503875732,0.6510598659515381,-0.03358164802193642,0.5337444543838501,0.6830226182937622,-0.02643534168601036,0.5445618629455566,0.6883420944213867,-0.02192874066531658,0.5819109678268433,0.6313470005989075,-0.03453664481639862,0.5464736819267273,0.6681329011917114,-0.04102421924471855,0.5459793210029602,0.6973518133163452,-0.03614407777786255,0.5516658425331116,0.7107225060462952,-0.03218480199575424,X
0.36305543780326843,0.7123427391052246,-3.1490585694626816e-09,0.39432209730148315,0.6767402291297913,0.0035947163123637438,0.4285928010940552,0.6428301334381104,-0.0013520939974114299,0.4558238387107849,0.6307070255279541,-0.00953470729291439,0.47541892528533936,0.6313736438751221,-0.017364922910928726,0.4461537301540375,0.5831010937690735,-0.005528610665351152,0.4785352945327759,0.5486835241317749,-0.01671070232987404,0.4978649616241455,0.5190275311470032,-0.023024385794997215,0.5118394494056702,0.49451491236686707,-0.027557888999581337,0.43712833523750305,0.5914405584335327,-0.01617913693189621,0.48454368114471436,0.6431609988212585,-0.03171075880527496,0.4708898067474365,0.665108859539032,-0.03216654434800148,0.4552007019519806,0.6622655391693115,-0.02979825995862484,0.4263036251068115,0.6160826683044434,-0.026774568483233452,0.4664579927921295,0.6726769208908081,-0.03861508145928383,0.45071175694465637,0.6840294003486633,-0.031967371702194214,0.43842411041259766,0.6738793849945068,-0.02589712291955948,0.41519060730934143,0.6471893191337585,-0.03772732615470886,0.44478487968444824,0.6926693320274353,-0.04121602699160576,0.43226656317710876,0.7020077109336853,-0.03381326422095299,0.421111136674881,0.6911958456039429,-0.02787582203745842,X
0.6274822354316711,0.7186757922172546,-2.2320173798107135e-07,0.5870224833488464,0.6985213160514832,0.008072815835475922,0.5561853647232056,0.6628560423851013,0.005982249975204468,0.535465657711029,0.6366303563117981,0.0003193712036591023,0.5205367207527161,0.6189721822738647,-0.005745572037994862,0.5507810115814209,0.5792173743247986,-0.004174015950411558,0.5137837529182434,0.5343475341796875,-0.01491086557507515,0.4933466911315918,0.5150723457336426,-0.02050742879509926,0.4795716106891632,0.4980376362800598,-0.024838276207447052,0.5624971985816956,0.5802893042564392,-0.014694507233798504,0.5130125284194946,0.6214720606803894,-0.025972718372941017,0.5198192596435547,0.6574875712394714,-0.024735858663916588,0.5338454246520996,0.6622536182403564,-0.024069810286164284,0.5727207064628601,0.6019141674041748,-0.025248991325497627,0.5287439227104187,0.65276038646698,-0.035315852612257004,0.5352293252944946,0.6842432618141174,-0.027998801320791245,0.5461645126342773,0.688906192779541,-0.023383546620607376,0.5816552639007568,0.6320991516113281,-0.035648174583911896,0.5463964343070984,0.6683418154716492,-0.04252154380083084,0.5457175970077515,0.6981046795845032,-0.037729520350694656,0.5507766604423523,0.7128490805625916,-0.033817391842603683,X
0.3644804060459137,0.7125329375267029,4.966307809439741e-09,0.3977496325969696,0.6798386573791504,0.0041043637320399284,0.4323466718196869,0.6457681059837341,-0.0011571446666494012,0.45916488766670227,0.6312992572784424,-0.009706368669867516,0.4770715832710266,0.6295839548110962,-0.017829781398177147,0.447257936000824,0.5843153595924377,-0.006183549761772156,0.4791470468044281,0.5473977327346802,-0.018266230821609497,0.4994666576385498,0.5168242454528809,-0.02498749829828739,0.5136475563049316,0.49203652143478394,-0.029542438685894012,0.4382965862751007,0.5904779434204102,-0.017147280275821686,0.48552411794662476,0.6437525153160095,-0.033286407589912415,0.47311529517173767,0.669521152973175,-0.033378615975379944,0.4574177861213684,0.6697273254394531,-0.03043515421450138,0.4272301197052002,0.6138498783111572,-0.028027253225445747,0.46665191650390625,0.6732723712921143,-0.040290456265211105,0.4512227475643158,0.6866217851638794,-0.0332934707403183,0.4388662874698639,0.6776576638221741,-0.026748325675725937,0.41594183444976807,0.6447479128837585,-0.039220549166202545,0.4448515474796295,0.6942983269691467,-0.04286542907357216,0.43233463168144226,0.7044922113418579,-0.03540002927184105,0.42110729217529297,0.6931626200675964,-0.029307100921869278,X
0.6268504858016968,0.7210692763328552,-2.4092446437862236e-07,0.5877273082733154,0.6983869671821594,0.008839823305606842,0.557198703289032,0.6624172925949097,0.007626346778124571,0.5358275771141052,0.6367223262786865,0.0026673153042793274,0.5211495757102966,0.6194226741790771,-0.0027876622043550014,0.5512192249298096,0.5793787837028503,-0.0018090074881911278,0.5148431062698364,0.5358474850654602,-0.011561138555407524,0.49580293893814087,0.5150589942932129,-0.0166219063103199,0.4830150604248047,0.49553385376930237,-0.020737286657094955,0.5632354617118835,0.5801975727081299,-0.012553855776786804,0.5146595239639282,0.6235455870628357,-0.023714298382401466,0.5219447612762451,0.6590814590454102,-0.022992242127656937,0.5359361171722412,0.6644921898841858,-0.022482480853796005,0.5736708045005798,0.6014652848243713,-0.023247960954904556,0.5304483771324158,0.6545191407203674,-0.03314852714538574,0.538404107093811,0.6847339868545532,-0.026299623772501945,0.5496786236763,0.6883304119110107,-0.021816959604620934,0.5827178359031677,0.631187915802002,-0.03369344025850296,0.5472964644432068,0.6719152927398682,-0.04015401005744934,0.5485602617263794,0.7007361054420471,-0.035307738929986954,0.5547295808792114,0.7127918601036072,-0.03125688433647156,X
0.36533141136169434,0.7162563800811768,-4.3389150050643366e-09,0.39780914783477783,0.6848946213722229,0.0035517746582627296,0.43235835433006287,0.6494796276092529,-0.0013617007061839104,0.4585656225681305,0.6332140564918518,-0.009494330734014511,0.47679153084754944,0.6307705640792847,-0.01706804893910885,0.44791001081466675,0.5836926698684692,-0.00516911456361413,0.48002028465270996,0.5482085347175598,-0.016455726698040962,0.4993847608566284,0.5178729295730591,-0.022658465430140495,0.5134583711624146,0.49320703744888306,-0.027075111865997314,0.43849891424179077,0.5909507274627686,-0.01598409004509449,0.48644545674324036,0.6425310969352722,-0.031735971570014954,0.473092645406723,0.6651478409767151,-0.031999021768569946,0.45751073956489563,0.6630920767784119,-0.029357654973864555,0.4275157153606415,0.6151006817817688,-0.026820173487067223,0.4686778783798218,0.6720740795135498,-0.03872968629002571,0.45287710428237915,0.6838720440864563,-0.031889237463474274,0.44058382511138916,0.6740596294403076,-0.025706905871629715,0.4162510335445404,0.6463829278945923,-0.038054417818784714,0.4464775323867798,0.6934178471565247,-0.04180833324790001,0.43317297101020813,0.7030289769172668,-0.03457632288336754,0.4214429259300232,0.6917657852172852,-0.028783394023776054,X
0.6291889548301697,0.7209476232528687,-2.2987951808772777e-07,0.5897936224937439,0.6969151496887207,0.009391375817358494,0.5588435530662537,0.6600298285484314,0.008231431245803833,0.5376256704330444,0.633891224861145,0.0032135378569364548,0.5221472382545471,0.6158244013786316,-0.0024435012601315975,0.5529681444168091,0.5793689489364624,-0.0017951336922124028,0.516292929649353,0.5347505211830139,-0.012157044373452663,0.49613043665885925,0.5135985016822815,-0.01779528707265854,0.48250266909599304,0.4951213598251343,-0.022120743989944458,0.5640491247177124,0.5806212425231934,-0.012796075083315372,0.5125890374183655,0.6191033720970154,-0.02364584058523178,0.5184659361839294,0.6571401953697205,-0.022217335179448128,0.5319785475730896,0.6658605337142944,-0.02121090143918991,0.573582112789154,0.6017194390296936,-0.02379589155316353,0.5293427109718323,0.6536383628845215,-0.03263654187321663,0.5363315939903259,0.6857414245605469,-0.025018982589244843,0.5470669865608215,0.6919962763786316,-0.020365139469504356,0.5820758938789368,0.6311567425727844,-0.03464661166071892,0.5470107197761536,0.6720481514930725,-0.04019473120570183,0.5479011535644531,0.7008988857269287,-0.03501265123486519,0.5535681843757629,0.7133640050888062,-0.03099331259727478,X
0.3660813570022583,0.7117264866828918,9.73056302200348e-09,0.4002572298049927,0.6802806854248047,0.004068528302013874,0.43429529666900635,0.6472185850143433,-0.0012205681996420026,0.4603818655014038,0.6337445378303528,-0.009907601401209831,0.47915443778038025,0.6328839659690857,-0.01820087432861328,0.44904962182044983,0.5827735662460327,-0.006067513953894377,0.4810287058353424,0.5469670295715332,-0.017403356730937958,0.5011717081069946,0.5169113874435425,-0.023675715550780296,0.5152050852775574,0.49227744340896606,-0.028037860989570618,0.4391379952430725,0.5906149744987488,-0.017236392945051193,0.4869920313358307,0.6445436477661133,-0.03268870338797569,0.47434261441230774,0.6679092645645142,-0.03291219845414162,0.4588892161846161,0.6657038927078247,-0.030379801988601685,0.4274306893348694,0.6147725582122803,-0.02823517844080925,0.4681764245033264,0.6731371879577637,-0.039926983416080475,0.45271292328834534,0.6851473450660706,-0.032626923173666,0.4402961730957031,0.6753882765769958,-0.02613377384841442,0.4153231978416443,0.6455875635147095,-0.03957343474030495,0.4464476406574249,0.692004919052124,-0.042855191975831985,0.4344862103462219,0.7019794583320618,-0.03469351306557655,0.4231523275375366,0.6915578246116638,-0.028233157470822334,X
0.6276136636734009,0.7220643758773804,-2.2746323224964726e-07,0.5910927653312683,0.6961674690246582,0.007476684171706438,0.5610604882240295,0.6593532562255859,0.005975246429443359,0.5406443476676941,0.6333798766136169,0.001024389872327447,0.5251255035400391,0.6167494058609009,-0.0043465388007462025,0.5526583194732666,0.5803005695343018,-0.0035299768205732107,0.5153906941413879,0.5344271063804626,-0.014928155578672886,0.4945034980773926,0.5145837068557739,-0.02123849280178547,0.4805576205253601,0.497742235660553,-0.02588355354964733,0.5641010403633118,0.5814245939254761,-0.013663703575730324,0.515342652797699,0.6203705072402954,-0.025454560294747353,0.5207750201225281,0.659135639667511,-0.024768447503447533,0.534071147441864,0.6678225994110107,-0.024234145879745483,0.573952317237854,0.6028590798377991,-0.024052131921052933,0.531035840511322,0.653444766998291,-0.03444695100188255,0.5365557074546814,0.6869823932647705,-0.027824370190501213,0.5467645525932312,0.6943401098251343,-0.023468321189284325,0.5828395485877991,0.6326731443405151,-0.03433999791741371,0.5483489632606506,0.671425461769104,-0.04114270210266113,0.5479392409324646,0.7010419964790344,-0.03666556999087334,0.5531371831893921,0.714745283126831,-0.03291573002934456,X
0.3644282817840576,0.7159141302108765,-5.103542921602866e-09,0.3971475064754486,0.682518482208252,0.003900743555277586,0.43148186802864075,0.6473946571350098,-0.0011705388315021992,0.4580691456794739,0.6322013139724731,-0.009614395909011364,0.4768863022327423,0.6304821968078613,-0.017577465623617172,0.4483058750629425,0.5855066776275635,-0.005369902588427067,0.4807954430580139,0.5498111844062805,-0.0170530267059803,0.5005903840065002,0.5187190175056458,-0.023597441613674164,0.5149654150009155,0.49322840571403503,-0.028172779828310013,0.4395681321620941,0.5921990871429443,-0.016409175470471382,0.487089604139328,0.6455824971199036,-0.0321076437830925,0.4727361798286438,0.6670441031455994,-0.03197896480560303,0.4565017819404602,0.6635953783988953,-0.02908240258693695,0.42848584055900574,0.6157589554786682,-0.027456942945718765,0.46872764825820923,0.6735392212867737,-0.039307866245508194,0.452303022146225,0.6849724054336548,-0.03181915357708931,0.4397682547569275,0.6750165224075317,-0.025233358144760132,0.4167264997959137,0.6465542912483215,-0.038923222571611404,0.44686654210090637,0.6942896246910095,-0.04240941256284714,0.4333515167236328,0.7037720084190369,-0.034497685730457306,0.4213533401489258,0.6928032636642456,-0.02823980152606964,X
0.6285294890403748,0.7199707627296448,-2.4541429866076214e-07,0.5925482511520386,0.6935226917266846,0.009459098801016808,0.5617333650588989,0.6562939286231995,0.00858162622898817,0.5402730703353882,0.6298422813415527,0.004016418009996414,0.5255786180496216,0.6120061278343201,-0.001050686463713646,0.5528932809829712,0.578468382358551,-0.002369849942624569,0.5156376361846924,0.534105122089386,-0.01294589601457119,0.4945129454135895,0.517132043838501,-0.018367774784564972,0.48059752583503723,0.5025352239608765,-0.022451061755418777,0.5639506578445435,0.5806353688240051,-0.013167370110750198,0.5134609937667847,0.6199349761009216,-0.02370472066104412,0.5210281610488892,0.6556124091148376,-0.02171320654451847,0.5351460576057434,0.660225510597229,-0.020533788949251175,0.5733475089073181,0.6026111841201782,-0.023977652192115784,0.529220461845398,0.6542951464653015,-0.03263148292899132,0.5370521545410156,0.6838734149932861,-0.024500539526343346,0.5482479929924011,0.6865965723991394,-0.01967662200331688,0.5818416476249695,0.6327899098396301,-0.034603387117385864,0.5461757183074951,0.6733567118644714,-0.04010448977351189,0.5478722453117371,0.7006818056106567,-0.03463684022426605,0.5543811917304993,0.7112501263618469,-0.03051411360502243,X
0.3653932213783264,0.7116467356681824,7.899862097815458e-09,0.39858803153038025,0.6791988611221313,0.003758324310183525,0.431994765996933,0.6457850933074951,-0.0017325117951259017,0.45767489075660706,0.6316929459571838,-0.010495541617274284,0.47619232535362244,0.6299283504486084,-0.01890929974615574,0.44793814420700073,0.5835555791854858,-0.007177610415965319,0.4805060923099518,0.5473576784133911,-0.01915748603641987,0.5003020763397217,0.5172526836395264,-0.025835150852799416,0.5145655274391174,0.49219778180122375,-0.030425285920500755,0.43794336915016174,0.5914729833602905,-0.018385356292128563,0.48758068680763245,0.6434293985366821,-0.03512860834598541,0.47404009103775024,0.6669504642486572,-0.03563183918595314,0.4574809968471527,0.6653088331222534,-0.032899484038352966,0.42629843950271606,0.6154282093048096,-0.02941603772342205,0.46799877285957336,0.6724420785903931,-0.04221681132912636,0.4515632390975952,0.6844570636749268,-0.03511151298880577,0.4386419355869293,0.6747961640357971,-0.028360996395349503,0.414345920085907,0.6458108425140381,-0.04074470326304436,0.44647693634033203,0.6910427808761597,-0.04470587894320488,0.4334115982055664,0.701160728931427,-0.03659399598836899,0.4212871491909027,0.691064178943634,-0.029979826882481575,X
0.6285915374755859,0.7189904451370239,-2.315780704975623e-07,0.5919841527938843,0.6929630041122437,0.008619237691164017,0.561951756477356,0.655285120010376,0.007261365652084351,0.5406824946403503,0.6291816830635071,0.0022686945740133524,0.5258411169052124,0.611413300037384,-0.003118895459920168,0.5531559586524963,0.5790806412696838,-0.0027437054086476564,0.5155010223388672,0.5352630615234375,-0.012727689929306507,0.49601638317108154,0.515873372554779,-0.01746746525168419,0.48334234952926636,0.49712276458740234,-0.02120780199766159,0.5637673139572144,0.5802465677261353,-0.013335168361663818,0.5149717926979065,0.6232798099517822,-0.024287857115268707,0.5222700238227844,0.6592934727668762,-0.022795317694544792,0.536285936832428,0.6645385026931763,-0.021850811317563057,0.5732398629188538,0.6016528010368347,-0.023945260792970657,0.5310313701629639,0.6564502120018005,-0.033238671720027924,0.5388691425323486,0.687102198600769,-0.0259233545511961,0.5498549342155457,0.6903097033500671,-0.02145804837346077,0.5818195343017578,0.6312963962554932,-0.03440801799297333,0.5480899214744568,0.6723073124885559,-0.040368035435676575,0.5495044589042664,0.7004952430725098,-0.035571224987506866,0.5552448630332947,0.7117184400558472,-0.03182906657457352,X
0.36656254529953003,0.7113237380981445,8.884631697014811e-09,0.40038004517555237,0.679221510887146,0.003065389348194003,0.4343162477016449,0.6444997191429138,-0.002588285831734538,0.4603774845600128,0.6287616491317749,-0.011432123370468616,0.47821903228759766,0.6255742311477661,-0.019824976101517677,0.44874319434165955,0.5816152095794678,-0.00677494378760457,0.4807555079460144,0.5458865165710449,-0.018844742327928543,0.5009535551071167,0.5159391164779663,-0.025692204013466835,0.5151188373565674,0.4910864233970642,-0.03048393689095974,0.43867871165275574,0.5893126726150513,-0.017592228949069977,0.48530930280685425,0.6419458985328674,-0.03388243913650513,0.4721684455871582,0.6647716164588928,-0.03435957059264183,0.45649468898773193,0.6616925001144409,-0.03194670006632805,0.4268456697463989,0.6137245893478394,-0.028400016948580742,0.4672388434410095,0.6710825562477112,-0.04102572426199913,0.4518572688102722,0.6826529502868652,-0.03399905562400818,0.43930456042289734,0.6719558238983154,-0.027590665966272354,0.41461580991744995,0.6450515389442444,-0.03961249813437462,0.4450705647468567,0.6920043230056763,-0.04400051012635231,0.43273141980171204,0.7014310956001282,-0.03657658025622368,0.42125198245048523,0.6896597743034363,-0.030517444014549255,X
0.6292098760604858,0.7191394567489624,-2.242811092401098e-07,0.5894514322280884,0.6974779367446899,0.009072412736713886,0.5592754483222961,0.6623296141624451,0.007534291595220566,0.5387049913406372,0.6365219354629517,0.002049945993348956,0.5244103670120239,0.61866694688797,-0.003930175676941872,0.5519449710845947,0.5789617896080017,-0.0011881149839609861,0.517169177532196,0.5355509519577026,-0.011232150718569756,0.5007524490356445,0.5135660767555237,-0.016669780015945435,0.4908204674720764,0.493238627910614,-0.020833291113376617,0.5633971691131592,0.5797468423843384,-0.012016150169074535,0.5157293677330017,0.6225749850273132,-0.022726306691765785,0.5223944187164307,0.6587551236152649,-0.021967239677906036,0.5360761880874634,0.6654238700866699,-0.02147027663886547,0.5736901164054871,0.6008445620536804,-0.02286401577293873,0.5310271978378296,0.6541879177093506,-0.03205724433064461,0.5378805994987488,0.6850023865699768,-0.025256317108869553,0.548740804195404,0.6896655559539795,-0.02096349187195301,0.58268141746521,0.6303190588951111,-0.033525604754686356,0.5480099320411682,0.6712220907211304,-0.03950439766049385,0.54859459400177,0.700518012046814,-0.03473209589719772,0.5543376207351685,0.71329665184021,-0.03076755255460739,X
0.3657069802284241,0.71089106798172,3.7248861772809505e-09,0.39960265159606934,0.6805117130279541,0.003709471086040139,0.43384915590286255,0.6468935608863831,-0.0015566064976155758,0.4600047469139099,0.6321383714675903,-0.010066271759569645,0.47847554087638855,0.6325701475143433,-0.018241213634610176,0.4490223526954651,0.5818913578987122,-0.006433058995753527,0.48091787099838257,0.5459311008453369,-0.018199849873781204,0.5008384585380554,0.5162239670753479,-0.0250832699239254,0.5151097774505615,0.4919312000274658,-0.029874319210648537,0.43931612372398376,0.5886535048484802,-0.017383860424160957,0.48604896664619446,0.6437214612960815,-0.033336520195007324,0.4728368818759918,0.667728066444397,-0.033923134207725525,0.4569137394428253,0.6657591462135315,-0.03154892474412918,0.42731142044067383,0.6126545667648315,-0.02816530503332615,0.4667803943157196,0.6717665791511536,-0.04047733172774315,0.4504140317440033,0.6839624643325806,-0.033543288707733154,0.43764379620552063,0.6741297841072083,-0.027092760428786278,0.4145280122756958,0.6432421207427979,-0.03926704451441765,0.44468820095062256,0.6905368566513062,-0.043063174933195114,0.4322737753391266,0.7012969851493835,-0.03506810963153839,0.4207721948623657,0.6919773817062378,-0.028547316789627075,X
0.6280279159545898,0.7200448513031006,-2.412597268630634e-07,0.5893835425376892,0.6968845129013062,0.007986392825841904,0.5593502521514893,0.6603888869285583,0.006455059628933668,0.5389383435249329,0.6343024373054504,0.0012879776768386364,0.5244720578193665,0.6166565418243408,-0.00425072992220521,0.5518242120742798,0.5775871872901917,-0.0027130222879350185,0.5157150030136108,0.5324296951293945,-0.013877944089472294,0.4945787489414215,0.5122134685516357,-0.020239874720573425,0.4797739088535309,0.4949410557746887,-0.02511644922196865,0.5633423924446106,0.5786665081977844,-0.013299387879669666,0.5146690607070923,0.6225656867027283,-0.025279778987169266,0.5217194557189941,0.6602710485458374,-0.02466069906949997,0.5357756018638611,0.6669728755950928,-0.024076199159026146,0.5735219717025757,0.6000261902809143,-0.024059293791651726,0.5308694839477539,0.6558888554573059,-0.03415553644299507,0.5388230681419373,0.6872640252113342,-0.027065958827733994,0.5501621961593628,0.6907188296318054,-0.02245444618165493,0.5828855037689209,0.6293409466743469,-0.03480985015630722,0.5484683513641357,0.6708385944366455,-0.041301120072603226,0.5486711263656616,0.7002969980239868,-0.03641379997134209,0.5539243221282959,0.7123833298683167,-0.0323733352124691,X
0.3654523491859436,0.7103891372680664,-1.2666349080703299e-09,0.39929383993148804,0.6812865138053894,0.003378625027835369,0.4338468015193939,0.6485316157341003,-0.0019120851065963507,0.46072298288345337,0.6352758407592773,-0.010494837537407875,0.4801676869392395,0.6347599029541016,-0.01866820827126503,0.44902458786964417,0.5824040174484253,-0.005751162301748991,0.4812736511230469,0.5467013716697693,-0.01748553290963173,0.5010916590690613,0.516514003276825,-0.024219902232289314,0.5151463150978088,0.4915965795516968,-0.02890104241669178,0.4394051432609558,0.5891262888908386,-0.016434667631983757,0.48592424392700195,0.6419299840927124,-0.032460156828165054,0.4727969169616699,0.6651707291603088,-0.033191878348588943,0.4574761688709259,0.6630688905715942,-0.030853265896439552,0.4282318949699402,0.6126290559768677,-0.02709070034325123,0.4677099585533142,0.6715129017829895,-0.03908204659819603,0.45162421464920044,0.6831361651420593,-0.03222434222698212,0.43959134817123413,0.6728779673576355,-0.025908391922712326,0.4167296290397644,0.6428320407867432,-0.03817722946405411,0.4462064802646637,0.6906039714813232,-0.0414540059864521,0.4336821138858795,0.7003158330917358,-0.03371414914727211,0.422953724861145,0.6898937225341797,-0.027513116598129272,X
0.6302710771560669,0.7176817655563354,-2.380175487814995e-07,0.5927427411079407,0.6930097341537476,0.008855793625116348,0.5621489882469177,0.6574000716209412,0.007489028386771679,0.5410982966423035,0.6323977112770081,0.0023859881330281496,0.5259860754013062,0.6153030395507812,-0.0032407057005912066,0.5533657670021057,0.5777726769447327,-0.002858709776774049,0.5171422362327576,0.5300441980361938,-0.01357092335820198,0.4950200915336609,0.5108872056007385,-0.019439399242401123,0.4795105755329132,0.4953705668449402,-0.023987682536244392,0.5649584531784058,0.579888641834259,-0.013572366908192635,0.5155278444290161,0.6223668456077576,-0.02490941993892193,0.5217865705490112,0.6601642966270447,-0.023666687309741974,0.5355532169342041,0.666627049446106,-0.022916924208402634,0.575095534324646,0.6021232008934021,-0.024263296276330948,0.5315532088279724,0.6546172499656677,-0.033649470657110214,0.5383866429328918,0.6860014200210571,-0.02581215277314186,0.5494176745414734,0.6904250383377075,-0.020972808822989464,0.5842064023017883,0.6320265531539917,-0.03480678051710129,0.54897141456604,0.6716609597206116,-0.040963008999824524,0.5494068264961243,0.7010149955749512,-0.035536229610443115,0.55551677942276,0.7133897542953491,-0.031174734234809875,X
0.3656165599822998,0.7108439207077026,8.058320677406527e-11,0.39886388182640076,0.6792010068893433,0.005082326475530863,0.4331083297729492,0.6462005376815796,0.00028849358204752207,0.4596118628978729,0.6330836415290833,-0.008144326508045197,0.47825080156326294,0.6313378214836121,-0.016128001734614372,0.4503665268421173,0.581760823726654,-0.004630622919648886,0.4822973906993866,0.5466012954711914,-0.015810223296284676,0.5018873810768127,0.5159873962402344,-0.022112028673291206,0.5155459046363831,0.49021440744400024,-0.026667868718504906,0.44046470522880554,0.5878875255584717,-0.01629798673093319,0.4886917471885681,0.6415848731994629,-0.031906988471746445,0.475696861743927,0.6649231314659119,-0.03208330646157265,0.45930930972099304,0.662466287612915,-0.02947739139199257,0.4286322593688965,0.6111249923706055,-0.02782386913895607,0.4694013297557831,0.6696915030479431,-0.039327677339315414,0.4539908170700073,0.6814168691635132,-0.03220801800489426,0.4410926401615143,0.6708155274391174,-0.025992896407842636,0.41628727316856384,0.6413636803627014,-0.03965220972895622,0.4463300108909607,0.6901503205299377,-0.04300760477781296,0.4341578185558319,0.699046790599823,-0.035523902624845505,0.4226512014865875,0.6868190765380859,-0.029668590053915977,X
0.628678023815155,0.7181381583213806,-2.2430396029449184e-07,0.5894591808319092,0.6953911185264587,0.008474457077682018,0.558863639831543,0.6596673130989075,0.007381898816674948,0.5387720465660095,0.6339681148529053,0.002660138998180628,0.523766040802002,0.6170744895935059,-0.0026377036701887846,0.5523866415023804,0.5785108208656311,-0.0026599785778671503,0.5176261067390442,0.5326293110847473,-0.013128804042935371,0.49814343452453613,0.5101561546325684,-0.01906161941587925,0.4846912622451782,0.49048739671707153,-0.0236654095351696,0.564545750617981,0.579572856426239,-0.013265748508274555,0.5170522332191467,0.6205543875694275,-0.02435760572552681,0.5219391584396362,0.6591367721557617,-0.02380174770951271,0.5346941351890564,0.6679804921150208,-0.023484954610466957,0.5753481984138489,0.6009485125541687,-0.0238775797188282,0.5326285362243652,0.6520593762397766,-0.03364471346139908,0.5377176403999329,0.6845693588256836,-0.02697852812707424,0.5477157235145569,0.6914751529693604,-0.02268255315721035,0.5849625468254089,0.6305485367774963,-0.034309715032577515,0.5500137209892273,0.6695932745933533,-0.04073280468583107,0.5497080683708191,0.6990676522254944,-0.03582533448934555,0.5553560256958008,0.7126274108886719,-0.03172379359602928,X
0.36665862798690796,0.7142074704170227,1.7650842565331004e-08,0.4013529419898987,0.6837586164474487,0.0032108176965266466,0.43501797318458557,0.6492791771888733,-0.0024320529773831367,0.4612194001674652,0.6320014595985413,-0.011237464845180511,0.480417937040329,0.6300541162490845,-0.019516397267580032,0.45038050413131714,0.5825827121734619,-0.006732118781656027,0.48182547092437744,0.5464377403259277,-0.019143391400575638,0.501867949962616,0.5153279304504395,-0.026542318984866142,0.5160308480262756,0.4893961548805237,-0.03167162090539932,0.4406839609146118,0.5884720683097839,-0.01734238862991333,0.4887787401676178,0.6432843208312988,-0.03343925625085831,0.47686800360679626,0.6678596138954163,-0.03363878279924393,0.46106064319610596,0.6671985983848572,-0.031015731394290924,0.42901062965393066,0.6113820672035217,-0.027978356927633286,0.4691934585571289,0.6709303855895996,-0.04019640386104584,0.4539727568626404,0.6837623119354248,-0.032787151634693146,0.4411928355693817,0.6751574277877808,-0.026117514818906784,0.4169701933860779,0.6418336629867554,-0.03909044712781906,0.4473138749599457,0.6909888386726379,-0.04278416559100151,0.43465134501457214,0.7016274333000183,-0.03491898626089096,0.4228035509586334,0.6910379528999329,-0.02860514633357525,X
0.6290026307106018,0.7193396091461182,-2.308346296331365e-07,0.5912603735923767,0.6938289403915405,0.0084748025983572,0.5611842274665833,0.6568782329559326,0.00726420059800148,0.5406055450439453,0.6313961744308472,0.0024697293993085623,0.5251265168190002,0.6144395470619202,-0.0029279005248099566,0.5552039742469788,0.5790549516677856,-0.003409583354368806,0.5186324715614319,0.5339342951774597,-0.014306769706308842,0.498399555683136,0.5112980008125305,-0.02009236067533493,0.48437756299972534,0.4909876585006714,-0.0245074313133955,0.5668195486068726,0.5805094242095947,-0.01383239310234785,0.5166536569595337,0.6230060458183289,-0.025658227503299713,0.5217384696006775,0.6623908877372742,-0.02474101632833481,0.5347509384155273,0.6721400022506714,-0.024025987833738327,0.5767729878425598,0.6021989583969116,-0.024260681122541428,0.5322324633598328,0.6538216471672058,-0.03482918441295624,0.5379028916358948,0.687894344329834,-0.027890637516975403,0.5482308864593506,0.6967020034790039,-0.023162413388490677,0.5857933759689331,0.6319066286087036,-0.034447334706783295,0.5502695441246033,0.6698732972145081,-0.04170581325888634,0.5493128299713135,0.7001916170120239,-0.03725386783480644,0.5539856553077698,0.71540766954422,-0.03333690017461777,X
0.3688371777534485,0.7100087404251099,8.376510152174887e-09,0.40322715044021606,0.6815458536148071,0.0028969610575586557,0.4370139539241791,0.6495130062103271,-0.002682542195543647,0.463113933801651,0.6348275542259216,-0.011448139324784279,0.4812491834163666,0.632561445236206,-0.019821831956505775,0.45068874955177307,0.583605170249939,-0.006723312195390463,0.48289769887924194,0.5474580526351929,-0.018628202378749847,0.5027735233306885,0.5174697041511536,-0.025218786671757698,0.5169154405593872,0.49249300360679626,-0.029714573174715042,0.44075512886047363,0.590974748134613,-0.01731523871421814,0.4882502853870392,0.6430348753929138,-0.03392653167247772,0.4751637578010559,0.6678591370582581,-0.034471798688173294,0.45927107334136963,0.6673254370689392,-0.03171150013804436,0.42922544479370117,0.6150025129318237,-0.027869928628206253,0.4693281352519989,0.6734015345573425,-0.0406804233789444,0.45321938395500183,0.6865965723991394,-0.033694569021463394,0.44046932458877563,0.6778124570846558,-0.02696332149207592,0.41745859384536743,0.6457791924476624,-0.038829255849123,0.44745126366615295,0.693271815776825,-0.04295044764876366,0.4341329336166382,0.7039812803268433,-0.035305995494127274,0.4221341609954834,0.693830132484436,-0.028961380943655968,X
0.632553219795227,0.7231229543685913,-2.3407601190683636e-07,0.5949153304100037,0.6974042654037476,0.00896492414176464,0.5638734102249146,0.6597825288772583,0.008149494417011738,0.5421214699745178,0.633152186870575,0.0035413766745477915,0.5269191265106201,0.6152135133743286,-0.0015868429327383637,0.5549642443656921,0.5812782645225525,-0.001515843439847231,0.5177177786827087,0.5361077189445496,-0.011096245609223843,0.4984075427055359,0.5147752165794373,-0.016048630699515343,0.4853370189666748,0.49453556537628174,-0.02013053372502327,0.5666718482971191,0.5829862952232361,-0.012428349815309048,0.5177529454231262,0.6235681176185608,-0.023363204672932625,0.5246352553367615,0.6611537933349609,-0.022275511175394058,0.5386984944343567,0.6680617332458496,-0.021580515429377556,0.5770081281661987,0.6051343083381653,-0.023362671956419945,0.5336231589317322,0.6556201577186584,-0.033043086528778076,0.5401453971862793,0.6881998181343079,-0.02601655013859272,0.5510392189025879,0.6942459344863892,-0.02152714878320694,0.586285412311554,0.6358710527420044,-0.03408228978514671,0.5508943796157837,0.6720308661460876,-0.04050401970744133,0.551454484462738,0.7010592818260193,-0.03570197895169258,0.5577649474143982,0.7145450711250305,-0.03178590163588524,X
0.36824363470077515,0.7174425721168518,6.796964324706778e-09,0.40314316749572754,0.6880704164505005,0.004370605107396841,0.4372057020664215,0.6542956829071045,-0.00045773558667860925,0.46270716190338135,0.6375396847724915,-0.008711682632565498,0.480624258518219,0.6328895092010498,-0.016507193446159363,0.4525793492794037,0.5845887064933777,-0.004698511678725481,0.4837400019168854,0.5499328374862671,-0.01604786515235901,0.5034211277961731,0.5194132328033447,-0.02261541411280632,0.5171606540679932,0.49422305822372437,-0.027295222505927086,0.4418042302131653,0.5908746719360352,-0.015868864953517914,0.4901018440723419,0.6462300419807434,-0.03184757009148598,0.47761714458465576,0.6707497239112854,-0.03230464458465576,0.4614238739013672,0.6696199178695679,-0.02971077337861061,0.42953240871429443,0.6142502427101135,-0.02699684165418148,0.4702581763267517,0.6745697259902954,-0.03909754008054733,0.4549803137779236,0.6868806481361389,-0.032414212822914124,0.44222965836524963,0.6768403053283691,-0.02622368186712265,0.4169701337814331,0.6448135375976562,-0.038437847048044205,0.4471546709537506,0.6943257451057434,-0.042337723076343536,0.43479931354522705,0.7045220136642456,-0.0351768359541893,0.42330896854400635,0.6927509903907776,-0.029353903606534004,X
0.6317974328994751,0.7200635671615601,-2.2703029856074863e-07,0.5935534834861755,0.6978397369384766,0.007386711426079273,0.5619824528694153,0.6620413064956665,0.005701384507119656,0.5404058694839478,0.6354458928108215,0.0006133791757747531,0.5247434377670288,0.6184023022651672,-0.004821808077394962,0.554367184638977,0.580963134765625,-0.0037756937090307474,0.5166751742362976,0.5366663932800293,-0.01532922126352787,0.49585098028182983,0.5153740048408508,-0.021815264597535133,0.48142802715301514,0.49677443504333496,-0.026757417246699333,0.5661672949790955,0.5814241766929626,-0.014040605165064335,0.5160473585128784,0.6237372159957886,-0.02651969902217388,0.5236030220985413,0.6603795886039734,-0.02565978281199932,0.537986159324646,0.6656116843223572,-0.024771593511104584,0.5765825510025024,0.6026259064674377,-0.024515362456440926,0.532963752746582,0.6551703810691833,-0.035232413560152054,0.5402687191963196,0.686230480670929,-0.027907412499189377,0.5512813925743103,0.6903778910636902,-0.022942503914237022,0.5861042737960815,0.6325382590293884,-0.0349637009203434,0.5511195063591003,0.6720892190933228,-0.04241332784295082,0.5510397553443909,0.7010444402694702,-0.03784846514463425,0.5560290813446045,0.7136561274528503,-0.03383326157927513,X
0.3676823377609253,0.7137773633003235,4.261603292476934e-10,0.40019965171813965,0.6815473437309265,0.0031263544224202633,0.434032142162323,0.6474742889404297,-0.0021940250881016254,0.46005040407180786,0.6334540247917175,-0.010627852752804756,0.4778570830821991,0.6341364979743958,-0.0184783972799778,0.4507181644439697,0.5833246111869812,-0.006254402454942465,0.483268141746521,0.5475396513938904,-0.01783374883234501,0.5033048391342163,0.5174065232276917,-0.024516036733984947,0.5178525447845459,0.4933144450187683,-0.02922896295785904,0.4416142404079437,0.5911244750022888,-0.01674417406320572,0.486767053604126,0.6460326910018921,-0.03248446434736252,0.47299516201019287,0.6660560965538025,-0.03288254141807556,0.4576273262500763,0.6625708341598511,-0.030499612912535667,0.43040141463279724,0.6158496737480164,-0.027204032987356186,0.4685845971107483,0.6748066544532776,-0.03867178410291672,0.4530566930770874,0.6846439838409424,-0.03161942586302757,0.44141262769699097,0.6744371652603149,-0.025441788136959076,0.4185784161090851,0.6471007466316223,-0.03817111626267433,0.4469793140888214,0.6941826939582825,-0.041252005845308304,0.43438416719436646,0.7021157741546631,-0.03359211981296539,0.42377400398254395,0.6905702948570251,-0.027556393295526505,X
0.6321077942848206,0.7230836749076843,-2.2205699679034296e-07,0.5917027592658997,0.701985239982605,0.007943866774439812,0.5610785484313965,0.6665769815444946,0.006019273307174444,0.5402065515518188,0.6398913860321045,0.000513631384819746,0.5256504416465759,0.6208688616752625,-0.005341731943190098,0.5531994700431824,0.5816380977630615,-0.0029386908281594515,0.5170466899871826,0.535581648349762,-0.01372181810438633,0.49734652042388916,0.5127133131027222,-0.01986555941402912,0.48376989364624023,0.49185121059417725,-0.024682387709617615,0.5658352971076965,0.5818725824356079,-0.013659512624144554,0.516575038433075,0.6247490644454956,-0.025422977283596992,0.5232902765274048,0.6634501218795776,-0.024782022461295128,0.537584662437439,0.6707718372344971,-0.02420804463326931,0.5768694877624512,0.6028401255607605,-0.024463245645165443,0.5329014658927917,0.657206654548645,-0.03449450433254242,0.5404590368270874,0.6893330216407776,-0.027148999273777008,0.5522597432136536,0.6938171982765198,-0.022332288324832916,0.5865755677223206,0.6325947642326355,-0.03520042821764946,0.5502966642379761,0.6739891171455383,-0.04175523295998573,0.5514987707138062,0.7035311460494995,-0.03650711849331856,0.5583863854408264,0.7156421542167664,-0.03207706660032272,X
0.3675521910190582,0.7133615016937256,4.981616896770902e-09,0.4005209803581238,0.6824058294296265,0.0039006611332297325,0.4343125820159912,0.6488288640975952,-0.0009510338422842324,0.46028465032577515,0.6339650750160217,-0.009089927189052105,0.47919949889183044,0.6332714557647705,-0.01677061803638935,0.4497302770614624,0.5850448608398438,-0.005397843662649393,0.4823315441608429,0.5484543442726135,-0.01657867431640625,0.5026513934135437,0.5189955830574036,-0.02239697426557541,0.5172403454780579,0.49534085392951965,-0.02634427323937416,0.44094690680503845,0.5917096734046936,-0.016100211068987846,0.48866042494773865,0.6443722248077393,-0.03211439773440361,0.4753893315792084,0.6696385145187378,-0.03233523666858673,0.4593597650527954,0.6690897345542908,-0.02925203926861286,0.43033748865127563,0.6152551174163818,-0.02668887935578823,0.46959906816482544,0.6745860576629639,-0.03859715908765793,0.45376965403556824,0.6883115768432617,-0.031693581491708755,0.4413173198699951,0.6791591644287109,-0.025131570175290108,0.419179230928421,0.6458335518836975,-0.03760833293199539,0.44746270775794983,0.6953240633010864,-0.040903400629758835,0.4347929358482361,0.706183671951294,-0.03340400382876396,0.4237116575241089,0.6952971816062927,-0.027229079976677895,X
0.6304040551185608,0.7233734130859375,-2.340234317443901e-07,0.5918743014335632,0.6982167959213257,0.009871178306639194,0.5616412162780762,0.6618638038635254,0.00846505630761385,0.5408955216407776,0.6353747248649597,0.0032018604688346386,0.526780903339386,0.616204023361206,-0.0025908080860972404,0.5546704530715942,0.581189751625061,-0.0022885119542479515,0.5178995132446289,0.5358773469924927,-0.012226616963744164,0.4975159466266632,0.5145688652992249,-0.017511945217847824,0.4833714962005615,0.4945542514324188,-0.021905146539211273,0.5664932727813721,0.5828593373298645,-0.013853807002305984,0.516196072101593,0.6219030618667603,-0.024203356355428696,0.5237380266189575,0.6577934622764587,-0.022222386673092842,0.5379078388214111,0.6620635390281677,-0.02116018906235695,0.5765159726142883,0.6042844653129578,-0.025335554033517838,0.5315183997154236,0.6550396680831909,-0.03333453834056854,0.5394423007965088,0.6845096349716187,-0.02478731982409954,0.5508720278739929,0.6864802241325378,-0.01997518166899681,0.5855441689491272,0.6338436603546143,-0.03672163560986519,0.5491672158241272,0.6742881536483765,-0.04182758927345276,0.5510044693946838,0.7013187408447266,-0.03608209267258644,0.5581032037734985,0.7114599347114563,-0.031868256628513336,X
0.3684343993663788,0.7127063274383545,2.9073623508679702e-09,0.4025878310203552,0.6832976341247559,0.003999088890850544,0.4354575276374817,0.6501370668411255,-0.0012387672904878855,0.4605565071105957,0.6345993280410767,-0.00976973120123148,0.4785590171813965,0.632091224193573,-0.017904331907629967,0.45093390345573425,0.5855585336685181,-0.006736276671290398,0.48247602581977844,0.5478394627571106,-0.018713293597102165,0.5025612711906433,0.5171933174133301,-0.025432724505662918,0.5165886282920837,0.49195680022239685,-0.03001072071492672,0.44171375036239624,0.5907907485961914,-0.017723683267831802,0.488679438829422,0.6447330713272095,-0.033617693930864334,0.475894957780838,0.6695740818977356,-0.03381402790546417,0.4597511291503906,0.6679924130439758,-0.031057678163051605,0.4300498962402344,0.6139357089996338,-0.02855001576244831,0.46948450803756714,0.6734527349472046,-0.04066065326333046,0.45424434542655945,0.6872364282608032,-0.03348469361662865,0.4414483606815338,0.6780885457992554,-0.02690480835735798,0.4176993668079376,0.6445732116699219,-0.03967461362481117,0.4466848075389862,0.6936373710632324,-0.0434463769197464,0.4345008432865143,0.7040371894836426,-0.03561513125896454,0.42272013425827026,0.6929919719696045,-0.029202952980995178,X
0.629328727722168,0.7213931083679199,-2.2864549009682378e-07,0.5931459665298462,0.6964025497436523,0.008405784144997597,0.5623257160186768,0.6602053642272949,0.0073193954303860664,0.5410326719284058,0.6352401971817017,0.0026559075340628624,0.5250453352928162,0.6195515990257263,-0.002566616516560316,0.5534080862998962,0.5819594264030457,-0.0027149866800755262,0.5157091021537781,0.5367661714553833,-0.013664476573467255,0.49443310499191284,0.5140520930290222,-0.0201095137745142,0.4793766438961029,0.4946196973323822,-0.025125976651906967,0.5648974180221558,0.5824061632156372,-0.013185341842472553,0.5152520537376404,0.6234616637229919,-0.025020873174071312,0.5220173597335815,0.6613882780075073,-0.02443821355700493,0.536095917224884,0.6701489686965942,-0.023847337812185287,0.5747624635696411,0.6034625768661499,-0.023723917081952095,0.5318160057067871,0.6561311483383179,-0.033587101846933365,0.5392454266548157,0.6880159378051758,-0.026657771319150925,0.5503355860710144,0.6942258477210999,-0.022202957421541214,0.5836076736450195,0.6330510973930359,-0.034151334315538406,0.5494688749313354,0.6737383008003235,-0.04082390293478966,0.5493125319480896,0.7038927674293518,-0.036327168345451355,0.5539337396621704,0.7179849743843079,-0.03259633108973503,X
0.36507663130760193,0.715684711933136,-3.881353460855053e-09,0.39702510833740234,0.6818850040435791,0.003112043021246791,0.43186426162719727,0.6474670767784119,-0.001926580211147666,0.45920708775520325,0.6350242495536804,-0.010067419148981571,0.47837239503860474,0.6354436278343201,-0.0176869947463274,0.44911015033721924,0.584520161151886,-0.004909553099423647,0.4818686842918396,0.5495455861091614,-0.01591453142464161,0.5015828609466553,0.5201720595359802,-0.022203581407666206,0.515880823135376,0.49605703353881836,-0.02672312594950199,0.44095802307128906,0.5912980437278748,-0.015287894755601883,0.48676031827926636,0.6452164053916931,-0.030987462028861046,0.47232675552368164,0.6685758233070374,-0.03144451230764389,0.4560791552066803,0.6670005917549133,-0.028821982443332672,0.4305637776851654,0.6152442097663879,-0.025678515434265137,0.46872901916503906,0.6749640107154846,-0.03708173334598541,0.4519038498401642,0.6873764395713806,-0.029881279915571213,0.43921077251434326,0.6781399846076965,-0.023462694138288498,0.41924798488616943,0.6463338136672974,-0.036585867404937744,0.44692161679267883,0.6958738565444946,-0.03977247700095177,0.43268176913261414,0.7063641548156738,-0.032086197286844254,0.42095524072647095,0.69600510597229,-0.02588457055389881,X
0.630213737487793,0.7219509482383728,-2.417817199784622e-07,0.5893846750259399,0.6991869807243347,0.00906677171587944,0.5592162609100342,0.6625046730041504,0.007612182293087244,0.5391760468482971,0.636720597743988,0.002288920572027564,0.5242149829864502,0.6185998916625977,-0.0035081992391496897,0.5534515976905823,0.5815273523330688,-0.002551710233092308,0.5161224007606506,0.5363065004348755,-0.01407731231302023,0.49519434571266174,0.5193990468978882,-0.020374180749058723,0.4816449284553528,0.5051630735397339,-0.02483077347278595,0.5652281045913696,0.582686185836792,-0.013624422252178192,0.5156204700469971,0.6253129839897156,-0.025308111682534218,0.5220397710800171,0.6631388068199158,-0.024564947932958603,0.5361457467079163,0.6695888042449951,-0.02403477393090725,0.5756340622901917,0.6042452454566956,-0.024793250486254692,0.531579852104187,0.6579204797744751,-0.03492075577378273,0.5385105609893799,0.6905301809310913,-0.027903467416763306,0.549740731716156,0.696408212184906,-0.02333000861108303,0.5849955677986145,0.6344349384307861,-0.03575465455651283,0.549493670463562,0.6743665337562561,-0.04210510477423668,0.5496624708175659,0.7037602663040161,-0.0370633602142334,0.5554811954498291,0.7171348929405212,-0.03291543200612068,X
0.3655375838279724,0.7135053873062134,4.5528216752188655e-09,0.39632317423820496,0.6799919605255127,0.0027547581121325493,0.42952364683151245,0.646457850933075,-0.0024977028369903564,0.4552057087421417,0.6328560709953308,-0.010810872539877892,0.47341692447662354,0.6349599361419678,-0.018705781549215317,0.4483976662158966,0.5844951272010803,-0.006311333738267422,0.48099279403686523,0.5486001372337341,-0.01793534681200981,0.5012868642807007,0.518886148929596,-0.024703023955225945,0.5158594846725464,0.49465635418891907,-0.029436539858579636,0.44016849994659424,0.5916160345077515,-0.016600513830780983,0.48586103320121765,0.6465592980384827,-0.03253832086920738,0.4722045361995697,0.6678497195243835,-0.033462557941675186,0.4559763967990875,0.6644477844238281,-0.031199272722005844,0.4292841851711273,0.6160871982574463,-0.02684955857694149,0.4672392010688782,0.6770268678665161,-0.03896086663007736,0.4509288966655731,0.6868226528167725,-0.032859183847904205,0.4383608400821686,0.6756317615509033,-0.026928510516881943,0.4171226918697357,0.6469678282737732,-0.03750477731227875,0.44503867626190186,0.6964423656463623,-0.04114450886845589,0.43244707584381104,0.7057665586471558,-0.033855654299259186,0.42166075110435486,0.6954750418663025,-0.02775314636528492,X
0.6279650330543518,0.7217439413070679,-2.271883374760364e-07,0.5900677442550659,0.6993598341941833,0.007036367431282997,0.5598630905151367,0.6633952260017395,0.005059683229774237,0.5388196110725403,0.6360508799552917,-0.0001813929993659258,0.5241591930389404,0.61762934923172,-0.005813912022858858,0.5521477460861206,0.5818127989768982,-0.004526061005890369,0.5152344703674316,0.5372275114059448,-0.015888744965195656,0.4944388270378113,0.5126131176948547,-0.02238127775490284,0.47901251912117004,0.48995643854141235,-0.02759973704814911,0.5646955370903015,0.5826965570449829,-0.014963208697736263,0.514775812625885,0.6248347759246826,-0.02747535891830921,0.5219898819923401,0.6626516580581665,-0.026497429236769676,0.5358583927154541,0.6695060133934021,-0.025604262948036194,0.5752756595611572,0.6044005155563354,-0.025577230378985405,0.5314919948577881,0.6570370197296143,-0.03630243241786957,0.5392450094223022,0.6883108019828796,-0.028516065329313278,0.5504183769226074,0.692157506942749,-0.02333582192659378,0.5847132802009583,0.6347203254699707,-0.036236099898815155,0.5486836433410645,0.6747540831565857,-0.0434742271900177,0.549608588218689,0.7039914727210999,-0.03833060339093208,0.5557729005813599,0.7159673571586609,-0.034012965857982635,X
0.36548635363578796,0.714056134223938,6.6856955527327955e-09,0.40040889382362366,0.6871111392974854,0.0028499735053628683,0.43486934900283813,0.6541684865951538,-0.0028667135629802942,0.4614112079143524,0.6388471126556396,-0.011803769506514072,0.479634165763855,0.6357631087303162,-0.020237436518073082,0.45013856887817383,0.5857856869697571,-0.0061842710711061954,0.4812149405479431,0.5487391948699951,-0.018394408747553825,0.5011304020881653,0.518061637878418,-0.02532312460243702,0.5152453780174255,0.4932791590690613,-0.030160820111632347,0.440103143453598,0.5908627510070801,-0.017010612413287163,0.4877743422985077,0.6475214958190918,-0.03427497297525406,0.4743514955043793,0.6727465391159058,-0.03521394357085228,0.4582403898239136,0.6716404557228088,-0.0326569490134716,0.4281128942966461,0.6133678555488586,-0.027912938967347145,0.4679683744907379,0.6758437752723694,-0.04095000773668289,0.45150652527809143,0.6882789731025696,-0.034223128110170364,0.43891361355781555,0.6781196594238281,-0.02780863642692566,0.415669709444046,0.6438223123550415,-0.03928344324231148,0.4445814788341522,0.6957169771194458,-0.04371907562017441,0.431030809879303,0.7057654857635498,-0.03654877468943596,0.41942447423934937,0.6938602924346924,-0.03061257302761078,X
0.6286647915840149,0.7218327522277832,-2.4672593212926586e-07,0.5879448652267456,0.7014919519424438,0.009086748585104942,0.5577130913734436,0.6650968790054321,0.007866175845265388,0.5368757247924805,0.6379560232162476,0.003007928840816021,0.5216695666313171,0.6188405156135559,-0.0024291356094181538,0.553021252155304,0.5822035074234009,-0.0026349860709160566,0.5166316628456116,0.5374261736869812,-0.01279805600643158,0.4974578320980072,0.5173406600952148,-0.01810721680521965,0.48479005694389343,0.4988061189651489,-0.022230073809623718,0.5650117993354797,0.5827450156211853,-0.013416551984846592,0.5141798257827759,0.6231110692024231,-0.024141397327184677,0.5193473696708679,0.6638883352279663,-0.022774888202548027,0.5329632759094238,0.6739539504051208,-0.02196253277361393,0.5752785801887512,0.6035766005516052,-0.024164656177163124,0.529601514339447,0.6548993587493896,-0.03363601118326187,0.5352638363838196,0.6898839473724365,-0.02629181742668152,0.5462304353713989,0.6979197263717651,-0.02169540338218212,0.5843040347099304,0.6325895190238953,-0.03467635437846184,0.5478692650794983,0.6726931929588318,-0.04104367271065712,0.5481760501861572,0.7033102512359619,-0.03617380931973457,0.5546417832374573,0.717133104801178,-0.03222940117120743,X
0.3662685751914978,0.714141845703125,7.799133783237266e-09,0.4000927805900574,0.6831172704696655,0.0030298137571662664,0.4343588352203369,0.6487645506858826,-0.002444237470626831,0.46114009618759155,0.6347148418426514,-0.011000859551131725,0.4800700545310974,0.6343965530395508,-0.019119292497634888,0.4488063454627991,0.5858803391456604,-0.006445061415433884,0.480619877576828,0.5496243238449097,-0.0183966476470232,0.500591516494751,0.5198351740837097,-0.02494390681385994,0.514944851398468,0.49556535482406616,-0.029362734407186508,0.43939873576164246,0.592970073223114,-0.016854561865329742,0.48653215169906616,0.6467386484146118,-0.033300161361694336,0.4732626676559448,0.6713016629219055,-0.03347030282020569,0.45721158385276794,0.6704161763191223,-0.03039628639817238,0.4281483292579651,0.6163599491119385,-0.027298610657453537,0.4671580195426941,0.6765457391738892,-0.03968048095703125,0.4512016177177429,0.6884534358978271,-0.03286156430840492,0.438579797744751,0.6781171560287476,-0.026362372562289238,0.4165371358394623,0.6466603875160217,-0.03815856948494911,0.4447849988937378,0.6964058876037598,-0.041890814900398254,0.4314790666103363,0.7068261504173279,-0.03460194170475006,0.4198557436466217,0.6953078508377075,-0.02861674316227436,X
0.6299699544906616,0.7224752902984619,-2.3073091881542496e-07,0.591550886631012,0.699468195438385,0.008180217817425728,0.5604035258293152,0.663517415523529,0.006877230945974588,0.5393813848495483,0.6375926733016968,0.00199629133567214,0.5243855714797974,0.620833694934845,-0.0034047893714159727,0.5526776909828186,0.5813043713569641,-0.0029646579641848803,0.515450656414032,0.5371444225311279,-0.014137757010757923,0.4956777095794678,0.516570508480072,-0.020288875326514244,0.4826262295246124,0.4981120824813843,-0.02487022802233696,0.5642622709274292,0.5828357338905334,-0.013438365422189236,0.5152142643928528,0.624605655670166,-0.025093987584114075,0.5213451385498047,0.6630076766014099,-0.024310724809765816,0.5348116159439087,0.6704670786857605,-0.02369019016623497,0.5743502378463745,0.6050139665603638,-0.024036305025219917,0.5306555032730103,0.6577586531639099,-0.034263692796230316,0.5368992686271667,0.6898152828216553,-0.027211349457502365,0.5474581122398376,0.6950749754905701,-0.02252916246652603,0.5832288861274719,0.6355109810829163,-0.03448031470179558,0.547806441783905,0.6763281226158142,-0.04118539020419121,0.5489987730979919,0.7046372294425964,-0.036190323531627655,0.5556861758232117,0.7159261107444763,-0.03195209428668022,X
0.3655279874801636,0.7178043723106384,3.163941886263899e-10,0.39939260482788086,0.6876583099365234,0.0023973435163497925,0.43285512924194336,0.6526999473571777,-0.0034207298886030912,0.4580376148223877,0.6333986520767212,-0.012384060770273209,0.47518855333328247,0.6289121508598328,-0.02078806236386299,0.4487427771091461,0.5853587985038757,-0.006538880988955498,0.4801684617996216,0.5503454208374023,-0.01926572248339653,0.49989810585975647,0.5202657580375671,-0.026815960183739662,0.514396071434021,0.49522683024406433,-0.03207830712199211,0.4388132393360138,0.5899590849876404,-0.017072761431336403,0.4849793314933777,0.646007776260376,-0.03427772596478462,0.47106048464775085,0.6686308979988098,-0.035157423466444016,0.4549287259578705,0.6658106446266174,-0.0327015295624733,0.4269622564315796,0.6127346158027649,-0.02777012065052986,0.46622106432914734,0.6750336289405823,-0.041024401783943176,0.45020368695259094,0.6868440508842468,-0.03432128578424454,0.4378740191459656,0.6767500638961792,-0.027877693995833397,0.4149214029312134,0.6437608599662781,-0.039017800241708755,0.4445936381816864,0.6955351829528809,-0.04366898536682129,0.43141651153564453,0.7054943442344666,-0.03657756745815277,0.4199278652667999,0.6939402222633362,-0.030598070472478867,X
0.6292547583580017,0.7238162755966187,-2.369442029248603e-07,0.5898008942604065,0.7032853364944458,0.00743142468854785,0.5587344169616699,0.6667917966842651,0.005389270838350058,0.5376158952713013,0.6404107809066772,-0.00018761113460641354,0.5227463841438293,0.622204601764679,-0.0061495485715568066,0.5506190657615662,0.5823031067848206,-0.0038303823675960302,0.5146339535713196,0.5365625023841858,-0.015353213995695114,0.49430325627326965,0.5151381492614746,-0.021871723234653473,0.4801355302333832,0.49608170986175537,-0.02697216160595417,0.5632237792015076,0.58197021484375,-0.014445298351347446,0.5148919820785522,0.6301923394203186,-0.02720770426094532,0.5223722457885742,0.6681075096130371,-0.026875091716647148,0.5365066528320312,0.6728954911231995,-0.02649138681590557,0.5742712020874023,0.6029844284057617,-0.02519897371530533,0.5307873487472534,0.6602038145065308,-0.036161232739686966,0.5388489365577698,0.6920401453971863,-0.02868400327861309,0.5504474639892578,0.694892168045044,-0.023658636957406998,0.5838030576705933,0.6324651837348938,-0.03593960404396057,0.5477861762046814,0.674543023109436,-0.04336772859096527,0.5494756698608398,0.7044607996940613,-0.03822696954011917,0.5563547015190125,0.7154053449630737,-0.033727820962667465,X
0.3641689419746399,0.7163301110267639,-3.0301674502908327e-09,0.3960355520248413,0.6803452968597412,0.0028517162427306175,0.43043720722198486,0.6451244354248047,-0.0025611037854105234,0.4568009376525879,0.630054235458374,-0.011142166331410408,0.4750094413757324,0.6293162703514099,-0.019218189641833305,0.4485277831554413,0.5851256251335144,-0.005997585132718086,0.48125311732292175,0.5499443411827087,-0.017734315246343613,0.5006651878356934,0.5198268294334412,-0.02449759840965271,0.5146702527999878,0.49522557854652405,-0.029284371063113213,0.4386790692806244,0.5920888781547546,-0.01652727834880352,0.4853762984275818,0.6466899514198303,-0.03310423716902733,0.47160324454307556,0.6687952876091003,-0.03387562930583954,0.4556984603404999,0.6666763424873352,-0.03144546225667,0.42722752690315247,0.6156713366508484,-0.027106957510113716,0.466311514377594,0.6750837564468384,-0.03943685442209244,0.4504168927669525,0.6866210699081421,-0.03267909586429596,0.43830668926239014,0.6769434809684753,-0.02640862762928009,0.4155881702899933,0.6462785601615906,-0.03820593282580376,0.44517385959625244,0.6942143440246582,-0.041858378797769547,0.43237337470054626,0.7043858766555786,-0.03436119854450226,0.4213099479675293,0.6942619681358337,-0.02827928401529789,X
0.6291134357452393,0.7224997282028198,-2.3007608263014845e-07,0.5901691317558289,0.6996016502380371,0.008562523871660233,0.559202253818512,0.6631991863250732,0.0071979109197855,0.5389599204063416,0.6370148658752441,0.0021869291085749865,0.5237151384353638,0.6197246313095093,-0.0033606227952986956,0.5518818497657776,0.5812165141105652,-0.003132053418084979,0.5156710743904114,0.5355736613273621,-0.014305686578154564,0.49527353048324585,0.5142436027526855,-0.02081257477402687,0.4809919595718384,0.49622005224227905,-0.02581147477030754,0.5639049410820007,0.5819576978683472,-0.013899464160203934,0.5142952799797058,0.6241438388824463,-0.02534789778292179,0.520389974117279,0.6630021333694458,-0.02442961186170578,0.5340912342071533,0.6711010336875916,-0.02389375865459442,0.5744403004646301,0.603504478931427,-0.024737967178225517,0.5303457379341125,0.6563413143157959,-0.034286707639694214,0.5366532206535339,0.6881279945373535,-0.026834113523364067,0.5472537875175476,0.6936567425727844,-0.022243047133088112,0.583935558795929,0.6333268284797668,-0.03548181429505348,0.5485755801200867,0.6735902428627014,-0.04174990579485893,0.5486114621162415,0.7021040916442871,-0.03657861799001694,0.5541884899139404,0.7143968343734741,-0.03242206200957298,X
0.36535343527793884,0.714360237121582,6.081819048375792e-09,0.39912837743759155,0.6827016472816467,0.0037111127749085426,0.4336840510368347,0.6490841507911682,-0.0014221880119293928,0.4597744643688202,0.6343207359313965,-0.009826253168284893,0.4783691167831421,0.6334693431854248,-0.017828045412898064,0.4491904079914093,0.5862430334091187,-0.005950338672846556,0.4813893139362335,0.5492018461227417,-0.017747052013874054,0.5019087791442871,0.5196976661682129,-0.024373957887291908,0.5168269276618958,0.4957517981529236,-0.028950750827789307,0.43991774320602417,0.5937541723251343,-0.016952669247984886,0.48803022503852844,0.6475681662559509,-0.03360583633184433,0.47452035546302795,0.6712665557861328,-0.03421632945537567,0.45793721079826355,0.6698924899101257,-0.03141807019710541,0.4284714460372925,0.6177988052368164,-0.02786634862422943,0.4681342840194702,0.6783467531204224,-0.040252573788166046,0.45182710886001587,0.6889340877532959,-0.03361278772354126,0.4387485980987549,0.6779187917709351,-0.027237288653850555,0.4163745045661926,0.6482812166213989,-0.03913557901978493,0.44514814019203186,0.6977847814559937,-0.04291082173585892,0.4318731725215912,0.7069137096405029,-0.035565752536058426,0.4200144112110138,0.6946108937263489,-0.029508084058761597,X
0.6310424208641052,0.7238014936447144,-2.3130357362788345e-07,0.5920652747154236,0.7004542350769043,0.009366663172841072,0.5606317520141602,0.6636103987693787,0.008323670364916325,0.5392735004425049,0.6365787386894226,0.0034402350429445505,0.5240032076835632,0.6183556318283081,-0.002005644841119647,0.5524861216545105,0.5823256969451904,-0.0019507526885718107,0.5155667066574097,0.5377215147018433,-0.012346570380032063,0.4960344731807709,0.5155255794525146,-0.018145812675356865,0.48294660449028015,0.4950369596481323,-0.022689836099743843,0.5642673969268799,0.5831794142723083,-0.013115701265633106,0.514808714389801,0.624790608882904,-0.024296285584568977,0.5220670104026794,0.661077082157135,-0.023358548060059547,0.5367122292518616,0.6676991581916809,-0.022740744054317474,0.5745717287063599,0.6044970154762268,-0.02423802763223648,0.5308084487915039,0.6568277478218079,-0.03382551670074463,0.5384159684181213,0.6879926919937134,-0.026482973247766495,0.5500137805938721,0.6935263872146606,-0.0218479223549366,0.5836920142173767,0.634187638759613,-0.03515619784593582,0.5479708313941956,0.6732885837554932,-0.041420746594667435,0.5492876172065735,0.7020481824874878,-0.03619563952088356,0.5557706356048584,0.7146866321563721,-0.03196833282709122,X
0.36573654413223267,0.7156422734260559,-5.394918733969689e-09,0.39944007992744446,0.6844122409820557,0.004441060125827789,0.43270912766456604,0.6501350402832031,-0.0005231346585787833,0.4582231342792511,0.6334062814712524,-0.008908365853130817,0.4761805236339569,0.6299124360084534,-0.016807470470666885,0.4499325752258301,0.5853650569915771,-0.005254915449768305,0.4818619191646576,0.5494168996810913,-0.01674640364944935,0.5016219615936279,0.519135057926178,-0.023012934252619743,0.5159969329833984,0.4943915903568268,-0.027370642870664597,0.44072064757347107,0.590284526348114,-0.0163990817964077,0.48711878061294556,0.6445183157920837,-0.032048165798187256,0.47332027554512024,0.6686081886291504,-0.03201613202691078,0.4572952687740326,0.6671162247657776,-0.02907899208366871,0.42931780219078064,0.6132344603538513,-0.027446508407592773,0.4685082733631134,0.674450159072876,-0.03935476765036583,0.4526655972003937,0.6881494522094727,-0.032223835587501526,0.44044461846351624,0.6794859170913696,-0.025718845427036285,0.41746193170547485,0.6441457867622375,-0.03880994766950607,0.4464525282382965,0.6951150298118591,-0.04228896275162697,0.4331763684749603,0.7061519622802734,-0.034631531685590744,0.4217245876789093,0.6958329677581787,-0.02842429094016552,X
0.6298429369926453,0.7209778428077698,-2.407511772162252e-07,0.5915233492851257,0.698374330997467,0.008911495096981525,0.5607779622077942,0.6621520519256592,0.007727643474936485,0.5394196510314941,0.6359595656394958,0.0026893033646047115,0.5238325595855713,0.6185349225997925,-0.0027600752655416727,0.5527253746986389,0.5812196731567383,-0.0017143671866506338,0.5162829160690308,0.5349719524383545,-0.013047482818365097,0.49508777260780334,0.5163755416870117,-0.01937616802752018,0.48088347911834717,0.5008237361907959,-0.024041367694735527,0.564497172832489,0.5821413397789001,-0.012784995138645172,0.5151810646057129,0.6235120296478271,-0.024733006954193115,0.5223233699798584,0.6610732078552246,-0.023749614134430885,0.5365862250328064,0.6663931608200073,-0.022864695638418198,0.574870765209198,0.603556752204895,-0.024022430181503296,0.5312698483467102,0.6556635499000549,-0.034128252416849136,0.53890460729599,0.6870304346084595,-0.026398181915283203,0.5504825711250305,0.6902504563331604,-0.02132202684879303,0.5841951370239258,0.6332402229309082,-0.03515791893005371,0.5489825010299683,0.6729228496551514,-0.04184983670711517,0.5499060750007629,0.7019567489624023,-0.03661040961742401,0.5564196705818176,0.7136420011520386,-0.032218240201473236,X
0.36484548449516296,0.7159758806228638,2.9872360141069976e-09,0.3977864682674408,0.682267427444458,0.0038111284375190735,0.4324793517589569,0.6465320587158203,-0.0011391022708266973,0.45878079533576965,0.6306384205818176,-0.009271902963519096,0.47732940316200256,0.6292358040809631,-0.01691521890461445,0.4489593803882599,0.5853149890899658,-0.005606919061392546,0.48157215118408203,0.5489475131034851,-0.01695285551249981,0.5020395517349243,0.5192844867706299,-0.02309122309088707,0.516537606716156,0.4957060217857361,-0.02733488194644451,0.44002100825309753,0.5917838215827942,-0.016414493322372437,0.48797333240509033,0.6450802087783813,-0.03242143243551254,0.47445541620254517,0.6689851880073547,-0.03243675455451012,0.45778658986091614,0.6676861047744751,-0.02939557656645775,0.4289896488189697,0.615085244178772,-0.02716713584959507,0.4692799150943756,0.6738163828849792,-0.03904470056295395,0.45337730646133423,0.6865019798278809,-0.031842928379774094,0.4403325021266937,0.6769994497299194,-0.025322558358311653,0.41728532314300537,0.6456498503684998,-0.038313597440719604,0.4469665586948395,0.6950215101242065,-0.04187268018722534,0.4337769150733948,0.7061128616333008,-0.03425680473446846,0.42173296213150024,0.6954981684684753,-0.028093546628952026,X
0.6294693350791931,0.7191623449325562,-2.1527444005187135e-07,0.5894930958747864,0.6982223987579346,0.0071057649329304695,0.5591176748275757,0.6634105443954468,0.004938071593642235,0.5392463803291321,0.6376953721046448,-0.0006329997559078038,0.5249053835868835,0.6203753352165222,-0.006594218313694,0.5518811941146851,0.5801665186882019,-0.004333220422267914,0.5161592364311218,0.5359011292457581,-0.01583571545779705,0.4949313700199127,0.5154107809066772,-0.022209540009498596,0.4796932637691498,0.49744153022766113,-0.027094824239611626,0.5640444159507751,0.5817579627037048,-0.014574093744158745,0.5155401825904846,0.6246301531791687,-0.026909667998552322,0.5221796035766602,0.6634613275527954,-0.025937922298908234,0.5360870957374573,0.6699990034103394,-0.02503519505262375,0.5747541189193726,0.6040018796920776,-0.025014659389853477,0.5319646000862122,0.6572049856185913,-0.03567376360297203,0.5383313894271851,0.6892359852790833,-0.02822520025074482,0.5491016507148743,0.6937836408615112,-0.023185281082987785,0.5843966007232666,0.6346132159233093,-0.03544198349118233,0.5502272844314575,0.6744781136512756,-0.04230687767267227,0.5499961972236633,0.704205334186554,-0.03721011430025101,0.5553091764450073,0.7169440388679504,-0.032906632870435715,X
0.36668387055397034,0.7149902582168579,6.9732921659237945e-09,0.40076154470443726,0.6832880973815918,0.0046788593754172325,0.4343503415584564,0.6494425535202026,-0.0003761171246878803,0.4600526988506317,0.6337823271751404,-0.008869815617799759,0.47865939140319824,0.6299139261245728,-0.01705479621887207,0.45019274950027466,0.5852063894271851,-0.00603786576539278,0.48196637630462646,0.549389660358429,-0.017818784341216087,0.5018357038497925,0.5191096663475037,-0.02429020404815674,0.5155810117721558,0.4935779571533203,-0.028671566396951675,0.43995577096939087,0.5911624431610107,-0.01737336814403534,0.4888818860054016,0.6436703205108643,-0.033347003161907196,0.47621259093284607,0.6690330505371094,-0.033377159386873245,0.4597676396369934,0.6680483818054199,-0.03038768842816353,0.428082138299942,0.6139072179794312,-0.028523150831460953,0.4695359766483307,0.6723912358283997,-0.040856413543224335,0.45401808619499207,0.6863538026809692,-0.03363149240612984,0.44097644090652466,0.677541971206665,-0.026865998283028603,0.4159572124481201,0.6439261436462402,-0.03988833352923393,0.44734853506088257,0.6918303966522217,-0.04363027960062027,0.4348274767398834,0.7034875154495239,-0.03565724939107895,0.42276230454444885,0.6933906078338623,-0.0291482862085104,X
0.6307178735733032,0.7222201824188232,-2.3141951999150479e-07,0.5910595059394836,0.6986374855041504,0.008531102910637856,0.5599592328071594,0.6623891592025757,0.006928530056029558,0.5390386581420898,0.6354416608810425,0.001574785215780139,0.5243525505065918,0.6167414784431458,-0.004342673346400261,0.5535863041877747,0.578676700592041,-0.0023320543114095926,0.5167264342308044,0.5344972014427185,-0.012642331421375275,0.49659502506256104,0.5119920969009399,-0.018456732854247093,0.4821530878543854,0.4913274347782135,-0.02325643226504326,0.5657598376274109,0.5803993940353394,-0.013149566948413849,0.516950786113739,0.6236886382102966,-0.0247980747371912,0.523415744304657,0.6620550751686096,-0.024327604100108147,0.5370853543281555,0.6693897843360901,-0.024046767503023148,0.5763071775436401,0.6025943756103516,-0.023969968780875206,0.5324627161026001,0.655253529548645,-0.03419727459549904,0.5389639139175415,0.6872366666793823,-0.027278417721390724,0.5496522188186646,0.692363977432251,-0.022821800783276558,0.5855110883712769,0.632745087146759,-0.034618232399225235,0.549576461315155,0.6730196475982666,-0.04146033152937889,0.5501347184181213,0.7025211453437805,-0.036630772054195404,0.5561679601669312,0.7149134278297424,-0.03259529918432236,X
0.3664884567260742,0.7116711139678955,3.605415965779457e-09,0.40062206983566284,0.6807959675788879,0.002856836887076497,0.43452170491218567,0.6478444933891296,-0.002597142942249775,0.46011579036712646,0.6323696374893188,-0.011212489567697048,0.4776138365268707,0.6296103596687317,-0.01934506744146347,0.4508805274963379,0.5826813578605652,-0.0059470306150615215,0.48278141021728516,0.547339916229248,-0.01776408590376377,0.5024871230125427,0.5172789692878723,-0.024927940219640732,0.5166903138160706,0.49213600158691406,-0.030014144256711006,0.4406200051307678,0.5899376273155212,-0.016562581062316895,0.486693799495697,0.643574059009552,-0.032693564891815186,0.4730988144874573,0.6646926403045654,-0.03357488289475441,0.4572300612926483,0.6618248224258423,-0.03147362545132637,0.42841166257858276,0.6138017773628235,-0.027191637083888054,0.4675772488117218,0.6710988283157349,-0.03931068629026413,0.4518437385559082,0.6817404627799988,-0.03222154080867767,0.43958327174186707,0.672271728515625,-0.02584512159228325,0.41579383611679077,0.644324779510498,-0.03834114968776703,0.4461163580417633,0.6899436116218567,-0.041981831192970276,0.4334082007408142,0.6989192962646484,-0.03408274054527283,0.42190074920654297,0.6884384155273438,-0.02777276374399662,X
0.6311709880828857,0.7198724746704102,-2.358932249535428e-07,0.5930944681167603,0.6951330304145813,0.008006120100617409,0.5624446868896484,0.6580461859703064,0.0068442197516560555,0.5414412617683411,0.6312837600708008,0.0022232416085898876,0.5262246131896973,0.6135721206665039,-0.002811591839417815,0.5549710392951965,0.578900158405304,-0.0031276619993150234,0.5176401734352112,0.5324581861495972,-0.01421432290226221,0.49633267521858215,0.5113095045089722,-0.02041267789900303,0.4814770221710205,0.4930161237716675,-0.025233864784240723,0.566648006439209,0.5797562599182129,-0.013411430642008781,0.5172411799430847,0.6224849224090576,-0.025211848318576813,0.5237483382225037,0.6609443426132202,-0.024298924952745438,0.5375047922134399,0.6677445769309998,-0.023752642795443535,0.5765234231948853,0.601304292678833,-0.023870987817645073,0.5326410531997681,0.654160737991333,-0.033987224102020264,0.5393622517585754,0.6866746544837952,-0.02670011669397354,0.5501349568367004,0.6918073296546936,-0.022115327417850494,0.5852169394493103,0.6314407587051392,-0.034272193908691406,0.5500550866127014,0.6714169979095459,-0.04097484424710274,0.5502897500991821,0.7010740637779236,-0.03621940314769745,0.555724024772644,0.7135988473892212,-0.03237821161746979,X
0.36632660031318665,0.7120084166526794,6.187695245074565e-09,0.39903220534324646,0.6793882250785828,0.0029885247349739075,0.4340822696685791,0.6460185050964355,-0.0024212643038481474,0.4623757302761078,0.6345521211624146,-0.011018327437341213,0.48192960023880005,0.6352364420890808,-0.01909518614411354,0.4501989781856537,0.583553671836853,-0.0055805412121117115,0.48282384872436523,0.5479327440261841,-0.017126204445958138,0.5028541088104248,0.5181584358215332,-0.023678984493017197,0.5175338387489319,0.4935756027698517,-0.02831411361694336,0.44059813022613525,0.5907197594642639,-0.01609155349433422,0.48723864555358887,0.6422003507614136,-0.032073650509119034,0.47361359000205994,0.665414571762085,-0.03246371075510979,0.4584748148918152,0.6642763018608093,-0.029871029779314995,0.42926347255706787,0.6137325763702393,-0.026636643335223198,0.4690697491168976,0.6704242825508118,-0.038310810923576355,0.4532385766506195,0.6819156408309937,-0.030769124627113342,0.4413754343986511,0.6727610230445862,-0.024099798873066902,0.41755419969558716,0.6433791518211365,-0.037731435149908066,0.44753819704055786,0.6894508004188538,-0.040894296020269394,0.4344455599784851,0.6988286972045898,-0.032874252647161484,0.4231337010860443,0.6881265640258789,-0.02652910351753235,X
0.6324859261512756,0.7220766544342041,-2.3843256258260226e-07,0.5922588109970093,0.6988353729248047,0.007855420932173729,0.5611312985420227,0.6610577702522278,0.005926870740950108,0.540259599685669,0.6331034898757935,0.00042223421041853726,0.5257830619812012,0.6129569411277771,-0.005478150676935911,0.5557108521461487,0.5778641104698181,-0.003861917881295085,0.5183860063552856,0.5321468114852905,-0.01545217726379633,0.497260719537735,0.5142619013786316,-0.021516581997275352,0.48308253288269043,0.4993320107460022,-0.025912197306752205,0.5678173899650574,0.5795912146568298,-0.014556359499692917,0.5170732736587524,0.6213990449905396,-0.026670120656490326,0.5241736173629761,0.657707691192627,-0.0258615855127573,0.5381242632865906,0.6637733578681946,-0.02517685852944851,0.5782210826873779,0.6018856763839722,-0.025401530787348747,0.5334912538528442,0.6561602354049683,-0.03639866039156914,0.541717529296875,0.6876530647277832,-0.02926184982061386,0.5530669689178467,0.6922223567962646,-0.0243495125323534,0.5871874690055847,0.6323686242103577,-0.036069609224796295,0.5506712794303894,0.6726747751235962,-0.04319991543889046,0.5523177981376648,0.7012456655502319,-0.038140252232551575,0.5586206316947937,0.7131718397140503,-0.03382788598537445,X
0.36778613924980164,0.7094725966453552,-1.388180903560965e-09,0.4027729332447052,0.6806005239486694,0.0037870430387556553,0.437701940536499,0.6476534605026245,-0.0011620953446254134,0.46450456976890564,0.633151650428772,-0.00934510212391615,0.48290470242500305,0.6306940317153931,-0.01710367389023304,0.4515610933303833,0.583202064037323,-0.004968210589140654,0.4839843511581421,0.5470015406608582,-0.016408000141382217,0.503944993019104,0.51751708984375,-0.02299693040549755,0.5182706713676453,0.49294400215148926,-0.027614545077085495,0.4423949122428894,0.589155375957489,-0.01574082113802433,0.48843175172805786,0.6434486508369446,-0.031598951667547226,0.4752016067504883,0.6680654883384705,-0.03213716670870781,0.45936304330825806,0.6673458814620972,-0.029623398557305336,0.4309030771255493,0.6118373870849609,-0.026461834087967873,0.46936455368995667,0.6719221472740173,-0.03829589858651161,0.45319992303848267,0.6849180459976196,-0.031153228133916855,0.4406760632991791,0.6760449409484863,-0.024669023230671883,0.4187474250793457,0.6416481733322144,-0.037586722522974014,0.4468321204185486,0.6912789344787598,-0.041080981492996216,0.4333552122116089,0.7023652791976929,-0.033371079713106155,0.42174190282821655,0.6921672821044922,-0.027136486023664474,X
0.6325902938842773,0.7214291095733643,-2.2648391961865855e-07,0.5925164818763733,0.6998014450073242,0.008308487012982368,0.5621246099472046,0.6631048917770386,0.006573051679879427,0.5419250726699829,0.6359225511550903,0.0012550298124551773,0.5281676054000854,0.6165586709976196,-0.004348963964730501,0.5561608076095581,0.5794753432273865,-0.002743296092376113,0.5190166234970093,0.5343188047409058,-0.0138693917542696,0.4996838867664337,0.51637202501297,-0.019493315368890762,0.4882669746875763,0.5005035400390625,-0.023410236462950706,0.5676441788673401,0.5808407664299011,-0.013184580020606518,0.51707923412323,0.6179436445236206,-0.02464255690574646,0.523268461227417,0.6539804339408875,-0.02352164499461651,0.5369911193847656,0.6601977348327637,-0.022528205066919327,0.577593982219696,0.6017252206802368,-0.023742474615573883,0.5327684879302979,0.6530137062072754,-0.03346528485417366,0.5399539470672607,0.6839500665664673,-0.026041068136692047,0.5510638356208801,0.6875765919685364,-0.021145373582839966,0.5862306356430054,0.6310572028160095,-0.03415123000741005,0.550360381603241,0.671718955039978,-0.0398532971739769,0.5521959066390991,0.6996428370475769,-0.034381065517663956,0.5589680671691895,0.7098757028579712,-0.029948847368359566,X
0.36975955963134766,0.7118833661079407,-4.697473965364907e-09,0.40475061535835266,0.6803216934204102,0.004281298257410526,0.43943044543266296,0.646342933177948,-0.0006590060656890273,0.4652162194252014,0.6318667531013489,-0.009079404175281525,0.48316019773483276,0.6317593455314636,-0.017148368060588837,0.4530270993709564,0.582314670085907,-0.004957073833793402,0.48475563526153564,0.5468489527702332,-0.01624567247927189,0.503873348236084,0.5172299146652222,-0.02296391688287258,0.5181962251663208,0.49273037910461426,-0.027874447405338287,0.44332483410835266,0.589256227016449,-0.01615649089217186,0.48946771025657654,0.6446835994720459,-0.031705982983112335,0.47551074624061584,0.6659492254257202,-0.03224863484501839,0.46002018451690674,0.6620686650276184,-0.03013433702290058,0.431518018245697,0.6130610704421997,-0.027261266484856606,0.47107669711112976,0.6732637286186218,-0.038821812719106674,0.455083429813385,0.6834266781806946,-0.03181828185915947,0.44292545318603516,0.6722674369812012,-0.02576666697859764,0.41919276118278503,0.643322229385376,-0.03875702992081642,0.44983193278312683,0.6909372806549072,-0.04201185703277588,0.4372919797897339,0.700096607208252,-0.0342218317091465,0.4259081482887268,0.6890950202941895,-0.028186801820993423,X
0.63338303565979,0.7252988815307617,-2.5314565732514893e-07,0.5983722805976868,0.693503737449646,0.009774867445230484,0.567557692527771,0.6539728045463562,0.009239459410309792,0.5456343293190002,0.6269751787185669,0.004839452914893627,0.5301323533058167,0.6083420515060425,-8.309800614370033e-05,0.5583662986755371,0.5803545117378235,-0.0010178576922044158,0.5205398201942444,0.537108302116394,-0.010052096098661423,0.5000819563865662,0.5163825154304504,-0.014763275161385536,0.48567506670951843,0.4968871474266052,-0.01888430491089821,0.5686076283454895,0.5829434394836426,-0.012268017046153545,0.5186811685562134,0.6233856081962585,-0.022507930174469948,0.5259482860565186,0.6588667035102844,-0.021178636699914932,0.5399931073188782,0.6656556129455566,-0.020675765350461006,0.5773286819458008,0.6049866676330566,-0.023443138226866722,0.5335105061531067,0.6557132005691528,-0.032145287841558456,0.5413064956665039,0.6866910457611084,-0.02495245449244976,0.552599310874939,0.6921658515930176,-0.020907221361994743,0.5857092142105103,0.6341656446456909,-0.034417763352394104,0.550176203250885,0.6713416576385498,-0.04030171409249306,0.551280677318573,0.7003369927406311,-0.03563264384865761,0.5573635697364807,0.7142338156700134,-0.03221845254302025,X
0.36916425824165344,0.7107182741165161,8.106852078526572e-09,0.40008702874183655,0.6767913103103638,0.003167311195284128,0.4343017041683197,0.6422777771949768,-0.0022388920187950134,0.46162328124046326,0.629540741443634,-0.010791406966745853,0.4808472692966461,0.6310523152351379,-0.018880758434534073,0.45087379217147827,0.5827091932296753,-0.0063663325272500515,0.48396337032318115,0.5473865866661072,-0.018178340047597885,0.5041292309761047,0.5176606178283691,-0.024714073166251183,0.5187409520149231,0.49335455894470215,-0.029325807467103004,0.4421284794807434,0.589634895324707,-0.016919946298003197,0.48953405022621155,0.6423596739768982,-0.033219657838344574,0.4760947525501251,0.66474848985672,-0.03356058895587921,0.46028125286102295,0.661935031414032,-0.030894730240106583,0.43144702911376953,0.6128844022750854,-0.02746788039803505,0.47163939476013184,0.6710931658744812,-0.039721086621284485,0.4560788571834564,0.6826894879341125,-0.032700322568416595,0.4436523914337158,0.6722100973129272,-0.026246318593621254,0.4203934073448181,0.6431055068969727,-0.038445282727479935,0.4500507414340973,0.6914488077163696,-0.042257897555828094,0.4376945197582245,0.7014988660812378,-0.03482355549931526,0.4265539050102234,0.6902462840080261,-0.028766658157110214,X
0.6344762444496155,0.722553014755249,-2.433874328744423e-07,0.5962140560150146,0.6992440819740295,0.009297882206737995,0.5652656555175781,0.663179337978363,0.0077192652970552444,0.5441316366195679,0.6375426054000854,0.0023474874906241894,0.5293272137641907,0.6192066073417664,-0.003503183601424098,0.5577685236930847,0.5798576474189758,-0.002532500308007002,0.5199545621871948,0.5342644453048706,-0.013035017065703869,0.4995504915714264,0.5150461196899414,-0.01875372603535652,0.4862629175186157,0.49878183007240295,-0.023203443735837936,0.5687953233718872,0.5810098648071289,-0.013543227687478065,0.5185834169387817,0.6234697699546814,-0.024290364235639572,0.5248819589614868,0.6614084839820862,-0.023237233981490135,0.5388838052749634,0.6690505743026733,-0.022867482155561447,0.5784024596214294,0.6027874946594238,-0.02452109381556511,0.5340138673782349,0.6564652919769287,-0.03328443318605423,0.5406553149223328,0.6877917051315308,-0.025859281420707703,0.5513250231742859,0.6924510598182678,-0.02165982685983181,0.5867840051651001,0.6325947642326355,-0.035328030586242676,0.551160454750061,0.6742008924484253,-0.041031040251255035,0.5519334077835083,0.7027447819709778,-0.03602151945233345,0.5577795505523682,0.7142661809921265,-0.032265037298202515,X
0.36894285678863525,0.7106366157531738,4.031788680691761e-09,0.4035567343235016,0.6792774200439453,0.0035352648701518774,0.43801483511924744,0.6453725099563599,-0.0022031120024621487,0.4644430875778198,0.63042151927948,-0.011216545477509499,0.48295554518699646,0.6290896534919739,-0.01982595957815647,0.45269912481307983,0.5820620059967041,-0.006692411378026009,0.48512595891952515,0.5466057062149048,-0.01852695643901825,0.5050830245018005,0.5168619751930237,-0.025487404316663742,0.5194880366325378,0.49185314774513245,-0.030485542491078377,0.4430968761444092,0.5896744728088379,-0.017736881971359253,0.4894007444381714,0.6441012620925903,-0.03356069698929787,0.47596821188926697,0.6671118140220642,-0.03393324837088585,0.4603552520275116,0.664234459400177,-0.03170869126915932,0.431156724691391,0.6138639450073242,-0.02866506390273571,0.47124215960502625,0.6714674830436707,-0.04075918719172478,0.45509710907936096,0.683114230632782,-0.0333128497004509,0.44219571352005005,0.673053503036499,-0.026839645579457283,0.4185929000377655,0.6444576978683472,-0.03999930992722511,0.4493418335914612,0.6901481747627258,-0.04387354478240013,0.43666326999664307,0.6999199986457825,-0.035909656435251236,0.42474010586738586,0.6891312003135681,-0.029596569016575813,X
0.6319726705551147,0.7214556932449341,-2.2667622090466466e-07,0.5920179486274719,0.698167085647583,0.007472488097846508,0.5616069436073303,0.6613907814025879,0.005552866030484438,0.5410743951797485,0.6346460580825806,7.744084723526612e-05,0.5266265273094177,0.6165101528167725,-0.005861257202923298,0.5558009743690491,0.5782884359359741,-0.0031708914320915937,0.5191546082496643,0.5334440469741821,-0.014164987951517105,0.4988895356655121,0.5126453638076782,-0.019971124827861786,0.48501887917518616,0.49384212493896484,-0.024414127692580223,0.5678992867469788,0.580204427242279,-0.013474943116307259,0.5180773138999939,0.6211461424827576,-0.026018664240837097,0.5244425535202026,0.6595525741577148,-0.02559787593781948,0.5384199619293213,0.6672223806381226,-0.02492106519639492,0.5784320831298828,0.6023575663566589,-0.023927459493279457,0.5343636870384216,0.6542966365814209,-0.03555814549326897,0.5410652756690979,0.6869640350341797,-0.029111655429005623,0.5521271228790283,0.6933106184005737,-0.02430940791964531,0.5876591205596924,0.632902979850769,-0.0341840535402298,0.5518409609794617,0.6710788011550903,-0.041910529136657715,0.5517576932907104,0.7009215354919434,-0.037475645542144775,0.5571053624153137,0.7150634527206421,-0.03339080885052681,X
0.36761194467544556,0.715384840965271,-4.9052824024897745e-09,0.4003784954547882,0.6817809343338013,0.004126477986574173,0.4347013831138611,0.6473636031150818,-0.0011028526350855827,0.46090778708457947,0.6323041915893555,-0.009838053956627846,0.47940927743911743,0.6311112642288208,-0.01822558417916298,0.4524560868740082,0.5847218036651611,-0.005180778447538614,0.48454105854034424,0.5491273403167725,-0.01699325069785118,0.5042988061904907,0.5185157060623169,-0.02406192012131214,0.5187752842903137,0.49313369393348694,-0.02908879518508911,0.44285082817077637,0.5916281938552856,-0.016605235636234283,0.4903835356235504,0.6453138589859009,-0.03255858272314072,0.47672608494758606,0.6686493754386902,-0.03308073431253433,0.46099239587783813,0.6666319966316223,-0.03074336051940918,0.431222528219223,0.6153278946876526,-0.02796938642859459,0.47181957960128784,0.6728904247283936,-0.039924923330545425,0.45530635118484497,0.6847511529922485,-0.032481513917446136,0.4426312744617462,0.6750417351722717,-0.02593911625444889,0.41909924149513245,0.6455150246620178,-0.03975044935941696,0.45055294036865234,0.6915434002876282,-0.0431683324277401,0.43710824847221375,0.7016672492027283,-0.03489260375499725,0.4249994158744812,0.691175639629364,-0.02838088758289814,X
0.6331652402877808,0.7227808237075806,-2.2478894834421226e-07,0.5947133898735046,0.7006592154502869,0.008974876254796982,0.5636827349662781,0.6627618074417114,0.007721112109720707,0.5422956347465515,0.6345468759536743,0.002775840926915407,0.5273044109344482,0.615510880947113,-0.0026374245062470436,0.5559177398681641,0.5827956795692444,-0.002620214130729437,0.5191682577133179,0.5366843342781067,-0.012748980894684792,0.5005457401275635,0.5136368870735168,-0.017923548817634583,0.48856329917907715,0.49151813983917236,-0.022097039967775345,0.5674709677696228,0.583340585231781,-0.013561339117586613,0.517069399356842,0.623623788356781,-0.024196680635213852,0.5239840745925903,0.6616664528846741,-0.022223660722374916,0.5383445024490356,0.6677824258804321,-0.02103208564221859,0.5773088335990906,0.6046685576438904,-0.024529561400413513,0.5330584049224854,0.6571096181869507,-0.033058155328035355,0.5404374599456787,0.6890141367912292,-0.02466074377298355,0.5517255663871765,0.6927714347839355,-0.019775791093707085,0.5859943628311157,0.634891927242279,-0.03546950966119766,0.5506561398506165,0.6750797629356384,-0.040824826806783676,0.5520327687263489,0.7036948800086975,-0.03528885915875435,0.5584763288497925,0.7149550318717957,-0.0311893317848444,X
0.36789098381996155,0.7166320085525513,-2.6670037289733273e-09,0.40061670541763306,0.6846978068351746,0.003534624120220542,0.4342629313468933,0.6499196290969849,-0.0020129363983869553,0.4598313271999359,0.633236825466156,-0.010870000347495079,0.478083074092865,0.6296989321708679,-0.019180435687303543,0.4514364004135132,0.5863320827484131,-0.006036859471350908,0.48384344577789307,0.5503440499305725,-0.018170049414038658,0.5037058591842651,0.5196110010147095,-0.024931712076067924,0.5182111263275146,0.49424833059310913,-0.02965564653277397,0.44182488322257996,0.5921029448509216,-0.01706545799970627,0.4897724986076355,0.644053041934967,-0.0338095985352993,0.476318359375,0.6673905253410339,-0.0341399684548378,0.46021416783332825,0.6656808257102966,-0.031308818608522415,0.43065139651298523,0.6148276925086975,-0.02813011035323143,0.47110939025878906,0.6726711392402649,-0.04061024636030197,0.45543792843818665,0.6849648356437683,-0.03348759561777115,0.4429192543029785,0.6751050353050232,-0.026994828134775162,0.4192696213722229,0.6451247930526733,-0.039630014449357986,0.44905906915664673,0.69319748878479,-0.04362194240093231,0.4356609880924225,0.7033370733261108,-0.03628018498420715,0.42385783791542053,0.6916590929031372,-0.030365053564310074,X
0.631766676902771,0.7222006320953369,-2.373181331449814e-07,0.5945454239845276,0.6983823776245117,0.008717812597751617,0.5636565089225769,0.661327600479126,0.007560161408036947,0.5425606369972229,0.634606659412384,0.0027481967117637396,0.5283955335617065,0.6159396171569824,-0.0024651128333061934,0.5548223257064819,0.5811696648597717,-0.0022515058517456055,0.5171594023704529,0.5370308756828308,-0.012902185320854187,0.4979380965232849,0.5153762698173523,-0.018572920933365822,0.4851343631744385,0.4949248433113098,-0.023007510229945183,0.5661378502845764,0.582175076007843,-0.01314537413418293,0.5163052082061768,0.6233490109443665,-0.02491087280213833,0.5250674486160278,0.6589875817298889,-0.023868907243013382,0.5399662852287292,0.6645776033401489,-0.02293921634554863,0.5759709477424622,0.6031998991966248,-0.024126039817929268,0.5330451130867004,0.6568390130996704,-0.033954229205846786,0.5426939129829407,0.6869891285896301,-0.02653670683503151,0.5547285676002502,0.689995288848877,-0.021741338074207306,0.5848782658576965,0.6325203776359558,-0.03498679772019386,0.5497995615005493,0.6746408939361572,-0.041242651641368866,0.5521662831306458,0.702825129032135,-0.03624024614691734,0.5587679147720337,0.7135952711105347,-0.03220115602016449,X
0.3677925169467926,0.7134450674057007,9.98258364859339e-09,0.40209344029426575,0.6797592639923096,0.004841512534767389,0.4361969232559204,0.6453650593757629,-0.0006559658795595169,0.46248552203178406,0.6313779354095459,-0.009763811714947224,0.4815477728843689,0.6297974586486816,-0.018495479598641396,0.4509252905845642,0.5834413766860962,-0.006446276791393757,0.48296284675598145,0.5479191541671753,-0.018869655206799507,0.503173828125,0.5169827342033386,-0.026106063276529312,0.5174697637557983,0.4911612272262573,-0.031227029860019684,0.44090333580970764,0.5904350280761719,-0.018292274326086044,0.48983094096183777,0.6428565979003906,-0.034532446414232254,0.4774233102798462,0.6662538051605225,-0.034737277776002884,0.46149855852127075,0.6635389924049377,-0.03225640207529068,0.42909637093544006,0.613984227180481,-0.02998063899576664,0.47120270133018494,0.6706315875053406,-0.04212229698896408,0.4563214182853699,0.6820843815803528,-0.03460798040032387,0.44342508912086487,0.6711301207542419,-0.0281270369887352,0.41709861159324646,0.6444756388664246,-0.041994061321020126,0.44850969314575195,0.6916696429252625,-0.045766498893499374,0.4366697371006012,0.700962245464325,-0.03790680319070816,0.4249730408191681,0.6890379190444946,-0.0317734032869339,X
0.6305080652236938,0.7218883037567139,-2.4619188820906857e-07,0.5928310751914978,0.6983085870742798,0.00884152576327324,0.5619748830795288,0.6608783602714539,0.007413273677229881,0.540547788143158,0.6329522132873535,0.0024220398627221584,0.5258607864379883,0.6133829951286316,-0.0028814496472477913,0.5556065440177917,0.5802205204963684,-0.0032301899045705795,0.518140971660614,0.533097505569458,-0.014234998263418674,0.49619176983833313,0.5168697834014893,-0.01947733946144581,0.4823856055736542,0.5037401914596558,-0.02320048026740551,0.5666053891181946,0.5821826457977295,-0.013973206281661987,0.5145348310470581,0.6199212074279785,-0.024705050513148308,0.5209773182868958,0.6579050421714783,-0.02222495712339878,0.535184919834137,0.6631152629852295,-0.0205964557826519,0.5758925676345825,0.6034809350967407,-0.02487976662814617,0.5308840274810791,0.6551418304443359,-0.03380214050412178,0.5378416180610657,0.6870554685592651,-0.02548232674598694,0.5489826202392578,0.6899904608726501,-0.02052355371415615,0.58419269323349,0.6323188543319702,-0.03569846972823143,0.5489699244499207,0.6724520921707153,-0.041230760514736176,0.5501807928085327,0.7016587257385254,-0.03589607775211334,0.5565854907035828,0.7125954627990723,-0.03194063901901245,X
0.3666659891605377,0.7177178859710693,-8.335278245397149e-09,0.4002980887889862,0.6870542168617249,0.0038554631173610687,0.43466877937316895,0.65142422914505,-0.0009636644390411675,0.46118462085723877,0.6337804198265076,-0.009113257750868797,0.47965341806411743,0.6287141442298889,-0.016663359478116035,0.44992849230766296,0.5883932709693909,-0.004485617857426405,0.48207417130470276,0.5509167313575745,-0.0159931518137455,0.5019859075546265,0.5205222368240356,-0.022107424214482307,0.5162162184715271,0.49562859535217285,-0.026224927976727486,0.4402390420436859,0.5948192477226257,-0.015242332592606544,0.4867684245109558,0.6452997326850891,-0.03128805756568909,0.47331416606903076,0.6689454317092896,-0.03144751116633415,0.45797091722488403,0.6676000356674194,-0.02849007211625576,0.4290034770965576,0.617391049861908,-0.026052184402942657,0.4681583046913147,0.6752116084098816,-0.03827126324176788,0.4522998332977295,0.6874601244926453,-0.03134715184569359,0.44013869762420654,0.6775403022766113,-0.024873245507478714,0.4175231456756592,0.6473042964935303,-0.03721919655799866,0.4467206299304962,0.6955357789993286,-0.04091385751962662,0.43304306268692017,0.7053425908088684,-0.03356679901480675,0.42114201188087463,0.6930539011955261,-0.02758348360657692,X
0.6277409791946411,0.7241697311401367,-2.3115109115678933e-07,0.5898117423057556,0.6989370584487915,0.007259164471179247,0.5600817799568176,0.6623821258544922,0.005671433173120022,0.5397375822067261,0.6362179517745972,0.0007692051585763693,0.5246106386184692,0.6188839673995972,-0.004547351971268654,0.5530211329460144,0.5822864174842834,-0.004070129245519638,0.516548752784729,0.5350000262260437,-0.015844646841287613,0.4943360388278961,0.5146034955978394,-0.022723564878106117,0.4780880808830261,0.4977931082248688,-0.027884015813469887,0.5648070573806763,0.5830097198486328,-0.014251203276216984,0.5155635476112366,0.6241765022277832,-0.02632107213139534,0.5216661691665649,0.6640323400497437,-0.025619279593229294,0.5352685451507568,0.672751247882843,-0.0250568725168705,0.5751031637191772,0.6046682596206665,-0.0246848426759243,0.5317054986953735,0.6567681431770325,-0.035180896520614624,0.5382120609283447,0.6900848746299744,-0.02808154933154583,0.5489880442619324,0.696682870388031,-0.023368140682578087,0.5845268964767456,0.6349471807479858,-0.035088662058115005,0.5495311617851257,0.6748986840248108,-0.041914086788892746,0.5494022369384766,0.7041464447975159,-0.03703029453754425,0.5549331903457642,0.7174513936042786,-0.03292355686426163,X
0.36649221181869507,0.7200366258621216,-1.1715189707217633e-08,0.39841586351394653,0.686114490032196,0.0037789184134453535,0.43312162160873413,0.6504040956497192,-0.00142704660538584,0.46044430136680603,0.6369126439094543,-0.00991739146411419,0.4793350100517273,0.6368905305862427,-0.01788097620010376,0.4503765404224396,0.586836040019989,-0.005101599730551243,0.48286473751068115,0.550529956817627,-0.016357045620679855,0.5024018883705139,0.5203027725219727,-0.022768747061491013,0.5165643095970154,0.4958071708679199,-0.027415335178375244,0.44135892391204834,0.5933496952056885,-0.016002830117940903,0.4869062006473541,0.6467452645301819,-0.03157535940408707,0.47259601950645447,0.6692301630973816,-0.03193216770887375,0.45700958371162415,0.6661026477813721,-0.02960505522787571,0.43027257919311523,0.6167824268341064,-0.02684403397142887,0.4697999954223633,0.6742351055145264,-0.03859265521168709,0.45347070693969727,0.6869462728500366,-0.031239941716194153,0.4411432147026062,0.6773053407669067,-0.024922454729676247,0.4184208810329437,0.6473335027694702,-0.03809130936861038,0.44807180762290955,0.6946873068809509,-0.04186056926846504,0.43432846665382385,0.7053340077400208,-0.03407737985253334,0.42248860001564026,0.6947497725486755,-0.02786979265511036,X
0.6318790912628174,0.7240533828735352,-2.4112506480378215e-07,0.5927162766456604,0.6967448592185974,0.010492964647710323,0.5607510805130005,0.6580777764320374,0.009189442731440067,0.5386791825294495,0.6312775611877441,0.0037824243772774935,0.5228325128555298,0.6121143698692322,-0.0022353767417371273,0.5544629693031311,0.5809804201126099,-0.0021014169324189425,0.5160344839096069,0.5362799167633057,-0.012516801245510578,0.49501392245292664,0.5172173976898193,-0.018028499558568,0.48110735416412354,0.4998874366283417,-0.02242601104080677,0.5657850503921509,0.582241952419281,-0.014024023897945881,0.5148837566375732,0.623599112033844,-0.02489686943590641,0.5220503807067871,0.6602563858032227,-0.023399757221341133,0.53662109375,0.6656796932220459,-0.02272811532020569,0.575623631477356,0.6039822101593018,-0.02581890858709812,0.5306505560874939,0.6571183204650879,-0.034649841487407684,0.5384847521781921,0.6891669631004333,-0.02639758214354515,0.5503597855567932,0.6934728622436523,-0.021630533039569855,0.584473729133606,0.6339825987815857,-0.0373699925839901,0.5476258993148804,0.6735161542892456,-0.04311330243945122,0.5493408441543579,0.7020858526229858,-0.0376194566488266,0.5565150380134583,0.7135032415390015,-0.0335385799407959,X
0.36707696318626404,0.71727454662323,-4.112540086254057e-09,0.4010324478149414,0.6868847608566284,0.004341521766036749,0.43425002694129944,0.651745080947876,-0.0004827519878745079,0.4588673710823059,0.6332855820655823,-0.008664634078741074,0.47669652104377747,0.6278011798858643,-0.01627901755273342,0.45084354281425476,0.5868133306503296,-0.005228715483099222,0.4828545153141022,0.5503189563751221,-0.016973527148365974,0.5027978420257568,0.5193971395492554,-0.02339446172118187,0.5168970823287964,0.49407124519348145,-0.02772423066198826,0.44154292345046997,0.5918814539909363,-0.016217702999711037,0.48944276571273804,0.6450855135917664,-0.03223755955696106,0.47626858949661255,0.669075608253479,-0.032319456338882446,0.4600526690483093,0.6678313612937927,-0.02926018089056015,0.43047866225242615,0.6143430471420288,-0.027174577116966248,0.4705086350440979,0.673541247844696,-0.03927017003297806,0.45508813858032227,0.6868041753768921,-0.03249076008796692,0.44271939992904663,0.6776372194290161,-0.02610795758664608,0.4192342460155487,0.6449508666992188,-0.038414377719163895,0.4484860301017761,0.6940591931343079,-0.04188211262226105,0.4357360601425171,0.7048642039299011,-0.03445523604750633,0.42433324456214905,0.6941136121749878,-0.02840668149292469,X
0.6296772360801697,0.722446620464325,-2.293711105494367e-07,0.5906590223312378,0.699420690536499,0.006726347375661135,0.5609371066093445,0.6633236408233643,0.00480272201821208,0.5405739545822144,0.6371249556541443,-0.0004983990802429616,0.5258527398109436,0.6195933222770691,-0.006197657901793718,0.5537952780723572,0.5816810727119446,-0.004097383935004473,0.5174388885498047,0.5355405211448669,-0.015629928559064865,0.49610835313796997,0.514106273651123,-0.02204911969602108,0.4806823134422302,0.4956556558609009,-0.026946494355797768,0.5659832954406738,0.5823273062705994,-0.014160403981804848,0.5165457129478455,0.6246922612190247,-0.027214573696255684,0.5227012038230896,0.6638931632041931,-0.026983315125107765,0.5362565517425537,0.672599732875824,-0.02637590281665325,0.5766903162002563,0.6037601828575134,-0.024447210133075714,0.5326212644577026,0.6561849117279053,-0.03621375933289528,0.5391088128089905,0.6898825168609619,-0.029591480270028114,0.5499207377433777,0.6970023512840271,-0.02469145692884922,0.5862127542495728,0.6340457797050476,-0.034675873816013336,0.5508390665054321,0.6725741028785706,-0.04261372610926628,0.5497928857803345,0.7031857967376709,-0.038261231034994125,0.5544859766960144,0.7178910970687866,-0.03420904278755188,X
0.36946460604667664,0.7145187854766846,-3.758753308602536e-09,0.40264657139778137,0.6818633079528809,0.0029878646600991488,0.4365428388118744,0.6486532688140869,-0.002587530529126525,0.4635710120201111,0.6354929804801941,-0.0114265913143754,0.48255255818367004,0.6358120441436768,-0.019910631701350212,0.45124614238739014,0.5870553255081177,-0.006457718089222908,0.48346763849258423,0.5509386658668518,-0.018546560779213905,0.5032260417938232,0.5208983421325684,-0.025699550285935402,0.5177432894706726,0.4961099624633789,-0.030709872022271156,0.441427081823349,0.5946998596191406,-0.017153285443782806,0.48641639947891235,0.6472790837287903,-0.03354679420590401,0.4729785621166229,0.6685143709182739,-0.034721653908491135,0.4577241837978363,0.6654514074325562,-0.03277759626507759,0.42957496643066406,0.6188905239105225,-0.027794571593403816,0.4677141010761261,0.6753732562065125,-0.040189046412706375,0.4516768157482147,0.6860817074775696,-0.03345106914639473,0.439744770526886,0.6760732531547546,-0.027162199839949608,0.4172112047672272,0.6493574380874634,-0.03889203444123268,0.44645944237709045,0.6936010718345642,-0.04263592138886452,0.4344727396965027,0.7027734518051147,-0.03493157774209976,0.4239065647125244,0.6928796768188477,-0.02864912711083889,X
0.6317960023880005,0.7217658758163452,-2.3391324077692843e-07,0.5946412682533264,0.6977970004081726,0.00823167059570551,0.5641483068466187,0.6625756621360779,0.006814213469624519,0.5435164570808411,0.6369253396987915,0.001801533973775804,0.5283085703849792,0.6200351715087891,-0.0037856665439903736,0.5554659366607666,0.5816089510917664,-0.003271963680163026,0.5182273983955383,0.5369584560394287,-0.014273139648139477,0.4972150921821594,0.5149438381195068,-0.020799996331334114,0.48199254274368286,0.49598509073257446,-0.025953564792871475,0.5670590996742249,0.5830856561660767,-0.013854986056685448,0.5177297592163086,0.6245062947273254,-0.025675132870674133,0.5246389508247375,0.6626026630401611,-0.025127556174993515,0.5385750532150269,0.6707362532615662,-0.024700194597244263,0.5772426128387451,0.605089008808136,-0.024472719058394432,0.5337914824485779,0.6564391255378723,-0.03468310832977295,0.5406468510627747,0.6887348890304565,-0.027786312624812126,0.5515599250793457,0.6955870985984802,-0.023263078182935715,0.5867332816123962,0.6355893611907959,-0.03493751958012581,0.5515324473381042,0.6740995645523071,-0.04207203909754753,0.5509271621704102,0.7037116885185242,-0.037507399916648865,0.555803656578064,0.7183687686920166,-0.03357762470841408,X
0.3675629496574402,0.7144169211387634,3.3271504995546763e-10,0.3999302089214325,0.6831868290901184,0.0035129371099174023,0.4328565299510956,0.6504038572311401,-0.0016496735624969006,0.4581599831581116,0.6353102922439575,-0.01002430822700262,0.475477010011673,0.6327246427536011,-0.017853714525699615,0.4504322111606598,0.5856931805610657,-0.005785660818219185,0.48337092995643616,0.5509365797042847,-0.017288723960518837,0.5032629370689392,0.5206823945045471,-0.023907238617539406,0.5174131989479065,0.4953222870826721,-0.028577251359820366,0.441819965839386,0.5922461748123169,-0.016385704278945923,0.4881524443626404,0.6449506282806396,-0.03191189840435982,0.47515320777893066,0.6672565937042236,-0.03224363923072815,0.4594937562942505,0.6650245785713196,-0.029769331216812134,0.43108269572257996,0.6161521673202515,-0.02694590575993061,0.4697561264038086,0.6732962131500244,-0.038361020386219025,0.45443034172058105,0.6853264570236206,-0.03138041868805885,0.4421840012073517,0.6762667298316956,-0.02521129883825779,0.41972485184669495,0.6471260190010071,-0.03795437887310982,0.44785428047180176,0.6942340135574341,-0.04123157262802124,0.4350595474243164,0.7035223245620728,-0.03378893435001373,0.42375826835632324,0.6926259994506836,-0.027850188314914703,X
